page,date,clicks,impr,pos
/,2026-07-20,10,3006,6.67
/,2026-07-21,8,1719,6.24
/,2026-07-22,3,1897,3.99
/,2026-07-23,11,1738,4.11
/,2026-07-24,9,2055,3.75
/,2026-07-25,2,1885,4.15
/,2026-07-26,4,1760,4.56
/,2026-07-27,12,3371,4.34
/,2026-07-28,8,2002,6.71
/,2026-07-29,6,1914,4.71
/,2026-07-30,3,2072,6.13
/,2026-07-31,8,3627,5.4
/,2026-08-01,5,3199,3.87
/,2026-08-02,3,2264,4.39
/,2026-08-03,11,2542,4.74
/,2026-08-04,10,1470,5.98
/,2026-08-05,5,1604,4.63
/,2026-08-06,8,1850,4.86
/,2026-08-07,9,1306,4.1
/,2026-08-08,1,1601,3.81
/,2026-08-09,2,1729,3.97
/,2026-08-10,12,2360,4.37
/,2026-08-11,7,1584,4.36
/,2026-08-12,8,1713,2.49
/,2026-08-13,4,1748,3.21
/,2026-08-14,5,1374,2.99
/,2026-08-15,1,1529,2.15
/,2026-08-16,3,1725,2.51
/,2026-08-17,5,2419,4.21
/,2026-08-18,7,2126,4.21
/,2026-08-19,11,1652,2.58
/,2026-08-20,14,2091,2.44
/,2026-08-21,6,878,3.05
/,2026-08-22,2,41,21
/,2026-08-23,1,29,32.24
/,2026-08-24,2,66,15.73
/,2026-08-25,5,72,13.26
/,2026-08-26,5,83,13.52
/,2026-08-27,7,86,20.71
/,2026-08-28,5,71,15.49
/,2026-08-29,2,57,14.44
/,2026-08-30,1,76,17.58
/,2026-08-31,6,103,19.42
/,2026-09-01,2,71,15.82
/,2026-09-02,7,136,7.76
/,2026-09-03,3,80,12.62
/,2026-09-04,5,77,9.6
/,2026-09-05,2,47,15.77
/,2026-09-06,0,53,27.7
/,2026-09-07,3,55,17.29
/,2026-09-08,7,112,7.61
/,2026-09-09,4,76,11.38
/,2026-09-10,7,87,7.48
/,2026-09-11,6,71,12.51
/,2026-09-12,3,52,18.38
/,2026-09-13,1,51,15.8
/,2026-09-14,4,117,6.4
/,2026-09-15,4,109,13.36
/,2026-09-16,4,51,7.67
/,2026-09-17,8,127,5.37
/,2026-09-18,7,1144,3.79
/,2026-09-19,4,1428,2.19
/,2026-09-20,0,1434,1.75
/,2026-09-21,9,1667,3.54
/blog/blind-spot-accidents/,2026-07-20,0,11,20.82
/blog/blind-spot-accidents/,2026-07-21,0,15,9.47
/blog/blind-spot-accidents/,2026-07-22,0,27,6.52
/blog/blind-spot-accidents/,2026-07-23,0,9,8
/blog/blind-spot-accidents/,2026-07-24,1,11,4.09
/blog/blind-spot-accidents/,2026-07-25,0,9,3.56
/blog/blind-spot-accidents/,2026-07-26,0,14,21.36
/blog/blind-spot-accidents/,2026-07-27,0,10,12.7
/blog/blind-spot-accidents/,2026-07-28,0,17,13.06
/blog/blind-spot-accidents/,2026-07-29,0,18,10.61
/blog/blind-spot-accidents/,2026-07-30,0,21,13.57
/blog/blind-spot-accidents/,2026-07-31,0,17,33.29
/blog/blind-spot-accidents/,2026-08-01,0,16,15.19
/blog/blind-spot-accidents/,2026-08-02,0,16,10.81
/blog/blind-spot-accidents/,2026-08-03,0,18,17.17
/blog/blind-spot-accidents/,2026-08-04,0,18,8.5
/blog/blind-spot-accidents/,2026-08-05,0,17,18.41
/blog/blind-spot-accidents/,2026-08-06,0,11,9.64
/blog/blind-spot-accidents/,2026-08-07,0,18,15.06
/blog/blind-spot-accidents/,2026-08-08,0,10,12
/blog/blind-spot-accidents/,2026-08-09,0,8,20.25
/blog/blind-spot-accidents/,2026-08-10,0,28,12.75
/blog/blind-spot-accidents/,2026-08-11,0,28,7.32
/blog/blind-spot-accidents/,2026-08-12,0,16,15
/blog/blind-spot-accidents/,2026-08-13,0,38,18.74
/blog/blind-spot-accidents/,2026-08-14,0,21,18.33
/blog/blind-spot-accidents/,2026-08-15,0,17,23.12
/blog/blind-spot-accidents/,2026-08-16,0,8,13.12
/blog/blind-spot-accidents/,2026-08-17,0,28,16.18
/blog/blind-spot-accidents/,2026-08-18,0,10,10.5
/blog/blind-spot-accidents/,2026-08-19,0,14,6.64
/blog/blind-spot-accidents/,2026-08-20,0,23,19.83
/blog/blind-spot-accidents/,2026-08-21,0,13,12.69
/blog/blind-spot-accidents/,2026-08-22,0,3,21.67
/blog/blind-spot-accidents/,2026-08-23,0,7,18.57
/blog/blind-spot-accidents/,2026-08-24,0,9,33.67
/blog/blind-spot-accidents/,2026-08-25,0,19,49.74
/blog/blind-spot-accidents/,2026-08-26,0,16,31.19
/blog/blind-spot-accidents/,2026-08-27,0,9,14.89
/blog/blind-spot-accidents/,2026-08-28,0,11,15.45
/blog/blind-spot-accidents/,2026-08-29,0,10,19.8
/blog/blind-spot-accidents/,2026-08-30,0,7,19.14
/blog/blind-spot-accidents/,2026-08-31,1,9,14.33
/blog/blind-spot-accidents/,2026-09-01,0,7,12.43
/blog/blind-spot-accidents/,2026-09-02,0,12,16.58
/blog/blind-spot-accidents/,2026-09-03,0,17,14.41
/blog/blind-spot-accidents/,2026-09-04,0,11,15
/blog/blind-spot-accidents/,2026-09-05,0,8,10.25
/blog/blind-spot-accidents/,2026-09-06,0,11,21.45
/blog/blind-spot-accidents/,2026-09-07,0,9,16.33
/blog/blind-spot-accidents/,2026-09-08,0,11,11.45
/blog/blind-spot-accidents/,2026-09-09,0,13,15.31
/blog/blind-spot-accidents/,2026-09-10,0,16,5.75
/blog/blind-spot-accidents/,2026-09-11,0,9,8.56
/blog/blind-spot-accidents/,2026-09-12,0,14,21.36
/blog/blind-spot-accidents/,2026-09-13,0,11,14.18
/blog/blind-spot-accidents/,2026-09-14,0,17,7.59
/blog/blind-spot-accidents/,2026-09-15,0,13,9.46
/blog/blind-spot-accidents/,2026-09-16,0,8,23.25
/blog/blind-spot-accidents/,2026-09-17,0,17,7.41
/blog/blind-spot-accidents/,2026-09-18,0,8,7
/blog/blind-spot-accidents/,2026-09-19,0,11,6.27
/blog/blind-spot-accidents/,2026-09-20,0,12,14.58
/blog/blind-spot-accidents/,2026-09-21,0,19,10.42
/blog/can-an-insurance-company-go-against-a-police-report/,2026-07-20,0,66,8.17
/blog/can-an-insurance-company-go-against-a-police-report/,2026-07-21,0,53,9.32
/blog/can-an-insurance-company-go-against-a-police-report/,2026-07-22,0,58,9.79
/blog/can-an-insurance-company-go-against-a-police-report/,2026-07-23,1,51,13.25
/blog/can-an-insurance-company-go-against-a-police-report/,2026-07-24,0,56,7.2
/blog/can-an-insurance-company-go-against-a-police-report/,2026-07-25,0,40,11.35
/blog/can-an-insurance-company-go-against-a-police-report/,2026-07-26,0,47,10.15
/blog/can-an-insurance-company-go-against-a-police-report/,2026-07-27,0,56,13.07
/blog/can-an-insurance-company-go-against-a-police-report/,2026-07-28,0,46,12.52
/blog/can-an-insurance-company-go-against-a-police-report/,2026-07-29,1,57,13.53
/blog/can-an-insurance-company-go-against-a-police-report/,2026-07-30,0,60,9.73
/blog/can-an-insurance-company-go-against-a-police-report/,2026-07-31,0,48,12.69
/blog/can-an-insurance-company-go-against-a-police-report/,2026-08-01,0,30,20.8
/blog/can-an-insurance-company-go-against-a-police-report/,2026-08-02,0,51,15.16
/blog/can-an-insurance-company-go-against-a-police-report/,2026-08-03,1,82,10.37
/blog/can-an-insurance-company-go-against-a-police-report/,2026-08-04,0,50,10.86
/blog/can-an-insurance-company-go-against-a-police-report/,2026-08-05,0,67,9.88
/blog/can-an-insurance-company-go-against-a-police-report/,2026-08-06,0,51,11.67
/blog/can-an-insurance-company-go-against-a-police-report/,2026-08-07,0,52,11.52
/blog/can-an-insurance-company-go-against-a-police-report/,2026-08-08,0,28,9.21
/blog/can-an-insurance-company-go-against-a-police-report/,2026-08-09,0,37,10.81
/blog/can-an-insurance-company-go-against-a-police-report/,2026-08-10,1,57,13.26
/blog/can-an-insurance-company-go-against-a-police-report/,2026-08-11,0,64,8.72
/blog/can-an-insurance-company-go-against-a-police-report/,2026-08-12,0,63,9.06
/blog/can-an-insurance-company-go-against-a-police-report/,2026-08-13,0,78,9.71
/blog/can-an-insurance-company-go-against-a-police-report/,2026-08-14,0,46,10.43
/blog/can-an-insurance-company-go-against-a-police-report/,2026-08-15,1,26,9.92
/blog/can-an-insurance-company-go-against-a-police-report/,2026-08-16,0,39,11.03
/blog/can-an-insurance-company-go-against-a-police-report/,2026-08-17,0,64,9.88
/blog/can-an-insurance-company-go-against-a-police-report/,2026-08-18,0,65,7.2
/blog/can-an-insurance-company-go-against-a-police-report/,2026-08-19,0,50,6
/blog/can-an-insurance-company-go-against-a-police-report/,2026-08-20,0,35,10.46
/blog/can-an-insurance-company-go-against-a-police-report/,2026-08-21,1,53,13.04
/blog/can-an-insurance-company-go-against-a-police-report/,2026-08-22,0,20,11.75
/blog/can-an-insurance-company-go-against-a-police-report/,2026-08-23,0,30,11.27
/blog/can-an-insurance-company-go-against-a-police-report/,2026-08-24,0,24,14.17
/blog/can-an-insurance-company-go-against-a-police-report/,2026-08-25,0,26,12.15
/blog/can-an-insurance-company-go-against-a-police-report/,2026-08-26,0,35,8.51
/blog/can-an-insurance-company-go-against-a-police-report/,2026-08-27,0,27,22.74
/blog/can-an-insurance-company-go-against-a-police-report/,2026-08-28,0,29,10.07
/blog/can-an-insurance-company-go-against-a-police-report/,2026-08-29,0,29,25.24
/blog/can-an-insurance-company-go-against-a-police-report/,2026-08-30,0,20,22.5
/blog/can-an-insurance-company-go-against-a-police-report/,2026-08-31,0,31,15
/blog/can-an-insurance-company-go-against-a-police-report/,2026-09-01,0,35,11.2
/blog/can-an-insurance-company-go-against-a-police-report/,2026-09-02,0,67,9.94
/blog/can-an-insurance-company-go-against-a-police-report/,2026-09-03,0,37,7.43
/blog/can-an-insurance-company-go-against-a-police-report/,2026-09-04,0,26,8.08
/blog/can-an-insurance-company-go-against-a-police-report/,2026-09-05,0,22,7.5
/blog/can-an-insurance-company-go-against-a-police-report/,2026-09-06,0,36,11.5
/blog/can-an-insurance-company-go-against-a-police-report/,2026-09-07,0,32,8.91
/blog/can-an-insurance-company-go-against-a-police-report/,2026-09-08,0,55,6.78
/blog/can-an-insurance-company-go-against-a-police-report/,2026-09-09,0,50,7.44
/blog/can-an-insurance-company-go-against-a-police-report/,2026-09-10,0,46,7.39
/blog/can-an-insurance-company-go-against-a-police-report/,2026-09-11,0,52,8.31
/blog/can-an-insurance-company-go-against-a-police-report/,2026-09-12,0,35,5.91
/blog/can-an-insurance-company-go-against-a-police-report/,2026-09-13,0,43,10.35
/blog/can-an-insurance-company-go-against-a-police-report/,2026-09-14,1,50,7.62
/blog/can-an-insurance-company-go-against-a-police-report/,2026-09-15,1,56,6.66
/blog/can-an-insurance-company-go-against-a-police-report/,2026-09-16,0,53,8.57
/blog/can-an-insurance-company-go-against-a-police-report/,2026-09-17,0,40,6.9
/blog/can-an-insurance-company-go-against-a-police-report/,2026-09-18,0,44,7.14
/blog/can-an-insurance-company-go-against-a-police-report/,2026-09-19,0,20,6.45
/blog/can-an-insurance-company-go-against-a-police-report/,2026-09-20,1,22,7.05
/blog/can-an-insurance-company-go-against-a-police-report/,2026-09-21,1,41,8.9
/blog/can-someone-sue-me-for-a-car-accident/,2026-07-20,0,74,10.09
/blog/can-someone-sue-me-for-a-car-accident/,2026-07-21,0,101,10.96
/blog/can-someone-sue-me-for-a-car-accident/,2026-07-22,0,60,9.32
/blog/can-someone-sue-me-for-a-car-accident/,2026-07-23,1,30,11.63
/blog/can-someone-sue-me-for-a-car-accident/,2026-07-24,1,39,13.72
/blog/can-someone-sue-me-for-a-car-accident/,2026-07-25,1,42,34.69
/blog/can-someone-sue-me-for-a-car-accident/,2026-07-26,0,31,27.87
/blog/can-someone-sue-me-for-a-car-accident/,2026-07-27,0,39,20.23
/blog/can-someone-sue-me-for-a-car-accident/,2026-07-28,0,48,17.29
/blog/can-someone-sue-me-for-a-car-accident/,2026-07-29,0,45,18.96
/blog/can-someone-sue-me-for-a-car-accident/,2026-07-30,0,58,15.36
/blog/can-someone-sue-me-for-a-car-accident/,2026-07-31,0,38,20.68
/blog/can-someone-sue-me-for-a-car-accident/,2026-08-01,0,35,17.14
/blog/can-someone-sue-me-for-a-car-accident/,2026-08-02,0,47,32.57
/blog/can-someone-sue-me-for-a-car-accident/,2026-08-03,0,59,11.29
/blog/can-someone-sue-me-for-a-car-accident/,2026-08-04,2,59,8.85
/blog/can-someone-sue-me-for-a-car-accident/,2026-08-05,0,57,11.95
/blog/can-someone-sue-me-for-a-car-accident/,2026-08-06,0,70,10.13
/blog/can-someone-sue-me-for-a-car-accident/,2026-08-07,0,62,12.48
/blog/can-someone-sue-me-for-a-car-accident/,2026-08-08,0,47,10.72
/blog/can-someone-sue-me-for-a-car-accident/,2026-08-09,0,41,21.59
/blog/can-someone-sue-me-for-a-car-accident/,2026-08-10,0,73,11.05
/blog/can-someone-sue-me-for-a-car-accident/,2026-08-11,0,80,12.44
/blog/can-someone-sue-me-for-a-car-accident/,2026-08-12,1,124,9.8
/blog/can-someone-sue-me-for-a-car-accident/,2026-08-13,0,166,12.43
/blog/can-someone-sue-me-for-a-car-accident/,2026-08-14,0,74,9.74
/blog/can-someone-sue-me-for-a-car-accident/,2026-08-15,0,39,8.56
/blog/can-someone-sue-me-for-a-car-accident/,2026-08-16,0,46,14.11
/blog/can-someone-sue-me-for-a-car-accident/,2026-08-17,0,53,7.11
/blog/can-someone-sue-me-for-a-car-accident/,2026-08-18,0,53,4.79
/blog/can-someone-sue-me-for-a-car-accident/,2026-08-19,1,48,8.38
/blog/can-someone-sue-me-for-a-car-accident/,2026-08-20,0,47,12.98
/blog/can-someone-sue-me-for-a-car-accident/,2026-08-21,0,63,13.14
/blog/can-someone-sue-me-for-a-car-accident/,2026-08-22,0,54,18.3
/blog/can-someone-sue-me-for-a-car-accident/,2026-08-23,0,58,17.72
/blog/can-someone-sue-me-for-a-car-accident/,2026-08-24,0,63,16.19
/blog/can-someone-sue-me-for-a-car-accident/,2026-08-25,0,129,19.58
/blog/can-someone-sue-me-for-a-car-accident/,2026-08-26,0,57,18.11
/blog/can-someone-sue-me-for-a-car-accident/,2026-08-27,0,48,41.46
/blog/can-someone-sue-me-for-a-car-accident/,2026-08-28,0,34,41.03
/blog/can-someone-sue-me-for-a-car-accident/,2026-08-29,0,25,40.96
/blog/can-someone-sue-me-for-a-car-accident/,2026-08-30,0,44,51.45
/blog/can-someone-sue-me-for-a-car-accident/,2026-08-31,0,50,39.18
/blog/can-someone-sue-me-for-a-car-accident/,2026-09-01,0,44,36.23
/blog/can-someone-sue-me-for-a-car-accident/,2026-09-02,0,38,24.97
/blog/can-someone-sue-me-for-a-car-accident/,2026-09-03,0,32,33.53
/blog/can-someone-sue-me-for-a-car-accident/,2026-09-04,0,45,27.84
/blog/can-someone-sue-me-for-a-car-accident/,2026-09-05,0,30,31.17
/blog/can-someone-sue-me-for-a-car-accident/,2026-09-06,0,38,34.24
/blog/can-someone-sue-me-for-a-car-accident/,2026-09-07,0,36,20.5
/blog/can-someone-sue-me-for-a-car-accident/,2026-09-08,0,120,13.91
/blog/can-someone-sue-me-for-a-car-accident/,2026-09-09,0,95,10.85
/blog/can-someone-sue-me-for-a-car-accident/,2026-09-10,0,62,10.69
/blog/can-someone-sue-me-for-a-car-accident/,2026-09-11,0,67,10.76
/blog/can-someone-sue-me-for-a-car-accident/,2026-09-12,0,39,10.31
/blog/can-someone-sue-me-for-a-car-accident/,2026-09-13,0,65,15.32
/blog/can-someone-sue-me-for-a-car-accident/,2026-09-14,0,58,9.28
/blog/can-someone-sue-me-for-a-car-accident/,2026-09-15,0,86,11.09
/blog/can-someone-sue-me-for-a-car-accident/,2026-09-16,0,70,10.91
/blog/can-someone-sue-me-for-a-car-accident/,2026-09-17,0,69,10.48
/blog/can-someone-sue-me-for-a-car-accident/,2026-09-18,0,65,9.45
/blog/can-someone-sue-me-for-a-car-accident/,2026-09-19,0,33,12.21
/blog/can-someone-sue-me-for-a-car-accident/,2026-09-20,0,44,9.34
/blog/can-someone-sue-me-for-a-car-accident/,2026-09-21,1,59,10.75
/blog/commercial-truck-accidents-who-is-at-fault/,2026-07-20,0,23,8.09
/blog/commercial-truck-accidents-who-is-at-fault/,2026-07-21,0,22,20.86
/blog/commercial-truck-accidents-who-is-at-fault/,2026-07-22,0,22,8.36
/blog/commercial-truck-accidents-who-is-at-fault/,2026-07-23,0,18,2.94
/blog/commercial-truck-accidents-who-is-at-fault/,2026-07-24,0,19,10.53
/blog/commercial-truck-accidents-who-is-at-fault/,2026-07-25,0,13,10.31
/blog/commercial-truck-accidents-who-is-at-fault/,2026-07-26,1,11,13.64
/blog/commercial-truck-accidents-who-is-at-fault/,2026-07-27,0,27,10.56
/blog/commercial-truck-accidents-who-is-at-fault/,2026-07-28,0,30,10.87
/blog/commercial-truck-accidents-who-is-at-fault/,2026-07-29,0,25,4.96
/blog/commercial-truck-accidents-who-is-at-fault/,2026-07-30,0,27,22.22
/blog/commercial-truck-accidents-who-is-at-fault/,2026-07-31,1,64,29.59
/blog/commercial-truck-accidents-who-is-at-fault/,2026-08-01,0,21,22.62
/blog/commercial-truck-accidents-who-is-at-fault/,2026-08-02,0,25,13.68
/blog/commercial-truck-accidents-who-is-at-fault/,2026-08-03,0,34,6.68
/blog/commercial-truck-accidents-who-is-at-fault/,2026-08-04,0,34,12.15
/blog/commercial-truck-accidents-who-is-at-fault/,2026-08-05,0,36,9.08
/blog/commercial-truck-accidents-who-is-at-fault/,2026-08-06,0,32,8.62
/blog/commercial-truck-accidents-who-is-at-fault/,2026-08-07,0,35,8.31
/blog/commercial-truck-accidents-who-is-at-fault/,2026-08-08,0,23,19.43
/blog/commercial-truck-accidents-who-is-at-fault/,2026-08-09,0,20,15.55
/blog/commercial-truck-accidents-who-is-at-fault/,2026-08-10,0,38,11.74
/blog/commercial-truck-accidents-who-is-at-fault/,2026-08-11,0,44,9.34
/blog/commercial-truck-accidents-who-is-at-fault/,2026-08-12,0,22,4.82
/blog/commercial-truck-accidents-who-is-at-fault/,2026-08-13,0,21,12.67
/blog/commercial-truck-accidents-who-is-at-fault/,2026-08-14,0,34,22.26
/blog/commercial-truck-accidents-who-is-at-fault/,2026-08-15,0,14,4.07
/blog/commercial-truck-accidents-who-is-at-fault/,2026-08-16,0,15,10.13
/blog/commercial-truck-accidents-who-is-at-fault/,2026-08-17,0,7,3.71
/blog/commercial-truck-accidents-who-is-at-fault/,2026-08-18,0,21,9.05
/blog/commercial-truck-accidents-who-is-at-fault/,2026-08-19,0,27,11.19
/blog/commercial-truck-accidents-who-is-at-fault/,2026-08-20,1,13,2.23
/blog/commercial-truck-accidents-who-is-at-fault/,2026-08-21,0,24,5.5
/blog/commercial-truck-accidents-who-is-at-fault/,2026-08-22,0,5,14.4
/blog/commercial-truck-accidents-who-is-at-fault/,2026-08-23,0,18,9.5
/blog/commercial-truck-accidents-who-is-at-fault/,2026-08-24,0,14,9.07
/blog/commercial-truck-accidents-who-is-at-fault/,2026-08-25,0,18,23.22
/blog/commercial-truck-accidents-who-is-at-fault/,2026-08-26,0,21,22.29
/blog/commercial-truck-accidents-who-is-at-fault/,2026-08-27,0,21,4.29
/blog/commercial-truck-accidents-who-is-at-fault/,2026-08-28,0,11,2.36
/blog/commercial-truck-accidents-who-is-at-fault/,2026-08-29,0,13,7.69
/blog/commercial-truck-accidents-who-is-at-fault/,2026-08-30,0,7,21
/blog/commercial-truck-accidents-who-is-at-fault/,2026-08-31,0,9,6.44
/blog/commercial-truck-accidents-who-is-at-fault/,2026-09-01,0,9,17.33
/blog/commercial-truck-accidents-who-is-at-fault/,2026-09-02,0,23,4.17
/blog/commercial-truck-accidents-who-is-at-fault/,2026-09-03,0,8,3.88
/blog/commercial-truck-accidents-who-is-at-fault/,2026-09-04,0,21,5.38
/blog/commercial-truck-accidents-who-is-at-fault/,2026-09-05,0,13,4.69
/blog/commercial-truck-accidents-who-is-at-fault/,2026-09-06,0,16,9.94
/blog/commercial-truck-accidents-who-is-at-fault/,2026-09-07,0,10,5.4
/blog/commercial-truck-accidents-who-is-at-fault/,2026-09-08,0,19,5.84
/blog/commercial-truck-accidents-who-is-at-fault/,2026-09-09,0,9,4.33
/blog/commercial-truck-accidents-who-is-at-fault/,2026-09-10,0,12,3.58
/blog/commercial-truck-accidents-who-is-at-fault/,2026-09-11,0,23,4.83
/blog/commercial-truck-accidents-who-is-at-fault/,2026-09-12,0,4,7.5
/blog/commercial-truck-accidents-who-is-at-fault/,2026-09-13,0,15,5.2
/blog/commercial-truck-accidents-who-is-at-fault/,2026-09-14,0,23,3.78
/blog/commercial-truck-accidents-who-is-at-fault/,2026-09-15,0,20,4.85
/blog/commercial-truck-accidents-who-is-at-fault/,2026-09-16,0,17,7.29
/blog/commercial-truck-accidents-who-is-at-fault/,2026-09-17,0,10,3.1
/blog/commercial-truck-accidents-who-is-at-fault/,2026-09-18,0,13,6.69
/blog/commercial-truck-accidents-who-is-at-fault/,2026-09-19,0,6,5.67
/blog/commercial-truck-accidents-who-is-at-fault/,2026-09-20,0,8,9.12
/blog/commercial-truck-accidents-who-is-at-fault/,2026-09-21,0,20,10.9
/blog/continuing-post-accident-medical-treatment/,2026-07-20,0,4,1.25
/blog/continuing-post-accident-medical-treatment/,2026-07-21,0,2,2
/blog/continuing-post-accident-medical-treatment/,2026-07-22,0,4,4.75
/blog/continuing-post-accident-medical-treatment/,2026-07-23,0,7,3.71
/blog/continuing-post-accident-medical-treatment/,2026-07-24,1,4,1.75
/blog/continuing-post-accident-medical-treatment/,2026-07-25,0,2,61.5
/blog/continuing-post-accident-medical-treatment/,2026-07-26,0,5,13.8
/blog/continuing-post-accident-medical-treatment/,2026-07-27,0,7,7.86
/blog/continuing-post-accident-medical-treatment/,2026-07-28,0,11,24.55
/blog/continuing-post-accident-medical-treatment/,2026-07-29,0,9,18.78
/blog/continuing-post-accident-medical-treatment/,2026-07-30,0,13,15.62
/blog/continuing-post-accident-medical-treatment/,2026-07-31,0,11,28.73
/blog/continuing-post-accident-medical-treatment/,2026-08-01,0,5,16.2
/blog/continuing-post-accident-medical-treatment/,2026-08-02,0,6,22.33
/blog/continuing-post-accident-medical-treatment/,2026-08-03,1,8,17.62
/blog/continuing-post-accident-medical-treatment/,2026-08-04,0,6,3.83
/blog/continuing-post-accident-medical-treatment/,2026-08-05,0,14,12.5
/blog/continuing-post-accident-medical-treatment/,2026-08-06,0,18,3.94
/blog/continuing-post-accident-medical-treatment/,2026-08-07,0,3,14.67
/blog/continuing-post-accident-medical-treatment/,2026-08-08,0,2,28.5
/blog/continuing-post-accident-medical-treatment/,2026-08-09,0,3,1.33
/blog/continuing-post-accident-medical-treatment/,2026-08-10,0,10,9.6
/blog/continuing-post-accident-medical-treatment/,2026-08-11,0,7,13.57
/blog/continuing-post-accident-medical-treatment/,2026-08-12,0,19,10.63
/blog/continuing-post-accident-medical-treatment/,2026-08-13,0,24,5.67
/blog/continuing-post-accident-medical-treatment/,2026-08-14,1,13,3.85
/blog/continuing-post-accident-medical-treatment/,2026-08-15,0,67,3.97
/blog/continuing-post-accident-medical-treatment/,2026-08-16,0,95,5.34
/blog/continuing-post-accident-medical-treatment/,2026-08-17,0,141,3.73
/blog/continuing-post-accident-medical-treatment/,2026-08-18,0,159,3.41
/blog/continuing-post-accident-medical-treatment/,2026-08-19,0,117,2.94
/blog/continuing-post-accident-medical-treatment/,2026-08-20,0,16,42.12
/blog/continuing-post-accident-medical-treatment/,2026-08-21,0,10,12.4
/blog/continuing-post-accident-medical-treatment/,2026-08-22,0,11,31.27
/blog/continuing-post-accident-medical-treatment/,2026-08-23,0,4,54
/blog/continuing-post-accident-medical-treatment/,2026-08-24,0,5,25.4
/blog/continuing-post-accident-medical-treatment/,2026-08-25,0,12,52.75
/blog/continuing-post-accident-medical-treatment/,2026-08-26,0,16,59.25
/blog/continuing-post-accident-medical-treatment/,2026-08-27,0,4,5.75
/blog/continuing-post-accident-medical-treatment/,2026-08-28,0,6,39.67
/blog/continuing-post-accident-medical-treatment/,2026-08-29,0,16,32.06
/blog/continuing-post-accident-medical-treatment/,2026-08-30,0,5,44.6
/blog/continuing-post-accident-medical-treatment/,2026-08-31,0,7,15.86
/blog/continuing-post-accident-medical-treatment/,2026-09-01,1,12,22.08
/blog/continuing-post-accident-medical-treatment/,2026-09-02,0,11,19.45
/blog/continuing-post-accident-medical-treatment/,2026-09-03,0,11,13.82
/blog/continuing-post-accident-medical-treatment/,2026-09-04,0,16,16.62
/blog/continuing-post-accident-medical-treatment/,2026-09-05,0,2,6.5
/blog/continuing-post-accident-medical-treatment/,2026-09-06,0,7,7
/blog/continuing-post-accident-medical-treatment/,2026-09-07,0,11,24.36
/blog/continuing-post-accident-medical-treatment/,2026-09-08,0,11,12.64
/blog/continuing-post-accident-medical-treatment/,2026-09-09,0,15,14.53
/blog/continuing-post-accident-medical-treatment/,2026-09-10,0,15,19.8
/blog/continuing-post-accident-medical-treatment/,2026-09-11,0,6,18.83
/blog/continuing-post-accident-medical-treatment/,2026-09-12,0,9,13.22
/blog/continuing-post-accident-medical-treatment/,2026-09-13,0,11,25
/blog/continuing-post-accident-medical-treatment/,2026-09-14,0,11,15.55
/blog/continuing-post-accident-medical-treatment/,2026-09-15,0,18,9.44
/blog/continuing-post-accident-medical-treatment/,2026-09-16,0,17,14.88
/blog/continuing-post-accident-medical-treatment/,2026-09-17,0,14,11.29
/blog/continuing-post-accident-medical-treatment/,2026-09-18,0,9,4.89
/blog/continuing-post-accident-medical-treatment/,2026-09-19,0,8,22.25
/blog/continuing-post-accident-medical-treatment/,2026-09-20,0,5,21.2
/blog/continuing-post-accident-medical-treatment/,2026-09-21,0,9,4.78
/blog/fault-vs-no-fault-car-insurance/,2026-07-20,0,181,18.87
/blog/fault-vs-no-fault-car-insurance/,2026-07-21,0,169,19.62
/blog/fault-vs-no-fault-car-insurance/,2026-07-22,0,153,20.65
/blog/fault-vs-no-fault-car-insurance/,2026-07-23,1,151,24.46
/blog/fault-vs-no-fault-car-insurance/,2026-07-24,0,165,22.44
/blog/fault-vs-no-fault-car-insurance/,2026-07-25,0,140,24.24
/blog/fault-vs-no-fault-car-insurance/,2026-07-26,0,189,26.03
/blog/fault-vs-no-fault-car-insurance/,2026-07-27,0,205,26.55
/blog/fault-vs-no-fault-car-insurance/,2026-07-28,0,237,26.54
/blog/fault-vs-no-fault-car-insurance/,2026-07-29,1,208,26.36
/blog/fault-vs-no-fault-car-insurance/,2026-07-30,0,229,19.98
/blog/fault-vs-no-fault-car-insurance/,2026-07-31,1,230,23.64
/blog/fault-vs-no-fault-car-insurance/,2026-08-01,0,176,22.98
/blog/fault-vs-no-fault-car-insurance/,2026-08-02,0,193,24.07
/blog/fault-vs-no-fault-car-insurance/,2026-08-03,0,221,16.34
/blog/fault-vs-no-fault-car-insurance/,2026-08-04,0,165,18.1
/blog/fault-vs-no-fault-car-insurance/,2026-08-05,0,214,17.83
/blog/fault-vs-no-fault-car-insurance/,2026-08-06,1,218,17.78
/blog/fault-vs-no-fault-car-insurance/,2026-08-07,0,174,15.71
/blog/fault-vs-no-fault-car-insurance/,2026-08-08,0,157,22.81
/blog/fault-vs-no-fault-car-insurance/,2026-08-09,0,202,19.54
/blog/fault-vs-no-fault-car-insurance/,2026-08-10,0,255,18.15
/blog/fault-vs-no-fault-car-insurance/,2026-08-11,0,262,21.52
/blog/fault-vs-no-fault-car-insurance/,2026-08-12,0,225,22.06
/blog/fault-vs-no-fault-car-insurance/,2026-08-13,0,288,21.22
/blog/fault-vs-no-fault-car-insurance/,2026-08-14,0,224,19.2
/blog/fault-vs-no-fault-car-insurance/,2026-08-15,0,182,19.62
/blog/fault-vs-no-fault-car-insurance/,2026-08-16,0,188,23
/blog/fault-vs-no-fault-car-insurance/,2026-08-17,0,246,20.37
/blog/fault-vs-no-fault-car-insurance/,2026-08-18,0,236,21.24
/blog/fault-vs-no-fault-car-insurance/,2026-08-19,0,226,23.14
/blog/fault-vs-no-fault-car-insurance/,2026-08-20,1,191,22.55
/blog/fault-vs-no-fault-car-insurance/,2026-08-21,0,179,23.2
/blog/fault-vs-no-fault-car-insurance/,2026-08-22,0,152,21.2
/blog/fault-vs-no-fault-car-insurance/,2026-08-23,2,132,25.29
/blog/fault-vs-no-fault-car-insurance/,2026-08-24,0,216,20.56
/blog/fault-vs-no-fault-car-insurance/,2026-08-25,0,214,22.41
/blog/fault-vs-no-fault-car-insurance/,2026-08-26,1,158,24.26
/blog/fault-vs-no-fault-car-insurance/,2026-08-27,0,168,20.8
/blog/fault-vs-no-fault-car-insurance/,2026-08-28,0,133,21.07
/blog/fault-vs-no-fault-car-insurance/,2026-08-29,0,137,22.58
/blog/fault-vs-no-fault-car-insurance/,2026-08-30,0,144,24.53
/blog/fault-vs-no-fault-car-insurance/,2026-08-31,0,206,17.06
/blog/fault-vs-no-fault-car-insurance/,2026-09-01,1,167,22.72
/blog/fault-vs-no-fault-car-insurance/,2026-09-02,0,149,21.6
/blog/fault-vs-no-fault-car-insurance/,2026-09-03,0,169,20.95
/blog/fault-vs-no-fault-car-insurance/,2026-09-04,0,160,20.64
/blog/fault-vs-no-fault-car-insurance/,2026-09-05,0,162,22.28
/blog/fault-vs-no-fault-car-insurance/,2026-09-06,1,181,19.38
/blog/fault-vs-no-fault-car-insurance/,2026-09-07,0,195,21.49
/blog/fault-vs-no-fault-car-insurance/,2026-09-08,0,234,18.94
/blog/fault-vs-no-fault-car-insurance/,2026-09-09,0,221,17.66
/blog/fault-vs-no-fault-car-insurance/,2026-09-10,0,222,16.92
/blog/fault-vs-no-fault-car-insurance/,2026-09-11,0,216,15.43
/blog/fault-vs-no-fault-car-insurance/,2026-09-12,0,197,17.26
/blog/fault-vs-no-fault-car-insurance/,2026-09-13,0,228,22.64
/blog/fault-vs-no-fault-car-insurance/,2026-09-14,1,259,16.46
/blog/fault-vs-no-fault-car-insurance/,2026-09-15,0,237,21.05
/blog/fault-vs-no-fault-car-insurance/,2026-09-16,0,233,17.93
/blog/fault-vs-no-fault-car-insurance/,2026-09-17,0,184,12.71
/blog/fault-vs-no-fault-car-insurance/,2026-09-18,0,217,15.49
/blog/fault-vs-no-fault-car-insurance/,2026-09-19,1,166,17.13
/blog/fault-vs-no-fault-car-insurance/,2026-09-20,0,155,16.04
/blog/fault-vs-no-fault-car-insurance/,2026-09-21,0,193,14.68
/blog/georgia-pedestrian-right-of-way-laws/,2026-07-20,0,40,6.92
/blog/georgia-pedestrian-right-of-way-laws/,2026-07-21,0,33,5.03
/blog/georgia-pedestrian-right-of-way-laws/,2026-07-22,0,43,9.95
/blog/georgia-pedestrian-right-of-way-laws/,2026-07-23,0,45,6.78
/blog/georgia-pedestrian-right-of-way-laws/,2026-07-24,0,63,6.75
/blog/georgia-pedestrian-right-of-way-laws/,2026-07-25,0,21,8.14
/blog/georgia-pedestrian-right-of-way-laws/,2026-07-26,0,20,9.05
/blog/georgia-pedestrian-right-of-way-laws/,2026-07-27,0,52,12.31
/blog/georgia-pedestrian-right-of-way-laws/,2026-07-28,0,48,9.08
/blog/georgia-pedestrian-right-of-way-laws/,2026-07-29,1,63,9.08
/blog/georgia-pedestrian-right-of-way-laws/,2026-07-30,0,52,7.1
/blog/georgia-pedestrian-right-of-way-laws/,2026-07-31,1,46,11.37
/blog/georgia-pedestrian-right-of-way-laws/,2026-08-01,0,44,7.16
/blog/georgia-pedestrian-right-of-way-laws/,2026-08-02,0,40,8.5
/blog/georgia-pedestrian-right-of-way-laws/,2026-08-03,0,56,8.32
/blog/georgia-pedestrian-right-of-way-laws/,2026-08-04,0,48,8.69
/blog/georgia-pedestrian-right-of-way-laws/,2026-08-05,0,68,9.63
/blog/georgia-pedestrian-right-of-way-laws/,2026-08-06,0,71,9.7
/blog/georgia-pedestrian-right-of-way-laws/,2026-08-07,0,58,5.62
/blog/georgia-pedestrian-right-of-way-laws/,2026-08-08,0,81,7.36
/blog/georgia-pedestrian-right-of-way-laws/,2026-08-09,0,37,7.89
/blog/georgia-pedestrian-right-of-way-laws/,2026-08-10,0,65,8.35
/blog/georgia-pedestrian-right-of-way-laws/,2026-08-11,0,111,10.42
/blog/georgia-pedestrian-right-of-way-laws/,2026-08-12,0,80,7.81
/blog/georgia-pedestrian-right-of-way-laws/,2026-08-13,0,77,8.25
/blog/georgia-pedestrian-right-of-way-laws/,2026-08-14,1,67,6.96
/blog/georgia-pedestrian-right-of-way-laws/,2026-08-15,0,46,7.61
/blog/georgia-pedestrian-right-of-way-laws/,2026-08-16,0,38,7.13
/blog/georgia-pedestrian-right-of-way-laws/,2026-08-17,0,48,7.17
/blog/georgia-pedestrian-right-of-way-laws/,2026-08-18,0,50,7.32
/blog/georgia-pedestrian-right-of-way-laws/,2026-08-19,0,48,8.94
/blog/georgia-pedestrian-right-of-way-laws/,2026-08-20,0,49,8.63
/blog/georgia-pedestrian-right-of-way-laws/,2026-08-21,0,41,8.46
/blog/georgia-pedestrian-right-of-way-laws/,2026-08-22,0,28,7.5
/blog/georgia-pedestrian-right-of-way-laws/,2026-08-23,0,22,7.77
/blog/georgia-pedestrian-right-of-way-laws/,2026-08-24,1,47,7.72
/blog/georgia-pedestrian-right-of-way-laws/,2026-08-25,0,47,7.91
/blog/georgia-pedestrian-right-of-way-laws/,2026-08-26,0,34,8.97
/blog/georgia-pedestrian-right-of-way-laws/,2026-08-27,0,51,7.2
/blog/georgia-pedestrian-right-of-way-laws/,2026-08-28,0,30,10.8
/blog/georgia-pedestrian-right-of-way-laws/,2026-08-29,0,26,9.04
/blog/georgia-pedestrian-right-of-way-laws/,2026-08-30,0,34,7.24
/blog/georgia-pedestrian-right-of-way-laws/,2026-08-31,0,60,7.42
/blog/georgia-pedestrian-right-of-way-laws/,2026-09-01,0,44,7.36
/blog/georgia-pedestrian-right-of-way-laws/,2026-09-02,0,49,7.22
/blog/georgia-pedestrian-right-of-way-laws/,2026-09-03,1,45,8.04
/blog/georgia-pedestrian-right-of-way-laws/,2026-09-04,1,45,10.82
/blog/georgia-pedestrian-right-of-way-laws/,2026-09-05,0,31,9.74
/blog/georgia-pedestrian-right-of-way-laws/,2026-09-06,0,25,9.44
/blog/georgia-pedestrian-right-of-way-laws/,2026-09-07,0,29,8.14
/blog/georgia-pedestrian-right-of-way-laws/,2026-09-08,0,49,8.43
/blog/georgia-pedestrian-right-of-way-laws/,2026-09-09,0,73,7.81
/blog/georgia-pedestrian-right-of-way-laws/,2026-09-10,0,38,8.21
/blog/georgia-pedestrian-right-of-way-laws/,2026-09-11,0,37,7.38
/blog/georgia-pedestrian-right-of-way-laws/,2026-09-12,0,37,7.14
/blog/georgia-pedestrian-right-of-way-laws/,2026-09-13,0,34,9.62
/blog/georgia-pedestrian-right-of-way-laws/,2026-09-14,0,57,8.28
/blog/georgia-pedestrian-right-of-way-laws/,2026-09-15,0,68,8.1
/blog/georgia-pedestrian-right-of-way-laws/,2026-09-16,0,56,8.25
/blog/georgia-pedestrian-right-of-way-laws/,2026-09-17,0,62,7.92
/blog/georgia-pedestrian-right-of-way-laws/,2026-09-18,0,50,8.68
/blog/georgia-pedestrian-right-of-way-laws/,2026-09-19,0,24,8.67
/blog/georgia-pedestrian-right-of-way-laws/,2026-09-20,0,31,7.81
/blog/georgia-pedestrian-right-of-way-laws/,2026-09-21,0,48,8.21
/blog/georgia-super-speeder-law/,2026-07-20,0,41,20.22
/blog/georgia-super-speeder-law/,2026-07-21,0,22,23.82
/blog/georgia-super-speeder-law/,2026-07-22,0,45,26.51
/blog/georgia-super-speeder-law/,2026-07-23,0,23,30.78
/blog/georgia-super-speeder-law/,2026-07-24,0,33,19.3
/blog/georgia-super-speeder-law/,2026-07-25,0,43,28.79
/blog/georgia-super-speeder-law/,2026-07-26,0,75,27.52
/blog/georgia-super-speeder-law/,2026-07-27,0,77,21.9
/blog/georgia-super-speeder-law/,2026-07-28,0,100,33.42
/blog/georgia-super-speeder-law/,2026-07-29,0,63,26.16
/blog/georgia-super-speeder-law/,2026-07-30,1,53,24.47
/blog/georgia-super-speeder-law/,2026-07-31,0,62,27.42
/blog/georgia-super-speeder-law/,2026-08-01,0,44,26.02
/blog/georgia-super-speeder-law/,2026-08-02,0,53,23.7
/blog/georgia-super-speeder-law/,2026-08-03,0,48,21.25
/blog/georgia-super-speeder-law/,2026-08-04,0,47,13.51
/blog/georgia-super-speeder-law/,2026-08-05,0,72,22.38
/blog/georgia-super-speeder-law/,2026-08-06,0,42,30.76
/blog/georgia-super-speeder-law/,2026-08-07,0,44,18.73
/blog/georgia-super-speeder-law/,2026-08-08,0,28,15.82
/blog/georgia-super-speeder-law/,2026-08-09,0,24,20.08
/blog/georgia-super-speeder-law/,2026-08-10,0,43,26.26
/blog/georgia-super-speeder-law/,2026-08-11,0,52,18.79
/blog/georgia-super-speeder-law/,2026-08-12,0,46,30.04
/blog/georgia-super-speeder-law/,2026-08-13,0,73,24.41
/blog/georgia-super-speeder-law/,2026-08-14,0,36,31.14
/blog/georgia-super-speeder-law/,2026-08-15,0,34,32
/blog/georgia-super-speeder-law/,2026-08-16,0,38,31.87
/blog/georgia-super-speeder-law/,2026-08-17,0,42,24.69
/blog/georgia-super-speeder-law/,2026-08-18,0,51,24.49
/blog/georgia-super-speeder-law/,2026-08-19,0,53,39.45
/blog/georgia-super-speeder-law/,2026-08-20,0,45,38.09
/blog/georgia-super-speeder-law/,2026-08-21,0,33,33.67
/blog/georgia-super-speeder-law/,2026-08-22,1,30,29.73
/blog/georgia-super-speeder-law/,2026-08-23,0,30,29.1
/blog/georgia-super-speeder-law/,2026-08-24,0,45,37.62
/blog/georgia-super-speeder-law/,2026-08-25,1,46,29.54
/blog/georgia-super-speeder-law/,2026-08-26,0,51,32.31
/blog/georgia-super-speeder-law/,2026-08-27,0,57,47.53
/blog/georgia-super-speeder-law/,2026-08-28,0,36,38.53
/blog/georgia-super-speeder-law/,2026-08-29,0,56,41.39
/blog/georgia-super-speeder-law/,2026-08-30,0,49,45.76
/blog/georgia-super-speeder-law/,2026-08-31,0,54,40.02
/blog/georgia-super-speeder-law/,2026-09-01,0,23,20.96
/blog/georgia-super-speeder-law/,2026-09-02,0,40,26.52
/blog/georgia-super-speeder-law/,2026-09-03,0,38,17.05
/blog/georgia-super-speeder-law/,2026-09-04,0,61,17.44
/blog/georgia-super-speeder-law/,2026-09-05,0,45,15.6
/blog/georgia-super-speeder-law/,2026-09-06,0,39,10.41
/blog/georgia-super-speeder-law/,2026-09-07,0,48,17
/blog/georgia-super-speeder-law/,2026-09-08,0,68,15.12
/blog/georgia-super-speeder-law/,2026-09-09,0,58,15.24
/blog/georgia-super-speeder-law/,2026-09-10,0,55,14.67
/blog/georgia-super-speeder-law/,2026-09-11,0,66,15.15
/blog/georgia-super-speeder-law/,2026-09-12,0,56,13.3
/blog/georgia-super-speeder-law/,2026-09-13,0,51,18.35
/blog/georgia-super-speeder-law/,2026-09-14,0,53,15.32
/blog/georgia-super-speeder-law/,2026-09-15,0,32,21.59
/blog/georgia-super-speeder-law/,2026-09-16,0,64,17.91
/blog/georgia-super-speeder-law/,2026-09-17,0,44,13.14
/blog/georgia-super-speeder-law/,2026-09-18,0,32,19
/blog/georgia-super-speeder-law/,2026-09-19,0,18,15.89
/blog/georgia-super-speeder-law/,2026-09-20,0,21,11.24
/blog/georgia-super-speeder-law/,2026-09-21,0,29,13.38
/blog/how-car-insurers-use-private-investigators/,2026-07-20,0,26,6.65
/blog/how-car-insurers-use-private-investigators/,2026-07-21,0,28,3.86
/blog/how-car-insurers-use-private-investigators/,2026-07-22,0,36,9.06
/blog/how-car-insurers-use-private-investigators/,2026-07-23,0,29,6.62
/blog/how-car-insurers-use-private-investigators/,2026-07-24,0,31,7.26
/blog/how-car-insurers-use-private-investigators/,2026-07-25,0,29,5
/blog/how-car-insurers-use-private-investigators/,2026-07-26,0,38,10.26
/blog/how-car-insurers-use-private-investigators/,2026-07-27,0,28,12.54
/blog/how-car-insurers-use-private-investigators/,2026-07-28,0,53,17.42
/blog/how-car-insurers-use-private-investigators/,2026-07-29,0,78,8.06
/blog/how-car-insurers-use-private-investigators/,2026-07-30,1,80,4.14
/blog/how-car-insurers-use-private-investigators/,2026-07-31,0,92,6.7
/blog/how-car-insurers-use-private-investigators/,2026-08-01,0,112,11.98
/blog/how-car-insurers-use-private-investigators/,2026-08-02,0,31,5.68
/blog/how-car-insurers-use-private-investigators/,2026-08-03,0,36,18.47
/blog/how-car-insurers-use-private-investigators/,2026-08-04,0,37,23.84
/blog/how-car-insurers-use-private-investigators/,2026-08-05,0,52,9.69
/blog/how-car-insurers-use-private-investigators/,2026-08-06,0,52,11.75
/blog/how-car-insurers-use-private-investigators/,2026-08-07,0,34,10.82
/blog/how-car-insurers-use-private-investigators/,2026-08-08,1,25,6.28
/blog/how-car-insurers-use-private-investigators/,2026-08-09,0,27,4.7
/blog/how-car-insurers-use-private-investigators/,2026-08-10,0,59,27.71
/blog/how-car-insurers-use-private-investigators/,2026-08-11,2,48,8.73
/blog/how-car-insurers-use-private-investigators/,2026-08-12,0,96,10.19
/blog/how-car-insurers-use-private-investigators/,2026-08-13,0,115,30.26
/blog/how-car-insurers-use-private-investigators/,2026-08-14,0,56,13.21
/blog/how-car-insurers-use-private-investigators/,2026-08-15,0,46,20.09
/blog/how-car-insurers-use-private-investigators/,2026-08-16,0,51,15.98
/blog/how-car-insurers-use-private-investigators/,2026-08-17,0,53,5.21
/blog/how-car-insurers-use-private-investigators/,2026-08-18,0,40,10.68
/blog/how-car-insurers-use-private-investigators/,2026-08-19,0,45,7.73
/blog/how-car-insurers-use-private-investigators/,2026-08-20,0,25,8.36
/blog/how-car-insurers-use-private-investigators/,2026-08-21,0,55,29.35
/blog/how-car-insurers-use-private-investigators/,2026-08-22,0,12,26.67
/blog/how-car-insurers-use-private-investigators/,2026-08-23,1,11,13.27
/blog/how-car-insurers-use-private-investigators/,2026-08-24,2,15,9.67
/blog/how-car-insurers-use-private-investigators/,2026-08-25,0,16,12.5
/blog/how-car-insurers-use-private-investigators/,2026-08-26,0,38,32.92
/blog/how-car-insurers-use-private-investigators/,2026-08-27,0,35,27.69
/blog/how-car-insurers-use-private-investigators/,2026-08-28,0,13,25.38
/blog/how-car-insurers-use-private-investigators/,2026-08-29,0,15,34.6
/blog/how-car-insurers-use-private-investigators/,2026-08-30,0,11,6.09
/blog/how-car-insurers-use-private-investigators/,2026-08-31,0,15,25.73
/blog/how-car-insurers-use-private-investigators/,2026-09-01,1,25,7.36
/blog/how-car-insurers-use-private-investigators/,2026-09-02,2,18,11
/blog/how-car-insurers-use-private-investigators/,2026-09-03,0,34,36.44
/blog/how-car-insurers-use-private-investigators/,2026-09-04,0,21,30.81
/blog/how-car-insurers-use-private-investigators/,2026-09-05,0,12,8
/blog/how-car-insurers-use-private-investigators/,2026-09-06,0,14,22.93
/blog/how-car-insurers-use-private-investigators/,2026-09-07,0,13,5.38
/blog/how-car-insurers-use-private-investigators/,2026-09-08,0,19,42.37
/blog/how-car-insurers-use-private-investigators/,2026-09-09,0,16,7.75
/blog/how-car-insurers-use-private-investigators/,2026-09-10,0,19,4.58
/blog/how-car-insurers-use-private-investigators/,2026-09-11,1,19,6.05
/blog/how-car-insurers-use-private-investigators/,2026-09-12,1,25,13.52
/blog/how-car-insurers-use-private-investigators/,2026-09-13,0,13,6.38
/blog/how-car-insurers-use-private-investigators/,2026-09-14,1,27,12.22
/blog/how-car-insurers-use-private-investigators/,2026-09-15,0,30,6.43
/blog/how-car-insurers-use-private-investigators/,2026-09-16,0,27,13.7
/blog/how-car-insurers-use-private-investigators/,2026-09-17,0,12,5.67
/blog/how-car-insurers-use-private-investigators/,2026-09-18,0,14,6.14
/blog/how-car-insurers-use-private-investigators/,2026-09-19,1,14,6.64
/blog/how-car-insurers-use-private-investigators/,2026-09-20,0,14,6.93
/blog/how-car-insurers-use-private-investigators/,2026-09-21,0,18,9.61
/blog/how-long-can-a-person-stay-on-workers-compensation/,2026-07-20,0,44,8.16
/blog/how-long-can-a-person-stay-on-workers-compensation/,2026-07-21,0,28,7.64
/blog/how-long-can-a-person-stay-on-workers-compensation/,2026-07-22,0,25,11.6
/blog/how-long-can-a-person-stay-on-workers-compensation/,2026-07-23,0,34,11.41
/blog/how-long-can-a-person-stay-on-workers-compensation/,2026-07-24,0,27,23.81
/blog/how-long-can-a-person-stay-on-workers-compensation/,2026-07-25,0,13,21.62
/blog/how-long-can-a-person-stay-on-workers-compensation/,2026-07-26,0,28,30.86
/blog/how-long-can-a-person-stay-on-workers-compensation/,2026-07-27,0,51,9.82
/blog/how-long-can-a-person-stay-on-workers-compensation/,2026-07-28,0,43,13.49
/blog/how-long-can-a-person-stay-on-workers-compensation/,2026-07-29,0,51,11.86
/blog/how-long-can-a-person-stay-on-workers-compensation/,2026-07-30,0,50,13.46
/blog/how-long-can-a-person-stay-on-workers-compensation/,2026-07-31,1,72,32.75
/blog/how-long-can-a-person-stay-on-workers-compensation/,2026-08-01,0,31,19.87
/blog/how-long-can-a-person-stay-on-workers-compensation/,2026-08-02,0,18,10.94
/blog/how-long-can-a-person-stay-on-workers-compensation/,2026-08-03,0,25,7.6
/blog/how-long-can-a-person-stay-on-workers-compensation/,2026-08-04,0,27,9.07
/blog/how-long-can-a-person-stay-on-workers-compensation/,2026-08-05,0,35,15.29
/blog/how-long-can-a-person-stay-on-workers-compensation/,2026-08-06,0,33,14.58
/blog/how-long-can-a-person-stay-on-workers-compensation/,2026-08-07,0,19,7.47
/blog/how-long-can-a-person-stay-on-workers-compensation/,2026-08-08,0,13,25.23
/blog/how-long-can-a-person-stay-on-workers-compensation/,2026-08-09,0,17,23.88
/blog/how-long-can-a-person-stay-on-workers-compensation/,2026-08-10,0,35,13.29
/blog/how-long-can-a-person-stay-on-workers-compensation/,2026-08-11,0,25,9.16
/blog/how-long-can-a-person-stay-on-workers-compensation/,2026-08-12,1,48,15.56
/blog/how-long-can-a-person-stay-on-workers-compensation/,2026-08-13,0,51,13.65
/blog/how-long-can-a-person-stay-on-workers-compensation/,2026-08-14,1,29,9.1
/blog/how-long-can-a-person-stay-on-workers-compensation/,2026-08-15,0,16,5.81
/blog/how-long-can-a-person-stay-on-workers-compensation/,2026-08-16,0,21,9.52
/blog/how-long-can-a-person-stay-on-workers-compensation/,2026-08-17,1,48,6.35
/blog/how-long-can-a-person-stay-on-workers-compensation/,2026-08-18,0,41,12.22
/blog/how-long-can-a-person-stay-on-workers-compensation/,2026-08-19,0,43,9.86
/blog/how-long-can-a-person-stay-on-workers-compensation/,2026-08-20,0,42,9.76
/blog/how-long-can-a-person-stay-on-workers-compensation/,2026-08-21,0,43,13.19
/blog/how-long-can-a-person-stay-on-workers-compensation/,2026-08-22,0,23,13.26
/blog/how-long-can-a-person-stay-on-workers-compensation/,2026-08-23,0,25,24.96
/blog/how-long-can-a-person-stay-on-workers-compensation/,2026-08-24,0,32,10
/blog/how-long-can-a-person-stay-on-workers-compensation/,2026-08-25,0,38,15.05
/blog/how-long-can-a-person-stay-on-workers-compensation/,2026-08-26,0,32,20
/blog/how-long-can-a-person-stay-on-workers-compensation/,2026-08-27,0,23,11.65
/blog/how-long-can-a-person-stay-on-workers-compensation/,2026-08-28,0,39,11.51
/blog/how-long-can-a-person-stay-on-workers-compensation/,2026-08-29,0,18,28.61
/blog/how-long-can-a-person-stay-on-workers-compensation/,2026-08-30,0,28,12.93
/blog/how-long-can-a-person-stay-on-workers-compensation/,2026-08-31,0,38,10.21
/blog/how-long-can-a-person-stay-on-workers-compensation/,2026-09-01,0,38,10.45
/blog/how-long-can-a-person-stay-on-workers-compensation/,2026-09-02,0,41,8.76
/blog/how-long-can-a-person-stay-on-workers-compensation/,2026-09-03,0,38,8.03
/blog/how-long-can-a-person-stay-on-workers-compensation/,2026-09-04,0,27,10.63
/blog/how-long-can-a-person-stay-on-workers-compensation/,2026-09-05,0,12,11.5
/blog/how-long-can-a-person-stay-on-workers-compensation/,2026-09-06,0,25,12.72
/blog/how-long-can-a-person-stay-on-workers-compensation/,2026-09-07,0,15,18.07
/blog/how-long-can-a-person-stay-on-workers-compensation/,2026-09-08,0,61,8.92
/blog/how-long-can-a-person-stay-on-workers-compensation/,2026-09-09,1,36,11.44
/blog/how-long-can-a-person-stay-on-workers-compensation/,2026-09-10,0,32,7.78
/blog/how-long-can-a-person-stay-on-workers-compensation/,2026-09-11,0,26,11.31
/blog/how-long-can-a-person-stay-on-workers-compensation/,2026-09-12,0,18,6.39
/blog/how-long-can-a-person-stay-on-workers-compensation/,2026-09-13,0,26,14.35
/blog/how-long-can-a-person-stay-on-workers-compensation/,2026-09-14,0,36,8.78
/blog/how-long-can-a-person-stay-on-workers-compensation/,2026-09-15,1,56,8.93
/blog/how-long-can-a-person-stay-on-workers-compensation/,2026-09-16,0,44,7.05
/blog/how-long-can-a-person-stay-on-workers-compensation/,2026-09-17,0,43,8.33
/blog/how-long-can-a-person-stay-on-workers-compensation/,2026-09-18,0,50,7
/blog/how-long-can-a-person-stay-on-workers-compensation/,2026-09-19,0,22,8.41
/blog/how-long-can-a-person-stay-on-workers-compensation/,2026-09-20,0,26,11.88
/blog/how-long-can-a-person-stay-on-workers-compensation/,2026-09-21,0,30,7.23
/blog/how-much-is-my-car-accident-claim-worth/,2026-07-20,0,13,35.54
/blog/how-much-is-my-car-accident-claim-worth/,2026-07-21,0,13,35.62
/blog/how-much-is-my-car-accident-claim-worth/,2026-07-22,0,17,39.35
/blog/how-much-is-my-car-accident-claim-worth/,2026-07-23,0,17,28.24
/blog/how-much-is-my-car-accident-claim-worth/,2026-07-24,0,24,30.54
/blog/how-much-is-my-car-accident-claim-worth/,2026-07-25,0,16,36.56
/blog/how-much-is-my-car-accident-claim-worth/,2026-07-26,0,25,31.6
/blog/how-much-is-my-car-accident-claim-worth/,2026-07-27,0,25,36.48
/blog/how-much-is-my-car-accident-claim-worth/,2026-07-28,0,77,44.56
/blog/how-much-is-my-car-accident-claim-worth/,2026-07-29,0,57,32.81
/blog/how-much-is-my-car-accident-claim-worth/,2026-07-30,0,78,40.65
/blog/how-much-is-my-car-accident-claim-worth/,2026-07-31,0,63,38.79
/blog/how-much-is-my-car-accident-claim-worth/,2026-08-01,0,62,40.48
/blog/how-much-is-my-car-accident-claim-worth/,2026-08-02,0,45,42.2
/blog/how-much-is-my-car-accident-claim-worth/,2026-08-03,0,46,26.26
/blog/how-much-is-my-car-accident-claim-worth/,2026-08-04,1,58,27.88
/blog/how-much-is-my-car-accident-claim-worth/,2026-08-05,0,53,33.47
/blog/how-much-is-my-car-accident-claim-worth/,2026-08-06,0,59,28
/blog/how-much-is-my-car-accident-claim-worth/,2026-08-07,0,32,25.25
/blog/how-much-is-my-car-accident-claim-worth/,2026-08-08,0,34,31.82
/blog/how-much-is-my-car-accident-claim-worth/,2026-08-09,0,34,33.74
/blog/how-much-is-my-car-accident-claim-worth/,2026-08-10,0,36,30.14
/blog/how-much-is-my-car-accident-claim-worth/,2026-08-11,0,66,26.67
/blog/how-much-is-my-car-accident-claim-worth/,2026-08-12,0,68,26.97
/blog/how-much-is-my-car-accident-claim-worth/,2026-08-13,0,76,33.89
/blog/how-much-is-my-car-accident-claim-worth/,2026-08-14,0,40,33.12
/blog/how-much-is-my-car-accident-claim-worth/,2026-08-15,0,26,37.65
/blog/how-much-is-my-car-accident-claim-worth/,2026-08-16,0,32,37.5
/blog/how-much-is-my-car-accident-claim-worth/,2026-08-17,1,56,33.84
/blog/how-much-is-my-car-accident-claim-worth/,2026-08-18,0,45,37.78
/blog/how-much-is-my-car-accident-claim-worth/,2026-08-19,0,40,47.9
/blog/how-much-is-my-car-accident-claim-worth/,2026-08-20,0,27,36.48
/blog/how-much-is-my-car-accident-claim-worth/,2026-08-21,0,19,40.16
/blog/how-much-is-my-car-accident-claim-worth/,2026-08-22,0,17,50.88
/blog/how-much-is-my-car-accident-claim-worth/,2026-08-23,0,20,38.75
/blog/how-much-is-my-car-accident-claim-worth/,2026-08-24,0,32,45.5
/blog/how-much-is-my-car-accident-claim-worth/,2026-08-25,0,25,47.36
/blog/how-much-is-my-car-accident-claim-worth/,2026-08-26,0,14,30.36
/blog/how-much-is-my-car-accident-claim-worth/,2026-08-27,0,15,35.53
/blog/how-much-is-my-car-accident-claim-worth/,2026-08-28,0,16,31.81
/blog/how-much-is-my-car-accident-claim-worth/,2026-08-29,0,14,40.29
/blog/how-much-is-my-car-accident-claim-worth/,2026-08-30,0,4,48
/blog/how-much-is-my-car-accident-claim-worth/,2026-08-31,0,11,43.18
/blog/how-much-is-my-car-accident-claim-worth/,2026-09-01,0,9,24.78
/blog/how-much-is-my-car-accident-claim-worth/,2026-09-02,0,7,28.71
/blog/how-much-is-my-car-accident-claim-worth/,2026-09-03,0,13,21.69
/blog/how-much-is-my-car-accident-claim-worth/,2026-09-04,0,11,18.64
/blog/how-much-is-my-car-accident-claim-worth/,2026-09-05,0,10,31.3
/blog/how-much-is-my-car-accident-claim-worth/,2026-09-06,0,23,8.57
/blog/how-much-is-my-car-accident-claim-worth/,2026-09-07,0,18,17.72
/blog/how-much-is-my-car-accident-claim-worth/,2026-09-08,0,12,10.67
/blog/how-much-is-my-car-accident-claim-worth/,2026-09-09,0,11,12.91
/blog/how-much-is-my-car-accident-claim-worth/,2026-09-10,0,7,19.29
/blog/how-much-is-my-car-accident-claim-worth/,2026-09-11,0,13,17.54
/blog/how-much-is-my-car-accident-claim-worth/,2026-09-12,0,9,16.56
/blog/how-much-is-my-car-accident-claim-worth/,2026-09-13,0,3,22
/blog/how-much-is-my-car-accident-claim-worth/,2026-09-14,0,14,13.5
/blog/how-much-is-my-car-accident-claim-worth/,2026-09-15,0,14,25.86
/blog/how-much-is-my-car-accident-claim-worth/,2026-09-16,0,13,12.54
/blog/how-much-is-my-car-accident-claim-worth/,2026-09-17,0,10,12.7
/blog/how-much-is-my-car-accident-claim-worth/,2026-09-18,0,12,17.75
/blog/how-much-is-my-car-accident-claim-worth/,2026-09-19,0,10,23.3
/blog/how-much-is-my-car-accident-claim-worth/,2026-09-20,0,10,16.6
/blog/how-much-is-my-car-accident-claim-worth/,2026-09-21,0,9,17.89
/blog/how-pain-and-suffering-is-calculated-after-an-accident-in-georgia/,2026-07-20,0,11,9.82
/blog/how-pain-and-suffering-is-calculated-after-an-accident-in-georgia/,2026-07-21,0,8,3.25
/blog/how-pain-and-suffering-is-calculated-after-an-accident-in-georgia/,2026-07-22,0,26,6.23
/blog/how-pain-and-suffering-is-calculated-after-an-accident-in-georgia/,2026-07-23,0,33,3.82
/blog/how-pain-and-suffering-is-calculated-after-an-accident-in-georgia/,2026-07-24,0,26,3.69
/blog/how-pain-and-suffering-is-calculated-after-an-accident-in-georgia/,2026-07-25,0,21,6.81
/blog/how-pain-and-suffering-is-calculated-after-an-accident-in-georgia/,2026-07-26,0,2,9.5
/blog/how-pain-and-suffering-is-calculated-after-an-accident-in-georgia/,2026-07-27,0,6,5.33
/blog/how-pain-and-suffering-is-calculated-after-an-accident-in-georgia/,2026-07-28,0,7,7
/blog/how-pain-and-suffering-is-calculated-after-an-accident-in-georgia/,2026-07-29,0,9,3.44
/blog/how-pain-and-suffering-is-calculated-after-an-accident-in-georgia/,2026-07-30,0,84,2.94
/blog/how-pain-and-suffering-is-calculated-after-an-accident-in-georgia/,2026-07-31,0,189,3.47
/blog/how-pain-and-suffering-is-calculated-after-an-accident-in-georgia/,2026-08-01,0,146,3.47
/blog/how-pain-and-suffering-is-calculated-after-an-accident-in-georgia/,2026-08-02,0,134,2.86
/blog/how-pain-and-suffering-is-calculated-after-an-accident-in-georgia/,2026-08-03,0,20,8.75
/blog/how-pain-and-suffering-is-calculated-after-an-accident-in-georgia/,2026-08-04,0,12,6.42
/blog/how-pain-and-suffering-is-calculated-after-an-accident-in-georgia/,2026-08-05,1,30,10.93
/blog/how-pain-and-suffering-is-calculated-after-an-accident-in-georgia/,2026-08-06,0,10,16.6
/blog/how-pain-and-suffering-is-calculated-after-an-accident-in-georgia/,2026-08-07,0,9,20.11
/blog/how-pain-and-suffering-is-calculated-after-an-accident-in-georgia/,2026-08-08,0,3,5.33
/blog/how-pain-and-suffering-is-calculated-after-an-accident-in-georgia/,2026-08-09,0,5,35.6
/blog/how-pain-and-suffering-is-calculated-after-an-accident-in-georgia/,2026-08-10,0,12,14.75
/blog/how-pain-and-suffering-is-calculated-after-an-accident-in-georgia/,2026-08-11,1,14,13.86
/blog/how-pain-and-suffering-is-calculated-after-an-accident-in-georgia/,2026-08-12,0,11,9.45
/blog/how-pain-and-suffering-is-calculated-after-an-accident-in-georgia/,2026-08-13,1,30,15.6
/blog/how-pain-and-suffering-is-calculated-after-an-accident-in-georgia/,2026-08-14,0,12,5.08
/blog/how-pain-and-suffering-is-calculated-after-an-accident-in-georgia/,2026-08-15,0,11,18.82
/blog/how-pain-and-suffering-is-calculated-after-an-accident-in-georgia/,2026-08-16,0,8,3.5
/blog/how-pain-and-suffering-is-calculated-after-an-accident-in-georgia/,2026-08-17,0,17,13.76
/blog/how-pain-and-suffering-is-calculated-after-an-accident-in-georgia/,2026-08-18,0,19,10.68
/blog/how-pain-and-suffering-is-calculated-after-an-accident-in-georgia/,2026-08-19,0,12,2.25
/blog/how-pain-and-suffering-is-calculated-after-an-accident-in-georgia/,2026-08-20,0,8,4
/blog/how-pain-and-suffering-is-calculated-after-an-accident-in-georgia/,2026-08-21,0,11,6
/blog/how-pain-and-suffering-is-calculated-after-an-accident-in-georgia/,2026-08-22,0,5,27.6
/blog/how-pain-and-suffering-is-calculated-after-an-accident-in-georgia/,2026-08-23,0,4,13.75
/blog/how-pain-and-suffering-is-calculated-after-an-accident-in-georgia/,2026-08-24,0,2,4
/blog/how-pain-and-suffering-is-calculated-after-an-accident-in-georgia/,2026-08-25,0,5,11.4
/blog/how-pain-and-suffering-is-calculated-after-an-accident-in-georgia/,2026-08-26,0,3,10.33
/blog/how-pain-and-suffering-is-calculated-after-an-accident-in-georgia/,2026-08-27,0,5,17.6
/blog/how-pain-and-suffering-is-calculated-after-an-accident-in-georgia/,2026-08-28,0,5,18.6
/blog/how-pain-and-suffering-is-calculated-after-an-accident-in-georgia/,2026-08-29,0,3,7
/blog/how-pain-and-suffering-is-calculated-after-an-accident-in-georgia/,2026-08-30,0,0,0
/blog/how-pain-and-suffering-is-calculated-after-an-accident-in-georgia/,2026-08-31,0,12,11.25
/blog/how-pain-and-suffering-is-calculated-after-an-accident-in-georgia/,2026-09-01,0,6,8
/blog/how-pain-and-suffering-is-calculated-after-an-accident-in-georgia/,2026-09-02,0,11,13.36
/blog/how-pain-and-suffering-is-calculated-after-an-accident-in-georgia/,2026-09-03,0,13,5.54
/blog/how-pain-and-suffering-is-calculated-after-an-accident-in-georgia/,2026-09-04,0,6,7.17
/blog/how-pain-and-suffering-is-calculated-after-an-accident-in-georgia/,2026-09-05,0,6,44.17
/blog/how-pain-and-suffering-is-calculated-after-an-accident-in-georgia/,2026-09-06,0,4,16.25
/blog/how-pain-and-suffering-is-calculated-after-an-accident-in-georgia/,2026-09-07,0,4,7.25
/blog/how-pain-and-suffering-is-calculated-after-an-accident-in-georgia/,2026-09-08,0,8,14.12
/blog/how-pain-and-suffering-is-calculated-after-an-accident-in-georgia/,2026-09-09,0,16,20.5
/blog/how-pain-and-suffering-is-calculated-after-an-accident-in-georgia/,2026-09-10,0,8,8.5
/blog/how-pain-and-suffering-is-calculated-after-an-accident-in-georgia/,2026-09-11,0,13,8.85
/blog/how-pain-and-suffering-is-calculated-after-an-accident-in-georgia/,2026-09-12,0,4,11
/blog/how-pain-and-suffering-is-calculated-after-an-accident-in-georgia/,2026-09-13,0,6,9.33
/blog/how-pain-and-suffering-is-calculated-after-an-accident-in-georgia/,2026-09-14,0,17,6.06
/blog/how-pain-and-suffering-is-calculated-after-an-accident-in-georgia/,2026-09-15,0,30,7
/blog/how-pain-and-suffering-is-calculated-after-an-accident-in-georgia/,2026-09-16,0,21,7.48
/blog/how-pain-and-suffering-is-calculated-after-an-accident-in-georgia/,2026-09-17,1,13,14.62
/blog/how-pain-and-suffering-is-calculated-after-an-accident-in-georgia/,2026-09-18,0,3,5.33
/blog/how-pain-and-suffering-is-calculated-after-an-accident-in-georgia/,2026-09-19,0,3,9.67
/blog/how-pain-and-suffering-is-calculated-after-an-accident-in-georgia/,2026-09-20,0,4,7.5
/blog/how-pain-and-suffering-is-calculated-after-an-accident-in-georgia/,2026-09-21,0,7,7.14
/blog/independent-medical-exams/,2026-07-20,0,32,8.28
/blog/independent-medical-exams/,2026-07-21,0,39,15.74
/blog/independent-medical-exams/,2026-07-22,0,33,10.09
/blog/independent-medical-exams/,2026-07-23,0,42,14.95
/blog/independent-medical-exams/,2026-07-24,0,39,11.62
/blog/independent-medical-exams/,2026-07-25,1,25,22.6
/blog/independent-medical-exams/,2026-07-26,0,27,15.85
/blog/independent-medical-exams/,2026-07-27,0,34,19.38
/blog/independent-medical-exams/,2026-07-28,1,48,14.75
/blog/independent-medical-exams/,2026-07-29,1,63,14.9
/blog/independent-medical-exams/,2026-07-30,1,69,25.52
/blog/independent-medical-exams/,2026-07-31,2,57,21.72
/blog/independent-medical-exams/,2026-08-01,0,42,20.69
/blog/independent-medical-exams/,2026-08-02,0,37,9.89
/blog/independent-medical-exams/,2026-08-03,1,44,17.41
/blog/independent-medical-exams/,2026-08-04,0,52,14.29
/blog/independent-medical-exams/,2026-08-05,1,62,13.02
/blog/independent-medical-exams/,2026-08-06,0,62,14.29
/blog/independent-medical-exams/,2026-08-07,0,46,13.76
/blog/independent-medical-exams/,2026-08-08,0,37,31.08
/blog/independent-medical-exams/,2026-08-09,0,27,20.96
/blog/independent-medical-exams/,2026-08-10,0,49,13.78
/blog/independent-medical-exams/,2026-08-11,0,59,8.31
/blog/independent-medical-exams/,2026-08-12,0,71,17.75
/blog/independent-medical-exams/,2026-08-13,1,87,19.71
/blog/independent-medical-exams/,2026-08-14,1,57,12.56
/blog/independent-medical-exams/,2026-08-15,0,28,24.11
/blog/independent-medical-exams/,2026-08-16,0,38,22.11
/blog/independent-medical-exams/,2026-08-17,0,41,18.15
/blog/independent-medical-exams/,2026-08-18,0,44,14.25
/blog/independent-medical-exams/,2026-08-19,0,38,24.74
/blog/independent-medical-exams/,2026-08-20,0,45,32.93
/blog/independent-medical-exams/,2026-08-21,0,36,31.75
/blog/independent-medical-exams/,2026-08-22,0,29,40.17
/blog/independent-medical-exams/,2026-08-23,0,33,24.36
/blog/independent-medical-exams/,2026-08-24,1,36,30.78
/blog/independent-medical-exams/,2026-08-25,0,40,35.65
/blog/independent-medical-exams/,2026-08-26,0,36,29.81
/blog/independent-medical-exams/,2026-08-27,1,53,29.77
/blog/independent-medical-exams/,2026-08-28,0,34,27.68
/blog/independent-medical-exams/,2026-08-29,0,33,42.3
/blog/independent-medical-exams/,2026-08-30,0,20,41.45
/blog/independent-medical-exams/,2026-08-31,3,43,19.05
/blog/independent-medical-exams/,2026-09-01,0,36,10.97
/blog/independent-medical-exams/,2026-09-02,0,43,8.58
/blog/independent-medical-exams/,2026-09-03,0,39,17.51
/blog/independent-medical-exams/,2026-09-04,0,22,21.77
/blog/independent-medical-exams/,2026-09-05,0,30,20
/blog/independent-medical-exams/,2026-09-06,0,18,24.72
/blog/independent-medical-exams/,2026-09-07,0,27,26.74
/blog/independent-medical-exams/,2026-09-08,0,34,23.85
/blog/independent-medical-exams/,2026-09-09,0,27,11.78
/blog/independent-medical-exams/,2026-09-10,0,41,16.02
/blog/independent-medical-exams/,2026-09-11,0,27,14.11
/blog/independent-medical-exams/,2026-09-12,0,13,26.92
/blog/independent-medical-exams/,2026-09-13,0,17,22.59
/blog/independent-medical-exams/,2026-09-14,0,29,16.14
/blog/independent-medical-exams/,2026-09-15,0,26,17.77
/blog/independent-medical-exams/,2026-09-16,0,38,9.89
/blog/independent-medical-exams/,2026-09-17,0,37,19.11
/blog/independent-medical-exams/,2026-09-18,0,26,16.27
/blog/independent-medical-exams/,2026-09-19,0,30,20.63
/blog/independent-medical-exams/,2026-09-20,0,13,20.46
/blog/independent-medical-exams/,2026-09-21,0,32,12.81
/blog/informed-consent/,2026-07-20,0,24,4.5
/blog/informed-consent/,2026-07-21,0,20,5.55
/blog/informed-consent/,2026-07-22,0,21,5.81
/blog/informed-consent/,2026-07-23,1,19,6.05
/blog/informed-consent/,2026-07-24,0,5,9.4
/blog/informed-consent/,2026-07-25,0,4,12.5
/blog/informed-consent/,2026-07-26,0,6,19.17
/blog/informed-consent/,2026-07-27,0,18,23.94
/blog/informed-consent/,2026-07-28,1,19,12.21
/blog/informed-consent/,2026-07-29,0,20,5.7
/blog/informed-consent/,2026-07-30,2,24,22.29
/blog/informed-consent/,2026-07-31,0,27,11
/blog/informed-consent/,2026-08-01,0,4,9.75
/blog/informed-consent/,2026-08-02,0,14,8.57
/blog/informed-consent/,2026-08-03,0,31,6.65
/blog/informed-consent/,2026-08-04,0,22,6.32
/blog/informed-consent/,2026-08-05,0,18,5.67
/blog/informed-consent/,2026-08-06,0,22,6.32
/blog/informed-consent/,2026-08-07,1,19,7.37
/blog/informed-consent/,2026-08-08,0,9,3.33
/blog/informed-consent/,2026-08-09,0,16,5.56
/blog/informed-consent/,2026-08-10,0,34,8.53
/blog/informed-consent/,2026-08-11,1,41,5.76
/blog/informed-consent/,2026-08-12,1,44,5.52
/blog/informed-consent/,2026-08-13,0,36,8.39
/blog/informed-consent/,2026-08-14,0,28,6.07
/blog/informed-consent/,2026-08-15,0,14,6
/blog/informed-consent/,2026-08-16,1,15,4.67
/blog/informed-consent/,2026-08-17,0,37,5.73
/blog/informed-consent/,2026-08-18,0,33,6.21
/blog/informed-consent/,2026-08-19,0,24,6.46
/blog/informed-consent/,2026-08-20,0,31,7.55
/blog/informed-consent/,2026-08-21,0,11,18.55
/blog/informed-consent/,2026-08-22,0,8,5.25
/blog/informed-consent/,2026-08-23,0,3,14.33
/blog/informed-consent/,2026-08-24,0,24,13.79
/blog/informed-consent/,2026-08-25,0,13,23.23
/blog/informed-consent/,2026-08-26,0,15,15.8
/blog/informed-consent/,2026-08-27,0,13,15.54
/blog/informed-consent/,2026-08-28,0,18,6.83
/blog/informed-consent/,2026-08-29,0,10,31.1
/blog/informed-consent/,2026-08-30,0,6,6.5
/blog/informed-consent/,2026-08-31,0,16,5.5
/blog/informed-consent/,2026-09-01,0,14,12.64
/blog/informed-consent/,2026-09-02,0,30,8.9
/blog/informed-consent/,2026-09-03,0,12,7.83
/blog/informed-consent/,2026-09-04,0,8,8.25
/blog/informed-consent/,2026-09-05,0,6,6.17
/blog/informed-consent/,2026-09-06,0,4,7.5
/blog/informed-consent/,2026-09-07,0,10,12.2
/blog/informed-consent/,2026-09-08,0,30,7.43
/blog/informed-consent/,2026-09-09,0,24,10.67
/blog/informed-consent/,2026-09-10,0,42,7.05
/blog/informed-consent/,2026-09-11,0,29,7.69
/blog/informed-consent/,2026-09-12,0,14,8.5
/blog/informed-consent/,2026-09-13,0,17,6.29
/blog/informed-consent/,2026-09-14,0,6,11.33
/blog/informed-consent/,2026-09-15,0,24,7.04
/blog/informed-consent/,2026-09-16,0,30,7.7
/blog/informed-consent/,2026-09-17,0,18,7.61
/blog/informed-consent/,2026-09-18,0,19,7.42
/blog/informed-consent/,2026-09-19,0,16,7.81
/blog/informed-consent/,2026-09-20,0,4,8.25
/blog/informed-consent/,2026-09-21,0,25,6.36
/blog/maximum-medical-improvement-in-an-injury-claim/,2026-07-20,0,14,3.14
/blog/maximum-medical-improvement-in-an-injury-claim/,2026-07-21,0,28,3.79
/blog/maximum-medical-improvement-in-an-injury-claim/,2026-07-22,0,15,4.13
/blog/maximum-medical-improvement-in-an-injury-claim/,2026-07-23,0,15,2.4
/blog/maximum-medical-improvement-in-an-injury-claim/,2026-07-24,0,15,2.93
/blog/maximum-medical-improvement-in-an-injury-claim/,2026-07-25,0,11,11.36
/blog/maximum-medical-improvement-in-an-injury-claim/,2026-07-26,0,15,14.67
/blog/maximum-medical-improvement-in-an-injury-claim/,2026-07-27,0,16,6.62
/blog/maximum-medical-improvement-in-an-injury-claim/,2026-07-28,0,29,5.69
/blog/maximum-medical-improvement-in-an-injury-claim/,2026-07-29,1,17,4.82
/blog/maximum-medical-improvement-in-an-injury-claim/,2026-07-30,0,26,11.92
/blog/maximum-medical-improvement-in-an-injury-claim/,2026-07-31,0,20,7.8
/blog/maximum-medical-improvement-in-an-injury-claim/,2026-08-01,0,18,10.72
/blog/maximum-medical-improvement-in-an-injury-claim/,2026-08-02,0,18,3.89
/blog/maximum-medical-improvement-in-an-injury-claim/,2026-08-03,0,15,3.73
/blog/maximum-medical-improvement-in-an-injury-claim/,2026-08-04,0,16,4.38
/blog/maximum-medical-improvement-in-an-injury-claim/,2026-08-05,0,28,4.89
/blog/maximum-medical-improvement-in-an-injury-claim/,2026-08-06,0,16,2.25
/blog/maximum-medical-improvement-in-an-injury-claim/,2026-08-07,0,23,4.35
/blog/maximum-medical-improvement-in-an-injury-claim/,2026-08-08,0,11,3.09
/blog/maximum-medical-improvement-in-an-injury-claim/,2026-08-09,0,7,3.71
/blog/maximum-medical-improvement-in-an-injury-claim/,2026-08-10,1,19,6.89
/blog/maximum-medical-improvement-in-an-injury-claim/,2026-08-11,0,21,3.86
/blog/maximum-medical-improvement-in-an-injury-claim/,2026-08-12,0,51,7.14
/blog/maximum-medical-improvement-in-an-injury-claim/,2026-08-13,0,54,11.11
/blog/maximum-medical-improvement-in-an-injury-claim/,2026-08-14,0,28,6.5
/blog/maximum-medical-improvement-in-an-injury-claim/,2026-08-15,0,15,7.07
/blog/maximum-medical-improvement-in-an-injury-claim/,2026-08-16,0,19,5.21
/blog/maximum-medical-improvement-in-an-injury-claim/,2026-08-17,1,27,3.89
/blog/maximum-medical-improvement-in-an-injury-claim/,2026-08-18,0,16,3.38
/blog/maximum-medical-improvement-in-an-injury-claim/,2026-08-19,1,14,7.57
/blog/maximum-medical-improvement-in-an-injury-claim/,2026-08-20,0,13,21.31
/blog/maximum-medical-improvement-in-an-injury-claim/,2026-08-21,0,11,8.82
/blog/maximum-medical-improvement-in-an-injury-claim/,2026-08-22,0,9,15.22
/blog/maximum-medical-improvement-in-an-injury-claim/,2026-08-23,0,5,5.8
/blog/maximum-medical-improvement-in-an-injury-claim/,2026-08-24,0,9,11.44
/blog/maximum-medical-improvement-in-an-injury-claim/,2026-08-25,0,8,26.25
/blog/maximum-medical-improvement-in-an-injury-claim/,2026-08-26,0,5,6.6
/blog/maximum-medical-improvement-in-an-injury-claim/,2026-08-27,0,9,16
/blog/maximum-medical-improvement-in-an-injury-claim/,2026-08-28,0,11,17.55
/blog/maximum-medical-improvement-in-an-injury-claim/,2026-08-29,0,4,27
/blog/maximum-medical-improvement-in-an-injury-claim/,2026-08-30,0,1,11
/blog/maximum-medical-improvement-in-an-injury-claim/,2026-08-31,0,5,19.6
/blog/maximum-medical-improvement-in-an-injury-claim/,2026-09-01,0,5,5.8
/blog/maximum-medical-improvement-in-an-injury-claim/,2026-09-02,0,1,6
/blog/maximum-medical-improvement-in-an-injury-claim/,2026-09-03,0,4,5.25
/blog/maximum-medical-improvement-in-an-injury-claim/,2026-09-04,0,5,8.2
/blog/maximum-medical-improvement-in-an-injury-claim/,2026-09-05,0,1,11
/blog/maximum-medical-improvement-in-an-injury-claim/,2026-09-06,0,0,0
/blog/maximum-medical-improvement-in-an-injury-claim/,2026-09-07,0,2,4
/blog/maximum-medical-improvement-in-an-injury-claim/,2026-09-08,0,9,6.44
/blog/maximum-medical-improvement-in-an-injury-claim/,2026-09-09,1,8,7.62
/blog/maximum-medical-improvement-in-an-injury-claim/,2026-09-10,0,11,5.91
/blog/maximum-medical-improvement-in-an-injury-claim/,2026-09-11,0,5,7.2
/blog/maximum-medical-improvement-in-an-injury-claim/,2026-09-12,0,4,5
/blog/maximum-medical-improvement-in-an-injury-claim/,2026-09-13,0,3,10
/blog/maximum-medical-improvement-in-an-injury-claim/,2026-09-14,0,9,7.22
/blog/maximum-medical-improvement-in-an-injury-claim/,2026-09-15,1,11,3.64
/blog/maximum-medical-improvement-in-an-injury-claim/,2026-09-16,0,12,11
/blog/maximum-medical-improvement-in-an-injury-claim/,2026-09-17,0,6,12.5
/blog/maximum-medical-improvement-in-an-injury-claim/,2026-09-18,0,10,18.8
/blog/maximum-medical-improvement-in-an-injury-claim/,2026-09-19,0,2,4.5
/blog/maximum-medical-improvement-in-an-injury-claim/,2026-09-20,0,2,3.5
/blog/maximum-medical-improvement-in-an-injury-claim/,2026-09-21,0,18,5.22
/blog/medical-malpractice-limits-south-carolina/,2026-07-20,0,42,15.9
/blog/medical-malpractice-limits-south-carolina/,2026-07-21,1,48,14.5
/blog/medical-malpractice-limits-south-carolina/,2026-07-22,1,52,17.65
/blog/medical-malpractice-limits-south-carolina/,2026-07-23,0,42,13.95
/blog/medical-malpractice-limits-south-carolina/,2026-07-24,1,30,19.67
/blog/medical-malpractice-limits-south-carolina/,2026-07-25,1,27,24.74
/blog/medical-malpractice-limits-south-carolina/,2026-07-26,0,34,20.09
/blog/medical-malpractice-limits-south-carolina/,2026-07-27,1,75,13.45
/blog/medical-malpractice-limits-south-carolina/,2026-07-28,0,59,15.92
/blog/medical-malpractice-limits-south-carolina/,2026-07-29,1,82,26.5
/blog/medical-malpractice-limits-south-carolina/,2026-07-30,2,60,18.38
/blog/medical-malpractice-limits-south-carolina/,2026-07-31,0,53,23.75
/blog/medical-malpractice-limits-south-carolina/,2026-08-01,1,40,15.97
/blog/medical-malpractice-limits-south-carolina/,2026-08-02,0,47,22.11
/blog/medical-malpractice-limits-south-carolina/,2026-08-03,0,69,10.83
/blog/medical-malpractice-limits-south-carolina/,2026-08-04,0,89,9.65
/blog/medical-malpractice-limits-south-carolina/,2026-08-05,1,81,14.81
/blog/medical-malpractice-limits-south-carolina/,2026-08-06,1,59,18.64
/blog/medical-malpractice-limits-south-carolina/,2026-08-07,0,56,10.84
/blog/medical-malpractice-limits-south-carolina/,2026-08-08,1,26,22.12
/blog/medical-malpractice-limits-south-carolina/,2026-08-09,1,55,18.02
/blog/medical-malpractice-limits-south-carolina/,2026-08-10,1,70,13.19
/blog/medical-malpractice-limits-south-carolina/,2026-08-11,1,59,13.03
/blog/medical-malpractice-limits-south-carolina/,2026-08-12,0,79,20.23
/blog/medical-malpractice-limits-south-carolina/,2026-08-13,2,58,10
/blog/medical-malpractice-limits-south-carolina/,2026-08-14,1,51,20.59
/blog/medical-malpractice-limits-south-carolina/,2026-08-15,0,33,16.58
/blog/medical-malpractice-limits-south-carolina/,2026-08-16,0,45,38.42
/blog/medical-malpractice-limits-south-carolina/,2026-08-17,2,64,17.03
/blog/medical-malpractice-limits-south-carolina/,2026-08-18,3,112,8.14
/blog/medical-malpractice-limits-south-carolina/,2026-08-19,3,82,11.07
/blog/medical-malpractice-limits-south-carolina/,2026-08-20,1,97,9.52
/blog/medical-malpractice-limits-south-carolina/,2026-08-21,1,94,9.95
/blog/medical-malpractice-limits-south-carolina/,2026-08-22,0,46,10.09
/blog/medical-malpractice-limits-south-carolina/,2026-08-23,1,50,7.64
/blog/medical-malpractice-limits-south-carolina/,2026-08-24,3,72,9.44
/blog/medical-malpractice-limits-south-carolina/,2026-08-25,1,91,8.38
/blog/medical-malpractice-limits-south-carolina/,2026-08-26,3,102,10.25
/blog/medical-malpractice-limits-south-carolina/,2026-08-27,2,92,9.34
/blog/medical-malpractice-limits-south-carolina/,2026-08-28,0,76,8.07
/blog/medical-malpractice-limits-south-carolina/,2026-08-29,1,45,10.62
/blog/medical-malpractice-limits-south-carolina/,2026-08-30,2,73,11.08
/blog/medical-malpractice-limits-south-carolina/,2026-08-31,0,86,8.4
/blog/medical-malpractice-limits-south-carolina/,2026-09-01,3,110,8.32
/blog/medical-malpractice-limits-south-carolina/,2026-09-02,1,127,9.2
/blog/medical-malpractice-limits-south-carolina/,2026-09-03,1,98,8.28
/blog/medical-malpractice-limits-south-carolina/,2026-09-04,3,77,8.32
/blog/medical-malpractice-limits-south-carolina/,2026-09-05,0,48,8.29
/blog/medical-malpractice-limits-south-carolina/,2026-09-06,0,62,8.76
/blog/medical-malpractice-limits-south-carolina/,2026-09-07,1,56,9.82
/blog/medical-malpractice-limits-south-carolina/,2026-09-08,3,119,8.61
/blog/medical-malpractice-limits-south-carolina/,2026-09-09,0,119,9.24
/blog/medical-malpractice-limits-south-carolina/,2026-09-10,0,115,8.7
/blog/medical-malpractice-limits-south-carolina/,2026-09-11,1,84,7.64
/blog/medical-malpractice-limits-south-carolina/,2026-09-12,0,55,8.65
/blog/medical-malpractice-limits-south-carolina/,2026-09-13,0,74,9.99
/blog/medical-malpractice-limits-south-carolina/,2026-09-14,0,88,7.95
/blog/medical-malpractice-limits-south-carolina/,2026-09-15,4,140,8.46
/blog/medical-malpractice-limits-south-carolina/,2026-09-16,1,118,9.04
/blog/medical-malpractice-limits-south-carolina/,2026-09-17,0,85,7.99
/blog/medical-malpractice-limits-south-carolina/,2026-09-18,1,69,8.42
/blog/medical-malpractice-limits-south-carolina/,2026-09-19,0,48,10.62
/blog/medical-malpractice-limits-south-carolina/,2026-09-20,2,53,8.74
/blog/medical-malpractice-limits-south-carolina/,2026-09-21,0,75,7.36
/blog/myrtle-beach-dangerous-roads-intersections/,2026-07-20,2,190,6.08
/blog/myrtle-beach-dangerous-roads-intersections/,2026-07-21,1,134,8.18
/blog/myrtle-beach-dangerous-roads-intersections/,2026-07-22,0,122,9.55
/blog/myrtle-beach-dangerous-roads-intersections/,2026-07-23,0,126,10.31
/blog/myrtle-beach-dangerous-roads-intersections/,2026-07-24,0,120,9.56
/blog/myrtle-beach-dangerous-roads-intersections/,2026-07-25,0,171,9.96
/blog/myrtle-beach-dangerous-roads-intersections/,2026-07-26,1,195,9.64
/blog/myrtle-beach-dangerous-roads-intersections/,2026-07-27,2,247,8.89
/blog/myrtle-beach-dangerous-roads-intersections/,2026-07-28,0,260,6.87
/blog/myrtle-beach-dangerous-roads-intersections/,2026-07-29,3,213,6.69
/blog/myrtle-beach-dangerous-roads-intersections/,2026-07-30,1,234,7.08
/blog/myrtle-beach-dangerous-roads-intersections/,2026-07-31,1,241,7.12
/blog/myrtle-beach-dangerous-roads-intersections/,2026-08-01,0,243,6.94
/blog/myrtle-beach-dangerous-roads-intersections/,2026-08-02,0,286,7.13
/blog/myrtle-beach-dangerous-roads-intersections/,2026-08-03,2,238,7.05
/blog/myrtle-beach-dangerous-roads-intersections/,2026-08-04,1,245,7.11
/blog/myrtle-beach-dangerous-roads-intersections/,2026-08-05,0,235,7.39
/blog/myrtle-beach-dangerous-roads-intersections/,2026-08-06,2,213,6.96
/blog/myrtle-beach-dangerous-roads-intersections/,2026-08-07,0,250,6.82
/blog/myrtle-beach-dangerous-roads-intersections/,2026-08-08,0,266,6.96
/blog/myrtle-beach-dangerous-roads-intersections/,2026-08-09,0,249,6.78
/blog/myrtle-beach-dangerous-roads-intersections/,2026-08-10,0,271,7.1
/blog/myrtle-beach-dangerous-roads-intersections/,2026-08-11,0,244,6.39
/blog/myrtle-beach-dangerous-roads-intersections/,2026-08-12,1,256,6.62
/blog/myrtle-beach-dangerous-roads-intersections/,2026-08-13,0,226,6.38
/blog/myrtle-beach-dangerous-roads-intersections/,2026-08-14,1,249,6.53
/blog/myrtle-beach-dangerous-roads-intersections/,2026-08-15,0,260,6.74
/blog/myrtle-beach-dangerous-roads-intersections/,2026-08-16,2,254,6.72
/blog/myrtle-beach-dangerous-roads-intersections/,2026-08-17,0,210,6.71
/blog/myrtle-beach-dangerous-roads-intersections/,2026-08-18,0,214,6.95
/blog/myrtle-beach-dangerous-roads-intersections/,2026-08-19,0,168,7.24
/blog/myrtle-beach-dangerous-roads-intersections/,2026-08-20,0,176,8.51
/blog/myrtle-beach-dangerous-roads-intersections/,2026-08-21,1,201,8.16
/blog/myrtle-beach-dangerous-roads-intersections/,2026-08-22,0,205,7.92
/blog/myrtle-beach-dangerous-roads-intersections/,2026-08-23,0,186,8.21
/blog/myrtle-beach-dangerous-roads-intersections/,2026-08-24,0,197,7.98
/blog/myrtle-beach-dangerous-roads-intersections/,2026-08-25,2,155,8.1
/blog/myrtle-beach-dangerous-roads-intersections/,2026-08-26,1,174,8.03
/blog/myrtle-beach-dangerous-roads-intersections/,2026-08-27,1,176,7.22
/blog/myrtle-beach-dangerous-roads-intersections/,2026-08-28,2,161,6.63
/blog/myrtle-beach-dangerous-roads-intersections/,2026-08-29,1,173,8.11
/blog/myrtle-beach-dangerous-roads-intersections/,2026-08-30,0,182,8.31
/blog/myrtle-beach-dangerous-roads-intersections/,2026-08-31,0,246,9.05
/blog/myrtle-beach-dangerous-roads-intersections/,2026-09-01,0,183,8.45
/blog/myrtle-beach-dangerous-roads-intersections/,2026-09-02,1,191,8.16
/blog/myrtle-beach-dangerous-roads-intersections/,2026-09-03,1,184,7.03
/blog/myrtle-beach-dangerous-roads-intersections/,2026-09-04,0,172,7.9
/blog/myrtle-beach-dangerous-roads-intersections/,2026-09-05,0,170,8.64
/blog/myrtle-beach-dangerous-roads-intersections/,2026-09-06,1,189,8.92
/blog/myrtle-beach-dangerous-roads-intersections/,2026-09-07,0,182,9.04
/blog/myrtle-beach-dangerous-roads-intersections/,2026-09-08,0,142,9.15
/blog/myrtle-beach-dangerous-roads-intersections/,2026-09-09,1,144,8.97
/blog/myrtle-beach-dangerous-roads-intersections/,2026-09-10,0,139,8.4
/blog/myrtle-beach-dangerous-roads-intersections/,2026-09-11,0,156,8.22
/blog/myrtle-beach-dangerous-roads-intersections/,2026-09-12,0,108,8.18
/blog/myrtle-beach-dangerous-roads-intersections/,2026-09-13,0,116,8.79
/blog/myrtle-beach-dangerous-roads-intersections/,2026-09-14,1,122,9.07
/blog/myrtle-beach-dangerous-roads-intersections/,2026-09-15,3,130,9.22
/blog/myrtle-beach-dangerous-roads-intersections/,2026-09-16,2,127,9.73
/blog/myrtle-beach-dangerous-roads-intersections/,2026-09-17,1,102,9.25
/blog/myrtle-beach-dangerous-roads-intersections/,2026-09-18,0,98,9.13
/blog/myrtle-beach-dangerous-roads-intersections/,2026-09-19,1,106,9.84
/blog/myrtle-beach-dangerous-roads-intersections/,2026-09-20,0,127,10.05
/blog/myrtle-beach-dangerous-roads-intersections/,2026-09-21,0,119,10.03
/blog/nerve-damage-after-charleston-car-crash/,2026-07-20,0,14,8.71
/blog/nerve-damage-after-charleston-car-crash/,2026-07-21,0,9,2.44
/blog/nerve-damage-after-charleston-car-crash/,2026-07-22,0,12,2
/blog/nerve-damage-after-charleston-car-crash/,2026-07-23,0,7,1.86
/blog/nerve-damage-after-charleston-car-crash/,2026-07-24,0,11,1.91
/blog/nerve-damage-after-charleston-car-crash/,2026-07-25,0,9,2
/blog/nerve-damage-after-charleston-car-crash/,2026-07-26,0,9,22
/blog/nerve-damage-after-charleston-car-crash/,2026-07-27,0,7,36.29
/blog/nerve-damage-after-charleston-car-crash/,2026-07-28,0,11,10.55
/blog/nerve-damage-after-charleston-car-crash/,2026-07-29,0,8,2.5
/blog/nerve-damage-after-charleston-car-crash/,2026-07-30,0,13,14.69
/blog/nerve-damage-after-charleston-car-crash/,2026-07-31,0,15,16.33
/blog/nerve-damage-after-charleston-car-crash/,2026-08-01,0,14,8.71
/blog/nerve-damage-after-charleston-car-crash/,2026-08-02,0,14,2.71
/blog/nerve-damage-after-charleston-car-crash/,2026-08-03,0,22,3.64
/blog/nerve-damage-after-charleston-car-crash/,2026-08-04,0,12,2.08
/blog/nerve-damage-after-charleston-car-crash/,2026-08-05,0,10,10.7
/blog/nerve-damage-after-charleston-car-crash/,2026-08-06,0,14,3.71
/blog/nerve-damage-after-charleston-car-crash/,2026-08-07,0,24,2.38
/blog/nerve-damage-after-charleston-car-crash/,2026-08-08,0,13,11.15
/blog/nerve-damage-after-charleston-car-crash/,2026-08-09,0,17,2.59
/blog/nerve-damage-after-charleston-car-crash/,2026-08-10,0,19,6.68
/blog/nerve-damage-after-charleston-car-crash/,2026-08-11,0,29,8.14
/blog/nerve-damage-after-charleston-car-crash/,2026-08-12,0,43,4.65
/blog/nerve-damage-after-charleston-car-crash/,2026-08-13,0,48,8.1
/blog/nerve-damage-after-charleston-car-crash/,2026-08-14,0,39,2.97
/blog/nerve-damage-after-charleston-car-crash/,2026-08-15,0,26,5.58
/blog/nerve-damage-after-charleston-car-crash/,2026-08-16,0,19,2
/blog/nerve-damage-after-charleston-car-crash/,2026-08-17,0,28,10
/blog/nerve-damage-after-charleston-car-crash/,2026-08-18,0,36,4.5
/blog/nerve-damage-after-charleston-car-crash/,2026-08-19,0,29,3.28
/blog/nerve-damage-after-charleston-car-crash/,2026-08-20,0,7,2
/blog/nerve-damage-after-charleston-car-crash/,2026-08-21,0,8,24.38
/blog/nerve-damage-after-charleston-car-crash/,2026-08-22,0,6,2.83
/blog/nerve-damage-after-charleston-car-crash/,2026-08-23,0,7,2.71
/blog/nerve-damage-after-charleston-car-crash/,2026-08-24,0,0,0
/blog/nerve-damage-after-charleston-car-crash/,2026-08-25,0,2,5.5
/blog/nerve-damage-after-charleston-car-crash/,2026-08-26,0,0,0
/blog/nerve-damage-after-charleston-car-crash/,2026-08-27,0,0,0
/blog/nerve-damage-after-charleston-car-crash/,2026-08-28,0,0,0
/blog/nerve-damage-after-charleston-car-crash/,2026-08-29,0,0,0
/blog/nerve-damage-after-charleston-car-crash/,2026-08-30,0,3,63.67
/blog/nerve-damage-after-charleston-car-crash/,2026-08-31,0,1,8
/blog/nerve-damage-after-charleston-car-crash/,2026-09-01,0,2,7
/blog/nerve-damage-after-charleston-car-crash/,2026-09-02,0,0,0
/blog/nerve-damage-after-charleston-car-crash/,2026-09-03,0,2,9
/blog/nerve-damage-after-charleston-car-crash/,2026-09-04,0,1,4
/blog/nerve-damage-after-charleston-car-crash/,2026-09-05,0,0,0
/blog/nerve-damage-after-charleston-car-crash/,2026-09-06,0,1,11
/blog/nerve-damage-after-charleston-car-crash/,2026-09-07,0,2,81
/blog/nerve-damage-after-charleston-car-crash/,2026-09-08,0,0,0
/blog/nerve-damage-after-charleston-car-crash/,2026-09-09,0,3,20.33
/blog/nerve-damage-after-charleston-car-crash/,2026-09-10,0,0,0
/blog/nerve-damage-after-charleston-car-crash/,2026-09-11,0,0,0
/blog/nerve-damage-after-charleston-car-crash/,2026-09-12,0,0,0
/blog/nerve-damage-after-charleston-car-crash/,2026-09-13,0,1,99
/blog/nerve-damage-after-charleston-car-crash/,2026-09-14,0,2,10
/blog/nerve-damage-after-charleston-car-crash/,2026-09-15,0,6,28.67
/blog/nerve-damage-after-charleston-car-crash/,2026-09-16,0,1,23
/blog/nerve-damage-after-charleston-car-crash/,2026-09-17,0,0,0
/blog/nerve-damage-after-charleston-car-crash/,2026-09-18,0,0,0
/blog/nerve-damage-after-charleston-car-crash/,2026-09-19,0,0,0
/blog/nerve-damage-after-charleston-car-crash/,2026-09-20,0,3,6
/blog/nerve-damage-after-charleston-car-crash/,2026-09-21,0,6,47
/blog/rear-end-accident-injuries/,2026-07-20,0,35,29.11
/blog/rear-end-accident-injuries/,2026-07-21,0,33,11.97
/blog/rear-end-accident-injuries/,2026-07-22,1,25,16.84
/blog/rear-end-accident-injuries/,2026-07-23,0,25,22
/blog/rear-end-accident-injuries/,2026-07-24,1,25,21.72
/blog/rear-end-accident-injuries/,2026-07-25,0,24,27.29
/blog/rear-end-accident-injuries/,2026-07-26,0,50,52.8
/blog/rear-end-accident-injuries/,2026-07-27,0,47,27.23
/blog/rear-end-accident-injuries/,2026-07-28,0,47,30.57
/blog/rear-end-accident-injuries/,2026-07-29,0,43,23.21
/blog/rear-end-accident-injuries/,2026-07-30,0,41,28.51
/blog/rear-end-accident-injuries/,2026-07-31,0,81,40.21
/blog/rear-end-accident-injuries/,2026-08-01,0,37,25.27
/blog/rear-end-accident-injuries/,2026-08-02,0,46,20.59
/blog/rear-end-accident-injuries/,2026-08-03,0,60,21.78
/blog/rear-end-accident-injuries/,2026-08-04,0,30,15.77
/blog/rear-end-accident-injuries/,2026-08-05,0,61,16.46
/blog/rear-end-accident-injuries/,2026-08-06,0,73,12.95
/blog/rear-end-accident-injuries/,2026-08-07,0,28,21.43
/blog/rear-end-accident-injuries/,2026-08-08,0,33,25.79
/blog/rear-end-accident-injuries/,2026-08-09,1,33,37.12
/blog/rear-end-accident-injuries/,2026-08-10,2,44,32.23
/blog/rear-end-accident-injuries/,2026-08-11,0,60,25.83
/blog/rear-end-accident-injuries/,2026-08-12,0,50,31.92
/blog/rear-end-accident-injuries/,2026-08-13,0,78,24.22
/blog/rear-end-accident-injuries/,2026-08-14,1,42,28.05
/blog/rear-end-accident-injuries/,2026-08-15,0,46,27.22
/blog/rear-end-accident-injuries/,2026-08-16,2,50,30.36
/blog/rear-end-accident-injuries/,2026-08-17,1,72,22.97
/blog/rear-end-accident-injuries/,2026-08-18,0,46,22.93
/blog/rear-end-accident-injuries/,2026-08-19,0,43,22.63
/blog/rear-end-accident-injuries/,2026-08-20,0,60,29.13
/blog/rear-end-accident-injuries/,2026-08-21,0,23,27.57
/blog/rear-end-accident-injuries/,2026-08-22,0,39,47.31
/blog/rear-end-accident-injuries/,2026-08-23,0,58,35.19
/blog/rear-end-accident-injuries/,2026-08-24,0,31,43.81
/blog/rear-end-accident-injuries/,2026-08-25,0,63,38.32
/blog/rear-end-accident-injuries/,2026-08-26,0,62,29.61
/blog/rear-end-accident-injuries/,2026-08-27,0,48,32.6
/blog/rear-end-accident-injuries/,2026-08-28,0,33,36.42
/blog/rear-end-accident-injuries/,2026-08-29,0,43,43.95
/blog/rear-end-accident-injuries/,2026-08-30,0,51,41.98
/blog/rear-end-accident-injuries/,2026-08-31,0,35,32.86
/blog/rear-end-accident-injuries/,2026-09-01,1,28,31.29
/blog/rear-end-accident-injuries/,2026-09-02,0,46,15.91
/blog/rear-end-accident-injuries/,2026-09-03,0,52,17.5
/blog/rear-end-accident-injuries/,2026-09-04,0,48,20.52
/blog/rear-end-accident-injuries/,2026-09-05,0,23,19.83
/blog/rear-end-accident-injuries/,2026-09-06,0,46,28.13
/blog/rear-end-accident-injuries/,2026-09-07,0,26,24.04
/blog/rear-end-accident-injuries/,2026-09-08,0,56,23.71
/blog/rear-end-accident-injuries/,2026-09-09,0,54,18.83
/blog/rear-end-accident-injuries/,2026-09-10,0,54,14.63
/blog/rear-end-accident-injuries/,2026-09-11,0,58,15.86
/blog/rear-end-accident-injuries/,2026-09-12,0,38,15
/blog/rear-end-accident-injuries/,2026-09-13,0,46,14.89
/blog/rear-end-accident-injuries/,2026-09-14,0,41,15.66
/blog/rear-end-accident-injuries/,2026-09-15,0,32,14.28
/blog/rear-end-accident-injuries/,2026-09-16,0,25,5.28
/blog/rear-end-accident-injuries/,2026-09-17,0,58,10.76
/blog/rear-end-accident-injuries/,2026-09-18,0,33,11.36
/blog/rear-end-accident-injuries/,2026-09-19,0,27,17.44
/blog/rear-end-accident-injuries/,2026-09-20,0,18,19.22
/blog/rear-end-accident-injuries/,2026-09-21,0,24,7.92
/blog/rear-end-collision-liability/,2026-07-20,0,15,30.6
/blog/rear-end-collision-liability/,2026-07-21,0,9,15.89
/blog/rear-end-collision-liability/,2026-07-22,0,11,18.18
/blog/rear-end-collision-liability/,2026-07-23,0,16,16.62
/blog/rear-end-collision-liability/,2026-07-24,0,12,8.58
/blog/rear-end-collision-liability/,2026-07-25,0,6,44
/blog/rear-end-collision-liability/,2026-07-26,0,17,52.35
/blog/rear-end-collision-liability/,2026-07-27,0,15,34.47
/blog/rear-end-collision-liability/,2026-07-28,0,16,21.56
/blog/rear-end-collision-liability/,2026-07-29,0,17,37.94
/blog/rear-end-collision-liability/,2026-07-30,0,18,47.72
/blog/rear-end-collision-liability/,2026-07-31,0,29,54.03
/blog/rear-end-collision-liability/,2026-08-01,0,14,36.86
/blog/rear-end-collision-liability/,2026-08-02,0,13,43.38
/blog/rear-end-collision-liability/,2026-08-03,0,25,25.92
/blog/rear-end-collision-liability/,2026-08-04,0,22,31
/blog/rear-end-collision-liability/,2026-08-05,1,23,31.3
/blog/rear-end-collision-liability/,2026-08-06,0,19,34.95
/blog/rear-end-collision-liability/,2026-08-07,0,20,42.55
/blog/rear-end-collision-liability/,2026-08-08,0,12,31.17
/blog/rear-end-collision-liability/,2026-08-09,0,25,47.12
/blog/rear-end-collision-liability/,2026-08-10,0,29,53.38
/blog/rear-end-collision-liability/,2026-08-11,0,22,32.68
/blog/rear-end-collision-liability/,2026-08-12,0,25,44.76
/blog/rear-end-collision-liability/,2026-08-13,0,33,64.03
/blog/rear-end-collision-liability/,2026-08-14,0,36,63.72
/blog/rear-end-collision-liability/,2026-08-15,0,11,48.73
/blog/rear-end-collision-liability/,2026-08-16,0,26,59.42
/blog/rear-end-collision-liability/,2026-08-17,0,26,46.77
/blog/rear-end-collision-liability/,2026-08-18,0,22,36.27
/blog/rear-end-collision-liability/,2026-08-19,1,22,38.23
/blog/rear-end-collision-liability/,2026-08-20,0,16,49.5
/blog/rear-end-collision-liability/,2026-08-21,0,14,17.43
/blog/rear-end-collision-liability/,2026-08-22,0,4,8
/blog/rear-end-collision-liability/,2026-08-23,1,9,5.44
/blog/rear-end-collision-liability/,2026-08-24,0,11,49.36
/blog/rear-end-collision-liability/,2026-08-25,0,7,10.86
/blog/rear-end-collision-liability/,2026-08-26,0,4,6.25
/blog/rear-end-collision-liability/,2026-08-27,0,10,14
/blog/rear-end-collision-liability/,2026-08-28,1,10,24.6
/blog/rear-end-collision-liability/,2026-08-29,0,19,14.26
/blog/rear-end-collision-liability/,2026-08-30,0,20,7.65
/blog/rear-end-collision-liability/,2026-08-31,0,16,5.31
/blog/rear-end-collision-liability/,2026-09-01,0,27,7.7
/blog/rear-end-collision-liability/,2026-09-02,0,21,5.48
/blog/rear-end-collision-liability/,2026-09-03,0,11,5.45
/blog/rear-end-collision-liability/,2026-09-04,0,9,5.44
/blog/rear-end-collision-liability/,2026-09-05,0,4,3.75
/blog/rear-end-collision-liability/,2026-09-06,0,8,6.38
/blog/rear-end-collision-liability/,2026-09-07,1,9,4.44
/blog/rear-end-collision-liability/,2026-09-08,0,8,5.62
/blog/rear-end-collision-liability/,2026-09-09,0,6,10.67
/blog/rear-end-collision-liability/,2026-09-10,1,8,5.5
/blog/rear-end-collision-liability/,2026-09-11,0,13,17.69
/blog/rear-end-collision-liability/,2026-09-12,0,13,11.77
/blog/rear-end-collision-liability/,2026-09-13,0,11,5.45
/blog/rear-end-collision-liability/,2026-09-14,0,6,6
/blog/rear-end-collision-liability/,2026-09-15,0,16,5.94
/blog/rear-end-collision-liability/,2026-09-16,0,21,7.24
/blog/rear-end-collision-liability/,2026-09-17,0,21,7.05
/blog/rear-end-collision-liability/,2026-09-18,0,8,13.62
/blog/rear-end-collision-liability/,2026-09-19,0,12,4.33
/blog/rear-end-collision-liability/,2026-09-20,0,8,6.38
/blog/rear-end-collision-liability/,2026-09-21,0,12,5.08
/blog/resolving-claims-through-arbitration/,2026-07-20,0,15,54.47
/blog/resolving-claims-through-arbitration/,2026-07-21,0,8,36.62
/blog/resolving-claims-through-arbitration/,2026-07-22,0,12,36.58
/blog/resolving-claims-through-arbitration/,2026-07-23,0,11,58.36
/blog/resolving-claims-through-arbitration/,2026-07-24,0,8,62.5
/blog/resolving-claims-through-arbitration/,2026-07-25,0,15,62.87
/blog/resolving-claims-through-arbitration/,2026-07-26,0,26,58.15
/blog/resolving-claims-through-arbitration/,2026-07-27,0,25,27.68
/blog/resolving-claims-through-arbitration/,2026-07-28,0,21,57.38
/blog/resolving-claims-through-arbitration/,2026-07-29,0,11,25.55
/blog/resolving-claims-through-arbitration/,2026-07-30,0,29,58.41
/blog/resolving-claims-through-arbitration/,2026-07-31,0,30,47.2
/blog/resolving-claims-through-arbitration/,2026-08-01,0,7,53.14
/blog/resolving-claims-through-arbitration/,2026-08-02,1,14,54.29
/blog/resolving-claims-through-arbitration/,2026-08-03,0,17,32.65
/blog/resolving-claims-through-arbitration/,2026-08-04,0,19,38.68
/blog/resolving-claims-through-arbitration/,2026-08-05,0,16,31.62
/blog/resolving-claims-through-arbitration/,2026-08-06,0,11,34.55
/blog/resolving-claims-through-arbitration/,2026-08-07,0,8,22.25
/blog/resolving-claims-through-arbitration/,2026-08-08,0,6,45.5
/blog/resolving-claims-through-arbitration/,2026-08-09,0,8,54.25
/blog/resolving-claims-through-arbitration/,2026-08-10,0,19,32.53
/blog/resolving-claims-through-arbitration/,2026-08-11,0,15,34.53
/blog/resolving-claims-through-arbitration/,2026-08-12,0,21,33.71
/blog/resolving-claims-through-arbitration/,2026-08-13,1,43,32.74
/blog/resolving-claims-through-arbitration/,2026-08-14,0,17,37.88
/blog/resolving-claims-through-arbitration/,2026-08-15,0,14,45.79
/blog/resolving-claims-through-arbitration/,2026-08-16,0,15,30.73
/blog/resolving-claims-through-arbitration/,2026-08-17,0,23,48.61
/blog/resolving-claims-through-arbitration/,2026-08-18,1,29,39.55
/blog/resolving-claims-through-arbitration/,2026-08-19,0,22,47.86
/blog/resolving-claims-through-arbitration/,2026-08-20,0,29,58.52
/blog/resolving-claims-through-arbitration/,2026-08-21,0,20,49.85
/blog/resolving-claims-through-arbitration/,2026-08-22,0,11,52.82
/blog/resolving-claims-through-arbitration/,2026-08-23,0,21,48.76
/blog/resolving-claims-through-arbitration/,2026-08-24,0,26,60.19
/blog/resolving-claims-through-arbitration/,2026-08-25,0,32,61.38
/blog/resolving-claims-through-arbitration/,2026-08-26,0,25,55.88
/blog/resolving-claims-through-arbitration/,2026-08-27,0,29,61.48
/blog/resolving-claims-through-arbitration/,2026-08-28,0,28,50.04
/blog/resolving-claims-through-arbitration/,2026-08-29,0,27,58.56
/blog/resolving-claims-through-arbitration/,2026-08-30,0,6,59.17
/blog/resolving-claims-through-arbitration/,2026-08-31,0,19,59.05
/blog/resolving-claims-through-arbitration/,2026-09-01,0,19,48.47
/blog/resolving-claims-through-arbitration/,2026-09-02,1,12,31.58
/blog/resolving-claims-through-arbitration/,2026-09-03,0,16,44.44
/blog/resolving-claims-through-arbitration/,2026-09-04,0,4,13
/blog/resolving-claims-through-arbitration/,2026-09-05,0,9,43.11
/blog/resolving-claims-through-arbitration/,2026-09-06,0,4,6.75
/blog/resolving-claims-through-arbitration/,2026-09-07,0,9,36.11
/blog/resolving-claims-through-arbitration/,2026-09-08,1,14,26.57
/blog/resolving-claims-through-arbitration/,2026-09-09,0,16,13.94
/blog/resolving-claims-through-arbitration/,2026-09-10,0,21,42
/blog/resolving-claims-through-arbitration/,2026-09-11,0,23,25.96
/blog/resolving-claims-through-arbitration/,2026-09-12,0,7,56.29
/blog/resolving-claims-through-arbitration/,2026-09-13,0,5,41.6
/blog/resolving-claims-through-arbitration/,2026-09-14,0,10,11.8
/blog/resolving-claims-through-arbitration/,2026-09-15,0,13,26.92
/blog/resolving-claims-through-arbitration/,2026-09-16,0,9,32.33
/blog/resolving-claims-through-arbitration/,2026-09-17,0,18,29.56
/blog/resolving-claims-through-arbitration/,2026-09-18,0,7,37.43
/blog/resolving-claims-through-arbitration/,2026-09-19,0,7,35.57
/blog/resolving-claims-through-arbitration/,2026-09-20,0,7,29
/blog/resolving-claims-through-arbitration/,2026-09-21,0,6,6.5
/blog/rollover-crashes-and-what-they-do-to-your-body/,2026-07-20,0,89,34.91
/blog/rollover-crashes-and-what-they-do-to-your-body/,2026-07-21,0,85,34.62
/blog/rollover-crashes-and-what-they-do-to-your-body/,2026-07-22,0,84,27.19
/blog/rollover-crashes-and-what-they-do-to-your-body/,2026-07-23,0,77,35.86
/blog/rollover-crashes-and-what-they-do-to-your-body/,2026-07-24,0,85,43.69
/blog/rollover-crashes-and-what-they-do-to-your-body/,2026-07-25,0,80,43.2
/blog/rollover-crashes-and-what-they-do-to-your-body/,2026-07-26,0,85,38.6
/blog/rollover-crashes-and-what-they-do-to-your-body/,2026-07-27,0,92,41.13
/blog/rollover-crashes-and-what-they-do-to-your-body/,2026-07-28,0,94,39.97
/blog/rollover-crashes-and-what-they-do-to-your-body/,2026-07-29,0,78,42.97
/blog/rollover-crashes-and-what-they-do-to-your-body/,2026-07-30,0,98,42.92
/blog/rollover-crashes-and-what-they-do-to-your-body/,2026-07-31,0,63,46.65
/blog/rollover-crashes-and-what-they-do-to-your-body/,2026-08-01,0,111,49.4
/blog/rollover-crashes-and-what-they-do-to-your-body/,2026-08-02,0,85,43.6
/blog/rollover-crashes-and-what-they-do-to-your-body/,2026-08-03,0,86,36.3
/blog/rollover-crashes-and-what-they-do-to-your-body/,2026-08-04,0,77,35.83
/blog/rollover-crashes-and-what-they-do-to-your-body/,2026-08-05,0,108,40.31
/blog/rollover-crashes-and-what-they-do-to-your-body/,2026-08-06,0,110,37.48
/blog/rollover-crashes-and-what-they-do-to-your-body/,2026-08-07,0,107,36.08
/blog/rollover-crashes-and-what-they-do-to-your-body/,2026-08-08,0,88,44.7
/blog/rollover-crashes-and-what-they-do-to-your-body/,2026-08-09,0,88,39.52
/blog/rollover-crashes-and-what-they-do-to-your-body/,2026-08-10,0,101,38.02
/blog/rollover-crashes-and-what-they-do-to-your-body/,2026-08-11,0,108,36.73
/blog/rollover-crashes-and-what-they-do-to-your-body/,2026-08-12,0,138,35.04
/blog/rollover-crashes-and-what-they-do-to-your-body/,2026-08-13,0,143,34.9
/blog/rollover-crashes-and-what-they-do-to-your-body/,2026-08-14,0,85,47.53
/blog/rollover-crashes-and-what-they-do-to-your-body/,2026-08-15,0,77,46.22
/blog/rollover-crashes-and-what-they-do-to-your-body/,2026-08-16,0,111,44.74
/blog/rollover-crashes-and-what-they-do-to-your-body/,2026-08-17,0,135,35.21
/blog/rollover-crashes-and-what-they-do-to-your-body/,2026-08-18,0,165,29.61
/blog/rollover-crashes-and-what-they-do-to-your-body/,2026-08-19,1,124,37.9
/blog/rollover-crashes-and-what-they-do-to-your-body/,2026-08-20,1,132,35.09
/blog/rollover-crashes-and-what-they-do-to-your-body/,2026-08-21,0,97,41.71
/blog/rollover-crashes-and-what-they-do-to-your-body/,2026-08-22,0,98,41.31
/blog/rollover-crashes-and-what-they-do-to-your-body/,2026-08-23,0,113,43.98
/blog/rollover-crashes-and-what-they-do-to-your-body/,2026-08-24,0,114,38.73
/blog/rollover-crashes-and-what-they-do-to-your-body/,2026-08-25,1,139,39.73
/blog/rollover-crashes-and-what-they-do-to-your-body/,2026-08-26,0,128,43
/blog/rollover-crashes-and-what-they-do-to-your-body/,2026-08-27,0,142,40.53
/blog/rollover-crashes-and-what-they-do-to-your-body/,2026-08-28,0,122,43.75
/blog/rollover-crashes-and-what-they-do-to-your-body/,2026-08-29,0,116,45.59
/blog/rollover-crashes-and-what-they-do-to-your-body/,2026-08-30,0,127,42.28
/blog/rollover-crashes-and-what-they-do-to-your-body/,2026-08-31,0,113,38.77
/blog/rollover-crashes-and-what-they-do-to-your-body/,2026-09-01,0,138,30.24
/blog/rollover-crashes-and-what-they-do-to-your-body/,2026-09-02,0,150,26.19
/blog/rollover-crashes-and-what-they-do-to-your-body/,2026-09-03,0,139,28.41
/blog/rollover-crashes-and-what-they-do-to-your-body/,2026-09-04,0,139,30.58
/blog/rollover-crashes-and-what-they-do-to-your-body/,2026-09-05,0,131,27.76
/blog/rollover-crashes-and-what-they-do-to-your-body/,2026-09-06,0,137,30.96
/blog/rollover-crashes-and-what-they-do-to-your-body/,2026-09-07,0,149,27.36
/blog/rollover-crashes-and-what-they-do-to-your-body/,2026-09-08,0,143,28.27
/blog/rollover-crashes-and-what-they-do-to-your-body/,2026-09-09,1,134,27.05
/blog/rollover-crashes-and-what-they-do-to-your-body/,2026-09-10,0,142,21.46
/blog/rollover-crashes-and-what-they-do-to-your-body/,2026-09-11,0,116,26.45
/blog/rollover-crashes-and-what-they-do-to-your-body/,2026-09-12,0,103,32.26
/blog/rollover-crashes-and-what-they-do-to-your-body/,2026-09-13,1,133,26.47
/blog/rollover-crashes-and-what-they-do-to-your-body/,2026-09-14,0,161,26.72
/blog/rollover-crashes-and-what-they-do-to-your-body/,2026-09-15,0,149,23.28
/blog/rollover-crashes-and-what-they-do-to-your-body/,2026-09-16,0,127,22.93
/blog/rollover-crashes-and-what-they-do-to-your-body/,2026-09-17,0,129,20.25
/blog/rollover-crashes-and-what-they-do-to-your-body/,2026-09-18,0,152,18.73
/blog/rollover-crashes-and-what-they-do-to-your-body/,2026-09-19,0,131,21.32
/blog/rollover-crashes-and-what-they-do-to-your-body/,2026-09-20,0,114,21.84
/blog/rollover-crashes-and-what-they-do-to-your-body/,2026-09-21,0,137,19.44
/blog/switching-lawyers-during-a-case/,2026-07-20,0,23,8.91
/blog/switching-lawyers-during-a-case/,2026-07-21,0,32,6.84
/blog/switching-lawyers-during-a-case/,2026-07-22,1,39,10.23
/blog/switching-lawyers-during-a-case/,2026-07-23,0,32,13.31
/blog/switching-lawyers-during-a-case/,2026-07-24,0,34,13.35
/blog/switching-lawyers-during-a-case/,2026-07-25,0,23,19.39
/blog/switching-lawyers-during-a-case/,2026-07-26,0,21,8.86
/blog/switching-lawyers-during-a-case/,2026-07-27,1,50,11.06
/blog/switching-lawyers-during-a-case/,2026-07-28,0,52,10.17
/blog/switching-lawyers-during-a-case/,2026-07-29,0,54,9.81
/blog/switching-lawyers-during-a-case/,2026-07-30,0,57,13.58
/blog/switching-lawyers-during-a-case/,2026-07-31,1,44,13.8
/blog/switching-lawyers-during-a-case/,2026-08-01,0,25,16.8
/blog/switching-lawyers-during-a-case/,2026-08-02,0,30,16.9
/blog/switching-lawyers-during-a-case/,2026-08-03,1,53,9.62
/blog/switching-lawyers-during-a-case/,2026-08-04,0,60,12.38
/blog/switching-lawyers-during-a-case/,2026-08-05,0,71,11.06
/blog/switching-lawyers-during-a-case/,2026-08-06,0,53,12.96
/blog/switching-lawyers-during-a-case/,2026-08-07,0,40,9.47
/blog/switching-lawyers-during-a-case/,2026-08-08,0,14,15.29
/blog/switching-lawyers-during-a-case/,2026-08-09,0,19,11.37
/blog/switching-lawyers-during-a-case/,2026-08-10,0,50,10.34
/blog/switching-lawyers-during-a-case/,2026-08-11,0,63,7.49
/blog/switching-lawyers-during-a-case/,2026-08-12,1,81,8.37
/blog/switching-lawyers-during-a-case/,2026-08-13,1,87,9.74
/blog/switching-lawyers-during-a-case/,2026-08-14,0,53,8.08
/blog/switching-lawyers-during-a-case/,2026-08-15,0,30,8.1
/blog/switching-lawyers-during-a-case/,2026-08-16,0,20,10.05
/blog/switching-lawyers-during-a-case/,2026-08-17,0,45,8.16
/blog/switching-lawyers-during-a-case/,2026-08-18,0,48,7.75
/blog/switching-lawyers-during-a-case/,2026-08-19,1,51,9.04
/blog/switching-lawyers-during-a-case/,2026-08-20,1,20,13.6
/blog/switching-lawyers-during-a-case/,2026-08-21,0,19,9.16
/blog/switching-lawyers-during-a-case/,2026-08-22,0,14,20
/blog/switching-lawyers-during-a-case/,2026-08-23,0,12,20.17
/blog/switching-lawyers-during-a-case/,2026-08-24,0,13,11
/blog/switching-lawyers-during-a-case/,2026-08-25,0,27,15.89
/blog/switching-lawyers-during-a-case/,2026-08-26,0,21,14.9
/blog/switching-lawyers-during-a-case/,2026-08-27,0,24,19.67
/blog/switching-lawyers-during-a-case/,2026-08-28,0,31,15.19
/blog/switching-lawyers-during-a-case/,2026-08-29,0,12,27.17
/blog/switching-lawyers-during-a-case/,2026-08-30,0,13,32.08
/blog/switching-lawyers-during-a-case/,2026-08-31,0,22,19.77
/blog/switching-lawyers-during-a-case/,2026-09-01,0,27,13.89
/blog/switching-lawyers-during-a-case/,2026-09-02,0,36,9.42
/blog/switching-lawyers-during-a-case/,2026-09-03,0,35,16.63
/blog/switching-lawyers-during-a-case/,2026-09-04,0,29,16.34
/blog/switching-lawyers-during-a-case/,2026-09-05,0,7,21.57
/blog/switching-lawyers-during-a-case/,2026-09-06,0,13,16.08
/blog/switching-lawyers-during-a-case/,2026-09-07,0,19,14
/blog/switching-lawyers-during-a-case/,2026-09-08,0,38,10
/blog/switching-lawyers-during-a-case/,2026-09-09,1,37,11.81
/blog/switching-lawyers-during-a-case/,2026-09-10,0,25,12.96
/blog/switching-lawyers-during-a-case/,2026-09-11,0,28,13.5
/blog/switching-lawyers-during-a-case/,2026-09-12,0,15,17.73
/blog/switching-lawyers-during-a-case/,2026-09-13,0,25,16.6
/blog/switching-lawyers-during-a-case/,2026-09-14,0,37,12.08
/blog/switching-lawyers-during-a-case/,2026-09-15,0,47,13.38
/blog/switching-lawyers-during-a-case/,2026-09-16,0,48,8.85
/blog/switching-lawyers-during-a-case/,2026-09-17,0,34,8.76
/blog/switching-lawyers-during-a-case/,2026-09-18,0,23,11
/blog/switching-lawyers-during-a-case/,2026-09-19,0,18,7.89
/blog/switching-lawyers-during-a-case/,2026-09-20,0,14,9.64
/blog/switching-lawyers-during-a-case/,2026-09-21,0,18,9.56
/blog/traffic-tickets-and-car-accident-claims/,2026-07-20,0,41,7.68
/blog/traffic-tickets-and-car-accident-claims/,2026-07-21,0,33,8.52
/blog/traffic-tickets-and-car-accident-claims/,2026-07-22,0,13,13.46
/blog/traffic-tickets-and-car-accident-claims/,2026-07-23,0,19,14.21
/blog/traffic-tickets-and-car-accident-claims/,2026-07-24,0,10,23.9
/blog/traffic-tickets-and-car-accident-claims/,2026-07-25,0,8,10
/blog/traffic-tickets-and-car-accident-claims/,2026-07-26,0,16,21
/blog/traffic-tickets-and-car-accident-claims/,2026-07-27,0,17,13.47
/blog/traffic-tickets-and-car-accident-claims/,2026-07-28,0,18,19.28
/blog/traffic-tickets-and-car-accident-claims/,2026-07-29,0,23,12.87
/blog/traffic-tickets-and-car-accident-claims/,2026-07-30,0,32,18.28
/blog/traffic-tickets-and-car-accident-claims/,2026-07-31,0,25,23.72
/blog/traffic-tickets-and-car-accident-claims/,2026-08-01,0,19,16.89
/blog/traffic-tickets-and-car-accident-claims/,2026-08-02,0,18,10.17
/blog/traffic-tickets-and-car-accident-claims/,2026-08-03,0,25,16.88
/blog/traffic-tickets-and-car-accident-claims/,2026-08-04,0,23,10.57
/blog/traffic-tickets-and-car-accident-claims/,2026-08-05,0,37,11.38
/blog/traffic-tickets-and-car-accident-claims/,2026-08-06,0,25,15
/blog/traffic-tickets-and-car-accident-claims/,2026-08-07,0,11,22.91
/blog/traffic-tickets-and-car-accident-claims/,2026-08-08,0,5,10.8
/blog/traffic-tickets-and-car-accident-claims/,2026-08-09,0,15,35
/blog/traffic-tickets-and-car-accident-claims/,2026-08-10,0,19,24.53
/blog/traffic-tickets-and-car-accident-claims/,2026-08-11,0,19,25.79
/blog/traffic-tickets-and-car-accident-claims/,2026-08-12,0,16,11.56
/blog/traffic-tickets-and-car-accident-claims/,2026-08-13,0,43,18.65
/blog/traffic-tickets-and-car-accident-claims/,2026-08-14,0,38,5.08
/blog/traffic-tickets-and-car-accident-claims/,2026-08-15,0,21,8.05
/blog/traffic-tickets-and-car-accident-claims/,2026-08-16,0,23,17.22
/blog/traffic-tickets-and-car-accident-claims/,2026-08-17,0,25,16
/blog/traffic-tickets-and-car-accident-claims/,2026-08-18,0,29,9
/blog/traffic-tickets-and-car-accident-claims/,2026-08-19,0,20,16.5
/blog/traffic-tickets-and-car-accident-claims/,2026-08-20,0,19,13.32
/blog/traffic-tickets-and-car-accident-claims/,2026-08-21,0,24,34.46
/blog/traffic-tickets-and-car-accident-claims/,2026-08-22,0,3,8.67
/blog/traffic-tickets-and-car-accident-claims/,2026-08-23,0,25,21.92
/blog/traffic-tickets-and-car-accident-claims/,2026-08-24,0,10,34.3
/blog/traffic-tickets-and-car-accident-claims/,2026-08-25,0,20,32.7
/blog/traffic-tickets-and-car-accident-claims/,2026-08-26,0,12,41.17
/blog/traffic-tickets-and-car-accident-claims/,2026-08-27,0,25,31.56
/blog/traffic-tickets-and-car-accident-claims/,2026-08-28,0,21,27.14
/blog/traffic-tickets-and-car-accident-claims/,2026-08-29,0,8,28.12
/blog/traffic-tickets-and-car-accident-claims/,2026-08-30,0,15,44.53
/blog/traffic-tickets-and-car-accident-claims/,2026-08-31,0,26,21.31
/blog/traffic-tickets-and-car-accident-claims/,2026-09-01,1,28,8.07
/blog/traffic-tickets-and-car-accident-claims/,2026-09-02,0,27,11.81
/blog/traffic-tickets-and-car-accident-claims/,2026-09-03,0,28,20.5
/blog/traffic-tickets-and-car-accident-claims/,2026-09-04,0,19,13.32
/blog/traffic-tickets-and-car-accident-claims/,2026-09-05,0,11,6.82
/blog/traffic-tickets-and-car-accident-claims/,2026-09-06,0,13,25.31
/blog/traffic-tickets-and-car-accident-claims/,2026-09-07,0,11,17.64
/blog/traffic-tickets-and-car-accident-claims/,2026-09-08,0,15,6.73
/blog/traffic-tickets-and-car-accident-claims/,2026-09-09,1,19,7.95
/blog/traffic-tickets-and-car-accident-claims/,2026-09-10,1,29,27.07
/blog/traffic-tickets-and-car-accident-claims/,2026-09-11,1,12,5
/blog/traffic-tickets-and-car-accident-claims/,2026-09-12,0,29,12.72
/blog/traffic-tickets-and-car-accident-claims/,2026-09-13,1,28,14.93
/blog/traffic-tickets-and-car-accident-claims/,2026-09-14,0,38,8.34
/blog/traffic-tickets-and-car-accident-claims/,2026-09-15,1,38,7.21
/blog/traffic-tickets-and-car-accident-claims/,2026-09-16,0,38,9.53
/blog/traffic-tickets-and-car-accident-claims/,2026-09-17,0,45,14.6
/blog/traffic-tickets-and-car-accident-claims/,2026-09-18,0,31,7.48
/blog/traffic-tickets-and-car-accident-claims/,2026-09-19,0,21,8.52
/blog/traffic-tickets-and-car-accident-claims/,2026-09-20,0,22,12.41
/blog/traffic-tickets-and-car-accident-claims/,2026-09-21,0,25,7.4
/blog/value-of-pain-and-suffering/,2026-07-20,0,40,26.3
/blog/value-of-pain-and-suffering/,2026-07-21,0,34,20.47
/blog/value-of-pain-and-suffering/,2026-07-22,0,42,19.31
/blog/value-of-pain-and-suffering/,2026-07-23,0,25,26.76
/blog/value-of-pain-and-suffering/,2026-07-24,0,32,31.53
/blog/value-of-pain-and-suffering/,2026-07-25,0,17,23.47
/blog/value-of-pain-and-suffering/,2026-07-26,0,37,24.78
/blog/value-of-pain-and-suffering/,2026-07-27,0,61,26.13
/blog/value-of-pain-and-suffering/,2026-07-28,0,54,26.09
/blog/value-of-pain-and-suffering/,2026-07-29,0,48,20.33
/blog/value-of-pain-and-suffering/,2026-07-30,0,56,24.5
/blog/value-of-pain-and-suffering/,2026-07-31,0,66,21.73
/blog/value-of-pain-and-suffering/,2026-08-01,0,50,23.88
/blog/value-of-pain-and-suffering/,2026-08-02,0,35,26.74
/blog/value-of-pain-and-suffering/,2026-08-03,0,42,22.86
/blog/value-of-pain-and-suffering/,2026-08-04,0,44,16
/blog/value-of-pain-and-suffering/,2026-08-05,0,62,24.37
/blog/value-of-pain-and-suffering/,2026-08-06,0,55,18.69
/blog/value-of-pain-and-suffering/,2026-08-07,0,43,19.6
/blog/value-of-pain-and-suffering/,2026-08-08,0,63,20.11
/blog/value-of-pain-and-suffering/,2026-08-09,0,53,23.11
/blog/value-of-pain-and-suffering/,2026-08-10,0,93,20.85
/blog/value-of-pain-and-suffering/,2026-08-11,0,97,19.43
/blog/value-of-pain-and-suffering/,2026-08-12,0,138,22.21
/blog/value-of-pain-and-suffering/,2026-08-13,0,86,23.91
/blog/value-of-pain-and-suffering/,2026-08-14,0,51,19.86
/blog/value-of-pain-and-suffering/,2026-08-15,0,34,33.12
/blog/value-of-pain-and-suffering/,2026-08-16,0,40,27.57
/blog/value-of-pain-and-suffering/,2026-08-17,0,67,29.07
/blog/value-of-pain-and-suffering/,2026-08-18,0,84,26.08
/blog/value-of-pain-and-suffering/,2026-08-19,0,66,26.89
/blog/value-of-pain-and-suffering/,2026-08-20,0,91,29.25
/blog/value-of-pain-and-suffering/,2026-08-21,0,55,28.95
/blog/value-of-pain-and-suffering/,2026-08-22,0,63,33.54
/blog/value-of-pain-and-suffering/,2026-08-23,0,63,36.43
/blog/value-of-pain-and-suffering/,2026-08-24,0,74,35.82
/blog/value-of-pain-and-suffering/,2026-08-25,0,62,31.56
/blog/value-of-pain-and-suffering/,2026-08-26,0,70,34
/blog/value-of-pain-and-suffering/,2026-08-27,0,68,30.53
/blog/value-of-pain-and-suffering/,2026-08-28,0,44,25.52
/blog/value-of-pain-and-suffering/,2026-08-29,0,28,36.64
/blog/value-of-pain-and-suffering/,2026-08-30,1,34,34.09
/blog/value-of-pain-and-suffering/,2026-08-31,0,30,35.17
/blog/value-of-pain-and-suffering/,2026-09-01,0,40,28.98
/blog/value-of-pain-and-suffering/,2026-09-02,0,31,20.29
/blog/value-of-pain-and-suffering/,2026-09-03,0,44,23.34
/blog/value-of-pain-and-suffering/,2026-09-04,0,40,23.5
/blog/value-of-pain-and-suffering/,2026-09-05,0,27,22.26
/blog/value-of-pain-and-suffering/,2026-09-06,0,32,25.25
/blog/value-of-pain-and-suffering/,2026-09-07,0,36,24.31
/blog/value-of-pain-and-suffering/,2026-09-08,0,36,22.81
/blog/value-of-pain-and-suffering/,2026-09-09,0,49,21.78
/blog/value-of-pain-and-suffering/,2026-09-10,0,60,18.37
/blog/value-of-pain-and-suffering/,2026-09-11,0,93,21.4
/blog/value-of-pain-and-suffering/,2026-09-12,0,72,21.65
/blog/value-of-pain-and-suffering/,2026-09-13,0,66,22.08
/blog/value-of-pain-and-suffering/,2026-09-14,0,131,21.85
/blog/value-of-pain-and-suffering/,2026-09-15,0,120,21.77
/blog/value-of-pain-and-suffering/,2026-09-16,0,61,20.74
/blog/value-of-pain-and-suffering/,2026-09-17,0,61,20.15
/blog/value-of-pain-and-suffering/,2026-09-18,0,70,18.41
/blog/value-of-pain-and-suffering/,2026-09-19,0,55,18.8
/blog/value-of-pain-and-suffering/,2026-09-20,0,59,19.42
/blog/value-of-pain-and-suffering/,2026-09-21,0,49,19.2
/practice-areas/dog-bite-lawyers/dog-on-dog-attack/,2026-07-20,0,11,23.82
/practice-areas/dog-bite-lawyers/dog-on-dog-attack/,2026-07-21,0,14,23
/practice-areas/dog-bite-lawyers/dog-on-dog-attack/,2026-07-22,0,13,13.85
/practice-areas/dog-bite-lawyers/dog-on-dog-attack/,2026-07-23,0,9,14.22
/practice-areas/dog-bite-lawyers/dog-on-dog-attack/,2026-07-24,0,23,12.83
/practice-areas/dog-bite-lawyers/dog-on-dog-attack/,2026-07-25,0,25,12.64
/practice-areas/dog-bite-lawyers/dog-on-dog-attack/,2026-07-26,1,27,11.63
/practice-areas/dog-bite-lawyers/dog-on-dog-attack/,2026-07-27,1,20,15.35
/practice-areas/dog-bite-lawyers/dog-on-dog-attack/,2026-07-28,1,27,17.22
/practice-areas/dog-bite-lawyers/dog-on-dog-attack/,2026-07-29,0,31,14.9
/practice-areas/dog-bite-lawyers/dog-on-dog-attack/,2026-07-30,0,24,12.29
/practice-areas/dog-bite-lawyers/dog-on-dog-attack/,2026-07-31,0,36,20.61
/practice-areas/dog-bite-lawyers/dog-on-dog-attack/,2026-08-01,0,20,16.75
/practice-areas/dog-bite-lawyers/dog-on-dog-attack/,2026-08-02,0,29,9.24
/practice-areas/dog-bite-lawyers/dog-on-dog-attack/,2026-08-03,0,19,6.84
/practice-areas/dog-bite-lawyers/dog-on-dog-attack/,2026-08-04,2,28,11.57
/practice-areas/dog-bite-lawyers/dog-on-dog-attack/,2026-08-05,1,28,10.07
/practice-areas/dog-bite-lawyers/dog-on-dog-attack/,2026-08-06,1,49,13.06
/practice-areas/dog-bite-lawyers/dog-on-dog-attack/,2026-08-07,0,27,8.15
/practice-areas/dog-bite-lawyers/dog-on-dog-attack/,2026-08-08,0,23,7.65
/practice-areas/dog-bite-lawyers/dog-on-dog-attack/,2026-08-09,0,23,10.17
/practice-areas/dog-bite-lawyers/dog-on-dog-attack/,2026-08-10,1,26,9.12
/practice-areas/dog-bite-lawyers/dog-on-dog-attack/,2026-08-11,0,51,9.75
/practice-areas/dog-bite-lawyers/dog-on-dog-attack/,2026-08-12,0,44,8.3
/practice-areas/dog-bite-lawyers/dog-on-dog-attack/,2026-08-13,0,35,8.43
/practice-areas/dog-bite-lawyers/dog-on-dog-attack/,2026-08-14,0,25,6.92
/practice-areas/dog-bite-lawyers/dog-on-dog-attack/,2026-08-15,0,14,13.43
/practice-areas/dog-bite-lawyers/dog-on-dog-attack/,2026-08-16,0,20,9.7
/practice-areas/dog-bite-lawyers/dog-on-dog-attack/,2026-08-17,0,35,8.29
/practice-areas/dog-bite-lawyers/dog-on-dog-attack/,2026-08-18,1,31,7.61
/practice-areas/dog-bite-lawyers/dog-on-dog-attack/,2026-08-19,0,27,6.22
/practice-areas/dog-bite-lawyers/dog-on-dog-attack/,2026-08-20,0,24,5.71
/practice-areas/dog-bite-lawyers/dog-on-dog-attack/,2026-08-21,1,20,7.45
/practice-areas/dog-bite-lawyers/dog-on-dog-attack/,2026-08-22,0,15,7.2
/practice-areas/dog-bite-lawyers/dog-on-dog-attack/,2026-08-23,0,24,6.08
/practice-areas/dog-bite-lawyers/dog-on-dog-attack/,2026-08-24,0,36,5.97
/practice-areas/dog-bite-lawyers/dog-on-dog-attack/,2026-08-25,0,32,11.59
/practice-areas/dog-bite-lawyers/dog-on-dog-attack/,2026-08-26,0,20,7.95
/practice-areas/dog-bite-lawyers/dog-on-dog-attack/,2026-08-27,0,14,9.36
/practice-areas/dog-bite-lawyers/dog-on-dog-attack/,2026-08-28,0,24,8
/practice-areas/dog-bite-lawyers/dog-on-dog-attack/,2026-08-29,0,15,9
/practice-areas/dog-bite-lawyers/dog-on-dog-attack/,2026-08-30,0,16,10.69
/practice-areas/dog-bite-lawyers/dog-on-dog-attack/,2026-08-31,1,19,10.16
/practice-areas/dog-bite-lawyers/dog-on-dog-attack/,2026-09-01,0,25,11.08
/practice-areas/dog-bite-lawyers/dog-on-dog-attack/,2026-09-02,0,22,7.73
/practice-areas/dog-bite-lawyers/dog-on-dog-attack/,2026-09-03,0,11,11.91
/practice-areas/dog-bite-lawyers/dog-on-dog-attack/,2026-09-04,0,14,7.29
/practice-areas/dog-bite-lawyers/dog-on-dog-attack/,2026-09-05,0,6,12
/practice-areas/dog-bite-lawyers/dog-on-dog-attack/,2026-09-06,0,24,9.04
/practice-areas/dog-bite-lawyers/dog-on-dog-attack/,2026-09-07,1,10,12.4
/practice-areas/dog-bite-lawyers/dog-on-dog-attack/,2026-09-08,0,13,15.38
/practice-areas/dog-bite-lawyers/dog-on-dog-attack/,2026-09-09,0,13,10.92
/practice-areas/dog-bite-lawyers/dog-on-dog-attack/,2026-09-10,0,20,8.95
/practice-areas/dog-bite-lawyers/dog-on-dog-attack/,2026-09-11,0,6,8.33
/practice-areas/dog-bite-lawyers/dog-on-dog-attack/,2026-09-12,0,0,0
/practice-areas/dog-bite-lawyers/dog-on-dog-attack/,2026-09-13,0,0,0
/practice-areas/dog-bite-lawyers/dog-on-dog-attack/,2026-09-14,0,0,0
/practice-areas/dog-bite-lawyers/dog-on-dog-attack/,2026-09-15,0,0,0
/practice-areas/dog-bite-lawyers/dog-on-dog-attack/,2026-09-16,0,0,0
/practice-areas/dog-bite-lawyers/dog-on-dog-attack/,2026-09-17,0,0,0
/practice-areas/dog-bite-lawyers/dog-on-dog-attack/,2026-09-18,0,0,0
/practice-areas/dog-bite-lawyers/dog-on-dog-attack/,2026-09-19,0,0,0
/practice-areas/dog-bite-lawyers/dog-on-dog-attack/,2026-09-20,0,0,0
/practice-areas/dog-bite-lawyers/dog-on-dog-attack/,2026-09-21,0,0,0
/resources/south-carolina-car-seat-laws/,2026-07-20,0,31,10
/resources/south-carolina-car-seat-laws/,2026-07-21,0,77,9.18
/resources/south-carolina-car-seat-laws/,2026-07-22,0,114,9.18
/resources/south-carolina-car-seat-laws/,2026-07-23,0,86,8.97
/resources/south-carolina-car-seat-laws/,2026-07-24,0,83,8.92
/resources/south-carolina-car-seat-laws/,2026-07-25,0,131,9.27
/resources/south-carolina-car-seat-laws/,2026-07-26,0,114,9.39
/resources/south-carolina-car-seat-laws/,2026-07-27,0,83,9.49
/resources/south-carolina-car-seat-laws/,2026-07-28,0,87,9.78
/resources/south-carolina-car-seat-laws/,2026-07-29,0,90,8.57
/resources/south-carolina-car-seat-laws/,2026-07-30,10,691,7.65
/resources/south-carolina-car-seat-laws/,2026-07-31,79,7640,7.46
/resources/south-carolina-car-seat-laws/,2026-08-01,20,2759,8.32
/resources/south-carolina-car-seat-laws/,2026-08-02,12,1395,8.46
/resources/south-carolina-car-seat-laws/,2026-08-03,2,790,8.55
/resources/south-carolina-car-seat-laws/,2026-08-04,3,434,8.87
/resources/south-carolina-car-seat-laws/,2026-08-05,0,364,8.36
/resources/south-carolina-car-seat-laws/,2026-08-06,1,317,8.52
/resources/south-carolina-car-seat-laws/,2026-08-07,0,234,8.77
/resources/south-carolina-car-seat-laws/,2026-08-08,2,233,8.84
/resources/south-carolina-car-seat-laws/,2026-08-09,2,236,8.9
/resources/south-carolina-car-seat-laws/,2026-08-10,0,167,8.74
/resources/south-carolina-car-seat-laws/,2026-08-11,0,119,8.85
/resources/south-carolina-car-seat-laws/,2026-08-12,0,114,9.52
/resources/south-carolina-car-seat-laws/,2026-08-13,1,108,9.66
/resources/south-carolina-car-seat-laws/,2026-08-14,0,108,8.51
/resources/south-carolina-car-seat-laws/,2026-08-15,0,134,9.32
/resources/south-carolina-car-seat-laws/,2026-08-16,0,103,9.01
/resources/south-carolina-car-seat-laws/,2026-08-17,0,93,8.7
/resources/south-carolina-car-seat-laws/,2026-08-18,1,96,8.24
/resources/south-carolina-car-seat-laws/,2026-08-19,1,122,8.57
/resources/south-carolina-car-seat-laws/,2026-08-20,0,96,9.09
/resources/south-carolina-car-seat-laws/,2026-08-21,1,111,8.86
/resources/south-carolina-car-seat-laws/,2026-08-22,0,284,7.29
/resources/south-carolina-car-seat-laws/,2026-08-23,1,476,7.24
/resources/south-carolina-car-seat-laws/,2026-08-24,1,395,7.75
/resources/south-carolina-car-seat-laws/,2026-08-25,0,385,8.08
/resources/south-carolina-car-seat-laws/,2026-08-26,1,362,7.46
/resources/south-carolina-car-seat-laws/,2026-08-27,0,363,7.29
/resources/south-carolina-car-seat-laws/,2026-08-28,2,400,7.35
/resources/south-carolina-car-seat-laws/,2026-08-29,0,450,7.67
/resources/south-carolina-car-seat-laws/,2026-08-30,2,417,7.45
/resources/south-carolina-car-seat-laws/,2026-08-31,0,333,7.65
/resources/south-carolina-car-seat-laws/,2026-09-01,0,359,7.28
/resources/south-carolina-car-seat-laws/,2026-09-02,1,388,7.36
/resources/south-carolina-car-seat-laws/,2026-09-03,3,406,7.06
/resources/south-carolina-car-seat-laws/,2026-09-04,1,463,6.98
/resources/south-carolina-car-seat-laws/,2026-09-05,0,468,7.28
/resources/south-carolina-car-seat-laws/,2026-09-06,3,488,6.89
/resources/south-carolina-car-seat-laws/,2026-09-07,1,546,7.18
/resources/south-carolina-car-seat-laws/,2026-09-08,2,621,6.86
/resources/south-carolina-car-seat-laws/,2026-09-09,4,887,6.56
/resources/south-carolina-car-seat-laws/,2026-09-10,3,707,6.56
/resources/south-carolina-car-seat-laws/,2026-09-11,2,662,6.77
/resources/south-carolina-car-seat-laws/,2026-09-12,4,630,6.89
/resources/south-carolina-car-seat-laws/,2026-09-13,2,609,6.71
/resources/south-carolina-car-seat-laws/,2026-09-14,2,506,6.75
/resources/south-carolina-car-seat-laws/,2026-09-15,1,519,6.68
/resources/south-carolina-car-seat-laws/,2026-09-16,3,502,6.48
/resources/south-carolina-car-seat-laws/,2026-09-17,2,578,6.65
/resources/south-carolina-car-seat-laws/,2026-09-18,10,781,6.5
/resources/south-carolina-car-seat-laws/,2026-09-19,5,624,6.53
/resources/south-carolina-car-seat-laws/,2026-09-20,3,524,6.64
/resources/south-carolina-car-seat-laws/,2026-09-21,2,545,7.2
