keys,clicks,impressions,ctr,position
https://rodenlaw.com/,471,143416,0.33,9.0
https://rodenlaw.com/locations/south-carolina/charleston/?utm_campaign=gmb_charleston,43,66635,0.06,3.9
https://rodenlaw.com/car-accident-lawyers/savannah-ga/,2,44633,0.00,16.3
https://rodenlaw.com/car-accident-lawyers/charleston-sc/,3,44212,0.01,17.4
https://rodenlaw.com/blog/fault-vs-no-fault-car-insurance/,57,41752,0.14,13.6
https://rodenlaw.com/blog/rollover-crashes-and-what-they-do-to-your-body/,115,38977,0.30,10.4
https://rodenlaw.com/blog/compensatory-damages-vs-punitive-damages/,49,36706,0.13,8.6
https://rodenlaw.com/car-accident-lawyers/columbia-sc/,4,32615,0.01,18.7
https://rodenlaw.com/blog/diminished-value-claims-after-car-accident/,32,32447,0.10,24.4
https://rodenlaw.com/practice-areas/workers-compensation-lawyers/savannah-ga/,6,28666,0.02,8.7
https://rodenlaw.com/practice-areas/burn-injury-lawyers/,14,26571,0.05,28.6
https://rodenlaw.com/blog/georgia-super-speeder-law/,19,24923,0.08,25.3
https://rodenlaw.com/blog/can-an-insurance-company-go-against-a-police-report/,62,24700,0.25,9.7
https://rodenlaw.com/practice-areas/workers-compensation-lawyers/charleston-sc/,4,24281,0.02,11.0
https://rodenlaw.com/blog/georgia-statute-of-limitations/,16,20392,0.08,8.0
https://rodenlaw.com/practice-areas/car-accident-lawyers/charleston-sc/,0,20117,0.00,22.1
https://rodenlaw.com/workers-compensation-lawyers/charleston-sc/,1,17640,0.01,16.8
https://rodenlaw.com/practice-areas/dog-bite-lawyers/,1,17461,0.01,46.1
https://rodenlaw.com/blog/blunt-force-trauma-from-a-crash-what-you-need-to-know/,10,16684,0.06,12.5
https://rodenlaw.com/blog/georgia-comparative-negligence-law/,2,16433,0.01,7.3
https://rodenlaw.com/blog/how-car-insurers-use-private-investigators/,60,16365,0.37,9.1
https://rodenlaw.com/medical-malpractice-lawyers/savannah-ga/,3,16016,0.02,14.0
https://rodenlaw.com/practice-areas/charleston/truck-accident-lawyers/,2,15977,0.01,8.5
https://rodenlaw.com/blog/value-of-pain-and-suffering/,22,15957,0.14,18.4
https://rodenlaw.com/locations/georgia/savannah/,6,15643,0.04,28.5
https://rodenlaw.com/blog/calculating-compensation-for-whiplash-injuries/,30,15597,0.19,14.7
https://rodenlaw.com/practice-areas/premises-liability-lawyers/,0,14948,0.00,56.8
https://rodenlaw.com/practice-areas/savannah/medical-malpractice-attorneys/,4,14851,0.03,11.6
https://rodenlaw.com/practice-areas/pedestrian-accident-lawyers/,0,14465,0.00,49.4
https://rodenlaw.com/blog/contingency-fee-system/,19,14426,0.13,8.3
https://rodenlaw.com/locations/south-carolina/myrtle-beach/,0,14137,0.00,29.7
https://rodenlaw.com/blog/claims-for-lost-wages/,14,13753,0.10,13.5
https://rodenlaw.com/blog/compensatory-damages-vs-punitive-damages/#punitive-damages-caps,0,12909,0.00,4.7
https://rodenlaw.com/blog/compensatory-damages-vs-punitive-damages/#key-differences,0,12851,0.00,4.7
https://rodenlaw.com/practice-areas/bicycle-accident-lawyers/columbia-sc/,0,12485,0.00,34.3
https://rodenlaw.com/locations/south-carolina/north-charleston/goose-creek/,1,12292,0.01,11.8
https://rodenlaw.com/blog/using-uninsured-underinsured-motorist-coverage-in-georgia/,64,12154,0.53,9.2
https://rodenlaw.com/wrongful-death-lawyers/charleston-sc/,0,11933,0.00,14.2
https://rodenlaw.com/blog/average-personal-injury-settlement-amounts/,48,11812,0.41,14.5
https://rodenlaw.com/medical-malpractice-lawyers/charleston-sc/,0,11808,0.00,21.1
https://rodenlaw.com/blog/demand-letters-in-personal-injury-cases/,20,11157,0.18,14.9
https://rodenlaw.com/blog/switching-lawyers-during-a-case/,34,11058,0.31,9.9
https://rodenlaw.com/blog/informed-consent/,28,10777,0.26,8.6
https://rodenlaw.com/locations/georgia/savannah/?utm_campaign=gmb_savannah,34,10604,0.32,8.9
https://rodenlaw.com/class-action-lawyers/troubled-teen-industry-abuse/,68,10422,0.65,9.8
https://rodenlaw.com/blog/what-happens-if-i-resign-while-on-workers-compensation/,85,10330,0.82,9.0
https://rodenlaw.com/blog/what-to-do-after-car-accident-georgia/,7,10303,0.07,10.5
https://rodenlaw.com/practice-areas/motorcycle-accident-lawyers/,2,10071,0.02,42.7
https://rodenlaw.com/motorcycle-accident-lawyers/charleston-sc/,0,10015,0.00,14.8
https://rodenlaw.com/blog/medical-malpractice-limits-georgia/,37,9359,0.40,8.3
https://rodenlaw.com/blog/insurance-company-ignoring-demand-letter/,85,9323,0.91,13.0
https://rodenlaw.com/blog/medical-malpractice-limits-south-carolina/,86,9247,0.93,9.2
https://rodenlaw.com/blog/independent-medical-exams/,54,9186,0.59,8.9
https://rodenlaw.com/practice-areas/savannah/car-accident-lawyers/,0,9166,0.00,16.5
https://rodenlaw.com/workers-compensation-lawyers/columbia-sc/,0,8959,0.00,21.0
https://rodenlaw.com/practice-areas/savannah/car-accident-lawyers/pedestrian-accidents/,0,8942,0.00,25.4
https://rodenlaw.com/practice-areas/motorcycle-accident-lawyers/savannah-ga/,1,8885,0.01,9.8
https://rodenlaw.com/car-accident-lawyers/darien-ga/,0,8738,0.00,54.8
https://rodenlaw.com/truck-accident-lawyers/charleston-sc/,0,8416,0.00,14.2
https://rodenlaw.com/practice-areas/savannah/medical-malpractice-attorneys/surgical-errors/,1,8206,0.01,12.7
https://rodenlaw.com/locations/south-carolina/columbia/,2,8096,0.02,32.1
https://rodenlaw.com/slip-and-fall-lawyers/savannah-ga/,0,8062,0.00,16.8
https://rodenlaw.com/blog/myrtle-beach-dangerous-roads-intersections/,28,8019,0.35,9.1
https://rodenlaw.com/locations/south-carolina/myrtle-beach/?utm_campaign=gmb_mb,6,7948,0.08,3.1
https://rodenlaw.com/practice-areas/bicycle-accident-lawyers/charleston-sc/,0,7918,0.00,16.1
https://rodenlaw.com/blog/options-for-recovering-more-than-policy-limits/,21,7831,0.27,11.2
https://rodenlaw.com/motorcycle-accident-lawyers/columbia-sc/,1,7825,0.01,25.8
https://rodenlaw.com/blog/options-for-denied-injury-claims/,16,7821,0.20,11.5
https://rodenlaw.com/resources/i-95-widening-construction-zone-ga-sc/,83,7519,1.10,6.6
https://rodenlaw.com/blog/when-does-a-sprained-ankle-become-a-work-injury/,42,7360,0.57,10.8
https://rodenlaw.com/practice-areas/charleston/nursing-home-abuse-attorneys/,0,7282,0.00,22.0
https://rodenlaw.com/blog/rear-end-accident-injuries/,21,7270,0.29,9.1
https://rodenlaw.com/blog/fault-vs-no-fault-car-insurance/#fault-vs-no-fault,1,7085,0.01,5.4
https://rodenlaw.com/blog/maximum-medical-improvement-in-an-injury-claim/,26,6947,0.37,7.7
https://rodenlaw.com/blog/are-red-light-runners-always-liable-if-they-crash/,29,6944,0.42,12.6
https://rodenlaw.com/blog/traffic-tickets-and-car-accident-claims/,31,6713,0.46,10.3
https://rodenlaw.com/blog/steps-after-work-injury/,7,6635,0.11,15.1
https://rodenlaw.com/practice-areas/brain-injury-lawyers/columbia-sc/,0,6591,0.00,18.4
https://rodenlaw.com/blog/negligence-vs-gross-negligence/,33,6572,0.50,12.0
https://rodenlaw.com/slip-and-fall-lawyers/charleston-sc/,0,6368,0.00,12.6
https://rodenlaw.com/blog/qualifications-for-car-accident-witnesses/,14,6367,0.22,10.6
https://rodenlaw.com/blog/fault-vs-no-fault-car-insurance/#georgia-fault-system,0,6361,0.00,5.3
https://rodenlaw.com/blog/liability-for-sudden-emergency-accidents/,57,6282,0.91,7.8
https://rodenlaw.com/dog-bite-lawyers/charleston-sc/,0,6194,0.00,16.1
https://rodenlaw.com/truck-accident-lawyers/columbia-sc/,1,6187,0.02,22.1
https://rodenlaw.com/blog/what-to-do-when-you-are-in-a-car-accident/,6,6161,0.10,21.5
https://rodenlaw.com/blog/claims-against-at-fault-drivers-who-died/,30,6035,0.50,16.1
https://rodenlaw.com/practice-areas/construction-accident-lawyers/columbia-sc/,1,6017,0.02,10.8
https://rodenlaw.com/blog/animal-accident-insurance-coverage/,15,5919,0.25,17.5
https://rodenlaw.com/blog/liability-for-epilepsy-related-car-accidents/,57,5890,0.97,8.9
https://rodenlaw.com/boating-accident-lawyers/columbia-sc/,1,5881,0.02,26.3
https://rodenlaw.com/blog/south-carolina-statute-of-limitations-personal-injury/,35,5778,0.61,9.8
https://rodenlaw.com/pedestrian-accident-lawyers/myrtle-beach-sc/,0,5776,0.00,11.6
https://rodenlaw.com/blog/compensatory-damages-vs-punitive-damages/#what-are-punitive-damages,0,5744,0.00,4.8
https://rodenlaw.com/locations/south-carolina/charleston/,6,5693,0.11,28.6
https://rodenlaw.com/practice-areas/truck-accident-lawyers/columbia-sc/,0,5647,0.00,12.5
https://rodenlaw.com/practice-areas/premises-liability-lawyers/columbia-sc/,1,5515,0.02,14.0
https://rodenlaw.com/practice-areas/product-liability-lawyers/,2,5513,0.04,54.6
https://rodenlaw.com/practice-areas/charleston/motorcycle-accident-lawyers/,0,5477,0.00,11.7
https://rodenlaw.com/blog/supporting-a-whiplash-claim/,7,5457,0.13,30.4
https://rodenlaw.com/bicycle-accident-lawyers/myrtle-beach-sc/,0,5427,0.00,11.1
https://rodenlaw.com/blog/accident-claims-with-an-expired-license/,12,5398,0.22,10.4
https://rodenlaw.com/blog/letters-of-protection-for-injury-victims/,14,5306,0.26,14.8
https://rodenlaw.com/blog/is-workers-compensation-an-employee-benefit/,11,5305,0.21,18.4
https://rodenlaw.com/pedestrian-accident-lawyers/columbia-sc/,1,5288,0.02,46.6
https://rodenlaw.com/resources/columbia-i-26-i-20-i-77-interchange-truck-accidents/,4,5263,0.08,7.0
https://rodenlaw.com/class-action-lawyers/afff-firefighting-foam-lawsuits/,7,5214,0.13,13.4
https://rodenlaw.com/practice-areas/medical-malpractice-lawyers/misdiagnosis-delayed-diagnosis/,2,5206,0.04,13.5
https://rodenlaw.com/blog/what-to-do-after-car-accident-south-carolina/,30,5105,0.59,9.1
https://rodenlaw.com/blog/fault-vs-no-fault-car-insurance/#how-no-fault-states-work,0,5100,0.00,5.6
https://rodenlaw.com/blog/compensatory-damages-vs-punitive-damages/#what-are-compensatory-damages,1,5094,0.02,5.0
https://rodenlaw.com/blog/impact-of-surgery-recommendation/,23,5090,0.45,12.1
https://rodenlaw.com/blog/dangerous-tools-garage/,28,5000,0.56,7.4
https://rodenlaw.com/blog/first-steps-in-a-medical-malpractice-case/,6,4873,0.12,32.4
https://rodenlaw.com/blog/filing-a-claim-for-an-injured-minor/,26,4830,0.54,13.4
https://rodenlaw.com/practice-areas/maritime-injury-lawyers/,0,4762,0.00,37.2
https://rodenlaw.com/dog-bite-lawyers/columbia-sc/,2,4747,0.04,16.8
https://rodenlaw.com/blog/resolving-claims-through-arbitration/,8,4598,0.17,19.3
https://rodenlaw.com/blog/car-insurance-add-ons/,5,4588,0.11,14.1
https://rodenlaw.com/blog/gym-injury-liability/,25,4584,0.55,11.5
https://rodenlaw.com/blog/georgia-pedestrian-right-of-way-laws/,10,4582,0.22,7.3
https://rodenlaw.com/blog/south-carolina-pedestrian-right-of-way-laws/,9,4523,0.20,8.6
https://rodenlaw.com/blog/answering-insurance-questions-after-crash/,29,4488,0.65,16.9
https://rodenlaw.com/attorneys/,147,4473,3.29,11.9
https://rodenlaw.com/practice-areas/motorcycle-accident-lawyers/charleston-sc/,0,4456,0.00,15.1
https://rodenlaw.com/blog/does-worker-compensation-cover-employee-negligence/,8,4429,0.18,11.0
https://rodenlaw.com/blog/car-insurance-claim-denial-tactics/,11,4355,0.25,14.6
https://rodenlaw.com/blog/blind-spot-accidents/,10,4313,0.23,11.0
https://rodenlaw.com/blog/liability-waivers-and-injury-lawsuits/,8,4303,0.19,10.0
https://rodenlaw.com/practice-areas/car-accident-lawyers/savannah-ga/,0,4292,0.00,19.5
https://rodenlaw.com/wrongful-death-lawyers/columbia-sc/,1,4286,0.02,17.4
https://rodenlaw.com/practice-areas/construction-accident-lawyers/charleston-sc/,0,4251,0.00,16.7
https://rodenlaw.com/blog/benefits-for-workplace-violence/,23,4234,0.54,12.2
https://rodenlaw.com/blog/driving-tips-around-trucks/,4,4232,0.09,10.9
https://rodenlaw.com/blog/fault-vs-no-fault-car-insurance/#how-fault-states-work,0,4222,0.00,5.5
https://rodenlaw.com/truck-accident-lawyers/myrtle-beach-sc/,0,4161,0.00,15.3
https://rodenlaw.com/blog/fault-vs-no-fault-car-insurance/#key-differences,0,4092,0.00,5.5
https://rodenlaw.com/blog/fault-vs-no-fault-car-insurance/#comparative-fault-rules,0,4091,0.00,5.5
https://rodenlaw.com/blog/fault-vs-no-fault-car-insurance/#south-carolina-fault-system,0,4076,0.00,5.5
https://rodenlaw.com/locations/south-carolina/north-charleston/,9,4034,0.22,12.1
https://rodenlaw.com/practice-areas/charleston/product-liability-lawyers/,0,4029,0.00,13.0
https://rodenlaw.com/product-liability-lawyers/columbia-sc/,1,3987,0.03,19.6
https://rodenlaw.com/blog/wearing-headphones-while-driving-in-charleston/,16,3967,0.40,9.0
https://rodenlaw.com/blog/taxes-on-car-crash-settlement-in-georgia/,22,3940,0.56,12.6
https://rodenlaw.com/blog/liens-and-your-personal-injury-claims/,22,3939,0.56,13.7
https://rodenlaw.com/pedestrian-accident-lawyers/charleston-sc/,0,3844,0.00,19.8
https://rodenlaw.com/blog/truck-accident-injuries/,3,3806,0.08,26.1
https://rodenlaw.com/practice-areas/spinal-cord-injury-lawyers/charleston-sc/,0,3755,0.00,11.1
https://rodenlaw.com/blog/liability-for-crashes-caused-by-not-using-turn-signal/,26,3722,0.70,8.7
https://rodenlaw.com/practice-areas/brain-injury-lawyers/charleston-sc/,0,3697,0.00,14.9
https://rodenlaw.com/workers-compensation-lawyers/myrtle-beach-sc/,1,3679,0.03,17.2
https://rodenlaw.com/blog/uturn-crash-liability-in-charleston/,21,3663,0.57,8.7
https://rodenlaw.com/practice-areas/boating-accident-lawyers/,0,3650,0.00,58.6
https://rodenlaw.com/practice-areas/bicycle-accident-lawyers/savannah-ga/,0,3629,0.00,10.7
https://rodenlaw.com/practice-areas/motorcycle-accident-lawyers/columbia-sc/,0,3590,0.00,24.1
https://rodenlaw.com/practice-areas/savannah/wrongful-death-lawyers/statute-of-limitations/,0,3582,0.00,16.3
https://rodenlaw.com/practice-areas/charleston/dog-bite-lawyers/,0,3571,0.00,22.8
https://rodenlaw.com/class-action-lawyers/stryker-hip-replacement/,10,3561,0.28,22.2
https://rodenlaw.com/dog-bite-lawyers/myrtle-beach-sc/,0,3500,0.00,10.1
https://rodenlaw.com/practice-areas/savannah/car-accident-lawyers/hit-and-run-accidents/,0,3483,0.00,26.2
https://rodenlaw.com/boating-accident-lawyers/charleston-sc/,0,3459,0.00,20.5
https://rodenlaw.com/blog/shem-creek-boating-dock-injuries-mount-pleasant/,59,3424,1.72,8.8
https://rodenlaw.com/medical-malpractice-lawyers/columbia-sc/,2,3405,0.06,18.4
https://rodenlaw.com/blog/the-role-of-vocational-rehabilitation-in-workers-compensation-cases/,8,3366,0.24,12.4
https://rodenlaw.com/practice-areas/dog-bite-lawyers/north-charleston-sc/,0,3355,0.00,26.1
https://rodenlaw.com/blog/how-long-can-a-person-stay-on-workers-compensation/,18,3290,0.55,12.6
https://rodenlaw.com/slip-and-fall-lawyers/columbia-sc/,1,3286,0.03,23.2
https://rodenlaw.com/practice-areas/atv-side-by-side-accident-lawyers/columbia-sc/,1,3234,0.03,29.9
https://rodenlaw.com/practice-areas/truck-accident-lawyers/savannah-ga/,1,3193,0.03,6.4
https://rodenlaw.com/blog/rear-end-collision-liability/,10,3186,0.31,16.9
https://rodenlaw.com/blog/can-an-insurance-company-go-against-a-police-report/#why-insurers-dispute,0,3132,0.00,7.3
https://rodenlaw.com/practice-areas/burn-injury-lawyers/charleston-sc/,0,3122,0.00,10.4
https://rodenlaw.com/class-action-lawyers/hair-relaxer-cancer-lawsuits/,9,3074,0.29,18.4
https://rodenlaw.com/blog/impaired-driving-caused-by-prescription-medications/,2,3014,0.07,13.2
https://rodenlaw.com/blog/financial-abuse-at-nursing-homes/,6,3003,0.20,10.4
https://rodenlaw.com/blog/fmcsa-violations-truck-accident-claims/,2,3002,0.07,6.1
https://rodenlaw.com/about/,12,3000,0.40,6.1
https://rodenlaw.com/blog/continuing-post-accident-medical-treatment/,7,2999,0.23,14.1
https://rodenlaw.com/blog/benefits-of-hiring-personal-injury-lawyer/,3,2941,0.10,16.5
https://rodenlaw.com/blog/does-workers-compensation-cover-prescriptions/,9,2939,0.31,28.8
https://rodenlaw.com/truck-accident-lawyers/north-charleston-sc/,0,2913,0.00,25.7
https://rodenlaw.com/blog/liability-for-accidents-with-borrowed-vehicles/,7,2877,0.24,28.3
https://rodenlaw.com/practice-areas/savannah/slip-and-fall-attorneys/,1,2872,0.03,10.8
https://rodenlaw.com/brain-injury-lawyers/savannah-ga/,0,2871,0.00,14.6
https://rodenlaw.com/practice-areas/,3,2858,0.10,6.5
https://rodenlaw.com/contact/,9,2805,0.32,7.7
https://rodenlaw.com/truck-accident-lawyers/savannah-ga/,0,2749,0.00,14.7
https://rodenlaw.com/car-accident-lawyers/north-charleston-sc/,0,2748,0.00,33.6
https://rodenlaw.com/blog/can-an-insurance-company-go-against-a-police-report/#why-insurers-review,0,2740,0.00,7.5
https://rodenlaw.com/practice-areas/motorcycle-accident-lawyers/north-charleston-sc/,0,2721,0.00,29.0
https://rodenlaw.com/blog/benefit-of-a-personal-injury-pain-diary/,6,2706,0.22,7.8
https://rodenlaw.com/practice-areas/charleston/wrongful-death-lawyers/,0,2700,0.00,14.2
https://rodenlaw.com/blog/can-someone-sue-me-for-a-car-accident/,8,2682,0.30,13.0
https://rodenlaw.com/blog/drunk-pedestrian-injury-claims/,12,2662,0.45,9.5
https://rodenlaw.com/maritime-injury-lawyers/longshore-harbor-worker/,4,2660,0.15,31.1
https://rodenlaw.com/blog/driving-record-and-injury-claim/,4,2659,0.15,19.3
https://rodenlaw.com/blog/truck-accident-reconstruction/,1,2654,0.04,22.2
https://rodenlaw.com/locations/,5,2644,0.19,4.6
https://rodenlaw.com/practice-areas/slip-and-fall-lawyers/columbia-sc/,1,2636,0.04,13.9
https://rodenlaw.com/blog/what-to-do-if-your-georgia-police-report-is-wrong-or-has-mistakes/,37,2629,1.41,10.5
https://rodenlaw.com/dog-bite-lawyers/savannah-ga/,0,2624,0.00,20.9
https://rodenlaw.com/practice-areas/medical-malpractice-lawyers/anesthesia-error/,1,2598,0.04,28.3
https://rodenlaw.com/blog/determining-liability-for-crash-at-four-way-stop-sign/,7,2596,0.27,11.9
https://rodenlaw.com/blog/what-if-i-suspect-medical-malpractice/,11,2583,0.43,17.8
https://rodenlaw.com/practice-areas/burn-injury-lawyers/chemical-burn-injury/,1,2580,0.04,20.5
https://rodenlaw.com/practice-areas/car-accident-lawyers/government-vehicle-accident/,7,2576,0.27,9.1
https://rodenlaw.com/attorneys/eric-roden/,93,2568,3.62,4.7
https://rodenlaw.com/practice-areas/dog-bite-lawyers/savannah-ga/,0,2540,0.00,20.5
https://rodenlaw.com/practice-areas/golf-cart-accident-lawyers/columbia-sc/,0,2538,0.00,35.3
https://rodenlaw.com/practice-areas/product-liability-lawyers/columbia-sc/,1,2534,0.04,15.1
https://rodenlaw.com/blog/ptsd-after-car-accident-compensation/,7,2532,0.28,22.3
https://rodenlaw.com/practice-areas/brain-injury-lawyers/north-charleston-sc/,0,2509,0.00,34.7
https://rodenlaw.com/blog/understanding-vicarious-liability/,5,2484,0.20,14.3
https://rodenlaw.com/brain-injury-lawyers/charleston-sc/,0,2471,0.00,13.2
https://rodenlaw.com/practice-areas/car-accident-lawyers/columbia-sc/,2,2465,0.08,25.9
https://rodenlaw.com/car-accident-lawyers/company-car-accident/,1,2415,0.04,21.6
https://rodenlaw.com/locations/georgia/darien/nahunta/,3,2407,0.12,7.2
https://rodenlaw.com/practice-areas/e-bike-accident-lawyers/,1,2406,0.04,26.0
https://rodenlaw.com/blog/columbia-dangerous-intersections-roads/,22,2380,0.92,7.8
https://rodenlaw.com/premises-liability-lawyers/swimming-pool-accident/,1,2345,0.04,24.5
https://rodenlaw.com/blog/burn-injury-workers-compensation/,4,2330,0.17,26.2
https://rodenlaw.com/practice-areas/product-liability-lawyers/savannah-ga/,0,2330,0.00,12.6
https://rodenlaw.com/blog/recovering-damages-with-pre-existing-injuries/,8,2327,0.34,12.3
https://rodenlaw.com/blog/ashley-phosphate-road-i-26-dangerous-intersection-charleston/,14,2315,0.60,9.8
https://rodenlaw.com/practice-areas/premises-liability-lawyers/charleston-sc/,1,2300,0.04,16.8
https://rodenlaw.com/practice-areas/spinal-cord-injury-lawyers/cauda-equina-syndrome/,3,2286,0.13,26.0
https://rodenlaw.com/blog/beginning-motorcycle-biker-risks/,4,2282,0.18,7.7
https://rodenlaw.com/blog/when-do-injury-claims-go-to-court/,2,2275,0.09,18.4
https://rodenlaw.com/practice-areas/pedestrian-accident-lawyers/north-charleston-sc/,0,2239,0.00,17.8
https://rodenlaw.com/blog/blog-georgia-statute-of-limitations/,1,2228,0.04,10.8
https://rodenlaw.com/blog/pedestrian-liability-for-car-accidents/,0,2227,0.00,17.1
https://rodenlaw.com/premises-liability-lawyers/north-charleston-sc/,0,2225,0.00,34.5
https://rodenlaw.com/premises-liability-lawyers/savannah-ga/,2,2221,0.09,12.2
https://rodenlaw.com/blog/how-much-is-my-car-accident-claim-worth/,1,2195,0.05,18.8
https://rodenlaw.com/blog/four-common-construction-accidents/,1,2173,0.05,48.9
https://rodenlaw.com/blog/darien-brunswick-dangerous-roads-i95-us17/,13,2166,0.60,8.6
https://rodenlaw.com/blog/major-injuries-from-minor-car-accidents/,2,2163,0.09,39.2
https://rodenlaw.com/spinal-cord-injury-lawyers/columbia-sc/,0,2160,0.00,23.3
https://rodenlaw.com/car-accident-lawyers/myrtle-beach-sc/,0,2159,0.00,24.5
https://rodenlaw.com/wrongful-death-lawyers/myrtle-beach-sc/,0,2147,0.00,22.0
https://rodenlaw.com/blog/why-mitigate-damages-after-a-car-crash/,19,2141,0.89,8.3
https://rodenlaw.com/blog/charleston-medical-malpractice-hospital-claim-south-carolina/,10,2139,0.47,25.1
https://rodenlaw.com/blog/dangers-of-emotional-driving-in-savannah-ga/,3,2128,0.14,9.0
https://rodenlaw.com/blog/determining-fault-in-multi-vehicle-accidents/,4,2117,0.19,15.6
https://rodenlaw.com/car-accident-lawyers/distracted-driving-accident/,0,2117,0.00,28.4
https://rodenlaw.com/blog/liability-for-crash-due-to-tire-blowout-in-savannah/,13,2104,0.62,11.2
https://rodenlaw.com/practice-areas/atv-side-by-side-accident-lawyers/side-by-side-utv-accident/,4,2102,0.19,10.9
https://rodenlaw.com/practice-areas/charleston/medical-malpractice-attorney/,1,2100,0.05,19.7
https://rodenlaw.com/blog/how-pain-and-suffering-is-calculated-after-an-accident-in-georgia/,20,2091,0.96,7.6
https://rodenlaw.com/medical-malpractice-lawyers/myrtle-beach-sc/,4,2071,0.19,17.2
https://rodenlaw.com/blog/can-an-insurance-company-go-against-a-police-report/#short-answer,0,2069,0.00,7.7
https://rodenlaw.com/blog/much-worth-ga-worker-compared-states/,2,2068,0.10,36.7
https://rodenlaw.com/motorcycle-accident-lawyers/savannah-ga/,0,2032,0.00,12.7
https://rodenlaw.com/blog/georgia-law-on-steps-after-car-accident/,2,2021,0.10,13.4
https://rodenlaw.com/practice-areas/wrongful-death-lawyers/north-charleston-sc/,0,2014,0.00,45.4
https://rodenlaw.com/blog/leg-pain-and-leg-injuries-from-crash/,3,2008,0.15,12.3
https://rodenlaw.com/premises-liability-lawyers/elevator-escalator-accident/,3,1995,0.15,22.8
https://rodenlaw.com/locations/georgia/darien/,5,1988,0.25,16.0
https://rodenlaw.com/practice-areas/bicycle-accident-lawyers/right-hook-left-cross-collision/,1,1986,0.05,5.4
https://rodenlaw.com/blog/charleston-parking-lot-parking-garage-accident/,10,1983,0.50,18.4
https://rodenlaw.com/blog/workers-comp-for-carpal-tunnel-syndrome/,10,1981,0.50,26.0
https://rodenlaw.com/golf-cart-accident-lawyers/columbia-sc/,0,1981,0.00,27.6
https://rodenlaw.com/locations/georgia/darien/brunswick/,2,1973,0.10,11.8
https://rodenlaw.com/blog/when-to-call-charleston-personal-injury-lawyer/,3,1968,0.15,18.3
https://rodenlaw.com/practice-areas/nursing-home-abuse-lawyers/,0,1965,0.00,61.6
https://rodenlaw.com/south-carolina-pedestrian-right-of-way-laws/,12,1950,0.62,7.6
https://rodenlaw.com/blog/georgia-car-seat-law-overview/,0,1949,0.00,24.0
https://rodenlaw.com/pedestrian-accident-lawyers/north-charleston-sc/,0,1940,0.00,28.9
https://rodenlaw.com/practice-areas/motorcycle-accident-lawyers/myrtle-beach-sc/,0,1925,0.00,14.1
https://rodenlaw.com/resources/blythewood-i-77-truck-accidents/,22,1913,1.15,7.7
https://rodenlaw.com/blog/certification-of-permanent-injury/,9,1913,0.47,12.5
https://rodenlaw.com/blog/can-an-insurance-company-go-against-a-police-report/#police-reports-georgia-sc,0,1896,0.00,7.9
https://rodenlaw.com/practice-areas/pedestrian-accident-lawyers/charleston-sc/,0,1893,0.00,14.6
https://rodenlaw.com/practice-areas/golf-cart-accident-lawyers/north-charleston-sc/,0,1883,0.00,18.0
https://rodenlaw.com/blog/workers-comp-benefits-georgia-taxable/,7,1808,0.39,14.2
https://rodenlaw.com/blog/third-party-fault-for-work-injuries/,13,1790,0.73,13.7
https://rodenlaw.com/blog/can-an-insurance-company-go-against-a-police-report/#what-if-report-wrong,0,1790,0.00,8.0
https://rodenlaw.com/practice-areas/nursing-home-abuse-lawyers/financial-exploitation-seniors/,19,1783,1.07,8.8
https://rodenlaw.com/case-results/,1,1767,0.06,6.2
https://rodenlaw.com/practice-areas/dog-bite-lawyers/dog-on-dog-attack/,21,1763,1.19,11.5
https://rodenlaw.com/class-action-lawyers/ozempic-lawsuits/,0,1762,0.00,15.8
https://rodenlaw.com/blog/liability-for-crashes-caused-by-teen-drivers/,5,1761,0.28,8.8
https://rodenlaw.com/blog/can-an-insurance-company-go-against-a-police-report/#what-police-report-contains,0,1759,0.00,8.0
https://rodenlaw.com/blog/steps-after-hit-and-run-accident/,5,1757,0.28,27.4
https://rodenlaw.com/blog/can-an-insurance-company-go-against-a-police-report/#police-report-as-evidence,0,1750,0.00,8.0
https://rodenlaw.com/blog/litchfield-beach-pawleys-island-us-17-car-accident-georgetown-county/,63,1744,3.61,5.0
https://rodenlaw.com/practice-areas/electric-scooter-accident-lawyers/escooter-vehicle-collision/,1,1735,0.06,29.0
https://rodenlaw.com/locations/south-carolina/,2,1725,0.12,15.4
https://rodenlaw.com/electric-scooter-accident-lawyers/escooter-vehicle-collision/,1,1724,0.06,29.9
https://rodenlaw.com/nursing-home-abuse-lawyers/savannah-ga/,1,1723,0.06,12.8
https://rodenlaw.com/blog/folly-road-car-accidents-james-island-charleston/,20,1716,1.17,8.8
https://rodenlaw.com/blog/legal-rights-if-hit-by-driver-in-company-car-charleston/,3,1716,0.17,14.2
https://rodenlaw.com/blog/south-carolina-car-accident-settlement-amounts/,22,1697,1.30,6.3
https://rodenlaw.com/practice-areas/truck-accident-lawyers/underride-override-accident/,0,1697,0.00,13.1
https://rodenlaw.com/class-action-lawyers/truvada/,2,1687,0.12,15.5
https://rodenlaw.com/blog/settle-workers-comp-case/,1,1669,0.06,39.5
https://rodenlaw.com/practice-areas/burn-injury-lawyers/columbia-sc/,0,1653,0.00,14.8
https://rodenlaw.com/blog/dog-bite-laws-south-carolina-charleston/,13,1633,0.80,16.2
https://rodenlaw.com/practice-areas/nursing-home-abuse-lawyers/savannah-ga/,2,1623,0.12,15.5
https://rodenlaw.com/motorcycle-accident-lawyers/north-charleston-sc/,0,1618,0.00,38.1
https://rodenlaw.com/blog/deposition-in-a-personal-injury-claim/,2,1617,0.12,36.7
https://rodenlaw.com/premises-liability-lawyers/myrtle-beach-sc/,1,1609,0.06,17.4
https://rodenlaw.com/blog/dangerous-savannah-intersections/,10,1608,0.62,12.3
https://rodenlaw.com/practice-areas/pedestrian-accident-lawyers/columbia-sc/,2,1607,0.12,20.5
https://rodenlaw.com/blog/dog-bite-prevention-tips/,0,1589,0.00,9.9
https://rodenlaw.com/practice-areas/electric-scooter-accident-lawyers/charleston-sc/,0,1585,0.00,30.3
https://rodenlaw.com/blog/legal-rights-after-memory-loss-savannah-crash/,1,1565,0.06,11.1
https://rodenlaw.com/blog/uturn-crash-liability-in-charleston/#right,0,1562,0.00,6.6
https://rodenlaw.com/blog/is-there-a-limit-for-medical-negligence-claims/,4,1559,0.26,7.8
https://rodenlaw.com/class-action-lawyers/,0,1551,0.00,16.6
https://rodenlaw.com/class-action-lawyers/talcum-powder/,6,1545,0.39,15.0
https://rodenlaw.com/practice-areas/nursing-home-abuse-lawyers/columbia-sc/,0,1502,0.00,17.2
https://rodenlaw.com/resources/i-77-truck-accidents-columbia-rock-hill/,1,1490,0.07,7.9
https://rodenlaw.com/practice-areas/golf-cart-accident-lawyers/charleston-sc/,0,1489,0.00,17.3
https://rodenlaw.com/nursing-home-abuse-lawyers/nursing-home-neglect/,1,1488,0.07,26.9
https://rodenlaw.com/wrongful-death-lawyers/north-charleston-sc/,0,1488,0.00,36.8
https://rodenlaw.com/blog/what-happens-if-i-resign-while-on-workers-compensation/#short-answer,0,1487,0.00,7.1
https://rodenlaw.com/blog/what-happens-if-i-resign-while-on-workers-compensation/#ga-rules,0,1484,0.00,7.1
https://rodenlaw.com/blog/nerve-damage-after-charleston-car-crash/,3,1482,0.20,6.0
https://rodenlaw.com/blog/what-happens-if-i-resign-while-on-workers-compensation/#sc-rules,0,1482,0.00,7.1
https://rodenlaw.com/practice-areas/burn-injury-lawyers/electrical-burn-injury/,1,1454,0.07,23.6
https://rodenlaw.com/practice-areas/charleston/boating-accident-lawyers/,0,1450,0.00,5.9
https://rodenlaw.com/practice-areas/maritime-injury-lawyers/tugboat-barge-accident/,1,1449,0.07,17.6
https://rodenlaw.com/spinal-cord-injury-lawyers/tetraplegia-quadriplegia/,0,1449,0.00,15.7
https://rodenlaw.com/blog/blog-the-importance-of-gathering-evidence-after-a-motorcycle-accident/,0,1447,0.00,6.4
https://rodenlaw.com/practice-areas/premises-liability-lawyers/north-charleston-sc/,3,1446,0.21,38.8
https://rodenlaw.com/boating-accident-lawyers/north-charleston-sc/,0,1443,0.00,33.8
https://rodenlaw.com/blog/5-most-common-types-of-medical-malpractice-in-2023/,0,1441,0.00,17.4
https://rodenlaw.com/slip-and-fall-lawyers/myrtle-beach-sc/,0,1441,0.00,22.0
https://rodenlaw.com/practice-areas/truck-accident-lawyers/,0,1437,0.00,55.4
https://rodenlaw.com/practice-areas/workers-compensation-lawyers/north-charleston-sc/,0,1429,0.00,35.6
https://rodenlaw.com/blog/savannah-dangerous-highways-i16-i95-abercorn/,11,1424,0.77,8.9
https://rodenlaw.com/blog/how-to-maximize-your-car-accident-compensation-in-georgia/,11,1417,0.78,10.0
https://rodenlaw.com/practice-areas/wrongful-death-lawyers/drowning-swimming-pool-death/,4,1417,0.28,15.2
https://rodenlaw.com/practice-areas/macon/truck-accident-lawyers/,0,1416,0.00,27.7
https://rodenlaw.com/locations/georgia/darien/woodbine/,20,1415,1.41,10.2
https://rodenlaw.com/blog/how-to-handle-calls-from-insurance-companies/,8,1415,0.57,12.4
https://rodenlaw.com/practice-areas/savannah/workers-compensation-lawyers/,0,1403,0.00,8.4
https://rodenlaw.com/blog/uturn-crash-liability-in-charleston/#common,0,1401,0.00,6.6
https://rodenlaw.com/practice-areas/nursing-home-abuse-lawyers/bedsore-pressure-ulcer/,2,1400,0.14,28.9
https://rodenlaw.com/practice-areas/charleston/slip-and-fall-lawyer/,0,1394,0.00,8.3
https://rodenlaw.com/practice-areas/bicycle-accident-lawyers/north-charleston-sc/,0,1379,0.00,41.0
https://rodenlaw.com/blog/duty-of-care-personal-injury-claim/,0,1377,0.00,20.9
https://rodenlaw.com/locations/south-carolina/myrtle-beach/little-river/,1,1376,0.07,7.6
https://rodenlaw.com/blog/liability-for-crashes-in-heavy-rainfall/,2,1374,0.15,13.1
https://rodenlaw.com/practice-areas/motorcycle-accident-lawyers/lane-splitting-accident/,0,1371,0.00,11.6
https://rodenlaw.com/practice-areas/personal-injury-lawyers/,1,1363,0.07,37.2
https://rodenlaw.com/practice-areas/product-liability-lawyers/north-charleston-sc/,0,1362,0.00,27.5
https://rodenlaw.com/practice-areas/dog-bite-lawyers/child-dog-bite/,1,1359,0.07,25.8
https://rodenlaw.com/blog/north-charleston-crime-rate-hit-and-run/,10,1356,0.74,8.5
https://rodenlaw.com/blog/military-base-accidents-joint-base-charleston-rights/,9,1356,0.66,9.2
https://rodenlaw.com/practice-areas/savannah/truck-accident-lawyers/,0,1353,0.00,18.3
https://rodenlaw.com/resources/rideshare-accident-north-charleston/,0,1345,0.00,9.5
https://rodenlaw.com/spinal-cord-injury-lawyers/cauda-equina-syndrome/,2,1344,0.15,22.2
https://rodenlaw.com/bicycle-accident-lawyers/right-hook-left-cross-collision/,0,1342,0.00,7.9
https://rodenlaw.com/car-accident-lawyers/t-bone-accident/,0,1339,0.00,23.7
https://rodenlaw.com/blog/blog-what-to-do-if-your-workers-compensation-claim-is-denied/,1,1338,0.07,9.1
https://rodenlaw.com/blog/uturn-crash-liability-in-charleston/#share,0,1338,0.00,6.6
https://rodenlaw.com/blog/jones-act-claims-south-carolina-maritime-worker-rights/,7,1323,0.53,11.8
https://rodenlaw.com/blog/documents-for-personal-injury-claim/,1,1322,0.08,18.1
https://rodenlaw.com/truck-accident-lawyers/fatigued-trucker-accident/,0,1313,0.00,26.6
https://rodenlaw.com/resources/i-20-truck-accidents-columbia/,7,1308,0.54,7.9
https://rodenlaw.com/practice-areas/product-liability-lawyers/defective-medical-device/,2,1307,0.15,22.5
https://rodenlaw.com/blog/blog-workers-comp-for-carpal-tunnel-syndrome/,1,1299,0.08,22.0
https://rodenlaw.com/blog/using-uninsured-underinsured-motorist-coverage-in-georgia/#georgia-um-uim-laws,0,1290,0.00,6.3
https://rodenlaw.com/locations/south-carolina/charleston/downtown-charleston/,9,1286,0.70,10.0
https://rodenlaw.com/practice-areas/construction-accident-lawyers/savannah-ga/,0,1284,0.00,13.5
https://rodenlaw.com/blog/lower-king-street-pedestrian-safety/,9,1281,0.70,9.8
https://rodenlaw.com/blog/motorcycle-accident-i-95-glynn-county-brunswick-darien/,61,1280,4.77,8.1
https://rodenlaw.com/golf-cart-accident-lawyers/golf-cart-dui/,0,1274,0.00,17.9
https://rodenlaw.com/locations/south-carolina/charleston/west-ashley/ashley-river-road/,4,1273,0.31,10.3
https://rodenlaw.com/blog/uturn-crash-liability-in-charleston/#crashes,0,1270,0.00,6.6
https://rodenlaw.com/blog/uturn-crash-liability-in-charleston/#legal,0,1249,0.00,6.6
https://rodenlaw.com/practice-areas/wrongful-death-lawyers/,1,1242,0.08,29.9
https://rodenlaw.com/blog/commercial-truck-accidents-who-is-at-fault/,4,1229,0.33,21.8
https://rodenlaw.com/blog/importance-of-eyewitness-testimony/,1,1223,0.08,15.7
https://rodenlaw.com/blog/using-uninsured-underinsured-motorist-coverage-in-georgia/#what-is-um-uim,0,1221,0.00,7.0
https://rodenlaw.com/blog/avoiding-motorcycle-crash-injuries/,1,1218,0.08,15.9
https://rodenlaw.com/locations/georgia/darien/waycross/,4,1208,0.33,10.1
https://rodenlaw.com/nursing-home-abuse-lawyers/myrtle-beach-sc/,0,1206,0.00,16.6
https://rodenlaw.com/maritime-injury-lawyers/savannah-ga/,0,1193,0.00,22.4
https://rodenlaw.com/blog/benefits-of-an-accident-reconstruction-expert/,0,1190,0.00,37.3
https://rodenlaw.com/blog/feeling-fatigued-after-charleston-car-accident/,3,1185,0.25,6.4
https://rodenlaw.com/blog/releasing-medical-records/,9,1179,0.76,16.4
https://rodenlaw.com/blog/how-spinal-cord-injuries-affect-you/,0,1175,0.00,30.1
https://rodenlaw.com/practice-areas/maritime-injury-lawyers/offshore-platform-injury/,1,1172,0.09,11.5
https://rodenlaw.com/practice-areas/car-accident-lawyers/darien-ga/,1,1167,0.09,55.4
https://rodenlaw.com/car-accident-lawyers/rideshare-uber-accident/,0,1165,0.00,43.9
https://rodenlaw.com/practice-areas/construction-accident-lawyers/myrtle-beach-sc/,0,1163,0.00,16.3
https://rodenlaw.com/locations/georgia/darien/kingsland/,1,1159,0.09,10.3
https://rodenlaw.com/blog/carriage-tour-accidents-downtown-charleston-liability/,15,1158,1.30,8.9
https://rodenlaw.com/blog/damage-coverage-for-stolen-car/,3,1158,0.26,13.9
https://rodenlaw.com/practice-areas/bicycle-accident-lawyers/,0,1157,0.00,49.2
https://rodenlaw.com/practice-areas/construction-accident-lawyers/falling-object-injury/,0,1156,0.00,18.2
https://rodenlaw.com/electric-scooter-accident-lawyers/escooter-pedestrian-accident/,2,1143,0.17,29.9
https://rodenlaw.com/practice-areas/savannah/slip-and-fall-attorneys/premises-liability/,0,1135,0.00,16.6
https://rodenlaw.com/locations/south-carolina/columbia/seven-oaks/,0,1133,0.00,7.3
https://rodenlaw.com/blog/filing-medication-error-lawsuit/,1,1131,0.09,44.6
https://rodenlaw.com/practice-areas/construction-accident-lawyers/trench-collapse/,0,1125,0.00,12.0
https://rodenlaw.com/practice-areas/brain-injury-lawyers/anoxic-hypoxic-brain-injury/,0,1121,0.00,16.1
https://rodenlaw.com/practice-areas/workers-compensation-lawyers/,1,1120,0.09,40.0
https://rodenlaw.com/attorneys/tyler-love/,59,1109,5.32,7.4
https://rodenlaw.com/burn-injury-lawyers/columbia-sc/,0,1108,0.00,18.1
https://rodenlaw.com/columbia-dangerous-intersections-roads/,6,1103,0.54,7.7
https://rodenlaw.com/truck-accident-lawyers/jackknife-accident/,1,1081,0.09,25.2
https://rodenlaw.com/blog/wearing-headphones-while-driving-in-charleston/#wearing,0,1077,0.00,4.8
https://rodenlaw.com/blog/personal-injury-calculating-loss-of-earning-capacity/,2,1073,0.19,16.8
https://rodenlaw.com/practice-areas/nursing-home-abuse-lawyers/north-charleston-sc/,0,1072,0.00,44.6
https://rodenlaw.com/practice-areas/spinal-cord-injury-lawyers/,0,1063,0.00,43.7
https://rodenlaw.com/practice-areas/spinal-cord-injury-lawyers/savannah-ga/,0,1060,0.00,10.7
https://rodenlaw.com/practice-areas/electric-scooter-accident-lawyers/ride-share-scooter-accident/,0,1053,0.00,21.9
https://rodenlaw.com/premises-liability-lawyers/inadequate-security/,2,1052,0.19,13.6
https://rodenlaw.com/blog/personal-injury-claim-charleston-berkeley-dorchester-county/,8,1051,0.76,10.9
https://rodenlaw.com/blog/what-happens-if-i-resign-while-on-workers-compensation/#light-duty,0,1045,0.00,7.6
https://rodenlaw.com/blog/what-happens-if-i-resign-while-on-workers-compensation/#medical-benefits,0,1044,0.00,7.5
https://rodenlaw.com/medical-malpractice-lawyers/emergency-room-negligence/,1,1042,0.10,26.0
https://rodenlaw.com/blog/college-campus-safety-tips-every-student-should-know/,1,1040,0.10,20.0
https://rodenlaw.com/practice-areas/wrongful-death-lawyers/medical-malpractice-death/,0,1040,0.00,32.6
https://rodenlaw.com/product-liability-lawyers/dangerous-pharmaceutical-drug/,1,1036,0.10,16.6
https://rodenlaw.com/practice-areas/construction-accident-lawyers/north-charleston-sc/,0,1034,0.00,32.9
https://rodenlaw.com/blog/what-happens-if-i-resign-while-on-workers-compensation/#wage-benefits,0,1030,0.00,7.6
https://rodenlaw.com/blog/what-happens-if-i-resign-while-on-workers-compensation/#voluntary-vs-constructive,0,1028,0.00,7.6
https://rodenlaw.com/locations/georgia/darien/st-simons-island/,3,1027,0.29,7.3
https://rodenlaw.com/class-action-lawyers/onglyza/,0,1015,0.00,12.9
https://rodenlaw.com/blog/wearing-headphones-while-driving-in-charleston/#penalties,0,1014,0.00,4.8
https://rodenlaw.com/practice-areas/spinal-cord-injury-lawyers/north-charleston-sc/,0,1001,0.00,29.6
https://rodenlaw.com/practice-areas/construction-accident-lawyers/electrocution-construction-site/,0,993,0.00,4.9
https://rodenlaw.com/practice-areas/golf-cart-accident-lawyers/,0,992,0.00,35.9
https://rodenlaw.com/practice-areas/construction-accident-lawyers/,0,991,0.00,61.5
https://rodenlaw.com/practice-areas/truck-accident-lawyers/cement-truck-accident/,0,990,0.00,19.5
https://rodenlaw.com/practice-areas/charleston/workers-compensation-lawyer/,0,987,0.00,11.5
https://rodenlaw.com/practice-areas/burn-injury-lawyers/savannah-ga/,0,986,0.00,15.7
https://rodenlaw.com/truck-accident-lawyers/overloaded-improperly-loaded-cargo/,1,983,0.10,17.6
https://rodenlaw.com/blog/ashley-phosphate-i-26-south-carolinas-deadliest-intersection/,13,980,1.33,7.0
https://rodenlaw.com/practice-areas/brain-injury-lawyers/,0,980,0.00,60.0
https://rodenlaw.com/product-liability-lawyers/north-charleston-sc/,0,974,0.00,26.8
https://rodenlaw.com/blog/police-report-as-proof-of-liability/,1,973,0.10,11.5
https://rodenlaw.com/blog/value-of-pain-and-suffering/#how-pain-and-suffering-calculated,0,969,0.00,7.3
https://rodenlaw.com/blog/using-dashcams-as-evidence-of-fault-in-a-car-accident/,0,963,0.00,21.0
https://rodenlaw.com/blog/common-driver-distractions/,1,954,0.10,17.5
https://rodenlaw.com/blog/is-workers-compensation-an-employee-benefit/#benefit-or-legal-right,0,953,0.00,5.2
https://rodenlaw.com/practice-areas/savannah/maritime-lawyers/,0,945,0.00,9.1
https://rodenlaw.com/blog/workers-comp-medical-coverage/,1,941,0.11,14.8
https://rodenlaw.com/locations/south-carolina/columbia/columbia/,1,937,0.11,14.7
https://rodenlaw.com/blog/us-17-truck-accident-broadfield-glynn-county/,27,936,2.88,7.4
https://rodenlaw.com/bicycle-accident-lawyers/savannah-ga/,0,934,0.00,19.1
https://rodenlaw.com/locations/georgia/darien/hoboken/,1,932,0.11,9.4
https://rodenlaw.com/practice-areas/medical-malpractice-lawyers/darien-ga/,1,931,0.11,9.7
https://rodenlaw.com/practice-areas/product-liability-lawyers/dangerous-pharmaceutical-drug/,3,929,0.32,21.2
https://rodenlaw.com/practice-areas/electric-scooter-accident-lawyers/north-charleston-sc/,0,922,0.00,23.4
https://rodenlaw.com/locations/georgia/,2,920,0.22,12.9
https://rodenlaw.com/blog/jet-ski-personal-watercraft-accidents-charleston/,3,917,0.33,7.8
https://rodenlaw.com/practice-areas/golf-cart-accident-lawyers/golf-cart-dui/,2,913,0.22,21.0
https://rodenlaw.com/workers-compensation-lawyers/north-charleston-sc/,0,912,0.00,27.0
https://rodenlaw.com/blog/i-16-port-freight-truck-accident-garden-city-savannah/,18,909,1.98,6.4
https://rodenlaw.com/blunt-force-trauma-from-a-crash-what-you-need-to-know/,0,908,0.00,10.8
https://rodenlaw.com/golf-cart-accident-lawyers/golf-cart-vehicle-collision/,3,906,0.33,13.8
https://rodenlaw.com/practice-areas/bicycle-accident-lawyers/intersection-bicycle-accident/,1,900,0.11,10.2
https://rodenlaw.com/construction-accident-lawyers/electrocution-construction-site/,2,896,0.22,12.3
https://rodenlaw.com/medical-malpractice-lawyers/medication-error/,0,891,0.00,48.5
https://rodenlaw.com/maritime-injury-lawyers/maintenance-and-cure/,0,888,0.00,11.6
https://rodenlaw.com/attorneys/joshua-dorminy/,129,881,14.64,3.3
https://rodenlaw.com/blog/how-loud-music-increases-crash-risk-charleston/,2,877,0.23,9.6
https://rodenlaw.com/golf-cart-accident-lawyers/charleston-sc/,0,876,0.00,30.3
https://rodenlaw.com/blog/knee-injuries-after-georgia-car-crash/,0,874,0.00,35.8
https://rodenlaw.com/blog/wearing-headphones-while-driving-in-charleston/#headphones,0,874,0.00,5.0
https://rodenlaw.com/pedestrian-accident-lawyers/backing-up-parking-lot-accident/,6,872,0.69,10.0
https://rodenlaw.com/practice-areas/savannah/car-accident-lawyers/bike-accidents/,0,870,0.00,12.1
https://rodenlaw.com/blog/rollover-crashes-and-what-they-do-to-your-body/#who-is-liable,0,868,0.00,6.8
https://rodenlaw.com/practice-areas/slip-and-fall-lawyers/myrtle-beach-sc/,0,868,0.00,16.9
https://rodenlaw.com/medical-malpractice-lawyers/north-charleston-sc/,0,863,0.00,45.6
https://rodenlaw.com/atv-side-by-side-accident-lawyers/side-by-side-utv-accident/,1,861,0.12,14.2
https://rodenlaw.com/blog/value-of-pain-and-suffering/#factors-that-affect-value,0,861,0.00,7.2
https://rodenlaw.com/blog/using-uninsured-underinsured-motorist-coverage-in-georgia/#when-um-uim-applies,0,849,0.00,6.6
https://rodenlaw.com/blog/refusing-opioid-prescription-in-workers-comp-claim/,4,848,0.47,11.3
https://rodenlaw.com/dog-bite-lawyers/north-charleston-sc/,0,847,0.00,46.9
https://rodenlaw.com/practice-areas/electric-scooter-accident-lawyers/,0,847,0.00,44.3
https://rodenlaw.com/blog/blunt-force-trauma-after-savannah-car-crash/,2,845,0.24,5.8
https://rodenlaw.com/blog/rollover-crashes-and-what-they-do-to-your-body/#common-injuries,0,842,0.00,6.6
https://rodenlaw.com/blog/reasons-for-workers-comp-claim-denial/,2,841,0.24,27.2
https://rodenlaw.com/blog/discovery-process-in-personal-injury-cases/,1,839,0.12,21.3
https://rodenlaw.com/practice-areas/maritime-injury-lawyers/cruise-ship-injury/,2,835,0.24,15.4
https://rodenlaw.com/blog/changing-workers-comp-doctors-in-georgia/,3,834,0.36,10.2
https://rodenlaw.com/blog/rollover-crashes-and-what-they-do-to-your-body/#how-rollovers-happen,0,834,0.00,6.7
https://rodenlaw.com/blog/the-most-common-causes-of-truck-accidents/,2,831,0.24,37.3
https://rodenlaw.com/blog/how-pain-and-suffering-is-calculated-after-an-accident-in-south-carolina/,2,827,0.24,12.8
https://rodenlaw.com/locations/georgia/darien/folkston/,5,825,0.61,10.3
https://rodenlaw.com/practice-areas/burn-injury-lawyers/scalding-hot-liquid-burn/,3,824,0.36,10.4
https://rodenlaw.com/resources/bush-river-road-i-26-truck-accidents-columbia/,6,823,0.73,9.2
https://rodenlaw.com/blog/is-workers-compensation-an-employee-benefit/#ga-sc-requirements,0,821,0.00,5.4
https://rodenlaw.com/brain-injury-lawyers/myrtle-beach-sc/,0,821,0.00,20.4
https://rodenlaw.com/blog/understanding-eye-injuries-after-a-savannah-car-accident/,0,820,0.00,11.3
https://rodenlaw.com/blog/wearing-headphones-while-driving-in-charleston/#difference,0,815,0.00,5.1
https://rodenlaw.com/boating-accident-lawyers/savannah-ga/,0,815,0.00,11.6
https://rodenlaw.com/blog/charleston-parking-lot-car-accident-liability/,0,811,0.00,18.7
https://rodenlaw.com/blog/advantages-of-a-medical-malpractice-attorney/,0,809,0.00,29.2
https://rodenlaw.com/dog-bite-lawyers/child-dog-bite/,1,804,0.12,27.6
https://rodenlaw.com/blog/emergency-room-errors-charleston-misdiagnosis-malpractice/,4,802,0.50,12.6
https://rodenlaw.com/blog/hearing-loss-after-charleston-car-accident/,2,802,0.25,16.1
https://rodenlaw.com/blog/port-of-charleston-injury-claims-longshoremen-dock-workers/,0,802,0.00,12.0
https://rodenlaw.com/blog/2017-safest-college-campuses-in-georgia/,1,801,0.12,9.2
https://rodenlaw.com/product-liability-lawyers/defective-medical-device/,1,800,0.12,24.5
https://rodenlaw.com/blog/liability-in-a-driverless-car-crash/,0,798,0.00,34.0
https://rodenlaw.com/blog/sunset-boulevard-us-378-lexington-medical-center-accident/,14,795,1.76,7.2
https://rodenlaw.com/blog/steps-of-a-burn-injury-case/,0,790,0.00,16.9
https://rodenlaw.com/practice-category/e-bike-accidents/,0,787,0.00,51.6
https://rodenlaw.com/blog/south-carolina-comparative-fault-partially-at-fault/,2,786,0.25,15.2
https://rodenlaw.com/blog/roadway-hazard-auto-accident/,0,782,0.00,12.2
https://rodenlaw.com/maritime-injury-lawyers/myrtle-beach-sc/,2,781,0.26,40.3
https://rodenlaw.com/resources/us-52-truck-train-accidents-goose-creek/,18,774,2.33,8.0
https://rodenlaw.com/bicycle-accident-lawyers/north-charleston-sc/,0,773,0.00,55.7
https://rodenlaw.com/practice-areas/savannah/dog-bite-lawyers/,1,771,0.13,13.4
https://rodenlaw.com/practice-areas/wrongful-death-lawyers/nursing-home-wrongful-death/,1,771,0.13,28.3
https://rodenlaw.com/construction-accident-lawyers/scaffold-ladder-fall/,1,770,0.13,21.0
https://rodenlaw.com/practice-areas/slip-and-fall-lawyers/north-charleston-sc/,1,770,0.13,37.3
https://rodenlaw.com/blog/longshoreman-injury-claims/,0,769,0.00,34.2
https://rodenlaw.com/blog/ben-sawyer-boulevard-bridge-accidents-sullivans-island/,8,764,1.05,8.4
https://rodenlaw.com/resources/pedestrian-bicycle-safety-north-charleston/,7,764,0.92,8.6
https://rodenlaw.com/slip-and-fall-lawyers/north-charleston-sc/,0,764,0.00,46.6
https://rodenlaw.com/class-action-lawyers/paraquat-lawsuit/,2,762,0.26,13.9
https://rodenlaw.com/locations/south-carolina/charleston/west-ashley/,4,756,0.53,6.8
https://rodenlaw.com/blog/a-cyclists-guide-after-a-ravenel-bridge-accident/,0,754,0.00,10.1
https://rodenlaw.com/blog/i-526-mount-pleasant-wando-bridge-accident/,6,750,0.80,7.9
https://rodenlaw.com/class-action/troubled-teen-industry-abuse/,12,749,1.60,10.4
https://rodenlaw.com/blog/after-boat-accident-guide/,1,749,0.13,33.3
https://rodenlaw.com/blog/rollover-crashes-and-what-they-do-to-your-body/#damages-you-can-recover,0,747,0.00,6.8
https://rodenlaw.com/blog/rollover-crashes-and-what-they-do-to-your-body/#what-is-rollover-crash,0,739,0.00,7.1
https://rodenlaw.com/premises-liability-lawyers/parking-lot-garage-accident/,0,736,0.00,15.8
https://rodenlaw.com/class-action-lawyers/camp-lejeune-lawsuits/,0,731,0.00,12.9
https://rodenlaw.com/locations/south-carolina/columbia/west-columbia/,1,729,0.14,10.0
https://rodenlaw.com/dog-bite-lawyers/landlord-liability-dog-attack/,6,722,0.83,7.4
https://rodenlaw.com/blog/am-i-eligible-for-workers-compensation/,0,719,0.00,11.6
https://rodenlaw.com/locations/south-carolina/myrtle-beach/north-myrtle-beach/,0,719,0.00,17.3
https://rodenlaw.com/practice-areas/burn-injury-lawyers/explosion-gas-line-burn/,0,717,0.00,20.7
https://rodenlaw.com/practice-areas/maritime-lawyers/,0,717,0.00,28.0
https://rodenlaw.com/practice-areas/medical-malpractice-lawyers/informed-consent-failure/,1,713,0.14,9.7
https://rodenlaw.com/locations/south-carolina/columbia/hopkins/,0,713,0.00,7.0
https://rodenlaw.com/locations/south-carolina/myrtle-beach/conway/historic-district/,0,713,0.00,9.9
https://rodenlaw.com/pedestrian-accident-lawyers/darien-ga/,0,711,0.00,47.3
https://rodenlaw.com/resources/dangerous-roads-north-charleston/,7,709,0.99,7.0
https://rodenlaw.com/locations/georgia/darien/dock-junction/,0,709,0.00,10.0
https://rodenlaw.com/practice-areas/nursing-home-abuse-lawyers/sexual-abuse-elderly/,1,707,0.14,18.3
https://rodenlaw.com/blog/are-red-light-runners-always-liable-if-they-crash/#proving-red-light-violation,0,705,0.00,7.2
https://rodenlaw.com/locations/georgia/darien/jesup/,0,701,0.00,10.6
https://rodenlaw.com/blog/how-long-personal-injury-case-charleston-sc/,4,700,0.57,9.5
https://rodenlaw.com/practice-areas/brain-injury-lawyers/myrtle-beach-sc/,0,698,0.00,15.8
https://rodenlaw.com/practice-areas/car-accident-lawyers/,0,698,0.00,20.9
https://rodenlaw.com/practice-areas/maritime-injury-lawyers/columbia-sc/,0,696,0.00,43.6
https://rodenlaw.com/practice-areas/electric-scooter-accident-lawyers/scooter-malfunction-defect/,2,692,0.29,16.4
https://rodenlaw.com/blog/rollover-crashes-and-what-they-do-to-your-body/#what-happens-to-your-body,0,690,0.00,6.9
https://rodenlaw.com/blog/child-passenger-automobile-safety-georgia/,0,686,0.00,12.1
https://rodenlaw.com/practice-areas/construction-accident-lawyers/defective-construction-equipment/,2,685,0.29,13.9
https://rodenlaw.com/blog/rollover-crashes-and-what-they-do-to-your-body/#comparative-fault,0,684,0.00,6.9
https://rodenlaw.com/product-liability-lawyers/myrtle-beach-sc/,0,683,0.00,32.8
https://rodenlaw.com/blog/are-red-light-runners-always-liable-if-they-crash/#how-fault-determined,0,680,0.00,7.2
https://rodenlaw.com/blog/why-injury-claims-may-be-delayed/,1,679,0.15,16.3
https://rodenlaw.com/contact-us/?utm_source=GMB&utm_medium=local&utm_campaign=CharlestonSCGMB,1,676,0.15,12.0
https://rodenlaw.com/product-liability-lawyers/defective-industrial-equipment/,2,674,0.30,33.4
https://rodenlaw.com/blog/maybank-highway-car-accidents-johns-island/,5,673,0.74,9.6
https://rodenlaw.com/blog/what-happens-to-workers-comp-if-employer-bankrupts/,2,672,0.30,12.0
https://rodenlaw.com/locations/south-carolina/columbia/elgin/,2,672,0.30,25.3
https://rodenlaw.com/truck-accident-lawyers/brake-failure-accident/,0,672,0.00,17.4
https://rodenlaw.com/practice-areas/premises-liability-lawyers/amusement-park-recreational-injury/,1,671,0.15,13.9
https://rodenlaw.com/blog/hip-pain-after-car-accident-in-savannah/,0,670,0.00,19.1
https://rodenlaw.com/blog/how-to-maximize-your-car-accident-compensation-in-south-carolina/,0,664,0.00,18.1
https://rodenlaw.com/atv-side-by-side-accident-lawyers/child-atv-injury/,2,663,0.30,18.0
https://rodenlaw.com/practice-areas/medical-malpractice-lawyers/medication-error/,1,661,0.15,18.3
https://rodenlaw.com/locations/south-carolina/north-charleston/moncks-corner/,0,657,0.00,16.3
https://rodenlaw.com/dog-bite-lawyers/loose-unleashed-dog-attack/,2,656,0.30,10.8
https://rodenlaw.com/blog/car-totaled-in-accident-what-to-do/,0,646,0.00,21.1
https://rodenlaw.com/blog/pedestrian-safety-park-circle-north-charleston/,3,645,0.47,8.2
https://rodenlaw.com/practice-areas/maritime-injury-lawyers/longshore-harbor-worker/,2,643,0.31,29.2
https://rodenlaw.com/locations/south-carolina/columbia/batesburg-leesville/,1,639,0.16,25.2
https://rodenlaw.com/locations/south-carolina/myrtle-beach/conway/,0,634,0.00,9.9
https://rodenlaw.com/locations/south-carolina/myrtle-beach/surfside-beach/,2,631,0.32,11.6
https://rodenlaw.com/blog/negligence-vs-gross-negligence/#what-is-negligence,1,631,0.16,5.7
https://rodenlaw.com/resources/what-to-do-after-car-accident-north-charleston/,0,631,0.00,16.6
https://rodenlaw.com/practice-areas/slip-and-fall-lawyers/grocery-store-slip-and-fall/,1,624,0.16,15.4
https://rodenlaw.com/blog/car-accidents-ladson-i-26-exit-203-danger-zone/,3,623,0.48,8.1
https://rodenlaw.com/workers-compensation-lawyers/repetitive-stress-injury/,4,618,0.65,49.6
https://rodenlaw.com/practice-areas/spinal-cord-injury-lawyers/myrtle-beach-sc/,0,615,0.00,14.2
https://rodenlaw.com/blog/charleston-historic-sidewalk-slip-fall-city-liable/,5,613,0.82,9.9
https://rodenlaw.com/blog/workers-compensation-claim-process-georgia/,1,613,0.16,36.0
https://rodenlaw.com/practice-areas/burn-injury-lawyers/vehicle-fire-burn/,1,613,0.16,12.4
https://rodenlaw.com/practice-areas/boating-accident-lawyers/boating-under-influence/,0,613,0.00,17.4
https://rodenlaw.com/blog/tips-for-choosing-a-motor-vehicle-accident-attorney/,0,611,0.00,11.5
https://rodenlaw.com/locations/south-carolina/myrtle-beach/murrells-inlet/marshwalk/,0,609,0.00,12.5
https://rodenlaw.com/blog/blog-the-role-of-vocational-rehabilitation-in-workers-compensation-cases/,1,607,0.16,8.2
https://rodenlaw.com/car-accident-lawyers/bus-accident/,1,603,0.17,16.8
https://rodenlaw.com/boating-accident-lawyers/myrtle-beach-sc/,0,603,0.00,27.8
https://rodenlaw.com/premises-liability-lawyers/retail-store-shopping-center-injury/,0,601,0.00,30.3
https://rodenlaw.com/blog/tactics-insurers-use-to-deny-crash-claims-charleston/,2,600,0.33,12.5
https://rodenlaw.com/blog/highway-hypnosis-what-it-is-why-it-is-a-crash-risk/,1,600,0.17,11.8
https://rodenlaw.com/nursing-home-abuse-lawyers/north-charleston-sc/,0,599,0.00,48.6
https://rodenlaw.com/blog/why-wont-a-personal-lawyer-take-my-case/,3,598,0.50,10.6
https://rodenlaw.com/blog/value-of-pain-and-suffering/#types-of-pain-and-suffering,0,598,0.00,7.7
https://rodenlaw.com/motorcycle-accident-lawyers/lane-splitting-accident/,0,594,0.00,13.4
https://rodenlaw.com/practice-areas/burn-injury-lawyers/house-apartment-fire-burn/,4,593,0.67,11.6
https://rodenlaw.com/nursing-home-abuse-lawyers/medication-error-nursing-home/,1,593,0.17,18.9
https://rodenlaw.com/practice-areas/electric-scooter-accident-lawyers/columbia-sc/,0,589,0.00,51.2
https://rodenlaw.com/blog/i-77-truck-accident-northeast-columbia-richland-county/,10,588,1.70,7.3
https://rodenlaw.com/workers-compensation-lawyers/denied-workers-comp-claim/,1,588,0.17,36.2
https://rodenlaw.com/practice-areas/brain-injury-lawyers/second-impact-syndrome/,2,587,0.34,11.5
https://rodenlaw.com/blog/calculating-compensation-for-whiplash-injuries/#types-of-compensation,0,585,0.00,8.3
https://rodenlaw.com/locations/south-carolina/columbia/irmo/,0,585,0.00,14.2
https://rodenlaw.com/blog/signs-of-concussion-from-car-crash/,1,584,0.17,21.7
https://rodenlaw.com/resources/georgetown-county-us-17-truck-accidents/,7,579,1.21,8.4
https://rodenlaw.com/blog/choking-at-nursing-homes/,1,579,0.17,15.9
https://rodenlaw.com/practice-areas/pedestrian-accident-lawyers/myrtle-beach-sc/,0,578,0.00,23.7
https://rodenlaw.com/blog/car-accidents-and-daylight-savings-time/,2,576,0.35,16.0
https://rodenlaw.com/boating-accident-lawyers/jet-ski-personal-watercraft/,0,576,0.00,32.8
https://rodenlaw.com/atv-side-by-side-accident-lawyers/atv-rollover-accident/,1,571,0.18,6.7
https://rodenlaw.com/car-accident-lawyers/uber-lyft-accident/,0,571,0.00,31.4
https://rodenlaw.com/locations/south-carolina/charleston/west-ashley/grand-oaks-plantation/,6,570,1.05,11.5
https://rodenlaw.com/blog/negligence-vs-gross-negligence/#four-elements,0,570,0.00,5.9
https://rodenlaw.com/car-accident-lawyers/dorchester-road-accident/,3,567,0.53,14.4
https://rodenlaw.com/darien-brunswick-dangerous-roads-i95-us17/,6,565,1.06,8.4
https://rodenlaw.com/locations/georgia/savannah/statesboro/,1,565,0.18,11.2
https://rodenlaw.com/locations/georgia/darien/kings-bay/,1,564,0.18,8.2
https://rodenlaw.com/blog/value-of-pain-and-suffering/#what-is-pain-and-suffering,0,564,0.00,7.4
https://rodenlaw.com/burn-injury-lawyers/north-charleston-sc/,0,564,0.00,50.4
https://rodenlaw.com/locations/georgia/savannah/bloomingdale/,0,564,0.00,18.5
https://rodenlaw.com/locations/georgia/darien/alma/,1,563,0.18,9.6
https://rodenlaw.com/blog/follow-doctors-orders-after-accident/,2,562,0.36,10.2
https://rodenlaw.com/pedestrian-accident-lawyers/distracted-driver-pedestrian-accident/,0,559,0.00,30.8
https://rodenlaw.com/blog/value-of-pain-and-suffering/#caps-georgia-south-carolina,0,558,0.00,7.6
https://rodenlaw.com/locations/south-carolina/myrtle-beach/murrells-inlet/,1,557,0.18,17.6
https://rodenlaw.com/nursing-home-abuse-lawyers/assisted-living-abuse/,3,556,0.54,12.1
https://rodenlaw.com/blog/value-of-car-crash-claim-if-permanent-injuries/,0,555,0.00,22.4
https://rodenlaw.com/blog/how-to-spot-distracted-drivers-ten-signs-savannah-ga/,0,553,0.00,13.7
https://rodenlaw.com/practice-areas/maritime-injury-lawyers/myrtle-beach-sc/,0,552,0.00,33.5
https://rodenlaw.com/medical-malpractice-lawyers/birth-injury/,4,551,0.73,37.0
https://rodenlaw.com/practice-areas/motorcycle-accident-lawyers/drunk-driver-motorcycle-accident/,0,551,0.00,11.5
https://rodenlaw.com/practice-areas/wrongful-death-lawyers/fatal-car-accident/,2,550,0.36,25.3
https://rodenlaw.com/blog/calculating-compensation-for-whiplash-injuries/#how-damages-calculated,0,548,0.00,8.9
https://rodenlaw.com/practice-areas/burn-injury-lawyers/workplace-burn-injury/,0,548,0.00,37.0
https://rodenlaw.com/blog/boating-accidents-charleston-harbor-legal-rights/,1,547,0.18,20.8
https://rodenlaw.com/practice-areas/medical-malpractice-lawyers/,5,543,0.92,23.0
https://rodenlaw.com/locations/georgia/savannah/port-wentworth/,1,543,0.18,9.9
https://rodenlaw.com/free-consultation-with-charleston-personal-injury-lawyer/,0,539,0.00,21.3
https://rodenlaw.com/blog/atm-attack-liability/,0,537,0.00,10.7
https://rodenlaw.com/practice-areas/golf-cart-accident-lawyers/golf-cart-passenger-ejection/,1,536,0.19,19.1
https://rodenlaw.com/locations/georgia/darien/darien/,1,533,0.19,10.3
https://rodenlaw.com/practice-areas/pedestrian-accident-lawyers/hit-and-run-pedestrian-accident/,3,532,0.56,21.7
https://rodenlaw.com/practice-areas/maritime-injury-lawyers/unseaworthiness-claim/,2,530,0.38,9.4
https://rodenlaw.com/locations/georgia/savannah/effingham-county/,0,529,0.00,11.6
https://rodenlaw.com/locations/south-carolina/charleston/sullivans-island/,0,529,0.00,12.2
https://rodenlaw.com/blog/using-uninsured-underinsured-motorist-coverage-in-georgia/#south-carolina-um-uim-laws,0,528,0.00,6.1
https://rodenlaw.com/locations/south-carolina/north-charleston/goose-creek/liberty-hall-plantation/,9,526,1.71,8.7
https://rodenlaw.com/resources/carolina-crossroads-construction-zone-truck-accidents/,1,526,0.19,7.5
https://rodenlaw.com/blog/negligence-vs-gross-negligence/#negligence-vs-gross,0,526,0.00,5.8
https://rodenlaw.com/locations/south-carolina/charleston/west-ashley/citadel-mall-area/,1,525,0.19,13.9
https://rodenlaw.com/practice-areas/wrongful-death-lawyers/workplace-fatality/,1,525,0.19,35.7
https://rodenlaw.com/blog/third-party-liability-for-work-injury/,0,525,0.00,26.0
https://rodenlaw.com/locations/south-carolina/columbia/lugoff/,1,523,0.19,8.4
https://rodenlaw.com/medical-malpractice-lawyers/surgical-error/,1,523,0.19,66.9
https://rodenlaw.com/locations/south-carolina/myrtle-beach/georgetown/,1,521,0.19,13.7
https://rodenlaw.com/blog/brunswick-i-95-truck-accident-lawyer/,0,521,0.00,16.1
https://rodenlaw.com/maritime-injury-lawyers/commercial-fishing-injury/,0,520,0.00,20.8
https://rodenlaw.com/practice-areas/truck-accident-lawyers/jackknife-accident/,0,520,0.00,26.3
https://rodenlaw.com/blog/liability-for-school-bus-crash/,1,517,0.19,38.7
https://rodenlaw.com/burn-injury-lawyers/explosion-gas-line-burn/,0,517,0.00,26.1
https://rodenlaw.com/attorneys/graeham-c-gillin/,39,516,7.56,9.3
https://rodenlaw.com/practice-areas/medical-malpractice-lawyers/emergency-room-negligence/,1,516,0.19,33.0
https://rodenlaw.com/locations/georgia/savannah/downtown-savannah/,3,515,0.58,10.5
https://rodenlaw.com/blog/pedestrian-accident-dorchester-road-school-zone-29418-north-charleston/,8,510,1.57,7.1
https://rodenlaw.com/practice-areas/electric-scooter-accident-lawyers/escooter-pedestrian-accident/,4,507,0.79,13.7
https://rodenlaw.com/resources/highway-22-truck-accidents-conway-bypass/,2,507,0.39,11.0
https://rodenlaw.com/blog-can-someone-sue-me-for-a-car-accident/,1,507,0.20,12.6
https://rodenlaw.com/locations/south-carolina/charleston/johns-island/,0,507,0.00,13.8
https://rodenlaw.com/blog/compensation-for-chronic-pain-after-a-car-crash-in-charleston/,4,506,0.79,24.9
https://rodenlaw.com/resources/two-notch-road-truck-accidents-columbia/,3,498,0.60,10.7
https://rodenlaw.com/practice-areas/car-accident-lawyers/t-bone-accident/,0,494,0.00,23.1
https://rodenlaw.com/resources/broad-river-road-truck-accidents-columbia/,6,493,1.22,12.1
https://rodenlaw.com/blog/motorcycle-accidents-dorchester-road-data/,10,492,2.03,7.5
https://rodenlaw.com/practice-areas/maritime-injury-lawyers/maintenance-and-cure/,3,491,0.61,10.4
https://rodenlaw.com/blog/value-of-pain-and-suffering/#comparative-fault,0,490,0.00,7.7
https://rodenlaw.com/resources/north-charleston-truck-accident-guide/,1,489,0.20,11.2
https://rodenlaw.com/practice-areas/brain-injury-lawyers/savannah-ga/,0,489,0.00,12.1
https://rodenlaw.com/blog/calculating-compensation-for-whiplash-injuries/#what-is-whiplash,0,488,0.00,8.9
https://rodenlaw.com/practice-areas/truck-accident-lawyers/overloaded-improperly-loaded-cargo/,0,487,0.00,9.0
https://rodenlaw.com/blog/paying-medical-bills-during-a-claim/,1,486,0.21,20.9
https://rodenlaw.com/golf-cart-accident-lawyers/golf-course-cart-accident/,2,485,0.41,27.8
https://rodenlaw.com/blog/boeing-north-charleston-workplace-injuries-workers-comp/,1,484,0.21,15.1
https://rodenlaw.com/blog/steps-to-take-if-you-are-involved-in-a-bicycle-hit-and-run/,1,484,0.21,9.2
https://rodenlaw.com/blog/liability-for-roundabout-crashes-in-charleston/,1,482,0.21,18.7
https://rodenlaw.com/practice-areas/product-liability-lawyers/defective-consumer-product/,1,480,0.21,11.0
https://rodenlaw.com/practice-areas/nursing-home-abuse-lawyers/medication-error-nursing-home/,1,478,0.21,15.7
https://rodenlaw.com/blog/returning-to-work-too-soon-charleston-crash/,3,477,0.63,10.6
https://rodenlaw.com/premises-liability-lawyers/amusement-park-recreational-injury/,2,477,0.42,10.0
https://rodenlaw.com/blog/workers-comp-for-skin-cancer/,1,477,0.21,9.8
https://rodenlaw.com/practice-areas/nursing-home-abuse-lawyers/wrongful-death-nursing-home/,1,474,0.21,32.3
https://rodenlaw.com/practice-areas/electric-scooter-accident-lawyers/myrtle-beach-sc/,1,473,0.21,35.2
https://rodenlaw.com/resources/dean-forest-road-truck-accidents-pooler/,7,472,1.48,7.2
https://rodenlaw.com/locations/south-carolina/charleston/james-island/,1,472,0.21,10.2
https://rodenlaw.com/bicycle-accident-lawyers/darien-ga/,1,469,0.21,40.5
https://rodenlaw.com/practice-areas/maritime-injury-lawyers/charleston-sc/,1,469,0.21,40.2
https://rodenlaw.com/practice-areas/car-accident-lawyers/myrtle-beach-sc/,0,469,0.00,16.2
https://rodenlaw.com/locations/south-carolina/charleston/mount-pleasant/,3,468,0.64,15.5
https://rodenlaw.com/atv-side-by-side-accident-lawyers/columbia-sc/,0,468,0.00,54.7
https://rodenlaw.com/practice-areas/medical-malpractice-lawyers/north-charleston-sc/,0,467,0.00,44.9
https://rodenlaw.com/practice-areas/golf-cart-accident-lawyers/golf-cart-vehicle-collision/,2,465,0.43,19.3
https://rodenlaw.com/resources/logging-truck-accidents-us-17-mcintosh-glynn/,2,463,0.43,9.6
https://rodenlaw.com/class-action-lawyers/uloric/,1,461,0.22,12.1
https://rodenlaw.com/blog/are-red-light-runners-always-liable-if-they-crash/#are-red-light-runners-always-at-fault,0,461,0.00,7.1
https://rodenlaw.com/locations/south-carolina/columbia/forest-acres/,3,458,0.66,9.3
https://rodenlaw.com/locations/georgia/darien/ludowici/,0,457,0.00,9.5
https://rodenlaw.com/blog/broad-river-road-pedestrian-accident-lawyer-harbison-columbia/,0,455,0.00,30.7
https://rodenlaw.com/blog/summer-driving-safety-tips/,0,455,0.00,20.3
https://rodenlaw.com/locations/south-carolina/columbia/st-andrews/,0,454,0.00,12.7
https://rodenlaw.com/blog/steps-take-slip-fall-accident-georgia/,0,451,0.00,39.9
https://rodenlaw.com/golf-cart-accident-lawyers/myrtle-beach-sc/,1,449,0.22,16.9
https://rodenlaw.com/locations/south-carolina/myrtle-beach/georgetown/historic-district/,0,449,0.00,10.3
https://rodenlaw.com/blog/independent-medical-exams/#what-is-an-ime,0,445,0.00,3.1
https://rodenlaw.com/blog/negligence-vs-gross-negligence/#what-is-gross-negligence,0,445,0.00,5.3
https://rodenlaw.com/practice-areas/golf-cart-accident-lawyers/golf-course-cart-accident/,7,444,1.58,15.2
https://rodenlaw.com/blog/rivers-avenue-pedestrian-deaths-north-charleston/,5,444,1.13,11.6
https://rodenlaw.com/blog/why-car-crashes-happen-close-to-home-charleston/,1,444,0.23,19.9
https://rodenlaw.com/locations/georgia/savannah/westside-savannah/,0,444,0.00,10.0
https://rodenlaw.com/practice-areas/premises-liability-lawyers/savannah-ga/,0,443,0.00,11.9
https://rodenlaw.com/blog/west-ashley-vs-downtown-charleston-driving-risks/,1,442,0.23,11.2
https://rodenlaw.com/class-action-lawyers/defective-medical-devices/stryker-hip-implant-lawsuit/,0,442,0.00,33.7
https://rodenlaw.com/practice-areas/truck-accident-lawyers/hazardous-materials-accident/,0,441,0.00,7.3
https://rodenlaw.com/blog/steps-to-secure-fair-compensation-after-a-car-accident/,1,440,0.23,19.2
https://rodenlaw.com/locations/georgia/savannah/rincon/town-center/,2,437,0.46,11.9
https://rodenlaw.com/workers-compensation-lawyers/third-party-workplace-injury/,2,436,0.46,9.6
https://rodenlaw.com/locations/south-carolina/columbia/cayce/,1,435,0.23,9.5
https://rodenlaw.com/construction-accident-lawyers/columbia-sc/,0,432,0.00,16.4
https://rodenlaw.com/electric-scooter-accident-lawyers/escooter-intersection-crash/,0,431,0.00,33.3
https://rodenlaw.com/blog/savannah-highway-truck-accidents-west-ashley-us-17/,2,430,0.47,7.9
https://rodenlaw.com/locations/south-carolina/charleston/mount-pleasant/sullivans-island/,2,430,0.47,18.5
https://rodenlaw.com/construction-accident-lawyers/highway-construction-zone/,1,430,0.23,19.6
https://rodenlaw.com/blog/hospital-liability-for-medical-malpractice/,0,428,0.00,40.1
https://rodenlaw.com/maritime-injury-lawyers/jones-act-seaman-claim/,0,428,0.00,26.6
https://rodenlaw.com/practice-areas/construction-accident-lawyers/crane-heavy-equipment-accident/,0,428,0.00,20.4
https://rodenlaw.com/blog/are-red-light-runners-always-liable-if-they-crash/#red-light-cameras,0,426,0.00,7.2
https://rodenlaw.com/practice-areas/workers-compensation-lawyers/fatal-workplace-accident/,0,426,0.00,38.9
https://rodenlaw.com/resources/pooler-warehouse-district-truck-accidents/,3,425,0.71,7.5
https://rodenlaw.com/brain-injury-lawyers/darien-ga/,0,424,0.00,40.8
https://rodenlaw.com/locations/south-carolina/myrtle-beach/loris/,0,424,0.00,9.2
https://rodenlaw.com/blog/daniel-island-accidents-event-traffic-golf-carts/,1,423,0.24,15.6
https://rodenlaw.com/slip-and-fall-lawyers/restaurant-slip-and-fall/,1,422,0.24,17.4
https://rodenlaw.com/blog/compensation-for-car-crash-facial-injuries-charleston/,0,422,0.00,35.8
https://rodenlaw.com/blog/nursing-home-abuse-charleston-signs-families/,1,419,0.24,11.7
https://rodenlaw.com/blog/charleston-lyft-driver-ran-red-light-and-hit-my-car/,0,419,0.00,20.5
https://rodenlaw.com/practice-areas/pedestrian-accident-lawyers/drunk-driver-pedestrian-accident/,0,419,0.00,14.8
https://rodenlaw.com/locations/south-carolina/charleston/downtown-charleston/king-street-district/,8,417,1.92,9.1
https://rodenlaw.com/blog/independent-medical-exams/#are-ime-doctors-independent,0,417,0.00,3.2
https://rodenlaw.com/blog/rifle-range-road-mount-pleasant-car-accident-heritage-park-west/,5,415,1.20,8.4
https://rodenlaw.com/blog/safety-tips-driving-work-zones-georgia/,2,415,0.48,18.7
https://rodenlaw.com/practice-areas/workers-compensation-lawyers/occupational-disease/,0,414,0.00,34.8
https://rodenlaw.com/spinal-cord-injury-lawyers/herniated-ruptured-disc/,0,413,0.00,16.8
https://rodenlaw.com/blog/are-red-light-runners-always-liable-if-they-crash/#traffic-signal-laws,0,412,0.00,7.3
https://rodenlaw.com/spinal-cord-injury-lawyers/spinal-cord-injury-car-accident/,0,412,0.00,18.2
https://rodenlaw.com/locations/georgia/darien/townsend/,0,411,0.00,12.7
https://rodenlaw.com/spinal-cord-injury-lawyers/paraplegia/,0,411,0.00,28.4
https://rodenlaw.com/locations/south-carolina/north-charleston/ladson/,1,410,0.24,14.0
https://rodenlaw.com/practice-areas/electric-scooter-accident-lawyers/road-hazard-escooter-crash/,0,410,0.00,13.5
https://rodenlaw.com/truck-accident-lawyers/hazardous-materials-accident/,0,410,0.00,12.5
https://rodenlaw.com/locations/georgia/darien/blackshear/,1,409,0.24,10.9
https://rodenlaw.com/blog/dealing-with-uber-lyft-accident/,0,409,0.00,44.4
https://rodenlaw.com/class-action/hair-relaxer-cancer-lawsuits/,0,408,0.00,31.8
https://rodenlaw.com/blog/turkey-fryer-injury-claims/,0,407,0.00,7.2
https://rodenlaw.com/practice-areas/nursing-home-abuse-lawyers/myrtle-beach-sc/,0,407,0.00,13.8
https://rodenlaw.com/testimonials/,8,405,1.98,5.6
https://rodenlaw.com/blog/liability-and-causes-for-backing-up-crashes-in-charleston/,1,405,0.25,13.7
https://rodenlaw.com/class-action-lawyers/roundup/,0,405,0.00,13.6
https://rodenlaw.com/electric-scooter-accident-lawyers/darien-ga/,0,405,0.00,27.6
https://rodenlaw.com/blog/are-red-light-runners-always-liable-if-they-crash/#comparative-fault-rules,0,404,0.00,7.3
https://rodenlaw.com/blog/are-red-light-runners-always-liable-if-they-crash/#when-victim-shares-fault,0,403,0.00,7.4
https://rodenlaw.com/blog/drunk-driver-crash-south-kings-highway-us-17-business-surfside-beach-29575/,18,399,4.51,7.0
https://rodenlaw.com/blog/a-pedestrians-guide-to-proving-negligence-in-charleston-parking-lots/,0,398,0.00,13.1
https://rodenlaw.com/practice-areas/construction-accident-lawyers/highway-road-construction-accident/,1,397,0.25,13.6
https://rodenlaw.com/practice-areas/dog-bite-lawyers/severe-dog-bite-injury/,0,397,0.00,31.1
https://rodenlaw.com/practice-areas/product-liability-lawyers/myrtle-beach-sc/,0,397,0.00,18.9
https://rodenlaw.com/blog/valuing-compensation-for-a-personal-injury/,0,395,0.00,13.1
https://rodenlaw.com/practice-areas/bicycle-accident-lawyers/drunk-driver-bicycle-accident/,2,394,0.51,12.5
https://rodenlaw.com/locations/south-carolina/columbia/oak-grove/,0,394,0.00,13.0
https://rodenlaw.com/practice-areas/golf-cart-accident-lawyers/golf-cart-rollover/,0,394,0.00,18.7
https://rodenlaw.com/practice-areas/spinal-cord-injury-lawyers/herniated-ruptured-disc/,0,394,0.00,18.7
https://rodenlaw.com/practice-areas/macon/maritime-lawyers/,0,392,0.00,47.5
https://rodenlaw.com/practice-areas/spinal-cord-injury-lawyers/tetraplegia-quadriplegia/,0,392,0.00,11.3
https://rodenlaw.com/blog/safe-driving-in-construction-zones/,0,391,0.00,14.1
https://rodenlaw.com/practice-areas/brain-injury-lawyers/birth-related-brain-injury/,0,391,0.00,19.0
https://rodenlaw.com/resources/i-95-truck-accidents-savannah-brunswick/,4,383,1.04,9.8
https://rodenlaw.com/class-action-lawyers/invokana/,0,383,0.00,25.0
https://rodenlaw.com/practice-areas/burn-injury-lawyers/myrtle-beach-sc/,0,383,0.00,32.8
https://rodenlaw.com/boating-accident-lawyers/pontoon-boat-accident/,2,381,0.52,19.0
https://rodenlaw.com/practice-areas/pedestrian-accident-lawyers/school-zone-pedestrian-accident/,1,381,0.26,9.7
https://rodenlaw.com/blog/compensation-while-not-wearing-seat-belt/,1,380,0.26,13.9
https://rodenlaw.com/blog/how-do-i-know-if-i-have-a-personal-injury-case/,1,379,0.26,19.7
https://rodenlaw.com/slip-and-fall-lawyers/parking-lot-fall/,0,379,0.00,11.2
https://rodenlaw.com/brain-injury-lawyers/severe-traumatic-brain-injury/,0,377,0.00,43.0
https://rodenlaw.com/practice-areas/savannah/product-liability-lawyers/,0,372,0.00,15.8
https://rodenlaw.com/locations/south-carolina/columbia/lexington/,0,371,0.00,15.0
https://rodenlaw.com/blog/aggressive-driving-in-georgia/,5,370,1.35,8.2
https://rodenlaw.com/blog/when-is-the-right-time-to-hire-a-personal-injury-lawyer/,1,370,0.27,8.8
https://rodenlaw.com/blog/georgia-wrongful-death-lawsuit/,0,369,0.00,48.7
https://rodenlaw.com/blog/using-uninsured-underinsured-motorist-coverage-in-georgia/#um-vs-uim,0,369,0.00,7.1
https://rodenlaw.com/locations/georgia/savannah/rincon/,0,362,0.00,15.5
https://rodenlaw.com/practice-areas/car-accident-lawyers/uber-lyft-accident/,0,362,0.00,29.3
https://rodenlaw.com/blog/golf-cart-accidents-charleston-island-resort-communities/,0,361,0.00,12.7
https://rodenlaw.com/practice-areas/charleston/spinal-cord-injury-lawyers/,0,358,0.00,9.6
https://rodenlaw.com/practice-areas/savannah/nursing-home-abuse-attorneys/,0,358,0.00,12.8
https://rodenlaw.com/golf-cart-accident-lawyers/golf-cart-passenger-ejection/,3,357,0.84,22.9
https://rodenlaw.com/practice-areas/premises-liability-lawyers/inadequate-security/,0,357,0.00,10.9
https://rodenlaw.com/blog/rideshare-accident-i-26-tenmile-north-charleston/,1,355,0.28,9.0
https://rodenlaw.com/maritime-injury-lawyers/offshore-platform-injury/,0,354,0.00,18.2
https://rodenlaw.com/practice-areas/truck-accident-lawyers/brake-failure-accident/,0,354,0.00,18.8
https://rodenlaw.com/blog/does-worker-compensation-cover-employee-negligence/#short-answer,0,353,0.00,6.0
https://rodenlaw.com/blog/atlantic-coastal-highway-us-17-rideshare-uber-lyft-crash-savannah-intermodal-transit-center/,1,352,0.28,9.8
https://rodenlaw.com/category/bicycle-accident/,0,352,0.00,59.3
https://rodenlaw.com/maritime-injury-lawyers/cruise-ship-injury/,0,351,0.00,17.5
https://rodenlaw.com/practice-areas/slip-and-fall-lawyers/restaurant-slip-and-fall/,1,350,0.29,10.8
https://rodenlaw.com/golf-cart-accident-lawyers/golf-cart-pedestrian-accident/,0,350,0.00,21.3
https://rodenlaw.com/practice-areas/workers-compensation-lawyers/port-worker-injury/,0,350,0.00,32.9
https://rodenlaw.com/blog/mistakes-charleston-slip-and-fall-victims-make/,0,349,0.00,44.1
https://rodenlaw.com/practice-areas/pedestrian-accident-lawyers/crosswalk-accident/,0,348,0.00,16.5
https://rodenlaw.com/premises-liability-lawyers/apartment-complex-injury/,0,348,0.00,13.2
https://rodenlaw.com/practice-areas/slip-and-fall-lawyers/hotel-resort-injury/,0,347,0.00,14.3
https://rodenlaw.com/practice-areas/slip-and-fall-lawyers/stairway-escalator-fall/,1,346,0.29,16.1
https://rodenlaw.com/locations/georgia/savannah/midtown-savannah/,0,345,0.00,15.2
https://rodenlaw.com/blog/what-to-do-after-a-hit-and-run-in-downtown-charleston/,3,344,0.87,13.7
https://rodenlaw.com/blog/liability-for-brake-checking-crashes-charleston/,3,343,0.87,13.8
https://rodenlaw.com/locations/georgia/savannah/guyton/,0,343,0.00,12.3
https://rodenlaw.com/boating-accident-lawyers/dock-marina-injury/,1,341,0.29,18.0
https://rodenlaw.com/dog-bite-lawyers/dangerous-breed-attack/,1,341,0.29,23.2
https://rodenlaw.com/practice-areas/nursing-home-abuse-lawyers/physical-abuse-nursing-home/,0,341,0.00,19.0
https://rodenlaw.com/practice-areas/macon/dog-bite-lawyers/,0,338,0.00,13.4
https://rodenlaw.com/practice-areas/car-accident-lawyers/delivery-vehicle-accident/,0,337,0.00,36.8
https://rodenlaw.com/locations/georgia/savannah/richmond-hill/city-center/,0,336,0.00,12.3
https://rodenlaw.com/resources/jimmy-deloach-connector-truck-accidents-savannah/,1,334,0.30,9.1
https://rodenlaw.com/blog/accident-claims-with-an-expired-license/#insurance-company-tactics,0,332,0.00,8.8
https://rodenlaw.com/construction-accident-lawyers/roofing-accident/,0,332,0.00,31.6
https://rodenlaw.com/blog/benefits-for-workplace-violence/#what-counts,0,330,0.00,4.9
https://rodenlaw.com/resources/summerville-truck-accidents-i-26-corridor/,1,329,0.30,8.9
https://rodenlaw.com/practice-areas/product-liability-lawyers/defective-childrens-product/,0,329,0.00,20.5
https://rodenlaw.com/practice-areas/medical-malpractice-lawyers/hospital-acquired-infection/,1,328,0.30,48.6
https://rodenlaw.com/blog/benefits-for-workplace-violence/#work-connection,0,328,0.00,5.0
https://rodenlaw.com/blog/independent-medical-exams/#ime-rules-georgia,0,327,0.00,3.2
https://rodenlaw.com/spinal-cord-injury-lawyers/north-charleston-sc/,0,327,0.00,46.5
https://rodenlaw.com/blog/hit-and-run-drunk-driver-crashes-ashley-river-road-sc-61-west-ashley-greenwood-park/,7,326,2.15,6.8
https://rodenlaw.com/blog/blog-5-benefits-of-hiring-a-truck-accident-attorney-in-2023/,0,325,0.00,9.1
https://rodenlaw.com/locations/georgia/darien/jekyll-island/,0,324,0.00,12.7
https://rodenlaw.com/practice-areas/brunswick/medical-malpractice-attorney/,0,324,0.00,26.5
https://rodenlaw.com/product-liability-lawyers/defective-home-appliance/,2,322,0.62,13.8
https://rodenlaw.com/resources/mount-pleasant-truck-accidents-wando-welch/,0,322,0.00,9.0
https://rodenlaw.com/blog/dog-bite-surfside-beach-29575/,0,321,0.00,9.3
https://rodenlaw.com/blog/resolving-claims-through-arbitration/#arbitration-georgia,0,321,0.00,8.3
https://rodenlaw.com/blog/is-workers-compensation-an-employee-benefit/#what-is-workers-comp,0,318,0.00,5.8
https://rodenlaw.com/class-action-lawyers/dangerous-drugs/onglyza-lawsuit/,0,317,0.00,11.0
https://rodenlaw.com/locations/georgia/darien/eulonia/,0,317,0.00,8.8
https://rodenlaw.com/savannah-ppi-attorney/,0,317,0.00,15.0
https://rodenlaw.com/blog/common-workplace-injuries-georgia/,0,316,0.00,26.5
https://rodenlaw.com/practice-areas/charleston/burn-injury-lawyers/,0,315,0.00,9.3
https://rodenlaw.com/practice-areas/atv-side-by-side-accident-lawyers/atv-rollover-accident/,1,314,0.32,9.0
https://rodenlaw.com/blog/claims-against-at-fault-drivers-who-died/#can-you-still-file,0,314,0.00,4.0
https://rodenlaw.com/locations/georgia/savannah/hinesville/,1,313,0.32,11.4
https://rodenlaw.com/resources/port-access-road-truck-accidents-leatherman-terminal/,3,312,0.96,7.1
https://rodenlaw.com/blog/accident-my-fault-can-i-receive-workers-comp/,1,312,0.32,14.1
https://rodenlaw.com/blog/why-driving-while-hungover-is-a-dangerous-savannah-crash-risk/,1,312,0.32,10.9
https://rodenlaw.com/blog/charleston-tourist-injuries-premises-liability-hotels-restaurants/,0,312,0.00,12.5
https://rodenlaw.com/locations/south-carolina/charleston/hollywood/,0,311,0.00,21.5
https://rodenlaw.com/blog/us-17-i-95-darien-wrongful-death-mcintosh-county/,4,310,1.29,6.5
https://rodenlaw.com/practice-areas/brain-injury-lawyers/sports-related-brain-injury/,0,310,0.00,20.6
https://rodenlaw.com/practice-areas/boating-accident-lawyers/darien-ga/,0,308,0.00,37.1
https://rodenlaw.com/practice-areas/premises-liability-lawyers/restaurant-hotel-injury/,0,307,0.00,9.4
https://rodenlaw.com/?page_id=1894,1,306,0.33,2.7
https://rodenlaw.com/blog/road-hazard-car-accident-liability/,0,306,0.00,20.6
https://rodenlaw.com/blog/accepting-a-cash-offer-after-savannah-car-crash/,1,305,0.33,14.5
https://rodenlaw.com/practice-areas/slip-and-fall-lawyers/wet-floor-accident/,0,305,0.00,8.7
https://rodenlaw.com/resources/spruill-avenue-port-trucks-north-charleston/,2,303,0.66,7.9
https://rodenlaw.com/blog/highway-road-shoulder-accidents-in-charleston/,0,303,0.00,8.0
https://rodenlaw.com/slip-and-fall-lawyers/workplace-slip-and-fall/,0,303,0.00,29.7
https://rodenlaw.com/resources/abercorn-street-truck-accidents-savannah/,1,301,0.33,7.8
https://rodenlaw.com/practice-areas/car-accident-lawyers/company-car-accident/,0,301,0.00,11.7
https://rodenlaw.com/blog/protect-child-dog-bite-injury/,0,300,0.00,11.8
https://rodenlaw.com/product-liability-lawyers/defective-consumer-product/,0,299,0.00,17.9
https://rodenlaw.com/blog/accident-claims-with-an-expired-license/#expired-vs-suspended,0,298,0.00,8.7
https://rodenlaw.com/blog/benefits-for-workplace-violence/#sc-rules,0,298,0.00,5.2
https://rodenlaw.com/locations/south-carolina/charleston/west-ashley/south-windermere/,0,298,0.00,17.2
https://rodenlaw.com/blog-understanding-eye-injuries-after-a-savannah-car-accident/,2,297,0.67,7.4
https://rodenlaw.com/practice-areas/car-accident-lawyers/multi-vehicle-pileup/,0,297,0.00,14.0
https://rodenlaw.com/practice-areas/maritime-injury-lawyers/jones-act-seaman-claim/,0,297,0.00,22.6
https://rodenlaw.com/locations/south-carolina/charleston/mount-pleasant/shem-creek/,2,296,0.68,20.1
https://rodenlaw.com/resources/i-16-i-95-construction-zone-truck-accidents/,3,294,1.02,11.0
https://rodenlaw.com/product-liability-lawyers/charleston-sc/,0,294,0.00,14.7
https://rodenlaw.com/blog/i-526-expansion-construction-zone-accidents-charleston/,3,293,1.02,15.0
https://rodenlaw.com/blog/options-for-denied-injury-claims/#file-lawsuit,0,292,0.00,8.7
https://rodenlaw.com/blog/resolving-claims-through-arbitration/#what-is-arbitration,0,292,0.00,8.3
https://rodenlaw.com/locations/georgia/darien/screven/,0,292,0.00,8.9
https://rodenlaw.com/practice-areas/motorcycle-accident-lawyers/left-turn-accident/,0,292,0.00,12.4
https://rodenlaw.com/blog/options-for-denied-injury-claims/#common-reasons-denied,0,291,0.00,8.8
https://rodenlaw.com/blog/what-are-my-legal-options-after-a-rideshare-crash-in-charleston/,0,291,0.00,50.5
https://rodenlaw.com/electric-scooter-accident-lawyers/charleston-sc/,0,291,0.00,34.4
https://rodenlaw.com/locations/georgia/savannah/richmond-hill/,0,291,0.00,12.4
https://rodenlaw.com/blog/using-uninsured-underinsured-motorist-coverage-in-georgia/#stacking-coverage,0,289,0.00,6.8
https://rodenlaw.com/truck-accident-lawyers/darien-ga/,0,289,0.00,18.8
https://rodenlaw.com/blog/georgia-law-on-tailgating-accident-liability/,0,288,0.00,10.9
https://rodenlaw.com/practice-areas/golf-cart-accident-lawyers/savannah-ga/,0,288,0.00,41.2
https://rodenlaw.com/locations/south-carolina/charleston/downtown-charleston/the-crosstown/,2,287,0.70,11.6
https://rodenlaw.com/construction-accident-lawyers/defective-construction-equipment/,0,287,0.00,8.3
https://rodenlaw.com/locations/georgia/savannah/southside-savannah/,0,287,0.00,15.3
https://rodenlaw.com/resources/port-of-savannah-truck-routes/,2,285,0.70,8.4
https://rodenlaw.com/resources/ashley-phosphate-i-26-truck-accidents/,1,285,0.35,8.8
https://rodenlaw.com/locations/south-carolina/north-charleston/hanahan/,0,285,0.00,22.9
https://rodenlaw.com/practice-areas/bicycle-accident-lawyers/hit-and-run-bicycle-accident/,0,284,0.00,19.5
https://rodenlaw.com/blog/north-rhett-avenue-truck-accident-hanahan-berkeley-county/,7,283,2.47,5.9
https://rodenlaw.com/slip-and-fall-lawyers/grocery-store-slip-and-fall/,1,281,0.36,26.7
https://rodenlaw.com/blog/construction-worker-injuries-charleston-sc-rights/,0,280,0.00,11.3
https://rodenlaw.com/blog/protecting-your-rights-after-a-myrtle-beach-car-accident/,0,280,0.00,14.0
https://rodenlaw.com/dog-bite-lawyers/dog-attack-jogger-cyclist/,1,279,0.36,6.9
https://rodenlaw.com/locations/south-carolina/charleston/downtown-charleston/south-of-broad/,1,276,0.36,15.5
https://rodenlaw.com/blog/personal-injury-lawsuit-steps/,0,276,0.00,27.9
https://rodenlaw.com/blog/daniel-island-i-526-wando-bridge-truck-accident-berkeley-county/,2,275,0.73,8.4
https://rodenlaw.com/blog/does-worker-compensation-cover-employee-negligence/#no-fault-system,0,274,0.00,6.4
https://rodenlaw.com/blog/resolving-claims-through-arbitration/#arbitration-process,0,273,0.00,8.1
https://rodenlaw.com/blog/does-worker-compensation-cover-employee-negligence/#examples,0,272,0.00,6.0
https://rodenlaw.com/attorneys/ivy-s-montano/,27,270,10.00,7.3
https://rodenlaw.com/locations/south-carolina/columbia/red-bank/,1,270,0.37,9.7
https://rodenlaw.com/brain-injury-lawyers/sports-related-brain-injury/,1,269,0.37,20.1
https://rodenlaw.com/practice-areas/atv-side-by-side-accident-lawyers/atv-rental-tour-accident/,1,268,0.37,7.4
https://rodenlaw.com/blog/south-carolina-golf-cart-laws/,0,268,0.00,1.2
https://rodenlaw.com/locations/south-carolina/charleston/west-ashley/byrnes-downs/,1,265,0.38,24.0
https://rodenlaw.com/blog/charleston-car-crash-brain-injuries/,0,264,0.00,12.9
https://rodenlaw.com/blog/does-workers-compensation-cover-prescriptions/#ga-rules,0,264,0.00,5.2
https://rodenlaw.com/blog/myrtle-beach-golf-cart-laws/,0,264,0.00,2.1
https://rodenlaw.com/brain-injury-lawyers/concussion-mild-tbi/,1,263,0.38,38.0
https://rodenlaw.com/resources/lexington-county-truck-accidents-distribution-corridor/,0,263,0.00,11.0
https://rodenlaw.com/blog/pedestrian-accidents-musc-charleston-medical-district/,5,262,1.91,12.3
https://rodenlaw.com/blog/calculating-compensation-for-whiplash-injuries/#whiplash-grading,0,262,0.00,8.7
https://rodenlaw.com/pedestrian-accident-lawyers/intersection-pedestrian-accident/,0,262,0.00,17.9
https://rodenlaw.com/car-accident-lawyers/commercial-vehicle-accident/,1,259,0.39,23.2
https://rodenlaw.com/pedestrian-accident-lawyers/school-zone-pedestrian-accident/,1,259,0.39,12.5
https://rodenlaw.com/resources/personal-injury-claim-charleston-county-court/,1,259,0.39,12.3
https://rodenlaw.com/practice-areas/truck-accident-lawyers/fatigued-trucker-accident/,0,259,0.00,16.8
https://rodenlaw.com/truck-accident-lawyers/18-wheeler-semi-truck-accident/,0,259,0.00,21.5
https://rodenlaw.com/locations/georgia/darien/white-oak/,0,258,0.00,12.0
https://rodenlaw.com/premises-liability-lawyers/restaurant-hotel-injury/,0,258,0.00,16.1
https://rodenlaw.com/locations/georgia/savannah/tybee-island/,0,255,0.00,13.1
https://rodenlaw.com/practice-areas/product-liability-lawyers/food-contamination/,1,254,0.39,7.6
https://rodenlaw.com/workers-compensation-lawyers/factory-manufacturing-injury/,0,254,0.00,22.0
https://rodenlaw.com/locations/south-carolina/north-charleston/park-circle/,1,253,0.40,9.3
https://rodenlaw.com/locations/georgia/savannah/isle-of-hope/,0,253,0.00,12.2
https://rodenlaw.com/locations/georgia/savannah/springfield/,0,252,0.00,17.2
https://rodenlaw.com/locations/south-carolina/north-charleston/goose-creek/devon-forest/,1,251,0.40,18.9
https://rodenlaw.com/practice-areas/construction-accident-lawyers/roofing-accident/,0,250,0.00,24.5
https://rodenlaw.com/blog/a-step-by-step-guide-for-folly-road-car-accidents/,1,249,0.40,11.3
https://rodenlaw.com/practice-areas/dog-bite-lawyers/dangerous-breed-attack/,1,249,0.40,12.5
https://rodenlaw.com/blog/accident-claims-with-an-expired-license/#georgia-expired-license,0,248,0.00,8.7
https://rodenlaw.com/blog/average-personal-injury-settlement-amounts/#factors-higher,0,248,0.00,6.5
https://rodenlaw.com/wrongful-death-lawyers/drowning-swimming-pool-death/,0,248,0.00,25.4
https://rodenlaw.com/blog/johns-island-accidents-no-hospital-emergency-room/,1,247,0.40,12.2
https://rodenlaw.com/practice-areas/premises-liability-lawyers/swimming-pool-accident/,1,247,0.40,41.0
https://rodenlaw.com/blog/average-personal-injury-settlement-amounts/#settlement-ranges-by-case-type,0,247,0.00,6.5
https://rodenlaw.com/blog/using-uninsured-underinsured-motorist-coverage-in-georgia/#why-you-need-it,0,247,0.00,8.3
https://rodenlaw.com/pedestrian-accident-lawyers/jogger-runner-accident/,0,247,0.00,14.2
https://rodenlaw.com/practice-areas/electric-scooter-accident-lawyers/escooter-intersection-crash/,0,247,0.00,12.5
https://rodenlaw.com/slip-and-fall-lawyers/retail-shopping-center-fall/,0,245,0.00,13.2
https://rodenlaw.com/atv-side-by-side-accident-lawyers/savannah-ga/,0,244,0.00,18.9
https://rodenlaw.com/blog/legal-help-shoulder-injuries-after-charleston-car-crash/,0,244,0.00,54.4
https://rodenlaw.com/practice-areas/golf-cart-accident-lawyers/myrtle-beach-sc/,0,243,0.00,33.8
https://rodenlaw.com/locations/south-carolina/charleston/isle-of-palms/,1,241,0.41,7.7
https://rodenlaw.com/practice-areas/spinal-cord-injury-lawyers/spinal-fracture/,1,241,0.41,11.1
https://rodenlaw.com/blog/claims-against-at-fault-drivers-who-died/#statute-of-limitations,0,241,0.00,4.2
https://rodenlaw.com/blog/shoulder-injuries-after-charleston-car-crash/,1,240,0.42,28.7
https://rodenlaw.com/practice-areas/premises-liability-lawyers/parking-lot-garage-accident/,1,240,0.42,23.0
https://rodenlaw.com/practice-areas/wrongful-death-lawyers/darien-ga/,0,240,0.00,19.4
https://rodenlaw.com/locations/georgia/savannah/effingham-county/south-effingham/,0,239,0.00,21.7
https://rodenlaw.com/locations/south-carolina/columbia/dentsville/,0,238,0.00,13.5
https://rodenlaw.com/locations/south-carolina/myrtle-beach/red-hill/,0,237,0.00,25.8
https://rodenlaw.com/pedestrian-accident-lawyers/drunk-driver-pedestrian-accident/,0,237,0.00,15.3
https://rodenlaw.com/practice-areas/pedestrian-accident-lawyers/intersection-pedestrian-accident/,0,237,0.00,16.5
https://rodenlaw.com/resources/bay-street-truck-accidents-savannah-historic-district/,9,236,3.81,8.6
https://rodenlaw.com/blog/calculating-compensation-for-whiplash-injuries/#comparative-fault,0,236,0.00,8.6
https://rodenlaw.com/locations/south-carolina/myrtle-beach/little-river/waterfront/,0,236,0.00,11.1
https://rodenlaw.com/locations/georgia/savannah/skidaway-island/,1,235,0.43,15.6
https://rodenlaw.com/blog/calculating-compensation-for-whiplash-injuries/#statute-of-limitations,0,235,0.00,8.6
https://rodenlaw.com/locations/south-carolina/charleston/edisto-island/,0,234,0.00,18.9
https://rodenlaw.com/blog/highway-41-accidents-mount-pleasant-development/,4,233,1.72,10.8
https://rodenlaw.com/blog/slip-and-fall-negligence-elements/,0,233,0.00,41.2
https://rodenlaw.com/blog/charleston-car-crash-facial-injuries/,0,232,0.00,24.4
https://rodenlaw.com/locations/georgia/savannah/wilmington-island/,0,230,0.00,15.9
https://rodenlaw.com/motorcycle-accident-lawyers/hit-and-run-motorcycle-accident/,0,230,0.00,14.6
https://rodenlaw.com/class-action-lawyers/ivc-filter/,0,229,0.00,23.6
https://rodenlaw.com/locations/georgia/savannah/thunderbolt/,0,229,0.00,12.9
https://rodenlaw.com/practice-areas/savannah/product-liability-lawyers/faq/,0,229,0.00,13.6
https://rodenlaw.com/blog/safe-bike-riding-georgias-roadways/,1,228,0.44,14.1
https://rodenlaw.com/practice-areas/product-liability-lawyers/defective-home-appliance/,1,228,0.44,8.0
https://rodenlaw.com/locations/south-carolina/columbia/south-congaree/,0,228,0.00,11.2
https://rodenlaw.com/blog/credit-one-stadium-event-day-crashes-daniel-island-beekman-street/,1,227,0.44,8.2
https://rodenlaw.com/blog/average-personal-injury-settlement-amounts/#no-average-settlement,0,227,0.00,6.4
https://rodenlaw.com/practice-areas/truck-accident-lawyers/port-freight-truck-accident/,0,227,0.00,28.5
https://rodenlaw.com/blog/is-workers-compensation-an-employee-benefit/#what-benefits-are-available,1,226,0.44,5.8
https://rodenlaw.com/atv-side-by-side-accident-lawyers/atv-product-defect/,0,226,0.00,22.2
https://rodenlaw.com/blog/average-personal-injury-settlement-amounts/#factors-lower,0,226,0.00,6.4
https://rodenlaw.com/blog/average-personal-injury-settlement-amounts/#georgia-law,0,226,0.00,6.4
https://rodenlaw.com/blog/average-personal-injury-settlement-amounts/#never-compare,0,226,0.00,6.4
https://rodenlaw.com/blog/average-personal-injury-settlement-amounts/#south-carolina-law,0,226,0.00,6.4
https://rodenlaw.com/blog/resolving-claims-through-arbitration/#when-arbitration-required,0,226,0.00,8.6
https://rodenlaw.com/boating-accident-lawyers/kayak-canoe-accident/,0,226,0.00,12.3
https://rodenlaw.com/class-actions/,0,225,0.00,3.6
https://rodenlaw.com/practice-areas/slip-and-fall-lawyers/retail-store-trip-and-fall/,0,225,0.00,4.9
https://rodenlaw.com/blog/risk-of-refusing-medical-care-after-car-crash-charleston/,1,224,0.45,14.1
https://rodenlaw.com/practice-areas/car-accident-lawyers/rideshare-uber-accident/,0,221,0.00,23.6
https://rodenlaw.com/blog/accident-claims-with-an-expired-license/#south-carolina-expired-license,0,220,0.00,8.8
https://rodenlaw.com/practice-areas/slip-and-fall-lawyers/parking-lot-fall/,0,220,0.00,32.3
https://rodenlaw.com/locations/georgia/savannah/port-wentworth/town-center/,1,219,0.46,9.8
https://rodenlaw.com/blog/resolving-claims-through-arbitration/#arbitration-south-carolina,0,219,0.00,8.3
https://rodenlaw.com/blog/who-pays-for-damages-from-t-bone-crashes-in-savannah/,0,219,0.00,23.9
https://rodenlaw.com/blog/steps-after-dog-bite/,0,217,0.00,21.2
https://rodenlaw.com/motorcycle-accident-lawyers/intersection-motorcycle-accident/,0,216,0.00,18.1
https://rodenlaw.com/locations/georgia/savannah/effingham-county/guyton/,0,215,0.00,22.1
https://rodenlaw.com/resources/aviation-avenue-i-26-truck-accidents/,3,214,1.40,9.7
https://rodenlaw.com/practice-areas/car-accident-lawyers/hit-and-run-accident/,0,214,0.00,19.1
https://rodenlaw.com/practice-areas/medical-malpractice-lawyers/columbia-sc/,0,214,0.00,16.8
https://rodenlaw.com/practice-areas/savannah/medical-malpractice-attorneys/misdiagnosis/,0,214,0.00,12.6
https://rodenlaw.com/locations/south-carolina/myrtle-beach/galivants-ferry/,0,213,0.00,15.4
https://rodenlaw.com/locations/georgia/savannah/pooler/,1,212,0.47,14.6
https://rodenlaw.com/practice-areas/brain-injury-lawyers/penetrating-brain-injury/,0,212,0.00,20.6
https://rodenlaw.com/resources/us-17-sc-544-truck-accidents-surfside-beach/,0,212,0.00,7.5
https://rodenlaw.com/locations/south-carolina/north-charleston/oak-terrace-preserve/,2,211,0.95,9.6
https://rodenlaw.com/dog-bite-lawyers/severe-dog-bite-injury/,0,210,0.00,22.5
https://rodenlaw.com/practice-areas/slip-and-fall-lawyers/,1,209,0.48,26.2
https://rodenlaw.com/blog/a-guide-to-car-wrecks-on-aviation-avenue-near-charleston-airport/,0,209,0.00,10.7
https://rodenlaw.com/resources/i-526-construction-zone-truck-accidents-charleston/,5,208,2.40,7.9
https://rodenlaw.com/locations/south-carolina/myrtle-beach/socastee/,0,208,0.00,16.6
https://rodenlaw.com/practice-areas/spinal-cord-injury-lawyers/incomplete-spinal-cord-injury/,0,208,0.00,26.5
https://rodenlaw.com/resources/dorchester-road-truck-accidents-north-charleston/,2,207,0.97,9.5
https://rodenlaw.com/blog/passenger-car-accident-claim/,0,207,0.00,49.6
https://rodenlaw.com/construction-accident-lawyers/falling-object-injury/,0,207,0.00,15.5
https://rodenlaw.com/golf-cart-accident-lawyers/north-charleston-sc/,0,207,0.00,37.5
https://rodenlaw.com/locations/georgia/darien/waverly/,0,207,0.00,11.1
https://rodenlaw.com/blog/accident-claims-with-an-expired-license/#expired-license-claims,0,206,0.00,9.0
https://rodenlaw.com/practice-areas/car-accident-lawyers/north-charleston-sc/,0,205,0.00,27.3
https://rodenlaw.com/car-accident-lawyers/rear-end-collision/,1,204,0.49,18.9
https://rodenlaw.com/practice-areas/albany/truck-accident-lawyers/,0,204,0.00,13.2
https://rodenlaw.com/blog/choosing-your-personal-injury-lawyer/,0,203,0.00,20.6
https://rodenlaw.com/blog/claims-against-at-fault-drivers-who-died/#insurance-claim,0,203,0.00,4.4
https://rodenlaw.com/practice-areas/premises-liability-lawyers/myrtle-beach-sc/,0,203,0.00,23.1
https://rodenlaw.com/practice-areas/car-accident-lawyers/commercial-vehicle-accident/,1,202,0.50,27.7
https://rodenlaw.com/practice-areas/workers-compensation-lawyers/boeing-aerospace-injury/,1,202,0.50,22.1
https://rodenlaw.com/practice-areas/truck-accident-lawyers/commercial-van-delivery-truck-accident/,0,202,0.00,14.8
https://rodenlaw.com/practice-areas/workers-compensation-lawyers/warehouse-logistics-injury/,0,202,0.00,31.1
https://rodenlaw.com/blog/category/legal-guidance/,0,201,0.00,7.6
https://rodenlaw.com/blog/eastern-wharf-savannah-pedestrian-bike-accidents/,0,200,0.00,9.9
https://rodenlaw.com/resources/workers-comp-north-charleston-warehouse-port/,0,200,0.00,17.9
https://rodenlaw.com/blog/does-workers-compensation-cover-prescriptions/#sc-rules,0,199,0.00,4.9
https://rodenlaw.com/construction-accident-lawyers/charleston-sc/,0,199,0.00,25.4
https://rodenlaw.com/workers-compensation-lawyers/construction-worker-injury/,0,199,0.00,31.1
https://rodenlaw.com/practice-areas/premises-liability-lawyers/elevator-escalator-accident/,2,198,1.01,13.7
https://rodenlaw.com/blog/mediation-for-a-personal-injury-claim/,0,198,0.00,24.8
https://rodenlaw.com/locations/south-carolina/north-charleston/summerville/historic-district/,1,197,0.51,19.1
https://rodenlaw.com/blog/resolving-claims-through-arbitration/#binding-vs-non-binding,0,196,0.00,8.3
https://rodenlaw.com/practice-areas/atv-side-by-side-accident-lawyers/darien-ga/,0,196,0.00,22.6
https://rodenlaw.com/savannah-dangerous-highways-i16-i95-abercorn/,4,195,2.05,7.0
https://rodenlaw.com/practice-areas/atv-side-by-side-accident-lawyers/charleston-sc/,1,195,0.51,16.7
https://rodenlaw.com/attorneys/nolan-alexander/,6,193,3.11,7.8
https://rodenlaw.com/practice-areas/golf-cart-accident-lawyers/darien-ga/,0,193,0.00,38.7
https://rodenlaw.com/resources/i-16-truck-accidents-savannah/,1,191,0.52,10.2
https://rodenlaw.com/blog/getting-the-full-compensation-you-deserve-after-a-car-accident/,0,191,0.00,18.1
https://rodenlaw.com/locations/georgia/savannah/effingham-county/springfield/,0,191,0.00,16.9
https://rodenlaw.com/blog/drowsy-driving-epidemic-georgia/,0,190,0.00,17.6
https://rodenlaw.com/locations/south-carolina/columbia/springdale/,0,190,0.00,30.5
https://rodenlaw.com/practice-areas/atv-side-by-side-accident-lawyers/child-atv-injury/,4,189,2.12,9.3
https://rodenlaw.com/locations/south-carolina/myrtle-beach/myrtle-beach/,0,189,0.00,20.0
https://rodenlaw.com/resources/us-17-truck-accidents-grand-strand/,0,189,0.00,7.9
https://rodenlaw.com/blog/resolving-claims-through-arbitration/#ga-vs-sc-comparison,0,187,0.00,8.4
https://rodenlaw.com/locations/south-carolina/myrtle-beach/andrews/,1,186,0.54,23.4
https://rodenlaw.com/blog/does-workers-compensation-cover-prescriptions/#how-coverage-works,0,186,0.00,5.0
https://rodenlaw.com/blog/workers-compensation-car-accident/,0,186,0.00,32.8
https://rodenlaw.com/locations/south-carolina/myrtle-beach/longs/,0,186,0.00,12.8
https://rodenlaw.com/practice-areas/construction-accident-lawyers/darien-ga/,0,186,0.00,37.0
https://rodenlaw.com/blog/your-guide-to-justice-after-a-charleston-truck-accident/,1,185,0.54,32.5
https://rodenlaw.com/myrtle-beach-dangerous-roads-intersections/,1,185,0.54,8.8
https://rodenlaw.com/blog/does-workers-compensation-cover-prescriptions/#filling-prescriptions,0,185,0.00,5.4
https://rodenlaw.com/blog/fault-for-car-accident/,0,185,0.00,16.6
https://rodenlaw.com/locations/south-carolina/charleston/wadmalaw-island/,0,185,0.00,25.2
https://rodenlaw.com/maritime-injury-lawyers/charleston-sc/,0,185,0.00,45.9
https://rodenlaw.com/locations/south-carolina/columbia/chapin/,1,184,0.54,12.7
https://rodenlaw.com/blog/ashley-phosphate-road-i-26-dangerous-intersection-charleston/#why-ashley-phosphate-dangerous,0,184,0.00,8.0
https://rodenlaw.com/blog/personal-injury-lawsuit-vs-insurance-claim/,0,184,0.00,23.4
https://rodenlaw.com/locations/georgia/darien/st-marys/,0,184,0.00,7.6
https://rodenlaw.com/blog/claims-against-at-fault-drivers-who-died/#wrongful-death-crossover,0,183,0.00,4.6
https://rodenlaw.com/blog/using-uninsured-underinsured-motorist-coverage-in-georgia/#when-um-applies,0,183,0.00,8.5
https://rodenlaw.com/blog/answering-insurance-questions-after-crash/#types-of-questions,0,182,0.00,6.2
https://rodenlaw.com/spinal-cord-injury-lawyers/savannah-ga/,0,182,0.00,17.2
https://rodenlaw.com/car-accident-lawyers/i-526-accident/,1,181,0.55,17.8
https://rodenlaw.com/blog/what-to-do-if-your-workers-compensation-claim-is-denied/,0,181,0.00,14.7
https://rodenlaw.com/blog/answering-insurance-questions-after-crash/#why-insurers-contact-you,0,180,0.00,6.1
https://rodenlaw.com/locations/south-carolina/columbia/pine-ridge/,0,179,0.00,12.7
https://rodenlaw.com/blog/does-worker-compensation-cover-employee-negligence/#exceptions,0,178,0.00,6.9
https://rodenlaw.com/practice-areas/savannah/medical-malpractice-attorneys/medication-errors/,1,177,0.56,17.0
https://rodenlaw.com/locations/georgia/savannah/georgetown/,0,176,0.00,23.3
https://rodenlaw.com/practice-areas/macon/spinal-cord-injury-lawyers/,0,176,0.00,4.5
https://rodenlaw.com/practice-areas/savannah/medical-malpractice-attorneys/orthopedic-injury/,0,176,0.00,21.8
https://rodenlaw.com/resources/construction-zone-accidents-north-charleston/,0,176,0.00,15.8
https://rodenlaw.com/blog/filing-an-emotional-distress-claim-after-a-ravenel-bridge-accident/,3,175,1.71,13.3
https://rodenlaw.com/practice-areas/macon/burn-injury-lawyers/,0,175,0.00,10.3
https://rodenlaw.com/practice-areas/nursing-home-abuse-lawyers/assisted-living-abuse/,1,174,0.57,14.8
https://rodenlaw.com/car-accident-lawyers/drunk-driver-accident/,0,174,0.00,34.1
https://rodenlaw.com/blog/car-accidents-on-coleman-boulevard-in-mount-pleasant/,1,173,0.58,10.2
https://rodenlaw.com/practice-areas/workers-compensation-lawyers/columbia-sc/,0,173,0.00,20.5
https://rodenlaw.com/blog/a-drivers-guide-to-wildlife-accidents-near-charleston/,1,171,0.58,12.0
https://rodenlaw.com/nursing-home-abuse-lawyers/darien-ga/,0,171,0.00,22.9
https://rodenlaw.com/blog/columbia-airport-expressway-us-378-truck-accident-springdale-lexington-county/,1,169,0.59,15.6
https://rodenlaw.com/practice-areas/motorcycle-accident-lawyers/single-vehicle-motorcycle-crash/,1,169,0.59,11.5
https://rodenlaw.com/blog/ashley-phosphate-road-i-26-dangerous-intersection-charleston/#common-accident-types,0,169,0.00,8.1
https://rodenlaw.com/blog/what-is-the-role-of-a-personal-injury-lawyer-in-a-case/,0,169,0.00,21.5
https://rodenlaw.com/blog/why-get-black-box-data-after-truck-crash-savannah/,0,169,0.00,24.1
https://rodenlaw.com/blog/does-worker-compensation-cover-employee-negligence/#sc-exceptions,0,168,0.00,7.1
https://rodenlaw.com/locations/south-carolina/myrtle-beach/surfside-beach/town-center/,0,168,0.00,14.8
https://rodenlaw.com/practice-areas/brain-injury-lawyers/closed-head-injury/,0,168,0.00,27.1
https://rodenlaw.com/blog/using-uninsured-underinsured-motorist-coverage-in-georgia/#comparison-table,0,167,0.00,8.4
https://rodenlaw.com/practice-areas/maritime-injury-lawyers/north-charleston-sc/,0,167,0.00,40.5
https://rodenlaw.com/blog/,2,166,1.20,17.7
https://rodenlaw.com/blog/does-workers-compensation-cover-prescriptions/#short-answer,0,166,0.00,5.2
https://rodenlaw.com/class-action-lawyers/dangerous-drugs/truvada-lawsuit/,0,166,0.00,25.3
https://rodenlaw.com/locations/south-carolina/myrtle-beach/carolina-forest/,2,165,1.21,12.6
https://rodenlaw.com/blog/charleston-rideshare-brake-failure-accident/,0,165,0.00,10.3
https://rodenlaw.com/practice-areas/car-accident-lawyers/distracted-driving-accident/,0,165,0.00,45.4
https://rodenlaw.com/truck-accident-lawyers/i-26-truck-accident/,0,165,0.00,22.4
https://rodenlaw.com/blog/how-car-insurers-use-private-investigators/#why-insurers-hire-pis,0,164,0.00,3.6
https://rodenlaw.com/blog/i-26-i-526-truck-accidents-what-to-do-whos-liable/,1,163,0.61,15.7
https://rodenlaw.com/blog/claims-against-at-fault-drivers-who-died/#suing-the-estate,0,162,0.00,4.9
https://rodenlaw.com/practice-areas/product-liability-lawyers/defective-auto-parts/,0,162,0.00,15.0
https://rodenlaw.com/car-accident-lawyers/construction-vehicle-accident/,0,161,0.00,15.7
https://rodenlaw.com/blog/accident-claims-with-an-expired-license/#comparative-fault,0,160,0.00,9.0
https://rodenlaw.com/class-action-lawyers/dangerous-drugs/uloric-lawsuit/,0,160,0.00,10.2
https://rodenlaw.com/locations/georgia/savannah/southside-savannah/georgetown-savannah/,0,160,0.00,21.2
https://rodenlaw.com/atv-side-by-side-accident-lawyers/atv-road-collision/,1,159,0.63,14.7
https://rodenlaw.com/charleston/personal-injury-lawyer/,1,159,0.63,4.9
https://rodenlaw.com/blog/does-worker-compensation-cover-employee-negligence/#employer-negligence,0,158,0.00,7.3
https://rodenlaw.com/attorneys/zach-stohr/,23,156,14.74,9.1
https://rodenlaw.com/blog/does-worker-compensation-cover-employee-negligence/#ga-exceptions,0,156,0.00,7.5
https://rodenlaw.com/blog/overview-georgia-distracted-driving-laws/,0,156,0.00,31.4
https://rodenlaw.com/resources/ogeechee-road-truck-accidents-savannah/,0,156,0.00,9.7
https://rodenlaw.com/electric-scooter-accident-lawyers/north-charleston-sc/,0,154,0.00,34.9
https://rodenlaw.com/blog/claims-against-at-fault-drivers-who-died/#probate-process,0,153,0.00,4.9
https://rodenlaw.com/blog/how-do-i-know-if-i-have-a-medical-malpractice-case/,0,153,0.00,19.0
https://rodenlaw.com/locations/georgia/darien/harrietts-bluff/,1,152,0.66,9.1
https://rodenlaw.com/locations/south-carolina/columbia/northeast-columbia/,1,151,0.66,12.3
https://rodenlaw.com/blog/are-accident-lawyers-worth-it/,0,151,0.00,14.7
https://rodenlaw.com/blog/is-workers-compensation-an-employee-benefit/#who-is-covered,0,151,0.00,6.4
https://rodenlaw.com/blog/proving-back-pain-after-savannah-car-crash/,0,151,0.00,19.3
https://rodenlaw.com/locations/south-carolina/charleston/meggett/,0,151,0.00,16.4
https://rodenlaw.com/locations/south-carolina/north-charleston/ferndale/,0,151,0.00,26.9
https://rodenlaw.com/blog/your-step-by-step-guide-after-a-car-accident-in-columbia-sc/,1,150,0.67,10.9
https://rodenlaw.com/blog/claims-against-at-fault-drivers-who-died/#um-uim-coverage,0,150,0.00,4.9
https://rodenlaw.com/locations/south-carolina/myrtle-beach/myrtle-beach/golden-mile/,1,149,0.67,23.2
https://rodenlaw.com/locations/georgia/darien/odum/,0,149,0.00,10.6
https://rodenlaw.com/slip-and-fall-lawyers/darien-ga/,0,149,0.00,17.0
https://rodenlaw.com/practice-areas/truck-accident-lawyers/darien-ga/,0,148,0.00,18.6
https://rodenlaw.com/locations/south-carolina/charleston/mount-pleasant/rivertowne/,2,147,1.36,32.6
https://rodenlaw.com/practice-areas/atv-side-by-side-accident-lawyers/,0,147,0.00,34.3
https://rodenlaw.com/premises-liability-lawyers/darien-ga/,0,147,0.00,25.3
https://rodenlaw.com/blog/mount-pleasant-johnnie-dodds-us-17-wrongful-death-car-accident-lawyer/,3,146,2.05,8.6
https://rodenlaw.com/blog/amazon-fedex-delivery-crashes/,1,146,0.68,8.0
https://rodenlaw.com/boating-accident-lawyers/darien-ga/,0,145,0.00,28.1
https://rodenlaw.com/blog/ashley-phosphate-road-i-26-dangerous-intersection-charleston/#who-is-liable,0,144,0.00,8.2
https://rodenlaw.com/blog/how-car-insurers-use-private-investigators/#ga-vs-sc-comparison,0,144,0.00,3.6
https://rodenlaw.com/blog/how-poor-truck-maintenance-causes-charleston-accidents/,0,143,0.00,14.3
https://rodenlaw.com/locations/south-carolina/columbia/pelion/,0,143,0.00,14.0
https://rodenlaw.com/practice-areas/brunswick/motorcycle-accident-lawyers/,0,142,0.00,21.2
https://rodenlaw.com/practice-areas/dog-bite-lawyers/myrtle-beach-sc/,0,142,0.00,8.0
https://rodenlaw.com/practice-areas/pedestrian-accident-lawyers/jogger-runner-accident/,0,142,0.00,8.6
https://rodenlaw.com/class-action/ozempic-lawsuits/,0,141,0.00,12.7
https://rodenlaw.com/locations/georgia/savannah/eastside-savannah/,0,141,0.00,11.8
https://rodenlaw.com/locations/south-carolina/charleston/west-ashley/shadowmoss/,0,141,0.00,34.1
https://rodenlaw.com/blog/traffic-tickets-and-car-accident-claims/#traffic-tickets-and-fault,0,140,0.00,7.2
https://rodenlaw.com/blog/when-to-consider-settling-a-claim/,0,140,0.00,16.4
https://rodenlaw.com/blog/liability-for-backing-up-crashes-in-charleston/,1,139,0.72,18.2
https://rodenlaw.com/blog/work-zone-car-accident-liability/,1,139,0.72,12.6
https://rodenlaw.com/electric-scooter-accident-lawyers/savannah-ga/,0,139,0.00,32.5
https://rodenlaw.com/bicycle-accident-lawyers/bicycle-vs-truck-accident/,0,138,0.00,11.9
https://rodenlaw.com/blog/independent-medical-exams/#refuse-an-ime,0,138,0.00,3.5
https://rodenlaw.com/electric-scooter-accident-lawyers/ride-share-scooter-accident/,0,138,0.00,20.9
https://rodenlaw.com/locations/south-carolina/charleston/mount-pleasant/ion/,0,138,0.00,32.3
https://rodenlaw.com/locations/south-carolina/north-charleston/olde-north-charleston/,3,137,2.19,11.4
https://rodenlaw.com/practice-areas/bicycle-accident-lawyers/bicycle-vs-truck-accident/,1,137,0.73,6.6
https://rodenlaw.com/blog/can-a-witness-be-forced-to-testify-for-a-savannah-car-crash-case/,0,137,0.00,12.0
https://rodenlaw.com/blog/filing-a-claim-after-a-hazmat-truck-crash-in-charleston/,0,137,0.00,20.5
https://rodenlaw.com/practice-areas/bicycle-accident-lawyers/road-hazard-bicycle-crash/,0,137,0.00,15.0
https://rodenlaw.com/blog/taxes-on-car-crash-settlement-in-georgia/#general-rule,0,136,0.00,6.1
https://rodenlaw.com/locations/south-carolina/north-charleston/goose-creek/boulder-bluff/,0,135,0.00,29.9
https://rodenlaw.com/resources/i-526-truck-accidents-charleston/,1,134,0.75,10.8
https://rodenlaw.com/blog/valid-premises-liability-claim-georgia/,0,134,0.00,23.5
https://rodenlaw.com/workers-compensation-lawyers/warehouse-distribution-injury/,0,134,0.00,25.9
https://rodenlaw.com/blog/guide-after-a-car-accident-in-columbia-sc/,1,133,0.75,13.5
https://rodenlaw.com/blog/ashley-phosphate-road-i-26-dangerous-intersection-charleston/#crash-data,0,133,0.00,8.2
https://rodenlaw.com/blog/can-witnesses-be-forced-to-testify-in-car-crash-case/,0,133,0.00,9.3
https://rodenlaw.com/blog/charleston-reckless-driving-crash/,1,132,0.76,17.3
https://rodenlaw.com/construction-accident-lawyers/north-charleston-sc/,0,132,0.00,30.9
https://rodenlaw.com/dog-bite-lawyers/darien-ga/,0,132,0.00,22.7
https://rodenlaw.com/locations/south-carolina/north-charleston/summerville/cane-bay/,0,132,0.00,13.8
https://rodenlaw.com/locations/south-carolina/charleston/downtown-charleston/cannonborough-elliotborough/,1,131,0.76,32.9
https://rodenlaw.com/blog/ashley-phosphate-road-i-26-dangerous-intersection-charleston/#comparative-fault-sc,0,131,0.00,8.2
https://rodenlaw.com/blog/ashley-phosphate-road-i-26-dangerous-intersection-charleston/#injuries-from-high-speed,0,131,0.00,8.2
https://rodenlaw.com/blog/benefits-for-workplace-violence/#short-answer,0,131,0.00,6.3
https://rodenlaw.com/locations/south-carolina/columbia/woodfield/,0,131,0.00,12.2
https://rodenlaw.com/class-action-lawyers/defective-products/roundup-lawsuit/,0,130,0.00,33.0
https://rodenlaw.com/blog/summer-dui-accidents-charleston-memorial-day-labor-day/,3,129,2.33,14.4
https://rodenlaw.com/practice-areas/electric-scooter-accident-lawyers/darien-ga/,0,128,0.00,36.1
https://rodenlaw.com/truck-accident-lawyers/underride-override-accident/,0,128,0.00,20.8
https://rodenlaw.com/blog/mcintosh-county-drunk-driver-accident-lawyer/,1,126,0.79,10.6
https://rodenlaw.com/blog/traffic-tickets-and-car-accident-claims/#what-if-you-got-ticket,0,126,0.00,7.2
https://rodenlaw.com/practice-areas/nursing-home-abuse-lawyers/nursing-home-neglect/,0,126,0.00,17.4
https://rodenlaw.com/blog/five-points-columbia-uber-accident-lawyer/,0,125,0.00,12.9
https://rodenlaw.com/blog/traffic-tickets-and-car-accident-claims/#common-citations,0,125,0.00,7.5
https://rodenlaw.com/locations/georgia/savannah/bryan-county/,0,125,0.00,9.3
https://rodenlaw.com/locations/south-carolina/north-charleston/summerville/summers-corner/,0,124,0.00,10.2
https://rodenlaw.com/car-accident-lawyers/ashley-phosphate-road-accident/,1,123,0.81,17.7
https://rodenlaw.com/locations/georgia/savannah/pooler/west-pooler/,1,123,0.81,16.8
https://rodenlaw.com/dog-bite-lawyers/postal-delivery-worker-bite/,0,123,0.00,13.3
https://rodenlaw.com/motorcycle-accident-lawyers/dorchester-road-motorcycle/,0,123,0.00,33.1
https://rodenlaw.com/practice-areas/albany/burn-injury-lawyer/,0,122,0.00,14.6
https://rodenlaw.com/practice-areas/atv-side-by-side-accident-lawyers/north-charleston-sc/,0,122,0.00,36.4
https://rodenlaw.com/practice-areas/bicycle-accident-lawyers/darien-ga/,0,122,0.00,51.5
https://rodenlaw.com/blog/answering-insurance-questions-after-crash/#recorded-statements,0,121,0.00,6.2
https://rodenlaw.com/blog/page/2/,0,121,0.00,8.1
https://rodenlaw.com/blog/traffic-tickets-and-car-accident-claims/#georgia-traffic-ticket-rules,0,121,0.00,7.2
https://rodenlaw.com/attorney/who-we-are-attorneys-eric-roden/,2,120,1.67,4.1
https://rodenlaw.com/blog/filing-soft-tissue-injury-claims-in-charleston/,0,120,0.00,28.0
https://rodenlaw.com/blog/traffic-tickets-and-car-accident-claims/#south-carolina-traffic-ticket-rules,0,120,0.00,7.3
https://rodenlaw.com/locations/south-carolina/north-charleston/goose-creek/westchester/,0,120,0.00,26.9
https://rodenlaw.com/practice-areas/premises-liability-lawyers/apartment-complex-injury/,0,120,0.00,15.2
https://rodenlaw.com/testimonials/ricky-h/,0,120,0.00,7.9
https://rodenlaw.com/attorneys/kiley-reidy/,17,119,14.29,5.5
https://rodenlaw.com/blog/answering-insurance-questions-after-crash/#what-to-say,0,119,0.00,6.1
https://rodenlaw.com/blog/page/3/,0,119,0.00,5.6
https://rodenlaw.com/locations/georgia/savannah/effingham-county/marlow/,0,119,0.00,26.5
https://rodenlaw.com/blog/18-wheeler-wrecks-on-the-arthur-ravenel-jr-bridge-us-17/,2,118,1.69,10.0
https://rodenlaw.com/construction-accident-lawyers/myrtle-beach-sc/,0,118,0.00,31.0
https://rodenlaw.com/maritime-injury-lawyers/darien-ga/,0,118,0.00,31.5
https://rodenlaw.com/practice-areas/motorcycle-accident-lawyers/rear-end-motorcycle-accident/,0,117,0.00,12.3
https://rodenlaw.com/practice-areas/savannah/construction-accident-lawyers/,0,117,0.00,10.4
https://rodenlaw.com/blog/international-boulevard-airport-rideshare-uber-lyft-crash-north-charleston/,1,116,0.86,6.9
https://rodenlaw.com/blog/options-for-denied-injury-claims/#gather-evidence,0,116,0.00,8.7
https://rodenlaw.com/blog/traffic-tickets-and-car-accident-claims/#negligence-per-se,0,116,0.00,7.4
https://rodenlaw.com/locations/south-carolina/myrtle-beach/socastee/socastee-village/,0,116,0.00,18.4
https://rodenlaw.com/practice-areas/savannah/personal-injury-lawyers/,0,116,0.00,54.2
https://rodenlaw.com/locations/south-carolina/north-charleston/goose-creek/crowfield-plantation/,1,115,0.87,14.4
https://rodenlaw.com/blog/goose-creek-car-accidents-military-traffic-us-52/,0,115,0.00,17.9
https://rodenlaw.com/blog/category/motorcycle-accident/,1,114,0.88,8.4
https://rodenlaw.com/testimonials/page/2/,0,114,0.00,5.2
https://rodenlaw.com/blog/options-for-denied-injury-claims/#review-denial-letter,0,113,0.00,8.8
https://rodenlaw.com/blog/dui-accidents/,0,112,0.00,25.3
https://rodenlaw.com/locations/georgia/savannah/statesboro/georgia-southern/,0,112,0.00,11.9
https://rodenlaw.com/locations/south-carolina/charleston/downtown-charleston/wagener-terrace/,0,112,0.00,27.0
https://rodenlaw.com/blog/category/car-accident/,1,111,0.90,15.1
https://rodenlaw.com/blog/sunset-boulevard-west-columbia-drunk-driver-accident-lawyer/,0,111,0.00,13.6
https://rodenlaw.com/locations/south-carolina/charleston/mount-pleasant/park-west/,0,111,0.00,19.7
https://rodenlaw.com/practice-areas/boating-accident-lawyers/pontoon-boat-accident/,0,111,0.00,56.0
https://rodenlaw.com/blog/port-truck-accidents-charleston-liability/,1,110,0.91,11.3
https://rodenlaw.com/bicycle-accident-lawyers/dooring-accident/,0,110,0.00,20.3
https://rodenlaw.com/practice-areas/wrongful-death-lawyers/fatal-truck-accident/,0,110,0.00,14.8
https://rodenlaw.com/blog/dangerous-rural-crashes-in-charleston/,1,109,0.92,19.2
https://rodenlaw.com/blog/benefits-for-workplace-violence/#ga-rules,0,109,0.00,7.1
https://rodenlaw.com/blog/medical-malpractice-limits-south-carolina/#types-of-damages,0,108,0.00,5.0
https://rodenlaw.com/blog/options-for-denied-injury-claims/#file-appeal,0,108,0.00,9.0
https://rodenlaw.com/resources/i-516-truck-accidents-port-savannah/,1,107,0.93,12.5
https://rodenlaw.com/blog/proving-negligence-personal-injury/,0,107,0.00,13.3
https://rodenlaw.com/blog/options-for-denied-injury-claims/#bad-faith-complaint,0,106,0.00,8.9
https://rodenlaw.com/locations/georgia/savannah/garden-city/,0,106,0.00,16.9
https://rodenlaw.com/blog/options-for-denied-injury-claims/#bad-faith-georgia,0,105,0.00,9.0
https://rodenlaw.com/blog/traffic-tickets-and-car-accident-claims/#ticket-as-evidence,0,105,0.00,7.5
https://rodenlaw.com/blog/using-uninsured-underinsured-motorist-coverage-in-georgia/#stacking,0,105,0.00,9.0
https://rodenlaw.com/dog-bite-laws-south-carolina-charleston/,1,104,0.96,22.3
https://rodenlaw.com/locations/georgia/savannah/whitemarsh-island/,1,104,0.96,11.3
https://rodenlaw.com/blog/does-workers-compensation-cover-prescriptions/#opioid-restrictions,0,104,0.00,4.8
https://rodenlaw.com/blog/does-workers-compensation-cover-prescriptions/#what-is-covered,0,104,0.00,4.8
https://rodenlaw.com/blog/impaired-driving-caused-by-prescription-medications/#illegal,0,104,0.00,10.5
https://rodenlaw.com/blog/impaired-driving-caused-by-prescription-medications/#lead,0,104,0.00,10.5
https://rodenlaw.com/blog/lawsuit-for-work-injury/,0,104,0.00,46.5
https://rodenlaw.com/practice-areas/bicycle-accident-lawyers/dooring-accident/,0,104,0.00,15.8
https://rodenlaw.com/practice-areas/car-accident-lawyers/service-vehicle-accident/,0,104,0.00,12.0
https://rodenlaw.com/wrongful-death-lawyers/defective-product-death/,0,104,0.00,17.3
https://rodenlaw.com/practice-areas/dog-bite-lawyers/dog-attack-jogger-cyclist/,0,103,0.00,7.4
https://rodenlaw.com/practice-areas/motorcycle-accident-lawyers/head-on-motorcycle-collision/,0,103,0.00,12.8
https://rodenlaw.com/locations/south-carolina/charleston/west-ashley/avondale/,1,102,0.98,28.7
https://rodenlaw.com/blog/category/personal-injury/,0,102,0.00,8.9
https://rodenlaw.com/blog/charleston-delivery-truck-pedestrian-cyclist-accidents/,0,102,0.00,21.1
https://rodenlaw.com/practice-areas/maritime-injury-lawyers/commercial-fishing-injury/,0,102,0.00,26.5
https://rodenlaw.com/resources/rivers-avenue-truck-accidents-north-charleston/,1,101,0.99,10.0
https://rodenlaw.com/blog/surfside-beach-golf-colony-golf-cart-accident-lawyer/,0,101,0.00,11.7
https://rodenlaw.com/locations/south-carolina/myrtle-beach/forestbrook/,0,101,0.00,17.9
https://rodenlaw.com/practice-areas/motorcycle-accident-lawyers/intersection-motorcycle-accident/,0,101,0.00,10.8
https://rodenlaw.com/class-action/camp-lejeune-lawsuits/,0,100,0.00,18.0
https://rodenlaw.com/locations/georgia/savannah/wilmington-island/town-center/,0,100,0.00,14.0
https://rodenlaw.com/privacy-policy/,0,100,0.00,8.4
https://rodenlaw.com/practice-areas/service-areas/,0,99,0.00,10.2
https://rodenlaw.com/locations/south-carolina/north-charleston/summerville/,2,98,2.04,18.5
https://rodenlaw.com/blog/punitive-damages-in-drunk-driving-accident/,0,98,0.00,14.8
https://rodenlaw.com/car-accident-lawyers/delivery-vehicle-accident/,0,98,0.00,72.0
https://rodenlaw.com/locations/south-carolina/north-charleston/summerville/pine-forest-inn/,0,98,0.00,17.6
https://rodenlaw.com/electric-scooter-accident-lawyers/myrtle-beach-sc/,1,97,1.03,28.6
https://rodenlaw.com/locations/south-carolina/charleston/downtown-charleston/harleston-village/,0,97,0.00,17.7
https://rodenlaw.com/blog/garden-city-eden-loop-truck-accident-lawyer/,0,96,0.00,8.6
https://rodenlaw.com/blog/should-i-file-a-personal-injury-or-a-workers-compensation-claim/,0,96,0.00,29.1
https://rodenlaw.com/locations/south-carolina/charleston/summerville/knightsville/,0,96,0.00,4.9
https://rodenlaw.com/wrongful-death-lawyers/darien-ga/,1,95,1.05,26.5
https://rodenlaw.com/construction-accident-lawyers/trench-collapse/,1,94,1.06,18.6
https://rodenlaw.com/locations/south-carolina/charleston/mount-pleasant/belle-hall/,1,94,1.06,42.8
https://rodenlaw.com/motorcycle-accident-lawyers/left-turn-accident/,0,94,0.00,14.9
https://rodenlaw.com/blog/benefits-for-workplace-violence/#covered-scenarios,0,93,0.00,7.2
https://rodenlaw.com/blog/benefits-for-workplace-violence/#not-covered,0,93,0.00,7.2
https://rodenlaw.com/blog/category/bicycle-accident/,0,93,0.00,52.7
https://rodenlaw.com/blog/medical-malpractice-limits-south-carolina/#damages-caps,0,93,0.00,5.1
https://rodenlaw.com/construction-accident-lawyers/highway-road-construction-accident/,0,93,0.00,15.3
https://rodenlaw.com/locations/south-carolina/charleston/mount-pleasant/dunes-west/,0,93,0.00,27.7
https://rodenlaw.com/your-guide-to-justice-after-a-charleston-truck-accident/,0,93,0.00,17.0
https://rodenlaw.com/construction-accident-lawyers/savannah-ga/,0,92,0.00,22.9
https://rodenlaw.com/practice-areas/boating-accident-lawyers/commercial-vessel-accident/,0,91,0.00,20.7
https://rodenlaw.com/locations/south-carolina/north-charleston/goose-creek/howe-hall/,0,90,0.00,20.8
https://rodenlaw.com/practice-areas/savannah/car-accident-lawyers/bus-accidents/,0,90,0.00,13.7
https://rodenlaw.com/class-action-lawyers/dangerous-drugs/invokana-lawsuit/,0,88,0.00,20.2
https://rodenlaw.com/locations/south-carolina/charleston/west-ashley/west-ashley-park/,0,88,0.00,35.6
https://rodenlaw.com/practice-areas/boating-accident-lawyers/speedboat-powerboat-collision/,0,88,0.00,9.7
https://rodenlaw.com/practice-areas/pedestrian-accident-lawyers/distracted-driver-pedestrian-accident/,0,88,0.00,17.1
https://rodenlaw.com/practice-areas/car-accident-lawyers/rear-end-collision/,1,87,1.15,32.4
https://rodenlaw.com/blog/how-car-insurers-use-private-investigators/#pi-evidence-against-you,0,87,0.00,3.6
https://rodenlaw.com/locations/georgia/savannah/hinesville/fort-stewart-area/,0,87,0.00,10.9
https://rodenlaw.com/locations/south-carolina/north-charleston/summerville/nexton/,0,87,0.00,13.3
https://rodenlaw.com/locations/south-carolina/north-charleston/summerville/sangaree/,0,87,0.00,23.2
https://rodenlaw.com/protecting-your-rights-after-a-myrtle-beach-car-accident/,0,86,0.00,6.1
https://rodenlaw.com/testimonials/rebecca-harris/,3,85,3.53,10.3
https://rodenlaw.com/practice-areas/pedestrian-accident-lawyers/backing-up-parking-lot-accident/,1,85,1.18,8.0
https://rodenlaw.com/blog/liability-for-sudden-emergency-accidents/#common-medical-emergencies-causing-crashes,0,85,0.00,4.0
https://rodenlaw.com/blog/liability-for-sudden-emergency-accidents/#georgia-sudden-emergency-defense,0,85,0.00,4.0
https://rodenlaw.com/locations/south-carolina/myrtle-beach/carolina-forest/the-farm/,0,85,0.00,12.9
https://rodenlaw.com/practice-areas/electric-scooter-accident-lawyers/savannah-ga/,0,85,0.00,13.9
https://rodenlaw.com/product-liability-lawyers/darien-ga/,0,85,0.00,38.4
https://rodenlaw.com/blog/taxes-on-car-crash-settlement-in-georgia/#non-taxable,0,84,0.00,6.3
https://rodenlaw.com/blog/taxes-on-car-crash-settlement-in-georgia/#taxable,0,84,0.00,6.3
https://rodenlaw.com/locations/south-carolina/north-charleston/summerville/knightsville/,0,84,0.00,11.5
https://rodenlaw.com/practice-areas/macon/product-liability-lawyers/,0,84,0.00,11.4
https://rodenlaw.com/locations/south-carolina/charleston/downtown-charleston/french-quarter/,0,83,0.00,30.7
https://rodenlaw.com/practice-areas/atv-side-by-side-accident-lawyers/myrtle-beach-sc/,0,83,0.00,34.7
https://rodenlaw.com/spinal-cord-injury-lawyers/myrtle-beach-sc/,0,83,0.00,22.3
https://rodenlaw.com/practice-areas/macon/construction-accident-lawyers/,1,82,1.22,10.7
https://rodenlaw.com/blog/category/golf-cart-accident/,0,82,0.00,30.5
https://rodenlaw.com/blog/what-to-do-after-a-car-crash-on-savannah-highway/,0,82,0.00,24.1
https://rodenlaw.com/boating-accident-lawyers/boating-under-influence/,0,82,0.00,20.1
https://rodenlaw.com/locations/south-carolina/myrtle-beach/litchfield-beach/,0,82,0.00,16.6
https://rodenlaw.com/blog/blog-filing-soft-tissue-injury-claims-in-charleston/,1,81,1.23,18.8
https://rodenlaw.com/locations/south-carolina/myrtle-beach/north-myrtle-beach/barefoot-landing/,0,80,0.00,20.3
https://rodenlaw.com/resources/seasonal-truck-accidents-myrtle-beach/,0,80,0.00,10.1
https://rodenlaw.com/blog/taxes-on-car-crash-settlement-in-georgia/#structuring,0,79,0.00,6.4
https://rodenlaw.com/blog/the-importance-of-gathering-evidence-after-a-motorcycle-accident/,0,79,0.00,6.5
https://rodenlaw.com/practice-areas/car-accident-lawyers/rivers-avenue-accident/,0,78,0.00,21.9
https://rodenlaw.com/practice-areas/slip-and-fall-lawyers/darien-ga/,0,78,0.00,21.9
https://rodenlaw.com/car-accident-lawyers/government-vehicle-accident/,1,77,1.30,9.1
https://rodenlaw.com/blog/best-car-accident-lawyer-ashley-river-road-greenwood-park-west-ashley/,0,77,0.00,27.9
https://rodenlaw.com/blog/seven-safe-driving-tips/,0,77,0.00,31.1
https://rodenlaw.com/blog/what-are-the-benefits-of-workers-compensation-claims/,0,77,0.00,32.7
https://rodenlaw.com/locations/georgia/savannah/southside-savannah/savannah-quarters/,0,77,0.00,7.1
https://rodenlaw.com/blog/can-passengers-be-at-fault-for-a-savannah-crash/,0,76,0.00,6.3
https://rodenlaw.com/blog/proving-pain-and-suffering-after-an-ashley-river-road-accident/,0,76,0.00,15.2
https://rodenlaw.com/blog/when-to-call-charleston-personal-injury-lawyer/#reasons,0,76,0.00,8.8
https://rodenlaw.com/practice-areas/boating-accident-lawyers/columbia-sc/,0,76,0.00,36.7
https://rodenlaw.com/blog/second-opinion-for-charleston-car-crash-injuries/,1,75,1.33,14.8
https://rodenlaw.com/locations/south-carolina/north-charleston/goose-creek/carnes-crossroads/,1,75,1.33,14.0
https://rodenlaw.com/practice-areas/workers-compensation-lawyers/denied-workers-comp-claim/,0,75,0.00,20.5
https://rodenlaw.com/blog/determining-fault-in-a-charleston-golf-cart-accident/,0,74,0.00,27.1
https://rodenlaw.com/motorcycle-accident-lawyers/head-on-motorcycle-collision/,0,74,0.00,36.3
https://rodenlaw.com/practice-areas/car-accident-lawyers/i-26-accident/,0,74,0.00,27.1
https://rodenlaw.com/practice-areas/bicycle-accident-lawyers/distracted-driver-bicycle-accident/,0,73,0.00,12.4
https://rodenlaw.com/boating-accident-lawyers/sailboat-accident/,0,72,0.00,23.2
https://rodenlaw.com/blog/car-insurance-add-ons/#minimum-requirements,0,71,0.00,7.4
https://rodenlaw.com/blog/contingency-fee-system/#how-it-works,0,71,0.00,4.6
https://rodenlaw.com/blog/liability-in-head-on-collisions-savannah-ga/,0,71,0.00,20.0
https://rodenlaw.com/blog/seeking-justice-after-a-fatigued-trucker-accident-on-i-26/,0,71,0.00,16.4
https://rodenlaw.com/locations/south-carolina/north-charleston/wescott-plantation/,1,70,1.43,12.8
https://rodenlaw.com/blog/negligence-vs-gross-negligence/#punitive-damages,0,70,0.00,6.7
https://rodenlaw.com/blog/page/21/,0,70,0.00,8.7
https://rodenlaw.com/blog/car-accidents-on-i-26-in-north-charleston/,1,69,1.45,10.4
https://rodenlaw.com/how-pain-and-suffering-is-calculated-after-an-accident-in-georgia/,0,69,0.00,6.0
https://rodenlaw.com/practice-areas/motorcycle-accident-lawyers/darien-ga/,0,69,0.00,12.6
https://rodenlaw.com/slip-and-fall-lawyers/stairway-escalator-fall/,1,68,1.47,26.8
https://rodenlaw.com/atv-side-by-side-accident-lawyers/darien-ga/,0,68,0.00,27.9
https://rodenlaw.com/bicycle-accident-lawyers/distracted-driver-bicycle-accident/,0,68,0.00,19.3
https://rodenlaw.com/burn-injury-lawyers/savannah-ga/,0,68,0.00,26.9
https://rodenlaw.com/testimonials/megan-l/,0,68,0.00,8.4
https://rodenlaw.com/locations/south-carolina/charleston/seabrook-island/,0,67,0.00,22.1
https://rodenlaw.com/practice-areas/workers-compensation-lawyers/construction-worker-injury/,0,67,0.00,30.1
https://rodenlaw.com/blog/contingency-fee-system/#ga-sc-rules,0,66,0.00,4.9
https://rodenlaw.com/blog/liability-for-sudden-emergency-accidents/#south-carolina-sudden-emergency-defense,0,66,0.00,4.1
https://rodenlaw.com/blog/car-insurance-add-ons/#gap-insurance,0,65,0.00,7.7
https://rodenlaw.com/blog/nursing-home-abuse-warning-signs/,0,65,0.00,27.7
https://rodenlaw.com/testimonial/rebecca-harris/,3,64,4.69,9.0
https://rodenlaw.com/locations/south-carolina/charleston/mount-pleasant/old-village/,1,64,1.56,17.6
https://rodenlaw.com/blog/taxes-on-car-crash-settlement-in-georgia/#what-is-taxable,0,64,0.00,5.7
https://rodenlaw.com/contact-us/?utm=myrtle-beach-gbp,0,64,0.00,14.9
https://rodenlaw.com/locations/south-carolina/charleston/mount-pleasant/carolina-park/,0,64,0.00,47.2
https://rodenlaw.com/practice-areas/macon/workers-compensation-lawyers/,0,64,0.00,16.8
https://rodenlaw.com/blog/can-passengers-be-at-fault-for-a-crash/,1,63,1.59,17.6
https://rodenlaw.com/blog/7-mistakes-to-avoid-after-a-motorcycle-accident/,0,63,0.00,26.7
https://rodenlaw.com/blog/taxes-on-car-crash-settlement-in-georgia/#what-is-excluded,0,63,0.00,5.7
https://rodenlaw.com/boating-accident-lawyers/commercial-vessel-accident/,0,63,0.00,16.4
https://rodenlaw.com/practice-areas/brain-injury-lawyers/darien-ga/,0,63,0.00,50.5
https://rodenlaw.com/locations/georgia/savannah/midtown-savannah/ardsley-park-chatham-crescent/,1,62,1.61,22.1
https://rodenlaw.com/blog/liability-for-sudden-emergency-accidents/#what-is-sudden-medical-emergency-defense,0,62,0.00,4.6
https://rodenlaw.com/blog/medical-malpractice-limits-south-carolina/#statute-of-limitations,0,62,0.00,4.0
https://rodenlaw.com/class-action/ivc-filter/,0,62,0.00,12.3
https://rodenlaw.com/practice-areas/burn-injury-lawyers/darien-ga/,0,62,0.00,33.3
https://rodenlaw.com/workers-compensation-lawyers/darien-ga/,0,62,0.00,21.5
https://rodenlaw.com/blog/your-guide-to-recovering-lost-wages-after-a-charleston-car-accident/,0,61,0.00,14.0
https://rodenlaw.com/construction-accident-lawyers/darien-ga/,0,61,0.00,19.4
https://rodenlaw.com/locations/south-carolina/charleston/ravenel/,0,61,0.00,23.1
https://rodenlaw.com/practice-areas/premises-liability-lawyers/retail-store-shopping-center-injury/,0,61,0.00,23.3
https://rodenlaw.com/practice-areas/slip-and-fall-lawyers/workplace-slip-and-fall/,0,61,0.00,21.4
https://rodenlaw.com/blog/financial-abuse-at-nursing-homes/#ga-sc-laws,0,60,0.00,6.2
https://rodenlaw.com/locations/georgia/savannah/effingham-county/egypt/,0,60,0.00,35.0
https://rodenlaw.com/practice-areas/albany/medical-malpractice-attorney/,1,59,1.69,11.1
https://rodenlaw.com/blog/dangerous-products-child-will-find-around-house/,0,59,0.00,9.3
https://rodenlaw.com/blog/liability-for-brake-checking-crashes-charleston/#evidence,0,59,0.00,9.5
https://rodenlaw.com/blog/liability-for-brake-checking-crashes-charleston/#percent,0,59,0.00,9.5
https://rodenlaw.com/locations/georgia/savannah/downtown-savannah/historic-district/,0,59,0.00,13.0
https://rodenlaw.com/practice-areas/spinal-cord-injury-lawyers/complete-spinal-cord-injury/,0,59,0.00,22.5
https://rodenlaw.com/locations/south-carolina/north-charleston/charleston-heights/,1,58,1.72,18.2
https://rodenlaw.com/blog-qualifications-for-car-accident-witnesses/,0,58,0.00,18.9
https://rodenlaw.com/blog/taxes-on-car-crash-settlement-in-georgia/#settlement-structure,0,58,0.00,5.8
https://rodenlaw.com/blog/when-to-call-charleston-personal-injury-lawyer/#timing,0,58,0.00,9.0
https://rodenlaw.com/practice-areas/wrongful-death-lawyers/pedestrian-cyclist-fatality/,0,58,0.00,10.8
https://rodenlaw.com/blog/georgia-super-speeder-law/#how-it-works,0,57,0.00,9.0
https://rodenlaw.com/blog/taxes-on-car-crash-settlement-in-georgia/#georgia-state-taxes,0,57,0.00,5.8
https://rodenlaw.com/blog/taxes-on-car-crash-settlement-in-georgia/#south-carolina-state-taxes,0,57,0.00,5.8
https://rodenlaw.com/blog/taxes-on-car-crash-settlement-in-georgia/#workers-comp-taxes,0,57,0.00,5.8
https://rodenlaw.com/locations/georgia/savannah/downtown-savannah/river-street/,0,57,0.00,9.8
https://rodenlaw.com/wrongful-death-lawyers/nursing-home-wrongful-death/,0,57,0.00,26.7
https://rodenlaw.com/locations/south-carolina/charleston/mount-pleasant/snee-farm/,0,56,0.00,11.3
https://rodenlaw.com/locations/south-carolina/myrtle-beach/bucksport/,0,56,0.00,21.8
https://rodenlaw.com/blog/safest-hospitals-georgia/,1,55,1.82,20.3
https://rodenlaw.com/practice-areas/golf-cart-accident-lawyers/golf-cart-pedestrian-accident/,1,55,1.82,20.6
https://rodenlaw.com/blog/liability-for-brake-checking-crashes-charleston/#drivers,0,55,0.00,9.5
https://rodenlaw.com/locations/south-carolina/north-charleston/goose-creek/brickhope-plantation/,0,55,0.00,14.1
https://rodenlaw.com/practice-areas/albany/dog-bite-lawyers/,0,55,0.00,15.9
https://rodenlaw.com/slip-and-fall-lawyers/retail-store-trip-and-fall/,0,55,0.00,18.5
https://rodenlaw.com/blog/georgia-super-speeder-law/#what-is,0,54,0.00,8.9
https://rodenlaw.com/blog/negligence-vs-gross-negligence/#examples,0,54,0.00,6.4
https://rodenlaw.com/practice-areas/truck-accident-lawyers/i-26-truck-accident/,0,54,0.00,32.5
https://rodenlaw.com/product-liability-lawyers/savannah-ga/,0,54,0.00,23.8
https://rodenlaw.com/blog/financial-abuse-at-nursing-homes/#what-is-elder-financial-abuse,0,53,0.00,6.6
https://rodenlaw.com/class-action-lawyers/defective-products/talcum-powder-lawsuit/,0,53,0.00,21.1
https://rodenlaw.com/practice-areas/motorcycle-accident-lawyers/hit-and-run-motorcycle-accident/,0,53,0.00,21.7
https://rodenlaw.com/wrongful-death-lawyers/pedestrian-cyclist-fatality/,0,53,0.00,18.7
https://rodenlaw.com/blog/boating-safely-in-georgia/,0,52,0.00,15.6
https://rodenlaw.com/blog/hearing-loss-after-charleston-car-accident/#car,0,52,0.00,9.9
https://rodenlaw.com/blog/hearing-loss-after-charleston-car-accident/#type,0,52,0.00,9.7
https://rodenlaw.com/blog/medical-treatment-after-accident/,0,52,0.00,22.0
https://rodenlaw.com/blog/protecting-child-burn-injuries-home/,0,52,0.00,9.6
https://rodenlaw.com/locations/south-carolina/myrtle-beach/garden-city-beach/,0,52,0.00,8.8
https://rodenlaw.com/locations/south-carolina/north-charleston/dorchester-terrace-waylyn/,0,52,0.00,15.4
https://rodenlaw.com/locations/south-carolina/north-charleston/liberty-hill/,0,52,0.00,25.9
https://rodenlaw.com/practice-areas/coronavirus-business-claims/,0,52,0.00,26.8
https://rodenlaw.com/who-we-are/attorneys/zach-stohr/,4,51,7.84,12.1
https://rodenlaw.com/blog/5-benefits-of-hiring-a-truck-accident-attorney-in-2023/,0,51,0.00,12.2
https://rodenlaw.com/blog/georgia-super-speeder-law/#penalties,0,51,0.00,8.8
https://rodenlaw.com/blog/georgia-super-speeder-law/#out-of-state,0,50,0.00,8.7
https://rodenlaw.com/blog/georgia-worker-injury-statistics-prevention/,0,50,0.00,24.4
https://rodenlaw.com/locations/georgia/savannah/ardsley-park/,0,50,0.00,12.2
https://rodenlaw.com/practice-areas/boating-accident-lawyers/myrtle-beach-sc/,0,50,0.00,56.6
https://rodenlaw.com/practice-areas/medical-malpractice-attorneys/,0,50,0.00,48.9
https://rodenlaw.com/practice-areas/savannah/medical-malpractice-attorneys/psychiatric-negligence/,0,50,0.00,16.4
https://rodenlaw.com/testimonials/charles-constant/,0,50,0.00,10.8
https://rodenlaw.com/blog/yamacraw-village-pedestrian-accident-lawyer/,1,49,2.04,13.2
https://rodenlaw.com/blog/maximum-medical-improvement-in-an-injury-claim/#who-determines,0,49,0.00,4.1
https://rodenlaw.com/charleston/practice-areas/,0,49,0.00,6.4
https://rodenlaw.com/locations/south-carolina/myrtle-beach/briarcliffe-acres/,0,49,0.00,22.8
https://rodenlaw.com/locations/south-carolina/myrtle-beach/burgess/,0,49,0.00,20.3
https://rodenlaw.com/practice-areas/burn-injury-lawyers/defective-product-burn/,0,49,0.00,18.8
https://rodenlaw.com/practice-areas/slip-and-fall-attorneys/,0,49,0.00,32.5
https://rodenlaw.com/product-liability-lawyers/defective-childrens-product/,0,49,0.00,19.9
https://rodenlaw.com/blog/nursing-home-liability/,0,48,0.00,23.5
https://rodenlaw.com/blog/summer-road-trip-safety/,0,48,0.00,26.9
https://rodenlaw.com/how-to-maximize-your-car-accident-compensation-in-georgia/,0,48,0.00,6.7
https://rodenlaw.com/locations/south-carolina/myrtle-beach/garden-city-beach/pier-area/,0,48,0.00,52.4
https://rodenlaw.com/blog/diminished-value-claims-after-car-accident/#how-diminished-value-calculated,0,47,0.00,5.2
https://rodenlaw.com/blog/diminished-value-claims-after-car-accident/#how-to-file,0,47,0.00,5.2
https://rodenlaw.com/blog/georgia-super-speeder-law/#sc-speeding,0,46,0.00,8.8
https://rodenlaw.com/blog/how-loud-music-increases-crash-risk-charleston/#driving,0,46,0.00,9.1
https://rodenlaw.com/blog/how-loud-music-increases-crash-risk-charleston/#reduce,0,46,0.00,9.1
https://rodenlaw.com/blog/independent-medical-exams/#ime-rules-south-carolina,0,46,0.00,4.7
https://rodenlaw.com/blog/when-to-call-charleston-personal-injury-lawyer/#standard,0,46,0.00,8.6
https://rodenlaw.com/locations/georgia/darien/sea-island/,0,46,0.00,10.1
https://rodenlaw.com/locations/south-carolina/myrtle-beach/green-sea/,0,46,0.00,12.5
https://rodenlaw.com/locations/south-carolina/north-charleston/northwoods/,0,46,0.00,26.2
https://rodenlaw.com/staff/zoe-link/,1,45,2.22,7.4
https://rodenlaw.com/blog/darien-river-boating-accident-lawyer/,0,45,0.00,11.6
https://rodenlaw.com/blog/savannah-veterans-parkway-car-accident-lawyer/,0,45,0.00,18.3
https://rodenlaw.com/car-accident-lawyers/service-vehicle-accident/,0,45,0.00,11.4
https://rodenlaw.com/locations/south-carolina/columbia/blythewood/,0,45,0.00,17.1
https://rodenlaw.com/blog/category/free-case-review/,0,44,0.00,22.3
https://rodenlaw.com/blog/islands-expressway-whitemarsh-island-motorcycle-accident-chatham-county/,0,44,0.00,8.4
https://rodenlaw.com/locations/south-carolina/myrtle-beach/myrtle-beach/grande-dunes/,0,44,0.00,14.2
https://rodenlaw.com/locations/south-carolina/north-charleston/chicora-cherokee/,0,44,0.00,29.0
https://rodenlaw.com/practice-areas/charleston/,0,44,0.00,6.8
https://rodenlaw.com/spinal-cord-injury-lawyers/complete-spinal-cord-injury/,0,44,0.00,26.8
https://rodenlaw.com/wrongful-death-lawyers/workplace-fatality/,0,44,0.00,36.9
https://rodenlaw.com/blog/charleston-car-crash-doctor-talk/,1,43,2.33,16.4
https://rodenlaw.com/testimonials/dante-williams-dante/,1,43,2.33,15.9
https://rodenlaw.com/blog/car-insurance-add-ons/#rental-roadside,0,43,0.00,7.4
https://rodenlaw.com/blog/how-delayed-injuries-could-impact-your-charleston-car-crash-claim/,0,43,0.00,25.8
https://rodenlaw.com/case-results/27000000-settlement-truck-accident/,0,43,0.00,8.1
https://rodenlaw.com/locations/south-carolina/myrtle-beach/atlantic-beach/,0,43,0.00,19.1
https://rodenlaw.com/locations/south-carolina/myrtle-beach/wampee/,0,43,0.00,17.8
https://rodenlaw.com/who-we-are/,0,43,0.00,12.0
https://rodenlaw.com/blog/georgia-pedestrian-right-of-way-laws/#georgia-statutes,0,42,0.00,8.6
https://rodenlaw.com/blog/georgia-super-speeder-law/#license-suspension,0,42,0.00,8.8
https://rodenlaw.com/blog/maximum-medical-improvement-in-an-injury-claim/#what-is-mmi,0,42,0.00,4.5
https://rodenlaw.com/boating-accident-lawyers/speedboat-powerboat-collision/,0,42,0.00,37.1
https://rodenlaw.com/burn-injury-lawyers/vehicle-fire-burn/,0,42,0.00,12.5
https://rodenlaw.com/practice-areas/albany/workers-compensation-lawyer/,0,42,0.00,12.3
https://rodenlaw.com/practice-areas/bicycle-accident-lawyers/myrtle-beach-sc/,0,42,0.00,26.6
https://rodenlaw.com/testimonials/nicole-barber/,0,42,0.00,11.6
https://rodenlaw.com/blog/a-guide-to-car-accident-claims-at-columbias-toughest-intersections/,0,41,0.00,3.1
https://rodenlaw.com/blog/hearing-loss-after-charleston-car-accident/#proving,0,41,0.00,10.0
https://rodenlaw.com/blog/maximum-medical-improvement-in-an-injury-claim/#mmi-personal-injury,0,41,0.00,4.5
https://rodenlaw.com/blog/west-ashley-sam-rittenberg-boulevard-motorcycle-accident-lawyer/,0,41,0.00,11.3
https://rodenlaw.com/burn-injury-lawyers/defective-product-burn/,0,41,0.00,19.1
https://rodenlaw.com/west-ashley-vs-downtown-charleston-driving-risks/,0,41,0.00,6.8
https://rodenlaw.com/blog/steps-after-slip-and-fall-injury/,1,40,2.50,8.8
https://rodenlaw.com/spinal-cord-injury-lawyers/incomplete-spinal-cord-injury/,0,40,0.00,65.5
https://rodenlaw.com/who-we-are/attorneys/ja-moore/,0,40,0.00,1.4
https://rodenlaw.com/blog/car-insurance-add-ons/#medpay,0,39,0.00,7.1
https://rodenlaw.com/blog/georgia-pedestrian-right-of-way-laws/#pedestrian-duties,0,39,0.00,8.6
https://rodenlaw.com/blog/letters-of-protection-for-injury-victims/#how-a-letter-of-protection-works,0,39,0.00,6.7
https://rodenlaw.com/blog/medical-malpractice-limits-south-carolina/#common-claims,0,39,0.00,4.5
https://rodenlaw.com/blog/medical-malpractice-limits-south-carolina/#notice-of-intent,0,39,0.00,4.5
https://rodenlaw.com/blog/medical-malpractice-limits-south-carolina/#statute-of-repose,0,39,0.00,4.5
https://rodenlaw.com/testimonials/kim-howard/,0,39,0.00,25.2
https://rodenlaw.com/blog/king-calhoun-intersection-car-collisions/,1,38,2.63,18.5
https://rodenlaw.com/blog/avoid-dangerous-medication-errors/,0,38,0.00,30.1
https://rodenlaw.com/locations/south-carolina/charleston/downtown-charleston/ansonborough/,0,38,0.00,21.6
https://rodenlaw.com/locations/south-carolina/french-quarter/,0,38,0.00,12.7
https://rodenlaw.com/practice-areas/savannah/motorcycle-accident-lawyers/,0,38,0.00,29.2
https://rodenlaw.com/blog/a-pedestrians-guide-to-claiming-lost-wages-in-charleston/,0,37,0.00,10.5
https://rodenlaw.com/blog/liability-for-sudden-emergency-accidents/#when-the-defense-fails,0,37,0.00,4.9
https://rodenlaw.com/construction-accident-lawyers/crane-heavy-equipment-accident/,0,37,0.00,53.2
https://rodenlaw.com/locations/south-carolina/charleston/awendaw/,0,37,0.00,22.9
https://rodenlaw.com/practice-areas/savannah/nursing-home-abuse-attorneys/malnutrition-and-dehydration/,0,37,0.00,2.6
https://rodenlaw.com/charleston-historic-sidewalk-slip-fall-city-liable/,1,36,2.78,4.2
https://rodenlaw.com/blog/how-loud-music-increases-crash-risk-charleston/#impact,0,36,0.00,9.4
https://rodenlaw.com/blog/letters-of-protection-for-injury-victims/#when-you-may-need-a-letter-of-protection,0,36,0.00,6.7
https://rodenlaw.com/blog/liability-for-sudden-emergency-accidents/#who-else-may-be-liable,0,36,0.00,4.9
https://rodenlaw.com/locations/georgia/savannah/pooler/godley-station/,0,36,0.00,18.9
https://rodenlaw.com/testimonials/joshua-johnson/,0,36,0.00,9.1
https://rodenlaw.com/who-is-at-fault-in-a-charleston-merge-accident/,0,36,0.00,10.4
https://rodenlaw.com/practice-areas/maritime-injury-lawyers/darien-ga/,1,35,2.86,24.1
https://rodenlaw.com/blog/car-insurance-add-ons/#collision-comprehensive,0,35,0.00,7.3
https://rodenlaw.com/blog/car-insurance-add-ons/#underinsured-motorist,0,35,0.00,7.3
https://rodenlaw.com/blog/car-insurance-add-ons/#uninsured-motorist,0,35,0.00,7.3
https://rodenlaw.com/blog/category/car-accident-help/,0,35,0.00,9.7
https://rodenlaw.com/blog/letters-of-protection-for-injury-victims/#letters-of-protection-in-georgia,0,35,0.00,5.3
https://rodenlaw.com/blog/liability-for-sudden-emergency-accidents/#georgia-vs-south-carolina-comparison,0,35,0.00,4.9
https://rodenlaw.com/class-action-lawyers/defective-medical-devices/ivc-blood-clot-filter-lawsuit/,0,35,0.00,36.3
https://rodenlaw.com/practice-areas/brunswick/burn-injury-lawyers/,0,35,0.00,5.4
https://rodenlaw.com/practice-areas/pedestrian-accident-lawyers/rivers-avenue-pedestrian/,0,35,0.00,33.0
https://rodenlaw.com/blog/benefit-of-a-personal-injury-pain-diary/#why-important,0,34,0.00,4.4
https://rodenlaw.com/blog/category/truck-accident/,0,34,0.00,18.8
https://rodenlaw.com/blog/diminished-value-claims-after-car-accident/#evidence-you-need,0,34,0.00,5.4
https://rodenlaw.com/blog/free-consultation-with-charleston-personal-injury-lawyer/,0,34,0.00,12.2
https://rodenlaw.com/blog/hanahan-murray-avenue-highland-park-bicycle-accident-lawyer/,0,34,0.00,8.3
https://rodenlaw.com/blog/sapelo-island-ferry-dock-collapse-causing-fatality-and-serious-injuries/,0,34,0.00,10.5
https://rodenlaw.com/pedestrian-accident-lawyers/rivers-avenue-pedestrian/,0,34,0.00,27.9
https://rodenlaw.com/practice-areas/savannah/,0,34,0.00,29.3
https://rodenlaw.com/attorney/graeham-c-gillin/,5,33,15.15,3.4
https://rodenlaw.com/blog/category/car-accidents/,1,33,3.03,16.8
https://rodenlaw.com/blog/benefits-of-an-accident-reconstructionist/,0,33,0.00,16.7
https://rodenlaw.com/burn-injury-lawyers/house-apartment-fire-burn/,0,33,0.00,19.5
https://rodenlaw.com/case-results/10860000-verdict-product-liability/,0,33,0.00,3.0
https://rodenlaw.com/locations/south-carolina/park-circle/,0,33,0.00,13.2
https://rodenlaw.com/practice-areas/brunswick/slip-and-fall-lawyer/,0,33,0.00,16.0
https://rodenlaw.com/testimonials/bryant-grinnell/,0,33,0.00,21.4
https://rodenlaw.com/staff/marina-baldwin/,1,32,3.12,24.9
https://rodenlaw.com/blog-lane-change-accident-liability/,0,32,0.00,8.6
https://rodenlaw.com/locations/south-carolina/charleston/north-charleston/,0,32,0.00,12.3
https://rodenlaw.com/locations/south-carolina/columbia/gaston/,0,32,0.00,8.3
https://rodenlaw.com/practice-areas/general/,0,32,0.00,8.4
https://rodenlaw.com/blog/south-kings-highway-us-17-business-underinsured-motorist-lawyer/,1,31,3.23,19.9
https://rodenlaw.com/staff/megan-socha/,1,31,3.23,7.9
https://rodenlaw.com/blog/calculating-pain-and-suffering-after-a-charleston-pedestrian-accident/,0,31,0.00,17.2
https://rodenlaw.com/blog/car-accidents-on-coleman-boulevard/,0,31,0.00,12.4
https://rodenlaw.com/blog/how-is-pain-and-suffering-calculated-after-an-accident/,0,31,0.00,20.8
https://rodenlaw.com/blog/letters-of-protection-for-injury-victims/#what-is-a-letter-of-protection,0,31,0.00,7.8
https://rodenlaw.com/blog/what-to-do-after-a-bike-crash-on-charlestons-ravenel-bridge/,0,31,0.00,16.4
https://rodenlaw.com/category/personal-injury/,0,31,0.00,6.1
https://rodenlaw.com/blog/independent-medical-exams/#why-insurance-companies-request-imes,0,30,0.00,4.4
https://rodenlaw.com/blog/the-role-of-vocational-rehabilitation-in-workers-compensation-cases/#types-of-services,0,30,0.00,6.6
https://rodenlaw.com/blog/the-role-of-vocational-rehabilitation-in-workers-compensation-cases/#what-is-vocational-rehab,0,30,0.00,6.6
https://rodenlaw.com/brunswick/practice-areas/,0,30,0.00,15.7
https://rodenlaw.com/case-result/900000-mva-settlement-truck-accidents/,0,30,0.00,9.4
https://rodenlaw.com/locations/south-carolina/north-charleston/summerville/wescott/,0,30,0.00,19.0
https://rodenlaw.com/practice-areas/wrongful-death-lawyers/defective-product-death/,0,30,0.00,34.8
https://rodenlaw.com/practice-category/truck-accidents/,0,30,0.00,37.9
https://rodenlaw.com/blog/certification-of-permanent-injury/#ga-sc-rules,0,29,0.00,7.4
https://rodenlaw.com/blog/letters-of-protection-for-injury-victims/#how-insurance-companies-attack-letters-of-protection,0,29,0.00,5.4
https://rodenlaw.com/blog/recovering-lost-wages-after-a-truck-accident-on-i-526/,0,29,0.00,7.1
https://rodenlaw.com/emergency-room-errors-charleston-misdiagnosis-malpractice/,0,29,0.00,9.7
https://rodenlaw.com/how-poor-truck-maintenance-causes-charleston-accidents/,0,29,0.00,27.9
https://rodenlaw.com/locations/south-carolina/myrtle-beach/myrtle-beach/market-common/,0,29,0.00,8.3
https://rodenlaw.com/practice-areas/car-accident-lawyers/bus-accident/,0,29,0.00,7.5
https://rodenlaw.com/blog/driving-tips-around-trucks/#safe-driving-tips,0,28,0.00,7.8
https://rodenlaw.com/motorcycle-accident-lawyers/single-vehicle-motorcycle-crash/,0,28,0.00,40.7
https://rodenlaw.com/testimonials/kmarieee-_/,0,28,0.00,11.8
https://rodenlaw.com/wrongful-death-lawyers/fatal-truck-accident/,0,28,0.00,38.5
https://rodenlaw.com/a-guide-to-car-accident-claims-at-columbias-toughest-intersections/,0,27,0.00,8.1
https://rodenlaw.com/blog/diminished-value-claims-after-car-accident/#what-is-diminished-value,0,27,0.00,4.7
https://rodenlaw.com/blog/driving-tips-around-trucks/#blind-spots,0,27,0.00,7.9
https://rodenlaw.com/blog/i-was-in-a-car-accident-should-i-pursue-a-personal-injury-claim/,0,27,0.00,7.1
https://rodenlaw.com/blog/teenagers-and-driving-distracted/,0,27,0.00,35.5
https://rodenlaw.com/practice-areas/brunswick/truck-accident-lawyers/,0,27,0.00,23.9
https://rodenlaw.com/charleston-medical-malpractice-hospital-claim-south-carolina/,1,26,3.85,9.2
https://rodenlaw.com/blog/appealing-a-denied-workers-compensation-claim/,0,26,0.00,23.3
https://rodenlaw.com/blog/category/pedestrian-accident/,0,26,0.00,48.4
https://rodenlaw.com/practice-areas/brunswick/workers-compensation-attorney/,0,26,0.00,2.4
https://rodenlaw.com/staff/maddie-dowling/,0,26,0.00,5.7
https://rodenlaw.com/testimonials/lizzie-kirkley/,0,26,0.00,7.7
https://rodenlaw.com/case-results/496000-settlement-truck-accident/,0,25,0.00,6.1
https://rodenlaw.com/class-action/paraquat-lawsuits/,0,25,0.00,30.6
https://rodenlaw.com/motorcycle-accident-lawyers/darien-ga/,0,25,0.00,28.5
https://rodenlaw.com/testimonial/dante-williams-dante/,0,25,0.00,8.3
https://rodenlaw.com/testimonials/ashley-b/,0,25,0.00,9.8
https://rodenlaw.com/testimonials/bryston-butler/,0,25,0.00,17.6
https://rodenlaw.com/blog/certification-of-permanent-injury/#why-certification-matters,0,24,0.00,8.2
https://rodenlaw.com/blog/georgia-pedestrian-right-of-way-laws/#driver-duties,0,24,0.00,8.8
https://rodenlaw.com/blog/page/38/,0,24,0.00,5.8
https://rodenlaw.com/case-result/125000-settlement-auto-accident-2/,0,24,0.00,7.4
https://rodenlaw.com/case-results/2500000-settlement-auto-accident/,0,24,0.00,26.5
https://rodenlaw.com/privacy-policy-2/,0,24,0.00,7.2
https://rodenlaw.com/testimonial/nicole-barber/,0,24,0.00,6.9
https://rodenlaw.com/testimonials/britany-roberson/,1,23,4.35,8.5
https://rodenlaw.com/blog/benefit-of-a-personal-injury-pain-diary/#what-is-pain-diary,0,23,0.00,3.7
https://rodenlaw.com/blog/charleston-parking-lot-parking-garage-accident/#common-scenarios,0,23,0.00,6.1
https://rodenlaw.com/blog/dangerous-savannah-intersections/#common-causes,0,23,0.00,4.9
https://rodenlaw.com/blog/dangerous-savannah-intersections/#dangerous-corridors,0,23,0.00,4.9
https://rodenlaw.com/blog/dangerous-savannah-intersections/#most-dangerous-intersections,0,23,0.00,4.9
https://rodenlaw.com/blog/financial-abuse-at-nursing-homes/#warning-signs,0,23,0.00,6.9
https://rodenlaw.com/case-results/350000-settlement-nursing-home-elder-abuse/,0,23,0.00,9.1
https://rodenlaw.com/practice-areas/atv-side-by-side-accident-lawyers/savannah-ga/,0,23,0.00,12.5
https://rodenlaw.com/practice-areas/boating-accident-lawyers/jet-ski-personal-watercraft/,0,23,0.00,31.2
https://rodenlaw.com/practice-areas/brain-injury-lawyers/severe-traumatic-brain-injury/,0,23,0.00,55.8
https://rodenlaw.com/practice-areas/medical-malpractice-lawyers/birth-injury/,0,23,0.00,16.6
https://rodenlaw.com/testimonials/anthony-b/,0,23,0.00,9.3
https://rodenlaw.com/testimonials/rachel-fraser/,0,23,0.00,7.4
https://rodenlaw.com/wrongful-death-lawyers/medical-malpractice-death/,0,23,0.00,13.5
https://rodenlaw.com/blog-savannah-ppi-attorney/,0,22,0.00,19.2
https://rodenlaw.com/blog/certification-of-permanent-injury/#what-is-certification,0,22,0.00,7.0
https://rodenlaw.com/blog/financial-abuse-at-nursing-homes/#reporting,0,22,0.00,7.0
https://rodenlaw.com/blog/medical-malpractice-limits-south-carolina/#mediation-requirement,0,22,0.00,4.0
https://rodenlaw.com/blog/page/24/,0,22,0.00,10.0
https://rodenlaw.com/blog/start-personal-injury-claim-from-home/,0,22,0.00,16.2
https://rodenlaw.com/blog/the-role-of-vocational-rehabilitation-in-workers-compensation-cases/#how-it-works,0,22,0.00,7.5
https://rodenlaw.com/blog/what-to-know-about-chest-pain-after-a-savannah-car-crash/,0,22,0.00,29.5
https://rodenlaw.com/how-pain-and-suffering-is-calculated-after-an-accident-in-south-carolina/,0,22,0.00,7.0
https://rodenlaw.com/resources/,0,22,0.00,11.1
https://rodenlaw.com/staff/logan-wiggins/,0,22,0.00,6.6
https://rodenlaw.com/blog/category/north-charleston/,1,21,4.76,15.2
https://rodenlaw.com/practice-areas/slip-and-fall-lawyers/retail-shopping-center-fall/,1,21,4.76,9.0
https://rodenlaw.com/blog/blind-spot-accidents/#ga-sc-laws,0,21,0.00,4.4
https://rodenlaw.com/blog/georgia-pedestrian-right-of-way-laws/#common-violations,0,21,0.00,8.9
https://rodenlaw.com/blog/georgia-pedestrian-right-of-way-laws/#comparative-fault,0,21,0.00,8.9
https://rodenlaw.com/blog/georgia-pedestrian-right-of-way-laws/#marked-vs-unmarked,0,21,0.00,8.9
https://rodenlaw.com/blog/georgia-pedestrian-right-of-way-laws/#what-is-right-of-way,0,21,0.00,8.9
https://rodenlaw.com/blog/proving-a-tourist-was-at-fault-in-your-charleston-accident/,0,21,0.00,23.4
https://rodenlaw.com/case-results/500000-settlement-auto-accident/,0,21,0.00,9.7
https://rodenlaw.com/practice-areas/savannah/spinal-cord-injury-lawyers/,0,21,0.00,7.7
https://rodenlaw.com/product-liability-lawyers/defective-auto-parts/,0,21,0.00,51.2
https://rodenlaw.com/category/truck-accident/,1,20,5.00,16.3
https://rodenlaw.com/practice-areas/charleston/rear-end-collision-lawyers/,1,20,5.00,11.1
https://rodenlaw.com/blog/charleston-parking-lot-parking-garage-accident/#fault-in-parking-lots,0,20,0.00,6.3
https://rodenlaw.com/case-results/355000-settlement-auto-accident/,0,20,0.00,30.5
https://rodenlaw.com/author/ericroden/,0,19,0.00,5.3
https://rodenlaw.com/blog/category/labor-and-employment/,0,19,0.00,5.3
https://rodenlaw.com/blog/financial-abuse-at-nursing-homes/#types,0,19,0.00,7.6
https://rodenlaw.com/blog/financial-abuse-at-nursing-homes/#who-commits,0,19,0.00,7.6
https://rodenlaw.com/blog/maximum-medical-improvement-in-an-injury-claim/#mmi-workers-comp,0,19,0.00,2.9
https://rodenlaw.com/es/areas-de-practica/abogados-de-compensacion-de-trabajo/,0,19,0.00,31.7
https://rodenlaw.com/maybank-highway-car-accidents-johns-island/,0,19,0.00,5.6
https://rodenlaw.com/practice-areas/brunswick/boating-accident-lawyers/,0,19,0.00,9.2
https://rodenlaw.com/practice-areas/truck-accident-lawyers/18-wheeler-semi-truck-accident/,0,19,0.00,15.3
https://rodenlaw.com/blog/certification-of-permanent-injury/#certification-process,0,18,0.00,8.3
https://rodenlaw.com/blog/charleston-parking-lot-parking-garage-accident/#parking-lot-accidents-charleston,0,18,0.00,6.0
https://rodenlaw.com/blog/how-long-can-someone-sue-you-after-a-car-accident/,0,18,0.00,14.2
https://rodenlaw.com/blog/independent-medical-exams/#ga-vs-sc-comparison,0,18,0.00,6.2
https://rodenlaw.com/blog/letters-of-protection-for-injury-victims/#benefits-of-using-a-letter-of-protection,0,18,0.00,7.1
https://rodenlaw.com/blog/liens-and-your-personal-injury-claims/#what-is-a-lien,0,18,0.00,8.0
https://rodenlaw.com/blog/shem-creek-boating-dock-injuries-mount-pleasant/#common-injuries,0,18,0.00,6.6
https://rodenlaw.com/carriage-tour-accidents-downtown-charleston-liability/,0,18,0.00,7.0
https://rodenlaw.com/case-result/10860000-verdict-product-liability/,0,18,0.00,4.1
https://rodenlaw.com/testimonial/s-miller/,0,18,0.00,2.4
https://rodenlaw.com/blog/liens-and-your-personal-injury-claims/#government-liens,0,17,0.00,7.9
https://rodenlaw.com/blog/medical-malpractice-limits-south-carolina/#discovery-rule,0,17,0.00,5.1
https://rodenlaw.com/blog/shem-creek-boating-dock-injuries-mount-pleasant/#waterway-hazards,0,17,0.00,6.8
https://rodenlaw.com/case-results/700000-settlement-product-liability/,0,17,0.00,2.5
https://rodenlaw.com/category/medical-malpractice/,0,17,0.00,8.2
https://rodenlaw.com/practice-areas/savannah/burn-injury-lawyers/,0,17,0.00,32.5
https://rodenlaw.com/blog/dangerous-savannah-intersections/#georgia-traffic-laws,0,16,0.00,4.9
https://rodenlaw.com/blog/dangerous-savannah-intersections/#why-savannah-intersections,0,16,0.00,4.9
https://rodenlaw.com/blog/how-covid-19-affects-a-workers-comp-claim/,0,16,0.00,37.1
https://rodenlaw.com/blog/letters-of-protection-for-injury-victims/#risks-and-drawbacks-to-consider,0,16,0.00,7.1
https://rodenlaw.com/blog/page/26/,0,16,0.00,5.6
https://rodenlaw.com/blog/shem-creek-boating-dock-injuries-mount-pleasant/#maritime-law,0,16,0.00,7.2
https://rodenlaw.com/case-results/1675000-recovery-auto-accident/,0,16,0.00,8.2
https://rodenlaw.com/case-results/175000-settlement-auto-accident/,0,16,0.00,9.9
https://rodenlaw.com/practice-areas/burn-injury-lawyers/north-charleston-sc/,0,16,0.00,54.8
https://rodenlaw.com/practice-areas/construction-accident-lawyers/scaffold-ladder-fall/,0,16,0.00,16.5
https://rodenlaw.com/practice-areas/macon/personal-injury-lawyers/,0,16,0.00,16.2
https://rodenlaw.com/practice-areas/nursing-home-abuse-attorneys/,0,16,0.00,33.4
https://rodenlaw.com/practice-areas/savannah/medical-malpractice-attorneys/faq/,0,16,0.00,8.2
https://rodenlaw.com/testimonial/megan-l/,0,16,0.00,16.9
https://rodenlaw.com/truck-accident-lawyer-2/,0,16,0.00,33.2
https://rodenlaw.com/blog/how-to-talk-to-your-doctor-about-your-charleston-car-accident-injuries/,1,15,6.67,34.6
https://rodenlaw.com/blog/category/pain-and-suffering/,0,15,0.00,12.7
https://rodenlaw.com/blog/category/personal-injury/page/9/,0,15,0.00,19.3
https://rodenlaw.com/blog/certification-of-permanent-injury/#proving-permanence,0,15,0.00,8.7
https://rodenlaw.com/blog/charleston-parking-lot-parking-garage-accident/#premises-liability,0,15,0.00,5.9
https://rodenlaw.com/blog/demand-letters-in-personal-injury-cases/#what-is-demand-letter,0,15,0.00,5.9
https://rodenlaw.com/blog/demand-letters-in-personal-injury-cases/#what-to-include,0,15,0.00,5.9
https://rodenlaw.com/blog/do-you-need-a-workers-compensation-lawyer/,0,15,0.00,27.6
https://rodenlaw.com/blog/driving-tips-around-trucks/#common-truck-accidents,0,15,0.00,8.3
https://rodenlaw.com/blog/driving-tips-around-trucks/#ga-sc-truck-laws,0,15,0.00,8.3
https://rodenlaw.com/blog/page/25/,0,15,0.00,11.3
https://rodenlaw.com/blog/why-federal-rules-matter-in-your-port-of-charleston-truck-accident/,0,15,0.00,18.9
https://rodenlaw.com/case-results/600000-settlement-truck-accident/,0,15,0.00,5.9
https://rodenlaw.com/personal-injury-claim-charleston-berkeley-dorchester-county/,0,15,0.00,6.1
https://rodenlaw.com/practice-area-location/savannah/savannah-wrongful-death/,0,15,0.00,78.1
https://rodenlaw.com/attorney/kiley-reidy/,2,14,14.29,3.0
https://rodenlaw.com/who-we-are/attorneys/ivy-montano/,2,14,14.29,4.8
https://rodenlaw.com/blog/category/nursing-home-abuse/,0,14,0.00,44.1
https://rodenlaw.com/blog/certification-of-permanent-injury/#types-of-permanent-injuries,0,14,0.00,8.4
https://rodenlaw.com/blog/charleston-parking-lot-parking-garage-accident/#private-property-rules,0,14,0.00,6.2
https://rodenlaw.com/blog/driving-tips-around-trucks/#why-truck-accidents,0,14,0.00,8.6
https://rodenlaw.com/blog/liability-for-charleston-underride-truck-crashes/,0,14,0.00,20.5
https://rodenlaw.com/blog/workers-compensation-faqs/,0,14,0.00,10.1
https://rodenlaw.com/car-accident-lawyers/multi-vehicle-pileup/,0,14,0.00,17.6
https://rodenlaw.com/case-results/117500-recovery-truck-accident/,0,14,0.00,7.8
https://rodenlaw.com/case-results/1550000-settlement-auto-accident/,0,14,0.00,8.7
https://rodenlaw.com/case-results/575000-settlement-auto-accident/,0,14,0.00,9.3
https://rodenlaw.com/practice-areas/albany/construction-accident-lawyers/,0,14,0.00,9.1
https://rodenlaw.com/blog/avoiding-bicycle-accidents/,0,13,0.00,22.8
https://rodenlaw.com/blog/blind-spot-accidents/#preventing-blind-spot-accidents,0,13,0.00,5.4
https://rodenlaw.com/blog/carriage-tour-accidents-downtown-charleston-liability/#charleston-carriage-regulations,0,13,0.00,6.8
https://rodenlaw.com/blog/carriage-tour-accidents-downtown-charleston-liability/#comparative-fault,0,13,0.00,6.8
https://rodenlaw.com/blog/category/medical-malpractice/,0,13,0.00,19.7
https://rodenlaw.com/blog/negligence-and-18-wheeler-accidents/,0,13,0.00,29.5
https://rodenlaw.com/case-results/100000-recovery-work-injury/,0,13,0.00,6.6
https://rodenlaw.com/practice-areas/brunswick/,0,13,0.00,4.6
https://rodenlaw.com/practice-areas/car-accident-lawyers/construction-vehicle-accident/,0,13,0.00,15.4
https://rodenlaw.com/practice-areas/workers-compensation-lawyers/repetitive-stress-injury/,0,13,0.00,34.5
https://rodenlaw.com/testimonials/tie-miller/,0,13,0.00,8.6
https://rodenlaw.com/how-long-personal-injury-case-charleston-sc/,1,12,8.33,8.3
https://rodenlaw.com/blog-follow-doctors-orders-after-accident/,0,12,0.00,35.1
https://rodenlaw.com/blog/blind-spot-accidents/#common-blind-spot-accidents,0,12,0.00,5.0
https://rodenlaw.com/blog/carriage-tour-accidents-downtown-charleston-liability/#carriage-tours-charleston,0,12,0.00,6.6
https://rodenlaw.com/blog/carriage-tour-accidents-downtown-charleston-liability/#who-is-liable,0,12,0.00,6.6
https://rodenlaw.com/blog/liens-and-your-personal-injury-claims/#ga-vs-sc-comparison,0,12,0.00,8.8
https://rodenlaw.com/blog/what-to-do-when-you-are-in-a-car-accident/#at-the-scene,0,12,0.00,5.1
https://rodenlaw.com/blog/what-to-do-when-you-are-in-a-car-accident/#georgia-specific,0,12,0.00,5.1
https://rodenlaw.com/case-result/2500000-settlement-auto-accident/,0,12,0.00,7.2
https://rodenlaw.com/case-results/250000-recovery-wrongful-death/,0,12,0.00,2.8
https://rodenlaw.com/case-results/3350000-verdict-premises-liability/,0,12,0.00,7.7
https://rodenlaw.com/locations/south-carolina/charleston/north-charleston/olde-north-charleston/,0,12,0.00,7.7
https://rodenlaw.com/practice-areas/boating-accident-lawyers/dock-marina-injury/,0,12,0.00,13.5
https://rodenlaw.com/blog/blind-spot-accidents/#what-are-blind-spots,0,11,0.00,4.6
https://rodenlaw.com/blog/carriage-tour-accidents-downtown-charleston-liability/#common-accidents,0,11,0.00,6.4
https://rodenlaw.com/blog/carriage-tour-accidents-downtown-charleston-liability/#filing-deadlines,0,11,0.00,6.4
https://rodenlaw.com/blog/carriage-tour-accidents-downtown-charleston-liability/#injuries,0,11,0.00,6.4
https://rodenlaw.com/blog/category/personal-injury/page/2/,0,11,0.00,11.5
https://rodenlaw.com/blog/compensation-for-chronic-pain-after-a-car-crash-in-charleston/#claims,0,11,0.00,6.7
https://rodenlaw.com/blog/workers-compensation-2017/,0,11,0.00,23.5
https://rodenlaw.com/burn-injury-lawyers/charleston-sc/,0,11,0.00,6.7
https://rodenlaw.com/case-results/300000-recovery-product-liability/,0,11,0.00,15.4
https://rodenlaw.com/case-results/300000-settlement-auto-accident/,0,11,0.00,13.9
https://rodenlaw.com/i-526-expansion-construction-zone-accidents-charleston/,0,11,0.00,16.6
https://rodenlaw.com/practice-areas/macon/boating-accident-lawyers/,0,11,0.00,5.4
https://rodenlaw.com/practice-areas/product-liability-lawyers/defective-industrial-equipment/,0,11,0.00,26.9
https://rodenlaw.com/practice-areas/savannah/savannah-car-accident-lawyers/,0,11,0.00,76.4
https://rodenlaw.com/testimonial/bryant-grinnell/,0,11,0.00,4.5
https://rodenlaw.com/blog/benefit-of-a-personal-injury-pain-diary/#ga-sc-damages,0,10,0.00,7.5
https://rodenlaw.com/blog/benefit-of-a-personal-injury-pain-diary/#what-to-document,0,10,0.00,5.6
https://rodenlaw.com/blog/category/boating-accident/,0,10,0.00,10.7
https://rodenlaw.com/blog/category/columbia/,0,10,0.00,10.9
https://rodenlaw.com/blog/charleston-parking-lot-parking-garage-accident/#pedestrian-strikes,0,10,0.00,7.5
https://rodenlaw.com/blog/charleston-parking-lot-parking-garage-accident/#police-reports,0,10,0.00,7.5
https://rodenlaw.com/blog/compensation-for-chronic-pain-after-a-car-crash-in-charleston/#compensation,0,10,0.00,6.4
https://rodenlaw.com/blog/compensation-for-chronic-pain-after-a-car-crash-in-charleston/#long,0,10,0.00,6.5
https://rodenlaw.com/blog/high-risk-occupations-2017/,0,10,0.00,27.2
https://rodenlaw.com/blog/page/4/,0,10,0.00,8.4
https://rodenlaw.com/case-result/190000-settlement-auto-accident/,0,10,0.00,44.6
https://rodenlaw.com/highway-41-accidents-mount-pleasant-development/,0,10,0.00,4.4
https://rodenlaw.com/nursing-home-abuse-charleston-signs-families/,0,10,0.00,10.6
https://rodenlaw.com/practice-areas/atv-side-by-side-accident-lawyers/atv-product-defect/,0,10,0.00,31.2
https://rodenlaw.com/practice-areas/brunswick/construction-accident-lawyers/,0,10,0.00,20.9
https://rodenlaw.com/practice-areas/product-liability-lawyers/darien-ga/,0,10,0.00,23.0
https://rodenlaw.com/practice-areas/savannah/nursing-home-abuse-attorneys/bedsores/,0,10,0.00,29.2
https://rodenlaw.com/who-we-are/attorneys/nolan-alexander/,0,10,0.00,9.2
https://rodenlaw.com/blog/blog-savannah-ppi-attorney/,0,9,0.00,17.8
https://rodenlaw.com/blog/category/rideshare-accident/,0,9,0.00,20.1
https://rodenlaw.com/blog/category/workers-compensation/,0,9,0.00,19.7
https://rodenlaw.com/blog/compensation-for-chronic-pain-after-a-car-crash-in-charleston/#medical,0,9,0.00,6.1
https://rodenlaw.com/blog/contingency-fee-system/#what-is-contingency-fee,0,9,0.00,4.0
https://rodenlaw.com/blog/liens-and-your-personal-injury-claims/#medical-provider-liens,0,9,0.00,8.4
https://rodenlaw.com/blog/maybank-highway-car-accidents-johns-island/#maybank-highway-bottleneck,0,9,0.00,6.4
https://rodenlaw.com/blog/maybank-highway-car-accidents-johns-island/#why-dangerous,0,9,0.00,6.4
https://rodenlaw.com/blog/shem-creek-boating-dock-injuries-mount-pleasant/#bui-south-carolina,0,9,0.00,8.1
https://rodenlaw.com/blog/the-role-of-vocational-rehabilitation-in-workers-compensation-cases/#when-required,0,9,0.00,7.6
https://rodenlaw.com/blog/workers-comp-for-carpal-tunnel-syndrome/#carpal-tunnel-workplace-injury,0,9,0.00,6.1
https://rodenlaw.com/blog/workers-comp-for-carpal-tunnel-syndrome/#proving-work-related,0,9,0.00,6.1
https://rodenlaw.com/case-results/1000000-settlement-auto-accident/,0,9,0.00,8.0
https://rodenlaw.com/case-results/200000-settlement-auto-accident/,0,9,0.00,22.6
https://rodenlaw.com/case-results/300000-resolution-auto-accident/,0,9,0.00,5.8
https://rodenlaw.com/case-results/9800000-recovery-premises-liability/,0,9,0.00,7.0
https://rodenlaw.com/category/workers-compensation/,0,9,0.00,21.0
https://rodenlaw.com/compensation-for-car-crash-facial-injuries-charleston/,0,9,0.00,28.7
https://rodenlaw.com/practice-areas/albany/car-accident-lawyers/,0,9,0.00,10.6
https://rodenlaw.com/practice-areas/brunswick/wrongful-death-lawyers/,0,9,0.00,4.1
https://rodenlaw.com/testimonial/ricky-h/,0,9,0.00,13.2
https://rodenlaw.com/testimonials/s-miller/,0,9,0.00,20.3
https://rodenlaw.com/blog/category/consumer-alerts/,0,8,0.00,11.9
https://rodenlaw.com/blog/help-teen-safer-driver/,0,8,0.00,32.6
https://rodenlaw.com/blog/maximum-medical-improvement-in-an-injury-claim/#disagree-with-mmi,0,8,0.00,4.1
https://rodenlaw.com/blog/recovering-damages-with-pre-existing-injuries/#common-pre-existing-conditions,0,8,0.00,8.6
https://rodenlaw.com/blog/recovering-damages-with-pre-existing-injuries/#what-is-pre-existing-injury,0,8,0.00,8.6
https://rodenlaw.com/blog/steps-after-truck-accident/,0,8,0.00,33.4
https://rodenlaw.com/blog/the-role-of-vocational-rehabilitation-in-workers-compensation-cases/#how-vocational-rehab-works,0,8,0.00,4.1
https://rodenlaw.com/blog/workers-comp-for-carpal-tunnel-syndrome/#benefits-available,0,8,0.00,6.5
https://rodenlaw.com/blog/workers-comp-for-carpal-tunnel-syndrome/#what-is-carpal-tunnel,0,8,0.00,6.5
https://rodenlaw.com/case-results/125000-settlement-auto-accident/,0,8,0.00,24.4
https://rodenlaw.com/case-results/275000-settlement-auto-accident-3/,0,8,0.00,13.8
https://rodenlaw.com/case-results/400000-settlement-auto-accident-2/,0,8,0.00,31.4
https://rodenlaw.com/case-results/515000-settlement-auto-accident/,0,8,0.00,8.5
https://rodenlaw.com/class-action/talcum-powder/,0,8,0.00,18.0
https://rodenlaw.com/motorcycle-accident-lawyers/drunk-driver-motorcycle-accident/,0,8,0.00,10.2
https://rodenlaw.com/practice-areas/albany/,0,8,0.00,13.1
https://rodenlaw.com/practice-areas/truck-accident-lawyers/drunk-driver-accident/,0,8,0.00,24.1
https://rodenlaw.com/savannah/practice-areas/,0,8,0.00,5.8
https://rodenlaw.com/spinal-cord-injury-lawyers/spinal-fracture/,0,8,0.00,14.6
https://rodenlaw.com/attorney/ivy/,1,7,14.29,3.7
https://rodenlaw.com/blog/category/car-accident/page/11/,0,7,0.00,10.4
https://rodenlaw.com/blog/category/lost-wages-support/,0,7,0.00,55.1
https://rodenlaw.com/blog/category/myrtle-beach/,0,7,0.00,29.1
https://rodenlaw.com/blog/georgia-super-speeder-law/#comparison-table,0,7,0.00,9.9
https://rodenlaw.com/blog/georgia-super-speeder-law/#sc-speeding-laws,0,7,0.00,9.9
https://rodenlaw.com/blog/georgia-super-speeder-law/#speeding-as-negligence,0,7,0.00,9.9
https://rodenlaw.com/blog/georgia-super-speeder-law/#what-is-super-speeder,0,7,0.00,9.9
https://rodenlaw.com/blog/page/27/,0,7,0.00,6.4
https://rodenlaw.com/blog/page/36/,0,7,0.00,5.7
https://rodenlaw.com/blog/pedestrian-accidents-musc-charleston-medical-district/#common-crash-types,0,7,0.00,4.1
https://rodenlaw.com/blog/pedestrian-accidents-musc-charleston-medical-district/#dangerous-corridors,0,7,0.00,4.1
https://rodenlaw.com/blog/pedestrian-accidents-musc-charleston-medical-district/#injuries,0,7,0.00,4.1
https://rodenlaw.com/blog/pedestrian-accidents-musc-charleston-medical-district/#musc-medical-district,0,7,0.00,4.1
https://rodenlaw.com/blog/pedestrian-accidents-musc-charleston-medical-district/#sc-pedestrian-laws,0,7,0.00,4.1
https://rodenlaw.com/blog/pedestrian-accidents-musc-charleston-medical-district/#who-is-liable,0,7,0.00,4.1
https://rodenlaw.com/blog/pedestrian-accidents-musc-charleston-medical-district/#why-dangerous,0,7,0.00,4.1
https://rodenlaw.com/blog/shem-creek-boating-dock-injuries-mount-pleasant/#comparative-fault,0,7,0.00,7.9
https://rodenlaw.com/blog/shem-creek-boating-dock-injuries-mount-pleasant/#premises-liability,0,7,0.00,7.9
https://rodenlaw.com/blog/shem-creek-boating-dock-injuries-mount-pleasant/#shem-creek-overview,0,7,0.00,7.9
https://rodenlaw.com/case-result/125000-recovery-auto-accident/,0,7,0.00,4.7
https://rodenlaw.com/case-result/305000-settlement-premises-liability/,0,7,0.00,13.0
https://rodenlaw.com/case-result/350000-settlement-auto-accident/,0,7,0.00,5.7
https://rodenlaw.com/case-results/100000-policy-limits-auto-accident/,0,7,0.00,3.7
https://rodenlaw.com/case-results/125000-recovery-auto-accident/,0,7,0.00,48.7
https://rodenlaw.com/case-results/205000-resolution-auto-accident/,0,7,0.00,9.1
https://rodenlaw.com/case-results/350000-settlement-auto-accident/,0,7,0.00,22.7
https://rodenlaw.com/jet-ski-personal-watercraft-accidents-charleston/,0,7,0.00,5.0
https://rodenlaw.com/spinal-cord-injury-lawyers/darien-ga/,0,7,0.00,6.4
https://rodenlaw.com/staff/dyanna-velez/,0,7,0.00,19.3
https://rodenlaw.com/blog/benefit-of-a-personal-injury-pain-diary/#sample-entries,0,6,0.00,8.2
https://rodenlaw.com/blog/blog-documents-for-personal-injury-claim/,0,6,0.00,11.3
https://rodenlaw.com/blog/drunk-pedestrian-injury-claims/#pedestrian-intoxication-claims,0,6,0.00,5.5
https://rodenlaw.com/blog/filing-a-claim-for-an-injured-minor/#who-can-file,0,6,0.00,6.8
https://rodenlaw.com/blog/maximum-medical-improvement-in-an-injury-claim/#ga-sc-differences,0,6,0.00,5.2
https://rodenlaw.com/blog/maximum-medical-improvement-in-an-injury-claim/#impairment-ratings,0,6,0.00,5.2
https://rodenlaw.com/blog/page/18/,0,6,0.00,3.8
https://rodenlaw.com/blog/page/34/,0,6,0.00,10.3
https://rodenlaw.com/blog/understanding-eye-injuries-after-a-savannah-car-accident/#option,0,6,0.00,2.5
https://rodenlaw.com/blog/understanding-eye-injuries-after-a-savannah-car-accident/#types,0,6,0.00,2.5
https://rodenlaw.com/blog/why-should-i-hire-an-accident-lawyer-after-an-accident/,0,6,0.00,17.7
https://rodenlaw.com/blog/your-guide-to-documenting-a-james-island-parkway-car-accident/,0,6,0.00,11.2
https://rodenlaw.com/case-result/250000-settlement-auto-accident/,0,6,0.00,19.7
https://rodenlaw.com/case-results/190000-settlement-auto-accident/,0,6,0.00,30.7
https://rodenlaw.com/case-results/305000-settlement-premises-liability-2/,0,6,0.00,38.8
https://rodenlaw.com/case-results/600000-settlement-auto-accident-2/,0,6,0.00,19.0
https://rodenlaw.com/category/car-accidents/,0,6,0.00,5.7
https://rodenlaw.com/daniel-island-accidents-event-traffic-golf-carts/,0,6,0.00,8.0
https://rodenlaw.com/practice-areas/albany/nursing-home-abuse-lawyers/,0,6,0.00,25.3
https://rodenlaw.com/practice-areas/boating-accident-lawyers/kayak-canoe-accident/,0,6,0.00,8.0
https://rodenlaw.com/practice-areas/car-accident-lawyers/dorchester-road-accident/,0,6,0.00,14.7
https://rodenlaw.com/practice-areas/car-accident-lawyers/i-526-accident/,0,6,0.00,26.8
https://rodenlaw.com/practice-areas/spinal-cord-injury-lawyers/darien-ga/,0,6,0.00,27.2
https://rodenlaw.com/testimonial/charles-constant/,0,6,0.00,2.7
https://rodenlaw.com/testimonial/lizzie-kirkley/,0,6,0.00,6.2
https://rodenlaw.com/blog/category/accident-compensation/,0,5,0.00,20.8
https://rodenlaw.com/blog/category/charleston/,0,5,0.00,9.0
https://rodenlaw.com/blog/charleston-medical-malpractice-hospital-claim-south-carolina/#charleston-med-mal,0,5,0.00,10.4
https://rodenlaw.com/blog/charleston-medical-malpractice-hospital-claim-south-carolina/#common-types,0,5,0.00,10.4
https://rodenlaw.com/blog/charleston-medical-malpractice-hospital-claim-south-carolina/#damages-caps,0,5,0.00,10.4
https://rodenlaw.com/blog/charleston-medical-malpractice-hospital-claim-south-carolina/#expert-witness,0,5,0.00,10.4
https://rodenlaw.com/blog/charleston-medical-malpractice-hospital-claim-south-carolina/#hospital-vs-doctor,0,5,0.00,10.4
https://rodenlaw.com/blog/charleston-medical-malpractice-hospital-claim-south-carolina/#notice-of-intent,0,5,0.00,10.4
https://rodenlaw.com/blog/charleston-medical-malpractice-hospital-claim-south-carolina/#sc-med-mal-requirements,0,5,0.00,10.4
https://rodenlaw.com/blog/drunk-pedestrian-injury-claims/#proving-driver-negligence,0,5,0.00,6.2
https://rodenlaw.com/blog/folly-road-car-accidents-james-island-charleston/#common-accident-types,0,5,0.00,4.0
https://rodenlaw.com/blog/folly-road-car-accidents-james-island-charleston/#injuries,0,5,0.00,4.0
https://rodenlaw.com/blog/folly-road-car-accidents-james-island-charleston/#why-so-dangerous,0,5,0.00,4.0
https://rodenlaw.com/blog/liens-and-your-personal-injury-claims/#attorney-liens,0,5,0.00,11.0
https://rodenlaw.com/blog/liens-and-your-personal-injury-claims/#workers-compensation-liens,0,5,0.00,11.0
https://rodenlaw.com/blog/pedestrian-safety-georgia/,0,5,0.00,8.0
https://rodenlaw.com/blog/proving-your-pain-after-a-charleston-car-accident/,0,5,0.00,13.0
https://rodenlaw.com/blog/truck-accident-liability/,0,5,0.00,46.2
https://rodenlaw.com/blog/trucking-regulations-and-accident-cases/,0,5,0.00,27.0
https://rodenlaw.com/case-result/125000-settlement-workers-compensation/,0,5,0.00,7.4
https://rodenlaw.com/case-results/100000-settlement-workers-compensation/,0,5,0.00,51.0
https://rodenlaw.com/case-results/1250000-settlement-wrongful-death/,0,5,0.00,46.4
https://rodenlaw.com/case-results/130000-settlement-auto-accident/,0,5,0.00,25.8
https://rodenlaw.com/case-results/135000-settlement-premises-liability/,0,5,0.00,98.2
https://rodenlaw.com/case-results/1700000-settlement-brain-injury/,0,5,0.00,4.8
https://rodenlaw.com/case-results/225000-settlement-auto-accident/,0,5,0.00,5.6
https://rodenlaw.com/case-results/250000-settlement-premises-liability/,0,5,0.00,32.2
https://rodenlaw.com/case-results/300000-settlement-workers-compensation/,0,5,0.00,29.8
https://rodenlaw.com/case-results/400000-settlement-premises-liability/,0,5,0.00,25.6
https://rodenlaw.com/case-results/405000-settlement-auto-accident/,0,5,0.00,65.2
https://rodenlaw.com/case-results/650000-recovery-truck-accident/,0,5,0.00,5.4
https://rodenlaw.com/case-results/700000-recovery-auto-accident/,0,5,0.00,37.2
https://rodenlaw.com/category/nursing-home-abuse/,0,5,0.00,20.2
https://rodenlaw.com/locations/south-carolina/charleston/goose-creek/westchester/,0,5,0.00,18.0
https://rodenlaw.com/practice-areas/boating-accident-lawyers/sailboat-accident/,0,5,0.00,16.0
https://rodenlaw.com/testimonial/ashley-b/,0,5,0.00,48.0
https://rodenlaw.com/testimonial/bryston-butler/,0,5,0.00,8.4
https://rodenlaw.com/blog/?refPageViewId=5cf1daa873e49b5a,0,4,0.00,14.0
https://rodenlaw.com/blog/accidents-near-musc-and-calhoun-street/,0,4,0.00,7.2
https://rodenlaw.com/blog/category/car-accident/page/2/,0,4,0.00,7.2
https://rodenlaw.com/blog/category/car-accident/page/5/,0,4,0.00,9.8
https://rodenlaw.com/blog/folly-road-car-accidents-james-island-charleston/#comparative-fault,0,4,0.00,4.5
https://rodenlaw.com/blog/folly-road-car-accidents-james-island-charleston/#dangerous-sections,0,4,0.00,4.5
https://rodenlaw.com/blog/folly-road-car-accidents-james-island-charleston/#folly-road-overview,0,4,0.00,4.5
https://rodenlaw.com/blog/folly-road-car-accidents-james-island-charleston/#who-is-liable,0,4,0.00,4.5
https://rodenlaw.com/blog/get-auto-accident-claim-georgia/,0,4,0.00,89.2
https://rodenlaw.com/blog/liens-and-your-personal-injury-claims/#health-insurance-liens,0,4,0.00,11.5
https://rodenlaw.com/blog/social-media-personal-injury-claim/,0,4,0.00,5.0
https://rodenlaw.com/case-result/100000-recovery-work-injury/,0,4,0.00,3.5
https://rodenlaw.com/case-result/225000-resolution-auto-accident/,0,4,0.00,53.0
https://rodenlaw.com/case-results/123000-settlement-auto-accident/,0,4,0.00,26.8
https://rodenlaw.com/case-results/125000-resolution-auto-accident/,0,4,0.00,93.5
https://rodenlaw.com/case-results/1300000-settlement-auto-accident/,0,4,0.00,21.0
https://rodenlaw.com/case-results/140000-settlement-auto-accident/,0,4,0.00,31.0
https://rodenlaw.com/case-results/150000-resolution-auto-accident/,0,4,0.00,67.0
https://rodenlaw.com/case-results/150000-settlement-auto-accident/,0,4,0.00,31.8
https://rodenlaw.com/case-results/275000-settlement-auto-accident/,0,4,0.00,2.5
https://rodenlaw.com/case-results/318000-settlement-truck-accident/,0,4,0.00,5.8
https://rodenlaw.com/case-results/400000-settlement-auto-accident/,0,4,0.00,28.0
https://rodenlaw.com/category/accident-compensation/,0,4,0.00,6.0
https://rodenlaw.com/category/columbia/,0,4,0.00,3.2
https://rodenlaw.com/category/uncategorized/,0,4,0.00,19.2
https://rodenlaw.com/contact-us/,0,4,0.00,2.5
https://rodenlaw.com/locations/south-carolina/charleston/daniel-island/,0,4,0.00,6.2
https://rodenlaw.com/practice-area-location/savannah-medical-malpractice/,0,4,0.00,6.2
https://rodenlaw.com/practice-areas/brunswick/nursing-home-abuse-lawyer/,0,4,0.00,9.8
https://rodenlaw.com/practice-areas/motorcycle-accident-lawyers/dorchester-road-motorcycle/,0,4,0.00,13.2
https://rodenlaw.com/staff/kelli-threm/,0,4,0.00,10.5
https://rodenlaw.com/testimonial/byshiba-moon/,0,4,0.00,1.0
https://rodenlaw.com/testimonial/tie-miller/,0,4,0.00,7.2
https://rodenlaw.com/testimonials/a-mcgee/,0,4,0.00,13.0
https://rodenlaw.com/testimonials/ben-young/,0,4,0.00,10.5
https://rodenlaw.com/blog/brain-injury-claim/,0,3,0.00,37.3
https://rodenlaw.com/blog/category/workers-compensation/page/2/,0,3,0.00,15.3
https://rodenlaw.com/blog/contingency-fee-system/#typical-percentages,0,3,0.00,7.7
https://rodenlaw.com/blog/filing-a-claim-for-an-injured-minor/#court-approval,0,3,0.00,6.3
https://rodenlaw.com/blog/georgia-super-speeder-law/#speeding-and-accidents,0,3,0.00,9.3
https://rodenlaw.com/blog/maybank-highway-car-accidents-johns-island/#common-crash-types,0,3,0.00,6.7
https://rodenlaw.com/blog/maybank-highway-car-accidents-johns-island/#comparative-fault,0,3,0.00,6.7
https://rodenlaw.com/blog/maybank-highway-car-accidents-johns-island/#dangerous-sections,0,3,0.00,6.7
https://rodenlaw.com/blog/maybank-highway-car-accidents-johns-island/#injuries,0,3,0.00,6.7
https://rodenlaw.com/blog/maybank-highway-car-accidents-johns-island/#who-is-liable,0,3,0.00,6.7
https://rodenlaw.com/blog/page/20/,0,3,0.00,24.7
https://rodenlaw.com/blog/page/41/,0,3,0.00,9.7
https://rodenlaw.com/blog/recovering-damages-with-pre-existing-injuries/#aggravation-vs-causation,0,3,0.00,8.7
https://rodenlaw.com/blog/recovering-damages-with-pre-existing-injuries/#eggshell-plaintiff,0,3,0.00,8.7
https://rodenlaw.com/blog/switching-lawyers-during-a-case/#attorney-liens-fee-disputes,0,3,0.00,5.3
https://rodenlaw.com/blog/switching-lawyers-during-a-case/#georgia-rules,0,3,0.00,5.3
https://rodenlaw.com/blog/switching-lawyers-during-a-case/#right-to-change-attorneys,0,3,0.00,5.3
https://rodenlaw.com/case-result/100000-settlement-auto-accident-6/,0,3,0.00,7.7
https://rodenlaw.com/case-result/100000-settlement-auto-accident-7/,0,3,0.00,4.0
https://rodenlaw.com/case-result/120000-recovery-auto-accident/,0,3,0.00,9.0
https://rodenlaw.com/case-result/175000-settlement-auto-accident/,0,3,0.00,6.7
https://rodenlaw.com/case-result/250000-settlement-auto-accident-3/,0,3,0.00,30.3
https://rodenlaw.com/case-result/250000-settlement-auto-accident-4/,0,3,0.00,62.3
https://rodenlaw.com/case-result/350000-settlement-nursing-home-elder-abuse/,0,3,0.00,10.3
https://rodenlaw.com/case-result/400000-settlement-auto-accident/,0,3,0.00,65.3
https://rodenlaw.com/case-result/700000-settlement-product-liability/,0,3,0.00,3.3
https://rodenlaw.com/case-results/125000-settlement-workers-compensation/,0,3,0.00,36.3
https://rodenlaw.com/case-results/150000-settlement-auto-accident-2/,0,3,0.00,8.3
https://rodenlaw.com/case-results/155000-settlement-auto-accident/,0,3,0.00,8.0
https://rodenlaw.com/case-results/162500-settlement-premises-liability/,0,3,0.00,9.0
https://rodenlaw.com/case-results/162500-settlement-truck-accident/,0,3,0.00,7.3
https://rodenlaw.com/case-results/172000-settlement-workers-compensation/,0,3,0.00,50.7
https://rodenlaw.com/case-results/200000-policy-limits-auto-accident/,0,3,0.00,73.3
https://rodenlaw.com/case-results/210000-recovery-truck-accident/,0,3,0.00,9.3
https://rodenlaw.com/case-results/250000-policy-limits-dui-accident/,0,3,0.00,8.0
https://rodenlaw.com/case-results/325000-resolution-auto-accident/,0,3,0.00,3.0
https://rodenlaw.com/case-results/465000-recovery-truck-accident/,0,3,0.00,160.3
https://rodenlaw.com/case-results/525000-recovery-auto-accident/,0,3,0.00,45.7
https://rodenlaw.com/locations/south-carolina/charleston/folly-beach/,0,3,0.00,4.7
https://rodenlaw.com/locations/south-carolina/charleston/goose-creek/boulder-bluff/,0,3,0.00,14.0
https://rodenlaw.com/locations/south-carolina/charleston/mcclellanville/,0,3,0.00,2.7
https://rodenlaw.com/practice-areas/savannah/coronavirus-business-claims/,0,3,0.00,43.0
https://rodenlaw.com/staff/stephanie-aguirre/,0,3,0.00,1.0
https://rodenlaw.com/testimonial/joshua-johnson/,0,3,0.00,4.3
https://rodenlaw.com/testimonials/page/3/,0,3,0.00,13.7
https://rodenlaw.com/truck-accident-lawyers/port-freight-truck-accident/,0,3,0.00,6.3
https://rodenlaw.com/blog/when-should-you-hire-an-attorney-after-being-in-an-accident/,1,2,50.00,5.5
https://rodenlaw.com/case-result/162500-settlement-truck-accidents/,1,2,50.00,4.5
https://rodenlaw.com/a-cyclists-guide-after-a-ravenel-bridge-accident/,0,2,0.00,8.0
https://rodenlaw.com/blog/animal-accident-insurance-coverage/#ga-sc-laws,0,2,0.00,5.5
https://rodenlaw.com/blog/animal-accident-insurance-coverage/#insurance-coverage,0,2,0.00,5.5
https://rodenlaw.com/blog/blind-spot-accidents/#who-is-at-risk,0,2,0.00,9.5
https://rodenlaw.com/blog/can-someone-sue-me-for-a-car-accident/#comparative-fault,0,2,0.00,10.5
https://rodenlaw.com/blog/can-someone-sue-me-for-a-car-accident/#fault-determination,0,2,0.00,10.5
https://rodenlaw.com/blog/can-someone-sue-me-for-a-car-accident/#short-answer,0,2,0.00,10.5
https://rodenlaw.com/blog/can-someone-sue-me-for-a-car-accident/#statute-of-limitations,0,2,0.00,10.5
https://rodenlaw.com/blog/can-someone-sue-me-for-a-car-accident/#types-of-damages,0,2,0.00,10.5
https://rodenlaw.com/blog/can-someone-sue-me-for-a-car-accident/#when-insurance-covers,0,2,0.00,10.5
https://rodenlaw.com/blog/can-someone-sue-me-for-a-car-accident/#when-personal-assets,0,2,0.00,10.5
https://rodenlaw.com/blog/car-accident-claim-evidence/,0,2,0.00,43.5
https://rodenlaw.com/blog/category/car-accident/page/3/,0,2,0.00,6.0
https://rodenlaw.com/blog/category/car-accident/page/9/,0,2,0.00,4.5
https://rodenlaw.com/blog/category/personal-injury/page/3/,0,2,0.00,8.0
https://rodenlaw.com/blog/category/personal-injury/page/7/,0,2,0.00,6.5
https://rodenlaw.com/blog/category/workers-compensation/page/3/,0,2,0.00,3.5
https://rodenlaw.com/blog/contingency-fee-system/#case-expenses,0,2,0.00,9.5
https://rodenlaw.com/blog/continuing-post-accident-medical-treatment/#insurance-companies-treatment-gaps,0,2,0.00,7.5
https://rodenlaw.com/blog/drunk-pedestrian-injury-claims/#driver-duties,0,2,0.00,1.5
https://rodenlaw.com/blog/filing-a-claim-for-an-injured-minor/#parent-claims-vs-child-claims,0,2,0.00,5.0
https://rodenlaw.com/blog/is-there-a-limit-for-medical-negligence-claims/#statute-of-limitations,0,2,0.00,5.5
https://rodenlaw.com/blog/is-there-a-limit-for-medical-negligence-claims/#types-of-damages,0,2,0.00,5.5
https://rodenlaw.com/blog/lane-change-accident-liability/,0,2,0.00,14.5
https://rodenlaw.com/blog/page/19/,0,2,0.00,2.0
https://rodenlaw.com/blog/what-to-do-when-you-are-in-a-car-accident/#after-leaving,0,2,0.00,8.0
https://rodenlaw.com/blog/what-to-do-when-you-are-in-a-car-accident/#mistakes-to-avoid,0,2,0.00,8.0
https://rodenlaw.com/blog/what-to-do-when-you-are-in-a-car-accident/#south-carolina-specific,0,2,0.00,8.0
https://rodenlaw.com/blog/what-to-do-when-you-are-in-a-car-accident/#why-checklist-matters,0,2,0.00,8.0
https://rodenlaw.com/blog/why-is-having-a-personal-injury-lawyer-important/,0,2,0.00,8.0
https://rodenlaw.com/can-a-witness-be-forced-to-testify-for-a-savannah-car-crash-case/,0,2,0.00,1.0
https://rodenlaw.com/car-accident-lawyers/hit-and-run-accident/,0,2,0.00,11.0
https://rodenlaw.com/case-result/103000-recovery-workers-compensation/,0,2,0.00,4.5
https://rodenlaw.com/case-result/125000-settlement-auto-accident/,0,2,0.00,10.0
https://rodenlaw.com/case-result/162500-settlement-premises-liability/,0,2,0.00,8.0
https://rodenlaw.com/case-result/200000-settlement-auto-accident-2/,0,2,0.00,11.0
https://rodenlaw.com/case-result/300000-settlement-workers-compensation/,0,2,0.00,7.5
https://rodenlaw.com/case-result/496000-settlement-truck-accidents/,0,2,0.00,10.0
https://rodenlaw.com/case-result/600000-settlement-truck-accidents/,0,2,0.00,4.0
https://rodenlaw.com/case-results/100000-settlement-auto-accident-7/,0,2,0.00,10.5
https://rodenlaw.com/case-results/1000000-recovery-auto-accident/,0,2,0.00,79.5
https://rodenlaw.com/case-results/130000-recovery-animal-attack/,0,2,0.00,76.0
https://rodenlaw.com/case-results/135000-recovery-auto-accident/,0,2,0.00,11.0
https://rodenlaw.com/case-results/180000-settlement-truck-accident/,0,2,0.00,71.5
https://rodenlaw.com/case-results/200000-resolution-auto-accident/,0,2,0.00,6.5
https://rodenlaw.com/case-results/200000-settlement-premises-liability/,0,2,0.00,9.0
https://rodenlaw.com/case-results/205000-settlement-auto-accident/,0,2,0.00,8.5
https://rodenlaw.com/case-results/225000-resolution-auto-accident/,0,2,0.00,15.0
https://rodenlaw.com/case-results/250000-settlement-auto-accident-2/,0,2,0.00,8.5
https://rodenlaw.com/case-results/300000-recovery-truck-accident/,0,2,0.00,12.0
https://rodenlaw.com/case-results/3000000-settlement-auto-accident/,0,2,0.00,48.5
https://rodenlaw.com/case-results/500000-resolution-workers-compensation/,0,2,0.00,81.0
https://rodenlaw.com/case-results/565000-settlement-truck-accident/,0,2,0.00,4.0
https://rodenlaw.com/case-results/575000-settlement-truck-accident/,0,2,0.00,2.5
https://rodenlaw.com/case-results/600000-recovery-truck-accident/,0,2,0.00,6.5
https://rodenlaw.com/case-results/750000-recovery-truck-accident-2/,0,2,0.00,10.0
https://rodenlaw.com/case-results/900000-settlement-truck-accident/,0,2,0.00,3.0
https://rodenlaw.com/category/medical-bill-recovery/,0,2,0.00,5.5
https://rodenlaw.com/locations/south-carolina/charleston/summerville/historic-district/,0,2,0.00,6.0
https://rodenlaw.com/practice-area/3536/,0,2,0.00,4.5
https://rodenlaw.com/practice-areas/charleston/brain-injury-lawyers/,0,2,0.00,2.0
https://rodenlaw.com/practice-areas/dog-bite-lawyers/darien-ga/,0,2,0.00,8.5
https://rodenlaw.com/practice-areas/nursing-home-abuse-lawyers/darien-ga/,0,2,0.00,40.0
https://rodenlaw.com/staff/amsi-raudales/,0,2,0.00,5.0
https://rodenlaw.com/testimonial/kmarieee-_/,0,2,0.00,9.5
https://rodenlaw.com/testimonials/byshiba-moon/,0,2,0.00,1.5
https://rodenlaw.com/who-we-are/attorneys/joshua-dorminy/,0,2,0.00,2.0
https://rodenlaw.com/case-result/325000-resolution-auto-accident/,1,1,100.00,8.0
https://rodenlaw.com/blog/category/car-accident/page/14/,0,1,0.00,146.0
https://rodenlaw.com/blog/category/car-accident/page/7/,0,1,0.00,19.0
https://rodenlaw.com/blog/category/truck-accidents/,0,1,0.00,3.0
https://rodenlaw.com/blog/columbia-dangerous-intersections-roads/#common-crash-causes,0,1,0.00,6.0
https://rodenlaw.com/blog/columbia-dangerous-intersections-roads/#dangerous-highways,0,1,0.00,6.0
https://rodenlaw.com/blog/columbia-dangerous-intersections-roads/#most-dangerous-intersections,0,1,0.00,6.0
https://rodenlaw.com/blog/columbia-dangerous-intersections-roads/#south-carolina-laws,0,1,0.00,6.0
https://rodenlaw.com/blog/columbia-dangerous-intersections-roads/#why-columbia-dangerous,0,1,0.00,6.0
https://rodenlaw.com/blog/contingency-fee-system/#no-upfront-costs,0,1,0.00,9.0
https://rodenlaw.com/blog/continuing-post-accident-medical-treatment/#consistent-treatment-builds-case,0,1,0.00,4.0
https://rodenlaw.com/blog/continuing-post-accident-medical-treatment/#gaps-hurt-claim,0,1,0.00,11.0
https://rodenlaw.com/blog/continuing-post-accident-medical-treatment/#maximum-medical-improvement,0,1,0.00,4.0
https://rodenlaw.com/blog/demand-letters-in-personal-injury-cases/#after-sending,0,1,0.00,5.0
https://rodenlaw.com/blog/demand-letters-in-personal-injury-cases/#ga-vs-sc-comparison,0,1,0.00,5.0
https://rodenlaw.com/blog/demand-letters-in-personal-injury-cases/#timing,0,1,0.00,5.0
https://rodenlaw.com/blog/diminished-value-claims-after-car-accident/#georgia-vs-south-carolina,0,1,0.00,6.0
https://rodenlaw.com/blog/drunk-pedestrian-injury-claims/#comparative-fault-rules,0,1,0.00,1.0
https://rodenlaw.com/blog/drunk-pedestrian-injury-claims/#how-intoxication-affects-claims,0,1,0.00,2.0
https://rodenlaw.com/blog/drunk-pedestrian-injury-claims/#south-carolina-pedestrian-laws,0,1,0.00,1.0
https://rodenlaw.com/blog/expert-witness-testimony/,0,1,0.00,21.0
https://rodenlaw.com/blog/filing-a-claim-for-an-injured-minor/#common-child-injuries,0,1,0.00,12.0
https://rodenlaw.com/blog/first-steps-in-a-medical-malpractice-case/#common-types,0,1,0.00,10.0
https://rodenlaw.com/blog/first-steps-in-a-medical-malpractice-case/#proving-your-case,0,1,0.00,10.0
https://rodenlaw.com/blog/how-long-can-a-person-stay-on-workers-compensation/#extending-benefits,0,1,0.00,8.0
https://rodenlaw.com/blog/how-long-can-a-person-stay-on-workers-compensation/#transitioning-to-ssdi,0,1,0.00,8.0
https://rodenlaw.com/blog/legal-options-after-rideshare-crash-in-charleston/,0,1,0.00,11.0
https://rodenlaw.com/blog/medical-malpractice-limits-georgia/#statute-of-limitations,0,1,0.00,4.0
https://rodenlaw.com/blog/medical-malpractice-limits-georgia/#types-of-damages,0,1,0.00,4.0
https://rodenlaw.com/blog/page/29/,0,1,0.00,5.0
https://rodenlaw.com/blog/page/37/,0,1,0.00,3.0
https://rodenlaw.com/blog/switching-lawyers-during-a-case/#ga-vs-sc-comparison,0,1,0.00,3.0
https://rodenlaw.com/blog/switching-lawyers-during-a-case/#how-to-switch-step-by-step,0,1,0.00,3.0
https://rodenlaw.com/blog/switching-lawyers-during-a-case/#south-carolina-rules,0,1,0.00,3.0
https://rodenlaw.com/blog/switching-lawyers-during-a-case/#warning-signs,0,1,0.00,3.0
https://rodenlaw.com/blog/why-is-workers-compensation-so-important-to-have/,0,1,0.00,8.0
https://rodenlaw.com/blog/witness-testimony/,0,1,0.00,10.0
https://rodenlaw.com/blog/workers-compensation-benefit-types/,0,1,0.00,2.0
https://rodenlaw.com/car-accident-lawyers/rivers-avenue-accident/,0,1,0.00,8.0
https://rodenlaw.com/case-result/100000-settlement-auto-accident-5/,0,1,0.00,9.0
https://rodenlaw.com/case-result/1000000-settlement-auto-accident/,0,1,0.00,1.0
https://rodenlaw.com/case-result/130000-settlement-auto-accident/,0,1,0.00,6.0
https://rodenlaw.com/case-result/130000-settlement-workers-compensation/,0,1,0.00,1.0
https://rodenlaw.com/case-result/1300000-settlement-auto-accident/,0,1,0.00,19.0
https://rodenlaw.com/case-result/150000-recovery-truck-accident/,0,1,0.00,93.0
https://rodenlaw.com/case-result/150000-settlement-auto-accident-2/,0,1,0.00,10.0
https://rodenlaw.com/case-result/150000-settlement-auto-accident-4/,0,1,0.00,8.0
https://rodenlaw.com/case-result/155000-settlement-auto-accident/,0,1,0.00,1.0
https://rodenlaw.com/case-result/160000-settlement-workers-compensation/,0,1,0.00,178.0
https://rodenlaw.com/case-result/172000-settlement-workers-compensation/,0,1,0.00,186.0
https://rodenlaw.com/case-result/275000-settlement-auto-accident-2/,0,1,0.00,17.0
https://rodenlaw.com/case-result/300000-settlement-auto-accident-3/,0,1,0.00,4.0
https://rodenlaw.com/case-result/300000-settlement-auto-accident-4/,0,1,0.00,9.0
https://rodenlaw.com/case-result/318000-settlement-truck-accident/,0,1,0.00,8.0
https://rodenlaw.com/case-result/3350000-verdict-premises-liability/,0,1,0.00,9.0
https://rodenlaw.com/case-result/500000-recovery-truck-accidents/,0,1,0.00,6.0
https://rodenlaw.com/case-result/500000-workers-comp-resolution-workers-compensation/,0,1,0.00,9.0
https://rodenlaw.com/case-result/900000-settlement-workers-compensation/,0,1,0.00,1.0
https://rodenlaw.com/case-results/100000-settlement-auto-accident-3/,0,1,0.00,3.0
https://rodenlaw.com/case-results/103000-recovery-workers-compensation/,0,1,0.00,6.0
https://rodenlaw.com/case-results/120000-settlement-truck-accident/,0,1,0.00,4.0
https://rodenlaw.com/case-results/125000-settlement-auto-accident-2/,0,1,0.00,10.0
https://rodenlaw.com/case-results/135000-resolution-workers-compensation/,0,1,0.00,153.0
https://rodenlaw.com/case-results/150000-recovery-premises-liability/,0,1,0.00,4.0
https://rodenlaw.com/case-results/160000-settlement-workers-compensation/,0,1,0.00,7.0
https://rodenlaw.com/case-results/200000-recovery-workers-compensation/,0,1,0.00,7.0
https://rodenlaw.com/case-results/210000-settlement-auto-accident/,0,1,0.00,4.0
https://rodenlaw.com/case-results/225000-recovery-auto-accident/,0,1,0.00,5.0
https://rodenlaw.com/case-results/300000-settlement-auto-accident-2/,0,1,0.00,8.0
https://rodenlaw.com/case-results/320000-recovery-workers-compensation/,0,1,0.00,7.0
https://rodenlaw.com/case-results/525000-settlement-truck-accident/,0,1,0.00,1.0
https://rodenlaw.com/case-results/900000-settlement-workers-compensation/,0,1,0.00,4.0
https://rodenlaw.com/case-results/950000-recovery-truck-accident/,0,1,0.00,15.0
https://rodenlaw.com/category/charleston/,0,1,0.00,6.0
https://rodenlaw.com/category/legal-guidance/,0,1,0.00,8.0
https://rodenlaw.com/category/truck-accidents/,0,1,0.00,81.0
https://rodenlaw.com/locations/south-carolina/charleston/north-charleston/oak-terrace-preserve/,0,1,0.00,5.0
https://rodenlaw.com/practice-areas/charleston/car-accident-lawyers/,0,1,0.00,51.0
https://rodenlaw.com/practice-areas/columbia/,0,1,0.00,8.0
https://rodenlaw.com/practice-areas/savannah/nursing-home-abuse-lawyers/,0,1,0.00,1.0
https://rodenlaw.com/test/,0,1,0.00,8.0
https://rodenlaw.com/testimonial/anthony-b/,0,1,0.00,1.0
https://rodenlaw.com/wp-content/uploads/2024/03/RODEN-LAW_liability-four-way-stop-crash_social-1024x538.jpg,0,1,0.00,7.0
https://rodenlaw.com/wp-content/uploads/2025/05/roden-law-nerve-damage-FB-1024x538.webp,0,1,0.00,13.0
https://rodenlaw.com/wp-content/uploads/assets/media/images/doctor-burn-injury-Social.jpg,0,1,0.00,24.0
