keys,clicks,impressions,ctr,position
https://rodenlaw.com/,500,127469,0.39,5.4
https://rodenlaw.com/car-accident-lawyers/savannah-ga/,1,48332,0.00,23.2
https://rodenlaw.com/car-accident-lawyers/charleston-sc/,3,45178,0.01,23.9
https://rodenlaw.com/locations/south-carolina/charleston/?ref=gmb_chs,37,41279,0.09,2.0
https://rodenlaw.com/resources/south-carolina-car-seat-laws/,197,33488,0.59,7.8
https://rodenlaw.com/practice-areas/pedestrian-accident-lawyers/,0,24773,0.00,44.5
https://rodenlaw.com/medical-malpractice-lawyers/savannah-ga/,4,24648,0.02,17.8
https://rodenlaw.com/car-accident-lawyers/columbia-sc/,5,24267,0.02,16.4
https://rodenlaw.com/truck-accident-lawyers/charleston-sc/,0,23892,0.00,14.8
https://rodenlaw.com/personal-injury-lawyers/charleston-sc/,3,22323,0.01,24.0
https://rodenlaw.com/workers-compensation-lawyers/charleston-sc/,1,20219,0.00,18.5
https://rodenlaw.com/practice-areas/truck-accident-lawyers/,0,20020,0.00,54.9
https://rodenlaw.com/practice-areas/workers-compensation-lawyers/savannah-ga/,1,18984,0.01,11.4
https://rodenlaw.com/locations/south-carolina/columbia/,7,18323,0.04,29.1
https://rodenlaw.com/practice-areas/premises-liability-lawyers/,0,18137,0.00,63.6
https://rodenlaw.com/blog/fault-vs-no-fault-car-insurance/,17,17362,0.10,19.7
https://rodenlaw.com/blog/myrtle-beach-dangerous-roads-intersections/,49,15755,0.31,8.0
https://rodenlaw.com/workers-compensation-lawyers/savannah-ga/,2,14813,0.01,10.4
https://rodenlaw.com/blog/diminished-value-claims-after-car-accident/,23,12926,0.18,31.6
https://rodenlaw.com/blog/advantages-of-a-medical-malpractice-attorney/,1,12831,0.01,79.9
https://rodenlaw.com/practice-areas/motorcycle-accident-lawyers/,1,12601,0.01,49.0
https://rodenlaw.com/motorcycle-accident-lawyers/charleston-sc/,0,12452,0.00,18.5
https://rodenlaw.com/dog-bite-lawyers/charleston-sc/,1,11774,0.01,19.4
https://rodenlaw.com/locations/georgia/savannah/,6,11738,0.05,32.9
https://rodenlaw.com/locations/georgia/savannah/?ref=gmb_sav,32,11467,0.28,6.1
https://rodenlaw.com/product-liability-lawyers/columbia-sc/,2,10504,0.02,24.9
https://rodenlaw.com/boating-accident-lawyers/columbia-sc/,0,10474,0.00,25.7
https://rodenlaw.com/medical-malpractice-lawyers/charleston-sc/,6,10320,0.06,27.0
https://rodenlaw.com/practice-areas/burn-injury-lawyers/,0,10099,0.00,39.0
https://rodenlaw.com/blog/rollover-crashes-and-what-they-do-to-your-body/,13,9644,0.13,34.3
https://rodenlaw.com/locations/south-carolina/myrtle-beach/,0,9636,0.00,47.0
https://rodenlaw.com/slip-and-fall-lawyers/savannah-ga/,1,9168,0.01,18.0
https://rodenlaw.com/wrongful-death-lawyers/charleston-sc/,0,8885,0.00,17.7
https://rodenlaw.com/practice-areas/maritime-injury-lawyers/,2,8649,0.02,43.7
https://rodenlaw.com/blog/compensatory-damages-vs-punitive-damages/,10,8613,0.12,19.8
https://rodenlaw.com/pedestrian-accident-lawyers/charleston-sc/,0,8440,0.00,14.2
https://rodenlaw.com/workers-compensation-lawyers/myrtle-beach-sc/,3,8385,0.04,15.1
https://rodenlaw.com/blog/calculating-compensation-for-whiplash-injuries/,5,8295,0.06,16.7
https://rodenlaw.com/truck-accident-lawyers/savannah-ga/,1,8060,0.01,16.2
https://rodenlaw.com/blog/what-to-do-after-car-accident-south-carolina/,20,7784,0.26,13.7
https://rodenlaw.com/car-accident-lawyers/darien-ga/,3,7644,0.04,51.4
https://rodenlaw.com/blog/average-personal-injury-settlement-amounts/,42,6880,0.61,14.9
https://rodenlaw.com/blog/can-someone-sue-me-for-a-car-accident/,10,6368,0.16,14.6
https://rodenlaw.com/blog/medical-malpractice-limits-south-carolina/,96,6180,1.55,12.2
https://rodenlaw.com/es/practice-areas/truck-accident-lawyers/,0,6100,0.00,24.1
https://rodenlaw.com/blog/demand-letters-in-personal-injury-cases/,4,6099,0.07,40.4
https://rodenlaw.com/blog/fault-vs-no-fault-car-insurance/#fault-vs-no-fault,1,5857,0.02,5.7
https://rodenlaw.com/product-liability-lawyers/charleston-sc/,1,5805,0.02,13.6
https://rodenlaw.com/blog/georgia-super-speeder-law/,4,5594,0.07,31.3
https://rodenlaw.com/class-action-lawyers/stryker-hip-replacement/,4,5594,0.07,24.6
https://rodenlaw.com/practice-areas/bicycle-accident-lawyers/,0,5509,0.00,49.3
https://rodenlaw.com/blog/blunt-force-trauma-from-a-crash-what-you-need-to-know/,6,5477,0.11,23.9
https://rodenlaw.com/practice-areas/bicycle-accident-lawyers/charleston-sc/,0,5449,0.00,14.2
https://rodenlaw.com/blog/south-carolina-statute-of-limitations-personal-injury/,48,5441,0.88,11.5
https://rodenlaw.com/es/car-accident-lawyers/north-charleston-sc/,1,5426,0.02,19.8
https://rodenlaw.com/blog/fault-vs-no-fault-car-insurance/#georgia-fault-system,0,5422,0.00,5.7
https://rodenlaw.com/blog/what-to-do-after-car-accident-georgia/,15,5414,0.28,20.0
https://rodenlaw.com/practice-areas/product-liability-lawyers/,0,5269,0.00,73.4
https://rodenlaw.com/practice-areas/savannah/car-accident-lawyers/pedestrian-accidents/,0,5179,0.00,18.4
https://rodenlaw.com/blog/georgia-pedestrian-right-of-way-laws/,10,5152,0.19,8.0
https://rodenlaw.com/blog/value-of-pain-and-suffering/,3,5118,0.06,22.4
https://rodenlaw.com/blog/claims-for-lost-wages/,1,5097,0.02,19.0
https://rodenlaw.com/blog/can-an-insurance-company-go-against-a-police-report/,17,5095,0.33,10.1
https://rodenlaw.com/locations/south-carolina/myrtle-beach/?utm_campaign=gmb_mb,2,4889,0.04,3.4
https://rodenlaw.com/dog-bite-lawyers/savannah-ga/,1,4873,0.02,11.7
https://rodenlaw.com/construction-accident-lawyers/savannah-ga/,0,4793,0.00,10.1
https://rodenlaw.com/resources/south-carolina-workers-comp-body-part-values/,56,4524,1.24,9.1
https://rodenlaw.com/blog/south-carolina-pedestrian-right-of-way-laws/,22,4491,0.49,9.1
https://rodenlaw.com/blog/fault-vs-no-fault-car-insurance/#how-no-fault-states-work,0,4460,0.00,5.8
https://rodenlaw.com/south-carolina-motorcycle-accident-lawyer/,2,4258,0.05,17.9
https://rodenlaw.com/practice-areas/boating-accident-lawyers/,1,4244,0.02,86.0
https://rodenlaw.com/product-liability-lawyers/savannah-ga/,0,4201,0.00,14.2
https://rodenlaw.com/locations/south-carolina/north-charleston/,5,4091,0.12,14.0
https://rodenlaw.com/blog/independent-medical-exams/,22,4089,0.54,16.4
https://rodenlaw.com/maritime-injury-lawyers/longshore-harbor-worker/,0,4057,0.00,33.5
https://rodenlaw.com/blog/what-to-do-when-you-are-in-a-car-accident/,1,4001,0.02,46.3
https://rodenlaw.com/blog/fault-vs-no-fault-car-insurance/#how-fault-states-work,1,3988,0.03,5.8
https://rodenlaw.com/blog/rear-end-accident-injuries/,19,3915,0.49,23.3
https://rodenlaw.com/slip-and-fall-lawyers/charleston-sc/,0,3908,0.00,31.0
https://rodenlaw.com/blog/fault-vs-no-fault-car-insurance/#key-differences,0,3872,0.00,5.9
https://rodenlaw.com/blog/fault-vs-no-fault-car-insurance/#south-carolina-fault-system,0,3872,0.00,5.9
https://rodenlaw.com/blog/fault-vs-no-fault-car-insurance/#comparative-fault-rules,0,3871,0.00,5.9
https://rodenlaw.com/attorneys/,93,3839,2.42,15.3
https://rodenlaw.com/practice-areas/nursing-home-abuse-lawyers/,0,3780,0.00,80.8
https://rodenlaw.com/premises-liability-lawyers/savannah-ga/,1,3774,0.03,11.5
https://rodenlaw.com/blog/medical-malpractice-limits-georgia/,14,3751,0.37,15.2
https://rodenlaw.com/nursing-home-abuse-lawyers/savannah-ga/,1,3706,0.03,15.3
https://rodenlaw.com/resources/i-95-widening-construction-zone-ga-sc/,34,3705,0.92,8.7
https://rodenlaw.com/practice-areas/spinal-cord-injury-lawyers/charleston-sc/,0,3680,0.00,15.9
https://rodenlaw.com/brain-injury-lawyers/savannah-ga/,0,3660,0.00,18.4
https://rodenlaw.com/locations/south-carolina/charleston/,4,3622,0.11,37.7
https://rodenlaw.com/blog/how-car-insurers-use-private-investigators/,17,3597,0.47,12.6
https://rodenlaw.com/blog/insurance-company-ignoring-demand-letter/,49,3477,1.41,18.3
https://rodenlaw.com/blog/compensatory-damages-vs-punitive-damages/#key-differences,0,3467,0.00,5.5
https://rodenlaw.com/blog/compensatory-damages-vs-punitive-damages/#punitive-damages-caps,0,3462,0.00,5.5
https://rodenlaw.com/blog/georgia-statute-of-limitations/,4,3339,0.12,21.8
https://rodenlaw.com/blog/switching-lawyers-during-a-case/,15,3270,0.46,12.0
https://rodenlaw.com/locations/georgia/darien/,2,3192,0.06,16.2
https://rodenlaw.com/class-action-lawyers/troubled-teen-industry-abuse/,14,3124,0.45,16.8
https://rodenlaw.com/resources/south-carolina-car-accident-settlement-value/,37,3121,1.19,15.0
https://rodenlaw.com/blog/how-long-can-a-person-stay-on-workers-compensation/,12,3110,0.39,12.4
https://rodenlaw.com/blog/what-happens-if-i-resign-while-on-workers-compensation/,29,3035,0.96,10.8
https://rodenlaw.com/blog/when-does-a-sprained-ankle-become-a-work-injury/,14,2913,0.48,11.4
https://rodenlaw.com/motorcycle-accident-lawyers/myrtle-beach-sc/,0,2891,0.00,27.3
https://rodenlaw.com/practice-areas/charleston/nursing-home-abuse-attorneys/,0,2882,0.00,31.3
https://rodenlaw.com/premises-liability-lawyers/north-charleston-sc/,0,2803,0.00,37.7
https://rodenlaw.com/construction-accident-lawyers/charleston-sc/,0,2752,0.00,19.2
https://rodenlaw.com/blog/does-workers-compensation-cover-prescriptions/,5,2681,0.19,31.9
https://rodenlaw.com/blog/settle-workers-comp-case/,2,2681,0.07,47.7
https://rodenlaw.com/blog/gym-injury-liability/,21,2676,0.78,14.0
https://rodenlaw.com/blog/letters-of-protection-for-injury-victims/,6,2653,0.23,44.8
https://rodenlaw.com/about/,10,2617,0.38,8.3
https://rodenlaw.com/electric-scooter-accident-lawyers/escooter-vehicle-collision/,5,2613,0.19,31.6
https://rodenlaw.com/blog/how-much-is-my-car-accident-claim-worth/,3,2574,0.12,34.2
https://rodenlaw.com/blog/liability-for-epilepsy-related-car-accidents/,27,2572,1.05,9.8
https://rodenlaw.com/contact/,12,2572,0.47,11.5
https://rodenlaw.com/blog/are-red-light-runners-always-liable-if-they-crash/,9,2490,0.36,12.5
https://rodenlaw.com/resources/georgia-statute-of-limitations/,4,2469,0.16,11.0
https://rodenlaw.com/construction-accident-lawyers/columbia-sc/,0,2448,0.00,8.4
https://rodenlaw.com/blog/ptsd-after-car-accident-compensation/,6,2416,0.25,28.5
https://rodenlaw.com/blog/uturn-crash-liability-in-charleston/,12,2393,0.50,9.3
https://rodenlaw.com/locations/south-carolina/myrtle-beach/?ref=gmb_mb,0,2393,0.00,4.9
https://rodenlaw.com/spinal-cord-injury-lawyers/cauda-equina-syndrome/,2,2370,0.08,20.7
https://rodenlaw.com/blog/contingency-fee-system/,16,2366,0.68,11.9
https://rodenlaw.com/es/locations/south-carolina/charleston/,0,2307,0.00,21.5
https://rodenlaw.com/blog/using-uninsured-underinsured-motorist-coverage-in-georgia/,15,2300,0.65,18.0
https://rodenlaw.com/blog/is-workers-compensation-an-employee-benefit/,6,2256,0.27,34.7
https://rodenlaw.com/resources/blythewood-i-77-truck-accidents/,4,2221,0.18,11.1
https://rodenlaw.com/blog/answering-insurance-questions-after-crash/,22,2209,1.00,27.4
https://rodenlaw.com/blog/wearing-headphones-while-driving-in-charleston/,5,2208,0.23,7.7
https://rodenlaw.com/blog/animal-accident-insurance-coverage/,4,2183,0.18,26.3
https://rodenlaw.com/slip-and-fall-lawyers/myrtle-beach-sc/,0,2180,0.00,22.4
https://rodenlaw.com/burn-injury-lawyers/columbia-sc/,2,2178,0.09,8.1
https://rodenlaw.com/locations/south-carolina/columbia/blythewood/,0,2143,0.00,6.8
https://rodenlaw.com/blog/options-for-denied-injury-claims/,4,2134,0.19,15.7
https://rodenlaw.com/blog/supporting-a-whiplash-claim/,1,2133,0.05,48.7
https://rodenlaw.com/south-carolina-truck-accident-lawyers/,0,2121,0.00,50.0
https://rodenlaw.com/blog/dog-bite-laws-south-carolina-charleston/,23,2102,1.09,31.4
https://rodenlaw.com/practice-areas/brain-injury-lawyers/columbia-sc/,0,2073,0.00,11.9
https://rodenlaw.com/practice-areas/dog-bite-lawyers/dog-on-dog-attack/,17,2055,0.83,10.9
https://rodenlaw.com/locations/south-carolina/charleston/downtown-charleston/,7,2030,0.34,30.5
https://rodenlaw.com/blog/darien-brunswick-dangerous-roads-i95-us17/,7,2026,0.35,9.5
https://rodenlaw.com/medical-malpractice-lawyers/medication-error/,0,2020,0.00,62.2
https://rodenlaw.com/blog/accident-claims-with-an-expired-license/,6,2011,0.30,11.9
https://rodenlaw.com/attorneys/eric-roden/,97,1992,4.87,5.1
https://rodenlaw.com/blog/burn-injury-workers-compensation/,11,1985,0.55,16.9
https://rodenlaw.com/blog/traffic-tickets-and-car-accident-claims/,12,1984,0.60,15.2
https://rodenlaw.com/blog/charleston-medical-malpractice-hospital-claim-south-carolina/,3,1984,0.15,49.3
https://rodenlaw.com/pedestrian-accident-lawyers/columbia-sc/,0,1979,0.00,17.7
https://rodenlaw.com/practice-areas/premises-liability-lawyers/columbia-sc/,0,1963,0.00,9.3
https://rodenlaw.com/boating-accident-lawyers/charleston-sc/,0,1959,0.00,18.4
https://rodenlaw.com/pedestrian-accident-lawyers/myrtle-beach-sc/,0,1922,0.00,8.7
https://rodenlaw.com/blog/informed-consent/,11,1911,0.58,9.2
https://rodenlaw.com/blog/columbia-dangerous-intersections-roads/,16,1890,0.85,8.5
https://rodenlaw.com/blog/truck-accident-injuries/,0,1882,0.00,50.8
https://rodenlaw.com/blog/how-pain-and-suffering-is-calculated-after-an-accident-in-georgia/,7,1867,0.37,6.3
https://rodenlaw.com/practice-areas/dog-bite-lawyers/,0,1866,0.00,53.7
https://rodenlaw.com/car-accident-lawyers/company-car-accident/,0,1836,0.00,20.1
https://rodenlaw.com/locations/georgia/darien/brunswick/,8,1831,0.44,16.1
https://rodenlaw.com/blog/taxes-on-car-crash-settlement-in-georgia/,7,1827,0.38,10.5
https://rodenlaw.com/blog/hipaa-violation-lawyer/,33,1822,1.81,17.0
https://rodenlaw.com/blog/hipaa-violation-lawsuit-worth/,27,1783,1.51,8.3
https://rodenlaw.com/blog/much-worth-ga-worker-compared-states/,2,1765,0.11,34.3
https://rodenlaw.com/blog/truck-accident-reconstruction/,2,1765,0.11,41.3
https://rodenlaw.com/es/locations/south-carolina/myrtle-beach/,0,1756,0.00,12.5
https://rodenlaw.com/blog/charleston-parking-lot-parking-garage-accident/,1,1747,0.06,17.8
https://rodenlaw.com/blog/resolving-claims-through-arbitration/,6,1727,0.35,35.8
https://rodenlaw.com/practice-areas/,0,1718,0.00,4.9
https://rodenlaw.com/practice-areas/burn-injury-lawyers/chemical-burn-injury/,1,1711,0.06,18.5
https://rodenlaw.com/dog-bite-lawyers/myrtle-beach-sc/,1,1704,0.06,17.3
https://rodenlaw.com/blog/first-steps-in-a-medical-malpractice-case/,0,1699,0.00,59.6
https://rodenlaw.com/blog/ashley-phosphate-road-i-26-dangerous-intersection-charleston/,9,1695,0.53,8.1
https://rodenlaw.com/blog/liens-and-your-personal-injury-claims/,8,1682,0.48,46.0
https://rodenlaw.com/blog/liability-for-sudden-emergency-accidents/,24,1675,1.43,8.2
https://rodenlaw.com/blog/dangerous-tools-garage/,3,1674,0.18,10.4
https://rodenlaw.com/es/locations/south-carolina/columbia/,3,1672,0.18,30.0
https://rodenlaw.com/locations/south-carolina/north-charleston/goose-creek/,1,1672,0.06,27.1
https://rodenlaw.com/locations/,5,1651,0.30,5.8
https://rodenlaw.com/south-carolina-car-accident-lawyers/,0,1625,0.00,31.9
https://rodenlaw.com/maritime-injury-lawyers/savannah-ga/,1,1588,0.06,27.2
https://rodenlaw.com/locations/south-carolina/,6,1582,0.38,16.8
https://rodenlaw.com/locations/south-carolina/charleston/mount-pleasant/,0,1582,0.00,17.5
https://rodenlaw.com/resources/georgia-car-accident-settlement-value/,14,1570,0.89,13.2
https://rodenlaw.com/blog/commercial-truck-accidents-who-is-at-fault/,4,1567,0.26,12.5
https://rodenlaw.com/blog/negligence-vs-gross-negligence/,7,1562,0.45,12.2
https://rodenlaw.com/practice-areas/nursing-home-abuse-lawyers/financial-exploitation-seniors/,14,1544,0.91,12.5
https://rodenlaw.com/practice-areas/bicycle-accident-lawyers/columbia-sc/,0,1531,0.00,15.2
https://rodenlaw.com/es/car-accident-lawyers/myrtle-beach-sc/,0,1525,0.00,13.3
https://rodenlaw.com/blog/when-do-injury-claims-go-to-court/,6,1513,0.40,30.1
https://rodenlaw.com/blog/georgia-comparative-negligence-law/,0,1501,0.00,10.7
https://rodenlaw.com/motorcycle-accident-lawyers/savannah-ga/,0,1495,0.00,11.9
https://rodenlaw.com/blog/major-injuries-from-minor-car-accidents/,0,1483,0.00,39.3
https://rodenlaw.com/blog/savannah-dangerous-highways-i16-i95-abercorn/,13,1474,0.88,8.6
https://rodenlaw.com/class-action-lawyers/hair-relaxer-cancer-lawsuits/,6,1468,0.41,22.6
https://rodenlaw.com/burn-injury-lawyers/charleston-sc/,1,1456,0.07,13.9
https://rodenlaw.com/product-liability-lawyers/dangerous-pharmaceutical-drug/,8,1450,0.55,15.4
https://rodenlaw.com/practice-areas/premises-liability-lawyers/charleston-sc/,0,1443,0.00,16.9
https://rodenlaw.com/resources/georgia-vs-south-carolina-comparative-negligence/,1,1439,0.07,6.7
https://rodenlaw.com/bicycle-accident-lawyers/myrtle-beach-sc/,0,1429,0.00,10.4
https://rodenlaw.com/es/truck-accident-lawyers/charleston-sc/,0,1415,0.00,21.1
https://rodenlaw.com/blog/claims-against-at-fault-drivers-who-died/,6,1411,0.43,28.3
https://rodenlaw.com/blog/third-party-fault-for-work-injuries/,8,1407,0.57,16.8
https://rodenlaw.com/resources/dangerous-roads-north-charleston/,14,1402,1.00,6.9
https://rodenlaw.com/blog/maximum-medical-improvement-in-an-injury-claim/,9,1394,0.65,6.8
https://rodenlaw.com/blog/continuing-post-accident-medical-treatment/,5,1382,0.36,12.8
https://rodenlaw.com/blog/rear-end-collision-liability/,8,1372,0.58,29.1
https://rodenlaw.com/nursing-home-abuse-lawyers/columbia-sc/,0,1372,0.00,13.5
https://rodenlaw.com/blog/blind-spot-accidents/,3,1368,0.22,14.3
https://rodenlaw.com/medical-malpractice-lawyers/anesthesia-error/,0,1363,0.00,68.9
https://rodenlaw.com/workers-compensation-lawyers/denied-workers-comp-claim/,0,1362,0.00,56.2
https://rodenlaw.com/practice-areas/construction-accident-lawyers/,0,1355,0.00,74.0
https://rodenlaw.com/south-carolina-wrongful-death-lawyer/,0,1344,0.00,55.4
https://rodenlaw.com/practice-areas/nursing-home-abuse-lawyers/columbia-sc/,0,1341,0.00,17.9
https://rodenlaw.com/blog/options-for-recovering-more-than-policy-limits/,7,1328,0.53,14.4
https://rodenlaw.com/medical-malpractice-lawyers/darien-ga/,1,1323,0.08,14.2
https://rodenlaw.com/resources/how-much-does-south-carolina-workers-comp-pay/,5,1320,0.38,9.1
https://rodenlaw.com/motorcycle-accident-lawyers/columbia-sc/,0,1310,0.00,20.5
https://rodenlaw.com/locations/georgia/savannah/downtown-savannah/,5,1302,0.38,36.1
https://rodenlaw.com/nursing-home-abuse-lawyers/nursing-home-neglect/,0,1302,0.00,24.2
https://rodenlaw.com/blog/dangerous-savannah-intersections/,10,1291,0.77,17.7
https://rodenlaw.com/electric-scooter-accident-lawyers/escooter-pedestrian-accident/,1,1286,0.08,20.2
https://rodenlaw.com/truck-accident-lawyers/columbia-sc/,0,1286,0.00,21.8
https://rodenlaw.com/locations/south-carolina/myrtle-beach/murrells-inlet/,1,1264,0.08,15.5
https://rodenlaw.com/pedestrian-accident-lawyers/savannah-ga/,0,1262,0.00,22.0
https://rodenlaw.com/premises-liability-lawyers/inadequate-security/,0,1258,0.00,15.0
https://rodenlaw.com/practice-areas/personal-injury-lawyers/,0,1232,0.00,49.3
https://rodenlaw.com/resources/south-carolina-um-uim-stacking/,32,1229,2.60,6.7
https://rodenlaw.com/blog/why-wont-a-personal-lawyer-take-my-case/,4,1218,0.33,10.9
https://rodenlaw.com/blog/how-long-personal-injury-case-charleston-sc/,4,1212,0.33,15.8
https://rodenlaw.com/blog/compensatory-damages-vs-punitive-damages/#what-are-punitive-damages,0,1208,0.00,5.7
https://rodenlaw.com/dog-bite-lawyers/columbia-sc/,0,1206,0.00,15.6
https://rodenlaw.com/practice-areas/medical-malpractice-lawyers/,5,1193,0.42,69.9
https://rodenlaw.com/blog/folly-road-car-accidents-james-island-charleston/,6,1184,0.51,9.0
https://rodenlaw.com/blog/driving-record-and-injury-claim/,7,1161,0.60,19.2
https://rodenlaw.com/es/practice-areas/car-accident-lawyers/,0,1159,0.00,25.5
https://rodenlaw.com/golf-cart-accident-lawyers/golf-cart-dui/,1,1158,0.09,23.1
https://rodenlaw.com/truck-accident-lawyers/underride-override-accident/,0,1156,0.00,26.6
https://rodenlaw.com/es/truck-accident-lawyers/myrtle-beach-sc/,0,1151,0.00,12.6
https://rodenlaw.com/burn-injury-lawyers/savannah-ga/,0,1149,0.00,18.1
https://rodenlaw.com/nursing-home-abuse-lawyers/myrtle-beach-sc/,1,1139,0.09,18.0
https://rodenlaw.com/practice-areas/motorcycle-accident-lawyers/myrtle-beach-sc/,0,1131,0.00,18.5
https://rodenlaw.com/premises-liability-lawyers/swimming-pool-accident/,0,1126,0.00,22.8
https://rodenlaw.com/spinal-cord-injury-lawyers/columbia-sc/,0,1124,0.00,13.7
https://rodenlaw.com/blog/compensatory-damages-vs-punitive-damages/#what-are-compensatory-damages,0,1115,0.00,5.6
https://rodenlaw.com/blog/steps-after-hit-and-run-accident/,2,1102,0.18,49.1
https://rodenlaw.com/blog/personal-injury-claim-charleston-berkeley-dorchester-county/,7,1100,0.64,13.3
https://rodenlaw.com/premises-liability-lawyers/myrtle-beach-sc/,0,1100,0.00,6.8
https://rodenlaw.com/practice-areas/medical-malpractice-lawyers/misdiagnosis-delayed-diagnosis/,1,1099,0.09,39.2
https://rodenlaw.com/locations/georgia/darien/st-simons-island/,1,1097,0.09,10.1
https://rodenlaw.com/atv-side-by-side-accident-lawyers/side-by-side-utv-accident/,1,1096,0.09,11.1
https://rodenlaw.com/product-liability-lawyers/defective-medical-device/,1,1093,0.09,48.9
https://rodenlaw.com/pedestrian-accident-lawyers/backing-up-parking-lot-accident/,2,1090,0.18,10.5
https://rodenlaw.com/bicycle-accident-lawyers/savannah-ga/,0,1089,0.00,14.1
https://rodenlaw.com/blog/us-17-i-95-darien-wrongful-death-mcintosh-county/,17,1080,1.57,9.8
https://rodenlaw.com/blog/uturn-crash-liability-in-charleston/#right,1,1071,0.09,8.1
https://rodenlaw.com/locations/south-carolina/north-charleston/?ref=gmb_nchs,2,1057,0.19,5.7
https://rodenlaw.com/blog/filing-a-claim-for-an-injured-minor/,11,1056,1.04,22.3
https://rodenlaw.com/blog/workers-comp-medical-coverage/,2,1055,0.19,19.9
https://rodenlaw.com/class-action-lawyers/truvada/,4,1053,0.38,24.1
https://rodenlaw.com/case-results/,1,1052,0.10,6.7
https://rodenlaw.com/blog/workers-comp-for-carpal-tunnel-syndrome/,7,1042,0.67,35.2
https://rodenlaw.com/blog/litchfield-beach-pawleys-island-us-17-car-accident-georgetown-county/,17,1041,1.63,7.6
https://rodenlaw.com/blog/car-insurance-add-ons/,0,1039,0.00,29.7
https://rodenlaw.com/personal-injury-lawyers/columbia-sc/,0,1035,0.00,41.7
https://rodenlaw.com/blog/liability-for-accidents-with-borrowed-vehicles/,2,1030,0.19,68.5
https://rodenlaw.com/es/practice-areas/motorcycle-accident-lawyers/,0,1028,0.00,21.2
https://rodenlaw.com/blog/four-common-construction-accidents/,0,1022,0.00,76.5
https://rodenlaw.com/blog/financial-abuse-at-nursing-homes/,6,1016,0.59,10.8
https://rodenlaw.com/blog/qualifications-for-car-accident-witnesses/,9,1012,0.89,15.4
https://rodenlaw.com/blog/uturn-crash-liability-in-charleston/#common,0,1000,0.00,8.1
https://rodenlaw.com/florence-sc-workers-compensation-lawyer/,1,996,0.10,13.5
https://rodenlaw.com/locations/georgia/darien/woodbine/,1,994,0.10,9.8
https://rodenlaw.com/blog/uturn-crash-liability-in-charleston/#share,0,984,0.00,8.1
https://rodenlaw.com/blog/what-if-i-suspect-medical-malpractice/,4,983,0.41,33.5
https://rodenlaw.com/golf-cart-accident-lawyers/golf-course-cart-accident/,3,976,0.31,59.6
https://rodenlaw.com/blog/uturn-crash-liability-in-charleston/#crashes,0,965,0.00,8.1
https://rodenlaw.com/blog/lower-king-street-pedestrian-safety/,5,964,0.52,8.5
https://rodenlaw.com/es/truck-accident-lawyers/north-charleston-sc/,0,964,0.00,12.9
https://rodenlaw.com/slip-and-fall-lawyers/columbia-sc/,0,963,0.00,20.6
https://rodenlaw.com/blog/uturn-crash-liability-in-charleston/#legal,0,954,0.00,8.1
https://rodenlaw.com/blog/why-mitigate-damages-after-a-car-crash/,17,948,1.79,13.2
https://rodenlaw.com/bicycle-accident-lawyers/columbia-sc/,0,948,0.00,13.4
https://rodenlaw.com/blog/can-you-sue-hospital-negligence/,2,944,0.21,30.6
https://rodenlaw.com/blog/leg-pain-and-leg-injuries-from-crash/,2,941,0.21,20.2
https://rodenlaw.com/blog/impact-of-surgery-recommendation/,11,927,1.19,18.6
https://rodenlaw.com/locations/georgia/,2,924,0.22,17.8
https://rodenlaw.com/practice-areas/spinal-cord-injury-lawyers/,0,924,0.00,79.9
https://rodenlaw.com/atv-side-by-side-accident-lawyers/child-atv-injury/,2,914,0.22,20.0
https://rodenlaw.com/es/truck-accident-lawyers/columbia-sc/,0,913,0.00,20.8
https://rodenlaw.com/blog/nerve-damage-after-charleston-car-crash/,0,911,0.00,7.2
https://rodenlaw.com/attorneys/tyler-love/,52,909,5.72,12.0
https://rodenlaw.com/workers-compensation-lawyers/fatal-workplace-accident/,0,902,0.00,37.8
https://rodenlaw.com/nursing-home-abuse-lawyers/charleston-sc/,0,898,0.00,16.8
https://rodenlaw.com/es/pedestrian-accident-lawyers/charleston-sc/,0,894,0.00,22.4
https://rodenlaw.com/blog/i-77-truck-accident-northeast-columbia-richland-county/,6,881,0.68,9.7
https://rodenlaw.com/blog/benefits-for-workplace-violence/,5,881,0.57,11.4
https://rodenlaw.com/premises-liability-lawyers/elevator-escalator-accident/,5,877,0.57,22.5
https://rodenlaw.com/practice-areas/bicycle-accident-lawyers/savannah-ga/,0,877,0.00,13.4
https://rodenlaw.com/construction-accident-lawyers/falling-object-injury/,0,851,0.00,16.3
https://rodenlaw.com/blog/liability-for-crashes-caused-by-not-using-turn-signal/,10,841,1.19,9.2
https://rodenlaw.com/es/construction-accident-lawyers/myrtle-beach-sc/,0,839,0.00,12.9
https://rodenlaw.com/es/south-carolina-truck-accident-lawyers/,1,831,0.12,27.9
https://rodenlaw.com/blog/ben-sawyer-boulevard-bridge-accidents-sullivans-island/,4,828,0.48,7.9
https://rodenlaw.com/blog/recovering-damages-with-pre-existing-injuries/,6,826,0.73,13.5
https://rodenlaw.com/bicycle-accident-lawyers/charleston-sc/,0,819,0.00,12.1
https://rodenlaw.com/brain-injury-lawyers/myrtle-beach-sc/,0,817,0.00,21.9
https://rodenlaw.com/blog/steps-after-work-injury/,3,812,0.37,20.3
https://rodenlaw.com/blog/does-worker-compensation-cover-employee-negligence/,1,809,0.12,19.4
https://rodenlaw.com/spinal-cord-injury-lawyers/savannah-ga/,0,808,0.00,11.1
https://rodenlaw.com/car-accident-lawyers/government-vehicle-accident/,5,806,0.62,10.7
https://rodenlaw.com/blog/liability-waivers-and-injury-lawsuits/,3,804,0.37,7.9
https://rodenlaw.com/blog/wearing-headphones-while-driving-in-charleston/#wearing,0,801,0.00,6.2
https://rodenlaw.com/practice-areas/medical-malpractice-lawyers/anesthesia-error/,0,787,0.00,30.0
https://rodenlaw.com/blog/georgia-law-on-steps-after-car-accident/,1,786,0.13,25.9
https://rodenlaw.com/product-liability-lawyers/myrtle-beach-sc/,0,781,0.00,16.0
https://rodenlaw.com/resources/two-notch-road-truck-accidents-columbia/,3,773,0.39,7.9
https://rodenlaw.com/es/motorcycle-accident-lawyers/north-charleston-sc/,0,771,0.00,15.6
https://rodenlaw.com/blog/how-to-maximize-your-car-accident-compensation-in-georgia/,5,765,0.65,16.1
https://rodenlaw.com/blog/can-an-insurance-company-go-against-a-police-report/#why-insurers-dispute,0,765,0.00,7.0
https://rodenlaw.com/boating-accident-lawyers/savannah-ga/,0,764,0.00,6.6
https://rodenlaw.com/blog/wearing-headphones-while-driving-in-charleston/#penalties,0,762,0.00,6.2
https://rodenlaw.com/attorneys/graeham-c-gillin/,51,744,6.85,15.8
https://rodenlaw.com/blog/how-spinal-cord-injuries-affect-you/,0,740,0.00,32.7
https://rodenlaw.com/blog/motorcycle-accident-i-95-glynn-county-brunswick-darien/,1,738,0.14,18.2
https://rodenlaw.com/resources/south-carolina-workers-comp-impairment-rating-mmi/,5,727,0.69,12.3
https://rodenlaw.com/es/practice-areas/bicycle-accident-lawyers/,0,727,0.00,30.9
https://rodenlaw.com/practice-areas/wrongful-death-lawyers/,0,725,0.00,58.7
https://rodenlaw.com/blog/wearing-headphones-while-driving-in-charleston/#headphones,0,723,0.00,6.2
https://rodenlaw.com/blog/determining-liability-for-crash-at-four-way-stop-sign/,7,712,0.98,9.2
https://rodenlaw.com/blog/certification-of-permanent-injury/,3,709,0.42,10.2
https://rodenlaw.com/resources/pedestrian-bicycle-safety-north-charleston/,6,702,0.85,7.9
https://rodenlaw.com/medical-malpractice-lawyers/myrtle-beach-sc/,0,698,0.00,17.5
https://rodenlaw.com/blog/can-you-sue-hipaa-violation/,16,696,2.30,8.2
https://rodenlaw.com/blog/wearing-headphones-while-driving-in-charleston/#difference,0,692,0.00,6.2
https://rodenlaw.com/blog/can-an-insurance-company-go-against-a-police-report/#why-insurers-review,0,690,0.00,7.1
https://rodenlaw.com/resources/south-carolina-truck-accident-settlement-value/,8,686,1.17,15.0
https://rodenlaw.com/workers-compensation-lawyers/repetitive-stress-injury/,2,684,0.29,53.5
https://rodenlaw.com/resources/south-carolina-wrongful-death-settlement-value/,20,672,2.98,15.1
https://rodenlaw.com/blog/what-to-do-if-your-georgia-police-report-is-wrong-or-has-mistakes/,5,671,0.75,18.8
https://rodenlaw.com/blog/dealing-with-uber-lyft-accident/,0,666,0.00,59.1
https://rodenlaw.com/blog/i-16-port-freight-truck-accident-garden-city-savannah/,6,662,0.91,10.0
https://rodenlaw.com/blog/charleston-historic-sidewalk-slip-fall-city-liable/,10,649,1.54,5.8
https://rodenlaw.com/blog/category/scooter-accident/,0,643,0.00,29.7
https://rodenlaw.com/resources/us-52-truck-train-accidents-goose-creek/,5,638,0.78,8.2
https://rodenlaw.com/practice-areas/savannah/wrongful-death-lawyers/statute-of-limitations/,0,635,0.00,22.1
https://rodenlaw.com/es/car-accident-lawyers/columbia-sc/,0,628,0.00,26.1
https://rodenlaw.com/practice-areas/medical-malpractice-lawyers/darien-ga/,0,626,0.00,6.4
https://rodenlaw.com/bicycle-accident-lawyers/right-hook-left-cross-collision/,0,619,0.00,8.5
https://rodenlaw.com/es/locations/georgia/savannah/,1,615,0.16,11.0
https://rodenlaw.com/es/bicycle-accident-lawyers/charleston-sc/,0,612,0.00,27.7
https://rodenlaw.com/resources/broad-river-road-truck-accidents-columbia/,3,607,0.49,7.6
https://rodenlaw.com/blog/is-workers-compensation-an-employee-benefit/#benefit-or-legal-right,0,607,0.00,5.6
https://rodenlaw.com/workers-compensation-lawyers/occupational-disease/,1,604,0.17,40.0
https://rodenlaw.com/blog/ashley-phosphate-i-26-south-carolinas-deadliest-intersection/,6,596,1.01,8.5
https://rodenlaw.com/blog/south-carolina-comparative-fault-partially-at-fault/,5,596,0.84,15.2
https://rodenlaw.com/practice-areas/workers-compensation-lawyers/,1,596,0.17,63.7
https://rodenlaw.com/premises-liability-lawyers/charleston-sc/,0,589,0.00,20.3
https://rodenlaw.com/brain-injury-lawyers/charleston-sc/,0,587,0.00,11.1
https://rodenlaw.com/construction-accident-lawyers/scaffold-ladder-fall/,0,585,0.00,29.8
https://rodenlaw.com/es/motorcycle-accident-lawyers/myrtle-beach-sc/,0,583,0.00,5.5
https://rodenlaw.com/blog/the-role-of-vocational-rehabilitation-in-workers-compensation-cases/,6,582,1.03,25.1
https://rodenlaw.com/blog/workers-comp-benefits-georgia-taxable/,0,579,0.00,59.5
https://rodenlaw.com/blog/impaired-driving-caused-by-prescription-medications/,0,578,0.00,37.1
https://rodenlaw.com/dog-bite-lawyers/loose-unleashed-dog-attack/,7,576,1.22,11.1
https://rodenlaw.com/boating-accident-lawyers/dock-marina-injury/,2,573,0.35,14.6
https://rodenlaw.com/resources/columbia-i-26-i-20-i-77-interchange-truck-accidents/,1,572,0.17,7.1
https://rodenlaw.com/es/car-accident-lawyers/charleston-sc/,0,571,0.00,12.9
https://rodenlaw.com/blog/feeling-fatigued-after-charleston-car-accident/,1,568,0.18,16.7
https://rodenlaw.com/es/practice-areas/pedestrian-accident-lawyers/,0,567,0.00,23.4
https://rodenlaw.com/blog/understanding-vicarious-liability/,2,566,0.35,19.9
https://rodenlaw.com/blog/military-base-accidents-joint-base-charleston-rights/,3,564,0.53,11.2
https://rodenlaw.com/blog/liability-for-crashes-in-heavy-rainfall/,2,563,0.36,11.2
https://rodenlaw.com/blog/can-an-insurance-company-go-against-a-police-report/#short-answer,0,563,0.00,6.9
https://rodenlaw.com/attorneys/nolan-alexander/,0,555,0.00,9.8
https://rodenlaw.com/blog/benefit-of-a-personal-injury-pain-diary/,6,549,1.09,10.1
https://rodenlaw.com/blog/documents-for-personal-injury-claim/,1,547,0.18,28.0
https://rodenlaw.com/locations/georgia/darien/kingsland/,1,547,0.18,18.4
https://rodenlaw.com/resources/i-20-truck-accidents-columbia/,1,547,0.18,12.2
https://rodenlaw.com/resources/south-carolina-slip-and-fall-settlement-value/,20,546,3.66,6.1
https://rodenlaw.com/blog/after-boat-accident-guide/,0,546,0.00,61.5
https://rodenlaw.com/blog/liability-for-crash-due-to-tire-blowout-in-savannah/,6,540,1.11,13.5
https://rodenlaw.com/attorneys/joshua-dorminy/,93,539,17.25,6.3
https://rodenlaw.com/locations/south-carolina/myrtle-beach/conway/,1,531,0.19,14.2
https://rodenlaw.com/blog/is-workers-compensation-an-employee-benefit/#ga-sc-requirements,0,530,0.00,5.6
https://rodenlaw.com/blog/knee-injuries-after-georgia-car-crash/,0,525,0.00,54.3
https://rodenlaw.com/blog/car-insurance-claim-denial-tactics/,0,524,0.00,14.7
https://rodenlaw.com/south-carolina-workers-compensation-lawyer/,0,522,0.00,67.3
https://rodenlaw.com/blog/can-an-insurance-company-go-against-a-police-report/#police-reports-georgia-sc,0,518,0.00,7.0
https://rodenlaw.com/blog/shem-creek-boating-dock-injuries-mount-pleasant/,6,517,1.16,7.1
https://rodenlaw.com/maritime-injury-lawyers/cruise-ship-injury/,2,517,0.39,15.7
https://rodenlaw.com/es/motorcycle-accident-lawyers/charleston-sc/,0,509,0.00,11.8
https://rodenlaw.com/golf-cart-accident-lawyers/golf-cart-passenger-ejection/,2,508,0.39,12.3
https://rodenlaw.com/blog/can-an-insurance-company-go-against-a-police-report/#what-if-report-wrong,0,508,0.00,7.0
https://rodenlaw.com/blog/can-an-insurance-company-go-against-a-police-report/#what-police-report-contains,0,503,0.00,7.0
https://rodenlaw.com/blog/us-17-truck-accident-broadfield-glynn-county/,4,502,0.80,18.5
https://rodenlaw.com/blog/can-an-insurance-company-go-against-a-police-report/#police-report-as-evidence,0,502,0.00,7.0
https://rodenlaw.com/locations/georgia/darien/folkston/,1,501,0.20,21.2
https://rodenlaw.com/electric-scooter-accident-lawyers/north-charleston-sc/,0,500,0.00,45.7
https://rodenlaw.com/practice-areas/electric-scooter-accident-lawyers/scooter-malfunction-defect/,0,495,0.00,13.8
https://rodenlaw.com/blog/drunk-pedestrian-injury-claims/,4,494,0.81,9.6
https://rodenlaw.com/resources/south-carolina-statute-of-limitations/,4,490,0.82,18.2
https://rodenlaw.com/blog/emergency-room-errors-charleston-misdiagnosis-malpractice/,2,488,0.41,10.9
https://rodenlaw.com/blog/deposition-in-a-personal-injury-claim/,0,483,0.00,24.4
https://rodenlaw.com/blog/damage-coverage-for-stolen-car/,0,480,0.00,15.6
https://rodenlaw.com/blog/personal-injury-lawsuit-steps/,0,479,0.00,32.2
https://rodenlaw.com/blog/carriage-tour-accidents-downtown-charleston-liability/,7,477,1.47,8.6
https://rodenlaw.com/burn-injury-lawyers/house-apartment-fire-burn/,6,472,1.27,20.9
https://rodenlaw.com/burn-injury-lawyers/electrical-burn-injury/,1,472,0.21,20.6
https://rodenlaw.com/blog/is-hipaa-violation-medical-malpractice/,3,471,0.64,15.1
https://rodenlaw.com/es/practice-areas/construction-accident-lawyers/,0,470,0.00,19.4
https://rodenlaw.com/blog/car-accidents-and-daylight-savings-time/,0,469,0.00,29.3
https://rodenlaw.com/blog/benefits-of-hiring-personal-injury-lawyer/,0,468,0.00,10.6
https://rodenlaw.com/blog/charleston-reckless-driving-crash/,0,466,0.00,78.6
https://rodenlaw.com/locations/georgia/savannah/midtown-savannah/,0,465,0.00,40.9
https://rodenlaw.com/es/practice-areas/workers-compensation-lawyers/,0,464,0.00,44.2
https://rodenlaw.com/class-action-lawyers/ivc-filter/,1,463,0.22,36.1
https://rodenlaw.com/contact-us/?utm_source=GMB&utm_medium=local&utm_campaign=CharlestonSCGMB,0,462,0.00,10.0
https://rodenlaw.com/product-liability-lawyers/defective-home-appliance/,2,459,0.44,11.4
https://rodenlaw.com/locations/south-carolina/columbia/lexington/,0,457,0.00,26.1
https://rodenlaw.com/blog/2017-safest-college-campuses-in-georgia/,1,453,0.22,7.5
https://rodenlaw.com/blog/how-pain-and-suffering-is-calculated-after-an-accident-in-south-carolina/,6,452,1.33,10.0
https://rodenlaw.com/locations/south-carolina/charleston/downtown-charleston/king-street-district/,3,451,0.67,11.2
https://rodenlaw.com/blog/maybank-highway-car-accidents-johns-island/,4,450,0.89,9.0
https://rodenlaw.com/resources/georgia-truck-accident-settlement-value/,6,447,1.34,8.5
https://rodenlaw.com/class-actions/,0,447,0.00,4.1
https://rodenlaw.com/burn-injury-lawyers/explosion-gas-line-burn/,2,443,0.45,24.4
https://rodenlaw.com/resources/south-carolina-workers-comp-claim-denied/,2,443,0.45,10.2
https://rodenlaw.com/es/,0,441,0.00,5.6
https://rodenlaw.com/blog/filing-medication-error-lawsuit/,0,435,0.00,78.5
https://rodenlaw.com/blog/5-most-common-types-of-medical-malpractice-in-2023/,1,433,0.23,17.8
https://rodenlaw.com/blog/choking-at-nursing-homes/,0,432,0.00,29.2
https://rodenlaw.com/resources/bay-street-truck-accidents-savannah-historic-district/,12,428,2.80,6.3
https://rodenlaw.com/golf-cart-accident-lawyers/golf-cart-vehicle-collision/,1,425,0.24,15.4
https://rodenlaw.com/blog/what-to-do-if-your-workers-compensation-claim-is-denied/,2,422,0.47,32.9
https://rodenlaw.com/locations/georgia/darien/?ref=gmb_dar,0,421,0.00,15.0
https://rodenlaw.com/es/blog/is-hipaa-violation-medical-malpractice/,5,420,1.19,7.5
https://rodenlaw.com/locations/south-carolina/charleston/james-island/,0,420,0.00,16.5
https://rodenlaw.com/practice-areas/nursing-home-abuse-lawyers/bedsore-pressure-ulcer/,0,419,0.00,51.6
https://rodenlaw.com/florence-sc-car-accident-lawyer/,0,416,0.00,32.4
https://rodenlaw.com/medical-malpractice-lawyers/informed-consent-failure/,1,415,0.24,18.7
https://rodenlaw.com/nursing-home-abuse-lawyers/medication-error-nursing-home/,0,412,0.00,16.6
https://rodenlaw.com/resources/what-to-do-after-car-accident-north-charleston/,0,409,0.00,16.3
https://rodenlaw.com/locations/south-carolina/charleston/west-ashley/,1,408,0.25,10.1
https://rodenlaw.com/truck-accident-lawyers/overloaded-improperly-loaded-cargo/,0,406,0.00,34.0
https://rodenlaw.com/blog/how-long-can-a-person-stay-on-workers-compensation/#extending-benefits,0,404,0.00,6.3
https://rodenlaw.com/blog/jet-ski-personal-watercraft-accidents-charleston/,3,402,0.75,8.6
https://rodenlaw.com/resources/bush-river-road-i-26-truck-accidents-columbia/,2,400,0.50,8.7
https://rodenlaw.com/construction-accident-lawyers/trench-collapse/,0,396,0.00,16.0
https://rodenlaw.com/wrongful-death-lawyers/drowning-swimming-pool-death/,1,394,0.25,23.0
https://rodenlaw.com/car-accident-lawyers/commercial-vehicle-accident/,0,393,0.00,17.3
https://rodenlaw.com/blog/dangers-of-emotional-driving-in-savannah-ga/,1,392,0.26,12.1
https://rodenlaw.com/locations/south-carolina/columbia/columbia/,0,391,0.00,7.7
https://rodenlaw.com/blog/north-charleston-crime-rate-hit-and-run/,2,390,0.51,9.0
https://rodenlaw.com/blog/how-long-can-a-person-stay-on-workers-compensation/#short-answer,0,390,0.00,6.3
https://rodenlaw.com/blog/using-dashcams-as-evidence-of-fault-in-a-car-accident/,0,390,0.00,41.2
https://rodenlaw.com/premises-liability-lawyers/parking-lot-garage-accident/,1,388,0.26,31.5
https://rodenlaw.com/blog/medical-malpractice-limits-south-carolina/#types-of-damages,0,385,0.00,4.2
https://rodenlaw.com/boating-accident-lawyers/myrtle-beach-sc/,0,385,0.00,36.5
https://rodenlaw.com/blog/darien-i-95-truck-accident-lawyer/,0,384,0.00,12.9
https://rodenlaw.com/blog/how-loud-music-increases-crash-risk-charleston/,0,383,0.00,11.0
https://rodenlaw.com/blog/legal-rights-after-memory-loss-savannah-crash/,0,381,0.00,21.6
https://rodenlaw.com/class-action-lawyers/camp-lejeune-lawsuits/,0,381,0.00,20.2
https://rodenlaw.com/blog/how-to-spot-distracted-drivers-ten-signs-savannah-ga/,2,377,0.53,7.5
https://rodenlaw.com/blog/avoiding-motorcycle-crash-injuries/,1,377,0.27,23.3
https://rodenlaw.com/blog/truck-accident-liability/,0,374,0.00,59.7
https://rodenlaw.com/locations/south-carolina/myrtle-beach/little-river/,0,372,0.00,9.3
https://rodenlaw.com/blog/liability-for-roundabout-crashes-in-charleston/,1,370,0.27,33.3
https://rodenlaw.com/locations/south-carolina/north-charleston/summerville/,1,370,0.27,27.8
https://rodenlaw.com/blog/medical-malpractice-limits-south-carolina/#damages-caps,0,368,0.00,4.1
https://rodenlaw.com/blog/hearing-loss-after-charleston-car-accident/,4,367,1.09,27.1
https://rodenlaw.com/burn-injury-lawyers/vehicle-fire-burn/,2,367,0.54,13.0
https://rodenlaw.com/blog/calculating-compensation-for-whiplash-injuries/#types-of-compensation,0,361,0.00,8.2
https://rodenlaw.com/blog/what-happens-if-i-resign-while-on-workers-compensation/#ga-rules,0,361,0.00,7.2
https://rodenlaw.com/blog/what-happens-if-i-resign-while-on-workers-compensation/#sc-rules,0,360,0.00,7.2
https://rodenlaw.com/blog/what-happens-if-i-resign-while-on-workers-compensation/#short-answer,0,360,0.00,7.2
https://rodenlaw.com/blog/hospital-liability-for-medical-malpractice/,0,359,0.00,69.6
https://rodenlaw.com/greenville-sc-workers-compensation-lawyer/,0,355,0.00,30.9
https://rodenlaw.com/blog/mistakes-charleston-slip-and-fall-victims-make/,0,354,0.00,76.2
https://rodenlaw.com/practice-areas/brain-injury-lawyers/second-impact-syndrome/,0,353,0.00,17.0
https://rodenlaw.com/locations/georgia/savannah/westside-savannah/,0,352,0.00,42.4
https://rodenlaw.com/maritime-injury-lawyers/commercial-fishing-injury/,0,352,0.00,22.3
https://rodenlaw.com/construction-accident-lawyers/myrtle-beach-sc/,0,351,0.00,13.1
https://rodenlaw.com/locations/south-carolina/north-charleston/goose-creek/liberty-hall-plantation/,0,351,0.00,17.0
https://rodenlaw.com/blog/when-to-call-charleston-personal-injury-lawyer/,1,350,0.29,40.9
https://rodenlaw.com/pedestrian-accident-lawyers/north-charleston-sc/,0,347,0.00,47.1
https://rodenlaw.com/resources/south-carolina-comparative-negligence/,0,340,0.00,5.8
https://rodenlaw.com/dog-bite-lawyers/landlord-liability-dog-attack/,6,339,1.77,11.4
https://rodenlaw.com/es/south-carolina-motorcycle-accident-lawyer/,0,337,0.00,17.8
https://rodenlaw.com/blog/are-red-light-runners-always-liable-if-they-crash/#proving-red-light-violation,0,334,0.00,9.5
https://rodenlaw.com/blog/are-red-light-runners-always-liable-if-they-crash/#how-fault-determined,0,333,0.00,9.5
https://rodenlaw.com/blog/rifle-range-road-mount-pleasant-car-accident-heritage-park-west/,1,332,0.30,10.3
https://rodenlaw.com/blog/signs-of-concussion-from-car-crash/,1,329,0.30,27.8
https://rodenlaw.com/blog/common-driver-distractions/,0,329,0.00,47.9
https://rodenlaw.com/electric-scooter-accident-lawyers/myrtle-beach-sc/,0,329,0.00,21.3
https://rodenlaw.com/es/motorcycle-accident-lawyers/savannah-ga/,0,329,0.00,16.6
https://rodenlaw.com/practice-areas/nursing-home-abuse-lawyers/wrongful-death-nursing-home/,0,329,0.00,34.3
https://rodenlaw.com/wrongful-death-lawyers/workplace-fatality/,0,328,0.00,37.2
https://rodenlaw.com/golf-cart-accident-lawyers/myrtle-beach-sc/,0,327,0.00,7.4
https://rodenlaw.com/blog/driving-tips-around-trucks/,1,326,0.31,10.0
https://rodenlaw.com/blog/daniel-island-i-526-wando-bridge-truck-accident-berkeley-county/,1,324,0.31,5.7
https://rodenlaw.com/bicycle-accident-lawyers/darien-ga/,0,321,0.00,23.1
https://rodenlaw.com/locations/south-carolina/columbia/seven-oaks/,0,319,0.00,5.7
https://rodenlaw.com/blog/compensation-for-chronic-pain-after-a-car-crash-in-charleston/,1,318,0.31,41.8
https://rodenlaw.com/locations/south-carolina/columbia/west-columbia/,1,318,0.31,18.2
https://rodenlaw.com/wrongful-death-lawyers/darien-ga/,0,316,0.00,18.2
https://rodenlaw.com/workers-compensation-lawyers/columbia-sc/,0,312,0.00,20.8
https://rodenlaw.com/wrongful-death-lawyers/medical-malpractice-death/,0,310,0.00,13.1
https://rodenlaw.com/construction-accident-lawyers/highway-construction-zone/,0,309,0.00,29.5
https://rodenlaw.com/electric-scooter-accident-lawyers/charleston-sc/,0,307,0.00,5.5
https://rodenlaw.com/blog/legal-rights-if-hit-by-driver-in-company-car-charleston/,2,303,0.66,35.2
https://rodenlaw.com/blog/am-i-eligible-for-workers-compensation/,0,303,0.00,23.1
https://rodenlaw.com/boating-accident-lawyers/jet-ski-personal-watercraft/,0,303,0.00,44.2
https://rodenlaw.com/es/truck-accident-lawyers/savannah-ga/,0,303,0.00,9.7
https://rodenlaw.com/blog/how-to-handle-calls-from-insurance-companies/,1,301,0.33,35.1
https://rodenlaw.com/blog/determining-fault-in-multi-vehicle-accidents/,0,301,0.00,11.6
https://rodenlaw.com/blog/calculating-compensation-for-whiplash-injuries/#what-is-whiplash,0,298,0.00,8.7
https://rodenlaw.com/spartanburg-sc-car-accident-lawyer/,0,298,0.00,35.3
https://rodenlaw.com/blog/north-rhett-avenue-truck-accident-hanahan-berkeley-county/,3,297,1.01,11.1
https://rodenlaw.com/blog/can-someone-sue-me-for-a-car-accident/#when-insurance-covers,0,297,0.00,9.9
https://rodenlaw.com/blog/workers-compensation-claim-process-georgia/,0,297,0.00,60.6
https://rodenlaw.com/blog/liability-and-causes-for-backing-up-crashes-in-charleston/,1,296,0.34,16.7
https://rodenlaw.com/blog/how-do-i-know-if-i-have-a-personal-injury-case/,0,296,0.00,24.2
https://rodenlaw.com/es/workers-compensation-lawyers/north-charleston-sc/,0,296,0.00,11.3
https://rodenlaw.com/locations/south-carolina/columbia/forest-acres/,0,295,0.00,8.2
https://rodenlaw.com/blog/releasing-medical-records/,0,292,0.00,28.5
https://rodenlaw.com/electric-scooter-accident-lawyers/columbia-sc/,0,291,0.00,33.7
https://rodenlaw.com/resources/i-77-truck-accidents-columbia-rock-hill/,1,288,0.35,8.7
https://rodenlaw.com/resources/highway-22-truck-accidents-conway-bypass/,2,287,0.70,9.4
https://rodenlaw.com/construction-accident-lawyers/defective-construction-equipment/,0,287,0.00,10.5
https://rodenlaw.com/blog/average-personal-injury-settlement-amounts/#factors-higher,0,284,0.00,8.3
https://rodenlaw.com/blog/average-personal-injury-settlement-amounts/#settlement-ranges-by-case-type,0,284,0.00,8.3
https://rodenlaw.com/blog/calculating-compensation-for-whiplash-injuries/#how-damages-calculated,0,284,0.00,7.9
https://rodenlaw.com/blog/what-is-the-role-of-a-personal-injury-lawyer-in-a-case/,0,283,0.00,33.1
https://rodenlaw.com/blog/nursing-home-liability/,0,282,0.00,21.1
https://rodenlaw.com/blog/what-happens-if-i-resign-while-on-workers-compensation/#light-duty,0,282,0.00,7.2
https://rodenlaw.com/blog/what-happens-if-i-resign-while-on-workers-compensation/#medical-benefits,0,282,0.00,7.3
https://rodenlaw.com/blog/can-someone-sue-me-for-a-car-accident/#short-answer,0,281,0.00,9.8
https://rodenlaw.com/blog/what-happens-if-i-resign-while-on-workers-compensation/#wage-benefits,0,281,0.00,7.2
https://rodenlaw.com/blog/what-happens-if-i-resign-while-on-workers-compensation/#voluntary-vs-constructive,0,280,0.00,7.3
https://rodenlaw.com/locations/georgia/savannah/skidaway-island/,0,280,0.00,27.9
https://rodenlaw.com/practice-areas/slip-and-fall-lawyers/,0,280,0.00,45.8
https://rodenlaw.com/attorneys/ivy-s-montano/,39,279,13.98,9.2
https://rodenlaw.com/blog/why-car-crashes-happen-close-to-home-charleston/,0,279,0.00,25.6
https://rodenlaw.com/spinal-cord-injury-lawyers/myrtle-beach-sc/,1,278,0.36,8.9
https://rodenlaw.com/blog/negligence-vs-gross-negligence/#four-elements,0,273,0.00,5.1
https://rodenlaw.com/class-action-lawyers/,2,271,0.74,45.5
https://rodenlaw.com/resources/logging-truck-accidents-us-17-mcintosh-glynn/,1,271,0.37,9.3
https://rodenlaw.com/blog/negligence-vs-gross-negligence/#negligence-vs-gross,0,270,0.00,5.1
https://rodenlaw.com/blog/benefits-for-workplace-violence/#work-connection,0,269,0.00,4.1
https://rodenlaw.com/blog/negligence-vs-gross-negligence/#what-is-negligence,0,268,0.00,5.0
https://rodenlaw.com/blog/benefits-for-workplace-violence/#what-counts,0,267,0.00,4.1
https://rodenlaw.com/locations/south-carolina/charleston/downtown-charleston/the-crosstown/,0,267,0.00,20.1
https://rodenlaw.com/blog/liability-for-school-bus-crash/,1,265,0.38,64.6
https://rodenlaw.com/blog/liability-for-crashes-caused-by-teen-drivers/,0,265,0.00,21.1
https://rodenlaw.com/blog/benefits-for-workplace-violence/#sc-rules,0,263,0.00,4.0
https://rodenlaw.com/blog/personal-injury-calculating-loss-of-earning-capacity/,0,262,0.00,14.4
https://rodenlaw.com/boating-accident-lawyers/boating-under-influence/,1,259,0.39,23.5
https://rodenlaw.com/blog/what-happens-to-workers-comp-if-employer-bankrupts/,3,255,1.18,17.7
https://rodenlaw.com/product-liability-lawyers/food-contamination/,3,254,1.18,27.2
https://rodenlaw.com/blog/steps-of-a-burn-injury-case/,2,254,0.79,24.6
https://rodenlaw.com/golf-cart-accident-lawyers/golf-cart-pedestrian-accident/,0,254,0.00,18.3
https://rodenlaw.com/blog/charleston-parking-lot-car-accident-liability/,0,253,0.00,42.2
https://rodenlaw.com/es/pedestrian-accident-lawyers/myrtle-beach-sc/,0,253,0.00,20.7
https://rodenlaw.com/blog/nursing-home-abuse-charleston-signs-families/,0,250,0.00,9.3
https://rodenlaw.com/blog/murrells-inlet-jet-ski-accident-lawyer/,0,249,0.00,16.1
https://rodenlaw.com/blog/blog-when-does-workers-compensation-stop-paying/,0,248,0.00,10.1
https://rodenlaw.com/locations/south-carolina/north-charleston/park-circle/,0,248,0.00,26.2
https://rodenlaw.com/bicycle-accident-lawyers/intersection-bicycle-accident/,0,247,0.00,12.7
https://rodenlaw.com/blog/average-personal-injury-settlement-amounts/#georgia-law,0,247,0.00,8.2
https://rodenlaw.com/blog/average-personal-injury-settlement-amounts/#no-average-settlement,0,247,0.00,8.2
https://rodenlaw.com/blog/average-personal-injury-settlement-amounts/#factors-lower,0,246,0.00,8.2
https://rodenlaw.com/blog/average-personal-injury-settlement-amounts/#never-compare,0,246,0.00,8.2
https://rodenlaw.com/blog/average-personal-injury-settlement-amounts/#south-carolina-law,0,246,0.00,8.2
https://rodenlaw.com/blog/how-long-can-a-person-stay-on-workers-compensation/#when-benefits-run-out,0,242,0.00,6.6
https://rodenlaw.com/blog/what-to-do-after-a-hit-and-run-in-downtown-charleston/,0,240,0.00,38.4
https://rodenlaw.com/personal-injury-lawyers/savannah-ga/,0,238,0.00,37.2
https://rodenlaw.com/blog/eastern-wharf-harbor-street-electric-scooter-accident-lawyer/,0,237,0.00,5.9
https://rodenlaw.com/blog/can-someone-sue-me-for-a-car-accident/#when-personal-assets,0,235,0.00,10.1
https://rodenlaw.com/locations/south-carolina/charleston/west-ashley/grand-oaks-plantation/,0,234,0.00,15.0
https://rodenlaw.com/spartanburg-sc-workers-compensation-lawyer/,0,234,0.00,19.5
https://rodenlaw.com/blog/pedestrian-safety-georgia/,1,233,0.43,18.2
https://rodenlaw.com/blog/brunswick-i-95-truck-accident-lawyer/,0,231,0.00,11.0
https://rodenlaw.com/nursing-home-abuse-lawyers/assisted-living-abuse/,3,230,1.30,26.5
https://rodenlaw.com/blog/garden-city-dean-forest-road-truck-accident-lawyer/,0,230,0.00,13.3
https://rodenlaw.com/blog/how-long-can-a-person-stay-on-workers-compensation/#benefit-timelines,0,227,0.00,6.6
https://rodenlaw.com/blog/how-long-can-a-person-stay-on-workers-compensation/#transitioning-to-ssdi,0,227,0.00,6.6
https://rodenlaw.com/blog/calculating-compensation-for-whiplash-injuries/#whiplash-grading,0,226,0.00,8.6
https://rodenlaw.com/locations/south-carolina/charleston/downtown-charleston/south-of-broad/,0,226,0.00,13.5
https://rodenlaw.com/blog/edmund-highway-lexington-county-car-accident-lawyer/,0,225,0.00,16.6
https://rodenlaw.com/locations/south-carolina/columbia/hopkins/,0,225,0.00,10.8
https://rodenlaw.com/blog/refusing-opioid-prescription-in-workers-comp-claim/,0,224,0.00,20.2
https://rodenlaw.com/blog/slip-and-fall-negligence-elements/,0,224,0.00,66.6
https://rodenlaw.com/maritime-injury-lawyers/maintenance-and-cure/,0,224,0.00,13.7
https://rodenlaw.com/resources/georgetown-county-us-17-truck-accidents/,2,222,0.90,11.1
https://rodenlaw.com/bicycle-accident-lawyers/drunk-driver-bicycle-accident/,0,222,0.00,8.1
https://rodenlaw.com/blog/how-long-can-a-person-stay-on-workers-compensation/#lump-sum-settlements,0,222,0.00,6.6
https://rodenlaw.com/blog/how-long-can-a-person-stay-on-workers-compensation/#factors-that-affect,0,221,0.00,6.6
https://rodenlaw.com/blog/negligence-vs-gross-negligence/#what-is-gross-negligence,0,221,0.00,4.8
https://rodenlaw.com/blog/can-someone-sue-me-for-a-car-accident/#types-of-damages,0,220,0.00,10.1
https://rodenlaw.com/locations/georgia/darien/nahunta/,0,219,0.00,5.2
https://rodenlaw.com/locations/georgia/darien/dock-junction/,0,218,0.00,8.0
https://rodenlaw.com/blog/follow-doctors-orders-after-accident/,2,216,0.93,17.6
https://rodenlaw.com/blog/pedestrian-accidents-musc-charleston-medical-district/,0,216,0.00,9.3
https://rodenlaw.com/testimonials/,7,215,3.26,6.3
https://rodenlaw.com/blog/can-someone-sue-me-for-a-car-accident/#comparative-fault,0,215,0.00,10.1
https://rodenlaw.com/blog/eulonia-us-17-ocean-highway-rideshare-uber-accident-lawyer-mcintosh-county/,1,214,0.47,8.7
https://rodenlaw.com/blog/can-someone-sue-me-for-a-car-accident/#fault-determination,0,214,0.00,10.1
https://rodenlaw.com/blog/can-someone-sue-me-for-a-car-accident/#statute-of-limitations,0,214,0.00,10.1
https://rodenlaw.com/practice-areas/medical-malpractice-lawyers/hospital-acquired-infection/,0,212,0.00,67.7
https://rodenlaw.com/resources/truck-accident-settlement-process/,0,211,0.00,22.5
https://rodenlaw.com/blog/liability-in-a-driverless-car-crash/,0,208,0.00,51.5
https://rodenlaw.com/truck-accident-lawyers/brake-failure-accident/,0,207,0.00,15.9
https://rodenlaw.com/blog/value-of-pain-and-suffering/#how-pain-and-suffering-calculated,0,206,0.00,8.1
https://rodenlaw.com/wrongful-death-lawyers/nursing-home-wrongful-death/,0,206,0.00,19.7
https://rodenlaw.com/locations/south-carolina/north-charleston/summerville/historic-district/,3,205,1.46,33.1
https://rodenlaw.com/testimonials/megan-l/,0,205,0.00,10.9
https://rodenlaw.com/blog/what-to-do-after-car-accident-south-carolina/#filing-a-claim,0,204,0.00,5.4
https://rodenlaw.com/blog/what-to-do-after-car-accident-south-carolina/#south-carolina-car-accident-laws,0,204,0.00,5.4
https://rodenlaw.com/blog/are-red-light-runners-always-liable-if-they-crash/#are-red-light-runners-always-at-fault,0,202,0.00,9.3
https://rodenlaw.com/south-carolina-personal-injury-lawyer/,0,202,0.00,39.5
https://rodenlaw.com/resources/south-carolina-liquor-liability-2026/,6,200,3.00,6.9
https://rodenlaw.com/practice-areas/brain-injury-lawyers/,0,200,0.00,77.2
https://rodenlaw.com/slip-and-fall-lawyers/north-charleston-sc/,0,200,0.00,26.1
https://rodenlaw.com/blog/are-red-light-runners-always-liable-if-they-crash/#traffic-signal-laws,0,196,0.00,9.4
https://rodenlaw.com/blog/calculating-compensation-for-whiplash-injuries/#comparative-fault,0,196,0.00,9.1
https://rodenlaw.com/blog/value-of-pain-and-suffering/#factors-that-affect-value,0,196,0.00,8.0
https://rodenlaw.com/blog/calculating-compensation-for-whiplash-injuries/#statute-of-limitations,0,195,0.00,9.0
https://rodenlaw.com/blog/medical-malpractice-limits-south-carolina/#statute-of-limitations,0,195,0.00,4.1
https://rodenlaw.com/car-accident-lawyers/i-526-accident/,1,194,0.52,9.7
https://rodenlaw.com/blog/are-red-light-runners-always-liable-if-they-crash/#red-light-cameras,0,194,0.00,9.5
https://rodenlaw.com/construction-accident-lawyers/electrocution-construction-site/,0,194,0.00,16.0
https://rodenlaw.com/pedestrian-accident-lawyers/jogger-runner-accident/,0,194,0.00,13.9
https://rodenlaw.com/spinal-cord-injury-lawyers/paraplegia/,1,193,0.52,40.4
https://rodenlaw.com/blog/are-red-light-runners-always-liable-if-they-crash/#comparative-fault-rules,0,193,0.00,9.5
https://rodenlaw.com/blog/are-red-light-runners-always-liable-if-they-crash/#when-victim-shares-fault,0,193,0.00,9.5
https://rodenlaw.com/blog/boys-estate-glynn-county-best-car-accident-lawyer/,0,192,0.00,8.4
https://rodenlaw.com/locations/georgia/savannah/wilmington-island/town-center/,1,190,0.53,12.1
https://rodenlaw.com/atv-side-by-side-accident-lawyers/savannah-ga/,0,188,0.00,21.3
https://rodenlaw.com/blog/benefits-of-an-accident-reconstruction-expert/,0,188,0.00,55.5
https://rodenlaw.com/locations/georgia/darien/waycross/,0,187,0.00,8.0
https://rodenlaw.com/locations/south-carolina/charleston/west-ashley/byrnes-downs/,0,187,0.00,11.8
https://rodenlaw.com/boating-accident-lawyers/north-charleston-sc/,0,185,0.00,4.8
https://rodenlaw.com/locations/georgia/darien/eulonia/,0,185,0.00,22.6
https://rodenlaw.com/blog/credit-one-stadium-event-day-crashes-daniel-island-beekman-street/,2,181,1.10,9.8
https://rodenlaw.com/atv-side-by-side-accident-lawyers/charleston-sc/,0,181,0.00,27.7
https://rodenlaw.com/blog/hip-pain-after-car-accident-in-savannah/,0,180,0.00,51.5
https://rodenlaw.com/blog/construction-worker-injuries-charleston-sc-rights/,0,176,0.00,24.4
https://rodenlaw.com/blog/medical-malpractice-limits-south-carolina/#common-claims,0,176,0.00,4.1
https://rodenlaw.com/workers-compensation-lawyers/factory-manufacturing-injury/,0,176,0.00,23.4
https://rodenlaw.com/blog/category/bus-accident/,0,175,0.00,33.6
https://rodenlaw.com/blog/medical-malpractice-limits-south-carolina/#notice-of-intent,0,175,0.00,4.1
https://rodenlaw.com/blog/medical-malpractice-limits-south-carolina/#statute-of-repose,0,174,0.00,4.1
https://rodenlaw.com/blog/reasons-for-workers-comp-claim-denial/,0,174,0.00,57.6
https://rodenlaw.com/blog/sunset-boulevard-us-378-lexington-medical-center-accident/,0,174,0.00,8.1
https://rodenlaw.com/es/bicycle-accident-lawyers/north-charleston-sc/,0,174,0.00,9.7
https://rodenlaw.com/blog/jones-act-claims-south-carolina-maritime-worker-rights/,1,173,0.58,9.3
https://rodenlaw.com/resources/south-carolina-premises-liability-settlement-value/,2,171,1.17,10.4
https://rodenlaw.com/es/workers-compensation-lawyers/savannah-ga/,1,171,0.58,14.9
https://rodenlaw.com/blog/beginning-motorcycle-biker-risks/,0,170,0.00,10.0
https://rodenlaw.com/blog/georgia-super-speeder-law/#what-is,0,170,0.00,8.1
https://rodenlaw.com/blog/workers-comp-for-skin-cancer/,0,169,0.00,10.3
https://rodenlaw.com/blog/is-workers-compensation-an-employee-benefit/#what-is-workers-comp,0,167,0.00,5.7
https://rodenlaw.com/es/south-carolina-car-accident-lawyers/,0,167,0.00,27.1
https://rodenlaw.com/locations/georgia/darien/kings-bay/,0,167,0.00,8.1
https://rodenlaw.com/bicycle-accident-lawyers/dooring-accident/,2,166,1.20,15.7
https://rodenlaw.com/blog/aggressive-driving-in-georgia/,2,166,1.20,11.3
https://rodenlaw.com/blog/understanding-eye-injuries-after-a-savannah-car-accident/,1,166,0.60,14.9
https://rodenlaw.com/dog-bite-lawyers/dog-on-dog-attack/,2,165,1.21,10.0
https://rodenlaw.com/locations/south-carolina/north-charleston/chicora-cherokee/,0,163,0.00,12.1
https://rodenlaw.com/resources/south-carolina-helmet-laws/,3,161,1.86,4.7
https://rodenlaw.com/blog/georgia-super-speeder-law/#how-it-works,0,161,0.00,8.0
https://rodenlaw.com/practice-areas/car-accident-lawyers/,0,161,0.00,48.6
https://rodenlaw.com/dog-bite-lawyers/dangerous-breed-attack/,0,160,0.00,24.3
https://rodenlaw.com/locations/georgia/darien/townsend/,0,160,0.00,13.0
https://rodenlaw.com/locations/south-carolina/columbia/elgin/,0,160,0.00,20.3
https://rodenlaw.com/blog/longshoreman-injury-claims/,0,159,0.00,28.6
https://rodenlaw.com/blog/georgia-car-seat-law-overview/,0,158,0.00,8.9
https://rodenlaw.com/blog/rollover-crashes-and-what-they-do-to-your-body/#who-is-liable,0,158,0.00,8.2
https://rodenlaw.com/blog/medical-malpractice-examples/,0,157,0.00,13.6
https://rodenlaw.com/slip-and-fall-lawyers/hotel-resort-injury/,0,157,0.00,33.6
https://rodenlaw.com/blog/importance-of-eyewitness-testimony/,0,156,0.00,9.9
https://rodenlaw.com/golf-cart-accident-lawyers/savannah-ga/,0,155,0.00,30.3
https://rodenlaw.com/es/workers-compensation-lawyers/charleston-sc/,0,154,0.00,22.6
https://rodenlaw.com/blog/tactics-insurers-use-to-deny-crash-claims-charleston/,0,153,0.00,12.1
https://rodenlaw.com/practice-areas/e-bike-accident-lawyers/,0,152,0.00,29.8
https://rodenlaw.com/blog-am-i-eligible-for-workers-compensation/,1,150,0.67,16.8
https://rodenlaw.com/blog/independent-medical-exams/#what-is-an-ime,0,150,0.00,3.3
https://rodenlaw.com/blog/rollover-crashes-and-what-they-do-to-your-body/#common-injuries,0,150,0.00,8.0
https://rodenlaw.com/burn-injury-lawyers/north-charleston-sc/,0,149,0.00,69.4
https://rodenlaw.com/es/practice-areas/medical-malpractice-lawyers/,0,149,0.00,14.9
https://rodenlaw.com/practice-areas/electric-scooter-accident-lawyers/charleston-sc/,0,149,0.00,3.0
https://rodenlaw.com/blog/discovery-process-in-personal-injury-cases/,0,148,0.00,35.0
https://rodenlaw.com/blog/hit-and-run-drunk-driver-crashes-ashley-river-road-sc-61-west-ashley-greenwood-park/,6,147,4.08,9.8
https://rodenlaw.com/blog/rollover-crashes-and-what-they-do-to-your-body/#what-is-rollover-crash,0,146,0.00,8.3
https://rodenlaw.com/blog/rollover-crashes-and-what-they-do-to-your-body/#how-rollovers-happen,0,145,0.00,8.2
https://rodenlaw.com/locations/south-carolina/charleston/awendaw/,0,145,0.00,35.8
https://rodenlaw.com/workers-compensation-lawyers/third-party-workplace-injury/,0,144,0.00,17.8
https://rodenlaw.com/resources/port-of-savannah-truck-routes/,5,143,3.50,6.7
https://rodenlaw.com/blog/safety-tips-driving-work-zones-georgia/,0,143,0.00,34.3
https://rodenlaw.com/es/bicycle-accident-lawyers/myrtle-beach-sc/,0,143,0.00,11.4
https://rodenlaw.com/truck-accident-lawyers/i-26-truck-accident/,0,143,0.00,15.3
https://rodenlaw.com/resources/myrtle-beach-fatal-crashes/,3,142,2.11,8.4
https://rodenlaw.com/product-liability-lawyers/defective-industrial-equipment/,1,142,0.70,29.9
https://rodenlaw.com/blog/south-carolina-pedestrian-right-of-way-laws/#pedestrian-duties,0,142,0.00,6.5
https://rodenlaw.com/blog/south-carolina-pedestrian-right-of-way-laws/#sc-statutes,0,142,0.00,6.5
https://rodenlaw.com/electric-scooter-accident-lawyers/savannah-ga/,0,142,0.00,8.0
https://rodenlaw.com/blog/child-passenger-automobile-safety-georgia/,1,141,0.71,51.4
https://rodenlaw.com/blog/charleston-tourist-injuries-premises-liability-hotels-restaurants/,0,141,0.00,10.6
https://rodenlaw.com/blog/claims-against-at-fault-drivers-who-died/#can-you-still-file,0,141,0.00,4.1
https://rodenlaw.com/blog/changing-workers-comp-doctors-in-georgia/,0,140,0.00,23.6
https://rodenlaw.com/blog/mark-clark-expressway-i-526-18-wheeler-accident-lawyer-north-charleston/,0,140,0.00,19.0
https://rodenlaw.com/pedestrian-accident-lawyers/hit-and-run-pedestrian-accident/,0,140,0.00,31.7
https://rodenlaw.com/personal-injury-lawyers/north-charleston-sc/,1,139,0.72,17.5
https://rodenlaw.com/blog/rollover-crashes-and-what-they-do-to-your-body/#damages-you-can-recover,0,139,0.00,8.3
https://rodenlaw.com/resources/dean-forest-road-truck-accidents-pooler/,0,139,0.00,7.7
https://rodenlaw.com/resources/pooler-warehouse-district-truck-accidents/,0,138,0.00,9.8
https://rodenlaw.com/blog/police-report-as-proof-of-liability/,2,137,1.46,8.7
https://rodenlaw.com/motorcycle-accident-lawyers/lane-splitting-accident/,1,137,0.73,10.1
https://rodenlaw.com/blog/your-guide-to-documenting-a-james-island-parkway-car-accident/,0,137,0.00,19.6
https://rodenlaw.com/slip-and-fall-lawyers/wet-floor-accident/,0,136,0.00,21.3
https://rodenlaw.com/blog/value-of-car-crash-claim-if-permanent-injuries/,0,135,0.00,27.2
https://rodenlaw.com/construction-accident-lawyers/north-charleston-sc/,0,135,0.00,44.4
https://rodenlaw.com/maritime-injury-lawyers/darien-ga/,1,134,0.75,32.2
https://rodenlaw.com/blog/rollover-crashes-and-what-they-do-to-your-body/#what-happens-to-your-body,0,134,0.00,8.3
https://rodenlaw.com/golf-cart-accident-lawyers/darien-ga/,0,134,0.00,20.6
https://rodenlaw.com/practice-areas/electric-scooter-accident-lawyers/,0,134,0.00,64.7
https://rodenlaw.com/electric-scooter-accident-lawyers/escooter-intersection-crash/,1,133,0.75,12.0
https://rodenlaw.com/blog/college-campus-safety-tips-every-student-should-know/,0,132,0.00,15.3
https://rodenlaw.com/blog/is-workers-compensation-an-employee-benefit/#what-benefits-are-available,0,132,0.00,5.7
https://rodenlaw.com/blog/south-carolina-pedestrian-right-of-way-laws/#marked-vs-unmarked,0,132,0.00,6.5
https://rodenlaw.com/es/construction-accident-lawyers/columbia-sc/,0,132,0.00,20.1
https://rodenlaw.com/blog/5-benefits-of-hiring-a-truck-accident-attorney-in-2023/,0,131,0.00,6.1
https://rodenlaw.com/blog/independent-medical-exams/#are-ime-doctors-independent,0,131,0.00,3.1
https://rodenlaw.com/blog/steps-to-take-if-you-are-involved-in-a-bicycle-hit-and-run/,0,131,0.00,12.2
https://rodenlaw.com/dog-bite-lawyers/postal-delivery-worker-bite/,1,130,0.77,13.7
https://rodenlaw.com/resources/south-carolina-motorcycle-accident-settlement-value/,1,130,0.77,26.4
https://rodenlaw.com/blog/i-526-mount-pleasant-wando-bridge-accident/,0,130,0.00,9.6
https://rodenlaw.com/blog/st-simons-island-kings-way-motorcycle-accident-lawyer/,0,130,0.00,9.5
https://rodenlaw.com/motorcycle-accident-lawyers/intersection-motorcycle-accident/,0,130,0.00,17.3
https://rodenlaw.com/blog/park-circle-east-montague-drunk-driving-accident-lawyer-north-charleston/,0,129,0.00,14.0
https://rodenlaw.com/boating-accident-lawyers/speedboat-powerboat-collision/,0,129,0.00,31.2
https://rodenlaw.com/blog/motorcycle-accidents-dorchester-road-data/,2,128,1.56,8.9
https://rodenlaw.com/blog/does-workers-compensation-cover-prescriptions/#ga-rules,0,128,0.00,6.6
https://rodenlaw.com/blog/five-points-columbia-uber-accident-lawyer/,0,128,0.00,17.9
https://rodenlaw.com/locations/south-carolina/charleston/mount-pleasant/rivertowne/,0,128,0.00,23.2
https://rodenlaw.com/boating-accident-lawyers/pontoon-boat-accident/,3,127,2.36,4.5
https://rodenlaw.com/blog/liability-for-brake-checking-crashes-charleston/,0,127,0.00,24.8
https://rodenlaw.com/spinal-cord-injury-lawyers/tetraplegia-quadriplegia/,0,127,0.00,35.2
https://rodenlaw.com/blog/returning-to-work-too-soon-charleston-crash/,1,126,0.79,20.3
https://rodenlaw.com/blog/pedestrian-liability-for-car-accidents/,0,126,0.00,50.7
https://rodenlaw.com/blog/rollover-crashes-and-what-they-do-to-your-body/#comparative-fault,0,126,0.00,8.3
https://rodenlaw.com/blog/valid-premises-liability-claim-georgia/,0,126,0.00,62.5
https://rodenlaw.com/blog/car-accidents-ladson-i-26-exit-203-danger-zone/,1,125,0.80,8.7
https://rodenlaw.com/blog/using-uninsured-underinsured-motorist-coverage-in-georgia/#georgia-um-uim-laws,0,125,0.00,6.6
https://rodenlaw.com/truck-accident-lawyers/jackknife-accident/,0,124,0.00,28.0
https://rodenlaw.com/premises-liability-lawyers/darien-ga/,2,123,1.63,15.5
https://rodenlaw.com/blog/third-party-liability-for-work-injury/,0,123,0.00,71.6
https://rodenlaw.com/car-accident-lawyers/delivery-vehicle-accident/,0,123,0.00,53.2
https://rodenlaw.com/locations/south-carolina/columbia/lugoff/,0,123,0.00,14.4
https://rodenlaw.com/brain-injury-lawyers/darien-ga/,0,122,0.00,17.6
https://rodenlaw.com/blog/car-totaled-in-accident-what-to-do/,0,120,0.00,20.6
https://rodenlaw.com/wrongful-death-lawyers/fatal-car-accident/,0,119,0.00,14.3
https://rodenlaw.com/blog/blog-am-i-eligible-for-workers-compensation/,0,118,0.00,50.7
https://rodenlaw.com/atv-side-by-side-accident-lawyers/atv-product-defect/,3,117,2.56,22.0
https://rodenlaw.com/blog/litchfield-pawleys-island-golf-cart-accident-lawyer-georgetown-county/,2,117,1.71,12.1
https://rodenlaw.com/blog/dick-pond-road-sc-544-truck-accident-lawyer-surfside-beach/,0,117,0.00,9.7
https://rodenlaw.com/blog/dog-bite-surfside-beach-29575/,0,116,0.00,25.7
https://rodenlaw.com/burn-injury-lawyers/myrtle-beach-sc/,0,116,0.00,9.4
https://rodenlaw.com/practice-areas/brain-injury-lawyers/charleston-sc/,0,116,0.00,16.0
https://rodenlaw.com/blog/claims-against-at-fault-drivers-who-died/#statute-of-limitations,0,115,0.00,4.1
https://rodenlaw.com/blog/georgia-super-speeder-law/#sc-speeding,0,115,0.00,8.1
https://rodenlaw.com/car-accident-lawyers/myrtle-beach-sc/,0,115,0.00,29.0
https://rodenlaw.com/es/blog/i-20-bush-river-road-motorcycle-accident-lawyer-columbia/,0,114,0.00,8.9
https://rodenlaw.com/es/practice-areas/burn-injury-lawyers/,0,114,0.00,26.4
https://rodenlaw.com/blog/does-workers-compensation-cover-prescriptions/#filling-prescriptions,0,112,0.00,6.3
https://rodenlaw.com/locations/georgia/savannah/rincon/town-center/,1,111,0.90,20.0
https://rodenlaw.com/blog/tips-for-choosing-a-motor-vehicle-accident-attorney/,0,110,0.00,11.3
https://rodenlaw.com/blog/does-workers-compensation-cover-prescriptions/#short-answer,0,109,0.00,6.3
https://rodenlaw.com/blog/summerville-i-26-18-wheeler-accident-lawyer-dorchester-county/,0,109,0.00,12.6
https://rodenlaw.com/blog/accident-claims-with-an-expired-license/#insurance-company-tactics,0,108,0.00,8.9
https://rodenlaw.com/blog/georgia-pedestrian-right-of-way-laws/#georgia-statutes,0,108,0.00,9.3
https://rodenlaw.com/blog/georgia-super-speeder-law/#out-of-state,0,108,0.00,7.9
https://rodenlaw.com/class-action-lawyers/roundup/,0,108,0.00,19.7
https://rodenlaw.com/practice-areas/product-liability-lawyers/columbia-sc/,0,108,0.00,39.9
https://rodenlaw.com/es/south-carolina-workers-compensation-lawyer/,0,107,0.00,17.1
https://rodenlaw.com/wrongful-death-lawyers/defective-product-death/,0,107,0.00,25.4
https://rodenlaw.com/blog/independent-medical-exams/#ime-rules-georgia,0,106,0.00,3.5
https://rodenlaw.com/blog/accident-claims-with-an-expired-license/#expired-vs-suspended,0,105,0.00,9.0
https://rodenlaw.com/blog/georgia-super-speeder-law/#license-suspension,0,105,0.00,7.9
https://rodenlaw.com/blog/georgia-super-speeder-law/#penalties,0,105,0.00,7.9
https://rodenlaw.com/es/practice-areas/maritime-injury-lawyers/,0,105,0.00,13.1
https://rodenlaw.com/blog/atm-attack-liability/,1,103,0.97,11.6
https://rodenlaw.com/blog/tenmile-i-26-best-car-accident-lawyer-north-charleston/,0,103,0.00,37.0
https://rodenlaw.com/construction-accident-lawyers/crane-heavy-equipment-accident/,0,103,0.00,21.2
https://rodenlaw.com/blog/does-workers-compensation-cover-prescriptions/#sc-rules,0,102,0.00,6.0
https://rodenlaw.com/blog/fmcsa-violations-truck-accident-claims/,0,102,0.00,11.9
https://rodenlaw.com/blog/georgia-pedestrian-right-of-way-laws/#pedestrian-duties,0,102,0.00,9.4
https://rodenlaw.com/blog/how-to-maximize-your-car-accident-compensation-in-south-carolina/,0,102,0.00,14.4
https://rodenlaw.com/practice-areas/brain-injury-lawyers/birth-related-brain-injury/,0,102,0.00,7.8
https://rodenlaw.com/blog/answering-insurance-questions-after-crash/#types-of-questions,0,101,0.00,5.1
https://rodenlaw.com/blog/answering-insurance-questions-after-crash/#why-insurers-contact-you,0,101,0.00,5.1
https://rodenlaw.com/blog/compensation-while-not-wearing-seat-belt/,0,101,0.00,18.3
https://rodenlaw.com/car-accident-lawyers/multi-vehicle-pileup/,0,101,0.00,16.1
https://rodenlaw.com/premises-liability-lawyers/amusement-park-recreational-injury/,0,101,0.00,16.9
https://rodenlaw.com/blog/accident-claims-with-an-expired-license/#georgia-expired-license,0,100,0.00,9.0
https://rodenlaw.com/blog/common-workplace-injuries-georgia/,0,100,0.00,15.1
https://rodenlaw.com/blog/mount-pleasant-johnnie-dodds-us-17-uninsured-motorist-lawyer/,1,99,1.01,9.2
https://rodenlaw.com/resources/i-526-truck-accidents-charleston/,0,99,0.00,7.0
https://rodenlaw.com/slip-and-fall-lawyers/grocery-store-slip-and-fall/,0,99,0.00,34.7
https://rodenlaw.com/blog/accepting-a-cash-offer-after-savannah-car-crash/,0,98,0.00,16.2
https://rodenlaw.com/blog/compensation-for-car-crash-facial-injuries-charleston/,0,98,0.00,12.8
https://rodenlaw.com/nursing-home-abuse-lawyers/darien-ga/,0,98,0.00,11.4
https://rodenlaw.com/personal-injury-lawyers/myrtle-beach-sc/,0,98,0.00,38.6
https://rodenlaw.com/product-liability-lawyers/defective-auto-parts/,0,98,0.00,28.3
https://rodenlaw.com/locations/south-carolina/columbia/pelion/,1,97,1.03,8.1
https://rodenlaw.com/blog/islands-expressway-whitemarsh-island-motorcycle-accident-chatham-county/,0,97,0.00,17.4
https://rodenlaw.com/blog/taxes-on-car-crash-settlement-in-georgia/#non-taxable,0,97,0.00,7.2
https://rodenlaw.com/workers-compensation-lawyers/port-worker-injury/,0,97,0.00,42.0
https://rodenlaw.com/blog/drunk-driver-crash-south-kings-highway-us-17-business-surfside-beach-29575/,2,96,2.08,9.2
https://rodenlaw.com/resources/spruill-avenue-port-trucks-north-charleston/,1,96,1.04,7.4
https://rodenlaw.com/blog/category/golf-cart-accident/,0,96,0.00,16.8
https://rodenlaw.com/blog/surfside-beach-golf-colony-golf-cart-accident-lawyer/,2,95,2.11,13.0
https://rodenlaw.com/blog/hanahan-murray-avenue-highland-park-bicycle-accident-lawyer/,1,95,1.05,13.4
https://rodenlaw.com/blog/medical-malpractice-limits-south-carolina/#discovery-rule,0,95,0.00,4.0
https://rodenlaw.com/blog/taxes-on-car-crash-settlement-in-georgia/#taxable,0,95,0.00,7.2
https://rodenlaw.com/blog/accident-claims-with-an-expired-license/#expired-license-claims,0,94,0.00,8.9
https://rodenlaw.com/blog/accident-claims-with-an-expired-license/#south-carolina-expired-license,0,94,0.00,9.1
https://rodenlaw.com/locations/south-carolina/charleston/mount-pleasant/sullivans-island/,0,94,0.00,13.9
https://rodenlaw.com/locations/south-carolina/columbia/irmo/,0,94,0.00,6.4
https://rodenlaw.com/premises-liability-lawyers/retail-store-shopping-center-injury/,1,93,1.08,40.6
https://rodenlaw.com/blog/does-workers-compensation-cover-prescriptions/#how-coverage-works,0,93,0.00,6.1
https://rodenlaw.com/blog/shoulder-injuries-after-charleston-car-crash/,0,93,0.00,40.0
https://rodenlaw.com/blog/taxes-on-car-crash-settlement-in-georgia/#structuring,0,93,0.00,7.2
https://rodenlaw.com/locations/south-carolina/myrtle-beach/conway/historic-district/,0,93,0.00,7.6
https://rodenlaw.com/blog/is-workers-compensation-an-employee-benefit/#who-is-covered,0,92,0.00,5.9
https://rodenlaw.com/privacy-policy/,0,92,0.00,9.2
https://rodenlaw.com/es/resources/how-much-does-south-carolina-workers-comp-pay/,4,91,4.40,5.1
https://rodenlaw.com/wrongful-death-lawyers/myrtle-beach-sc/,1,91,1.10,9.6
https://rodenlaw.com/blog/filing-soft-tissue-injury-claims-in-charleston/,0,91,0.00,59.1
https://rodenlaw.com/blog/taxes-on-car-crash-settlement-in-georgia/#general-rule,0,91,0.00,7.2
https://rodenlaw.com/blog/value-of-pain-and-suffering/#what-is-pain-and-suffering,0,91,0.00,7.8
https://rodenlaw.com/practice-areas/atv-side-by-side-accident-lawyers/columbia-sc/,0,91,0.00,12.0
https://rodenlaw.com/spinal-cord-injury-lawyers/spinal-fracture/,0,91,0.00,13.0
https://rodenlaw.com/blog/accident-claims-with-an-expired-license/#comparative-fault,0,89,0.00,9.0
https://rodenlaw.com/slip-and-fall-lawyers/darien-ga/,0,89,0.00,10.3
https://rodenlaw.com/blog/value-of-pain-and-suffering/#types-of-pain-and-suffering,0,88,0.00,8.1
https://rodenlaw.com/resources/georgia-helmet-laws/,0,88,0.00,7.5
https://rodenlaw.com/resources/i-26-i-95-corridor-report/,0,88,0.00,7.4
https://rodenlaw.com/blog/savannah-highway-truck-accidents-west-ashley-us-17/,0,87,0.00,10.4
https://rodenlaw.com/product-liability-lawyers/defective-childrens-product/,0,87,0.00,12.5
https://rodenlaw.com/es/resources/south-carolina-workers-comp-body-part-values/,1,86,1.16,6.1
https://rodenlaw.com/blog/broad-river-road-pedestrian-accident-lawyer-harbison-columbia/,0,86,0.00,33.0
https://rodenlaw.com/car-accident-lawyers/bus-accident/,0,86,0.00,15.4
https://rodenlaw.com/es/bicycle-accident-lawyers/darien-ga/,0,86,0.00,33.1
https://rodenlaw.com/locations/south-carolina/charleston/seabrook-island/,0,86,0.00,18.3
https://rodenlaw.com/medical-malpractice-lawyers/birth-injury/,0,86,0.00,4.1
https://rodenlaw.com/premises-liability-lawyers/apartment-complex-injury/,0,86,0.00,13.8
https://rodenlaw.com/blog/old-fort-jackson-savannah-fatal-truck-accident-lawyer/,1,85,1.18,14.5
https://rodenlaw.com/blog/st-andrews-road-widewater-18-wheeler-accident-lawyer-richland-county/,1,85,1.18,11.3
https://rodenlaw.com/blog/south-carolina-pedestrian-right-of-way-laws/#comparative-fault,0,85,0.00,6.9
https://rodenlaw.com/locations/south-carolina/columbia/st-andrews/,0,84,0.00,7.0
https://rodenlaw.com/blog/category/atv-accident/,0,83,0.00,33.0
https://rodenlaw.com/construction-accident-lawyers/darien-ga/,0,83,0.00,21.5
https://rodenlaw.com/locations/south-carolina/columbia/cayce/,0,83,0.00,8.4
https://rodenlaw.com/locations/south-carolina/myrtle-beach/myrtle-beach/golden-mile/,0,83,0.00,45.0
https://rodenlaw.com/locations/south-carolina/myrtle-beach/red-hill/,0,83,0.00,15.4
https://rodenlaw.com/medical-malpractice-lawyers/columbia-sc/,0,83,0.00,12.2
https://rodenlaw.com/blog/does-workers-compensation-cover-prescriptions/#what-is-covered,0,82,0.00,5.6
https://rodenlaw.com/blog/rivers-avenue-northwoods-bus-accident-lawyer-north-charleston/,0,82,0.00,15.6
https://rodenlaw.com/class-action-lawyers/afff-firefighting-foam-lawsuits/,0,82,0.00,22.7
https://rodenlaw.com/blog/does-workers-compensation-cover-prescriptions/#opioid-restrictions,0,81,0.00,5.6
https://rodenlaw.com/blog/medical-malpractice-limits-south-carolina/#mediation-requirement,0,81,0.00,4.1
https://rodenlaw.com/blog/pedestrian-accident-dorchester-road-school-zone-29418-north-charleston/,0,81,0.00,9.2
https://rodenlaw.com/truck-accident-lawyers/fatigued-trucker-accident/,0,81,0.00,32.1
https://rodenlaw.com/blog/value-of-pain-and-suffering/#caps-georgia-south-carolina,0,80,0.00,8.1
https://rodenlaw.com/es/practice-areas/premises-liability-lawyers/,0,80,0.00,41.1
https://rodenlaw.com/dog-bite-lawyers/child-dog-bite/,1,79,1.27,16.0
https://rodenlaw.com/locations/south-carolina/columbia/dentsville/,0,79,0.00,6.0
https://rodenlaw.com/wrongful-death-lawyers/north-charleston-sc/,0,79,0.00,32.2
https://rodenlaw.com/es/workers-compensation-lawyers/myrtle-beach-sc/,0,78,0.00,19.5
https://rodenlaw.com/es/resources/south-carolina-car-accident-settlement-value/,5,77,6.49,4.8
https://rodenlaw.com/locations/georgia/darien/alma/,1,77,1.30,8.8
https://rodenlaw.com/blog/daniel-island-accidents-event-traffic-golf-carts/,0,77,0.00,14.3
https://rodenlaw.com/blog/kemira-plant-drive-savannah-fatal-truck-accident-lawyer/,0,77,0.00,10.5
https://rodenlaw.com/blog/mount-pleasant-mark-clark-expressway-i-526-motorcycle-accident-lawyer/,1,76,1.32,8.6
https://rodenlaw.com/class-action-lawyers/uloric/,1,76,1.32,18.2
https://rodenlaw.com/atv-side-by-side-accident-lawyers/columbia-sc/,0,76,0.00,27.1
https://rodenlaw.com/blog/claims-against-at-fault-drivers-who-died/#insurance-claim,0,76,0.00,3.1
https://rodenlaw.com/brain-injury-lawyers/sports-related-brain-injury/,0,76,0.00,20.3
https://rodenlaw.com/resources/georgia-moped-laws/,0,76,0.00,8.5
https://rodenlaw.com/resources/jimmy-deloach-connector-truck-accidents-savannah/,0,76,0.00,8.9
https://rodenlaw.com/slip-and-fall-lawyers/restaurant-slip-and-fall/,0,76,0.00,11.3
https://rodenlaw.com/es/resources/south-carolina-statute-of-limitations/,4,75,5.33,5.2
https://rodenlaw.com/resources/dorchester-road-truck-accidents-north-charleston/,3,75,4.00,9.2
https://rodenlaw.com/locations/georgia/darien/jekyll-island/,2,75,2.67,19.4
https://rodenlaw.com/bicycle-accident-lawyers/bicycle-vs-truck-accident/,0,75,0.00,8.2
https://rodenlaw.com/blog/goose-creek-car-accidents-military-traffic-us-52/,0,75,0.00,17.0
https://rodenlaw.com/blog/value-of-pain-and-suffering/#comparative-fault,0,75,0.00,8.2
https://rodenlaw.com/blog/answering-insurance-questions-after-crash/#recorded-statements,0,74,0.00,5.2
https://rodenlaw.com/blog/answering-insurance-questions-after-crash/#what-to-say,0,74,0.00,5.2
https://rodenlaw.com/blog/page/21/,0,74,0.00,14.7
https://rodenlaw.com/blog/punitive-damages-in-drunk-driving-accident/,0,74,0.00,68.0
https://rodenlaw.com/blog/south-carolina-pedestrian-right-of-way-laws/#driver-duties,0,74,0.00,7.0
https://rodenlaw.com/blog/,0,73,0.00,35.6
https://rodenlaw.com/blog/benefits-for-workplace-violence/#short-answer,0,73,0.00,5.0
https://rodenlaw.com/blog/does-worker-compensation-cover-employee-negligence/#short-answer,0,73,0.00,4.9
https://rodenlaw.com/blog/i-20-bush-river-road-motorcycle-accident-lawyer-columbia/,0,73,0.00,14.3
https://rodenlaw.com/blog/south-carolina-pedestrian-right-of-way-laws/#common-violations,0,73,0.00,7.1
https://rodenlaw.com/blog/south-carolina-pedestrian-right-of-way-laws/#what-is-right-of-way,0,73,0.00,7.1
https://rodenlaw.com/practice-areas/maritime-injury-lawyers/tugboat-barge-accident/,0,73,0.00,22.5
https://rodenlaw.com/practice-areas/product-liability-lawyers/food-contamination/,1,72,1.39,12.3
https://rodenlaw.com/blog/category/bicycle-accident/,0,72,0.00,35.0
https://rodenlaw.com/blog/risk-of-refusing-medical-care-after-car-crash-charleston/,0,72,0.00,14.7
https://rodenlaw.com/es/locations/,0,71,0.00,12.1
https://rodenlaw.com/product-liability-lawyers/north-charleston-sc/,0,71,0.00,31.6
https://rodenlaw.com/truck-accident-lawyers/hazardous-materials-accident/,0,71,0.00,21.0
https://rodenlaw.com/blog/the-most-common-causes-of-truck-accidents/,0,70,0.00,19.4
https://rodenlaw.com/blog/using-uninsured-underinsured-motorist-coverage-in-georgia/#south-carolina-um-uim-laws,0,70,0.00,6.8
https://rodenlaw.com/blog/using-uninsured-underinsured-motorist-coverage-in-georgia/#what-is-um-uim,0,70,0.00,6.9
https://rodenlaw.com/locations/south-carolina/charleston/isle-of-palms/,0,70,0.00,16.2
https://rodenlaw.com/blog/a-cyclists-guide-after-a-ravenel-bridge-accident/,1,69,1.45,14.0
https://rodenlaw.com/dog-bite-lawyers/severe-dog-bite-injury/,1,69,1.45,17.9
https://rodenlaw.com/blog/paying-medical-bills-during-a-claim/,0,69,0.00,16.6
https://rodenlaw.com/es/practice-areas/brain-injury-lawyers/,0,69,0.00,18.8
https://rodenlaw.com/golf-cart-accident-lawyers/charleston-sc/,0,69,0.00,26.8
https://rodenlaw.com/locations/south-carolina/columbia/red-bank/,0,69,0.00,7.3
https://rodenlaw.com/motorcycle-accident-lawyers/drunk-driver-motorcycle-accident/,0,69,0.00,11.3
https://rodenlaw.com/es/motorcycle-accident-lawyers/columbia-sc/,0,68,0.00,8.0
https://rodenlaw.com/locations/georgia/savannah/port-wentworth/,0,68,0.00,11.9
https://rodenlaw.com/practice-areas/brain-injury-lawyers/anoxic-hypoxic-brain-injury/,0,68,0.00,18.0
https://rodenlaw.com/practice-areas/burn-injury-lawyers/scalding-hot-liquid-burn/,0,68,0.00,14.0
https://rodenlaw.com/workers-compensation-lawyers/darien-ga/,0,68,0.00,6.5
https://rodenlaw.com/blog/claims-against-at-fault-drivers-who-died/#wrongful-death-crossover,0,67,0.00,3.5
https://rodenlaw.com/locations/south-carolina/charleston/folly-beach/,0,67,0.00,32.9
https://rodenlaw.com/locations/south-carolina/columbia/oak-grove/,0,67,0.00,7.3
https://rodenlaw.com/medical-malpractice-lawyers/emergency-room-negligence/,0,67,0.00,20.0
https://rodenlaw.com/blog/car-accidents-on-coleman-boulevard-in-mount-pleasant/,1,66,1.52,17.7
https://rodenlaw.com/blog/using-uninsured-underinsured-motorist-coverage-in-georgia/#when-um-uim-applies,0,66,0.00,6.7
https://rodenlaw.com/electric-scooter-accident-lawyers/darien-ga/,0,66,0.00,8.8
https://rodenlaw.com/resources/i-16-truck-accidents-savannah/,0,66,0.00,8.8
https://rodenlaw.com/truck-accident-lawyers/myrtle-beach-sc/,0,66,0.00,13.0
https://rodenlaw.com/blog/benefits-for-workplace-violence/#ga-rules,0,65,0.00,5.0
https://rodenlaw.com/blog/drowsy-driving-epidemic-georgia/,0,65,0.00,19.3
https://rodenlaw.com/blog/fault-for-car-accident/,0,65,0.00,30.7
https://rodenlaw.com/locations/south-carolina/charleston/meggett/,0,65,0.00,30.3
https://rodenlaw.com/blog/darien-river-boating-accident-lawyer/,0,64,0.00,18.7
https://rodenlaw.com/blog/the-importance-of-gathering-evidence-after-a-motorcycle-accident/,0,64,0.00,21.0
https://rodenlaw.com/workers-compensation-lawyers/savannah-port-worker-injury/,1,63,1.59,35.8
https://rodenlaw.com/blog/how-do-i-know-if-i-have-a-medical-malpractice-case/,0,63,0.00,15.0
https://rodenlaw.com/blog/summer-driving-safety-tips/,0,63,0.00,19.0
https://rodenlaw.com/es/practice-areas/personal-injury-lawyers/,0,63,0.00,29.9
https://rodenlaw.com/locations/south-carolina/charleston/johns-island/,0,63,0.00,13.5
https://rodenlaw.com/practice-areas/workers-compensation-lawyers/occupational-disease/,0,63,0.00,37.9
https://rodenlaw.com/resources/south-carolina-golf-cart-laws/,0,63,0.00,7.0
https://rodenlaw.com/resources/south-carolina-moped-laws/,0,63,0.00,6.5
https://rodenlaw.com/blog/does-worker-compensation-cover-employee-negligence/#examples,0,62,0.00,4.6
https://rodenlaw.com/blog/summer-dui-accidents-charleston-memorial-day-labor-day/,0,62,0.00,17.4
https://rodenlaw.com/car-accident-lawyers/construction-vehicle-accident/,0,62,0.00,12.7
https://rodenlaw.com/es/practice-areas/dog-bite-lawyers/,0,62,0.00,17.1
https://rodenlaw.com/locations/georgia/darien/ludowici/,0,62,0.00,10.0
https://rodenlaw.com/pedestrian-accident-lawyers/darien-ga/,0,62,0.00,3.7
https://rodenlaw.com/practice-areas/maritime-injury-lawyers/charleston-sc/,0,62,0.00,39.4
https://rodenlaw.com/blog/benefits-for-workplace-violence/#covered-scenarios,0,61,0.00,5.2
https://rodenlaw.com/blog/benefits-for-workplace-violence/#not-covered,0,61,0.00,5.2
https://rodenlaw.com/blog/charleston-lyft-driver-ran-red-light-and-hit-my-car/,0,61,0.00,14.5
https://rodenlaw.com/blog/claims-against-at-fault-drivers-who-died/#suing-the-estate,0,61,0.00,3.3
https://rodenlaw.com/class-action-lawyers/ozempic-lawsuits/,0,61,0.00,7.6
https://rodenlaw.com/locations/georgia/darien/blackshear/,0,61,0.00,11.2
https://rodenlaw.com/locations/georgia/darien/harrietts-bluff/,0,61,0.00,23.5
https://rodenlaw.com/maritime-injury-lawyers/offshore-platform-injury/,0,61,0.00,20.9
https://rodenlaw.com/resources/us-17-sc-544-truck-accidents-surfside-beach/,3,60,5.00,8.1
https://rodenlaw.com/blog/charleston-car-crash-brain-injuries/,1,60,1.67,32.4
https://rodenlaw.com/blog/choosing-your-personal-injury-lawyer/,0,60,0.00,13.3
https://rodenlaw.com/blog/claims-against-at-fault-drivers-who-died/#probate-process,0,60,0.00,3.3
https://rodenlaw.com/blog/road-hazard-car-accident-liability/,0,60,0.00,43.4
https://rodenlaw.com/blog/safe-driving-in-construction-zones/,0,60,0.00,13.9
https://rodenlaw.com/es/resources/georgia-car-accident-settlement-value/,4,59,6.78,3.1
https://rodenlaw.com/locations/georgia/darien/st-marys/,0,59,0.00,7.1
https://rodenlaw.com/locations/south-carolina/charleston/west-ashley/ashley-river-road/,0,59,0.00,9.1
https://rodenlaw.com/resources/lexington-county-truck-accidents-distribution-corridor/,0,59,0.00,13.5
https://rodenlaw.com/blog/claims-against-at-fault-drivers-who-died/#um-uim-coverage,0,58,0.00,3.2
https://rodenlaw.com/blog/columbia-airport-expressway-us-378-truck-accident-springdale-lexington-county/,0,58,0.00,29.4
https://rodenlaw.com/car-accident-lawyers/dorchester-road-accident/,0,58,0.00,11.8
https://rodenlaw.com/locations/georgia/darien/white-oak/,0,58,0.00,9.5
https://rodenlaw.com/practice-areas/dog-bite-lawyers/child-dog-bite/,0,58,0.00,20.1
https://rodenlaw.com/blog/charleston-rideshare-brake-failure-accident/,1,57,1.75,18.4
https://rodenlaw.com/blog/dog-bite-prevention-tips/,0,57,0.00,16.0
https://rodenlaw.com/blog/duty-of-care-personal-injury-claim/,0,57,0.00,55.0
https://rodenlaw.com/blog/i-526-expansion-construction-zone-accidents-charleston/,0,57,0.00,8.0
https://rodenlaw.com/blog/west-ashley-vs-downtown-charleston-driving-risks/,0,57,0.00,13.6
https://rodenlaw.com/blog/your-guide-to-justice-after-a-charleston-truck-accident/,0,57,0.00,14.4
https://rodenlaw.com/practice-areas/medical-malpractice-lawyers/informed-consent-failure/,0,57,0.00,8.8
https://rodenlaw.com/resources/abercorn-street-truck-accidents-savannah/,1,56,1.79,9.1
https://rodenlaw.com/blog/garden-city-eden-loop-truck-accident-lawyer/,0,56,0.00,20.2
https://rodenlaw.com/blog/port-of-charleston-injury-claims-longshoremen-dock-workers/,0,56,0.00,10.8
https://rodenlaw.com/blog/rivers-avenue-pedestrian-deaths-north-charleston/,0,56,0.00,6.1
https://rodenlaw.com/pedestrian-accident-lawyers/intersection-pedestrian-accident/,0,56,0.00,17.0
https://rodenlaw.com/practice-areas/brain-injury-lawyers/north-charleston-sc/,0,56,0.00,16.8
https://rodenlaw.com/blog/garden-city-ga-21-augusta-road-car-accident-lawyer/,1,55,1.82,13.0
https://rodenlaw.com/locations/georgia/darien/jesup/,1,55,1.82,7.4
https://rodenlaw.com/blog/category/truck-accident/,0,55,0.00,13.8
https://rodenlaw.com/blog/west-ashley-sam-rittenberg-boulevard-motorcycle-accident-lawyer/,0,55,0.00,16.8
https://rodenlaw.com/blog/who-pays-for-damages-from-t-bone-crashes-in-savannah/,0,55,0.00,28.4
https://rodenlaw.com/es/resources/south-carolina-workers-comp-impairment-rating-mmi/,0,55,0.00,7.2
https://rodenlaw.com/locations/south-carolina/myrtle-beach/andrews/,0,55,0.00,20.5
https://rodenlaw.com/resources/georgia-vs-south-carolina-workers-compensation/,0,55,0.00,10.1
https://rodenlaw.com/blog/johns-island-accidents-no-hospital-emergency-room/,1,54,1.85,12.7
https://rodenlaw.com/blog/category/car-accident/,0,54,0.00,25.1
https://rodenlaw.com/blog/green-grove-dorchester-road-atv-accident-lawyer-north-charleston/,0,54,0.00,22.4
https://rodenlaw.com/dog-bite-lawyers/darien-ga/,0,54,0.00,5.2
https://rodenlaw.com/dog-bite-lawyers/dog-attack-jogger-cyclist/,0,54,0.00,9.4
https://rodenlaw.com/greenville-sc-car-accident-lawyer/,0,53,0.00,42.8
https://rodenlaw.com/blog/georgia-pedestrian-right-of-way-laws/#comparative-fault,0,52,0.00,8.9
https://rodenlaw.com/locations/georgia/darien/darien/,1,51,1.96,6.0
https://rodenlaw.com/blog/independent-medical-exams/#refuse-an-ime,0,51,0.00,3.5
https://rodenlaw.com/blog/georgia-pedestrian-right-of-way-laws/#driver-duties,0,50,0.00,8.9
https://rodenlaw.com/blog/guide-after-a-car-accident-in-columbia-sc/,0,50,0.00,19.6
https://rodenlaw.com/blog/page/2/,0,50,0.00,10.0
https://rodenlaw.com/blog/valuing-compensation-for-a-personal-injury/,0,50,0.00,13.8
https://rodenlaw.com/blog/why-injury-claims-may-be-delayed/,0,50,0.00,50.9
https://rodenlaw.com/pedestrian-accident-lawyers/school-zone-pedestrian-accident/,0,50,0.00,7.4
https://rodenlaw.com/spinal-cord-injury-lawyers/herniated-ruptured-disc/,0,50,0.00,22.0
https://rodenlaw.com/truck-accident-lawyers/north-charleston-sc/,0,50,0.00,49.4
https://rodenlaw.com/blog/georgia-law-on-tailgating-accident-liability/,0,49,0.00,10.6
https://rodenlaw.com/blog/georgia-pedestrian-right-of-way-laws/#marked-vs-unmarked,0,49,0.00,9.1
https://rodenlaw.com/motorcycle-accident-lawyers/single-vehicle-motorcycle-crash/,0,49,0.00,27.9
https://rodenlaw.com/truck-accident-lawyers/darien-ga/,0,49,0.00,5.4
https://rodenlaw.com/blog/cayce-12th-street-uninsured-motorist-lawyer/,1,48,2.08,16.9
https://rodenlaw.com/blog/darien-brunswick-dangerous-roads-i95-us17/#why-dangerous,0,48,0.00,10.6
https://rodenlaw.com/blog/georgia-pedestrian-right-of-way-laws/#common-violations,0,48,0.00,9.1
https://rodenlaw.com/blog/georgia-pedestrian-right-of-way-laws/#what-is-right-of-way,0,48,0.00,9.1
https://rodenlaw.com/blog/n-lake-drive-us-17-business-best-car-accident-lawyer/,0,48,0.00,23.1
https://rodenlaw.com/blog/overview-georgia-distracted-driving-laws/,0,48,0.00,36.1
https://rodenlaw.com/blog/southover-mills-b-lane-motorcycle-accident-lawyer/,0,48,0.00,13.1
https://rodenlaw.com/blog/workers-comp-for-carpal-tunnel-syndrome/#benefits-available,0,48,0.00,5.4
https://rodenlaw.com/blog/workers-comp-for-carpal-tunnel-syndrome/#carpal-tunnel-workplace-injury,0,48,0.00,5.4
https://rodenlaw.com/es/construction-accident-lawyers/savannah-ga/,0,48,0.00,22.5
https://rodenlaw.com/locations/south-carolina/north-charleston/ladson/,0,48,0.00,9.5
https://rodenlaw.com/locations/south-carolina/north-charleston/summerville/knightsville/,0,48,0.00,11.8
https://rodenlaw.com/slip-and-fall-lawyers/retail-store-trip-and-fall/,1,47,2.13,20.3
https://rodenlaw.com/blog/workers-comp-for-carpal-tunnel-syndrome/#proving-work-related,0,47,0.00,5.4
https://rodenlaw.com/blog/workers-comp-for-carpal-tunnel-syndrome/#what-is-carpal-tunnel,0,47,0.00,5.4
https://rodenlaw.com/es/practice-areas/product-liability-lawyers/,0,47,0.00,50.3
https://rodenlaw.com/locations/georgia/darien/waverly/,0,47,0.00,7.6
https://rodenlaw.com/practice-areas/golf-cart-accident-lawyers/,0,47,0.00,69.6
https://rodenlaw.com/resources/mount-pleasant-truck-accidents-wando-welch/,0,47,0.00,8.3
https://rodenlaw.com/testimonials/dante-williams-dante/,0,47,0.00,13.7
https://rodenlaw.com/blog/darien-brunswick-dangerous-roads-i95-us17/#common-causes,0,46,0.00,10.8
https://rodenlaw.com/blog/darien-brunswick-dangerous-roads-i95-us17/#i-95-corridor,0,46,0.00,10.8
https://rodenlaw.com/locations/georgia/savannah/richmond-hill/,0,46,0.00,15.9
https://rodenlaw.com/locations/south-carolina/myrtle-beach/carolina-forest/,0,46,0.00,5.3
https://rodenlaw.com/resources/georgia-vs-south-carolina-filing-deadlines/,0,46,0.00,9.2
https://rodenlaw.com/slip-and-fall-lawyers/parking-lot-fall/,0,46,0.00,12.1
https://rodenlaw.com/workers-compensation-lawyers/warehouse-distribution-injury/,0,46,0.00,25.4
https://rodenlaw.com/blog/east-bay-street-savannah-pedestrian-accident-lawyer/,1,45,2.22,41.0
https://rodenlaw.com/resources/,1,45,2.22,21.5
https://rodenlaw.com/blog/dangerous-rural-crashes-in-charleston/,0,45,0.00,17.0
https://rodenlaw.com/blog/does-worker-compensation-cover-employee-negligence/#no-fault-system,0,45,0.00,5.9
https://rodenlaw.com/blog/nursing-home-abuse-warning-signs/,0,45,0.00,14.4
https://rodenlaw.com/golf-cart-accident-lawyers/columbia-sc/,0,45,0.00,12.1
https://rodenlaw.com/locations/south-carolina/charleston/west-ashley/citadel-mall-area/,0,45,0.00,9.5
https://rodenlaw.com/practice-areas/golf-cart-accident-lawyers/savannah-ga/,0,45,0.00,32.8
https://rodenlaw.com/resources/ogeechee-road-truck-accidents-savannah/,0,45,0.00,7.6
https://rodenlaw.com/spinal-cord-injury-lawyers/incomplete-spinal-cord-injury/,0,45,0.00,24.3
https://rodenlaw.com/truck-accident-lawyers/cement-truck-accident/,0,45,0.00,13.3
https://rodenlaw.com/es/workers-compensation-lawyers/columbia-sc/,1,44,2.27,29.6
https://rodenlaw.com/blog/darien-brunswick-dangerous-roads-i95-us17/#rural-road-dangers,0,44,0.00,11.1
https://rodenlaw.com/blog/darien-brunswick-dangerous-roads-i95-us17/#us-17,0,44,0.00,11.1
https://rodenlaw.com/blog/darien-brunswick-dangerous-roads-i95-us17/#us-82-341,0,44,0.00,11.1
https://rodenlaw.com/construction-accident-lawyers/highway-road-construction-accident/,0,44,0.00,10.0
https://rodenlaw.com/es/resources/south-carolina-personal-injury-faq/,0,44,0.00,6.8
https://rodenlaw.com/pedestrian-accident-lawyers/distracted-driver-pedestrian-accident/,0,44,0.00,11.6
https://rodenlaw.com/slip-and-fall-lawyers/retail-shopping-center-fall/,0,44,0.00,24.1
https://rodenlaw.com/blog/financial-abuse-at-nursing-homes/#ga-sc-laws,0,43,0.00,7.8
https://rodenlaw.com/blog/workers-compensation-car-accident/,0,43,0.00,79.7
https://rodenlaw.com/locations/south-carolina/north-charleston/summerville/nexton/,0,43,0.00,29.5
https://rodenlaw.com/practice-areas/bicycle-accident-lawyers/drunk-driver-bicycle-accident/,0,43,0.00,16.3
https://rodenlaw.com/blog/financial-abuse-at-nursing-homes/#what-is-elder-financial-abuse,0,42,0.00,7.9
https://rodenlaw.com/car-accident-lawyers/t-bone-accident/,0,42,0.00,27.1
https://rodenlaw.com/locations/georgia/savannah/hinesville/fort-stewart-area/,0,42,0.00,14.8
https://rodenlaw.com/locations/south-carolina/columbia/northeast-columbia/,0,42,0.00,18.7
https://rodenlaw.com/practice-areas/brain-injury-lawyers/penetrating-brain-injury/,0,42,0.00,12.6
https://rodenlaw.com/wrongful-death-lawyers/fatal-truck-accident/,0,42,0.00,32.3
https://rodenlaw.com/blog/a-guide-to-car-wrecks-on-aviation-avenue-near-charleston-airport/,0,41,0.00,9.2
https://rodenlaw.com/blog/best-car-accident-lawyer-ashley-river-road-greenwood-park-west-ashley/,0,41,0.00,23.9
https://rodenlaw.com/es/bicycle-accident-lawyers/savannah-ga/,0,41,0.00,30.6
https://rodenlaw.com/motorcycle-accident-lawyers/darien-ga/,0,41,0.00,3.0
https://rodenlaw.com/resources/i-95-truck-accidents-savannah-brunswick/,1,40,2.50,9.1
https://rodenlaw.com/blog/brain-injury-claim/,0,40,0.00,72.8
https://rodenlaw.com/blog/brunswick-ocean-highway-us-17-underinsured-motorist-lawyer-glynn-county/,0,40,0.00,18.3
https://rodenlaw.com/blog/mount-pleasant-johnnie-dodds-us-17-wrongful-death-car-accident-lawyer/,0,40,0.00,18.9
https://rodenlaw.com/blog/protect-child-dog-bite-injury/,0,40,0.00,17.6
https://rodenlaw.com/premises-liability-lawyers/restaurant-hotel-injury/,0,40,0.00,9.8
https://rodenlaw.com/resources/i-526-construction-zone-truck-accidents-charleston/,0,40,0.00,7.7
https://rodenlaw.com/resources/us-17-truck-accidents-grand-strand/,2,39,5.13,10.7
https://rodenlaw.com/boating-accident-lawyers/kayak-canoe-accident/,0,39,0.00,12.4
https://rodenlaw.com/golf-cart-accident-lawyers/north-charleston-sc/,0,39,0.00,20.6
https://rodenlaw.com/product-liability-lawyers/defective-consumer-product/,0,39,0.00,11.2
https://rodenlaw.com/car-accident-lawyers/rideshare-uber-accident/,1,38,2.63,9.1
https://rodenlaw.com/es/contact/,1,38,2.63,12.8
https://rodenlaw.com/blog/what-to-do-after-a-car-crash-on-savannah-highway/,0,38,0.00,6.3
https://rodenlaw.com/blog/what-to-do-after-car-accident-south-carolina/#after-leaving-the-scene,0,38,0.00,5.8
https://rodenlaw.com/blog/what-to-do-after-car-accident-south-carolina/#at-the-scene,0,38,0.00,5.8
https://rodenlaw.com/blog/what-to-do-after-car-accident-south-carolina/#comparative-fault,0,38,0.00,5.8
https://rodenlaw.com/blog/what-to-do-after-car-accident-south-carolina/#damages,0,38,0.00,5.8
https://rodenlaw.com/car-accident-lawyers/rivers-avenue-accident/,0,38,0.00,14.1
https://rodenlaw.com/es/blog/green-grove-mark-clark-expressway-uninsured-motorist-lawyer-north-charleston/,0,38,0.00,10.3
https://rodenlaw.com/es/blog/summerville-i-26-18-wheeler-accident-lawyer-dorchester-county/,0,38,0.00,39.1
https://rodenlaw.com/es/practice-areas/slip-and-fall-lawyers/,0,38,0.00,34.5
https://rodenlaw.com/locations/south-carolina/columbia/gaston/,0,38,0.00,24.8
https://rodenlaw.com/atv-side-by-side-accident-lawyers/atv-road-collision/,0,37,0.00,10.6
https://rodenlaw.com/blog/atlantic-coastal-highway-us-17-rideshare-uber-lyft-crash-savannah-intermodal-transit-center/,0,37,0.00,8.1
https://rodenlaw.com/blog/does-worker-compensation-cover-employee-negligence/#exceptions,0,37,0.00,5.6
https://rodenlaw.com/blog/mcintosh-county-drunk-driver-accident-lawyer/,0,37,0.00,12.7
https://rodenlaw.com/blog/recovering-lost-wages-after-a-truck-accident-on-i-526/,0,37,0.00,13.9
https://rodenlaw.com/es/pedestrian-accident-lawyers/darien-ga/,0,37,0.00,28.1
https://rodenlaw.com/pedestrian-accident-lawyers/drunk-driver-pedestrian-accident/,0,37,0.00,8.5
https://rodenlaw.com/practice-areas/brain-injury-lawyers/closed-head-injury/,1,36,2.78,32.0
https://rodenlaw.com/resources/north-charleston-truck-accident-guide/,1,36,2.78,15.9
https://rodenlaw.com/wrongful-death-lawyers/pedestrian-cyclist-fatality/,1,36,2.78,11.4
https://rodenlaw.com/blog/boeing-north-charleston-workplace-injuries-workers-comp/,0,36,0.00,21.1
https://rodenlaw.com/blog/category/personal-injury/,0,36,0.00,17.8
https://rodenlaw.com/blog/page/4/,0,36,0.00,6.4
https://rodenlaw.com/blog/traffic-tickets-and-car-accident-claims/#traffic-tickets-and-fault,0,36,0.00,8.2
https://rodenlaw.com/blog/traffic-tickets-and-car-accident-claims/#what-if-you-got-ticket,0,36,0.00,8.2
https://rodenlaw.com/blog/wando-gardens-faber-place-drive-best-car-accident-lawyer-north-charleston/,0,36,0.00,22.1
https://rodenlaw.com/brain-injury-lawyers/severe-traumatic-brain-injury/,0,36,0.00,19.2
https://rodenlaw.com/savannah-ppi-attorney/,0,36,0.00,11.3
https://rodenlaw.com/workers-compensation-lawyers/north-charleston-sc/,0,36,0.00,17.0
https://rodenlaw.com/blog/liability-for-sudden-emergency-accidents/#common-medical-emergencies-causing-crashes,0,35,0.00,6.0
https://rodenlaw.com/blog/steps-after-slip-and-fall-injury/,0,35,0.00,8.9
https://rodenlaw.com/blog/traffic-tickets-and-car-accident-claims/#common-citations,0,35,0.00,8.3
https://rodenlaw.com/blog/traffic-tickets-and-car-accident-claims/#georgia-traffic-ticket-rules,0,35,0.00,8.3
https://rodenlaw.com/blog/traffic-tickets-and-car-accident-claims/#negligence-per-se,0,35,0.00,8.3
https://rodenlaw.com/blog/traffic-tickets-and-car-accident-claims/#south-carolina-traffic-ticket-rules,0,35,0.00,8.3
https://rodenlaw.com/blog/traffic-tickets-and-car-accident-claims/#ticket-as-evidence,0,35,0.00,8.3
https://rodenlaw.com/free-consultation-with-charleston-personal-injury-lawyer/,0,35,0.00,28.7
https://rodenlaw.com/locations/south-carolina/charleston/mount-pleasant/park-west/,0,35,0.00,5.6
https://rodenlaw.com/blog/lawsuit-for-work-injury/,1,34,2.94,50.9
https://rodenlaw.com/atv-side-by-side-accident-lawyers/atv-rollover-accident/,0,34,0.00,8.9
https://rodenlaw.com/blog/carriage-tour-accidents-downtown-charleston-liability/#who-is-liable,0,34,0.00,7.6
https://rodenlaw.com/blog/category/pedestrian-accident/,0,34,0.00,21.2
https://rodenlaw.com/blog/highway-41-accidents-mount-pleasant-development/,0,34,0.00,7.5
https://rodenlaw.com/blog/savannah-veterans-parkway-car-accident-lawyer/,0,34,0.00,13.6
https://rodenlaw.com/blog/using-uninsured-underinsured-motorist-coverage-in-georgia/#stacking-coverage,0,34,0.00,6.9
https://rodenlaw.com/boating-accident-lawyers/darien-ga/,0,34,0.00,11.0
https://rodenlaw.com/car-accident-lawyers/drunk-driver-accident/,0,34,0.00,13.7
https://rodenlaw.com/es/practice-areas/wrongful-death-lawyers/,0,34,0.00,24.9
https://rodenlaw.com/locations/south-carolina/columbia/chapin/,0,34,0.00,8.2
https://rodenlaw.com/testimonials/rebecca-harris/,2,33,6.06,11.0
https://rodenlaw.com/blog/carriage-tour-accidents-downtown-charleston-liability/#filing-deadlines,0,33,0.00,7.9
https://rodenlaw.com/blog/liability-for-sudden-emergency-accidents/#what-is-sudden-medical-emergency-defense,0,33,0.00,6.2
https://rodenlaw.com/class-action-lawyers/paraquat-lawsuit/,0,33,0.00,15.5
https://rodenlaw.com/practice-areas/electric-scooter-accident-lawyers/road-hazard-escooter-crash/,0,33,0.00,9.2
https://rodenlaw.com/practice-areas/workers-compensation-lawyers/warehouse-logistics-injury/,0,33,0.00,23.9
https://rodenlaw.com/workers-compensation-lawyers/gulfstream-aerospace-injury/,0,33,0.00,16.1
https://rodenlaw.com/blog/liability-for-sudden-emergency-accidents/#georgia-sudden-emergency-defense,0,32,0.00,6.1
https://rodenlaw.com/blog/pedestrian-safety-park-circle-north-charleston/,0,32,0.00,5.5
https://rodenlaw.com/blog/why-driving-while-hungover-is-a-dangerous-savannah-crash-risk/,0,32,0.00,15.9
https://rodenlaw.com/blog/your-guide-to-recovering-lost-wages-after-a-charleston-car-accident/,0,32,0.00,8.1
https://rodenlaw.com/es/about/,0,32,0.00,16.3
https://rodenlaw.com/es/blog/eastern-wharf-harbor-street-electric-scooter-accident-lawyer/,0,32,0.00,25.1
https://rodenlaw.com/es/blog/tenmile-i-26-best-car-accident-lawyer-north-charleston/,0,32,0.00,27.5
https://rodenlaw.com/practice-areas/atv-side-by-side-accident-lawyers/myrtle-beach-sc/,0,32,0.00,5.8
https://rodenlaw.com/resources/port-access-road-truck-accidents-leatherman-terminal/,0,32,0.00,11.6
https://rodenlaw.com/slip-and-fall-lawyers/stairway-escalator-fall/,0,32,0.00,17.9
https://rodenlaw.com/wrongful-death-lawyers/columbia-sc/,0,32,0.00,18.0
https://rodenlaw.com/blog/carriage-tour-accidents-downtown-charleston-liability/#carriage-tours-charleston,0,31,0.00,7.7
https://rodenlaw.com/blog/using-uninsured-underinsured-motorist-coverage-in-georgia/#um-vs-uim,0,31,0.00,7.9
https://rodenlaw.com/dog-bite-lawyers/north-charleston-sc/,0,31,0.00,30.5
https://rodenlaw.com/locations/georgia/savannah/thunderbolt/,0,31,0.00,7.8
https://rodenlaw.com/maritime-injury-lawyers/myrtle-beach-sc/,0,31,0.00,14.6
https://rodenlaw.com/medical-malpractice-lawyers/north-charleston-sc/,0,31,0.00,12.5
https://rodenlaw.com/practice-areas/maritime-injury-lawyers/columbia-sc/,0,31,0.00,13.9
https://rodenlaw.com/locations/south-carolina/myrtle-beach/north-myrtle-beach/,1,30,3.33,5.5
https://rodenlaw.com/bicycle-accident-lawyers/distracted-driver-bicycle-accident/,0,30,0.00,7.8
https://rodenlaw.com/blog/carriage-tour-accidents-downtown-charleston-liability/#charleston-carriage-regulations,0,30,0.00,7.7
https://rodenlaw.com/blog/carriage-tour-accidents-downtown-charleston-liability/#common-accidents,0,30,0.00,7.9
https://rodenlaw.com/blog/options-for-denied-injury-claims/#common-reasons-denied,0,30,0.00,8.5
https://rodenlaw.com/blog/steps-after-dog-bite/,0,30,0.00,46.6
https://rodenlaw.com/burn-injury-lawyers/defective-product-burn/,0,30,0.00,10.3
https://rodenlaw.com/locations/south-carolina/columbia/south-congaree/,0,30,0.00,7.0
https://rodenlaw.com/locations/south-carolina/north-charleston/oak-terrace-preserve/,0,30,0.00,5.3
https://rodenlaw.com/practice-areas/bicycle-accident-lawyers/dooring-accident/,0,30,0.00,6.9
https://rodenlaw.com/practice-areas/nursing-home-abuse-lawyers/sexual-abuse-elderly/,0,30,0.00,20.2
https://rodenlaw.com/privacy-policy-2/,0,30,0.00,3.6
https://rodenlaw.com/blog/golf-cart-accidents-charleston-island-resort-communities/,1,29,3.45,7.6
https://rodenlaw.com/blog/roadway-hazard-auto-accident/,1,29,3.45,57.0
https://rodenlaw.com/blog/are-accident-lawyers-worth-it/,0,29,0.00,6.8
https://rodenlaw.com/blog/does-worker-compensation-cover-employee-negligence/#employer-negligence,0,29,0.00,6.0
https://rodenlaw.com/blog/does-worker-compensation-cover-employee-negligence/#sc-exceptions,0,29,0.00,6.0
https://rodenlaw.com/blog/golf-colony-south-reindeer-road-underinsured-motorist-lawyer/,0,29,0.00,16.8
https://rodenlaw.com/blog/why-get-black-box-data-after-truck-crash-savannah/,0,29,0.00,35.4
https://rodenlaw.com/brain-injury-lawyers/concussion-mild-tbi/,0,29,0.00,20.3
https://rodenlaw.com/car-accident-lawyers/ashley-phosphate-road-accident/,0,29,0.00,17.9
https://rodenlaw.com/car-accident-lawyers/hit-and-run-accident/,0,29,0.00,15.2
https://rodenlaw.com/contact-us/?utm=myrtle-beach-gbp,0,29,0.00,9.5
https://rodenlaw.com/es/blog/n-lake-drive-us-17-business-best-car-accident-lawyer/,0,29,0.00,39.8
https://rodenlaw.com/es/construction-accident-lawyers/north-charleston-sc/,0,29,0.00,16.0
https://rodenlaw.com/locations/south-carolina/charleston/hollywood/,0,29,0.00,7.3
https://rodenlaw.com/locations/south-carolina/columbia/woodfield/,0,29,0.00,8.7
https://rodenlaw.com/locations/south-carolina/myrtle-beach/litchfield-beach/,0,29,0.00,10.2
https://rodenlaw.com/motorcycle-accident-lawyers/left-turn-accident/,0,29,0.00,10.3
https://rodenlaw.com/practice-areas/burn-injury-lawyers/workplace-burn-injury/,0,29,0.00,23.0
https://rodenlaw.com/locations/south-carolina/north-charleston/goose-creek/crowfield-plantation/,2,28,7.14,14.2
https://rodenlaw.com/blog/carriage-tour-accidents-downtown-charleston-liability/#comparative-fault,0,28,0.00,7.9
https://rodenlaw.com/blog/carriage-tour-accidents-downtown-charleston-liability/#injuries,0,28,0.00,7.9
https://rodenlaw.com/blog/does-worker-compensation-cover-employee-negligence/#ga-exceptions,0,28,0.00,6.1
https://rodenlaw.com/blog/options-for-denied-injury-claims/#file-lawsuit,0,28,0.00,8.2
https://rodenlaw.com/blog/safest-hospitals-georgia/,0,28,0.00,26.4
https://rodenlaw.com/blog/sunset-boulevard-west-columbia-drunk-driver-accident-lawyer/,0,28,0.00,16.2
https://rodenlaw.com/es/blog/,0,28,0.00,7.6
https://rodenlaw.com/locations/south-carolina/columbia/batesburg-leesville/,0,28,0.00,7.2
https://rodenlaw.com/practice-areas/electric-scooter-accident-lawyers/myrtle-beach-sc/,0,28,0.00,7.1
https://rodenlaw.com/resources/ashley-phosphate-i-26-truck-accidents/,0,28,0.00,8.6
https://rodenlaw.com/resources/rideshare-accident-north-charleston/,0,28,0.00,15.6
https://rodenlaw.com/resources/personal-injury-claim-charleston-county-court/,1,27,3.70,7.9
https://rodenlaw.com/blog/chicora-cherokee-carner-avenue-us-52-car-accident-attorney-north-charleston/,0,27,0.00,13.6
https://rodenlaw.com/blog/how-car-insurers-use-private-investigators/#why-insurers-hire-pis,0,27,0.00,4.7
https://rodenlaw.com/es/blog/dick-pond-road-sc-544-truck-accident-lawyer-surfside-beach/,0,27,0.00,12.3
https://rodenlaw.com/es/locations/georgia/darien/,0,27,0.00,16.7
https://rodenlaw.com/resources/south-carolina-personal-injury-faq/,0,27,0.00,44.0
https://rodenlaw.com/blog/proving-back-pain-after-savannah-car-crash/,0,26,0.00,26.0
https://rodenlaw.com/blog/rideshare-accident-i-26-tenmile-north-charleston/,0,26,0.00,16.2
https://rodenlaw.com/blog/safe-bike-riding-georgias-roadways/,0,26,0.00,37.4
https://rodenlaw.com/blog/the-role-of-vocational-rehabilitation-in-workers-compensation-cases/#how-vocational-rehab-works,0,26,0.00,4.0
https://rodenlaw.com/blog/the-role-of-vocational-rehabilitation-in-workers-compensation-cases/#types-of-services,0,26,0.00,4.0
https://rodenlaw.com/blog/the-role-of-vocational-rehabilitation-in-workers-compensation-cases/#what-is-vocational-rehab,0,26,0.00,4.0
https://rodenlaw.com/es/practice-areas/boating-accident-lawyers/,0,26,0.00,19.9
https://rodenlaw.com/locations/georgia/savannah/eastside-savannah/,0,26,0.00,7.7
https://rodenlaw.com/locations/south-carolina/north-charleston/moncks-corner/,0,26,0.00,7.9
https://rodenlaw.com/practice-areas/electric-scooter-accident-lawyers/ride-share-scooter-accident/,0,26,0.00,28.4
https://rodenlaw.com/blog/a-step-by-step-guide-for-folly-road-car-accidents/,1,25,4.00,10.4
https://rodenlaw.com/blog/bucksport-marina-waccamaw-intracoastal-boating-accident-lawyer/,0,25,0.00,13.0
https://rodenlaw.com/blog/do-you-need-a-workers-compensation-lawyer/,0,25,0.00,21.3
https://rodenlaw.com/blog/filing-an-emotional-distress-claim-after-a-ravenel-bridge-accident/,0,25,0.00,21.7
https://rodenlaw.com/blog/how-loud-music-increases-crash-risk-charleston/#driving,0,25,0.00,9.4
https://rodenlaw.com/blog/how-loud-music-increases-crash-risk-charleston/#reduce,0,25,0.00,9.4
https://rodenlaw.com/blog/liability-for-sudden-emergency-accidents/#when-the-defense-fails,0,25,0.00,6.6
https://rodenlaw.com/blog/page/3/,0,25,0.00,9.2
https://rodenlaw.com/es/blog/southover-mills-b-lane-motorcycle-accident-lawyer/,0,25,0.00,19.2
https://rodenlaw.com/locations/georgia/savannah/effingham-county/egypt/,0,25,0.00,14.7
https://rodenlaw.com/locations/georgia/savannah/port-wentworth/town-center/,0,25,0.00,7.4
https://rodenlaw.com/locations/south-carolina/columbia/pine-ridge/,0,25,0.00,8.0
https://rodenlaw.com/locations/georgia/darien/sea-island/,2,24,8.33,5.6
https://rodenlaw.com/spinal-cord-injury-lawyers/spinal-cord-injury-car-accident/,1,24,4.17,13.2
https://rodenlaw.com/blog/green-grove-mark-clark-expressway-uninsured-motorist-lawyer-north-charleston/,0,24,0.00,7.1
https://rodenlaw.com/blog/liability-for-sudden-emergency-accidents/#south-carolina-sudden-emergency-defense,0,24,0.00,6.6
https://rodenlaw.com/blog/mediation-for-a-personal-injury-claim/,0,24,0.00,20.8
https://rodenlaw.com/blog/proving-a-tourist-was-at-fault-in-your-charleston-accident/,0,24,0.00,26.0
https://rodenlaw.com/blog/proving-your-pain-after-a-charleston-car-accident/,0,24,0.00,40.1
https://rodenlaw.com/car-accident-lawyers/service-vehicle-accident/,0,24,0.00,18.7
https://rodenlaw.com/es/blog/eulonia-us-17-ocean-highway-rideshare-uber-accident-lawyer-mcintosh-county/,0,24,0.00,15.4
https://rodenlaw.com/locations/georgia/savannah/isle-of-hope/,0,24,0.00,10.7
https://rodenlaw.com/locations/georgia/savannah/southside-savannah/,0,24,0.00,8.7
https://rodenlaw.com/locations/south-carolina/charleston/edisto-island/,0,24,0.00,6.4
https://rodenlaw.com/locations/south-carolina/charleston/west-ashley/west-ashley-park/,0,24,0.00,7.0
https://rodenlaw.com/practice-areas/bicycle-accident-lawyers/intersection-bicycle-accident/,0,24,0.00,10.6
https://rodenlaw.com/resources/aviation-avenue-i-26-truck-accidents/,0,24,0.00,8.1
https://rodenlaw.com/resources/rivers-avenue-truck-accidents-north-charleston/,0,24,0.00,9.9
https://rodenlaw.com/blog/car-accident-attorney-near-me-west-ashley-citadel-mall/,0,23,0.00,39.4
https://rodenlaw.com/blog/international-boulevard-airport-rideshare-uber-lyft-crash-north-charleston/,0,23,0.00,12.5
https://rodenlaw.com/car-accident-lawyers/i-26-accident/,0,23,0.00,19.3
https://rodenlaw.com/es/blog/st-andrews-road-widewater-18-wheeler-accident-lawyer-richland-county/,0,23,0.00,20.5
https://rodenlaw.com/es/blog/st-simons-island-kings-way-motorcycle-accident-lawyer/,0,23,0.00,18.9
https://rodenlaw.com/es/resources/south-carolina-workers-comp-claim-denied/,0,23,0.00,11.6
https://rodenlaw.com/es/south-carolina-wrongful-death-lawyer/,0,23,0.00,12.8
https://rodenlaw.com/maritime-injury-lawyers/charleston-sc/,0,23,0.00,39.6
https://rodenlaw.com/blog/steps-after-truck-accident/,1,22,4.55,31.5
https://rodenlaw.com/electric-scooter-accident-lawyers/ride-share-scooter-accident/,1,22,4.55,11.5
https://rodenlaw.com/blog/ben-sawyer-boulevard-bridge-accidents-sullivans-island/#why-dangerous,0,22,0.00,7.4
https://rodenlaw.com/blog/dangerous-products-child-will-find-around-house/,0,22,0.00,9.9
https://rodenlaw.com/blog/how-car-insurers-use-private-investigators/#ga-vs-sc-comparison,0,22,0.00,5.1
https://rodenlaw.com/blog/pedestrian-accidents-musc-charleston-medical-district/#musc-medical-district,0,22,0.00,5.9
https://rodenlaw.com/blog/pedestrian-accidents-musc-charleston-medical-district/#why-dangerous,0,22,0.00,5.9
https://rodenlaw.com/blog/personal-injury-lawsuit-vs-insurance-claim/,0,22,0.00,16.0
https://rodenlaw.com/blog/socastee-holmestown-road-underinsured-motorist-lawyer/,0,22,0.00,23.5
https://rodenlaw.com/blog/steps-take-slip-fall-accident-georgia/,0,22,0.00,64.9
https://rodenlaw.com/blog/what-to-do-when-you-are-in-a-car-accident/#at-the-scene,0,22,0.00,6.6
https://rodenlaw.com/car-accident-lawyers/distracted-driving-accident/,0,22,0.00,13.5
https://rodenlaw.com/es/practice-areas/nursing-home-abuse-lawyers/,0,22,0.00,8.9
https://rodenlaw.com/es/resources/georgia-truck-accident-settlement-value/,0,22,0.00,4.3
https://rodenlaw.com/locations/georgia/savannah/effingham-county/guyton/,0,22,0.00,10.5
https://rodenlaw.com/locations/georgia/savannah/effingham-county/marlow/,0,22,0.00,17.2
https://rodenlaw.com/medical-malpractice-lawyers/surgical-error/,0,22,0.00,19.7
https://rodenlaw.com/practice-areas/bicycle-accident-lawyers/north-charleston-sc/,0,22,0.00,24.5
https://rodenlaw.com/resources/i-516-truck-accidents-port-savannah/,0,22,0.00,7.0
https://rodenlaw.com/slip-and-fall-lawyers/workplace-slip-and-fall/,0,22,0.00,10.8
https://rodenlaw.com/locations/georgia/savannah/bryan-county/,1,21,4.76,13.5
https://rodenlaw.com/atv-side-by-side-accident-lawyers/darien-ga/,0,21,0.00,9.6
https://rodenlaw.com/blog/18-wheeler-wrecks-on-the-arthur-ravenel-jr-bridge-us-17/,0,21,0.00,7.5
https://rodenlaw.com/blog/ben-sawyer-boulevard-bridge-accidents-sullivans-island/#ben-sawyer-boulevard,0,21,0.00,7.2
https://rodenlaw.com/blog/how-loud-music-increases-crash-risk-charleston/#impact,0,21,0.00,9.8
https://rodenlaw.com/blog/second-opinion-for-charleston-car-crash-injuries/,0,21,0.00,39.7
https://rodenlaw.com/blog/what-to-do-when-you-are-in-a-car-accident/#georgia-specific,0,21,0.00,6.7
https://rodenlaw.com/locations/georgia/savannah/effingham-county/,0,21,0.00,9.0
https://rodenlaw.com/locations/georgia/savannah/guyton/,0,21,0.00,10.6
https://rodenlaw.com/locations/south-carolina/charleston/downtown-charleston/wagener-terrace/,0,21,0.00,6.3
https://rodenlaw.com/locations/south-carolina/charleston/mount-pleasant/old-village/,0,21,0.00,6.5
https://rodenlaw.com/locations/south-carolina/myrtle-beach/forestbrook/,0,21,0.00,6.8
https://rodenlaw.com/locations/south-carolina/myrtle-beach/longs/,0,21,0.00,7.5
https://rodenlaw.com/practice-areas/truck-accident-lawyers/jackknife-accident/,0,21,0.00,30.9
https://rodenlaw.com/resources/i-16-i-95-construction-zone-truck-accidents/,0,21,0.00,8.5
https://rodenlaw.com/testimonials/page/2/,0,21,0.00,12.7
https://rodenlaw.com/workers-compensation-lawyers/construction-worker-injury/,0,21,0.00,20.2
https://rodenlaw.com/blog/turkey-fryer-injury-claims/,1,20,5.00,20.6
https://rodenlaw.com/class-action-lawyers/talcum-powder/,1,20,5.00,13.9
https://rodenlaw.com/locations/south-carolina/charleston/mcclellanville/,1,20,5.00,15.7
https://rodenlaw.com/resources/carolina-crossroads-construction-zone-truck-accidents/,1,20,5.00,12.1
https://rodenlaw.com/blog/can-a-witness-be-forced-to-testify-for-a-savannah-car-crash-case/,0,20,0.00,10.8
https://rodenlaw.com/blog/folly-road-car-accidents-james-island-charleston/#why-so-dangerous,0,20,0.00,7.1
https://rodenlaw.com/blog/georgia-wrongful-death-lawsuit/,0,20,0.00,20.6
https://rodenlaw.com/blog/liability-for-sudden-emergency-accidents/#georgia-vs-south-carolina-comparison,0,20,0.00,7.0
https://rodenlaw.com/blog/liability-for-sudden-emergency-accidents/#who-else-may-be-liable,0,20,0.00,7.0
https://rodenlaw.com/blog/pedestrian-accidents-musc-charleston-medical-district/#common-crash-types,0,20,0.00,6.1
https://rodenlaw.com/blog/pedestrian-accidents-musc-charleston-medical-district/#dangerous-corridors,0,20,0.00,6.1
https://rodenlaw.com/blog/pedestrian-accidents-musc-charleston-medical-district/#injuries,0,20,0.00,6.1
https://rodenlaw.com/blog/pedestrian-accidents-musc-charleston-medical-district/#sc-pedestrian-laws,0,20,0.00,6.1
https://rodenlaw.com/blog/pedestrian-accidents-musc-charleston-medical-district/#who-is-liable,0,20,0.00,6.1
https://rodenlaw.com/blog/resolving-claims-through-arbitration/#arbitration-georgia,0,20,0.00,8.2
https://rodenlaw.com/construction-accident-lawyers/roofing-accident/,0,20,0.00,8.5
https://rodenlaw.com/es/blog/murrells-inlet-jet-ski-accident-lawyer/,0,20,0.00,17.6
https://rodenlaw.com/es/blog/n-lake-drive-dick-pond-road-sc-544-underinsured-motorist-lawyer/,0,20,0.00,19.4
https://rodenlaw.com/locations/south-carolina/charleston/west-ashley/shadowmoss/,0,20,0.00,8.6
https://rodenlaw.com/locations/south-carolina/charleston/downtown-charleston/ansonborough/,2,19,10.53,6.4
https://rodenlaw.com/es/blog/can-you-sue-hipaa-violation/,1,19,5.26,5.8
https://rodenlaw.com/blog/diminished-value-claims-after-car-accident/#what-is-diminished-value,0,19,0.00,9.3
https://rodenlaw.com/blog/folly-road-car-accidents-james-island-charleston/#common-accident-types,0,19,0.00,7.3
https://rodenlaw.com/blog/folly-road-car-accidents-james-island-charleston/#injuries,0,19,0.00,7.3
https://rodenlaw.com/brain-injury-lawyers/columbia-sc/,0,19,0.00,16.2
https://rodenlaw.com/car-accident-lawyers/rear-end-collision/,0,19,0.00,22.3
https://rodenlaw.com/es/resources/,0,19,0.00,9.9
https://rodenlaw.com/locations/south-carolina/myrtle-beach/socastee/,0,19,0.00,10.7
https://rodenlaw.com/locations/south-carolina/myrtle-beach/wampee/,0,19,0.00,7.2
https://rodenlaw.com/locations/south-carolina/north-charleston/charleston-heights/,0,19,0.00,6.5
https://rodenlaw.com/practice-areas/burn-injury-lawyers/electrical-burn-injury/,0,19,0.00,22.0
https://rodenlaw.com/truck-accident-lawyers/commercial-van-delivery-truck-accident/,0,19,0.00,8.4
https://rodenlaw.com/locations/georgia/savannah/effingham-county/springfield/,1,18,5.56,12.7
https://rodenlaw.com/blog/avoiding-bicycle-accidents/,0,18,0.00,20.4
https://rodenlaw.com/blog/folly-road-car-accidents-james-island-charleston/#who-is-liable,0,18,0.00,7.4
https://rodenlaw.com/blog/independent-medical-exams/#ime-rules-south-carolina,0,18,0.00,4.7
https://rodenlaw.com/blog/passenger-car-accident-claim/,0,18,0.00,77.7
https://rodenlaw.com/blog/proving-negligence-personal-injury/,0,18,0.00,13.6
https://rodenlaw.com/blog/resolving-claims-through-arbitration/#arbitration-south-carolina,0,18,0.00,8.1
https://rodenlaw.com/locations/georgia/savannah/bloomingdale/,0,18,0.00,6.6
https://rodenlaw.com/locations/georgia/savannah/whitemarsh-island/,0,18,0.00,4.9
https://rodenlaw.com/locations/georgia/savannah/wilmington-island/,0,18,0.00,7.8
https://rodenlaw.com/locations/south-carolina/myrtle-beach/carolina-forest/the-farm/,0,18,0.00,8.7
https://rodenlaw.com/maritime-injury-lawyers/jones-act-seaman-claim/,0,18,0.00,17.4
https://rodenlaw.com/practice-areas/nursing-home-abuse-lawyers/savannah-ga/,0,18,0.00,55.9
https://rodenlaw.com/practice-areas/spinal-cord-injury-lawyers/north-charleston-sc/,0,18,0.00,6.5
https://rodenlaw.com/practice-areas/workers-compensation-lawyers/port-worker-injury/,0,18,0.00,36.2
https://rodenlaw.com/truck-accident-lawyers/18-wheeler-semi-truck-accident/,0,18,0.00,23.2
https://rodenlaw.com/blog/a-drivers-guide-to-wildlife-accidents-near-charleston/,0,17,0.00,12.1
https://rodenlaw.com/blog/ben-sawyer-boulevard-bridge-accidents-sullivans-island/#cyclist-pedestrian-risks,0,17,0.00,7.4
https://rodenlaw.com/blog/folly-road-car-accidents-james-island-charleston/#comparative-fault,0,17,0.00,7.6
https://rodenlaw.com/blog/folly-road-car-accidents-james-island-charleston/#dangerous-sections,0,17,0.00,7.6
https://rodenlaw.com/blog/folly-road-car-accidents-james-island-charleston/#folly-road-overview,0,17,0.00,7.6
https://rodenlaw.com/blog/workers-compensation-2017/,0,17,0.00,25.5
https://rodenlaw.com/locations/georgia/darien/hoboken/,0,17,0.00,7.2
https://rodenlaw.com/locations/georgia/savannah/richmond-hill/city-center/,0,17,0.00,8.5
https://rodenlaw.com/locations/south-carolina/myrtle-beach/socastee/socastee-village/,0,17,0.00,23.6
https://rodenlaw.com/practice-areas/product-liability-lawyers/defective-home-appliance/,0,17,0.00,6.2
https://rodenlaw.com/resources/highway-501-truck-accidents-conway-myrtle-beach/,0,17,0.00,11.6
https://rodenlaw.com/resources/summerville-truck-accidents-i-26-corridor/,0,17,0.00,11.4
https://rodenlaw.com/spinal-cord-injury-lawyers/complete-spinal-cord-injury/,0,17,0.00,8.6
https://rodenlaw.com/testimonials/ricky-h/,0,17,0.00,19.4
https://rodenlaw.com/blog/ben-sawyer-boulevard-bridge-accidents-sullivans-island/#common-crash-types,0,16,0.00,7.8
https://rodenlaw.com/blog/king-calhoun-intersection-car-collisions/,0,16,0.00,11.8
https://rodenlaw.com/blog/protecting-child-burn-injuries-home/,0,16,0.00,10.9
https://rodenlaw.com/blog/yamacraw-village-pedestrian-accident-lawyer/,0,16,0.00,16.1
https://rodenlaw.com/es/practice-areas/,0,16,0.00,38.9
https://rodenlaw.com/es/resources/south-carolina-um-uim-stacking/,0,16,0.00,5.9
https://rodenlaw.com/locations/georgia/darien/odum/,0,16,0.00,16.1
https://rodenlaw.com/locations/south-carolina/charleston/downtown-charleston/french-quarter/,0,16,0.00,7.1
https://rodenlaw.com/locations/south-carolina/charleston/mount-pleasant/snee-farm/,0,16,0.00,8.1
https://rodenlaw.com/locations/south-carolina/north-charleston/hanahan/,0,16,0.00,7.3
https://rodenlaw.com/practice-areas/electric-scooter-accident-lawyers/columbia-sc/,0,16,0.00,20.2
https://rodenlaw.com/practice-areas/premises-liability-lawyers/inadequate-security/,0,16,0.00,15.9
https://rodenlaw.com/practice-areas/workers-compensation-lawyers/boeing-aerospace-injury/,0,16,0.00,8.1
https://rodenlaw.com/blog/diminished-value-claims-after-car-accident/#how-diminished-value-calculated,0,15,0.00,10.5
https://rodenlaw.com/blog/filing-a-claim-for-an-injured-minor/#who-can-file,0,15,0.00,5.4
https://rodenlaw.com/blog/georgia-worker-injury-statistics-prevention/,0,15,0.00,45.1
https://rodenlaw.com/blog/myrtle-beach-dangerous-roads-intersections/#dangerous-intersections,0,15,0.00,8.5
https://rodenlaw.com/blog/myrtle-beach-dangerous-roads-intersections/#why-myrtle-beach,0,15,0.00,8.3
https://rodenlaw.com/blog/n-lake-drive-dick-pond-road-sc-544-underinsured-motorist-lawyer/,0,15,0.00,9.8
https://rodenlaw.com/blog/page/42/,0,15,0.00,13.5
https://rodenlaw.com/blog/protecting-your-rights-after-a-myrtle-beach-car-accident/,0,15,0.00,11.5
https://rodenlaw.com/blog/resolving-claims-through-arbitration/#what-is-arbitration,0,15,0.00,7.7
https://rodenlaw.com/es/blog/chicora-cherokee-carner-avenue-us-52-car-accident-attorney-north-charleston/,0,15,0.00,20.5
https://rodenlaw.com/es/blog/mount-pleasant-johnnie-dodds-us-17-uninsured-motorist-lawyer/,0,15,0.00,25.6
https://rodenlaw.com/es/pedestrian-accident-lawyers/savannah-ga/,0,15,0.00,35.2
https://rodenlaw.com/es/south-carolina-personal-injury-lawyer/,0,15,0.00,44.3
https://rodenlaw.com/locations/south-carolina/myrtle-beach/georgetown/,0,15,0.00,7.1
https://rodenlaw.com/practice-areas/atv-side-by-side-accident-lawyers/atv-rental-tour-accident/,0,15,0.00,9.5
https://rodenlaw.com/bicycle-accident-lawyers/north-charleston-sc/,0,14,0.00,54.6
https://rodenlaw.com/blog/ben-sawyer-boulevard-bridge-accidents-sullivans-island/#comparative-fault,0,14,0.00,7.9
https://rodenlaw.com/blog/ben-sawyer-boulevard-bridge-accidents-sullivans-island/#who-is-liable,0,14,0.00,7.9
https://rodenlaw.com/blog/certification-of-permanent-injury/#ga-sc-rules,0,14,0.00,8.6
https://rodenlaw.com/es/blog/brunswick-ocean-highway-us-17-underinsured-motorist-lawyer-glynn-county/,0,14,0.00,23.6
https://rodenlaw.com/es/blog/garden-city-ga-21-augusta-road-car-accident-lawyer/,0,14,0.00,6.4
https://rodenlaw.com/locations/georgia/darien/screven/,0,14,0.00,8.1
https://rodenlaw.com/locations/georgia/savannah/downtown-savannah/river-street/,0,14,0.00,11.9
https://rodenlaw.com/locations/georgia/savannah/hinesville/,0,14,0.00,15.9
https://rodenlaw.com/locations/georgia/savannah/southside-savannah/savannah-quarters/,0,14,0.00,9.4
https://rodenlaw.com/locations/south-carolina/charleston/sullivans-island/,0,14,0.00,6.6
https://rodenlaw.com/locations/south-carolina/charleston/west-ashley/south-windermere/,0,14,0.00,9.1
https://rodenlaw.com/locations/south-carolina/columbia/springdale/,0,14,0.00,9.4
https://rodenlaw.com/locations/south-carolina/myrtle-beach/georgetown/historic-district/,0,14,0.00,12.1
https://rodenlaw.com/locations/south-carolina/myrtle-beach/loris/,0,14,0.00,8.4
https://rodenlaw.com/practice-areas/atv-side-by-side-accident-lawyers/,0,14,0.00,32.3
https://rodenlaw.com/practice-areas/wrongful-death-lawyers/fatal-car-accident/,0,14,0.00,17.9
https://rodenlaw.com/spinal-cord-injury-lawyers/darien-ga/,0,14,0.00,6.2
https://rodenlaw.com/testimonials/byshiba-moon/,0,14,0.00,17.9
https://rodenlaw.com/motorcycle-accident-lawyers/hit-and-run-motorcycle-accident/,1,13,7.69,14.0
https://rodenlaw.com/blog/category/personal-injury/page/9/,0,13,0.00,6.8
https://rodenlaw.com/blog/dangerous-savannah-intersections/#common-causes,0,13,0.00,6.8
https://rodenlaw.com/blog/dangerous-savannah-intersections/#dangerous-corridors,0,13,0.00,6.8
https://rodenlaw.com/blog/dangerous-savannah-intersections/#georgia-traffic-laws,0,13,0.00,6.8
https://rodenlaw.com/blog/dangerous-savannah-intersections/#most-dangerous-intersections,0,13,0.00,6.8
https://rodenlaw.com/blog/dangerous-savannah-intersections/#why-savannah-intersections,0,13,0.00,6.8
https://rodenlaw.com/blog/eastern-wharf-savannah-pedestrian-bike-accidents/,0,13,0.00,9.7
https://rodenlaw.com/blog/financial-abuse-at-nursing-homes/#reporting,0,13,0.00,7.6
https://rodenlaw.com/blog/i-26-i-526-truck-accidents-what-to-do-whos-liable/,0,13,0.00,17.0
https://rodenlaw.com/blog/myrtle-beach-dangerous-roads-intersections/#dangerous-highways,0,13,0.00,8.3
https://rodenlaw.com/blog/page/44/,0,13,0.00,17.7
https://rodenlaw.com/blog/resolving-claims-through-arbitration/#binding-vs-non-binding,0,13,0.00,8.5
https://rodenlaw.com/blog/what-to-know-about-chest-pain-after-a-savannah-car-crash/,0,13,0.00,33.9
https://rodenlaw.com/class-action-lawyers/onglyza/,0,13,0.00,17.8
https://rodenlaw.com/es/blog/wando-gardens-faber-place-drive-best-car-accident-lawyer-north-charleston/,0,13,0.00,26.7
https://rodenlaw.com/locations/georgia/savannah/pooler/,0,13,0.00,7.8
https://rodenlaw.com/locations/georgia/savannah/rincon/,0,13,0.00,44.3
https://rodenlaw.com/locations/south-carolina/charleston/ravenel/,0,13,0.00,6.0
https://rodenlaw.com/locations/south-carolina/myrtle-beach/murrells-inlet/marshwalk/,0,13,0.00,19.7
https://rodenlaw.com/locations/south-carolina/myrtle-beach/myrtle-beach/grande-dunes/,0,13,0.00,24.1
https://rodenlaw.com/locations/south-carolina/myrtle-beach/surfside-beach/,0,13,0.00,13.9
https://rodenlaw.com/practice-areas/bicycle-accident-lawyers/road-hazard-bicycle-crash/,0,13,0.00,10.1
https://rodenlaw.com/practice-areas/maritime-injury-lawyers/unseaworthiness-claim/,0,13,0.00,8.7
https://rodenlaw.com/blog/demand-letters-in-personal-injury-cases/#what-to-include,0,12,0.00,7.3
https://rodenlaw.com/blog/financial-abuse-at-nursing-homes/#types,0,12,0.00,8.0
https://rodenlaw.com/blog/financial-abuse-at-nursing-homes/#warning-signs,0,12,0.00,8.0
https://rodenlaw.com/blog/financial-abuse-at-nursing-homes/#who-commits,0,12,0.00,8.0
https://rodenlaw.com/blog/lane-change-accident-liability/,0,12,0.00,31.5
https://rodenlaw.com/blog/myrtle-beach-dangerous-roads-intersections/#common-causes,0,12,0.00,8.3
https://rodenlaw.com/boating-accident-lawyers/commercial-vessel-accident/,0,12,0.00,16.2
https://rodenlaw.com/car-accident-lawyers/uber-lyft-accident/,0,12,0.00,13.3
https://rodenlaw.com/es/blog/kemira-plant-drive-savannah-fatal-truck-accident-lawyer/,0,12,0.00,20.6
https://rodenlaw.com/es/pedestrian-accident-lawyers/north-charleston-sc/,0,12,0.00,23.0
https://rodenlaw.com/locations/south-carolina/columbia/camden/,0,12,0.00,7.8
https://rodenlaw.com/motorcycle-accident-lawyers/dorchester-road-motorcycle/,0,12,0.00,20.4
https://rodenlaw.com/resources/construction-zone-accidents-north-charleston/,0,12,0.00,24.4
https://rodenlaw.com/case-results/350000-settlement-auto-accident/,2,11,18.18,16.3
https://rodenlaw.com/blog/social-media-personal-injury-claim/,1,11,9.09,17.7
https://rodenlaw.com/locations/south-carolina/north-charleston/wescott-plantation/,1,11,9.09,11.6
https://rodenlaw.com/truck-accident-lawyers/port-freight-truck-accident/,1,11,9.09,26.3
https://rodenlaw.com/blog/boating-safely-in-georgia/,0,11,0.00,13.8
https://rodenlaw.com/blog/calculating-pain-and-suffering-after-a-charleston-pedestrian-accident/,0,11,0.00,13.7
https://rodenlaw.com/blog/category/labor-and-employment/,0,11,0.00,28.7
https://rodenlaw.com/blog/filing-a-claim-for-an-injured-minor/#parent-claims-vs-child-claims,0,11,0.00,4.7
https://rodenlaw.com/blog/myrtle-beach-dangerous-roads-intersections/#seasonal-risks,0,11,0.00,8.1
https://rodenlaw.com/blog/resolving-claims-through-arbitration/#arbitration-process,0,11,0.00,8.0
https://rodenlaw.com/blog/south-kings-highway-us-17-business-underinsured-motorist-lawyer/,0,11,0.00,16.5
https://rodenlaw.com/blog/what-to-do-after-a-bike-crash-on-charlestons-ravenel-bridge/,0,11,0.00,18.1
https://rodenlaw.com/boating-accident-lawyers/sailboat-accident/,0,11,0.00,16.6
https://rodenlaw.com/es/blog/rivers-avenue-northwoods-bus-accident-lawyer-north-charleston/,0,11,0.00,14.6
https://rodenlaw.com/locations/georgia/savannah/georgetown/,0,11,0.00,7.1
https://rodenlaw.com/locations/georgia/savannah/southside-savannah/georgetown-savannah/,0,11,0.00,6.0
https://rodenlaw.com/locations/georgia/savannah/statesboro/,0,11,0.00,6.5
https://rodenlaw.com/locations/south-carolina/charleston/downtown-charleston/harleston-village/,0,11,0.00,7.2
https://rodenlaw.com/locations/south-carolina/charleston/mount-pleasant/carolina-park/,0,11,0.00,6.1
https://rodenlaw.com/locations/south-carolina/charleston/mount-pleasant/dunes-west/,0,11,0.00,6.8
https://rodenlaw.com/locations/south-carolina/myrtle-beach/myrtle-beach/,0,11,0.00,4.9
https://rodenlaw.com/locations/south-carolina/north-charleston/dorchester-terrace-waylyn/,0,11,0.00,10.6
https://rodenlaw.com/nursing-home-abuse-lawyers/north-charleston-sc/,0,11,0.00,50.5
https://rodenlaw.com/pedestrian-accident-lawyers/rivers-avenue-pedestrian/,0,11,0.00,15.4
https://rodenlaw.com/practice-areas/atv-side-by-side-accident-lawyers/charleston-sc/,0,11,0.00,17.3
https://rodenlaw.com/practice-areas/bicycle-accident-lawyers/distracted-driver-bicycle-accident/,0,11,0.00,14.5
https://rodenlaw.com/practice-areas/premises-liability-lawyers/myrtle-beach-sc/,0,11,0.00,33.0
https://rodenlaw.com/practice-areas/spinal-cord-injury-lawyers/herniated-ruptured-disc/,0,11,0.00,39.2
https://rodenlaw.com/practice-areas/wrongful-death-lawyers/darien-ga/,0,11,0.00,20.3
https://rodenlaw.com/product-liability-lawyers/darien-ga/,0,11,0.00,10.3
https://rodenlaw.com/blog/a-pedestrians-guide-to-proving-negligence-in-charleston-parking-lots/,1,10,10.00,14.7
https://rodenlaw.com/locations/south-carolina/north-charleston/summerville/sangaree/,1,10,10.00,16.5
https://rodenlaw.com/blog/7-mistakes-to-avoid-after-a-motorcycle-accident/,0,10,0.00,14.0
https://rodenlaw.com/blog/blind-spot-accidents/#common-blind-spot-accidents,0,10,0.00,5.5
https://rodenlaw.com/blog/category/car-accident/page/5/,0,10,0.00,15.4
https://rodenlaw.com/blog/category/rideshare-accident/,0,10,0.00,8.8
https://rodenlaw.com/blog/charleston-parking-lot-parking-garage-accident/#parking-lot-accidents-charleston,0,10,0.00,9.1
https://rodenlaw.com/blog/charleston-parking-lot-parking-garage-accident/#premises-liability,0,10,0.00,9.1
https://rodenlaw.com/blog/charleston-parking-lot-parking-garage-accident/#private-property-rules,0,10,0.00,9.1
https://rodenlaw.com/blog/filing-a-claim-for-an-injured-minor/#court-approval,0,10,0.00,6.5
https://rodenlaw.com/blog/independent-medical-exams/#why-insurance-companies-request-imes,0,10,0.00,6.4
https://rodenlaw.com/blog/page/18/,0,10,0.00,6.2
https://rodenlaw.com/blog/page/38/,0,10,0.00,6.7
https://rodenlaw.com/blog/trucking-regulations-and-accident-cases/,0,10,0.00,15.1
https://rodenlaw.com/blog/what-to-do-after-a-truck-accident-on-i-526-in-charleston/,0,10,0.00,52.3
https://rodenlaw.com/case-results/2500000-settlement-auto-accident/,0,10,0.00,18.2
https://rodenlaw.com/class-action-lawyers/invokana/,0,10,0.00,50.6
https://rodenlaw.com/es/blog/litchfield-pawleys-island-golf-cart-accident-lawyer-georgetown-county/,0,10,0.00,17.3
https://rodenlaw.com/locations/georgia/savannah/garden-city/,0,10,0.00,7.3
https://rodenlaw.com/locations/south-carolina/charleston/mount-pleasant/shem-creek/,0,10,0.00,5.3
https://rodenlaw.com/locations/south-carolina/myrtle-beach/galivants-ferry/,0,10,0.00,8.7
https://rodenlaw.com/motorcycle-accident-lawyers/north-charleston-sc/,0,10,0.00,22.2
https://rodenlaw.com/practice-areas/golf-cart-accident-lawyers/golf-cart-rollover/,0,10,0.00,11.0
https://rodenlaw.com/practice-areas/slip-and-fall-lawyers/wet-floor-accident/,0,10,0.00,33.0
https://rodenlaw.com/practice-areas/nursing-home-abuse-lawyers/physical-abuse-nursing-home/,1,9,11.11,24.0
https://rodenlaw.com/blog/car-accidents-on-i-26-in-north-charleston/,0,9,0.00,44.1
https://rodenlaw.com/blog/certification-of-permanent-injury/#what-is-certification,0,9,0.00,7.4
https://rodenlaw.com/blog/contingency-fee-system/#how-it-works,0,9,0.00,6.6
https://rodenlaw.com/blog/demand-letters-in-personal-injury-cases/#what-is-demand-letter,0,9,0.00,7.1
https://rodenlaw.com/blog/how-car-insurers-use-private-investigators/#pi-evidence-against-you,0,9,0.00,4.9
https://rodenlaw.com/blog/liability-in-head-on-collisions-savannah-ga/,0,9,0.00,22.1
https://rodenlaw.com/blog/medical-malpractice-limits-georgia/#statute-of-limitations,0,9,0.00,8.9
https://rodenlaw.com/blog/resolving-claims-through-arbitration/#ga-vs-sc-comparison,0,9,0.00,7.8
https://rodenlaw.com/blog/resolving-claims-through-arbitration/#when-arbitration-required,0,9,0.00,7.8
https://rodenlaw.com/blog/summer-road-trip-safety/,0,9,0.00,18.6
https://rodenlaw.com/blog/when-to-consider-settling-a-claim/,0,9,0.00,60.9
https://rodenlaw.com/es/blog/east-bay-street-savannah-pedestrian-accident-lawyer/,0,9,0.00,8.2
https://rodenlaw.com/es/resources/south-carolina-comparative-negligence/,0,9,0.00,7.2
https://rodenlaw.com/es/workers-compensation-lawyers/darien-ga/,0,9,0.00,14.6
https://rodenlaw.com/locations/georgia/savannah/ardsley-park/,0,9,0.00,24.6
https://rodenlaw.com/locations/georgia/savannah/effingham-county/south-effingham/,0,9,0.00,9.3
https://rodenlaw.com/locations/georgia/savannah/statesboro/georgia-southern/,0,9,0.00,9.9
https://rodenlaw.com/locations/south-carolina/charleston/downtown-charleston/cannonborough-elliotborough/,0,9,0.00,8.1
https://rodenlaw.com/locations/south-carolina/myrtle-beach/burgess/,0,9,0.00,9.3
https://rodenlaw.com/locations/south-carolina/north-charleston/goose-creek/boulder-bluff/,0,9,0.00,7.9
https://rodenlaw.com/practice-areas/premises-liability-lawyers/restaurant-hotel-injury/,0,9,0.00,12.2
https://rodenlaw.com/practice-areas/truck-accident-lawyers/commercial-van-delivery-truck-accident/,0,9,0.00,34.4
https://rodenlaw.com/practice-areas/workers-compensation-lawyers/fatal-workplace-accident/,0,9,0.00,15.6
https://rodenlaw.com/testimonials/charles-constant/,0,9,0.00,5.7
https://rodenlaw.com/testimonials/nicole-barber/,0,9,0.00,6.1
https://rodenlaw.com/testimonials/rachel-fraser/,0,9,0.00,11.9
https://rodenlaw.com/blog/ashley-phosphate-road-i-26-dangerous-intersection-charleston/#common-accident-types,0,8,0.00,2.2
https://rodenlaw.com/blog/ashley-phosphate-road-i-26-dangerous-intersection-charleston/#why-ashley-phosphate-dangerous,0,8,0.00,2.2
https://rodenlaw.com/blog/blind-spot-accidents/#preventing-blind-spot-accidents,0,8,0.00,6.9
https://rodenlaw.com/blog/can-passengers-be-at-fault-for-a-crash/,0,8,0.00,12.1
https://rodenlaw.com/blog/certification-of-permanent-injury/#why-certification-matters,0,8,0.00,9.6
https://rodenlaw.com/blog/charleston-delivery-truck-pedestrian-cyclist-accidents/,0,8,0.00,11.9
https://rodenlaw.com/blog/charleston-parking-lot-parking-garage-accident/#common-scenarios,0,8,0.00,8.5
https://rodenlaw.com/blog/charleston-parking-lot-parking-garage-accident/#fault-in-parking-lots,0,8,0.00,8.5
https://rodenlaw.com/blog/determining-fault-in-a-charleston-golf-cart-accident/,0,8,0.00,31.2
https://rodenlaw.com/blog/diminished-value-claims-after-car-accident/#how-to-file,0,8,0.00,7.2
https://rodenlaw.com/blog/options-for-denied-injury-claims/#bad-faith-complaint,0,8,0.00,8.9
https://rodenlaw.com/blog/options-for-denied-injury-claims/#bad-faith-georgia,0,8,0.00,9.6
https://rodenlaw.com/blog/options-for-denied-injury-claims/#review-denial-letter,0,8,0.00,9.9
https://rodenlaw.com/es/blog/mount-pleasant-mark-clark-expressway-i-526-motorcycle-accident-lawyer/,0,8,0.00,34.1
https://rodenlaw.com/locations/south-carolina/charleston/wadmalaw-island/,0,8,0.00,6.5
https://rodenlaw.com/locations/south-carolina/charleston/west-ashley/avondale/,0,8,0.00,13.8
https://rodenlaw.com/locations/south-carolina/myrtle-beach/green-sea/,0,8,0.00,9.1
https://rodenlaw.com/locations/south-carolina/north-charleston/goose-creek/howe-hall/,0,8,0.00,7.9
https://rodenlaw.com/practice-areas/maritime-injury-lawyers/north-charleston-sc/,0,8,0.00,9.6
https://rodenlaw.com/testimonials/anthony-b/,0,8,0.00,11.8
https://rodenlaw.com/testimonials/kim-howard/,0,8,0.00,9.6
https://rodenlaw.com/testimonials/tie-miller/,0,8,0.00,6.4
https://rodenlaw.com/practice-areas/slip-and-fall-lawyers/hotel-resort-injury/,1,7,14.29,20.7
https://rodenlaw.com/blog/blind-spot-accidents/#who-is-at-risk,0,7,0.00,6.3
https://rodenlaw.com/blog/charleston-parking-lot-parking-garage-accident/#pedestrian-strikes,0,7,0.00,9.1
https://rodenlaw.com/blog/charleston-parking-lot-parking-garage-accident/#police-reports,0,7,0.00,9.1
https://rodenlaw.com/blog/demand-letters-in-personal-injury-cases/#after-sending,0,7,0.00,5.3
https://rodenlaw.com/blog/how-poor-truck-maintenance-causes-charleston-accidents/,0,7,0.00,12.1
https://rodenlaw.com/blog/independent-medical-exams/#ga-vs-sc-comparison,0,7,0.00,6.6
https://rodenlaw.com/blog/maybank-highway-car-accidents-johns-island/#maybank-highway-bottleneck,0,7,0.00,5.6
https://rodenlaw.com/blog/medical-malpractice-limits-georgia/#discovery-rule,0,7,0.00,9.3
https://rodenlaw.com/blog/medical-treatment-after-accident/,0,7,0.00,18.9
https://rodenlaw.com/blog/page/26/,0,7,0.00,4.9
https://rodenlaw.com/blog/page/45/,0,7,0.00,6.1
https://rodenlaw.com/locations/georgia/savannah/midtown-savannah/ardsley-park-chatham-crescent/,0,7,0.00,5.9
https://rodenlaw.com/locations/georgia/savannah/springfield/,0,7,0.00,7.0
https://rodenlaw.com/locations/south-carolina/charleston/mount-pleasant/ion/,0,7,0.00,9.0
https://rodenlaw.com/locations/south-carolina/myrtle-beach/garden-city-beach/pier-area/,0,7,0.00,7.7
https://rodenlaw.com/locations/south-carolina/myrtle-beach/surfside-beach/town-center/,0,7,0.00,11.6
https://rodenlaw.com/locations/south-carolina/north-charleston/liberty-hill/,0,7,0.00,8.0
https://rodenlaw.com/locations/south-carolina/north-charleston/summerville/cane-bay/,0,7,0.00,19.7
https://rodenlaw.com/practice-areas/bicycle-accident-lawyers/hit-and-run-bicycle-accident/,0,7,0.00,9.9
https://rodenlaw.com/practice-areas/pedestrian-accident-lawyers/drunk-driver-pedestrian-accident/,0,7,0.00,8.6
https://rodenlaw.com/test/,0,7,0.00,4.4
https://rodenlaw.com/blog/a-pedestrians-guide-to-claiming-lost-wages-in-charleston/,0,6,0.00,9.3
https://rodenlaw.com/blog/benefit-of-a-personal-injury-pain-diary/#what-is-pain-diary,0,6,0.00,4.7
https://rodenlaw.com/blog/benefit-of-a-personal-injury-pain-diary/#why-important,0,6,0.00,4.7
https://rodenlaw.com/blog/blog-5-benefits-of-hiring-a-truck-accident-attorney-in-2023/,0,6,0.00,4.0
https://rodenlaw.com/blog/blog-workers-compensation-benefit-types/,0,6,0.00,18.3
https://rodenlaw.com/blog/category/workers-compensation/page/2/,0,6,0.00,36.8
https://rodenlaw.com/blog/contingency-fee-system/#ga-sc-rules,0,6,0.00,5.5
https://rodenlaw.com/blog/how-pain-and-suffering-is-calculated-after-an-accident-in-georgia/#how-calculated,0,6,0.00,3.5
https://rodenlaw.com/blog/how-pain-and-suffering-is-calculated-after-an-accident-in-georgia/#types-of-damages,0,6,0.00,4.0
https://rodenlaw.com/blog/how-pain-and-suffering-is-calculated-after-an-accident-in-georgia/#what-is-pain-and-suffering,0,6,0.00,3.5
https://rodenlaw.com/blog/liability-for-brake-checking-crashes-charleston/#evidence,0,6,0.00,10.2
https://rodenlaw.com/blog/liability-for-brake-checking-crashes-charleston/#percent,0,6,0.00,10.2
https://rodenlaw.com/blog/options-for-denied-injury-claims/#file-appeal,0,6,0.00,9.8
https://rodenlaw.com/blog/options-for-denied-injury-claims/#gather-evidence,0,6,0.00,9.8
https://rodenlaw.com/blog/port-truck-accidents-charleston-liability/,0,6,0.00,6.5
https://rodenlaw.com/blog/shem-creek-boating-dock-injuries-mount-pleasant/#common-injuries,0,6,0.00,4.8
https://rodenlaw.com/blog/shem-creek-boating-dock-injuries-mount-pleasant/#waterway-hazards,0,6,0.00,4.8
https://rodenlaw.com/blog/work-zone-car-accident-liability/,0,6,0.00,8.8
https://rodenlaw.com/car-accident-lawyers/north-charleston-sc/,0,6,0.00,21.2
https://rodenlaw.com/case-results/100000-settlement-auto-accident/,0,6,0.00,5.3
https://rodenlaw.com/es/blog/cayce-12th-street-uninsured-motorist-lawyer/,0,6,0.00,13.0
https://rodenlaw.com/locations/south-carolina/north-charleston/goose-creek/carnes-crossroads/,0,6,0.00,6.8
https://rodenlaw.com/locations/south-carolina/north-charleston/goose-creek/devon-forest/,0,6,0.00,9.3
https://rodenlaw.com/locations/south-carolina/north-charleston/goose-creek/westchester/,0,6,0.00,7.0
https://rodenlaw.com/locations/south-carolina/north-charleston/olde-north-charleston/,0,6,0.00,3.3
https://rodenlaw.com/locations/south-carolina/north-charleston/summerville/pine-forest-inn/,0,6,0.00,9.7
https://rodenlaw.com/practice-areas/pedestrian-accident-lawyers/crosswalk-accident/,0,6,0.00,5.2
https://rodenlaw.com/testimonials/britany-roberson/,0,6,0.00,12.8
https://rodenlaw.com/blog/accident-my-fault-can-i-receive-workers-comp/,0,5,0.00,73.2
https://rodenlaw.com/blog/blind-spot-accidents/#ga-sc-laws,0,5,0.00,5.8
https://rodenlaw.com/blog/category/car-accident/page/6/,0,5,0.00,9.2
https://rodenlaw.com/blog/category/car-accident/page/8/,0,5,0.00,42.8
https://rodenlaw.com/blog/category/free-case-review/,0,5,0.00,41.2
https://rodenlaw.com/blog/category/legal-guidance/,0,5,0.00,6.0
https://rodenlaw.com/blog/category/motorcycle-accident/,0,5,0.00,4.6
https://rodenlaw.com/blog/high-risk-occupations-2017/,0,5,0.00,8.4
https://rodenlaw.com/blog/how-to-talk-to-your-doctor-about-your-charleston-car-accident-injuries/,0,5,0.00,6.4
https://rodenlaw.com/blog/liability-for-brake-checking-crashes-charleston/#drivers,0,5,0.00,10.0
https://rodenlaw.com/blog/maybank-highway-car-accidents-johns-island/#who-is-liable,0,5,0.00,5.8
https://rodenlaw.com/blog/maybank-highway-car-accidents-johns-island/#why-dangerous,0,5,0.00,6.2
https://rodenlaw.com/blog/medical-malpractice-limits-georgia/#types-of-damages,0,5,0.00,8.8
https://rodenlaw.com/blog/recovering-damages-with-pre-existing-injuries/#common-pre-existing-conditions,0,5,0.00,6.0
https://rodenlaw.com/blog/recovering-damages-with-pre-existing-injuries/#what-is-pre-existing-injury,0,5,0.00,6.0
https://rodenlaw.com/blog/savannah-dangerous-highways-i16-i95-abercorn/#common-causes,0,5,0.00,8.0
https://rodenlaw.com/blog/savannah-dangerous-highways-i16-i95-abercorn/#i-16,0,5,0.00,8.0
https://rodenlaw.com/blog/seeking-justice-after-a-fatigued-trucker-accident-on-i-26/,0,5,0.00,15.6
https://rodenlaw.com/blog/seven-safe-driving-tips/,0,5,0.00,22.6
https://rodenlaw.com/blog/shem-creek-boating-dock-injuries-mount-pleasant/#bui-south-carolina,0,5,0.00,5.0
https://rodenlaw.com/blog/shem-creek-boating-dock-injuries-mount-pleasant/#comparative-fault,0,5,0.00,5.0
https://rodenlaw.com/blog/shem-creek-boating-dock-injuries-mount-pleasant/#maritime-law,0,5,0.00,5.0
https://rodenlaw.com/blog/shem-creek-boating-dock-injuries-mount-pleasant/#premises-liability,0,5,0.00,5.0
https://rodenlaw.com/blog/shem-creek-boating-dock-injuries-mount-pleasant/#shem-creek-overview,0,5,0.00,5.0
https://rodenlaw.com/blog/what-to-do-when-you-are-in-a-car-accident/#after-leaving,0,5,0.00,7.8
https://rodenlaw.com/blog/workers-compensation-faqs/,0,5,0.00,7.4
https://rodenlaw.com/burn-injury-lawyers/darien-ga/,0,5,0.00,19.0
https://rodenlaw.com/case-results/300000-settlement-auto-accident/,0,5,0.00,4.8
https://rodenlaw.com/case-results/350000-settlement-nursing-home-elder-abuse/,0,5,0.00,6.4
https://rodenlaw.com/contact-us/,0,5,0.00,1.2
https://rodenlaw.com/locations/georgia/savannah/pooler/godley-station/,0,5,0.00,7.2
https://rodenlaw.com/locations/south-carolina/north-charleston/ferndale/,0,5,0.00,8.8
https://rodenlaw.com/practice-areas/motorcycle-accident-lawyers/rear-end-motorcycle-accident/,0,5,0.00,12.4
https://rodenlaw.com/resources/page/3/,0,5,0.00,8.2
https://rodenlaw.com/resources/page/6/,0,5,0.00,24.8
https://rodenlaw.com/resources/seasonal-truck-accidents-myrtle-beach/,0,5,0.00,19.0
https://rodenlaw.com/testimonials/a-mcgee/,0,5,0.00,5.0
https://rodenlaw.com/testimonials/ben-young/,0,5,0.00,7.0
https://rodenlaw.com/testimonials/bryston-butler/,0,5,0.00,3.2
https://rodenlaw.com/testimonials/kmarieee-_/,0,5,0.00,9.2
https://rodenlaw.com/testimonials/lizzie-kirkley/,2,4,50.00,5.8
https://rodenlaw.com/blog/ashley-phosphate-road-i-26-dangerous-intersection-charleston/#comparative-fault-sc,0,4,0.00,2.5
https://rodenlaw.com/blog/ashley-phosphate-road-i-26-dangerous-intersection-charleston/#crash-data,0,4,0.00,2.5
https://rodenlaw.com/blog/ashley-phosphate-road-i-26-dangerous-intersection-charleston/#injuries-from-high-speed,0,4,0.00,2.5
https://rodenlaw.com/blog/ashley-phosphate-road-i-26-dangerous-intersection-charleston/#who-is-liable,0,4,0.00,2.5
https://rodenlaw.com/blog/avoid-dangerous-medication-errors/,0,4,0.00,5.8
https://rodenlaw.com/blog/blog-7-mistakes-to-avoid-after-a-motorcycle-accident/,0,4,0.00,14.5
https://rodenlaw.com/blog/category/nursing-home-abuse/,0,4,0.00,13.2
https://rodenlaw.com/blog/certification-of-permanent-injury/#certification-process,0,4,0.00,8.5
https://rodenlaw.com/blog/columbia-dangerous-intersections-roads/#common-crash-causes,0,4,0.00,6.8
https://rodenlaw.com/blog/columbia-dangerous-intersections-roads/#most-dangerous-intersections,0,4,0.00,6.8
https://rodenlaw.com/blog/diminished-value-claims-after-car-accident/#georgia-vs-south-carolina,0,4,0.00,10.0
https://rodenlaw.com/blog/filing-a-claim-after-a-hazmat-truck-crash-in-charleston/,0,4,0.00,5.2
https://rodenlaw.com/blog/how-pain-and-suffering-is-calculated-after-an-accident-in-georgia/#factors,0,4,0.00,4.5
https://rodenlaw.com/blog/letters-of-protection-for-injury-victims/#letters-of-protection-in-georgia,0,4,0.00,6.5
https://rodenlaw.com/blog/liens-and-your-personal-injury-claims/#ga-vs-sc-comparison,0,4,0.00,7.5
https://rodenlaw.com/blog/liens-and-your-personal-injury-claims/#government-liens,0,4,0.00,7.5
https://rodenlaw.com/blog/liens-and-your-personal-injury-claims/#what-is-a-lien,0,4,0.00,7.5
https://rodenlaw.com/blog/page/25/,0,4,0.00,7.5
https://rodenlaw.com/blog/page/34/,0,4,0.00,8.8
https://rodenlaw.com/blog/savannah-dangerous-highways-i16-i95-abercorn/#abercorn-street,0,4,0.00,8.5
https://rodenlaw.com/blog/savannah-dangerous-highways-i16-i95-abercorn/#derenne-avenue,0,4,0.00,8.5
https://rodenlaw.com/blog/savannah-dangerous-highways-i16-i95-abercorn/#i-516,0,4,0.00,8.5
https://rodenlaw.com/blog/savannah-dangerous-highways-i16-i95-abercorn/#i-95,0,4,0.00,8.5
https://rodenlaw.com/blog/savannah-dangerous-highways-i16-i95-abercorn/#savannah-highway-danger,0,4,0.00,8.5
https://rodenlaw.com/blog/what-to-do-when-you-are-in-a-car-accident/#mistakes-to-avoid,0,4,0.00,8.8
https://rodenlaw.com/blog/what-to-do-when-you-are-in-a-car-accident/#south-carolina-specific,0,4,0.00,8.8
https://rodenlaw.com/blog/what-to-do-when-you-are-in-a-car-accident/#why-checklist-matters,0,4,0.00,8.8
https://rodenlaw.com/case-results/27000000-settlement-truck-accident/,0,4,0.00,2.0
https://rodenlaw.com/case-results/9800000-recovery-premises-liability/,0,4,0.00,6.8
https://rodenlaw.com/locations/georgia/savannah/pooler/west-pooler/,0,4,0.00,8.2
https://rodenlaw.com/locations/south-carolina/myrtle-beach/briarcliffe-acres/,0,4,0.00,6.8
https://rodenlaw.com/locations/south-carolina/myrtle-beach/north-myrtle-beach/barefoot-landing/,0,4,0.00,10.0
https://rodenlaw.com/locations/south-carolina/north-charleston/northwoods/,0,4,0.00,6.5
https://rodenlaw.com/locations/south-carolina/north-charleston/summerville/wescott/,0,4,0.00,8.2
https://rodenlaw.com/practice-areas/atv-side-by-side-accident-lawyers/north-charleston-sc/,0,4,0.00,31.5
https://rodenlaw.com/practice-areas/burn-injury-lawyers/charleston-sc/,0,4,0.00,9.5
https://rodenlaw.com/practice-areas/car-accident-lawyers/delivery-vehicle-accident/,0,4,0.00,9.0
https://rodenlaw.com/practice-areas/pedestrian-accident-lawyers/hit-and-run-pedestrian-accident/,0,4,0.00,11.5
https://rodenlaw.com/practice-areas/slip-and-fall-lawyers/workplace-slip-and-fall/,0,4,0.00,7.2
https://rodenlaw.com/resources/workers-comp-north-charleston-warehouse-port/,0,4,0.00,17.8
https://rodenlaw.com/spinal-cord-injury-lawyers/north-charleston-sc/,0,4,0.00,14.0
https://rodenlaw.com/testimonials/bryant-grinnell/,0,4,0.00,6.5
https://rodenlaw.com/testimonials/joshua-johnson/,0,4,0.00,10.2
https://rodenlaw.com/testimonials/s-miller/,0,4,0.00,5.8
https://rodenlaw.com/blog/category/boating-accident/,0,3,0.00,34.0
https://rodenlaw.com/blog/certification-of-permanent-injury/#types-of-permanent-injuries,0,3,0.00,9.3
https://rodenlaw.com/blog/columbia-dangerous-intersections-roads/#south-carolina-laws,0,3,0.00,6.7
https://rodenlaw.com/blog/columbia-dangerous-intersections-roads/#why-columbia-dangerous,0,3,0.00,6.0
https://rodenlaw.com/blog/contingency-fee-system/#what-is-contingency-fee,0,3,0.00,4.7
https://rodenlaw.com/blog/diminished-value-claims-after-car-accident/#evidence-you-need,0,3,0.00,10.0
https://rodenlaw.com/blog/dog-bite-laws-south-carolina-charleston/#common-injuries,0,3,0.00,3.3
https://rodenlaw.com/blog/dog-bite-laws-south-carolina-charleston/#sc-strict-liability,0,3,0.00,3.3
https://rodenlaw.com/blog/dui-accidents/,0,3,0.00,40.0
https://rodenlaw.com/blog/how-pain-and-suffering-is-calculated-after-an-accident-in-georgia/#comparative-fault,0,3,0.00,4.3
https://rodenlaw.com/blog/how-pain-and-suffering-is-calculated-after-an-accident-in-georgia/#punitive-damages,0,3,0.00,4.3
https://rodenlaw.com/blog/liability-for-charleston-underride-truck-crashes/,0,3,0.00,64.0
https://rodenlaw.com/blog/maybank-highway-car-accidents-johns-island/#common-crash-types,0,3,0.00,7.0
https://rodenlaw.com/blog/maybank-highway-car-accidents-johns-island/#comparative-fault,0,3,0.00,7.0
https://rodenlaw.com/blog/maybank-highway-car-accidents-johns-island/#dangerous-sections,0,3,0.00,7.0
https://rodenlaw.com/blog/maybank-highway-car-accidents-johns-island/#injuries,0,3,0.00,7.0
https://rodenlaw.com/blog/medical-malpractice-limits-georgia/#affidavit-requirement,0,3,0.00,9.7
https://rodenlaw.com/blog/medical-malpractice-limits-georgia/#common-claims,0,3,0.00,9.7
https://rodenlaw.com/blog/medical-malpractice-limits-georgia/#damages-caps,0,3,0.00,9.7
https://rodenlaw.com/blog/medical-malpractice-limits-georgia/#statute-of-repose,0,3,0.00,9.7
https://rodenlaw.com/blog/page/20/,0,3,0.00,4.0
https://rodenlaw.com/blog/page/27/,0,3,0.00,6.7
https://rodenlaw.com/blog/page/36/,0,3,0.00,4.7
https://rodenlaw.com/es/practice-areas/atv-side-by-side-accident-lawyers/,0,3,0.00,33.0
https://rodenlaw.com/es/practice-areas/spinal-cord-injury-lawyers/,0,3,0.00,55.3
https://rodenlaw.com/locations/georgia/savannah/downtown-savannah/historic-district/,0,3,0.00,3.7
https://rodenlaw.com/locations/georgia/savannah/tybee-island/,0,3,0.00,8.3
https://rodenlaw.com/locations/south-carolina/charleston/mount-pleasant/belle-hall/,0,3,0.00,6.7
https://rodenlaw.com/locations/south-carolina/myrtle-beach/atlantic-beach/,0,3,0.00,9.3
https://rodenlaw.com/locations/south-carolina/myrtle-beach/bucksport/,0,3,0.00,8.0
https://rodenlaw.com/locations/south-carolina/myrtle-beach/little-river/waterfront/,0,3,0.00,17.0
https://rodenlaw.com/locations/south-carolina/myrtle-beach/myrtle-beach/market-common/,0,3,0.00,8.7
https://rodenlaw.com/locations/south-carolina/north-charleston/goose-creek/brickhope-plantation/,0,3,0.00,37.7
https://rodenlaw.com/practice-areas/bicycle-accident-lawyers/darien-ga/,0,3,0.00,30.3
https://rodenlaw.com/practice-areas/construction-accident-lawyers/falling-object-injury/,0,3,0.00,8.0
https://rodenlaw.com/practice-areas/slip-and-fall-lawyers/parking-lot-fall/,0,3,0.00,3.7
https://rodenlaw.com/blog-should-i-file-a-personal-injury-or-a-workers-compensation-claim/,0,2,0.00,7.0
https://rodenlaw.com/blog/blind-spot-accidents/#what-are-blind-spots,0,2,0.00,9.0
https://rodenlaw.com/blog/category/car-accident/page/10/,0,2,0.00,97.5
https://rodenlaw.com/blog/category/car-accident/page/17/,0,2,0.00,3.0
https://rodenlaw.com/blog/category/consumer-alerts/,0,2,0.00,6.0
https://rodenlaw.com/blog/category/medical-malpractice/,0,2,0.00,37.0
https://rodenlaw.com/blog/certification-of-permanent-injury/#proving-permanence,0,2,0.00,9.0
https://rodenlaw.com/blog/columbia-dangerous-intersections-roads/#dangerous-highways,0,2,0.00,5.5
https://rodenlaw.com/blog/contingency-fee-system/#no-upfront-costs,0,2,0.00,10.0
https://rodenlaw.com/blog/demand-letters-in-personal-injury-cases/#ga-vs-sc-comparison,0,2,0.00,5.5
https://rodenlaw.com/blog/demand-letters-in-personal-injury-cases/#timing,0,2,0.00,5.5
https://rodenlaw.com/blog/dog-bite-laws-south-carolina-charleston/#comparative-fault,0,2,0.00,2.5
https://rodenlaw.com/blog/dog-bite-laws-south-carolina-charleston/#damages-available,0,2,0.00,2.5
https://rodenlaw.com/blog/dog-bite-laws-south-carolina-charleston/#landlord-liability,0,2,0.00,2.5
https://rodenlaw.com/blog/dog-bite-laws-south-carolina-charleston/#owner-liability-no-prior-knowledge,0,2,0.00,2.5
https://rodenlaw.com/blog/dog-bite-laws-south-carolina-charleston/#sc-vs-ga-comparison,0,2,0.00,2.5
https://rodenlaw.com/blog/drunk-pedestrian-injury-claims/#pedestrian-intoxication-claims,0,2,0.00,1.0
https://rodenlaw.com/blog/filing-a-claim-for-an-injured-minor/#common-child-injuries,0,2,0.00,8.0
https://rodenlaw.com/blog/hearing-loss-after-charleston-car-accident/#car,0,2,0.00,8.5
https://rodenlaw.com/blog/hearing-loss-after-charleston-car-accident/#proving,0,2,0.00,9.5
https://rodenlaw.com/blog/hearing-loss-after-charleston-car-accident/#type,0,2,0.00,8.0
https://rodenlaw.com/blog/how-delayed-injuries-could-impact-your-charleston-car-crash-claim/,0,2,0.00,6.0
https://rodenlaw.com/blog/letters-of-protection-for-injury-victims/#how-insurance-companies-attack-letters-of-protection,0,2,0.00,5.0
https://rodenlaw.com/blog/letters-of-protection-for-injury-victims/#when-you-may-need-a-letter-of-protection,0,2,0.00,8.0
https://rodenlaw.com/blog/page/39/,0,2,0.00,3.5
https://rodenlaw.com/blog/page/46/,0,2,0.00,8.0
https://rodenlaw.com/blog/ptsd-after-car-accident-compensation/#proving-ptsd,0,2,0.00,5.5
https://rodenlaw.com/case-results/150000-settlement-auto-accident-2/,0,2,0.00,1.5
https://rodenlaw.com/case-results/250000-settlement-premises-liability/,0,2,0.00,82.5
https://rodenlaw.com/locations/south-carolina/north-charleston/summerville/summers-corner/,0,2,0.00,12.0
https://rodenlaw.com/motorcycle-accident-lawyers/head-on-motorcycle-collision/,0,2,0.00,16.0
https://rodenlaw.com/practice-areas/burn-injury-lawyers/savannah-ga/,0,2,0.00,14.5
https://rodenlaw.com/practice-areas/car-accident-lawyers/construction-vehicle-accident/,0,2,0.00,12.0
https://rodenlaw.com/practice-areas/premisesliability-lawyers/columbia-sc/,0,2,0.00,1.0
https://rodenlaw.com/practice-areas/product-liability-lawyers/savannah-ga/,0,2,0.00,5.0
https://rodenlaw.com/wp-content/uploads/2019/06/liability-in-rear-end-accident-1024x683.png,0,2,0.00,5.0
https://rodenlaw.com/wp-content/uploads/2026/03/how-dashcam-footage-can-help-1024x683.png,0,2,0.00,7.0
https://rodenlaw.com/blog-lane-change-accident-liability/,0,1,0.00,50.0
https://rodenlaw.com/blog/appealing-a-denied-workers-compensation-claim/,0,1,0.00,11.0
https://rodenlaw.com/blog/benefit-of-a-personal-injury-pain-diary/#ga-sc-damages,0,1,0.00,6.0
https://rodenlaw.com/blog/benefit-of-a-personal-injury-pain-diary/#sample-entries,0,1,0.00,6.0
https://rodenlaw.com/blog/benefit-of-a-personal-injury-pain-diary/#what-to-document,0,1,0.00,6.0
https://rodenlaw.com/blog/category/car-accident-help/,0,1,0.00,11.0
https://rodenlaw.com/blog/category/car-accident/page/14/,0,1,0.00,11.0
https://rodenlaw.com/blog/category/car-accident/page/16/,0,1,0.00,10.0
https://rodenlaw.com/blog/category/car-accident/page/9/,0,1,0.00,9.0
https://rodenlaw.com/blog/category/charleston/,0,1,0.00,31.0
https://rodenlaw.com/blog/category/personal-injury/page/2/,0,1,0.00,9.0
https://rodenlaw.com/blog/category/uncategorized/,0,1,0.00,7.0
https://rodenlaw.com/blog/drunk-pedestrian-injury-claims/#driver-duties,0,1,0.00,1.0
https://rodenlaw.com/blog/drunk-pedestrian-injury-claims/#proving-driver-negligence,0,1,0.00,1.0
https://rodenlaw.com/blog/drunk-pedestrian-injury-claims/#south-carolina-pedestrian-laws,0,1,0.00,1.0
https://rodenlaw.com/blog/expert-witness-testimony/,0,1,0.00,85.0
https://rodenlaw.com/blog/filing-a-claim-for-an-injured-minor/#types-of-damages,0,1,0.00,6.0
https://rodenlaw.com/blog/georgia-statute-of-limitations/#different-case-types,0,1,0.00,9.0
https://rodenlaw.com/blog/georgia-statute-of-limitations/#exceptions-that-extend-deadline,0,1,0.00,9.0
https://rodenlaw.com/blog/help-teen-safer-driver/,0,1,0.00,5.0
https://rodenlaw.com/blog/how-covid-19-affects-a-workers-comp-claim/,0,1,0.00,4.0
https://rodenlaw.com/blog/impaired-driving-caused-by-prescription-medications/#illegal,0,1,0.00,8.0
https://rodenlaw.com/blog/impaired-driving-caused-by-prescription-medications/#lead,0,1,0.00,8.0
https://rodenlaw.com/blog/maximum-medical-improvement-in-an-injury-claim/#mmi-personal-injury,0,1,0.00,4.0
https://rodenlaw.com/blog/maximum-medical-improvement-in-an-injury-claim/#what-is-mmi,0,1,0.00,4.0
https://rodenlaw.com/blog/maximum-medical-improvement-in-an-injury-claim/#who-determines,0,1,0.00,4.0
https://rodenlaw.com/blog/negligence-and-18-wheeler-accidents/,0,1,0.00,11.0
https://rodenlaw.com/blog/page/19/,0,1,0.00,6.0
https://rodenlaw.com/blog/page/29/,0,1,0.00,4.0
https://rodenlaw.com/blog/page/43/,0,1,0.00,1.0
https://rodenlaw.com/blog/ptsd-after-car-accident-compensation/#can-you-sue,0,1,0.00,3.0
https://rodenlaw.com/blog/ptsd-after-car-accident-compensation/#common-symptoms,0,1,0.00,8.0
https://rodenlaw.com/blog/rollover-crashes-and-what-they-do-to-body/,0,1,0.00,1.0
https://rodenlaw.com/blog/switching-lawyers-during-a-case/#attorney-liens-fee-disputes,0,1,0.00,6.0
https://rodenlaw.com/blog/switching-lawyers-during-a-case/#ga-vs-sc-comparison,0,1,0.00,6.0
https://rodenlaw.com/blog/switching-lawyers-during-a-case/#georgia-rules,0,1,0.00,6.0
https://rodenlaw.com/blog/switching-lawyers-during-a-case/#how-to-switch-step-by-step,0,1,0.00,6.0
https://rodenlaw.com/blog/switching-lawyers-during-a-case/#right-to-change-attorneys,0,1,0.00,6.0
https://rodenlaw.com/blog/switching-lawyers-during-a-case/#south-carolina-rules,0,1,0.00,6.0
https://rodenlaw.com/blog/switching-lawyers-during-a-case/#warning-signs,0,1,0.00,6.0
https://rodenlaw.com/blog/what-are-my-legal-options-after-a-rideshare-crash-in-charleston/,0,1,0.00,13.0
https://rodenlaw.com/blog/what-to-do-after-car-accident-georgia/#after-leaving-the-scene,0,1,0.00,2.0
https://rodenlaw.com/blog/what-to-do-after-car-accident-georgia/#at-the-scene,0,1,0.00,2.0
https://rodenlaw.com/blog/what-to-do-after-car-accident-georgia/#comparative-fault,0,1,0.00,2.0
https://rodenlaw.com/blog/what-to-do-after-car-accident-georgia/#damages-you-can-recover,0,1,0.00,2.0
https://rodenlaw.com/blog/what-to-do-after-car-accident-georgia/#filing-a-claim,0,1,0.00,2.0
https://rodenlaw.com/blog/what-to-do-after-car-accident-georgia/#georgia-car-accident-laws,0,1,0.00,2.0
https://rodenlaw.com/case-result/100000-settlement-auto-accident-2/,0,1,0.00,6.0
https://rodenlaw.com/case-results/100000-policy-limits-auto-accident/,0,1,0.00,8.0
https://rodenlaw.com/case-results/100000-settlement-nursing-home/,0,1,0.00,36.0
https://rodenlaw.com/case-results/1000000-settlement-auto-accident/,0,1,0.00,3.0
https://rodenlaw.com/case-results/103000-recovery-workers-compensation/,0,1,0.00,3.0
https://rodenlaw.com/case-results/125000-settlement-workers-compensation/,0,1,0.00,1.0
https://rodenlaw.com/case-results/1250000-settlement-wrongful-death/,0,1,0.00,10.0
https://rodenlaw.com/case-results/150000-recovery-premises-liability/,0,1,0.00,162.0
https://rodenlaw.com/case-results/200000-policy-limits-auto-accident/,0,1,0.00,6.0
https://rodenlaw.com/case-results/250000-settlement-auto-accident/,0,1,0.00,2.0
https://rodenlaw.com/case-results/300000-settlement-premises-liability/,0,1,0.00,2.0
https://rodenlaw.com/case-results/500000-settlement-auto-accident/,0,1,0.00,1.0
https://rodenlaw.com/case-results/600000-settlement-truck-accident/,0,1,0.00,11.0
https://rodenlaw.com/case-results/900000-settlement-workers-compensation/,0,1,0.00,4.0
https://rodenlaw.com/category/bicycle-accident/,0,1,0.00,149.0
https://rodenlaw.com/category/nursing-home-abuse/,0,1,0.00,165.0
https://rodenlaw.com/category/uncategorized/,0,1,0.00,5.0
https://rodenlaw.com/columbia-sc/columbia-sc/,0,1,0.00,1.0
https://rodenlaw.com/darien-ga/,0,1,0.00,1.0
https://rodenlaw.com/es/motorcycle-accident-lawyers/darien-ga/,0,1,0.00,10.0
https://rodenlaw.com/es/practice-areas/electric-scooter-accident-lawyers/,0,1,0.00,90.0
https://rodenlaw.com/practice-areas/boating-accident-lawyers/boating-under-influence/,0,1,0.00,12.0
https://rodenlaw.com/practice-areas/boating-accident-lawyers/darien-ga/,0,1,0.00,11.0
https://rodenlaw.com/practice-areas/construction-accident-lawyers/defective-construction-equipment/,0,1,0.00,4.0
https://rodenlaw.com/practice-areas/golf-cart-accident-lawyers/darien-ga/,0,1,0.00,5.0
https://rodenlaw.com/practice-areas/motorcycle-accident-lawyers/single-vehicle-motorcycle-crash/,0,1,0.00,8.0
https://rodenlaw.com/practice-areas/product-liability-lawyers/defective-auto-parts/,0,1,0.00,22.0
https://rodenlaw.com/practice-areas/wrongful-death-lawyers/fatal-truck-accident/,0,1,0.00,17.0
https://rodenlaw.com/practice-category/truck-accidents/,0,1,0.00,61.0
https://rodenlaw.com/resources/page/7/,0,1,0.00,10.0
https://rodenlaw.com/testimonials/ashley-b/,0,1,0.00,12.0
https://rodenlaw.com/wp-content/uploads/2024/03/RODEN-LAW_liability-four-way-stop-crash_social-1024x538.jpg,0,1,0.00,5.0
https://rodenlaw.com/wp-content/uploads/2025/11/image-2-1024x341.png,0,1,0.00,4.0
https://rodenlaw.com/wp-content/uploads/2026/03/can-insurance-companies-go-against-police-report-1024x683.png,0,1,0.00,7.0
https://rodenlaw.com/wp-content/uploads/2026/03/georgia-pedestrian-right-of-way-laws-1024x683.png,0,1,0.00,7.0
https://rodenlaw.com/wp-content/uploads/2026/03/south-carolina-pedestrian-right-of-way-laws-1024x683.png,0,1,0.00,2.0
https://rodenlaw.com/wp-content/uploads/assets/media/images/doctor-burn-injury-Social.jpg,0,1,0.00,6.0
