url,post_type,level,classification,redirect_target,reason,locale,unique_words,post_id
https://rodenlaw.com/es/blog/kemira-plant-drive-savannah-fatal-truck-accident-lawyer/,post,2,KEEP,,Guardrail keep-list: blog. Strongest non-brand asset. Rule 8 exception: keep regardless if this /es/ page outranks or out-earns its English twin — verify before removing.,es,2927,5238
https://rodenlaw.com/blog/kemira-plant-drive-savannah-fatal-truck-accident-lawyer/,post,2,KEEP,,Guardrail keep-list: blog. Strongest non-brand asset.,en,2402,5235
https://rodenlaw.com/es/blog/golf-colony-south-reindeer-road-underinsured-motorist-lawyer/,post,2,KEEP,,Guardrail keep-list: blog. Strongest non-brand asset. Rule 8 exception: keep regardless if this /es/ page outranks or out-earns its English twin — verify before removing.,es,2827,5233
https://rodenlaw.com/blog/golf-colony-south-reindeer-road-underinsured-motorist-lawyer/,post,2,KEEP,,Guardrail keep-list: blog. Strongest non-brand asset.,en,2283,5231
https://rodenlaw.com/es/blog/old-fort-jackson-savannah-fatal-truck-accident-lawyer/,post,2,KEEP,,Guardrail keep-list: blog. Strongest non-brand asset. Rule 8 exception: keep regardless if this /es/ page outranks or out-earns its English twin — verify before removing.,es,2756,5228
https://rodenlaw.com/blog/old-fort-jackson-savannah-fatal-truck-accident-lawyer/,post,2,KEEP,,Guardrail keep-list: blog. Strongest non-brand asset.,en,2159,5160
https://rodenlaw.com/es/blog/tenmile-i-26-best-car-accident-lawyer-north-charleston/,post,2,KEEP,,Guardrail keep-list: blog. Strongest non-brand asset. Rule 8 exception: keep regardless if this /es/ page outranks or out-earns its English twin — verify before removing.,es,2816,5218
https://rodenlaw.com/blog/tenmile-i-26-best-car-accident-lawyer-north-charleston/,post,2,KEEP,,Guardrail keep-list: blog. Strongest non-brand asset.,en,2259,5216
https://rodenlaw.com/es/blog/green-grove-mark-clark-expressway-uninsured-motorist-lawyer-north-charleston/,post,2,KEEP,,Guardrail keep-list: blog. Strongest non-brand asset. Rule 8 exception: keep regardless if this /es/ page outranks or out-earns its English twin — verify before removing.,es,2856,5214
https://rodenlaw.com/blog/green-grove-mark-clark-expressway-uninsured-motorist-lawyer-north-charleston/,post,2,KEEP,,Guardrail keep-list: blog. Strongest non-brand asset.,en,2260,5212
https://rodenlaw.com/es/blog/n-lake-drive-dick-pond-road-sc-544-underinsured-motorist-lawyer/,post,2,KEEP,,Guardrail keep-list: blog. Strongest non-brand asset. Rule 8 exception: keep regardless if this /es/ page outranks or out-earns its English twin — verify before removing.,es,2708,5165
https://rodenlaw.com/blog/n-lake-drive-dick-pond-road-sc-544-underinsured-motorist-lawyer/,post,2,KEEP,,Guardrail keep-list: blog. Strongest non-brand asset.,en,2267,5163
https://rodenlaw.com/blog/medical-malpractice-examples/,post,2,KEEP,,Guardrail keep-list: blog. Strongest non-brand asset.,en,2141,5145
https://rodenlaw.com/es/blog/hipaa-violation-lawyer/,post,2,KEEP,,Guardrail keep-list: blog. Strongest non-brand asset. Rule 8 exception: keep regardless if this /es/ page outranks or out-earns its English twin — verify before removing.,es,2407,5143
https://rodenlaw.com/es/blog/can-you-sue-hospital-negligence/,post,2,KEEP,,Guardrail keep-list: blog. Strongest non-brand asset. Rule 8 exception: keep regardless if this /es/ page outranks or out-earns its English twin — verify before removing.,es,2959,5141
https://rodenlaw.com/es/blog/hipaa-violation-lawsuit-worth/,post,2,KEEP,,Guardrail keep-list: blog. Strongest non-brand asset. Rule 8 exception: keep regardless if this /es/ page outranks or out-earns its English twin — verify before removing.,es,2911,5139
https://rodenlaw.com/es/blog/can-you-sue-hipaa-violation/,post,2,KEEP,,Guardrail keep-list: blog. Strongest non-brand asset. Rule 8 exception: keep regardless if this /es/ page outranks or out-earns its English twin — verify before removing.,es,2826,5137
https://rodenlaw.com/blog/hipaa-violation-lawyer/,post,2,KEEP,,Guardrail keep-list: blog. Strongest non-brand asset.,en,1993,5135
https://rodenlaw.com/es/blog/is-hipaa-violation-medical-malpractice/,post,2,KEEP,,Guardrail keep-list: blog. Strongest non-brand asset. Rule 8 exception: keep regardless if this /es/ page outranks or out-earns its English twin — verify before removing.,es,2445,5133
https://rodenlaw.com/blog/can-you-sue-hospital-negligence/,post,2,KEEP,,Guardrail keep-list: blog. Strongest non-brand asset.,en,2291,5128
https://rodenlaw.com/blog/hipaa-violation-lawsuit-worth/,post,2,KEEP,,Guardrail keep-list: blog. Strongest non-brand asset.,en,2220,5126
https://rodenlaw.com/blog/is-hipaa-violation-medical-malpractice/,post,2,KEEP,,Guardrail keep-list: blog. Strongest non-brand asset.,en,1922,5123
https://rodenlaw.com/blog/can-you-sue-hipaa-violation/,post,2,KEEP,,Guardrail keep-list: blog. Strongest non-brand asset.,en,2302,5121
https://rodenlaw.com/es/blog/n-lake-drive-us-17-business-best-car-accident-lawyer/,post,2,KEEP,,Guardrail keep-list: blog. Strongest non-brand asset. Rule 8 exception: keep regardless if this /es/ page outranks or out-earns its English twin — verify before removing.,es,2941,5119
https://rodenlaw.com/blog/n-lake-drive-us-17-business-best-car-accident-lawyer/,post,2,KEEP,,Guardrail keep-list: blog. Strongest non-brand asset.,en,2220,5049
https://rodenlaw.com/es/blog/boys-estate-glynn-county-best-car-accident-lawyer/,post,2,KEEP,,Guardrail keep-list: blog. Strongest non-brand asset. Rule 8 exception: keep regardless if this /es/ page outranks or out-earns its English twin — verify before removing.,es,2833,5047
https://rodenlaw.com/blog/boys-estate-glynn-county-best-car-accident-lawyer/,post,2,KEEP,,Guardrail keep-list: blog. Strongest non-brand asset.,en,2165,5045
https://rodenlaw.com/es/blog/green-grove-dorchester-road-atv-accident-lawyer-north-charleston/,post,2,KEEP,,Guardrail keep-list: blog. Strongest non-brand asset. Rule 8 exception: keep regardless if this /es/ page outranks or out-earns its English twin — verify before removing.,es,3268,5043
https://rodenlaw.com/blog/green-grove-dorchester-road-atv-accident-lawyer-north-charleston/,post,2,KEEP,,Guardrail keep-list: blog. Strongest non-brand asset.,en,2445,5041
https://rodenlaw.com/es/blog/eastern-wharf-harbor-street-electric-scooter-accident-lawyer/,post,2,KEEP,,Guardrail keep-list: blog. Strongest non-brand asset. Rule 8 exception: keep regardless if this /es/ page outranks or out-earns its English twin — verify before removing.,es,3130,5039
https://rodenlaw.com/blog/eastern-wharf-harbor-street-electric-scooter-accident-lawyer/,post,2,KEEP,,Guardrail keep-list: blog. Strongest non-brand asset.,en,2341,5037
https://rodenlaw.com/es/blog/murrells-inlet-jet-ski-accident-lawyer/,post,2,KEEP,,Guardrail keep-list: blog. Strongest non-brand asset. Rule 8 exception: keep regardless if this /es/ page outranks or out-earns its English twin — verify before removing.,es,2444,5034
https://rodenlaw.com/blog/murrells-inlet-jet-ski-accident-lawyer/,post,2,KEEP,,Guardrail keep-list: blog. Strongest non-brand asset.,en,2223,5031
https://rodenlaw.com/es/blog/cayce-12th-street-uninsured-motorist-lawyer/,post,2,KEEP,,Guardrail keep-list: blog. Strongest non-brand asset. Rule 8 exception: keep regardless if this /es/ page outranks or out-earns its English twin — verify before removing.,es,2421,5028
https://rodenlaw.com/blog/cayce-12th-street-uninsured-motorist-lawyer/,post,2,KEEP,,Guardrail keep-list: blog. Strongest non-brand asset.,en,2076,5025
https://rodenlaw.com/es/blog/rivers-avenue-northwoods-bus-accident-lawyer-north-charleston/,post,2,KEEP,,Guardrail keep-list: blog. Strongest non-brand asset. Rule 8 exception: keep regardless if this /es/ page outranks or out-earns its English twin — verify before removing.,es,2436,5022
https://rodenlaw.com/blog/rivers-avenue-northwoods-bus-accident-lawyer-north-charleston/,post,2,KEEP,,Guardrail keep-list: blog. Strongest non-brand asset.,en,2111,5019
https://rodenlaw.com/es/blog/car-accident-attorney-near-me-west-ashley-citadel-mall/,post,2,KEEP,,Guardrail keep-list: blog. Strongest non-brand asset. Rule 8 exception: keep regardless if this /es/ page outranks or out-earns its English twin — verify before removing.,es,2468,5016
https://rodenlaw.com/blog/car-accident-attorney-near-me-west-ashley-citadel-mall/,post,2,KEEP,,Guardrail keep-list: blog. Strongest non-brand asset.,en,2416,5013
https://rodenlaw.com/es/blog/st-simons-island-kings-way-motorcycle-accident-lawyer/,post,2,KEEP,,Guardrail keep-list: blog. Strongest non-brand asset. Rule 8 exception: keep regardless if this /es/ page outranks or out-earns its English twin — verify before removing.,es,2499,5010
https://rodenlaw.com/blog/st-simons-island-kings-way-motorcycle-accident-lawyer/,post,2,KEEP,,Guardrail keep-list: blog. Strongest non-brand asset.,en,2372,5007
https://rodenlaw.com/es/blog/east-bay-street-savannah-pedestrian-accident-lawyer/,post,2,KEEP,,Guardrail keep-list: blog. Strongest non-brand asset. Rule 8 exception: keep regardless if this /es/ page outranks or out-earns its English twin — verify before removing.,es,2921,5004
https://rodenlaw.com/blog/east-bay-street-savannah-pedestrian-accident-lawyer/,post,2,KEEP,,Guardrail keep-list: blog. Strongest non-brand asset.,en,2375,5001
https://rodenlaw.com/es/blog/mount-pleasant-johnnie-dodds-us-17-uninsured-motorist-lawyer/,post,2,KEEP,,Guardrail keep-list: blog. Strongest non-brand asset. Rule 8 exception: keep regardless if this /es/ page outranks or out-earns its English twin — verify before removing.,es,2934,4980
https://rodenlaw.com/es/blog/chicora-cherokee-carner-avenue-us-52-car-accident-attorney-north-charleston/,post,2,KEEP,,Guardrail keep-list: blog. Strongest non-brand asset. Rule 8 exception: keep regardless if this /es/ page outranks or out-earns its English twin — verify before removing.,es,2493,4976
https://rodenlaw.com/es/blog/dick-pond-road-sc-544-truck-accident-lawyer-surfside-beach/,post,2,KEEP,,Guardrail keep-list: blog. Strongest non-brand asset. Rule 8 exception: keep regardless if this /es/ page outranks or out-earns its English twin — verify before removing.,es,2681,4972
https://rodenlaw.com/es/blog/i-20-bush-river-road-motorcycle-accident-lawyer-columbia/,post,2,KEEP,,Guardrail keep-list: blog. Strongest non-brand asset. Rule 8 exception: keep regardless if this /es/ page outranks or out-earns its English twin — verify before removing.,es,2774,4968
https://rodenlaw.com/es/blog/brunswick-ocean-highway-us-17-underinsured-motorist-lawyer-glynn-county/,post,2,KEEP,,Guardrail keep-list: blog. Strongest non-brand asset. Rule 8 exception: keep regardless if this /es/ page outranks or out-earns its English twin — verify before removing.,es,3105,4964
https://rodenlaw.com/es/blog/garden-city-ga-21-augusta-road-car-accident-lawyer/,post,2,KEEP,,Guardrail keep-list: blog. Strongest non-brand asset. Rule 8 exception: keep regardless if this /es/ page outranks or out-earns its English twin — verify before removing.,es,2712,4960
https://rodenlaw.com/es/blog/litchfield-pawleys-island-golf-cart-accident-lawyer-georgetown-county/,post,2,KEEP,,Guardrail keep-list: blog. Strongest non-brand asset. Rule 8 exception: keep regardless if this /es/ page outranks or out-earns its English twin — verify before removing.,es,2509,4956
https://rodenlaw.com/es/blog/st-andrews-road-widewater-18-wheeler-accident-lawyer-richland-county/,post,2,KEEP,,Guardrail keep-list: blog. Strongest non-brand asset. Rule 8 exception: keep regardless if this /es/ page outranks or out-earns its English twin — verify before removing.,es,2998,4954
https://rodenlaw.com/es/blog/summerville-i-26-18-wheeler-accident-lawyer-dorchester-county/,post,2,KEEP,,Guardrail keep-list: blog. Strongest non-brand asset. Rule 8 exception: keep regardless if this /es/ page outranks or out-earns its English twin — verify before removing.,es,2855,4952
https://rodenlaw.com/es/blog/mount-pleasant-mark-clark-expressway-i-526-motorcycle-accident-lawyer/,post,2,KEEP,,Guardrail keep-list: blog. Strongest non-brand asset. Rule 8 exception: keep regardless if this /es/ page outranks or out-earns its English twin — verify before removing.,es,2435,4950
https://rodenlaw.com/es/blog/eulonia-us-17-ocean-highway-rideshare-uber-accident-lawyer-mcintosh-county/,post,2,KEEP,,Guardrail keep-list: blog. Strongest non-brand asset. Rule 8 exception: keep regardless if this /es/ page outranks or out-earns its English twin — verify before removing.,es,2631,4948
https://rodenlaw.com/es/blog/southover-mills-b-lane-motorcycle-accident-lawyer/,post,2,KEEP,,Guardrail keep-list: blog. Strongest non-brand asset. Rule 8 exception: keep regardless if this /es/ page outranks or out-earns its English twin — verify before removing.,es,2496,4946
https://rodenlaw.com/blog/chicora-cherokee-carner-avenue-us-52-car-accident-attorney-north-charleston/,post,2,KEEP,,Guardrail keep-list: blog. Strongest non-brand asset.,en,2086,4974
https://rodenlaw.com/blog/mount-pleasant-johnnie-dodds-us-17-uninsured-motorist-lawyer/,post,2,KEEP,,Guardrail keep-list: blog. Strongest non-brand asset.,en,2391,4978
https://rodenlaw.com/blog/dick-pond-road-sc-544-truck-accident-lawyer-surfside-beach/,post,2,KEEP,,Guardrail keep-list: blog. Strongest non-brand asset.,en,2159,4970
https://rodenlaw.com/blog/i-20-bush-river-road-motorcycle-accident-lawyer-columbia/,post,2,KEEP,,Guardrail keep-list: blog. Strongest non-brand asset.,en,2188,4966
https://rodenlaw.com/blog/brunswick-ocean-highway-us-17-underinsured-motorist-lawyer-glynn-county/,post,2,KEEP,,Guardrail keep-list: blog. Strongest non-brand asset.,en,2528,4962
https://rodenlaw.com/blog/garden-city-ga-21-augusta-road-car-accident-lawyer/,post,2,KEEP,,Guardrail keep-list: blog. Strongest non-brand asset.,en,2174,4958
https://rodenlaw.com/blog/litchfield-pawleys-island-golf-cart-accident-lawyer-georgetown-county/,post,2,KEEP,,Guardrail keep-list: blog. Strongest non-brand asset.,en,2047,4804
https://rodenlaw.com/blog/st-andrews-road-widewater-18-wheeler-accident-lawyer-richland-county/,post,2,KEEP,,Guardrail keep-list: blog. Strongest non-brand asset.,en,2213,4802
https://rodenlaw.com/blog/summerville-i-26-18-wheeler-accident-lawyer-dorchester-county/,post,2,KEEP,,Guardrail keep-list: blog. Strongest non-brand asset.,en,2229,4800
https://rodenlaw.com/blog/mount-pleasant-mark-clark-expressway-i-526-motorcycle-accident-lawyer/,post,2,KEEP,,Guardrail keep-list: blog. Strongest non-brand asset.,en,2115,4798
https://rodenlaw.com/blog/eulonia-us-17-ocean-highway-rideshare-uber-accident-lawyer-mcintosh-county/,post,2,KEEP,,Guardrail keep-list: blog. Strongest non-brand asset.,en,2153,4796
https://rodenlaw.com/blog/southover-mills-b-lane-motorcycle-accident-lawyer/,post,2,KEEP,,Guardrail keep-list: blog. Strongest non-brand asset.,en,1893,4794
https://rodenlaw.com/blog/socastee-holmestown-road-underinsured-motorist-lawyer/,post,2,KEEP,,Guardrail keep-list: blog. Strongest non-brand asset.,en,1896,4791
https://rodenlaw.com/blog/edmund-highway-lexington-county-car-accident-lawyer/,post,2,KEEP,,Guardrail keep-list: blog. Strongest non-brand asset.,en,1947,4789
https://rodenlaw.com/blog/park-circle-east-montague-drunk-driving-accident-lawyer-north-charleston/,post,2,KEEP,,Guardrail keep-list: blog. Strongest non-brand asset.,en,2023,4787
https://rodenlaw.com/blog/mark-clark-expressway-i-526-18-wheeler-accident-lawyer-north-charleston/,post,2,KEEP,,Guardrail keep-list: blog. Strongest non-brand asset.,en,2021,4785
https://rodenlaw.com/blog/darien-i-95-truck-accident-lawyer/,post,2,KEEP,,Guardrail keep-list: blog. Strongest non-brand asset.,en,1926,4783
https://rodenlaw.com/blog/garden-city-dean-forest-road-truck-accident-lawyer/,post,2,KEEP,,Guardrail keep-list: blog. Strongest non-brand asset.,en,2055,4781
https://rodenlaw.com/blog/bucksport-marina-waccamaw-intracoastal-boating-accident-lawyer/,post,2,KEEP,,Guardrail keep-list: blog. Strongest non-brand asset.,en,2189,4778
https://rodenlaw.com/blog/five-points-columbia-uber-accident-lawyer/,post,2,KEEP,,Guardrail keep-list: blog. Strongest non-brand asset.,en,2239,4776
https://rodenlaw.com/blog/hanahan-murray-avenue-highland-park-bicycle-accident-lawyer/,post,2,KEEP,,Guardrail keep-list: blog. Strongest non-brand asset.,en,2190,4774
https://rodenlaw.com/blog/west-ashley-sam-rittenberg-boulevard-motorcycle-accident-lawyer/,post,2,KEEP,,Guardrail keep-list: blog. Strongest non-brand asset.,en,2051,4772
https://rodenlaw.com/blog/darien-river-boating-accident-lawyer/,post,2,KEEP,,Guardrail keep-list: blog. Strongest non-brand asset.,en,2161,4770
https://rodenlaw.com/blog/savannah-veterans-parkway-car-accident-lawyer/,post,2,KEEP,,Guardrail keep-list: blog. Strongest non-brand asset.,en,2058,4768
https://rodenlaw.com/blog/south-kings-highway-us-17-business-underinsured-motorist-lawyer/,post,2,KEEP,,Guardrail keep-list: blog. Strongest non-brand asset.,en,2136,4766
https://rodenlaw.com/blog/sunset-boulevard-west-columbia-drunk-driver-accident-lawyer/,post,2,KEEP,,Guardrail keep-list: blog. Strongest non-brand asset.,en,2111,4764
https://rodenlaw.com/blog/best-car-accident-lawyer-ashley-river-road-greenwood-park-west-ashley/,post,2,KEEP,,Guardrail keep-list: blog. Strongest non-brand asset.,en,1922,4762
https://rodenlaw.com/blog/mount-pleasant-johnnie-dodds-us-17-wrongful-death-car-accident-lawyer/,post,2,KEEP,,Guardrail keep-list: blog. Strongest non-brand asset.,en,2098,4760
https://rodenlaw.com/blog/mcintosh-county-drunk-driver-accident-lawyer/,post,2,KEEP,,Guardrail keep-list: blog. Strongest non-brand asset.,en,2137,4758
https://rodenlaw.com/blog/yamacraw-village-pedestrian-accident-lawyer/,post,2,KEEP,,Guardrail keep-list: blog. Strongest non-brand asset.,en,2269,4756
https://rodenlaw.com/blog/surfside-beach-golf-colony-golf-cart-accident-lawyer/,post,2,KEEP,,Guardrail keep-list: blog. Strongest non-brand asset.,en,2110,4754
https://rodenlaw.com/blog/broad-river-road-pedestrian-accident-lawyer-harbison-columbia/,post,2,KEEP,,Guardrail keep-list: blog. Strongest non-brand asset.,en,1994,4752
https://rodenlaw.com/blog/international-boulevard-airport-rideshare-uber-lyft-crash-north-charleston/,post,2,KEEP,,Guardrail keep-list: blog. Strongest non-brand asset.,en,2003,4750
https://rodenlaw.com/blog/daniel-island-i-526-wando-bridge-truck-accident-berkeley-county/,post,2,KEEP,,Guardrail keep-list: blog. Strongest non-brand asset.,en,2099,4748
https://rodenlaw.com/blog/brunswick-i-95-truck-accident-lawyer/,post,2,KEEP,,Guardrail keep-list: blog. Strongest non-brand asset.,en,1879,4746
https://rodenlaw.com/blog/garden-city-eden-loop-truck-accident-lawyer/,post,2,KEEP,,Guardrail keep-list: blog. Strongest non-brand asset.,en,2197,4744
https://rodenlaw.com/blog/us-17-i-95-darien-wrongful-death-mcintosh-county/,post,2,KEEP,,Guardrail keep-list: blog. Strongest non-brand asset.,en,2342,4742
https://rodenlaw.com/blog/islands-expressway-whitemarsh-island-motorcycle-accident-chatham-county/,post,2,KEEP,,Guardrail keep-list: blog. Strongest non-brand asset.,en,2295,4740
https://rodenlaw.com/blog/litchfield-beach-pawleys-island-us-17-car-accident-georgetown-county/,post,2,KEEP,,Guardrail keep-list: blog. Strongest non-brand asset.,en,2631,4738
https://rodenlaw.com/blog/north-rhett-avenue-truck-accident-hanahan-berkeley-county/,post,2,KEEP,,Guardrail keep-list: blog. Strongest non-brand asset.,en,2264,4733
https://rodenlaw.com/blog/rifle-range-road-mount-pleasant-car-accident-heritage-park-west/,post,2,KEEP,,Guardrail keep-list: blog. Strongest non-brand asset.,en,2626,4735
https://rodenlaw.com/blog/columbia-airport-expressway-us-378-truck-accident-springdale-lexington-county/,post,2,KEEP,,Guardrail keep-list: blog. Strongest non-brand asset.,en,2135,4731
https://rodenlaw.com/blog/atlantic-coastal-highway-us-17-rideshare-uber-lyft-crash-savannah-intermodal-transit-center/,post,2,KEEP,,Guardrail keep-list: blog. Strongest non-brand asset.,en,2086,4719
https://rodenlaw.com/blog/motorcycle-accident-i-95-glynn-county-brunswick-darien/,post,2,KEEP,,Guardrail keep-list: blog. Strongest non-brand asset.,en,2093,4721
https://rodenlaw.com/blog/credit-one-stadium-event-day-crashes-daniel-island-beekman-street/,post,2,KEEP,,Guardrail keep-list: blog. Strongest non-brand asset.,en,2075,4723
https://rodenlaw.com/blog/hit-and-run-drunk-driver-crashes-ashley-river-road-sc-61-west-ashley-greenwood-park/,post,2,KEEP,,Guardrail keep-list: blog. Strongest non-brand asset.,en,2077,4725
https://rodenlaw.com/blog/i-77-truck-accident-northeast-columbia-richland-county/,post,2,KEEP,,Guardrail keep-list: blog. Strongest non-brand asset.,en,2053,4727
https://rodenlaw.com/blog/drunk-driver-crash-south-kings-highway-us-17-business-surfside-beach-29575/,post,2,KEEP,,Guardrail keep-list: blog. Strongest non-brand asset.,en,2070,4729
https://rodenlaw.com/blog/i-16-port-freight-truck-accident-garden-city-savannah/,post,2,KEEP,,Guardrail keep-list: blog. Strongest non-brand asset.,en,2331,4715
https://rodenlaw.com/blog/pedestrian-accident-dorchester-road-school-zone-29418-north-charleston/,post,2,KEEP,,Guardrail keep-list: blog. Strongest non-brand asset.,en,2668,4717
https://rodenlaw.com/blog/us-17-truck-accident-broadfield-glynn-county/,post,2,KEEP,,Guardrail keep-list: blog. Strongest non-brand asset.,en,2302,4709
https://rodenlaw.com/blog/sunset-boulevard-us-378-lexington-medical-center-accident/,post,2,KEEP,,Guardrail keep-list: blog. Strongest non-brand asset.,en,2559,4711
https://rodenlaw.com/blog/dog-bite-surfside-beach-29575/,post,2,KEEP,,Guardrail keep-list: blog. Strongest non-brand asset.,en,2323,4713
https://rodenlaw.com/blog/i-526-mount-pleasant-wando-bridge-accident/,post,2,KEEP,,Guardrail keep-list: blog. Strongest non-brand asset.,en,2370,4707
https://rodenlaw.com/blog/rideshare-accident-i-26-tenmile-north-charleston/,post,2,KEEP,,Guardrail keep-list: blog. Strongest non-brand asset.,en,2066,4704
https://rodenlaw.com/blog/eastern-wharf-savannah-pedestrian-bike-accidents/,post,2,KEEP,,Guardrail keep-list: blog. Strongest non-brand asset.,en,2380,4702
https://rodenlaw.com/blog/south-carolina-statute-of-limitations-personal-injury/,post,2,KEEP,,Guardrail keep-list: blog. Strongest non-brand asset.,en,582,4646
https://rodenlaw.com/blog/north-charleston-crime-rate-hit-and-run/,post,2,KEEP,,Guardrail keep-list: blog. Strongest non-brand asset.,en,563,4645
https://rodenlaw.com/blog/motorcycle-accidents-dorchester-road-data/,post,2,KEEP,,Guardrail keep-list: blog. Strongest non-brand asset.,en,446,4644
https://rodenlaw.com/blog/port-truck-accidents-charleston-liability/,post,2,KEEP,,Guardrail keep-list: blog. Strongest non-brand asset.,en,549,4643
https://rodenlaw.com/blog/pedestrian-safety-park-circle-north-charleston/,post,2,KEEP,,Guardrail keep-list: blog. Strongest non-brand asset.,en,453,4642
https://rodenlaw.com/blog/ashley-phosphate-i-26-south-carolinas-deadliest-intersection/,post,2,KEEP,,Guardrail keep-list: blog. Strongest non-brand asset.,en,953,4624
https://rodenlaw.com/blog/what-to-do-after-car-accident-south-carolina/,post,2,KEEP,,Guardrail keep-list: blog. Strongest non-brand asset.,en,2735,4590
https://rodenlaw.com/blog/what-to-do-after-car-accident-georgia/,post,2,KEEP,,Guardrail keep-list: blog. Strongest non-brand asset.,en,2487,4589
https://rodenlaw.com/blog/fmcsa-violations-truck-accident-claims/,post,2,KEEP,,Guardrail keep-list: blog. Strongest non-brand asset.,en,3119,4588
https://rodenlaw.com/blog/car-totaled-in-accident-what-to-do/,post,2,KEEP,,Guardrail keep-list: blog. Strongest non-brand asset.,en,2544,4587
https://rodenlaw.com/blog/ptsd-after-car-accident-compensation/,post,2,KEEP,,Guardrail keep-list: blog. Strongest non-brand asset.,en,2502,4586
https://rodenlaw.com/blog/diminished-value-claims-after-car-accident/,post,2,KEEP,,Guardrail keep-list: blog. Strongest non-brand asset.,en,2558,4585
https://rodenlaw.com/blog/average-personal-injury-settlement-amounts/,post,2,KEEP,,Guardrail keep-list: blog. Strongest non-brand asset.,en,2464,4584
https://rodenlaw.com/blog/how-much-is-my-car-accident-claim-worth/,post,2,KEEP,,Guardrail keep-list: blog. Strongest non-brand asset.,en,2701,4583
https://rodenlaw.com/blog/options-for-recovering-more-than-policy-limits/,post,2,KEEP,,Guardrail keep-list: blog. Strongest non-brand asset.,en,2670,1724
https://rodenlaw.com/blog/independent-medical-exams/,post,2,KEEP,,Guardrail keep-list: blog. Strongest non-brand asset.,en,2973,1723
https://rodenlaw.com/blog/demand-letters-in-personal-injury-cases/,post,2,KEEP,,Guardrail keep-list: blog. Strongest non-brand asset.,en,2774,1722
https://rodenlaw.com/blog/options-for-denied-injury-claims/,post,2,KEEP,,Guardrail keep-list: blog. Strongest non-brand asset.,en,2692,1720
https://rodenlaw.com/blog/car-insurance-claim-denial-tactics/,post,2,KEEP,,Guardrail keep-list: blog. Strongest non-brand asset.,en,2485,1719
https://rodenlaw.com/blog/continuing-post-accident-medical-treatment/,post,2,KEEP,,Guardrail keep-list: blog. Strongest non-brand asset.,en,2518,1718
https://rodenlaw.com/blog/resolving-claims-through-arbitration/,post,2,KEEP,,Guardrail keep-list: blog. Strongest non-brand asset.,en,2565,1717
https://rodenlaw.com/blog/liability-for-crashes-in-heavy-rainfall/,post,2,KEEP,,Guardrail keep-list: blog. Strongest non-brand asset.,en,2486,1716
https://rodenlaw.com/blog/car-insurance-add-ons/,post,2,KEEP,,Guardrail keep-list: blog. Strongest non-brand asset.,en,2613,1715
https://rodenlaw.com/blog/importance-of-eyewitness-testimony/,post,2,KEEP,,Guardrail keep-list: blog. Strongest non-brand asset.,en,2578,1713
https://rodenlaw.com/blog/letters-of-protection-for-injury-victims/,post,2,KEEP,,Guardrail keep-list: blog. Strongest non-brand asset.,en,2536,1712
https://rodenlaw.com/blog/liens-and-your-personal-injury-claims/,post,2,KEEP,,Guardrail keep-list: blog. Strongest non-brand asset.,en,2545,1711
https://rodenlaw.com/blog/how-car-insurers-use-private-investigators/,post,2,KEEP,,Guardrail keep-list: blog. Strongest non-brand asset.,en,3387,1709
https://rodenlaw.com/blog/switching-lawyers-during-a-case/,post,2,KEEP,,Guardrail keep-list: blog. Strongest non-brand asset.,en,2503,1708
https://rodenlaw.com/blog/liability-for-sudden-emergency-accidents/,post,2,KEEP,,Guardrail keep-list: blog. Strongest non-brand asset.,en,3335,1707
https://rodenlaw.com/blog/claims-for-lost-wages/,post,2,KEEP,,Guardrail keep-list: blog. Strongest non-brand asset.,en,2896,1706
https://rodenlaw.com/blog/filing-a-claim-for-an-injured-minor/,post,2,KEEP,,Guardrail keep-list: blog. Strongest non-brand asset.,en,2467,1704
https://rodenlaw.com/blog/driving-record-and-injury-claim/,post,2,KEEP,,Guardrail keep-list: blog. Strongest non-brand asset.,en,2605,1703
https://rodenlaw.com/blog/rear-end-accident-injuries/,post,2,KEEP,,Guardrail keep-list: blog. Strongest non-brand asset.,en,2448,4581
https://rodenlaw.com/blog/maximum-medical-improvement-in-an-injury-claim/,post,2,KEEP,,Guardrail keep-list: blog. Strongest non-brand asset.,en,3097,1702
https://rodenlaw.com/blog/steps-to-take-if-you-are-involved-in-a-bicycle-hit-and-run/,post,2,KEEP,,Guardrail keep-list: blog. Strongest non-brand asset.,en,1781,1698
https://rodenlaw.com/blog/what-happens-if-i-resign-while-on-workers-compensation/,post,2,KEEP,,Guardrail keep-list: blog. Strongest non-brand asset.,en,2051,1697
https://rodenlaw.com/blog/should-i-file-a-personal-injury-or-a-workers-compensation-claim/,post,2,KEEP,,Guardrail keep-list: blog. Strongest non-brand asset.,en,1617,1695
https://rodenlaw.com/blog/am-i-eligible-for-workers-compensation/,post,2,KEEP,,Guardrail keep-list: blog. Strongest non-brand asset.,en,2035,1693
https://rodenlaw.com/blog/when-is-the-right-time-to-hire-a-personal-injury-lawyer/,post,2,KEEP,,Guardrail keep-list: blog. Strongest non-brand asset.,en,2647,1692
https://rodenlaw.com/blog/does-worker-compensation-cover-employee-negligence/,post,2,KEEP,,Guardrail keep-list: blog. Strongest non-brand asset.,en,2259,1690
https://rodenlaw.com/blog/why-wont-a-personal-lawyer-take-my-case/,post,2,KEEP,,Guardrail keep-list: blog. Strongest non-brand asset.,en,2455,1686
https://rodenlaw.com/blog/tips-for-choosing-a-motor-vehicle-accident-attorney/,post,2,KEEP,,Guardrail keep-list: blog. Strongest non-brand asset.,en,2595,1681
https://rodenlaw.com/blog/benefits-for-workplace-violence/,post,2,KEEP,,Guardrail keep-list: blog. Strongest non-brand asset.,en,1824,1650
https://rodenlaw.com/blog/medical-malpractice-limits-south-carolina/,post,2,KEEP,,Guardrail keep-list: blog. Strongest non-brand asset.,en,1929,4562
https://rodenlaw.com/blog/what-if-i-suspect-medical-malpractice/,post,2,KEEP,,Guardrail keep-list: blog. Strongest non-brand asset.,en,1928,1696
https://rodenlaw.com/blog/how-long-can-a-person-stay-on-workers-compensation/,post,2,KEEP,,Guardrail keep-list: blog. Strongest non-brand asset.,en,2024,1682
https://rodenlaw.com/blog/when-does-workers-compensation-stop-paying/,post,2,KEEP,,Guardrail keep-list: blog. Strongest non-brand asset.,en,1901,1677
https://rodenlaw.com/blog/medical-malpractice-limits-georgia/,post,2,KEEP,,Guardrail keep-list: blog. Strongest non-brand asset.,en,1880,1676
https://rodenlaw.com/blog/can-someone-sue-me-for-a-car-accident/,post,2,KEEP,,Guardrail keep-list: blog. Strongest non-brand asset.,en,2245,1675
https://rodenlaw.com/blog/does-workers-compensation-cover-prescriptions/,post,2,KEEP,,Guardrail keep-list: blog. Strongest non-brand asset.,en,1971,1674
https://rodenlaw.com/blog/how-do-i-know-if-i-have-a-personal-injury-case/,post,2,KEEP,,Guardrail keep-list: blog. Strongest non-brand asset.,en,2242,1673
https://rodenlaw.com/blog/are-accident-lawyers-worth-it/,post,2,KEEP,,Guardrail keep-list: blog. Strongest non-brand asset.,en,2174,1672
https://rodenlaw.com/blog/how-long-can-someone-sue-you-after-a-car-accident/,post,2,KEEP,,Guardrail keep-list: blog. Strongest non-brand asset.,en,2123,1670
https://rodenlaw.com/blog/claims-against-at-fault-drivers-who-died/,post,2,KEEP,,Guardrail keep-list: blog. Strongest non-brand asset.,en,2058,1649
https://rodenlaw.com/blog/first-steps-in-a-medical-malpractice-case/,post,2,KEEP,,Guardrail keep-list: blog. Strongest non-brand asset.,en,2156,1646
https://rodenlaw.com/blog/benefit-of-a-personal-injury-pain-diary/,post,2,KEEP,,Guardrail keep-list: blog. Strongest non-brand asset.,en,1700,1772
https://rodenlaw.com/blog/qualifications-for-car-accident-witnesses/,post,2,KEEP,,Guardrail keep-list: blog. Strongest non-brand asset.,en,2067,1758
https://rodenlaw.com/blog/animal-accident-insurance-coverage/,post,2,KEEP,,Guardrail keep-list: blog. Strongest non-brand asset.,en,1498,1746
https://rodenlaw.com/blog/what-is-the-role-of-a-personal-injury-lawyer-in-a-case/,post,2,KEEP,,Guardrail keep-list: blog. Strongest non-brand asset.,en,1732,1683
https://rodenlaw.com/blog/pedestrian-safety-georgia/,post,2,KEEP,,Guardrail keep-list: blog. Strongest non-brand asset.,en,2232,1856
https://rodenlaw.com/blog/georgia-statute-of-limitations/,post,2,KEEP,,Guardrail keep-list: blog. Strongest non-brand asset.,en,1990,1840
https://rodenlaw.com/blog/financial-abuse-at-nursing-homes/,post,2,KEEP,,Guardrail keep-list: blog. Strongest non-brand asset.,en,1779,1837
https://rodenlaw.com/blog/signs-of-concussion-from-car-crash/,post,2,KEEP,,Guardrail keep-list: blog. Strongest non-brand asset.,en,1840,1835
https://rodenlaw.com/blog/blind-spot-accidents/,post,2,KEEP,,Guardrail keep-list: blog. Strongest non-brand asset.,en,1822,1831
https://rodenlaw.com/blog/informed-consent/,post,2,KEEP,,Guardrail keep-list: blog. Strongest non-brand asset.,en,1972,1824
https://rodenlaw.com/blog/driving-tips-around-trucks/,post,2,KEEP,,Guardrail keep-list: blog. Strongest non-brand asset.,en,1709,1823
https://rodenlaw.com/blog/how-do-i-know-if-i-have-a-medical-malpractice-case/,post,2,KEEP,,Guardrail keep-list: blog. Strongest non-brand asset.,en,2223,1813
https://rodenlaw.com/blog/recovering-damages-with-pre-existing-injuries/,post,2,KEEP,,Guardrail keep-list: blog. Strongest non-brand asset.,en,2010,1811
https://rodenlaw.com/blog/truck-accident-liability/,post,2,KEEP,,Guardrail keep-list: blog. Strongest non-brand asset.,en,1909,1810
https://rodenlaw.com/blog/steps-after-slip-and-fall-injury/,post,2,KEEP,,Guardrail keep-list: blog. Strongest non-brand asset.,en,1877,1796
https://rodenlaw.com/blog/georgia-super-speeder-law/,post,2,KEEP,,Guardrail keep-list: blog. Strongest non-brand asset.,en,1853,1790
https://rodenlaw.com/blog/determining-fault-in-multi-vehicle-accidents/,post,2,KEEP,,Guardrail keep-list: blog. Strongest non-brand asset.,en,1733,1773
https://rodenlaw.com/blog/taxes-on-car-crash-settlement-in-georgia/,post,2,KEEP,,Guardrail keep-list: blog. Strongest non-brand asset.,en,2064,1769
https://rodenlaw.com/blog/drunk-pedestrian-injury-claims/,post,2,KEEP,,Guardrail keep-list: blog. Strongest non-brand asset.,en,2003,1767
https://rodenlaw.com/blog/workers-comp-for-carpal-tunnel-syndrome/,post,2,KEEP,,Guardrail keep-list: blog. Strongest non-brand asset.,en,2071,1761
https://rodenlaw.com/blog/using-uninsured-underinsured-motorist-coverage-in-georgia/,post,2,KEEP,,Guardrail keep-list: blog. Strongest non-brand asset.,en,2114,1757
https://rodenlaw.com/blog/negligence-vs-gross-negligence/,post,2,KEEP,,Guardrail keep-list: blog. Strongest non-brand asset.,en,1930,1756
https://rodenlaw.com/blog/contingency-fee-system/,post,2,KEEP,,Guardrail keep-list: blog. Strongest non-brand asset.,en,1896,1753
https://rodenlaw.com/blog/workers-comp-medical-coverage/,post,2,KEEP,,Guardrail keep-list: blog. Strongest non-brand asset.,en,1952,1752
https://rodenlaw.com/blog/fault-vs-no-fault-car-insurance/,post,2,KEEP,,Guardrail keep-list: blog. Strongest non-brand asset.,en,1705,1749
https://rodenlaw.com/blog/certification-of-permanent-injury/,post,2,KEEP,,Guardrail keep-list: blog. Strongest non-brand asset.,en,1919,1745
https://rodenlaw.com/blog/traffic-tickets-and-car-accident-claims/,post,2,KEEP,,Guardrail keep-list: blog. Strongest non-brand asset.,en,1989,1740
https://rodenlaw.com/blog/accident-claims-with-an-expired-license/,post,2,KEEP,,Guardrail keep-list: blog. Strongest non-brand asset.,en,1783,1714
https://rodenlaw.com/blog/benefits-of-an-accident-reconstruction-expert/,post,2,KEEP,,Guardrail keep-list: blog. Strongest non-brand asset.,en,1582,1705
https://rodenlaw.com/blog/is-workers-compensation-an-employee-benefit/,post,2,KEEP,,Guardrail keep-list: blog. Strongest non-brand asset.,en,1691,1684
https://rodenlaw.com/blog/5-most-common-types-of-medical-malpractice-in-2023/,post,2,KEEP,,Guardrail keep-list: blog. Strongest non-brand asset.,en,1884,1668
https://rodenlaw.com/blog/7-mistakes-to-avoid-after-a-motorcycle-accident/,post,2,KEEP,,Guardrail keep-list: blog. Strongest non-brand asset.,en,1754,1667
https://rodenlaw.com/blog/the-role-of-vocational-rehabilitation-in-workers-compensation-cases/,post,2,KEEP,,Guardrail keep-list: blog. Strongest non-brand asset.,en,1907,1666
https://rodenlaw.com/blog/steps-after-work-injury/,post,2,KEEP,,Guardrail keep-list: blog. Strongest non-brand asset.,en,2370,1658
https://rodenlaw.com/blog/answering-insurance-questions-after-crash/,post,2,KEEP,,Guardrail keep-list: blog. Strongest non-brand asset.,en,1948,1657
https://rodenlaw.com/blog/truck-accident-reconstruction/,post,2,KEEP,,Guardrail keep-list: blog. Strongest non-brand asset.,en,1756,1647
https://rodenlaw.com/blog/5-benefits-of-hiring-a-truck-accident-attorney-in-2023/,post,2,KEEP,,Guardrail keep-list: blog. Strongest non-brand asset.,en,2157,1669
https://rodenlaw.com/blog/the-importance-of-gathering-evidence-after-a-motorcycle-accident/,post,2,KEEP,,Guardrail keep-list: blog. Strongest non-brand asset.,en,2094,1664
https://rodenlaw.com/blog/what-to-do-if-your-workers-compensation-claim-is-denied/,post,2,KEEP,,Guardrail keep-list: blog. Strongest non-brand asset.,en,1872,1662
https://rodenlaw.com/blog/darien-brunswick-dangerous-roads-i95-us17/,post,2,KEEP,,Guardrail keep-list: blog. Strongest non-brand asset.,en,2021,4539
https://rodenlaw.com/blog/savannah-dangerous-highways-i16-i95-abercorn/,post,2,KEEP,,Guardrail keep-list: blog. Strongest non-brand asset.,en,1974,4538
https://rodenlaw.com/blog/myrtle-beach-dangerous-roads-intersections/,post,2,KEEP,,Guardrail keep-list: blog. Strongest non-brand asset.,en,2089,4537
https://rodenlaw.com/blog/columbia-dangerous-intersections-roads/,post,2,KEEP,,Guardrail keep-list: blog. Strongest non-brand asset.,en,2242,3553
https://rodenlaw.com/blog/what-to-do-when-you-are-in-a-car-accident/,post,2,KEEP,,Guardrail keep-list: blog. Strongest non-brand asset.,en,2296,1671
https://rodenlaw.com/blog/georgia-comparative-negligence-law/,post,2,KEEP,,Guardrail keep-list: blog. Strongest non-brand asset.,en,2146,1838
https://rodenlaw.com/blog/dangerous-savannah-intersections/,post,2,KEEP,,Guardrail keep-list: blog. Strongest non-brand asset.,en,2437,1793
https://rodenlaw.com/blog/the-most-common-causes-of-truck-accidents/,post,2,KEEP,,Guardrail keep-list: blog. Strongest non-brand asset.,en,2545,1665
https://rodenlaw.com/blog/commercial-truck-accidents-who-is-at-fault/,post,2,KEEP,,Guardrail keep-list: blog. Strongest non-brand asset.,en,2021,1661
https://rodenlaw.com/blog/south-carolina-pedestrian-right-of-way-laws/,post,2,KEEP,,Guardrail keep-list: blog. Strongest non-brand asset.,en,2518,4478
https://rodenlaw.com/blog/how-to-maximize-your-car-accident-compensation-in-south-carolina/,post,2,KEEP,,Guardrail keep-list: blog. Strongest non-brand asset.,en,3276,4534
https://rodenlaw.com/blog/georgia-pedestrian-right-of-way-laws/,post,2,KEEP,,Guardrail keep-list: blog. Strongest non-brand asset.,en,2327,4477
https://rodenlaw.com/blog/how-pain-and-suffering-is-calculated-after-an-accident-in-georgia/,post,2,KEEP,,Guardrail keep-list: blog. Strongest non-brand asset.,en,3814,3493
https://rodenlaw.com/blog/how-pain-and-suffering-is-calculated-after-an-accident-in-south-carolina/,post,2,KEEP,,Guardrail keep-list: blog. Strongest non-brand asset.,en,3635,3440
https://rodenlaw.com/blog/how-to-maximize-your-car-accident-compensation-in-georgia/,post,2,KEEP,,Guardrail keep-list: blog. Strongest non-brand asset.,en,2484,3433
https://rodenlaw.com/blog/benefits-of-hiring-personal-injury-lawyer/,post,2,KEEP,,Guardrail keep-list: blog. Strongest non-brand asset.,en,2436,1816
https://rodenlaw.com/blog/calculating-compensation-for-whiplash-injuries/,post,2,KEEP,,Guardrail keep-list: blog. Strongest non-brand asset.,en,2404,1653
https://rodenlaw.com/blog/golf-cart-accidents-charleston-island-resort-communities/,post,2,KEEP,,Guardrail keep-list: blog. Strongest non-brand asset.,en,2139,4343
https://rodenlaw.com/blog/charleston-tourist-injuries-premises-liability-hotels-restaurants/,post,2,KEEP,,Guardrail keep-list: blog. Strongest non-brand asset.,en,2059,4342
https://rodenlaw.com/blog/construction-worker-injuries-charleston-sc-rights/,post,2,KEEP,,Guardrail keep-list: blog. Strongest non-brand asset.,en,2079,4341
https://rodenlaw.com/blog/boating-accidents-charleston-harbor-legal-rights/,post,2,KEEP,,Guardrail keep-list: blog. Strongest non-brand asset.,en,2156,4340
https://rodenlaw.com/blog/rivers-avenue-pedestrian-deaths-north-charleston/,post,2,KEEP,,Guardrail keep-list: blog. Strongest non-brand asset.,en,2197,4339
https://rodenlaw.com/blog/savannah-highway-truck-accidents-west-ashley-us-17/,post,2,KEEP,,Guardrail keep-list: blog. Strongest non-brand asset.,en,2251,4338
https://rodenlaw.com/blog/ashley-phosphate-road-i-26-dangerous-intersection-charleston/,post,2,KEEP,,Guardrail keep-list: blog. Strongest non-brand asset.,en,2256,4337
https://rodenlaw.com/blog/port-of-charleston-injury-claims-longshoremen-dock-workers/,post,2,KEEP,,Guardrail keep-list: blog. Strongest non-brand asset.,en,2436,4336
https://rodenlaw.com/blog/rollover-crashes-and-what-they-do-to-your-body/,post,2,KEEP,,Guardrail keep-list: blog. Strongest non-brand asset.,en,2049,2647
https://rodenlaw.com/blog/are-red-light-runners-always-liable-if-they-crash/,post,2,KEEP,,Guardrail keep-list: blog. Strongest non-brand asset.,en,2099,2586
https://rodenlaw.com/blog/can-an-insurance-company-go-against-a-police-report/,post,2,KEEP,,Guardrail keep-list: blog. Strongest non-brand asset.,en,2059,1679
https://rodenlaw.com/blog/compensatory-damages-vs-punitive-damages/,post,2,KEEP,,Guardrail keep-list: blog. Strongest non-brand asset.,en,1774,1663
https://rodenlaw.com/blog/value-of-pain-and-suffering/,post,2,KEEP,,Guardrail keep-list: blog. Strongest non-brand asset.,en,2023,1651
https://rodenlaw.com/blog/ben-sawyer-boulevard-bridge-accidents-sullivans-island/,post,2,KEEP,,Guardrail keep-list: blog. Strongest non-brand asset.,en,2459,4370
https://rodenlaw.com/blog/personal-injury-claim-charleston-berkeley-dorchester-county/,post,2,KEEP,,Guardrail keep-list: blog. Strongest non-brand asset.,en,2857,4369
https://rodenlaw.com/blog/charleston-parking-lot-parking-garage-accident/,post,2,KEEP,,Guardrail keep-list: blog. Strongest non-brand asset.,en,3556,4368
https://rodenlaw.com/blog/south-carolina-comparative-fault-partially-at-fault/,post,2,KEEP,,Guardrail keep-list: blog. Strongest non-brand asset.,en,2108,4367
https://rodenlaw.com/blog/west-ashley-vs-downtown-charleston-driving-risks/,post,2,KEEP,,Guardrail keep-list: blog. Strongest non-brand asset.,en,2523,4366
https://rodenlaw.com/blog/goose-creek-car-accidents-military-traffic-us-52/,post,2,KEEP,,Guardrail keep-list: blog. Strongest non-brand asset.,en,2905,4365
https://rodenlaw.com/blog/daniel-island-accidents-event-traffic-golf-carts/,post,2,KEEP,,Guardrail keep-list: blog. Strongest non-brand asset.,en,3065,4364
https://rodenlaw.com/blog/emergency-room-errors-charleston-misdiagnosis-malpractice/,post,2,KEEP,,Guardrail keep-list: blog. Strongest non-brand asset.,en,2259,4363
https://rodenlaw.com/blog/dog-bite-laws-south-carolina-charleston/,post,2,KEEP,,Guardrail keep-list: blog. Strongest non-brand asset.,en,3192,4362
https://rodenlaw.com/blog/charleston-historic-sidewalk-slip-fall-city-liable/,post,2,KEEP,,Guardrail keep-list: blog. Strongest non-brand asset.,en,2029,4361
https://rodenlaw.com/blog/summer-dui-accidents-charleston-memorial-day-labor-day/,post,2,KEEP,,Guardrail keep-list: blog. Strongest non-brand asset.,en,2697,4360
https://rodenlaw.com/blog/military-base-accidents-joint-base-charleston-rights/,post,2,KEEP,,Guardrail keep-list: blog. Strongest non-brand asset.,en,2181,4359
https://rodenlaw.com/blog/carriage-tour-accidents-downtown-charleston-liability/,post,2,KEEP,,Guardrail keep-list: blog. Strongest non-brand asset.,en,2904,4358
https://rodenlaw.com/blog/pedestrian-accidents-musc-charleston-medical-district/,post,2,KEEP,,Guardrail keep-list: blog. Strongest non-brand asset.,en,3146,4357
https://rodenlaw.com/blog/jones-act-claims-south-carolina-maritime-worker-rights/,post,2,KEEP,,Guardrail keep-list: blog. Strongest non-brand asset.,en,2625,4356
https://rodenlaw.com/blog/shem-creek-boating-dock-injuries-mount-pleasant/,post,2,KEEP,,Guardrail keep-list: blog. Strongest non-brand asset.,en,3128,4355
https://rodenlaw.com/blog/i-526-expansion-construction-zone-accidents-charleston/,post,2,KEEP,,Guardrail keep-list: blog. Strongest non-brand asset.,en,2492,4354
https://rodenlaw.com/blog/maybank-highway-car-accidents-johns-island/,post,2,KEEP,,Guardrail keep-list: blog. Strongest non-brand asset.,en,2212,4353
https://rodenlaw.com/blog/jet-ski-personal-watercraft-accidents-charleston/,post,2,KEEP,,Guardrail keep-list: blog. Strongest non-brand asset.,en,1414,4352
https://rodenlaw.com/blog/highway-41-accidents-mount-pleasant-development/,post,2,KEEP,,Guardrail keep-list: blog. Strongest non-brand asset.,en,1246,4351
https://rodenlaw.com/blog/how-long-personal-injury-case-charleston-sc/,post,2,KEEP,,Guardrail keep-list: blog. Strongest non-brand asset.,en,1793,4350
https://rodenlaw.com/blog/charleston-medical-malpractice-hospital-claim-south-carolina/,post,2,KEEP,,Guardrail keep-list: blog. Strongest non-brand asset.,en,1712,4349
https://rodenlaw.com/blog/nursing-home-abuse-charleston-signs-families/,post,2,KEEP,,Guardrail keep-list: blog. Strongest non-brand asset.,en,1900,4348
https://rodenlaw.com/blog/johns-island-accidents-no-hospital-emergency-room/,post,2,KEEP,,Guardrail keep-list: blog. Strongest non-brand asset.,en,1805,4347
https://rodenlaw.com/blog/car-accidents-ladson-i-26-exit-203-danger-zone/,post,2,KEEP,,Guardrail keep-list: blog. Strongest non-brand asset.,en,1670,4346
https://rodenlaw.com/blog/boeing-north-charleston-workplace-injuries-workers-comp/,post,2,KEEP,,Guardrail keep-list: blog. Strongest non-brand asset.,en,1991,4345
https://rodenlaw.com/blog/folly-road-car-accidents-james-island-charleston/,post,2,KEEP,,Guardrail keep-list: blog. Strongest non-brand asset.,en,1870,4344
https://rodenlaw.com/blog/lower-king-street-pedestrian-safety/,post,2,KEEP,,Guardrail keep-list: blog. Strongest non-brand asset.,en,1028,3583
https://rodenlaw.com/blog/seeking-justice-after-a-fatigued-trucker-accident-on-i-26/,post,2,KEEP,,Guardrail keep-list: blog. Strongest non-brand asset.,en,1322,3578
https://rodenlaw.com/blog/recovering-lost-wages-after-a-truck-accident-on-i-526/,post,2,KEEP,,Guardrail keep-list: blog. Strongest non-brand asset.,en,1429,3576
https://rodenlaw.com/blog/your-guide-to-recovering-lost-wages-after-a-charleston-car-accident/,post,2,KEEP,,Guardrail keep-list: blog. Strongest non-brand asset.,en,1455,3574
https://rodenlaw.com/blog/proving-a-tourist-was-at-fault-in-your-charleston-accident/,post,2,KEEP,,Guardrail keep-list: blog. Strongest non-brand asset.,en,1587,3572
https://rodenlaw.com/blog/proving-your-pain-after-a-charleston-car-accident/,post,2,KEEP,,Guardrail keep-list: blog. Strongest non-brand asset.,en,1448,3570
https://rodenlaw.com/blog/a-drivers-guide-to-wildlife-accidents-near-charleston/,post,2,KEEP,,Guardrail keep-list: blog. Strongest non-brand asset.,en,1494,3568
https://rodenlaw.com/blog/protecting-your-rights-after-a-myrtle-beach-car-accident/,post,2,KEEP,,Guardrail keep-list: blog. Strongest non-brand asset.,en,1398,3563
https://rodenlaw.com/blog/your-guide-to-justice-after-a-charleston-truck-accident/,post,2,KEEP,,Guardrail keep-list: blog. Strongest non-brand asset.,en,1390,3539
https://rodenlaw.com/blog/how-poor-truck-maintenance-causes-charleston-accidents/,post,2,KEEP,,Guardrail keep-list: blog. Strongest non-brand asset.,en,1428,3531
https://rodenlaw.com/blog/your-step-by-step-guide-after-a-downtown-columbia-truck-accident/,post,2,KEEP,,Guardrail keep-list: blog. Strongest non-brand asset.,en,1383,3528
https://rodenlaw.com/blog/filing-a-claim-after-a-hazmat-truck-crash-in-charleston/,post,2,KEEP,,Guardrail keep-list: blog. Strongest non-brand asset.,en,1507,3521
https://rodenlaw.com/blog/guide-after-a-car-accident-in-columbia-sc/,post,2,KEEP,,Guardrail keep-list: blog. Strongest non-brand asset.,en,1365,3518
https://rodenlaw.com/blog/a-pedestrians-guide-to-claiming-lost-wages-in-charleston/,post,2,KEEP,,Guardrail keep-list: blog. Strongest non-brand asset.,en,1443,3515
https://rodenlaw.com/blog/a-pedestrians-guide-to-proving-negligence-in-charleston-parking-lots/,post,2,KEEP,,Guardrail keep-list: blog. Strongest non-brand asset.,en,1490,3501
https://rodenlaw.com/blog/a-cyclists-guide-after-a-ravenel-bridge-accident/,post,2,KEEP,,Guardrail keep-list: blog. Strongest non-brand asset.,en,1439,3499
https://rodenlaw.com/blog/determining-fault-in-a-charleston-golf-cart-accident/,post,2,KEEP,,Guardrail keep-list: blog. Strongest non-brand asset.,en,1549,3497
https://rodenlaw.com/blog/your-guide-to-rideshare-accidents-in-downtown-charleston/,post,2,KEEP,,Guardrail keep-list: blog. Strongest non-brand asset.,en,1304,3495
https://rodenlaw.com/blog/what-to-do-after-a-truck-accident-on-i-526-in-charleston/,post,2,KEEP,,Guardrail keep-list: blog. Strongest non-brand asset.,en,1506,3490
https://rodenlaw.com/blog/what-to-do-after-a-bike-crash-on-charlestons-ravenel-bridge/,post,2,KEEP,,Guardrail keep-list: blog. Strongest non-brand asset.,en,1398,3487
https://rodenlaw.com/blog/proving-pain-and-suffering-after-an-ashley-river-road-accident/,post,2,KEEP,,Guardrail keep-list: blog. Strongest non-brand asset.,en,1328,3485
https://rodenlaw.com/blog/filing-an-emotional-distress-claim-after-a-ravenel-bridge-accident/,post,2,KEEP,,Guardrail keep-list: blog. Strongest non-brand asset.,en,1281,3483
https://rodenlaw.com/blog/calculating-pain-and-suffering-after-a-charleston-pedestrian-accident/,post,2,KEEP,,Guardrail keep-list: blog. Strongest non-brand asset.,en,1417,3481
https://rodenlaw.com/blog/i-26-i-526-truck-accidents-what-to-do-whos-liable/,post,2,KEEP,,Guardrail keep-list: blog. Strongest non-brand asset.,en,1367,3470
https://rodenlaw.com/blog/18-wheeler-wrecks-on-the-arthur-ravenel-jr-bridge-us-17/,post,2,KEEP,,Guardrail keep-list: blog. Strongest non-brand asset.,en,1102,3467
https://rodenlaw.com/blog/charleston-delivery-truck-pedestrian-cyclist-accidents/,post,2,KEEP,,Guardrail keep-list: blog. Strongest non-brand asset.,en,1002,3462
https://rodenlaw.com/blog/car-accidents-on-coleman-boulevard-in-mount-pleasant/,post,2,KEEP,,Guardrail keep-list: blog. Strongest non-brand asset.,en,1305,3461
https://rodenlaw.com/blog/a-guide-to-car-wrecks-on-aviation-avenue-near-charleston-airport/,post,2,KEEP,,Guardrail keep-list: blog. Strongest non-brand asset.,en,1192,3456
https://rodenlaw.com/blog/a-step-by-step-guide-for-folly-road-car-accidents/,post,2,KEEP,,Guardrail keep-list: blog. Strongest non-brand asset.,en,1560,3451
https://rodenlaw.com/blog/what-to-do-after-a-hit-and-run-in-downtown-charleston/,post,2,KEEP,,Guardrail keep-list: blog. Strongest non-brand asset.,en,1293,3448
https://rodenlaw.com/blog/what-to-do-after-a-car-crash-on-savannah-highway/,post,2,KEEP,,Guardrail keep-list: blog. Strongest non-brand asset.,en,1366,3444
https://rodenlaw.com/blog/king-calhoun-intersection-car-collisions/,post,2,KEEP,,Guardrail keep-list: blog. Strongest non-brand asset.,en,1265,3442
https://rodenlaw.com/blog/your-guide-to-documenting-a-james-island-parkway-car-accident/,post,2,KEEP,,Guardrail keep-list: blog. Strongest non-brand asset.,en,1385,3437
https://rodenlaw.com/blog/car-accidents-on-i-26-in-north-charleston/,post,2,KEEP,,Guardrail keep-list: blog. Strongest non-brand asset.,en,1209,3435
https://rodenlaw.com/blog/charleston-parking-lot-car-accident-liability/,post,2,KEEP,,Guardrail keep-list: blog. Strongest non-brand asset.,en,1956,3420
https://rodenlaw.com/blog/legal-rights-if-hit-by-driver-in-company-car-charleston/,post,2,KEEP,,Guardrail keep-list: blog. Strongest non-brand asset.,en,1552,3413
https://rodenlaw.com/blog/why-are-highway-road-shoulder-accidents-in-charleston-dangerous/,post,2,KEEP,,Guardrail keep-list: blog. Strongest non-brand asset.,en,1548,3404
https://rodenlaw.com/blog/nerve-damage-after-charleston-car-crash/,post,2,KEEP,,Guardrail keep-list: blog. Strongest non-brand asset.,en,2196,3393
https://rodenlaw.com/blog/wearing-headphones-while-driving-in-charleston/,post,2,KEEP,,Guardrail keep-list: blog. Strongest non-brand asset.,en,1526,3386
https://rodenlaw.com/blog/second-opinion-for-charleston-car-crash-injuries/,post,2,KEEP,,Guardrail keep-list: blog. Strongest non-brand asset.,en,1066,3376
https://rodenlaw.com/blog/uturn-crash-liability-in-charleston/,post,2,KEEP,,Guardrail keep-list: blog. Strongest non-brand asset.,en,1972,3239
https://rodenlaw.com/blog/returning-to-work-too-soon-charleston-crash/,post,2,KEEP,,Guardrail keep-list: blog. Strongest non-brand asset.,en,1632,3231
https://rodenlaw.com/blog/liability-for-charleston-underride-truck-crashes/,post,2,KEEP,,Guardrail keep-list: blog. Strongest non-brand asset.,en,1394,3226
https://rodenlaw.com/blog/compensation-for-chronic-pain-after-a-car-crash-in-charleston/,post,2,KEEP,,Guardrail keep-list: blog. Strongest non-brand asset.,en,1492,3210
https://rodenlaw.com/blog/liability-for-roundabout-crashes-in-charleston/,post,2,KEEP,,Guardrail keep-list: blog. Strongest non-brand asset.,en,1151,3183
https://rodenlaw.com/blog/why-car-crashes-happen-close-to-home-charleston/,post,2,KEEP,,Guardrail keep-list: blog. Strongest non-brand asset.,en,1355,3105
https://rodenlaw.com/blog/hearing-loss-after-charleston-car-accident/,post,2,KEEP,,Guardrail keep-list: blog. Strongest non-brand asset.,en,1485,3096
https://rodenlaw.com/blog/when-to-call-charleston-personal-injury-lawyer/,post,2,KEEP,,Guardrail keep-list: blog. Strongest non-brand asset.,en,1379,3088
https://rodenlaw.com/blog/tactics-insurers-use-to-deny-crash-claims-charleston/,post,2,KEEP,,Guardrail keep-list: blog. Strongest non-brand asset.,en,1696,3082
https://rodenlaw.com/blog/liability-for-brake-checking-crashes-charleston/,post,2,KEEP,,Guardrail keep-list: blog. Strongest non-brand asset.,en,1053,3067
https://rodenlaw.com/blog/compensation-for-car-crash-facial-injuries-charleston/,post,2,KEEP,,Guardrail keep-list: blog. Strongest non-brand asset.,en,1370,3054
https://rodenlaw.com/blog/charleston-reckless-driving-crash/,post,2,KEEP,,Guardrail keep-list: blog. Strongest non-brand asset.,en,899,3035
https://rodenlaw.com/blog/charleston-car-crash-brain-injuries/,post,2,KEEP,,Guardrail keep-list: blog. Strongest non-brand asset.,en,1383,3022
https://rodenlaw.com/blog/how-to-talk-to-your-doctor-about-your-charleston-car-accident-injuries/,post,2,KEEP,,Guardrail keep-list: blog. Strongest non-brand asset.,en,1085,2992
https://rodenlaw.com/blog/shoulder-injuries-after-charleston-car-crash/,post,2,KEEP,,Guardrail keep-list: blog. Strongest non-brand asset.,en,1324,2963
https://rodenlaw.com/blog/risk-of-refusing-medical-care-after-car-crash-charleston/,post,2,KEEP,,Guardrail keep-list: blog. Strongest non-brand asset.,en,1039,2953
https://rodenlaw.com/blog/feeling-fatigued-after-charleston-car-accident/,post,2,KEEP,,Guardrail keep-list: blog. Strongest non-brand asset.,en,1147,2944
https://rodenlaw.com/blog/impaired-driving-caused-by-prescription-medications/,post,2,KEEP,,Guardrail keep-list: blog. Strongest non-brand asset.,en,1043,2875
https://rodenlaw.com/blog/how-delayed-injuries-could-impact-your-charleston-car-crash-claim/,post,2,KEEP,,Guardrail keep-list: blog. Strongest non-brand asset.,en,911,2872
https://rodenlaw.com/blog/charleston-rideshare-brake-failure-accident/,post,2,KEEP,,Guardrail keep-list: blog. Strongest non-brand asset.,en,992,2865
https://rodenlaw.com/blog/mistakes-charleston-slip-and-fall-victims-make/,post,2,KEEP,,Guardrail keep-list: blog. Strongest non-brand asset.,en,912,2855
https://rodenlaw.com/blog/value-of-car-crash-claim-if-permanent-injuries/,post,2,KEEP,,Guardrail keep-list: blog. Strongest non-brand asset.,en,1086,2844
https://rodenlaw.com/blog/dangerous-rural-crashes-in-charleston/,post,2,KEEP,,Guardrail keep-list: blog. Strongest non-brand asset.,en,1167,2833
https://rodenlaw.com/blog/charleston-lyft-driver-ran-red-light-and-hit-my-car/,post,2,KEEP,,Guardrail keep-list: blog. Strongest non-brand asset.,en,1003,2795
https://rodenlaw.com/blog/filing-soft-tissue-injury-claims-in-charleston/,post,2,KEEP,,Guardrail keep-list: blog. Strongest non-brand asset.,en,1074,2792
https://rodenlaw.com/blog/what-are-my-legal-options-after-a-rideshare-crash-in-charleston/,post,2,KEEP,,Guardrail keep-list: blog. Strongest non-brand asset.,en,1037,2768
https://rodenlaw.com/blog/liability-and-causes-for-backing-up-crashes-in-charleston/,post,2,KEEP,,Guardrail keep-list: blog. Strongest non-brand asset.,en,1092,2777
https://rodenlaw.com/blog/how-loud-music-increases-crash-risk-charleston/,post,2,KEEP,,Guardrail keep-list: blog. Strongest non-brand asset.,en,992,2761
https://rodenlaw.com/blog/understanding-eye-injuries-after-a-savannah-car-accident/,post,2,KEEP,,Guardrail keep-list: blog. Strongest non-brand asset.,en,1375,2743
https://rodenlaw.com/blog/liability-in-head-on-collisions-savannah-ga/,post,2,KEEP,,Guardrail keep-list: blog. Strongest non-brand asset.,en,1466,2738
https://rodenlaw.com/blog/how-to-spot-distracted-drivers-ten-signs-savannah-ga/,post,2,KEEP,,Guardrail keep-list: blog. Strongest non-brand asset.,en,1373,2729
https://rodenlaw.com/blog/accepting-a-cash-offer-after-savannah-car-crash/,post,2,KEEP,,Guardrail keep-list: blog. Strongest non-brand asset.,en,1219,2709
https://rodenlaw.com/blog/dangers-of-emotional-driving-in-savannah-ga/,post,2,KEEP,,Guardrail keep-list: blog. Strongest non-brand asset.,en,1003,2701
https://rodenlaw.com/blog/legal-rights-after-memory-loss-savannah-crash/,post,2,KEEP,,Guardrail keep-list: blog. Strongest non-brand asset.,en,1256,2695
https://rodenlaw.com/blog/hip-pain-after-car-accident-in-savannah/,post,2,KEEP,,Guardrail keep-list: blog. Strongest non-brand asset.,en,1381,2690
https://rodenlaw.com/blog/can-passengers-be-at-fault-for-a-crash/,post,2,KEEP,,Guardrail keep-list: blog. Strongest non-brand asset.,en,867,2678
https://rodenlaw.com/blog/proving-back-pain-after-savannah-car-crash/,post,2,KEEP,,Guardrail keep-list: blog. Strongest non-brand asset.,en,918,2674
https://rodenlaw.com/blog/liability-for-crashes-caused-by-not-using-turn-signal/,post,2,KEEP,,Guardrail keep-list: blog. Strongest non-brand asset.,en,1160,2658
https://rodenlaw.com/blog/blunt-force-trauma-from-a-crash-what-you-need-to-know/,post,2,KEEP,,Guardrail keep-list: blog. Strongest non-brand asset.,en,884,2556
https://rodenlaw.com/blog/can-a-witness-be-forced-to-testify-for-a-savannah-car-crash-case/,post,2,KEEP,,Guardrail keep-list: blog. Strongest non-brand asset.,en,919,2546
https://rodenlaw.com/blog/what-to-know-about-chest-pain-after-a-savannah-car-crash/,post,2,KEEP,,Guardrail keep-list: blog. Strongest non-brand asset.,en,919,2510
https://rodenlaw.com/blog/what-to-do-if-your-georgia-police-report-is-wrong-or-has-mistakes/,post,2,KEEP,,Guardrail keep-list: blog. Strongest non-brand asset.,en,1064,2500
https://rodenlaw.com/blog/who-pays-for-damages-from-t-bone-crashes-in-savannah/,post,2,KEEP,,Guardrail keep-list: blog. Strongest non-brand asset.,en,1114,2475
https://rodenlaw.com/blog/liability-for-crash-due-to-tire-blowout-in-savannah/,post,2,KEEP,,Guardrail keep-list: blog. Strongest non-brand asset.,en,928,2479
https://rodenlaw.com/blog/knee-injuries-after-georgia-car-crash/,post,2,KEEP,,Guardrail keep-list: blog. Strongest non-brand asset.,en,1302,2425
https://rodenlaw.com/blog/why-driving-while-hungover-is-a-dangerous-savannah-crash-risk/,post,2,KEEP,,Guardrail keep-list: blog. Strongest non-brand asset.,en,896,2420
https://rodenlaw.com/blog/why-get-black-box-data-after-truck-crash-savannah/,post,2,KEEP,,Guardrail keep-list: blog. Strongest non-brand asset.,en,847,2417
https://rodenlaw.com/blog/determining-liability-for-crash-at-four-way-stop-sign/,post,2,KEEP,,Guardrail keep-list: blog. Strongest non-brand asset.,en,1266,2401
https://rodenlaw.com/blog/why-mitigate-damages-after-a-car-crash/,post,2,KEEP,,Guardrail keep-list: blog. Strongest non-brand asset.,en,1429,2398
https://rodenlaw.com/blog/leg-pain-and-leg-injuries-from-crash/,post,2,KEEP,,Guardrail keep-list: blog. Strongest non-brand asset.,en,1266,2388
https://rodenlaw.com/blog/after-boat-accident-guide/,post,2,KEEP,,Guardrail keep-list: blog. Strongest non-brand asset.,en,623,1648
https://rodenlaw.com/blog/when-does-a-sprained-ankle-become-a-work-injury/,post,2,KEEP,,Guardrail keep-list: blog. Strongest non-brand asset.,en,784,1652
https://rodenlaw.com/blog/liability-for-epilepsy-related-car-accidents/,post,2,KEEP,,Guardrail keep-list: blog. Strongest non-brand asset.,en,651,1654
https://rodenlaw.com/blog/steps-of-a-burn-injury-case/,post,2,KEEP,,Guardrail keep-list: blog. Strongest non-brand asset.,en,722,1655
https://rodenlaw.com/blog/impact-of-surgery-recommendation/,post,2,KEEP,,Guardrail keep-list: blog. Strongest non-brand asset.,en,832,1656
https://rodenlaw.com/blog/releasing-medical-records/,post,2,KEEP,,Guardrail keep-list: blog. Strongest non-brand asset.,en,946,1659
https://rodenlaw.com/blog/supporting-a-whiplash-claim/,post,2,KEEP,,Guardrail keep-list: blog. Strongest non-brand asset.,en,875,1660
https://rodenlaw.com/blog/understanding-vicarious-liability/,post,2,KEEP,,Guardrail keep-list: blog. Strongest non-brand asset.,en,624,1710
https://rodenlaw.com/blog/when-to-consider-settling-a-claim/,post,2,KEEP,,Guardrail keep-list: blog. Strongest non-brand asset.,en,650,1721
https://rodenlaw.com/blog/mediation-for-a-personal-injury-claim/,post,2,KEEP,,Guardrail keep-list: blog. Strongest non-brand asset.,en,612,1725
https://rodenlaw.com/blog/paying-medical-bills-during-a-claim/,post,2,KEEP,,Guardrail keep-list: blog. Strongest non-brand asset.,en,651,1726
https://rodenlaw.com/blog/questions-about-filing-a-lawsuit/,post,2,KEEP,,Guardrail keep-list: blog. Strongest non-brand asset.,en,713,1727
https://rodenlaw.com/blog/why-injury-claims-may-be-delayed/,post,2,KEEP,,Guardrail keep-list: blog. Strongest non-brand asset.,en,692,1728
https://rodenlaw.com/blog/discovery-process-in-personal-injury-cases/,post,2,KEEP,,Guardrail keep-list: blog. Strongest non-brand asset.,en,628,1729
https://rodenlaw.com/blog/liability-waivers-and-injury-lawsuits/,post,2,KEEP,,Guardrail keep-list: blog. Strongest non-brand asset.,en,737,1730
https://rodenlaw.com/blog/police-report-as-proof-of-liability/,post,2,KEEP,,Guardrail keep-list: blog. Strongest non-brand asset.,en,694,1731
https://rodenlaw.com/blog/expert-witness-testimony/,post,2,KEEP,,Guardrail keep-list: blog. Strongest non-brand asset.,en,722,1732
https://rodenlaw.com/blog/liability-for-crashes-caused-by-teen-drivers/,post,2,KEEP,,Guardrail keep-list: blog. Strongest non-brand asset.,en,633,1733
https://rodenlaw.com/blog/lane-change-accident-liability/,post,2,KEEP,,Guardrail keep-list: blog. Strongest non-brand asset.,en,696,1734
https://rodenlaw.com/blog/choosing-your-personal-injury-lawyer/,post,2,KEEP,,Guardrail keep-list: blog. Strongest non-brand asset.,en,673,1735
https://rodenlaw.com/blog/when-do-injury-claims-go-to-court/,post,2,KEEP,,Guardrail keep-list: blog. Strongest non-brand asset.,en,632,1736
https://rodenlaw.com/blog/pedestrian-liability-for-car-accidents/,post,2,KEEP,,Guardrail keep-list: blog. Strongest non-brand asset.,en,668,1737
https://rodenlaw.com/blog/liability-for-accidents-with-borrowed-vehicles/,post,2,KEEP,,Guardrail keep-list: blog. Strongest non-brand asset.,en,788,1738
https://rodenlaw.com/blog/follow-doctors-orders-after-accident/,post,2,KEEP,,Guardrail keep-list: blog. Strongest non-brand asset.,en,807,1739
https://rodenlaw.com/blog/how-covid-19-affects-a-workers-comp-claim/,post,2,KEEP,,Guardrail keep-list: blog. Strongest non-brand asset.,en,653,1741
https://rodenlaw.com/blog/personal-injury-lawsuit-vs-insurance-claim/,post,2,KEEP,,Guardrail keep-list: blog. Strongest non-brand asset.,en,661,1742
https://rodenlaw.com/blog/how-to-handle-calls-from-insurance-companies/,post,2,KEEP,,Guardrail keep-list: blog. Strongest non-brand asset.,en,722,1743
https://rodenlaw.com/blog/insurance-company-ignoring-demand-letter/,post,2,KEEP,,Guardrail keep-list: blog. Strongest non-brand asset.,en,758,1744
https://rodenlaw.com/blog/damage-coverage-for-stolen-car/,post,2,KEEP,,Guardrail keep-list: blog. Strongest non-brand asset.,en,705,1748
https://rodenlaw.com/blog/liability-for-school-bus-crash/,post,2,KEEP,,Guardrail keep-list: blog. Strongest non-brand asset.,en,786,1750
https://rodenlaw.com/blog/valuing-compensation-for-a-personal-injury/,post,2,KEEP,,Guardrail keep-list: blog. Strongest non-brand asset.,en,655,1751
https://rodenlaw.com/blog/liability-in-a-driverless-car-crash/,post,2,KEEP,,Guardrail keep-list: blog. Strongest non-brand asset.,en,683,1754
https://rodenlaw.com/blog/deposition-in-a-personal-injury-claim/,post,2,KEEP,,Guardrail keep-list: blog. Strongest non-brand asset.,en,801,1755
https://rodenlaw.com/blog/compensation-while-not-wearing-seat-belt/,post,2,KEEP,,Guardrail keep-list: blog. Strongest non-brand asset.,en,762,1759
https://rodenlaw.com/blog/accident-my-fault-can-i-receive-workers-comp/,post,2,KEEP,,Guardrail keep-list: blog. Strongest non-brand asset.,en,673,1760
https://rodenlaw.com/blog/turkey-fryer-injury-claims/,post,2,KEEP,,Guardrail keep-list: blog. Strongest non-brand asset.,en,727,1762
https://rodenlaw.com/blog/major-injuries-from-minor-car-accidents/,post,2,KEEP,,Guardrail keep-list: blog. Strongest non-brand asset.,en,633,1763
https://rodenlaw.com/blog/changing-workers-comp-doctors-in-georgia/,post,2,KEEP,,Guardrail keep-list: blog. Strongest non-brand asset.,en,863,1764
https://rodenlaw.com/blog/refusing-opioid-prescription-in-workers-comp-claim/,post,2,KEEP,,Guardrail keep-list: blog. Strongest non-brand asset.,en,745,1765
https://rodenlaw.com/blog/georgia-law-on-steps-after-car-accident/,post,2,KEEP,,Guardrail keep-list: blog. Strongest non-brand asset.,en,859,1766
https://rodenlaw.com/blog/georgia-law-on-tailgating-accident-liability/,post,2,KEEP,,Guardrail keep-list: blog. Strongest non-brand asset.,en,717,1768
https://rodenlaw.com/blog/punitive-damages-in-drunk-driving-accident/,post,2,KEEP,,Guardrail keep-list: blog. Strongest non-brand asset.,en,716,1770
https://rodenlaw.com/blog/what-happens-to-workers-comp-if-employer-bankrupts/,post,2,KEEP,,Guardrail keep-list: blog. Strongest non-brand asset.,en,615,1771
https://rodenlaw.com/blog/workers-comp-for-skin-cancer/,post,2,KEEP,,Guardrail keep-list: blog. Strongest non-brand asset.,en,747,1774
https://rodenlaw.com/blog/work-zone-car-accident-liability/,post,2,KEEP,,Guardrail keep-list: blog. Strongest non-brand asset.,en,726,1775
https://rodenlaw.com/blog/how-using-social-media-can-hurt-an-accident-claim/,post,2,KEEP,,Guardrail keep-list: blog. Strongest non-brand asset.,en,628,1776
https://rodenlaw.com/blog/personal-injury-calculating-loss-of-earning-capacity/,post,2,KEEP,,Guardrail keep-list: blog. Strongest non-brand asset.,en,777,1777
https://rodenlaw.com/blog/reasons-for-workers-comp-claim-denial/,post,2,KEEP,,Guardrail keep-list: blog. Strongest non-brand asset.,en,776,1778
https://rodenlaw.com/blog/using-dashcams-as-evidence-of-fault-in-a-car-accident/,post,2,KEEP,,Guardrail keep-list: blog. Strongest non-brand asset.,en,669,1779
https://rodenlaw.com/blog/rear-end-collision-liability/,post,2,KEEP,,Guardrail keep-list: blog. Strongest non-brand asset.,en,724,1780
https://rodenlaw.com/blog/trucking-regulations-and-accident-cases/,post,2,KEEP,,Guardrail keep-list: blog. Strongest non-brand asset.,en,795,1781
https://rodenlaw.com/blog/third-party-fault-for-work-injuries/,post,2,KEEP,,Guardrail keep-list: blog. Strongest non-brand asset.,en,640,1782
https://rodenlaw.com/blog/aggressive-driving-in-georgia/,post,2,KEEP,,Guardrail keep-list: blog. Strongest non-brand asset.,en,666,1783
https://rodenlaw.com/blog/workers-compensation-faqs/,post,2,KEEP,,Guardrail keep-list: blog. Strongest non-brand asset.,en,646,1784
https://rodenlaw.com/blog/workers-compensation-benefit-types/,post,2,KEEP,,Guardrail keep-list: blog. Strongest non-brand asset.,en,628,1785
https://rodenlaw.com/blog/negligence-and-18-wheeler-accidents/,post,2,KEEP,,Guardrail keep-list: blog. Strongest non-brand asset.,en,745,1786
https://rodenlaw.com/blog/dealing-with-uber-lyft-accident/,post,2,KEEP,,Guardrail keep-list: blog. Strongest non-brand asset.,en,813,1787
https://rodenlaw.com/blog/medical-treatment-after-accident/,post,2,KEEP,,Guardrail keep-list: blog. Strongest non-brand asset.,en,731,1788
https://rodenlaw.com/blog/avoiding-motorcycle-crash-injuries/,post,2,KEEP,,Guardrail keep-list: blog. Strongest non-brand asset.,en,758,1789
https://rodenlaw.com/blog/car-accidents-and-daylight-savings-time/,post,2,KEEP,,Guardrail keep-list: blog. Strongest non-brand asset.,en,635,1791
https://rodenlaw.com/blog/nursing-home-abuse-warning-signs/,post,2,KEEP,,Guardrail keep-list: blog. Strongest non-brand asset.,en,727,1792
https://rodenlaw.com/blog/documents-for-personal-injury-claim/,post,2,KEEP,,Guardrail keep-list: blog. Strongest non-brand asset.,en,679,1794
https://rodenlaw.com/blog/teenagers-and-driving-distracted/,post,2,KEEP,,Guardrail keep-list: blog. Strongest non-brand asset.,en,724,1795
https://rodenlaw.com/blog/steps-after-dog-bite/,post,2,KEEP,,Guardrail keep-list: blog. Strongest non-brand asset.,en,623,1797
https://rodenlaw.com/blog/advantages-of-a-medical-malpractice-attorney/,post,2,KEEP,,Guardrail keep-list: blog. Strongest non-brand asset.,en,790,1798
https://rodenlaw.com/blog/safe-driving-in-construction-zones/,post,2,KEEP,,Guardrail keep-list: blog. Strongest non-brand asset.,en,693,1799
https://rodenlaw.com/blog/road-hazard-car-accident-liability/,post,2,KEEP,,Guardrail keep-list: blog. Strongest non-brand asset.,en,891,1800
https://rodenlaw.com/blog/workers-compensation-car-accident/,post,2,KEEP,,Guardrail keep-list: blog. Strongest non-brand asset.,en,964,1801
https://rodenlaw.com/blog/nursing-home-liability/,post,2,KEEP,,Guardrail keep-list: blog. Strongest non-brand asset.,en,770,1802
https://rodenlaw.com/blog/seven-safe-driving-tips/,post,2,KEEP,,Guardrail keep-list: blog. Strongest non-brand asset.,en,986,1803
https://rodenlaw.com/blog/passenger-car-accident-claim/,post,2,KEEP,,Guardrail keep-list: blog. Strongest non-brand asset.,en,750,1804
https://rodenlaw.com/blog/slip-and-fall-negligence-elements/,post,2,KEEP,,Guardrail keep-list: blog. Strongest non-brand asset.,en,891,1805
https://rodenlaw.com/blog/filing-medication-error-lawsuit/,post,2,KEEP,,Guardrail keep-list: blog. Strongest non-brand asset.,en,725,1806
https://rodenlaw.com/blog/car-accident-claim-evidence/,post,2,KEEP,,Guardrail keep-list: blog. Strongest non-brand asset.,en,695,1807
https://rodenlaw.com/blog/appealing-a-denied-workers-compensation-claim/,post,2,KEEP,,Guardrail keep-list: blog. Strongest non-brand asset.,en,810,1808
https://rodenlaw.com/blog/workers-compensation-claim-process-georgia/,post,2,KEEP,,Guardrail keep-list: blog. Strongest non-brand asset.,en,750,1809
https://rodenlaw.com/blog/personal-injury-lawsuit-steps/,post,2,KEEP,,Guardrail keep-list: blog. Strongest non-brand asset.,en,934,1812
https://rodenlaw.com/blog/georgia-wrongful-death-lawsuit/,post,2,KEEP,,Guardrail keep-list: blog. Strongest non-brand asset.,en,724,1814
https://rodenlaw.com/blog/brain-injury-claim/,post,2,KEEP,,Guardrail keep-list: blog. Strongest non-brand asset.,en,707,1815
https://rodenlaw.com/blog/duty-of-care-personal-injury-claim/,post,2,KEEP,,Guardrail keep-list: blog. Strongest non-brand asset.,en,790,1817
https://rodenlaw.com/blog/social-media-personal-injury-claim/,post,2,KEEP,,Guardrail keep-list: blog. Strongest non-brand asset.,en,780,1818
https://rodenlaw.com/blog/third-party-liability-for-work-injury/,post,2,KEEP,,Guardrail keep-list: blog. Strongest non-brand asset.,en,731,1819
https://rodenlaw.com/blog/roadway-hazard-auto-accident/,post,2,KEEP,,Guardrail keep-list: blog. Strongest non-brand asset.,en,795,1820
https://rodenlaw.com/blog/proving-negligence-personal-injury/,post,2,KEEP,,Guardrail keep-list: blog. Strongest non-brand asset.,en,790,1821
https://rodenlaw.com/blog/four-common-construction-accidents/,post,2,KEEP,,Guardrail keep-list: blog. Strongest non-brand asset.,en,696,1822
https://rodenlaw.com/blog/summer-road-trip-safety/,post,2,KEEP,,Guardrail keep-list: blog. Strongest non-brand asset.,en,728,1825
https://rodenlaw.com/blog/choking-at-nursing-homes/,post,2,KEEP,,Guardrail keep-list: blog. Strongest non-brand asset.,en,619,1826
https://rodenlaw.com/blog/how-spinal-cord-injuries-affect-you/,post,2,KEEP,,Guardrail keep-list: blog. Strongest non-brand asset.,en,706,1827
https://rodenlaw.com/blog/avoiding-bicycle-accidents/,post,2,KEEP,,Guardrail keep-list: blog. Strongest non-brand asset.,en,648,1828
https://rodenlaw.com/blog/hospital-liability-for-medical-malpractice/,post,2,KEEP,,Guardrail keep-list: blog. Strongest non-brand asset.,en,638,1829
https://rodenlaw.com/blog/truck-accident-injuries/,post,2,KEEP,,Guardrail keep-list: blog. Strongest non-brand asset.,en,808,1830
https://rodenlaw.com/blog/steps-after-truck-accident/,post,2,KEEP,,Guardrail keep-list: blog. Strongest non-brand asset.,en,936,1832
https://rodenlaw.com/blog/dog-bite-prevention-tips/,post,2,KEEP,,Guardrail keep-list: blog. Strongest non-brand asset.,en,690,1833
https://rodenlaw.com/blog/lawsuit-for-work-injury/,post,2,KEEP,,Guardrail keep-list: blog. Strongest non-brand asset.,en,828,1834
https://rodenlaw.com/blog/fault-for-car-accident/,post,2,KEEP,,Guardrail keep-list: blog. Strongest non-brand asset.,en,639,1836
https://rodenlaw.com/blog/steps-after-hit-and-run-accident/,post,2,KEEP,,Guardrail keep-list: blog. Strongest non-brand asset.,en,853,1839
https://rodenlaw.com/blog/burn-injury-workers-compensation/,post,2,KEEP,,Guardrail keep-list: blog. Strongest non-brand asset.,en,807,1841
https://rodenlaw.com/blog/do-you-need-a-workers-compensation-lawyer/,post,2,KEEP,,Guardrail keep-list: blog. Strongest non-brand asset.,en,793,1842
https://rodenlaw.com/blog/valid-premises-liability-claim-georgia/,post,2,KEEP,,Guardrail keep-list: blog. Strongest non-brand asset.,en,647,1844
https://rodenlaw.com/blog/atm-attack-liability/,post,2,KEEP,,Guardrail keep-list: blog. Strongest non-brand asset.,en,633,1845
https://rodenlaw.com/blog/workers-compensation-2017/,post,2,KEEP,,Guardrail keep-list: blog. Strongest non-brand asset.,en,655,1846
https://rodenlaw.com/blog/high-risk-occupations-2017/,post,2,KEEP,,Guardrail keep-list: blog. Strongest non-brand asset.,en,695,1847
https://rodenlaw.com/blog/longshoreman-injury-claims/,post,2,KEEP,,Guardrail keep-list: blog. Strongest non-brand asset.,en,653,1848
https://rodenlaw.com/blog/gym-injury-liability/,post,2,KEEP,,Guardrail keep-list: blog. Strongest non-brand asset.,en,627,1849
https://rodenlaw.com/blog/2017-safest-college-campuses-in-georgia/,post,2,KEEP,,Guardrail keep-list: blog. Strongest non-brand asset.,en,667,1850
https://rodenlaw.com/blog/much-worth-ga-worker-compared-states/,post,2,KEEP,,Guardrail keep-list: blog. Strongest non-brand asset.,en,672,1851
https://rodenlaw.com/blog/settle-workers-comp-case/,post,2,KEEP,,Guardrail keep-list: blog. Strongest non-brand asset.,en,667,1852
https://rodenlaw.com/blog/beginning-motorcycle-biker-risks/,post,2,KEEP,,Guardrail keep-list: blog. Strongest non-brand asset.,en,702,1853
https://rodenlaw.com/blog/get-auto-accident-claim-georgia/,post,2,KEEP,,Guardrail keep-list: blog. Strongest non-brand asset.,en,685,1854
https://rodenlaw.com/blog/georgia-worker-injury-statistics-prevention/,post,2,KEEP,,Guardrail keep-list: blog. Strongest non-brand asset.,en,696,1855
https://rodenlaw.com/blog/safest-hospitals-georgia/,post,2,KEEP,,Guardrail keep-list: blog. Strongest non-brand asset.,en,622,1857
https://rodenlaw.com/blog/help-teen-safer-driver/,post,2,KEEP,,Guardrail keep-list: blog. Strongest non-brand asset.,en,685,1858
https://rodenlaw.com/blog/safe-bike-riding-georgias-roadways/,post,2,KEEP,,Guardrail keep-list: blog. Strongest non-brand asset.,en,682,1859
https://rodenlaw.com/blog/dui-accidents/,post,2,KEEP,,Guardrail keep-list: blog. Strongest non-brand asset.,en,747,1860
https://rodenlaw.com/blog/summer-driving-safety-tips/,post,2,KEEP,,Guardrail keep-list: blog. Strongest non-brand asset.,en,793,1861
https://rodenlaw.com/blog/common-driver-distractions/,post,2,KEEP,,Guardrail keep-list: blog. Strongest non-brand asset.,en,652,1862
https://rodenlaw.com/blog/avoid-dangerous-medication-errors/,post,2,KEEP,,Guardrail keep-list: blog. Strongest non-brand asset.,en,679,1863
https://rodenlaw.com/blog/dangerous-tools-garage/,post,2,KEEP,,Guardrail keep-list: blog. Strongest non-brand asset.,en,630,1864
https://rodenlaw.com/blog/child-passenger-automobile-safety-georgia/,post,2,KEEP,,Guardrail keep-list: blog. Strongest non-brand asset.,en,663,1865
https://rodenlaw.com/blog/drowsy-driving-epidemic-georgia/,post,2,KEEP,,Guardrail keep-list: blog. Strongest non-brand asset.,en,674,1866
https://rodenlaw.com/blog/steps-take-slip-fall-accident-georgia/,post,2,KEEP,,Guardrail keep-list: blog. Strongest non-brand asset.,en,628,1867
https://rodenlaw.com/blog/protecting-child-burn-injuries-home/,post,2,KEEP,,Guardrail keep-list: blog. Strongest non-brand asset.,en,690,1868
https://rodenlaw.com/blog/college-campus-safety-tips-every-student-should-know/,post,2,KEEP,,Guardrail keep-list: blog. Strongest non-brand asset.,en,778,1869
https://rodenlaw.com/blog/dangerous-products-child-will-find-around-house/,post,2,KEEP,,Guardrail keep-list: blog. Strongest non-brand asset.,en,675,1870
https://rodenlaw.com/blog/protect-child-dog-bite-injury/,post,2,KEEP,,Guardrail keep-list: blog. Strongest non-brand asset.,en,708,1871
https://rodenlaw.com/blog/choosing-the-right-nursing-home-for-your-loved-one/,post,2,KEEP,,Guardrail keep-list: blog. Strongest non-brand asset.,en,741,1872
https://rodenlaw.com/blog/overview-georgia-distracted-driving-laws/,post,2,KEEP,,Guardrail keep-list: blog. Strongest non-brand asset.,en,642,1873
https://rodenlaw.com/blog/georgia-car-seat-law-overview/,post,2,KEEP,,Guardrail keep-list: blog. Strongest non-brand asset.,en,679,1874
https://rodenlaw.com/blog/safety-tips-driving-work-zones-georgia/,post,2,KEEP,,Guardrail keep-list: blog. Strongest non-brand asset.,en,682,1875
https://rodenlaw.com/blog/common-workplace-injuries-georgia/,post,2,KEEP,,Guardrail keep-list: blog. Strongest non-brand asset.,en,663,1876
https://rodenlaw.com/blog/boating-safely-in-georgia/,post,2,KEEP,,Guardrail keep-list: blog. Strongest non-brand asset.,en,696,1877
https://rodenlaw.com/blog/workers-comp-benefits-georgia-taxable/,post,2,KEEP,,Guardrail keep-list: blog. Strongest non-brand asset.,en,666,1878
https://rodenlaw.com/es/resources/,page,1,KEEP,,Guardrail keep-list: core site page. Rule 8 exception: keep regardless if this /es/ page outranks or out-earns its English twin — verify before removing.,es,310,4938
https://rodenlaw.com/es/south-carolina-wrongful-death-lawyer/,page,1,KEEP,,Guardrail keep-list: core site page. Rule 8 exception: keep regardless if this /es/ page outranks or out-earns its English twin — verify before removing.,es,618,4928
https://rodenlaw.com/es/south-carolina-motorcycle-accident-lawyer/,page,1,KEEP,,Guardrail keep-list: core site page. Rule 8 exception: keep regardless if this /es/ page outranks or out-earns its English twin — verify before removing.,es,649,4927
https://rodenlaw.com/es/south-carolina-workers-compensation-lawyer/,page,1,KEEP,,Guardrail keep-list: core site page. Rule 8 exception: keep regardless if this /es/ page outranks or out-earns its English twin — verify before removing.,es,679,4926
https://rodenlaw.com/es/south-carolina-personal-injury-lawyer/,page,1,KEEP,,Guardrail keep-list: core site page. Rule 8 exception: keep regardless if this /es/ page outranks or out-earns its English twin — verify before removing.,es,558,4925
https://rodenlaw.com/es/south-carolina-truck-accident-lawyers/,page,1,KEEP,,Guardrail keep-list: core site page. Rule 8 exception: keep regardless if this /es/ page outranks or out-earns its English twin — verify before removing.,es,727,4924
https://rodenlaw.com/es/south-carolina-car-accident-lawyers/,page,1,KEEP,,Guardrail keep-list: core site page. Rule 8 exception: keep regardless if this /es/ page outranks or out-earns its English twin — verify before removing.,es,702,4923
https://rodenlaw.com/es/gracias/,page,1,KEEP,,Guardrail keep-list: core site page. Rule 8 exception: keep regardless if this /es/ page outranks or out-earns its English twin — verify before removing.,es,43,4867
https://rodenlaw.com/es/contact/,page,1,KEEP,,Guardrail keep-list: core site page. Rule 8 exception: keep regardless if this /es/ page outranks or out-earns its English twin — verify before removing.,es,0,4866
https://rodenlaw.com/es/about/,page,1,KEEP,,Guardrail keep-list: core site page. Rule 8 exception: keep regardless if this /es/ page outranks or out-earns its English twin — verify before removing.,es,146,4865
https://rodenlaw.com/es/locations/,page,0,KEEP,,Guardrail keep-list: core site page. Rule 8 exception: keep regardless if this /es/ page outranks or out-earns its English twin — verify before removing.,es,72,4864
https://rodenlaw.com/es/practice-areas/,page,1,KEEP,,Guardrail keep-list: core site page. Rule 8 exception: keep regardless if this /es/ page outranks or out-earns its English twin — verify before removing.,es,209,4863
https://rodenlaw.com/es/,page,0,KEEP,,Guardrail keep-list: core site page. Rule 8 exception: keep regardless if this /es/ page outranks or out-earns its English twin — verify before removing.,es,224,4862
https://rodenlaw.com/south-carolina-car-accident-lawyers/,page,1,KEEP,,Guardrail keep-list: core site page.,en,667,4846
https://rodenlaw.com/florence-sc-workers-compensation-lawyer/,page,1,KEEP,,Guardrail keep-list: core site page.,en,605,4832
https://rodenlaw.com/spartanburg-sc-workers-compensation-lawyer/,page,1,KEEP,,Guardrail keep-list: core site page.,en,611,4831
https://rodenlaw.com/greenville-sc-workers-compensation-lawyer/,page,1,KEEP,,Guardrail keep-list: core site page.,en,599,4830
https://rodenlaw.com/florence-sc-car-accident-lawyer/,page,1,KEEP,,Guardrail keep-list: core site page.,en,607,4829
https://rodenlaw.com/greenville-sc-car-accident-lawyer/,page,1,KEEP,,Guardrail keep-list: core site page.,en,608,4828
https://rodenlaw.com/spartanburg-sc-car-accident-lawyer/,page,1,KEEP,,Guardrail keep-list: core site page.,en,581,4827
https://rodenlaw.com/south-carolina-truck-accident-lawyers/,page,1,KEEP,,Guardrail keep-list: core site page.,en,789,4820
https://rodenlaw.com/south-carolina-personal-injury-lawyer/,page,1,KEEP,,Guardrail keep-list: core site page.,en,506,4819
https://rodenlaw.com/south-carolina-workers-compensation-lawyer/,page,1,KEEP,,Guardrail keep-list: core site page.,en,627,4817
https://rodenlaw.com/south-carolina-wrongful-death-lawyer/,page,1,KEEP,,Guardrail keep-list: core site page.,en,600,4816
https://rodenlaw.com/south-carolina-motorcycle-accident-lawyer/,page,1,KEEP,,Guardrail keep-list: core site page.,en,611,4815
https://rodenlaw.com/georgia-car-accident-lawyer/,page,1,KEEP,,Guardrail keep-list: core site page.,en,0,4579
https://rodenlaw.com/south-carolina-car-accident-lawyer/,page,1,KEEP,,Guardrail keep-list: core site page.,en,0,4536
https://rodenlaw.com/charleston-car-accident-lawyer/,page,1,KEEP,,Guardrail keep-list: core site page.,en,0,4253
https://rodenlaw.com/columbia-truck-accident-lawyer/,page,1,KEEP,,Guardrail keep-list: core site page.,en,0,4231
https://rodenlaw.com/south-carolina-truck-accident-lawyer/,page,1,KEEP,,Guardrail keep-list: core site page.,en,0,4230
https://rodenlaw.com/about/,page,1,KEEP,,Guardrail keep-list: core site page.,en,0,4047
https://rodenlaw.com/class-action-lawyers/,page,1,KEEP,,Guardrail keep-list: core site page.,en,0,4046
https://rodenlaw.com/car-accident-lawyer/,page,1,KEEP,,Guardrail keep-list: core site page.,en,0,3787
https://rodenlaw.com/privacy-policy-2/,page,1,KEEP,,Guardrail keep-list: core site page.,en,890,3602
https://rodenlaw.com/free-consultation-with-charleston-personal-injury-lawyer/,page,1,KEEP,,Guardrail keep-list: core site page.,en,1075,2851
https://rodenlaw.com/class-action-lawyers/troubled-teen-industry-abuse/,page,2,KEEP,,Guardrail keep-list: core site page.,en,911,4574
https://rodenlaw.com/class-action-lawyers/ozempic-lawsuits/,page,2,KEEP,,Guardrail keep-list: core site page.,en,987,4569
https://rodenlaw.com/class-action-lawyers/paraquat-lawsuit/,page,2,KEEP,,Guardrail keep-list: core site page.,en,1224,4570
https://rodenlaw.com/class-action-lawyers/hair-relaxer-cancer-lawsuits/,page,2,KEEP,,Guardrail keep-list: core site page.,en,1103,4565
https://rodenlaw.com/class-action-lawyers/afff-firefighting-foam-lawsuits/,page,2,KEEP,,Guardrail keep-list: core site page.,en,1533,4563
https://rodenlaw.com/class-action-lawyers/camp-lejeune-lawsuits/,page,2,KEEP,,Guardrail keep-list: core site page.,en,1769,4564
https://rodenlaw.com/test/,page,1,KEEP,,Guardrail keep-list: core site page.,en,0,2498
https://rodenlaw.com/home-espanol/,page,1,KEEP,,Guardrail keep-list: core site page.,en,0,2433
https://rodenlaw.com/privacy-policy/,page,1,KEEP,,Guardrail keep-list: core site page.,en,893,2374
https://rodenlaw.com/class-actions/,page,1,KEEP,,Guardrail keep-list: core site page.,en,195,2324
https://rodenlaw.com/class-action-lawyers/talcum-powder/,page,2,KEEP,,Guardrail keep-list: core site page.,en,1317,4573
https://rodenlaw.com/class-action-lawyers/roundup/,page,2,KEEP,,Guardrail keep-list: core site page.,en,1558,4571
https://rodenlaw.com/class-action-lawyers/stryker-hip-replacement/,page,2,KEEP,,Guardrail keep-list: core site page.,en,1179,4572
https://rodenlaw.com/class-action-lawyers/ivc-filter/,page,2,KEEP,,Guardrail keep-list: core site page.,en,1331,4567
https://rodenlaw.com/class-action-lawyers/uloric/,page,2,KEEP,,Guardrail keep-list: core site page.,en,1121,4576
https://rodenlaw.com/class-action-lawyers/truvada/,page,2,KEEP,,Guardrail keep-list: core site page.,en,1632,4575
https://rodenlaw.com/class-action-lawyers/onglyza/,page,2,KEEP,,Guardrail keep-list: core site page.,en,1387,4568
https://rodenlaw.com/class-action-lawyers/invokana/,page,2,KEEP,,Guardrail keep-list: core site page.,en,1193,4566
https://rodenlaw.com/charleston/,page,1,KEEP,,Guardrail keep-list: core site page.,en,0,1977
https://rodenlaw.com/brunswick/,page,1,KEEP,,Guardrail keep-list: core site page.,en,0,1975
https://rodenlaw.com/savannah/,page,1,KEEP,,Guardrail keep-list: core site page.,en,0,1973
https://rodenlaw.com/gracias-ppc-3/,page,1,KEEP,,Guardrail keep-list: core site page.,en,90,1942
https://rodenlaw.com/thank-you/,page,1,KEEP,,Guardrail keep-list: core site page.,en,74,1940
https://rodenlaw.com/gracias-ppc-2/,page,1,KEEP,,Guardrail keep-list: core site page.,en,90,1938
https://rodenlaw.com/,page,0,KEEP,,Guardrail keep-list: core site page.,en,0,1931
https://rodenlaw.com/contact/,page,1,KEEP,,Guardrail keep-list: core site page.,en,241,1912
https://rodenlaw.com/blog/,page,1,KEEP,,Guardrail keep-list: core site page.,en,0,1911
https://rodenlaw.com/case-results/,page,1,KEEP,,Guardrail keep-list: core site page.,en,0,1905
https://rodenlaw.com/testimonials/,page,1,KEEP,,Guardrail keep-list: core site page.,en,106,1895
https://rodenlaw.com/savannah-ppi-attorney/,page,1,KEEP,,Guardrail keep-list: core site page.,en,660,1843
https://rodenlaw.com/attorneys/ja-moore/,attorney,2,KEEP,,Guardrail keep-list: attorney page.,en,0,3738
https://rodenlaw.com/attorneys/leah-crane/,attorney,2,KEEP,,Guardrail keep-list: attorney page.,en,0,3737
https://rodenlaw.com/attorneys/nolan-alexander/,attorney,2,KEEP,,Guardrail keep-list: attorney page.,en,0,3736
https://rodenlaw.com/attorneys/ivy-s-montano/,attorney,2,KEEP,,Guardrail keep-list: attorney page.,en,212,3733
https://rodenlaw.com/attorneys/graeham-c-gillin/,attorney,2,KEEP,,Guardrail keep-list: attorney page.,en,60,3732
https://rodenlaw.com/attorneys/joshua-dorminy/,attorney,2,KEEP,,Guardrail keep-list: attorney page.,en,124,3731
https://rodenlaw.com/attorneys/tyler-love/,attorney,2,KEEP,,Guardrail keep-list: attorney page.,en,132,3730
https://rodenlaw.com/attorneys/eric-roden/,attorney,2,KEEP,,Guardrail keep-list: attorney page.,en,171,3729
https://rodenlaw.com/attorneys/logan-wiggins/,attorney,2,KEEP,,Guardrail keep-list: attorney page.,en,0,3728
https://rodenlaw.com/attorneys/zoe-link/,attorney,2,KEEP,,Guardrail keep-list: attorney page.,en,0,3727
https://rodenlaw.com/attorneys/dyanna-velez/,attorney,2,KEEP,,Guardrail keep-list: attorney page.,en,0,3726
https://rodenlaw.com/attorneys/kelli-threm/,attorney,2,KEEP,,Guardrail keep-list: attorney page.,en,0,3725
https://rodenlaw.com/attorneys/amsi-raudales/,attorney,2,KEEP,,Guardrail keep-list: attorney page.,en,0,3724
https://rodenlaw.com/attorneys/megan-socha/,attorney,2,KEEP,,Guardrail keep-list: attorney page.,en,0,3723
https://rodenlaw.com/attorneys/maddie-dowling/,attorney,2,KEEP,,Guardrail keep-list: attorney page.,en,0,3721
https://rodenlaw.com/attorneys/stephanie-aguirre/,attorney,2,KEEP,,Guardrail keep-list: attorney page.,en,0,3720
https://rodenlaw.com/attorneys/christina-butkus/,attorney,2,KEEP,,Guardrail keep-list: attorney page.,en,0,3718
https://rodenlaw.com/blog/case-result/75000-recovery-truck-accident/,case-result,3,KEEP,,Guardrail keep-list: case-result page.,en,16,2991
https://rodenlaw.com/blog/case-result/200000-policy-limit-auto-accident/,case-result,3,KEEP,,Guardrail keep-list: case-result page.,en,26,2990
https://rodenlaw.com/blog/case-result/140000-settlement-auto-accident-2/,case-result,3,KEEP,,Guardrail keep-list: case-result page.,en,16,2989
https://rodenlaw.com/blog/case-result/100000-policy-limits-auto-accident/,case-result,3,KEEP,,Guardrail keep-list: case-result page.,en,15,2988
https://rodenlaw.com/blog/case-result/300000-recovery-product-liability/,case-result,3,KEEP,,Guardrail keep-list: case-result page.,en,14,2987
https://rodenlaw.com/blog/case-result/1250000-settlement-wrongful-death/,case-result,3,KEEP,,Guardrail keep-list: case-result page.,en,31,2986
https://rodenlaw.com/blog/case-result/100000-recovery-work-injury/,case-result,3,KEEP,,Guardrail keep-list: case-result page.,en,20,2985
https://rodenlaw.com/blog/case-result/250000-settlement-premises-liability-3/,case-result,3,KEEP,,Guardrail keep-list: case-result page.,en,21,2984
https://rodenlaw.com/blog/case-result/500000-settlement-auto-accident/,case-result,3,KEEP,,Guardrail keep-list: case-result page.,en,18,2983
https://rodenlaw.com/blog/case-result/318000-settlement-truck-accident/,case-result,3,KEEP,,Guardrail keep-list: case-result page.,en,14,2982
https://rodenlaw.com/blog/case-result/355000-settlement-auto-accident/,case-result,3,KEEP,,Guardrail keep-list: case-result page.,en,15,2981
https://rodenlaw.com/blog/case-result/250000-settlement-premises-liability-2/,case-result,3,KEEP,,Guardrail keep-list: case-result page.,en,16,2980
https://rodenlaw.com/blog/case-result/400000-settlement-premises-liability/,case-result,3,KEEP,,Guardrail keep-list: case-result page.,en,17,2979
https://rodenlaw.com/blog/case-result/250000-policy-limits-dui-accident/,case-result,3,KEEP,,Guardrail keep-list: case-result page.,en,18,2978
https://rodenlaw.com/blog/case-result/150000-recovery-truck-accident/,case-result,3,KEEP,,Guardrail keep-list: case-result page.,en,17,2977
https://rodenlaw.com/blog/case-result/142000-recovery-truck-accident/,case-result,3,KEEP,,Guardrail keep-list: case-result page.,en,17,2976
https://rodenlaw.com/blog/case-result/1700000-settlement-brain-injury/,case-result,3,KEEP,,Guardrail keep-list: case-result page.,en,14,2975
https://rodenlaw.com/blog/case-result/250000-recovery-wrongful-death/,case-result,3,KEEP,,Guardrail keep-list: case-result page.,en,6,2974
https://rodenlaw.com/blog/case-result/150000-recovery-auto-accident/,case-result,3,KEEP,,Guardrail keep-list: case-result page.,en,10,2973
https://rodenlaw.com/blog/case-result/100000-recovery-animal-attack/,case-result,3,KEEP,,Guardrail keep-list: case-result page.,en,9,2971
https://rodenlaw.com/blog/case-result/100000-settlement-nursing-home/,case-result,3,KEEP,,Guardrail keep-list: case-result page.,en,3,2970
https://rodenlaw.com/blog/case-result/2969/,case-result,3,KEEP,,Guardrail keep-list: case-result page.,en,10,2969
https://rodenlaw.com/blog/case-result/100000-settlement-auto-accident-8/,case-result,3,KEEP,,Guardrail keep-list: case-result page.,en,30,2247
https://rodenlaw.com/blog/case-result/100000-settlement-workers-compensation-2/,case-result,3,KEEP,,Guardrail keep-list: case-result page.,en,19,2246
https://rodenlaw.com/blog/case-result/100000-recovery-auto-accident-2/,case-result,3,KEEP,,Guardrail keep-list: case-result page.,en,17,2245
https://rodenlaw.com/blog/case-result/100000-settlement-auto-accident-7/,case-result,3,KEEP,,Guardrail keep-list: case-result page.,en,17,2244
https://rodenlaw.com/blog/case-result/100000-recovery-auto-accident/,case-result,3,KEEP,,Guardrail keep-list: case-result page.,en,25,2243
https://rodenlaw.com/blog/case-result/100000-settlement-auto-accident-6/,case-result,3,KEEP,,Guardrail keep-list: case-result page.,en,20,2242
https://rodenlaw.com/blog/case-result/100000-settlement-auto-accident-5/,case-result,3,KEEP,,Guardrail keep-list: case-result page.,en,17,2241
https://rodenlaw.com/blog/case-result/100000-settlement-auto-accident-4/,case-result,3,KEEP,,Guardrail keep-list: case-result page.,en,22,2240
https://rodenlaw.com/blog/case-result/100000-settlement-auto-accident-3/,case-result,3,KEEP,,Guardrail keep-list: case-result page.,en,16,2239
https://rodenlaw.com/blog/case-result/100000-settlement-auto-accident-2/,case-result,3,KEEP,,Guardrail keep-list: case-result page.,en,19,2238
https://rodenlaw.com/blog/case-result/100000-settlement-auto-accident/,case-result,3,KEEP,,Guardrail keep-list: case-result page.,en,10,2237
https://rodenlaw.com/blog/case-result/100000-resolution-auto-accident-6/,case-result,3,KEEP,,Guardrail keep-list: case-result page.,en,27,2236
https://rodenlaw.com/blog/case-result/100000-resolution-auto-accident-5/,case-result,3,KEEP,,Guardrail keep-list: case-result page.,en,15,2235
https://rodenlaw.com/blog/case-result/100000-resolution-auto-accident-4/,case-result,3,KEEP,,Guardrail keep-list: case-result page.,en,17,2234
https://rodenlaw.com/blog/case-result/100000-resolution-auto-accident-3/,case-result,3,KEEP,,Guardrail keep-list: case-result page.,en,22,2233
https://rodenlaw.com/blog/case-result/100000-resolution-auto-accident-2/,case-result,3,KEEP,,Guardrail keep-list: case-result page.,en,15,2232
https://rodenlaw.com/blog/case-result/100000-resolution-auto-accident/,case-result,3,KEEP,,Guardrail keep-list: case-result page.,en,16,2231
https://rodenlaw.com/blog/case-result/100000-recovery-workers-compensation-2/,case-result,3,KEEP,,Guardrail keep-list: case-result page.,en,13,2230
https://rodenlaw.com/blog/case-result/100000-recovery-workers-compensation/,case-result,3,KEEP,,Guardrail keep-list: case-result page.,en,12,2229
https://rodenlaw.com/blog/case-result/100000-settlement-workers-compensation/,case-result,3,KEEP,,Guardrail keep-list: case-result page.,en,20,2228
https://rodenlaw.com/blog/case-result/103000-recovery-workers-compensation/,case-result,3,KEEP,,Guardrail keep-list: case-result page.,en,17,2227
https://rodenlaw.com/blog/case-result/106000-recovery-workers-compensation/,case-result,3,KEEP,,Guardrail keep-list: case-result page.,en,15,2226
https://rodenlaw.com/blog/case-result/117500-recovery-truck-accidents/,case-result,3,KEEP,,Guardrail keep-list: case-result page.,en,21,2225
https://rodenlaw.com/blog/case-result/120000-recovery-auto-accident/,case-result,3,KEEP,,Guardrail keep-list: case-result page.,en,15,2224
https://rodenlaw.com/blog/case-result/120000-settlement-truck-accidents/,case-result,3,KEEP,,Guardrail keep-list: case-result page.,en,22,2223
https://rodenlaw.com/blog/case-result/120000-recovery-workers-compensation/,case-result,3,KEEP,,Guardrail keep-list: case-result page.,en,16,2222
https://rodenlaw.com/blog/case-result/123000-settlement-auto-accident/,case-result,3,KEEP,,Guardrail keep-list: case-result page.,en,16,2221
https://rodenlaw.com/blog/case-result/125000-settlement-auto-accident-3/,case-result,3,KEEP,,Guardrail keep-list: case-result page.,en,23,2220
https://rodenlaw.com/blog/case-result/125000-settlement-auto-accident-2/,case-result,3,KEEP,,Guardrail keep-list: case-result page.,en,17,2219
https://rodenlaw.com/blog/case-result/125000-settlement-auto-accident/,case-result,3,KEEP,,Guardrail keep-list: case-result page.,en,24,2218
https://rodenlaw.com/blog/case-result/125000-recovery-auto-accident/,case-result,3,KEEP,,Guardrail keep-list: case-result page.,en,16,2217
https://rodenlaw.com/blog/case-result/125000-resolution-auto-accident/,case-result,3,KEEP,,Guardrail keep-list: case-result page.,en,14,2216
https://rodenlaw.com/blog/case-result/125000-settlement-workers-compensation/,case-result,3,KEEP,,Guardrail keep-list: case-result page.,en,16,2215
https://rodenlaw.com/blog/case-result/130000-settlement-auto-accident/,case-result,3,KEEP,,Guardrail keep-list: case-result page.,en,31,2214
https://rodenlaw.com/blog/case-result/130000-settlement-workers-compensation/,case-result,3,KEEP,,Guardrail keep-list: case-result page.,en,23,2213
https://rodenlaw.com/blog/case-result/135000-settlement-premises-liability/,case-result,3,KEEP,,Guardrail keep-list: case-result page.,en,26,2212
https://rodenlaw.com/blog/case-result/135000-workers-comp-resolution-workers-compensation/,case-result,3,KEEP,,Guardrail keep-list: case-result page.,en,16,2211
https://rodenlaw.com/blog/case-result/135000-recovery-auto-accident/,case-result,3,KEEP,,Guardrail keep-list: case-result page.,en,12,2210
https://rodenlaw.com/blog/case-result/140000-settlement-auto-accident/,case-result,3,KEEP,,Guardrail keep-list: case-result page.,en,13,2209
https://rodenlaw.com/blog/case-result/150000-settlement-auto-accident-4/,case-result,3,KEEP,,Guardrail keep-list: case-result page.,en,12,2208
https://rodenlaw.com/blog/case-result/150000-recovery-premises-liability/,case-result,3,KEEP,,Guardrail keep-list: case-result page.,en,14,2207
https://rodenlaw.com/blog/case-result/150000-resolution-auto-accident/,case-result,3,KEEP,,Guardrail keep-list: case-result page.,en,16,2206
https://rodenlaw.com/blog/case-result/150000-settlement-auto-accident-3/,case-result,3,KEEP,,Guardrail keep-list: case-result page.,en,15,2205
https://rodenlaw.com/blog/case-result/150000-settlement-auto-accident-2/,case-result,3,KEEP,,Guardrail keep-list: case-result page.,en,16,2204
https://rodenlaw.com/blog/case-result/150000-settlement-auto-accident/,case-result,3,KEEP,,Guardrail keep-list: case-result page.,en,24,2203
https://rodenlaw.com/blog/case-result/155000-settlement-auto-accident/,case-result,3,KEEP,,Guardrail keep-list: case-result page.,en,22,2202
https://rodenlaw.com/blog/case-result/160000-recovery-truck-accidents/,case-result,3,KEEP,,Guardrail keep-list: case-result page.,en,15,2201
https://rodenlaw.com/blog/case-result/160000-settlement-workers-compensation/,case-result,3,KEEP,,Guardrail keep-list: case-result page.,en,25,2200
https://rodenlaw.com/blog/case-result/162500-settlement-premises-liability/,case-result,3,KEEP,,Guardrail keep-list: case-result page.,en,22,2199
https://rodenlaw.com/blog/case-result/162500-settlement-truck-accidents/,case-result,3,KEEP,,Guardrail keep-list: case-result page.,en,21,2198
https://rodenlaw.com/blog/case-result/172000-settlement-workers-compensation/,case-result,3,KEEP,,Guardrail keep-list: case-result page.,en,19,2197
https://rodenlaw.com/blog/case-result/175000-recovery-auto-accident/,case-result,3,KEEP,,Guardrail keep-list: case-result page.,en,22,2196
https://rodenlaw.com/blog/case-result/175000-settlement-auto-accident/,case-result,3,KEEP,,Guardrail keep-list: case-result page.,en,26,2195
https://rodenlaw.com/blog/case-result/180000-settlement-truck-accidents/,case-result,3,KEEP,,Guardrail keep-list: case-result page.,en,17,2194
https://rodenlaw.com/blog/case-result/190000-settlement-auto-accident/,case-result,3,KEEP,,Guardrail keep-list: case-result page.,en,21,2193
https://rodenlaw.com/blog/case-result/200000-settlement-premises-liability/,case-result,3,KEEP,,Guardrail keep-list: case-result page.,en,12,2192
https://rodenlaw.com/blog/case-result/200000-settlement-auto-accident-4/,case-result,3,KEEP,,Guardrail keep-list: case-result page.,en,21,2191
https://rodenlaw.com/blog/case-result/200000-settlement-auto-accident-3/,case-result,3,KEEP,,Guardrail keep-list: case-result page.,en,8,2190
https://rodenlaw.com/blog/case-result/200000-resolution-auto-accident/,case-result,3,KEEP,,Guardrail keep-list: case-result page.,en,19,2189
https://rodenlaw.com/blog/case-result/200000-settlement-auto-accident-2/,case-result,3,KEEP,,Guardrail keep-list: case-result page.,en,21,2188
https://rodenlaw.com/blog/case-result/200000-settlement-auto-accident/,case-result,3,KEEP,,Guardrail keep-list: case-result page.,en,16,2187
https://rodenlaw.com/blog/case-result/200000-recovery-workers-compensation/,case-result,3,KEEP,,Guardrail keep-list: case-result page.,en,12,2186
https://rodenlaw.com/blog/case-result/205000-settlement-auto-accident/,case-result,3,KEEP,,Guardrail keep-list: case-result page.,en,20,2185
https://rodenlaw.com/blog/case-result/205000-resolution-auto-accident/,case-result,3,KEEP,,Guardrail keep-list: case-result page.,en,15,2184
https://rodenlaw.com/blog/case-result/210000-settlement-auto-accident/,case-result,3,KEEP,,Guardrail keep-list: case-result page.,en,14,2183
https://rodenlaw.com/blog/case-result/210000-recovery-truck-accidents/,case-result,3,KEEP,,Guardrail keep-list: case-result page.,en,12,2182
https://rodenlaw.com/blog/case-result/225000-settlement-auto-accident/,case-result,3,KEEP,,Guardrail keep-list: case-result page.,en,14,2181
https://rodenlaw.com/blog/case-result/225000-recovery-auto-accident/,case-result,3,KEEP,,Guardrail keep-list: case-result page.,en,14,2180
https://rodenlaw.com/blog/case-result/225000-resolution-auto-accident/,case-result,3,KEEP,,Guardrail keep-list: case-result page.,en,17,2179
https://rodenlaw.com/blog/case-result/250000-settlement-auto-accident-4/,case-result,3,KEEP,,Guardrail keep-list: case-result page.,en,13,2178
https://rodenlaw.com/blog/case-result/250000-settlement-auto-accident-3/,case-result,3,KEEP,,Guardrail keep-list: case-result page.,en,18,2177
https://rodenlaw.com/blog/case-result/250000-settlement-auto-accident-2/,case-result,3,KEEP,,Guardrail keep-list: case-result page.,en,13,2176
https://rodenlaw.com/blog/case-result/250000-settlement-auto-accident/,case-result,3,KEEP,,Guardrail keep-list: case-result page.,en,15,2175
https://rodenlaw.com/blog/case-result/250000-settlement-premises-liability/,case-result,3,KEEP,,Guardrail keep-list: case-result page.,en,25,2174
https://rodenlaw.com/blog/case-result/275000-settlement-auto-accident-3/,case-result,3,KEEP,,Guardrail keep-list: case-result page.,en,27,2173
https://rodenlaw.com/blog/case-result/275000-recovery-auto-accident-2/,case-result,3,KEEP,,Guardrail keep-list: case-result page.,en,20,2172
https://rodenlaw.com/blog/case-result/275000-recovery-auto-accident/,case-result,3,KEEP,,Guardrail keep-list: case-result page.,en,12,2171
https://rodenlaw.com/blog/case-result/275000-settlement-auto-accident-2/,case-result,3,KEEP,,Guardrail keep-list: case-result page.,en,21,2170
https://rodenlaw.com/blog/case-result/275000-settlement-auto-accident/,case-result,3,KEEP,,Guardrail keep-list: case-result page.,en,15,2169
https://rodenlaw.com/blog/case-result/295000-recovery-auto-accident/,case-result,3,KEEP,,Guardrail keep-list: case-result page.,en,15,2168
https://rodenlaw.com/blog/case-result/300000-settlement-workers-compensation/,case-result,3,KEEP,,Guardrail keep-list: case-result page.,en,20,2167
https://rodenlaw.com/blog/case-result/300000-settlement-auto-accident-4/,case-result,3,KEEP,,Guardrail keep-list: case-result page.,en,34,2166
https://rodenlaw.com/blog/case-result/300000-settlement-auto-accident-3/,case-result,3,KEEP,,Guardrail keep-list: case-result page.,en,15,2165
https://rodenlaw.com/blog/case-result/300000-recovery-truck-accidents/,case-result,3,KEEP,,Guardrail keep-list: case-result page.,en,13,2164
https://rodenlaw.com/blog/case-result/300000-settlement-auto-accident-2/,case-result,3,KEEP,,Guardrail keep-list: case-result page.,en,15,2163
https://rodenlaw.com/blog/case-result/300000-settlement-premises-liability/,case-result,3,KEEP,,Guardrail keep-list: case-result page.,en,16,2162
https://rodenlaw.com/blog/case-result/300000-resolution-auto-accident/,case-result,3,KEEP,,Guardrail keep-list: case-result page.,en,18,2161
https://rodenlaw.com/blog/case-result/300000-settlement-auto-accident/,case-result,3,KEEP,,Guardrail keep-list: case-result page.,en,13,2160
https://rodenlaw.com/blog/case-result/305000-settlement-premises-liability-2/,case-result,3,KEEP,,Guardrail keep-list: case-result page.,en,20,2159
https://rodenlaw.com/blog/case-result/305000-settlement-premises-liability/,case-result,3,KEEP,,Guardrail keep-list: case-result page.,en,31,2158
https://rodenlaw.com/blog/case-result/320000-recovery-workers-compensation/,case-result,3,KEEP,,Guardrail keep-list: case-result page.,en,14,2157
https://rodenlaw.com/blog/case-result/325000-resolution-auto-accident/,case-result,3,KEEP,,Guardrail keep-list: case-result page.,en,16,2156
https://rodenlaw.com/blog/case-result/350000-settlement-nursing-home-elder-abuse/,case-result,3,KEEP,,Guardrail keep-list: case-result page.,en,18,2155
https://rodenlaw.com/blog/case-result/350000-settlement-auto-accident/,case-result,3,KEEP,,Guardrail keep-list: case-result page.,en,29,2154
https://rodenlaw.com/blog/case-result/385000-recovery-auto-accident/,case-result,3,KEEP,,Guardrail keep-list: case-result page.,en,8,2153
https://rodenlaw.com/blog/case-result/390000-recovery-auto-accident/,case-result,3,KEEP,,Guardrail keep-list: case-result page.,en,25,2152
https://rodenlaw.com/blog/case-result/400000-settlement-auto-accident-2/,case-result,3,KEEP,,Guardrail keep-list: case-result page.,en,24,2151
https://rodenlaw.com/blog/case-result/400000-settlement-auto-accident/,case-result,3,KEEP,,Guardrail keep-list: case-result page.,en,13,2150
https://rodenlaw.com/blog/case-result/405000-settlement-auto-accident/,case-result,3,KEEP,,Guardrail keep-list: case-result page.,en,12,2149
https://rodenlaw.com/blog/case-result/465000-recovery-truck-accidents/,case-result,3,KEEP,,Guardrail keep-list: case-result page.,en,20,2148
https://rodenlaw.com/blog/case-result/496000-settlement-truck-accidents/,case-result,3,KEEP,,Guardrail keep-list: case-result page.,en,21,2147
https://rodenlaw.com/blog/case-result/500000-workers-comp-resolution-workers-compensation/,case-result,3,KEEP,,Guardrail keep-list: case-result page.,en,11,2146
https://rodenlaw.com/blog/case-result/500000-recovery-truck-accidents/,case-result,3,KEEP,,Guardrail keep-list: case-result page.,en,16,2145
https://rodenlaw.com/blog/case-result/515000-settlement-auto-accident/,case-result,3,KEEP,,Guardrail keep-list: case-result page.,en,15,2144
https://rodenlaw.com/blog/case-result/525000-settlement-truck-accidents/,case-result,3,KEEP,,Guardrail keep-list: case-result page.,en,27,2143
https://rodenlaw.com/blog/case-result/525000-recovery-auto-accident/,case-result,3,KEEP,,Guardrail keep-list: case-result page.,en,23,2142
https://rodenlaw.com/blog/case-result/565000-settlement-truck-accidents/,case-result,3,KEEP,,Guardrail keep-list: case-result page.,en,16,2141
https://rodenlaw.com/blog/case-result/575000-settlement-auto-accident/,case-result,3,KEEP,,Guardrail keep-list: case-result page.,en,16,2140
https://rodenlaw.com/blog/case-result/575000-settlement-truck-accidents/,case-result,3,KEEP,,Guardrail keep-list: case-result page.,en,17,2139
https://rodenlaw.com/blog/case-result/575000-settlement-workers-compensation/,case-result,3,KEEP,,Guardrail keep-list: case-result page.,en,21,2138
https://rodenlaw.com/blog/case-result/600000-settlement-auto-accident-2/,case-result,3,KEEP,,Guardrail keep-list: case-result page.,en,17,2137
https://rodenlaw.com/blog/case-result/600000-settlement-auto-accident/,case-result,3,KEEP,,Guardrail keep-list: case-result page.,en,20,2136
https://rodenlaw.com/blog/case-result/600000-recovery-truck-accidents/,case-result,3,KEEP,,Guardrail keep-list: case-result page.,en,17,2135
https://rodenlaw.com/blog/case-result/600000-settlement-truck-accidents/,case-result,3,KEEP,,Guardrail keep-list: case-result page.,en,15,2134
https://rodenlaw.com/blog/case-result/650000-recovery-truck-accidents-2/,case-result,3,KEEP,,Guardrail keep-list: case-result page.,en,15,2133
https://rodenlaw.com/blog/case-result/650000-recovery-truck-accidents/,case-result,3,KEEP,,Guardrail keep-list: case-result page.,en,17,2132
https://rodenlaw.com/blog/case-result/700000-settlement-product-liability/,case-result,3,KEEP,,Guardrail keep-list: case-result page.,en,11,2131
https://rodenlaw.com/blog/case-result/700000-recovery-auto-accident/,case-result,3,KEEP,,Guardrail keep-list: case-result page.,en,15,2130
https://rodenlaw.com/blog/case-result/780000-resolution-truck-accidents/,case-result,3,KEEP,,Guardrail keep-list: case-result page.,en,24,2129
https://rodenlaw.com/blog/case-result/900000-mva-settlement-truck-accidents/,case-result,3,KEEP,,Guardrail keep-list: case-result page.,en,20,2128
https://rodenlaw.com/blog/case-result/900000-settlement-workers-compensation/,case-result,3,KEEP,,Guardrail keep-list: case-result page.,en,21,2127
https://rodenlaw.com/blog/case-result/950000-recovery-truck-accidents/,case-result,3,KEEP,,Guardrail keep-list: case-result page.,en,14,2126
https://rodenlaw.com/blog/case-result/1000000-recovery-auto-accident/,case-result,3,KEEP,,Guardrail keep-list: case-result page.,en,10,2125
https://rodenlaw.com/blog/case-result/1000000-settlement-auto-accident-2/,case-result,3,KEEP,,Guardrail keep-list: case-result page.,en,11,2124
https://rodenlaw.com/blog/case-result/1000000-settlement-auto-accident/,case-result,3,KEEP,,Guardrail keep-list: case-result page.,en,10,2123
https://rodenlaw.com/blog/case-result/1300000-settlement-auto-accident/,case-result,3,KEEP,,Guardrail keep-list: case-result page.,en,15,2122
https://rodenlaw.com/blog/case-result/1550000-settlement-auto-accident/,case-result,3,KEEP,,Guardrail keep-list: case-result page.,en,22,2121
https://rodenlaw.com/blog/case-result/1675000-recovery-auto-accident/,case-result,3,KEEP,,Guardrail keep-list: case-result page.,en,19,2120
https://rodenlaw.com/blog/case-result/2500000-settlement-auto-accident/,case-result,3,KEEP,,Guardrail keep-list: case-result page.,en,31,2119
https://rodenlaw.com/blog/case-result/3000000-settlement-auto-accident/,case-result,3,KEEP,,Guardrail keep-list: case-result page.,en,14,2118
https://rodenlaw.com/blog/case-result/3350000-verdict-premises-liability/,case-result,3,KEEP,,Guardrail keep-list: case-result page.,en,18,2117
https://rodenlaw.com/blog/case-result/9800000-recovery-premises-liability/,case-result,3,KEEP,,Guardrail keep-list: case-result page.,en,15,2116
https://rodenlaw.com/blog/case-result/10860000-verdict-product-liability/,case-result,3,KEEP,,Guardrail keep-list: case-result page.,en,15,2115
https://rodenlaw.com/blog/case-result/27000000-settlement-truck-accidents/,case-result,3,KEEP,,Guardrail keep-list: case-result page.,en,11,2114
https://rodenlaw.com/blog/staff/hillary-burris/,staff,3,KEEP,,Guardrail keep-list: staff page.,en,0,3548
https://rodenlaw.com/blog/staff/carolin-shaw/,staff,3,KEEP,,Guardrail keep-list: staff page.,en,0,3546
https://rodenlaw.com/blog/staff/christina-butkus/,staff,3,KEEP,,Guardrail keep-list: staff page.,en,0,3544
https://rodenlaw.com/blog/staff/haley-yokeley/,staff,3,KEEP,,Guardrail keep-list: staff page.,en,0,3541
https://rodenlaw.com/blog/staff/logan-wiggins/,staff,3,KEEP,,Guardrail keep-list: staff page.,en,0,2913
https://rodenlaw.com/blog/staff/zoe-link/,staff,3,KEEP,,Guardrail keep-list: staff page.,en,0,2824
https://rodenlaw.com/blog/staff/stephanie-aguirre/,staff,3,KEEP,,Guardrail keep-list: staff page.,en,0,2618
https://rodenlaw.com/blog/staff/megan-socha/,staff,3,KEEP,,Guardrail keep-list: staff page.,en,0,2621
https://rodenlaw.com/blog/staff/logan-sudholz/,staff,3,KEEP,,Guardrail keep-list: staff page.,en,0,2624
https://rodenlaw.com/blog/staff/amsi-raudales/,staff,3,KEEP,,Guardrail keep-list: staff page.,en,0,2626
https://rodenlaw.com/blog/staff/kelli-threm/,staff,3,KEEP,,Guardrail keep-list: staff page.,en,0,2627
https://rodenlaw.com/blog/staff/dyanna-velez/,staff,3,KEEP,,Guardrail keep-list: staff page.,en,0,2628
https://rodenlaw.com/blog/staff/maddie-dowling/,staff,3,KEEP,,Guardrail keep-list: staff page.,en,0,2619
https://rodenlaw.com/blog/staff/marina-baldwin/,staff,3,KEEP,,Guardrail keep-list: staff page.,en,0,2620
https://rodenlaw.com/testimonials/byshiba-moon/,testimonial,2,KEEP,,Guardrail keep-list: testimonial page.,en,11,3108
https://rodenlaw.com/testimonials/charles-constant/,testimonial,2,KEEP,,Guardrail keep-list: testimonial page.,en,16,3095
https://rodenlaw.com/testimonials/joshua-johnson/,testimonial,2,KEEP,,Guardrail keep-list: testimonial page.,en,19,3053
https://rodenlaw.com/testimonials/kim-howard/,testimonial,2,KEEP,,Guardrail keep-list: testimonial page.,en,15,3026
https://rodenlaw.com/testimonials/bryant-grinnell/,testimonial,2,KEEP,,Guardrail keep-list: testimonial page.,en,28,3020
https://rodenlaw.com/testimonials/rebecca-harris/,testimonial,2,KEEP,,Guardrail keep-list: testimonial page.,en,140,2820
https://rodenlaw.com/testimonials/tie-miller/,testimonial,2,KEEP,,Guardrail keep-list: testimonial page.,en,196,2815
https://rodenlaw.com/testimonials/lizzie-kirkley/,testimonial,2,KEEP,,Guardrail keep-list: testimonial page.,en,22,2808
https://rodenlaw.com/testimonials/a-mcgee/,testimonial,2,KEEP,,Guardrail keep-list: testimonial page.,en,24,2782
https://rodenlaw.com/testimonials/s-miller/,testimonial,2,KEEP,,Guardrail keep-list: testimonial page.,en,33,2759
https://rodenlaw.com/testimonials/britany-roberson/,testimonial,2,KEEP,,Guardrail keep-list: testimonial page.,en,29,2758
https://rodenlaw.com/testimonials/nicole-barber/,testimonial,2,KEEP,,Guardrail keep-list: testimonial page.,en,88,2756
https://rodenlaw.com/testimonials/ben-young/,testimonial,2,KEEP,,Guardrail keep-list: testimonial page.,en,80,2715
https://rodenlaw.com/testimonials/dante-williams-dante/,testimonial,2,KEEP,,Guardrail keep-list: testimonial page.,en,83,2688
https://rodenlaw.com/testimonials/bryston-butler/,testimonial,2,KEEP,,Guardrail keep-list: testimonial page.,en,32,2687
https://rodenlaw.com/testimonials/kmarieee-_/,testimonial,2,KEEP,,Guardrail keep-list: testimonial page.,en,96,2686
https://rodenlaw.com/testimonials/rachel-fraser/,testimonial,2,KEEP,,Guardrail keep-list: testimonial page.,en,20,2642
https://rodenlaw.com/testimonials/anthony-b/,testimonial,2,KEEP,,Guardrail keep-list: testimonial page.,en,68,1902
https://rodenlaw.com/testimonials/megan-l/,testimonial,2,KEEP,,Guardrail keep-list: testimonial page.,en,74,1901
https://rodenlaw.com/testimonials/ashley-b/,testimonial,2,KEEP,,Guardrail keep-list: testimonial page.,en,35,1900
https://rodenlaw.com/testimonials/ricky-h/,testimonial,2,KEEP,,Guardrail keep-list: testimonial page.,en,35,1897
https://rodenlaw.com/personal-injury-lawyers/north-charleston-sc/,practice_area,2,KEEP,,Rule 6: city x practice in an office market — the defensible tier.,en,100,5275
https://rodenlaw.com/car-accident-lawyers/simpsonville-sc/,practice_area,2,REMOVE,/practice-areas/car-accident-lawyers/,Rule 7: city x practice in a market with no office. 301 to the statewide practice page.,en,84,5274
https://rodenlaw.com/car-accident-lawyers/greer-sc/,practice_area,2,REMOVE,/practice-areas/car-accident-lawyers/,Rule 7: city x practice in a market with no office. 301 to the statewide practice page.,en,93,5273
https://rodenlaw.com/car-accident-lawyers/fort-mill-sc/,practice_area,2,REMOVE,/practice-areas/car-accident-lawyers/,Rule 7: city x practice in a market with no office. 301 to the statewide practice page.,en,99,5272
https://rodenlaw.com/workers-compensation-lawyers/rock-hill-sc/,practice_area,2,REMOVE,/practice-areas/workers-compensation-lawyers/,Rule 7: city x practice in a market with no office. 301 to the statewide practice page.,en,86,5271
https://rodenlaw.com/truck-accident-lawyers/rock-hill-sc/,practice_area,2,REMOVE,/practice-areas/truck-accident-lawyers/,Rule 7: city x practice in a market with no office. 301 to the statewide practice page.,en,86,5270
https://rodenlaw.com/car-accident-lawyers/rock-hill-sc/,practice_area,2,REMOVE,/practice-areas/car-accident-lawyers/,Rule 7: city x practice in a market with no office. 301 to the statewide practice page.,en,91,5269
https://rodenlaw.com/workers-compensation-lawyers/spartanburg-sc/,practice_area,2,REMOVE,/practice-areas/workers-compensation-lawyers/,Rule 7: city x practice in a market with no office. 301 to the statewide practice page.,en,80,5268
https://rodenlaw.com/motorcycle-accident-lawyers/spartanburg-sc/,practice_area,2,REMOVE,/practice-areas/motorcycle-accident-lawyers/,Rule 7: city x practice in a market with no office. 301 to the statewide practice page.,en,87,5267
https://rodenlaw.com/truck-accident-lawyers/spartanburg-sc/,practice_area,2,REMOVE,/practice-areas/truck-accident-lawyers/,Rule 7: city x practice in a market with no office. 301 to the statewide practice page.,en,85,5266
https://rodenlaw.com/car-accident-lawyers/spartanburg-sc/,practice_area,2,REMOVE,/practice-areas/car-accident-lawyers/,Rule 7: city x practice in a market with no office. 301 to the statewide practice page.,en,94,5265
https://rodenlaw.com/car-accident-lawyers/irmo-sc/,practice_area,2,REMOVE,/practice-areas/car-accident-lawyers/,Rule 7: city x practice in a market with no office. 301 to the statewide practice page.,en,86,5264
https://rodenlaw.com/car-accident-lawyers/blythewood-sc/,practice_area,2,REMOVE,/practice-areas/car-accident-lawyers/,Rule 7: city x practice in a market with no office. 301 to the statewide practice page.,en,78,5263
https://rodenlaw.com/car-accident-lawyers/sumter-sc/,practice_area,2,REMOVE,/practice-areas/car-accident-lawyers/,Rule 7: city x practice in a market with no office. 301 to the statewide practice page.,en,93,5262
https://rodenlaw.com/personal-injury-lawyers/orangeburg-sc/,practice_area,2,REMOVE,/practice-areas/personal-injury-lawyers/,Rule 7: city x practice in a market with no office. 301 to the statewide practice page.,en,82,5261
https://rodenlaw.com/car-accident-lawyers/orangeburg-sc/,practice_area,2,REMOVE,/practice-areas/car-accident-lawyers/,Rule 7: city x practice in a market with no office. 301 to the statewide practice page.,en,88,5260
https://rodenlaw.com/personal-injury-lawyers/pawleys-island-sc/,practice_area,2,REMOVE,/practice-areas/personal-injury-lawyers/,Rule 7: city x practice in a market with no office. 301 to the statewide practice page.,en,89,5259
https://rodenlaw.com/car-accident-lawyers/north-myrtle-beach-sc/,practice_area,2,REMOVE,/practice-areas/car-accident-lawyers/,Rule 7: city x practice in a market with no office. 301 to the statewide practice page.,en,95,5258
https://rodenlaw.com/personal-injury-lawyers/conway-sc/,practice_area,2,REMOVE,/practice-areas/personal-injury-lawyers/,Rule 7: city x practice in a market with no office. 301 to the statewide practice page.,en,80,5257
https://rodenlaw.com/truck-accident-lawyers/conway-sc/,practice_area,2,REMOVE,/practice-areas/truck-accident-lawyers/,Rule 7: city x practice in a market with no office. 301 to the statewide practice page.,en,93,5256
https://rodenlaw.com/car-accident-lawyers/conway-sc/,practice_area,2,REMOVE,/practice-areas/car-accident-lawyers/,Rule 7: city x practice in a market with no office. 301 to the statewide practice page.,en,104,5255
https://rodenlaw.com/personal-injury-lawyers/hilton-head-sc/,practice_area,2,REMOVE,/practice-areas/personal-injury-lawyers/,Rule 7: city x practice in a market with no office. 301 to the statewide practice page.,en,103,5254
https://rodenlaw.com/personal-injury-lawyers/mount-pleasant-sc/,practice_area,2,REMOVE,/practice-areas/personal-injury-lawyers/,Rule 7: city x practice in a market with no office. 301 to the statewide practice page.,en,93,5253
https://rodenlaw.com/car-accident-lawyers/mount-pleasant-sc/,practice_area,2,REMOVE,/practice-areas/car-accident-lawyers/,Rule 7: city x practice in a market with no office. 301 to the statewide practice page.,en,81,5252
https://rodenlaw.com/truck-accident-lawyers/moncks-corner-sc/,practice_area,2,REMOVE,/practice-areas/truck-accident-lawyers/,Rule 7: city x practice in a market with no office. 301 to the statewide practice page.,en,99,5251
https://rodenlaw.com/car-accident-lawyers/moncks-corner-sc/,practice_area,2,REMOVE,/practice-areas/car-accident-lawyers/,Rule 7: city x practice in a market with no office. 301 to the statewide practice page.,en,94,5250
https://rodenlaw.com/slip-and-fall-lawyers/goose-creek-sc/,practice_area,2,REMOVE,/practice-areas/slip-and-fall-lawyers/,Rule 7: city x practice in a market with no office. 301 to the statewide practice page.,en,100,5249
https://rodenlaw.com/personal-injury-lawyers/goose-creek-sc/,practice_area,2,REMOVE,/practice-areas/personal-injury-lawyers/,Rule 7: city x practice in a market with no office. 301 to the statewide practice page.,en,84,5248
https://rodenlaw.com/workers-compensation-lawyers/goose-creek-sc/,practice_area,2,REMOVE,/practice-areas/workers-compensation-lawyers/,Rule 7: city x practice in a market with no office. 301 to the statewide practice page.,en,102,5247
https://rodenlaw.com/car-accident-lawyers/goose-creek-sc/,practice_area,2,REMOVE,/practice-areas/car-accident-lawyers/,Rule 7: city x practice in a market with no office. 301 to the statewide practice page.,en,92,5246
https://rodenlaw.com/personal-injury-lawyers/summerville-sc/,practice_area,2,REMOVE,/practice-areas/personal-injury-lawyers/,Rule 7: city x practice in a market with no office. 301 to the statewide practice page.,en,94,5245
https://rodenlaw.com/workers-compensation-lawyers/summerville-sc/,practice_area,2,REMOVE,/practice-areas/workers-compensation-lawyers/,Rule 7: city x practice in a market with no office. 301 to the statewide practice page.,en,104,5244
https://rodenlaw.com/motorcycle-accident-lawyers/summerville-sc/,practice_area,2,REMOVE,/practice-areas/motorcycle-accident-lawyers/,Rule 7: city x practice in a market with no office. 301 to the statewide practice page.,en,100,5243
https://rodenlaw.com/truck-accident-lawyers/summerville-sc/,practice_area,2,REMOVE,/practice-areas/truck-accident-lawyers/,Rule 7: city x practice in a market with no office. 301 to the statewide practice page.,en,122,5242
https://rodenlaw.com/car-accident-lawyers/summerville-sc/,practice_area,2,REMOVE,/practice-areas/car-accident-lawyers/,Rule 7: city x practice in a market with no office. 301 to the statewide practice page.,en,117,5241
https://rodenlaw.com/es/practice-areas/personal-injury-lawyers/,practice_area,2,KEEP,,Guardrail keep-list: statewide/primary practice page. Rule 8 exception: keep regardless if this /es/ page outranks or out-earns its English twin — verify before removing.,es,480,5200
https://rodenlaw.com/es/pedestrian-accident-lawyers/myrtle-beach-sc/,practice_area,2,KEEP,,Rule 6: city x practice in an office market — the defensible tier. Rule 8 exception: keep regardless if this /es/ page outranks or out-earns its English twin — verify before removing.,es,186,5199
https://rodenlaw.com/es/pedestrian-accident-lawyers/columbia-sc/,practice_area,2,KEEP,,Rule 6: city x practice in an office market — the defensible tier. Rule 8 exception: keep regardless if this /es/ page outranks or out-earns its English twin — verify before removing.,es,191,5198
https://rodenlaw.com/es/pedestrian-accident-lawyers/north-charleston-sc/,practice_area,2,KEEP,,Rule 6: city x practice in an office market — the defensible tier. Rule 8 exception: keep regardless if this /es/ page outranks or out-earns its English twin — verify before removing.,es,193,5197
https://rodenlaw.com/es/pedestrian-accident-lawyers/charleston-sc/,practice_area,2,KEEP,,Rule 6: city x practice in an office market — the defensible tier. Rule 8 exception: keep regardless if this /es/ page outranks or out-earns its English twin — verify before removing.,es,197,5196
https://rodenlaw.com/es/pedestrian-accident-lawyers/darien-ga/,practice_area,2,KEEP,,Rule 6: city x practice in an office market — the defensible tier. Rule 8 exception: keep regardless if this /es/ page outranks or out-earns its English twin — verify before removing.,es,194,5195
https://rodenlaw.com/es/pedestrian-accident-lawyers/savannah-ga/,practice_area,2,KEEP,,Rule 6: city x practice in an office market — the defensible tier. Rule 8 exception: keep regardless if this /es/ page outranks or out-earns its English twin — verify before removing.,es,192,5194
https://rodenlaw.com/es/bicycle-accident-lawyers/myrtle-beach-sc/,practice_area,2,KEEP,,Rule 6: city x practice in an office market — the defensible tier. Rule 8 exception: keep regardless if this /es/ page outranks or out-earns its English twin — verify before removing.,es,185,5193
https://rodenlaw.com/es/bicycle-accident-lawyers/columbia-sc/,practice_area,2,KEEP,,Rule 6: city x practice in an office market — the defensible tier. Rule 8 exception: keep regardless if this /es/ page outranks or out-earns its English twin — verify before removing.,es,180,5192
https://rodenlaw.com/es/bicycle-accident-lawyers/north-charleston-sc/,practice_area,2,KEEP,,Rule 6: city x practice in an office market — the defensible tier. Rule 8 exception: keep regardless if this /es/ page outranks or out-earns its English twin — verify before removing.,es,183,5191
https://rodenlaw.com/es/bicycle-accident-lawyers/charleston-sc/,practice_area,2,KEEP,,Rule 6: city x practice in an office market — the defensible tier. Rule 8 exception: keep regardless if this /es/ page outranks or out-earns its English twin — verify before removing.,es,180,5190
https://rodenlaw.com/es/bicycle-accident-lawyers/darien-ga/,practice_area,2,KEEP,,Rule 6: city x practice in an office market — the defensible tier. Rule 8 exception: keep regardless if this /es/ page outranks or out-earns its English twin — verify before removing.,es,181,5189
https://rodenlaw.com/es/bicycle-accident-lawyers/savannah-ga/,practice_area,2,KEEP,,Rule 6: city x practice in an office market — the defensible tier. Rule 8 exception: keep regardless if this /es/ page outranks or out-earns its English twin — verify before removing.,es,182,5188
https://rodenlaw.com/es/motorcycle-accident-lawyers/myrtle-beach-sc/,practice_area,2,KEEP,,Rule 6: city x practice in an office market — the defensible tier. Rule 8 exception: keep regardless if this /es/ page outranks or out-earns its English twin — verify before removing.,es,187,5187
https://rodenlaw.com/es/motorcycle-accident-lawyers/columbia-sc/,practice_area,2,KEEP,,Rule 6: city x practice in an office market — the defensible tier. Rule 8 exception: keep regardless if this /es/ page outranks or out-earns its English twin — verify before removing.,es,194,5186
https://rodenlaw.com/es/motorcycle-accident-lawyers/north-charleston-sc/,practice_area,2,KEEP,,Rule 6: city x practice in an office market — the defensible tier. Rule 8 exception: keep regardless if this /es/ page outranks or out-earns its English twin — verify before removing.,es,188,5185
https://rodenlaw.com/es/motorcycle-accident-lawyers/charleston-sc/,practice_area,2,KEEP,,Rule 6: city x practice in an office market — the defensible tier. Rule 8 exception: keep regardless if this /es/ page outranks or out-earns its English twin — verify before removing.,es,190,5184
https://rodenlaw.com/es/motorcycle-accident-lawyers/darien-ga/,practice_area,2,KEEP,,Rule 6: city x practice in an office market — the defensible tier. Rule 8 exception: keep regardless if this /es/ page outranks or out-earns its English twin — verify before removing.,es,189,5183
https://rodenlaw.com/es/motorcycle-accident-lawyers/savannah-ga/,practice_area,2,KEEP,,Rule 6: city x practice in an office market — the defensible tier. Rule 8 exception: keep regardless if this /es/ page outranks or out-earns its English twin — verify before removing.,es,176,5182
https://rodenlaw.com/es/workers-compensation-lawyers/darien-ga/,practice_area,2,KEEP,,Rule 6: city x practice in an office market — the defensible tier. Rule 8 exception: keep regardless if this /es/ page outranks or out-earns its English twin — verify before removing.,es,915,5168
https://rodenlaw.com/workers-compensation-lawyers/gulfstream-aerospace-injury/,practice_area,2,CONSOLIDATE,/practice-areas/workers-compensation-lawyers/,"Rule 5: single-road / single-employer permutation. Merge substance into the parent practice page, or re-home as a bylined blog/resource post; 301 the URL.",en,1434,5167
https://rodenlaw.com/workers-compensation-lawyers/savannah-port-worker-injury/,practice_area,2,CONSOLIDATE,/practice-areas/workers-compensation-lawyers/,"Rule 5: single-road / single-employer permutation. Merge substance into the parent practice page, or re-home as a bylined blog/resource post; 301 the URL.",en,970,5162
https://rodenlaw.com/personal-injury-lawyers/charleston-sc/,practice_area,2,KEEP,,Rule 6: city x practice in an office market — the defensible tier.,en,1735,5052
https://rodenlaw.com/personal-injury-lawyers/myrtle-beach-sc/,practice_area,2,KEEP,,Rule 6: city x practice in an office market — the defensible tier.,en,1585,5051
https://rodenlaw.com/es/construction-accident-lawyers/myrtle-beach-sc/,practice_area,2,KEEP,,Rule 6: city x practice in an office market — the defensible tier. Rule 8 exception: keep regardless if this /es/ page outranks or out-earns its English twin — verify before removing.,es,171,4921
https://rodenlaw.com/es/workers-compensation-lawyers/myrtle-beach-sc/,practice_area,2,KEEP,,Rule 6: city x practice in an office market — the defensible tier. Rule 8 exception: keep regardless if this /es/ page outranks or out-earns its English twin — verify before removing.,es,156,4920
https://rodenlaw.com/es/truck-accident-lawyers/myrtle-beach-sc/,practice_area,2,KEEP,,Rule 6: city x practice in an office market — the defensible tier. Rule 8 exception: keep regardless if this /es/ page outranks or out-earns its English twin — verify before removing.,es,165,4919
https://rodenlaw.com/es/car-accident-lawyers/myrtle-beach-sc/,practice_area,2,KEEP,,Rule 6: city x practice in an office market — the defensible tier. Rule 8 exception: keep regardless if this /es/ page outranks or out-earns its English twin — verify before removing.,es,161,4918
https://rodenlaw.com/es/construction-accident-lawyers/savannah-ga/,practice_area,2,KEEP,,Rule 6: city x practice in an office market — the defensible tier. Rule 8 exception: keep regardless if this /es/ page outranks or out-earns its English twin — verify before removing.,es,167,4917
https://rodenlaw.com/es/workers-compensation-lawyers/savannah-ga/,practice_area,2,KEEP,,Rule 6: city x practice in an office market — the defensible tier. Rule 8 exception: keep regardless if this /es/ page outranks or out-earns its English twin — verify before removing.,es,175,4916
https://rodenlaw.com/es/truck-accident-lawyers/savannah-ga/,practice_area,2,KEEP,,Rule 6: city x practice in an office market — the defensible tier. Rule 8 exception: keep regardless if this /es/ page outranks or out-earns its English twin — verify before removing.,es,167,4915
https://rodenlaw.com/es/car-accident-lawyers/savannah-ga/,practice_area,2,KEEP,,Rule 6: city x practice in an office market — the defensible tier. Rule 8 exception: keep regardless if this /es/ page outranks or out-earns its English twin — verify before removing.,es,155,4914
https://rodenlaw.com/es/construction-accident-lawyers/columbia-sc/,practice_area,2,KEEP,,Rule 6: city x practice in an office market — the defensible tier. Rule 8 exception: keep regardless if this /es/ page outranks or out-earns its English twin — verify before removing.,es,173,4913
https://rodenlaw.com/es/workers-compensation-lawyers/columbia-sc/,practice_area,2,KEEP,,Rule 6: city x practice in an office market — the defensible tier. Rule 8 exception: keep regardless if this /es/ page outranks or out-earns its English twin — verify before removing.,es,158,4912
https://rodenlaw.com/es/truck-accident-lawyers/columbia-sc/,practice_area,2,KEEP,,Rule 6: city x practice in an office market — the defensible tier. Rule 8 exception: keep regardless if this /es/ page outranks or out-earns its English twin — verify before removing.,es,157,4911
https://rodenlaw.com/es/car-accident-lawyers/columbia-sc/,practice_area,2,KEEP,,Rule 6: city x practice in an office market — the defensible tier. Rule 8 exception: keep regardless if this /es/ page outranks or out-earns its English twin — verify before removing.,es,169,4910
https://rodenlaw.com/es/construction-accident-lawyers/north-charleston-sc/,practice_area,2,KEEP,,Rule 6: city x practice in an office market — the defensible tier. Rule 8 exception: keep regardless if this /es/ page outranks or out-earns its English twin — verify before removing.,es,157,4909
https://rodenlaw.com/es/workers-compensation-lawyers/north-charleston-sc/,practice_area,2,KEEP,,Rule 6: city x practice in an office market — the defensible tier. Rule 8 exception: keep regardless if this /es/ page outranks or out-earns its English twin — verify before removing.,es,153,4908
https://rodenlaw.com/es/truck-accident-lawyers/north-charleston-sc/,practice_area,2,KEEP,,Rule 6: city x practice in an office market — the defensible tier. Rule 8 exception: keep regardless if this /es/ page outranks or out-earns its English twin — verify before removing.,es,150,4907
https://rodenlaw.com/es/car-accident-lawyers/north-charleston-sc/,practice_area,2,KEEP,,Rule 6: city x practice in an office market — the defensible tier. Rule 8 exception: keep regardless if this /es/ page outranks or out-earns its English twin — verify before removing.,es,152,4906
https://rodenlaw.com/es/construction-accident-lawyers/charleston-sc/,practice_area,2,KEEP,,Rule 6: city x practice in an office market — the defensible tier. Rule 8 exception: keep regardless if this /es/ page outranks or out-earns its English twin — verify before removing.,es,168,4905
https://rodenlaw.com/es/workers-compensation-lawyers/charleston-sc/,practice_area,2,KEEP,,Rule 6: city x practice in an office market — the defensible tier. Rule 8 exception: keep regardless if this /es/ page outranks or out-earns its English twin — verify before removing.,es,172,4904
https://rodenlaw.com/es/truck-accident-lawyers/charleston-sc/,practice_area,2,KEEP,,Rule 6: city x practice in an office market — the defensible tier. Rule 8 exception: keep regardless if this /es/ page outranks or out-earns its English twin — verify before removing.,es,172,4903
https://rodenlaw.com/es/car-accident-lawyers/charleston-sc/,practice_area,2,KEEP,,Rule 6: city x practice in an office market — the defensible tier. Rule 8 exception: keep regardless if this /es/ page outranks or out-earns its English twin — verify before removing.,es,183,4902
https://rodenlaw.com/es/practice-areas/golf-cart-accident-lawyers/,practice_area,2,KEEP,,Guardrail keep-list: statewide/primary practice page. Rule 8 exception: keep regardless if this /es/ page outranks or out-earns its English twin — verify before removing.,es,489,4901
https://rodenlaw.com/es/practice-areas/atv-side-by-side-accident-lawyers/,practice_area,2,KEEP,,Guardrail keep-list: statewide/primary practice page. Rule 8 exception: keep regardless if this /es/ page outranks or out-earns its English twin — verify before removing.,es,440,4900
https://rodenlaw.com/es/practice-areas/electric-scooter-accident-lawyers/,practice_area,2,KEEP,,Guardrail keep-list: statewide/primary practice page. Rule 8 exception: keep regardless if this /es/ page outranks or out-earns its English twin — verify before removing.,es,463,4899
https://rodenlaw.com/es/practice-areas/bicycle-accident-lawyers/,practice_area,2,KEEP,,Guardrail keep-list: statewide/primary practice page. Rule 8 exception: keep regardless if this /es/ page outranks or out-earns its English twin — verify before removing.,es,467,4898
https://rodenlaw.com/es/practice-areas/nursing-home-abuse-lawyers/,practice_area,2,KEEP,,Guardrail keep-list: statewide/primary practice page. Rule 8 exception: keep regardless if this /es/ page outranks or out-earns its English twin — verify before removing.,es,443,4897
https://rodenlaw.com/es/practice-areas/burn-injury-lawyers/,practice_area,2,KEEP,,Guardrail keep-list: statewide/primary practice page. Rule 8 exception: keep regardless if this /es/ page outranks or out-earns its English twin — verify before removing.,es,425,4896
https://rodenlaw.com/es/practice-areas/boating-accident-lawyers/,practice_area,2,KEEP,,Guardrail keep-list: statewide/primary practice page. Rule 8 exception: keep regardless if this /es/ page outranks or out-earns its English twin — verify before removing.,es,433,4895
https://rodenlaw.com/es/practice-areas/maritime-injury-lawyers/,practice_area,2,KEEP,,Guardrail keep-list: statewide/primary practice page. Rule 8 exception: keep regardless if this /es/ page outranks or out-earns its English twin — verify before removing.,es,436,4894
https://rodenlaw.com/es/practice-areas/premises-liability-lawyers/,practice_area,2,KEEP,,Guardrail keep-list: statewide/primary practice page. Rule 8 exception: keep regardless if this /es/ page outranks or out-earns its English twin — verify before removing.,es,438,4893
https://rodenlaw.com/es/practice-areas/product-liability-lawyers/,practice_area,2,KEEP,,Guardrail keep-list: statewide/primary practice page. Rule 8 exception: keep regardless if this /es/ page outranks or out-earns its English twin — verify before removing.,es,413,4892
https://rodenlaw.com/es/practice-areas/spinal-cord-injury-lawyers/,practice_area,2,KEEP,,Guardrail keep-list: statewide/primary practice page. Rule 8 exception: keep regardless if this /es/ page outranks or out-earns its English twin — verify before removing.,es,433,4891
https://rodenlaw.com/es/practice-areas/brain-injury-lawyers/,practice_area,2,KEEP,,Guardrail keep-list: statewide/primary practice page. Rule 8 exception: keep regardless if this /es/ page outranks or out-earns its English twin — verify before removing.,es,450,4890
https://rodenlaw.com/es/practice-areas/wrongful-death-lawyers/,practice_area,2,KEEP,,Guardrail keep-list: statewide/primary practice page. Rule 8 exception: keep regardless if this /es/ page outranks or out-earns its English twin — verify before removing.,es,427,4882
https://rodenlaw.com/es/practice-areas/medical-malpractice-lawyers/,practice_area,2,KEEP,,Guardrail keep-list: statewide/primary practice page. Rule 8 exception: keep regardless if this /es/ page outranks or out-earns its English twin — verify before removing.,es,452,4881
https://rodenlaw.com/es/practice-areas/dog-bite-lawyers/,practice_area,2,KEEP,,Guardrail keep-list: statewide/primary practice page. Rule 8 exception: keep regardless if this /es/ page outranks or out-earns its English twin — verify before removing.,es,411,4880
https://rodenlaw.com/es/practice-areas/slip-and-fall-lawyers/,practice_area,2,KEEP,,Guardrail keep-list: statewide/primary practice page. Rule 8 exception: keep regardless if this /es/ page outranks or out-earns its English twin — verify before removing.,es,392,4879
https://rodenlaw.com/es/practice-areas/pedestrian-accident-lawyers/,practice_area,2,KEEP,,Guardrail keep-list: statewide/primary practice page. Rule 8 exception: keep regardless if this /es/ page outranks or out-earns its English twin — verify before removing.,es,386,4878
https://rodenlaw.com/es/practice-areas/motorcycle-accident-lawyers/,practice_area,2,KEEP,,Guardrail keep-list: statewide/primary practice page. Rule 8 exception: keep regardless if this /es/ page outranks or out-earns its English twin — verify before removing.,es,373,4877
https://rodenlaw.com/es/practice-areas/construction-accident-lawyers/,practice_area,2,KEEP,,Guardrail keep-list: statewide/primary practice page. Rule 8 exception: keep regardless if this /es/ page outranks or out-earns its English twin — verify before removing.,es,442,4876
https://rodenlaw.com/es/practice-areas/workers-compensation-lawyers/,practice_area,2,KEEP,,Guardrail keep-list: statewide/primary practice page. Rule 8 exception: keep regardless if this /es/ page outranks or out-earns its English twin — verify before removing.,es,429,4875
https://rodenlaw.com/es/practice-areas/truck-accident-lawyers/,practice_area,2,KEEP,,Guardrail keep-list: statewide/primary practice page. Rule 8 exception: keep regardless if this /es/ page outranks or out-earns its English twin — verify before removing.,es,404,4874
https://rodenlaw.com/es/practice-areas/car-accident-lawyers/,practice_area,2,KEEP,,Guardrail keep-list: statewide/primary practice page. Rule 8 exception: keep regardless if this /es/ page outranks or out-earns its English twin — verify before removing.,es,401,4873
https://rodenlaw.com/personal-injury-lawyers/columbia-sc/,practice_area,2,KEEP,,Rule 6: city x practice in an office market — the defensible tier.,en,661,4793
https://rodenlaw.com/practice-areas/personal-injury-lawyers/,practice_area,2,KEEP,,Guardrail keep-list: statewide/primary practice page.,en,607,4692
https://rodenlaw.com/slip-and-fall-lawyers/retail-shopping-center-fall/,practice_area,2,KEEP,,"Accident-type subtype of the pillar, not a place permutation — outside the doorway pattern the plan targets.",en,656,4638
https://rodenlaw.com/pedestrian-accident-lawyers/rivers-avenue-pedestrian/,practice_area,2,CONSOLIDATE,/practice-areas/pedestrian-accident-lawyers/,"Rule 5: single-road / single-employer permutation. Merge substance into the parent practice page, or re-home as a bylined blog/resource post; 301 the URL.",en,643,4637
https://rodenlaw.com/motorcycle-accident-lawyers/dorchester-road-motorcycle/,practice_area,2,CONSOLIDATE,/practice-areas/motorcycle-accident-lawyers/,"Rule 5: single-road / single-employer permutation. Merge substance into the parent practice page, or re-home as a bylined blog/resource post; 301 the URL.",en,667,4636
https://rodenlaw.com/construction-accident-lawyers/highway-construction-zone/,practice_area,2,KEEP,,"Accident-type subtype of the pillar, not a place permutation — outside the doorway pattern the plan targets.",en,523,4635
https://rodenlaw.com/workers-compensation-lawyers/port-worker-injury/,practice_area,2,KEEP,,"Accident-type subtype of the pillar, not a place permutation — outside the doorway pattern the plan targets.",en,514,4631
https://rodenlaw.com/workers-compensation-lawyers/boeing-aerospace-injury/,practice_area,2,CONSOLIDATE,/practice-areas/workers-compensation-lawyers/,"Rule 5: single-road / single-employer permutation. Merge substance into the parent practice page, or re-home as a bylined blog/resource post; 301 the URL.",en,571,4629
https://rodenlaw.com/truck-accident-lawyers/cement-truck-accident/,practice_area,2,KEEP,,"Accident-type subtype of the pillar, not a place permutation — outside the doorway pattern the plan targets.",en,601,4628
https://rodenlaw.com/truck-accident-lawyers/port-freight-truck-accident/,practice_area,2,KEEP,,"Accident-type subtype of the pillar, not a place permutation — outside the doorway pattern the plan targets.",en,558,4627
https://rodenlaw.com/truck-accident-lawyers/i-26-truck-accident/,practice_area,2,CONSOLIDATE,/practice-areas/truck-accident-lawyers/,"Rule 5: single-road / single-employer permutation. Merge substance into the parent practice page, or re-home as a bylined blog/resource post; 301 the URL.",en,636,4626
https://rodenlaw.com/car-accident-lawyers/uber-lyft-accident/,practice_area,2,KEEP,,"Accident-type subtype of the pillar, not a place permutation — outside the doorway pattern the plan targets.",en,619,4625
https://rodenlaw.com/car-accident-lawyers/dorchester-road-accident/,practice_area,2,CONSOLIDATE,/practice-areas/car-accident-lawyers/,"Rule 5: single-road / single-employer permutation. Merge substance into the parent practice page, or re-home as a bylined blog/resource post; 301 the URL.",en,705,4623
https://rodenlaw.com/car-accident-lawyers/ashley-phosphate-road-accident/,practice_area,2,CONSOLIDATE,/practice-areas/car-accident-lawyers/,"Rule 5: single-road / single-employer permutation. Merge substance into the parent practice page, or re-home as a bylined blog/resource post; 301 the URL.",en,655,4622
https://rodenlaw.com/car-accident-lawyers/rivers-avenue-accident/,practice_area,2,CONSOLIDATE,/practice-areas/car-accident-lawyers/,"Rule 5: single-road / single-employer permutation. Merge substance into the parent practice page, or re-home as a bylined blog/resource post; 301 the URL.",en,660,4621
https://rodenlaw.com/car-accident-lawyers/i-526-accident/,practice_area,2,CONSOLIDATE,/practice-areas/car-accident-lawyers/,"Rule 5: single-road / single-employer permutation. Merge substance into the parent practice page, or re-home as a bylined blog/resource post; 301 the URL.",en,660,4620
https://rodenlaw.com/car-accident-lawyers/i-26-accident/,practice_area,2,CONSOLIDATE,/practice-areas/car-accident-lawyers/,"Rule 5: single-road / single-employer permutation. Merge substance into the parent practice page, or re-home as a bylined blog/resource post; 301 the URL.",en,776,4619
https://rodenlaw.com/practice-areas/e-bike-accident-lawyers/,practice_area,2,KEEP,,Guardrail keep-list: statewide/primary practice page.,en,1644,4578
https://rodenlaw.com/golf-cart-accident-lawyers/north-charleston-sc/,practice_area,2,KEEP,,Rule 6: city x practice in an office market — the defensible tier.,en,456,4561
https://rodenlaw.com/atv-side-by-side-accident-lawyers/north-charleston-sc/,practice_area,2,KEEP,,Rule 6: city x practice in an office market — the defensible tier.,en,448,4560
https://rodenlaw.com/electric-scooter-accident-lawyers/north-charleston-sc/,practice_area,2,KEEP,,Rule 6: city x practice in an office market — the defensible tier.,en,436,4559
https://rodenlaw.com/bicycle-accident-lawyers/north-charleston-sc/,practice_area,2,KEEP,,Rule 6: city x practice in an office market — the defensible tier.,en,459,4558
https://rodenlaw.com/pedestrian-accident-lawyers/north-charleston-sc/,practice_area,2,KEEP,,Rule 6: city x practice in an office market — the defensible tier.,en,432,4557
https://rodenlaw.com/premises-liability-lawyers/north-charleston-sc/,practice_area,2,KEEP,,Rule 6: city x practice in an office market — the defensible tier.,en,502,4556
https://rodenlaw.com/nursing-home-abuse-lawyers/north-charleston-sc/,practice_area,2,KEEP,,Rule 6: city x practice in an office market — the defensible tier.,en,457,4555
https://rodenlaw.com/construction-accident-lawyers/north-charleston-sc/,practice_area,2,KEEP,,Rule 6: city x practice in an office market — the defensible tier.,en,485,4554
https://rodenlaw.com/burn-injury-lawyers/north-charleston-sc/,practice_area,2,KEEP,,Rule 6: city x practice in an office market — the defensible tier.,en,493,4553
https://rodenlaw.com/boating-accident-lawyers/north-charleston-sc/,practice_area,2,KEEP,,Rule 6: city x practice in an office market — the defensible tier.,en,432,4552
https://rodenlaw.com/product-liability-lawyers/north-charleston-sc/,practice_area,2,KEEP,,Rule 6: city x practice in an office market — the defensible tier.,en,466,4551
https://rodenlaw.com/maritime-injury-lawyers/north-charleston-sc/,practice_area,2,KEEP,,Rule 6: city x practice in an office market — the defensible tier.,en,482,4550
https://rodenlaw.com/spinal-cord-injury-lawyers/north-charleston-sc/,practice_area,2,KEEP,,Rule 6: city x practice in an office market — the defensible tier.,en,486,4549
https://rodenlaw.com/brain-injury-lawyers/north-charleston-sc/,practice_area,2,KEEP,,Rule 6: city x practice in an office market — the defensible tier.,en,511,4548
https://rodenlaw.com/dog-bite-lawyers/north-charleston-sc/,practice_area,2,KEEP,,Rule 6: city x practice in an office market — the defensible tier.,en,428,4547
https://rodenlaw.com/workers-compensation-lawyers/north-charleston-sc/,practice_area,2,KEEP,,Rule 6: city x practice in an office market — the defensible tier.,en,580,4546
https://rodenlaw.com/wrongful-death-lawyers/north-charleston-sc/,practice_area,2,KEEP,,Rule 6: city x practice in an office market — the defensible tier.,en,533,4545
https://rodenlaw.com/medical-malpractice-lawyers/north-charleston-sc/,practice_area,2,KEEP,,Rule 6: city x practice in an office market — the defensible tier.,en,563,4544
https://rodenlaw.com/motorcycle-accident-lawyers/north-charleston-sc/,practice_area,2,KEEP,,Rule 6: city x practice in an office market — the defensible tier.,en,549,4543
https://rodenlaw.com/slip-and-fall-lawyers/north-charleston-sc/,practice_area,2,KEEP,,Rule 6: city x practice in an office market — the defensible tier.,en,563,4542
https://rodenlaw.com/truck-accident-lawyers/north-charleston-sc/,practice_area,2,KEEP,,Rule 6: city x practice in an office market — the defensible tier.,en,579,4541
https://rodenlaw.com/car-accident-lawyers/north-charleston-sc/,practice_area,2,KEEP,,Rule 6: city x practice in an office market — the defensible tier.,en,422,4540
https://rodenlaw.com/golf-cart-accident-lawyers/myrtle-beach-sc/,practice_area,2,KEEP,,Rule 6: city x practice in an office market — the defensible tier.,en,500,4251
https://rodenlaw.com/golf-cart-accident-lawyers/columbia-sc/,practice_area,2,KEEP,,Rule 6: city x practice in an office market — the defensible tier.,en,475,4250
https://rodenlaw.com/golf-cart-accident-lawyers/charleston-sc/,practice_area,2,KEEP,,Rule 6: city x practice in an office market — the defensible tier.,en,463,4249
https://rodenlaw.com/golf-cart-accident-lawyers/darien-ga/,practice_area,2,KEEP,,Rule 6: city x practice in an office market — the defensible tier.,en,228,4248
https://rodenlaw.com/golf-cart-accident-lawyers/savannah-ga/,practice_area,2,KEEP,,Rule 6: city x practice in an office market — the defensible tier.,en,224,4247
https://rodenlaw.com/atv-side-by-side-accident-lawyers/myrtle-beach-sc/,practice_area,2,KEEP,,Rule 6: city x practice in an office market — the defensible tier.,en,465,4246
https://rodenlaw.com/atv-side-by-side-accident-lawyers/columbia-sc/,practice_area,2,KEEP,,Rule 6: city x practice in an office market — the defensible tier.,en,455,4245
https://rodenlaw.com/atv-side-by-side-accident-lawyers/charleston-sc/,practice_area,2,KEEP,,Rule 6: city x practice in an office market — the defensible tier.,en,450,4244
https://rodenlaw.com/atv-side-by-side-accident-lawyers/darien-ga/,practice_area,2,KEEP,,Rule 6: city x practice in an office market — the defensible tier.,en,228,4243
https://rodenlaw.com/atv-side-by-side-accident-lawyers/savannah-ga/,practice_area,2,KEEP,,Rule 6: city x practice in an office market — the defensible tier.,en,224,4242
https://rodenlaw.com/electric-scooter-accident-lawyers/myrtle-beach-sc/,practice_area,2,KEEP,,Rule 6: city x practice in an office market — the defensible tier.,en,464,4241
https://rodenlaw.com/electric-scooter-accident-lawyers/columbia-sc/,practice_area,2,KEEP,,Rule 6: city x practice in an office market — the defensible tier.,en,458,4240
https://rodenlaw.com/electric-scooter-accident-lawyers/charleston-sc/,practice_area,2,KEEP,,Rule 6: city x practice in an office market — the defensible tier.,en,454,4239
https://rodenlaw.com/electric-scooter-accident-lawyers/darien-ga/,practice_area,2,KEEP,,Rule 6: city x practice in an office market — the defensible tier.,en,228,4238
https://rodenlaw.com/electric-scooter-accident-lawyers/savannah-ga/,practice_area,2,KEEP,,Rule 6: city x practice in an office market — the defensible tier.,en,224,4237
https://rodenlaw.com/bicycle-accident-lawyers/myrtle-beach-sc/,practice_area,2,KEEP,,Rule 6: city x practice in an office market — the defensible tier.,en,474,4236
https://rodenlaw.com/bicycle-accident-lawyers/columbia-sc/,practice_area,2,KEEP,,Rule 6: city x practice in an office market — the defensible tier.,en,469,4235
https://rodenlaw.com/bicycle-accident-lawyers/charleston-sc/,practice_area,2,KEEP,,Rule 6: city x practice in an office market — the defensible tier.,en,469,4234
https://rodenlaw.com/bicycle-accident-lawyers/darien-ga/,practice_area,2,KEEP,,Rule 6: city x practice in an office market — the defensible tier.,en,225,4233
https://rodenlaw.com/bicycle-accident-lawyers/savannah-ga/,practice_area,2,KEEP,,Rule 6: city x practice in an office market — the defensible tier.,en,221,4232
https://rodenlaw.com/electric-scooter-accident-lawyers/escooter-intersection-crash/,practice_area,2,KEEP,,"Accident-type subtype of the pillar, not a place permutation — outside the doorway pattern the plan targets.",en,813,4229
https://rodenlaw.com/electric-scooter-accident-lawyers/ride-share-scooter-accident/,practice_area,2,KEEP,,"Accident-type subtype of the pillar, not a place permutation — outside the doorway pattern the plan targets.",en,621,4228
https://rodenlaw.com/electric-scooter-accident-lawyers/escooter-pedestrian-accident/,practice_area,2,KEEP,,"Accident-type subtype of the pillar, not a place permutation — outside the doorway pattern the plan targets.",en,601,4227
https://rodenlaw.com/electric-scooter-accident-lawyers/road-hazard-escooter-crash/,practice_area,2,KEEP,,"Accident-type subtype of the pillar, not a place permutation — outside the doorway pattern the plan targets.",en,659,4226
https://rodenlaw.com/electric-scooter-accident-lawyers/scooter-malfunction-defect/,practice_area,2,KEEP,,"Accident-type subtype of the pillar, not a place permutation — outside the doorway pattern the plan targets.",en,627,4225
https://rodenlaw.com/electric-scooter-accident-lawyers/escooter-vehicle-collision/,practice_area,2,KEEP,,"Accident-type subtype of the pillar, not a place permutation — outside the doorway pattern the plan targets.",en,669,4224
https://rodenlaw.com/premises-liability-lawyers/amusement-park-recreational-injury/,practice_area,2,KEEP,,"Accident-type subtype of the pillar, not a place permutation — outside the doorway pattern the plan targets.",en,572,4223
https://rodenlaw.com/premises-liability-lawyers/elevator-escalator-accident/,practice_area,2,KEEP,,"Accident-type subtype of the pillar, not a place permutation — outside the doorway pattern the plan targets.",en,570,4222
https://rodenlaw.com/premises-liability-lawyers/inadequate-security/,practice_area,2,KEEP,,"Accident-type subtype of the pillar, not a place permutation — outside the doorway pattern the plan targets.",en,558,4221
https://rodenlaw.com/premises-liability-lawyers/swimming-pool-accident/,practice_area,2,KEEP,,"Accident-type subtype of the pillar, not a place permutation — outside the doorway pattern the plan targets.",en,548,4220
https://rodenlaw.com/premises-liability-lawyers/parking-lot-garage-accident/,practice_area,2,KEEP,,"Accident-type subtype of the pillar, not a place permutation — outside the doorway pattern the plan targets.",en,492,4219
https://rodenlaw.com/premises-liability-lawyers/apartment-complex-injury/,practice_area,2,KEEP,,"Accident-type subtype of the pillar, not a place permutation — outside the doorway pattern the plan targets.",en,598,4218
https://rodenlaw.com/premises-liability-lawyers/restaurant-hotel-injury/,practice_area,2,KEEP,,"Accident-type subtype of the pillar, not a place permutation — outside the doorway pattern the plan targets.",en,531,4217
https://rodenlaw.com/premises-liability-lawyers/retail-store-shopping-center-injury/,practice_area,2,KEEP,,"Accident-type subtype of the pillar, not a place permutation — outside the doorway pattern the plan targets.",en,601,4216
https://rodenlaw.com/spinal-cord-injury-lawyers/spinal-cord-injury-car-accident/,practice_area,2,KEEP,,"Accident-type subtype of the pillar, not a place permutation — outside the doorway pattern the plan targets.",en,579,4215
https://rodenlaw.com/spinal-cord-injury-lawyers/cauda-equina-syndrome/,practice_area,2,KEEP,,"Accident-type subtype of the pillar, not a place permutation — outside the doorway pattern the plan targets.",en,597,4214
https://rodenlaw.com/spinal-cord-injury-lawyers/spinal-fracture/,practice_area,2,KEEP,,"Accident-type subtype of the pillar, not a place permutation — outside the doorway pattern the plan targets.",en,608,4213
https://rodenlaw.com/spinal-cord-injury-lawyers/herniated-ruptured-disc/,practice_area,2,KEEP,,"Accident-type subtype of the pillar, not a place permutation — outside the doorway pattern the plan targets.",en,632,4212
https://rodenlaw.com/spinal-cord-injury-lawyers/tetraplegia-quadriplegia/,practice_area,2,KEEP,,"Accident-type subtype of the pillar, not a place permutation — outside the doorway pattern the plan targets.",en,598,4211
https://rodenlaw.com/spinal-cord-injury-lawyers/paraplegia/,practice_area,2,KEEP,,"Accident-type subtype of the pillar, not a place permutation — outside the doorway pattern the plan targets.",en,539,4210
https://rodenlaw.com/spinal-cord-injury-lawyers/incomplete-spinal-cord-injury/,practice_area,2,KEEP,,"Accident-type subtype of the pillar, not a place permutation — outside the doorway pattern the plan targets.",en,633,4209
https://rodenlaw.com/spinal-cord-injury-lawyers/complete-spinal-cord-injury/,practice_area,2,KEEP,,"Accident-type subtype of the pillar, not a place permutation — outside the doorway pattern the plan targets.",en,689,4208
https://rodenlaw.com/brain-injury-lawyers/second-impact-syndrome/,practice_area,2,KEEP,,"Accident-type subtype of the pillar, not a place permutation — outside the doorway pattern the plan targets.",en,700,4207
https://rodenlaw.com/brain-injury-lawyers/birth-related-brain-injury/,practice_area,2,KEEP,,"Accident-type subtype of the pillar, not a place permutation — outside the doorway pattern the plan targets.",en,718,4206
https://rodenlaw.com/brain-injury-lawyers/sports-related-brain-injury/,practice_area,2,KEEP,,"Accident-type subtype of the pillar, not a place permutation — outside the doorway pattern the plan targets.",en,627,4205
https://rodenlaw.com/brain-injury-lawyers/anoxic-hypoxic-brain-injury/,practice_area,2,KEEP,,"Accident-type subtype of the pillar, not a place permutation — outside the doorway pattern the plan targets.",en,734,4204
https://rodenlaw.com/brain-injury-lawyers/penetrating-brain-injury/,practice_area,2,KEEP,,"Accident-type subtype of the pillar, not a place permutation — outside the doorway pattern the plan targets.",en,646,4203
https://rodenlaw.com/brain-injury-lawyers/closed-head-injury/,practice_area,2,KEEP,,"Accident-type subtype of the pillar, not a place permutation — outside the doorway pattern the plan targets.",en,775,4202
https://rodenlaw.com/brain-injury-lawyers/severe-traumatic-brain-injury/,practice_area,2,KEEP,,"Accident-type subtype of the pillar, not a place permutation — outside the doorway pattern the plan targets.",en,680,4201
https://rodenlaw.com/brain-injury-lawyers/concussion-mild-tbi/,practice_area,2,KEEP,,"Accident-type subtype of the pillar, not a place permutation — outside the doorway pattern the plan targets.",en,713,4200
https://rodenlaw.com/medical-malpractice-lawyers/informed-consent-failure/,practice_area,2,KEEP,,"Accident-type subtype of the pillar, not a place permutation — outside the doorway pattern the plan targets.",en,624,4199
https://rodenlaw.com/medical-malpractice-lawyers/hospital-acquired-infection/,practice_area,2,KEEP,,"Accident-type subtype of the pillar, not a place permutation — outside the doorway pattern the plan targets.",en,533,4198
https://rodenlaw.com/medical-malpractice-lawyers/emergency-room-negligence/,practice_area,2,KEEP,,"Accident-type subtype of the pillar, not a place permutation — outside the doorway pattern the plan targets.",en,593,4197
https://rodenlaw.com/medical-malpractice-lawyers/anesthesia-error/,practice_area,2,KEEP,,"Accident-type subtype of the pillar, not a place permutation — outside the doorway pattern the plan targets.",en,554,4196
https://rodenlaw.com/medical-malpractice-lawyers/birth-injury/,practice_area,2,KEEP,,"Accident-type subtype of the pillar, not a place permutation — outside the doorway pattern the plan targets.",en,567,4195
https://rodenlaw.com/medical-malpractice-lawyers/medication-error/,practice_area,2,KEEP,,"Accident-type subtype of the pillar, not a place permutation — outside the doorway pattern the plan targets.",en,533,4194
https://rodenlaw.com/medical-malpractice-lawyers/misdiagnosis-delayed-diagnosis/,practice_area,2,KEEP,,"Accident-type subtype of the pillar, not a place permutation — outside the doorway pattern the plan targets.",en,637,4193
https://rodenlaw.com/medical-malpractice-lawyers/surgical-error/,practice_area,2,KEEP,,"Accident-type subtype of the pillar, not a place permutation — outside the doorway pattern the plan targets.",en,602,4192
https://rodenlaw.com/golf-cart-accident-lawyers/golf-cart-pedestrian-accident/,practice_area,2,KEEP,,"Accident-type subtype of the pillar, not a place permutation — outside the doorway pattern the plan targets.",en,710,4190
https://rodenlaw.com/golf-cart-accident-lawyers/golf-cart-dui/,practice_area,2,KEEP,,"Accident-type subtype of the pillar, not a place permutation — outside the doorway pattern the plan targets.",en,718,4189
https://rodenlaw.com/golf-cart-accident-lawyers/golf-course-cart-accident/,practice_area,2,KEEP,,"Accident-type subtype of the pillar, not a place permutation — outside the doorway pattern the plan targets.",en,744,4188
https://rodenlaw.com/golf-cart-accident-lawyers/golf-cart-passenger-ejection/,practice_area,2,KEEP,,"Accident-type subtype of the pillar, not a place permutation — outside the doorway pattern the plan targets.",en,696,4187
https://rodenlaw.com/golf-cart-accident-lawyers/golf-cart-vehicle-collision/,practice_area,2,KEEP,,"Accident-type subtype of the pillar, not a place permutation — outside the doorway pattern the plan targets.",en,735,4186
https://rodenlaw.com/golf-cart-accident-lawyers/golf-cart-rollover/,practice_area,2,KEEP,,"Accident-type subtype of the pillar, not a place permutation — outside the doorway pattern the plan targets.",en,721,4185
https://rodenlaw.com/atv-side-by-side-accident-lawyers/atv-road-collision/,practice_area,2,KEEP,,"Accident-type subtype of the pillar, not a place permutation — outside the doorway pattern the plan targets.",en,765,4184
https://rodenlaw.com/atv-side-by-side-accident-lawyers/atv-rental-tour-accident/,practice_area,2,KEEP,,"Accident-type subtype of the pillar, not a place permutation — outside the doorway pattern the plan targets.",en,664,4183
https://rodenlaw.com/atv-side-by-side-accident-lawyers/child-atv-injury/,practice_area,2,KEEP,,"Accident-type subtype of the pillar, not a place permutation — outside the doorway pattern the plan targets.",en,732,4182
https://rodenlaw.com/atv-side-by-side-accident-lawyers/atv-product-defect/,practice_area,2,KEEP,,"Accident-type subtype of the pillar, not a place permutation — outside the doorway pattern the plan targets.",en,636,4181
https://rodenlaw.com/atv-side-by-side-accident-lawyers/side-by-side-utv-accident/,practice_area,2,KEEP,,"Accident-type subtype of the pillar, not a place permutation — outside the doorway pattern the plan targets.",en,601,4180
https://rodenlaw.com/atv-side-by-side-accident-lawyers/atv-rollover-accident/,practice_area,2,KEEP,,"Accident-type subtype of the pillar, not a place permutation — outside the doorway pattern the plan targets.",en,655,4179
https://rodenlaw.com/bicycle-accident-lawyers/bicycle-vs-truck-accident/,practice_area,2,KEEP,,"Accident-type subtype of the pillar, not a place permutation — outside the doorway pattern the plan targets.",en,595,4178
https://rodenlaw.com/bicycle-accident-lawyers/drunk-driver-bicycle-accident/,practice_area,2,KEEP,,"Accident-type subtype of the pillar, not a place permutation — outside the doorway pattern the plan targets.",en,565,4177
https://rodenlaw.com/bicycle-accident-lawyers/distracted-driver-bicycle-accident/,practice_area,2,KEEP,,"Accident-type subtype of the pillar, not a place permutation — outside the doorway pattern the plan targets.",en,536,4176
https://rodenlaw.com/bicycle-accident-lawyers/road-hazard-bicycle-crash/,practice_area,2,KEEP,,"Accident-type subtype of the pillar, not a place permutation — outside the doorway pattern the plan targets.",en,552,4175
https://rodenlaw.com/bicycle-accident-lawyers/hit-and-run-bicycle-accident/,practice_area,2,KEEP,,"Accident-type subtype of the pillar, not a place permutation — outside the doorway pattern the plan targets.",en,553,4174
https://rodenlaw.com/bicycle-accident-lawyers/intersection-bicycle-accident/,practice_area,2,KEEP,,"Accident-type subtype of the pillar, not a place permutation — outside the doorway pattern the plan targets.",en,550,4173
https://rodenlaw.com/bicycle-accident-lawyers/right-hook-left-cross-collision/,practice_area,2,KEEP,,"Accident-type subtype of the pillar, not a place permutation — outside the doorway pattern the plan targets.",en,609,4172
https://rodenlaw.com/bicycle-accident-lawyers/dooring-accident/,practice_area,2,KEEP,,"Accident-type subtype of the pillar, not a place permutation — outside the doorway pattern the plan targets.",en,566,4171
https://rodenlaw.com/nursing-home-abuse-lawyers/bedsore-pressure-ulcer/,practice_area,2,KEEP,,"Accident-type subtype of the pillar, not a place permutation — outside the doorway pattern the plan targets.",en,589,4170
https://rodenlaw.com/nursing-home-abuse-lawyers/wrongful-death-nursing-home/,practice_area,2,KEEP,,"Accident-type subtype of the pillar, not a place permutation — outside the doorway pattern the plan targets.",en,593,4169
https://rodenlaw.com/nursing-home-abuse-lawyers/assisted-living-abuse/,practice_area,2,KEEP,,"Accident-type subtype of the pillar, not a place permutation — outside the doorway pattern the plan targets.",en,514,4168
https://rodenlaw.com/nursing-home-abuse-lawyers/financial-exploitation-seniors/,practice_area,2,KEEP,,"Accident-type subtype of the pillar, not a place permutation — outside the doorway pattern the plan targets.",en,467,4167
https://rodenlaw.com/nursing-home-abuse-lawyers/sexual-abuse-elderly/,practice_area,2,KEEP,,"Accident-type subtype of the pillar, not a place permutation — outside the doorway pattern the plan targets.",en,543,4166
https://rodenlaw.com/nursing-home-abuse-lawyers/medication-error-nursing-home/,practice_area,2,KEEP,,"Accident-type subtype of the pillar, not a place permutation — outside the doorway pattern the plan targets.",en,524,4165
https://rodenlaw.com/nursing-home-abuse-lawyers/nursing-home-neglect/,practice_area,2,KEEP,,"Accident-type subtype of the pillar, not a place permutation — outside the doorway pattern the plan targets.",en,589,4164
https://rodenlaw.com/nursing-home-abuse-lawyers/physical-abuse-nursing-home/,practice_area,2,KEEP,,"Accident-type subtype of the pillar, not a place permutation — outside the doorway pattern the plan targets.",en,628,4163
https://rodenlaw.com/construction-accident-lawyers/highway-road-construction-accident/,practice_area,2,KEEP,,"Accident-type subtype of the pillar, not a place permutation — outside the doorway pattern the plan targets.",en,539,4162
https://rodenlaw.com/construction-accident-lawyers/roofing-accident/,practice_area,2,KEEP,,"Accident-type subtype of the pillar, not a place permutation — outside the doorway pattern the plan targets.",en,525,4161
https://rodenlaw.com/construction-accident-lawyers/defective-construction-equipment/,practice_area,2,KEEP,,"Accident-type subtype of the pillar, not a place permutation — outside the doorway pattern the plan targets.",en,549,4160
https://rodenlaw.com/construction-accident-lawyers/falling-object-injury/,practice_area,2,KEEP,,"Accident-type subtype of the pillar, not a place permutation — outside the doorway pattern the plan targets.",en,515,4159
https://rodenlaw.com/construction-accident-lawyers/trench-collapse/,practice_area,2,KEEP,,"Accident-type subtype of the pillar, not a place permutation — outside the doorway pattern the plan targets.",en,542,4158
https://rodenlaw.com/construction-accident-lawyers/electrocution-construction-site/,practice_area,2,KEEP,,"Accident-type subtype of the pillar, not a place permutation — outside the doorway pattern the plan targets.",en,519,4157
https://rodenlaw.com/construction-accident-lawyers/crane-heavy-equipment-accident/,practice_area,2,KEEP,,"Accident-type subtype of the pillar, not a place permutation — outside the doorway pattern the plan targets.",en,479,4156
https://rodenlaw.com/construction-accident-lawyers/scaffold-ladder-fall/,practice_area,2,KEEP,,"Accident-type subtype of the pillar, not a place permutation — outside the doorway pattern the plan targets.",en,533,4155
https://rodenlaw.com/burn-injury-lawyers/defective-product-burn/,practice_area,2,KEEP,,"Accident-type subtype of the pillar, not a place permutation — outside the doorway pattern the plan targets.",en,530,4154
https://rodenlaw.com/burn-injury-lawyers/vehicle-fire-burn/,practice_area,2,KEEP,,"Accident-type subtype of the pillar, not a place permutation — outside the doorway pattern the plan targets.",en,522,4153
https://rodenlaw.com/burn-injury-lawyers/scalding-hot-liquid-burn/,practice_area,2,KEEP,,"Accident-type subtype of the pillar, not a place permutation — outside the doorway pattern the plan targets.",en,530,4152
https://rodenlaw.com/burn-injury-lawyers/explosion-gas-line-burn/,practice_area,2,KEEP,,"Accident-type subtype of the pillar, not a place permutation — outside the doorway pattern the plan targets.",en,547,4151
https://rodenlaw.com/burn-injury-lawyers/electrical-burn-injury/,practice_area,2,KEEP,,"Accident-type subtype of the pillar, not a place permutation — outside the doorway pattern the plan targets.",en,530,4150
https://rodenlaw.com/burn-injury-lawyers/chemical-burn-injury/,practice_area,2,KEEP,,"Accident-type subtype of the pillar, not a place permutation — outside the doorway pattern the plan targets.",en,486,4149
https://rodenlaw.com/burn-injury-lawyers/house-apartment-fire-burn/,practice_area,2,KEEP,,"Accident-type subtype of the pillar, not a place permutation — outside the doorway pattern the plan targets.",en,523,4148
https://rodenlaw.com/burn-injury-lawyers/workplace-burn-injury/,practice_area,2,KEEP,,"Accident-type subtype of the pillar, not a place permutation — outside the doorway pattern the plan targets.",en,522,4147
https://rodenlaw.com/boating-accident-lawyers/dock-marina-injury/,practice_area,2,KEEP,,"Accident-type subtype of the pillar, not a place permutation — outside the doorway pattern the plan targets.",en,574,4146
https://rodenlaw.com/boating-accident-lawyers/commercial-vessel-accident/,practice_area,2,KEEP,,"Accident-type subtype of the pillar, not a place permutation — outside the doorway pattern the plan targets.",en,468,4145
https://rodenlaw.com/boating-accident-lawyers/boating-under-influence/,practice_area,2,KEEP,,"Accident-type subtype of the pillar, not a place permutation — outside the doorway pattern the plan targets.",en,513,4144
https://rodenlaw.com/boating-accident-lawyers/kayak-canoe-accident/,practice_area,2,KEEP,,"Accident-type subtype of the pillar, not a place permutation — outside the doorway pattern the plan targets.",en,496,4143
https://rodenlaw.com/boating-accident-lawyers/sailboat-accident/,practice_area,2,KEEP,,"Accident-type subtype of the pillar, not a place permutation — outside the doorway pattern the plan targets.",en,491,4142
https://rodenlaw.com/boating-accident-lawyers/pontoon-boat-accident/,practice_area,2,KEEP,,"Accident-type subtype of the pillar, not a place permutation — outside the doorway pattern the plan targets.",en,497,4141
https://rodenlaw.com/boating-accident-lawyers/speedboat-powerboat-collision/,practice_area,2,KEEP,,"Accident-type subtype of the pillar, not a place permutation — outside the doorway pattern the plan targets.",en,470,4140
https://rodenlaw.com/boating-accident-lawyers/jet-ski-personal-watercraft/,practice_area,2,KEEP,,"Accident-type subtype of the pillar, not a place permutation — outside the doorway pattern the plan targets.",en,563,4139
https://rodenlaw.com/product-liability-lawyers/defective-home-appliance/,practice_area,2,KEEP,,"Accident-type subtype of the pillar, not a place permutation — outside the doorway pattern the plan targets.",en,677,4138
https://rodenlaw.com/product-liability-lawyers/food-contamination/,practice_area,2,KEEP,,"Accident-type subtype of the pillar, not a place permutation — outside the doorway pattern the plan targets.",en,609,4137
https://rodenlaw.com/product-liability-lawyers/defective-childrens-product/,practice_area,2,KEEP,,"Accident-type subtype of the pillar, not a place permutation — outside the doorway pattern the plan targets.",en,629,4136
https://rodenlaw.com/product-liability-lawyers/defective-industrial-equipment/,practice_area,2,KEEP,,"Accident-type subtype of the pillar, not a place permutation — outside the doorway pattern the plan targets.",en,629,4135
https://rodenlaw.com/product-liability-lawyers/defective-consumer-product/,practice_area,2,KEEP,,"Accident-type subtype of the pillar, not a place permutation — outside the doorway pattern the plan targets.",en,608,4134
https://rodenlaw.com/product-liability-lawyers/dangerous-pharmaceutical-drug/,practice_area,2,KEEP,,"Accident-type subtype of the pillar, not a place permutation — outside the doorway pattern the plan targets.",en,621,4133
https://rodenlaw.com/product-liability-lawyers/defective-medical-device/,practice_area,2,KEEP,,"Accident-type subtype of the pillar, not a place permutation — outside the doorway pattern the plan targets.",en,667,4132
https://rodenlaw.com/product-liability-lawyers/defective-auto-parts/,practice_area,2,KEEP,,"Accident-type subtype of the pillar, not a place permutation — outside the doorway pattern the plan targets.",en,651,4131
https://rodenlaw.com/maritime-injury-lawyers/cruise-ship-injury/,practice_area,2,KEEP,,"Accident-type subtype of the pillar, not a place permutation — outside the doorway pattern the plan targets.",en,654,4130
https://rodenlaw.com/maritime-injury-lawyers/tugboat-barge-accident/,practice_area,2,KEEP,,"Accident-type subtype of the pillar, not a place permutation — outside the doorway pattern the plan targets.",en,600,4129
https://rodenlaw.com/maritime-injury-lawyers/commercial-fishing-injury/,practice_area,2,KEEP,,"Accident-type subtype of the pillar, not a place permutation — outside the doorway pattern the plan targets.",en,618,4128
https://rodenlaw.com/maritime-injury-lawyers/offshore-platform-injury/,practice_area,2,KEEP,,"Accident-type subtype of the pillar, not a place permutation — outside the doorway pattern the plan targets.",en,569,4127
https://rodenlaw.com/maritime-injury-lawyers/maintenance-and-cure/,practice_area,2,KEEP,,"Accident-type subtype of the pillar, not a place permutation — outside the doorway pattern the plan targets.",en,673,4126
https://rodenlaw.com/maritime-injury-lawyers/unseaworthiness-claim/,practice_area,2,KEEP,,"Accident-type subtype of the pillar, not a place permutation — outside the doorway pattern the plan targets.",en,615,4125
https://rodenlaw.com/maritime-injury-lawyers/longshore-harbor-worker/,practice_area,2,KEEP,,"Accident-type subtype of the pillar, not a place permutation — outside the doorway pattern the plan targets.",en,678,4124
https://rodenlaw.com/maritime-injury-lawyers/jones-act-seaman-claim/,practice_area,2,KEEP,,"Accident-type subtype of the pillar, not a place permutation — outside the doorway pattern the plan targets.",en,653,4123
https://rodenlaw.com/dog-bite-lawyers/landlord-liability-dog-attack/,practice_area,2,KEEP,,"Accident-type subtype of the pillar, not a place permutation — outside the doorway pattern the plan targets.",en,727,4122
https://rodenlaw.com/dog-bite-lawyers/postal-delivery-worker-bite/,practice_area,2,KEEP,,"Accident-type subtype of the pillar, not a place permutation — outside the doorway pattern the plan targets.",en,698,4121
https://rodenlaw.com/dog-bite-lawyers/dog-on-dog-attack/,practice_area,2,KEEP,,"Accident-type subtype of the pillar, not a place permutation — outside the doorway pattern the plan targets.",en,633,4120
https://rodenlaw.com/dog-bite-lawyers/dangerous-breed-attack/,practice_area,2,KEEP,,"Accident-type subtype of the pillar, not a place permutation — outside the doorway pattern the plan targets.",en,659,4119
https://rodenlaw.com/dog-bite-lawyers/loose-unleashed-dog-attack/,practice_area,2,KEEP,,"Accident-type subtype of the pillar, not a place permutation — outside the doorway pattern the plan targets.",en,727,4118
https://rodenlaw.com/dog-bite-lawyers/dog-attack-jogger-cyclist/,practice_area,2,KEEP,,"Accident-type subtype of the pillar, not a place permutation — outside the doorway pattern the plan targets.",en,688,4117
https://rodenlaw.com/dog-bite-lawyers/child-dog-bite/,practice_area,2,KEEP,,"Accident-type subtype of the pillar, not a place permutation — outside the doorway pattern the plan targets.",en,656,4116
https://rodenlaw.com/dog-bite-lawyers/severe-dog-bite-injury/,practice_area,2,KEEP,,"Accident-type subtype of the pillar, not a place permutation — outside the doorway pattern the plan targets.",en,631,4115
https://rodenlaw.com/workers-compensation-lawyers/fatal-workplace-accident/,practice_area,2,KEEP,,"Accident-type subtype of the pillar, not a place permutation — outside the doorway pattern the plan targets.",en,737,4114
https://rodenlaw.com/workers-compensation-lawyers/third-party-workplace-injury/,practice_area,2,KEEP,,"Accident-type subtype of the pillar, not a place permutation — outside the doorway pattern the plan targets.",en,631,4113
https://rodenlaw.com/workers-compensation-lawyers/denied-workers-comp-claim/,practice_area,2,KEEP,,"Accident-type subtype of the pillar, not a place permutation — outside the doorway pattern the plan targets.",en,612,4112
https://rodenlaw.com/workers-compensation-lawyers/occupational-disease/,practice_area,2,KEEP,,"Accident-type subtype of the pillar, not a place permutation — outside the doorway pattern the plan targets.",en,648,4111
https://rodenlaw.com/workers-compensation-lawyers/repetitive-stress-injury/,practice_area,2,KEEP,,"Accident-type subtype of the pillar, not a place permutation — outside the doorway pattern the plan targets.",en,625,4110
https://rodenlaw.com/workers-compensation-lawyers/warehouse-distribution-injury/,practice_area,2,KEEP,,"Accident-type subtype of the pillar, not a place permutation — outside the doorway pattern the plan targets.",en,882,4109
https://rodenlaw.com/workers-compensation-lawyers/factory-manufacturing-injury/,practice_area,2,KEEP,,"Accident-type subtype of the pillar, not a place permutation — outside the doorway pattern the plan targets.",en,554,4108
https://rodenlaw.com/workers-compensation-lawyers/construction-worker-injury/,practice_area,2,KEEP,,"Accident-type subtype of the pillar, not a place permutation — outside the doorway pattern the plan targets.",en,593,4107
https://rodenlaw.com/wrongful-death-lawyers/pedestrian-cyclist-fatality/,practice_area,2,KEEP,,"Accident-type subtype of the pillar, not a place permutation — outside the doorway pattern the plan targets.",en,623,4106
https://rodenlaw.com/wrongful-death-lawyers/drowning-swimming-pool-death/,practice_area,2,KEEP,,"Accident-type subtype of the pillar, not a place permutation — outside the doorway pattern the plan targets.",en,515,4105
https://rodenlaw.com/wrongful-death-lawyers/nursing-home-wrongful-death/,practice_area,2,KEEP,,"Accident-type subtype of the pillar, not a place permutation — outside the doorway pattern the plan targets.",en,507,4104
https://rodenlaw.com/wrongful-death-lawyers/defective-product-death/,practice_area,2,KEEP,,"Accident-type subtype of the pillar, not a place permutation — outside the doorway pattern the plan targets.",en,558,4103
https://rodenlaw.com/wrongful-death-lawyers/workplace-fatality/,practice_area,2,KEEP,,"Accident-type subtype of the pillar, not a place permutation — outside the doorway pattern the plan targets.",en,552,4102
https://rodenlaw.com/wrongful-death-lawyers/medical-malpractice-death/,practice_area,2,KEEP,,"Accident-type subtype of the pillar, not a place permutation — outside the doorway pattern the plan targets.",en,547,4101
https://rodenlaw.com/wrongful-death-lawyers/fatal-truck-accident/,practice_area,2,KEEP,,"Accident-type subtype of the pillar, not a place permutation — outside the doorway pattern the plan targets.",en,539,4100
https://rodenlaw.com/wrongful-death-lawyers/fatal-car-accident/,practice_area,2,KEEP,,"Accident-type subtype of the pillar, not a place permutation — outside the doorway pattern the plan targets.",en,554,4099
https://rodenlaw.com/slip-and-fall-lawyers/workplace-slip-and-fall/,practice_area,2,KEEP,,"Accident-type subtype of the pillar, not a place permutation — outside the doorway pattern the plan targets.",en,584,4098
https://rodenlaw.com/slip-and-fall-lawyers/retail-store-trip-and-fall/,practice_area,2,KEEP,,"Accident-type subtype of the pillar, not a place permutation — outside the doorway pattern the plan targets.",en,513,4097
https://rodenlaw.com/slip-and-fall-lawyers/hotel-resort-injury/,practice_area,2,KEEP,,"Accident-type subtype of the pillar, not a place permutation — outside the doorway pattern the plan targets.",en,561,4096
https://rodenlaw.com/slip-and-fall-lawyers/stairway-escalator-fall/,practice_area,2,KEEP,,"Accident-type subtype of the pillar, not a place permutation — outside the doorway pattern the plan targets.",en,502,4095
https://rodenlaw.com/slip-and-fall-lawyers/parking-lot-fall/,practice_area,2,KEEP,,"Accident-type subtype of the pillar, not a place permutation — outside the doorway pattern the plan targets.",en,610,4094
https://rodenlaw.com/slip-and-fall-lawyers/wet-floor-accident/,practice_area,2,KEEP,,"Accident-type subtype of the pillar, not a place permutation — outside the doorway pattern the plan targets.",en,662,4093
https://rodenlaw.com/slip-and-fall-lawyers/restaurant-slip-and-fall/,practice_area,2,KEEP,,"Accident-type subtype of the pillar, not a place permutation — outside the doorway pattern the plan targets.",en,560,4092
https://rodenlaw.com/slip-and-fall-lawyers/grocery-store-slip-and-fall/,practice_area,2,KEEP,,"Accident-type subtype of the pillar, not a place permutation — outside the doorway pattern the plan targets.",en,597,4091
https://rodenlaw.com/practice-areas/golf-cart-accident-lawyers/,practice_area,2,KEEP,,Guardrail keep-list: statewide/primary practice page.,en,730,4090
https://rodenlaw.com/practice-areas/atv-side-by-side-accident-lawyers/,practice_area,2,KEEP,,Guardrail keep-list: statewide/primary practice page.,en,672,4089
https://rodenlaw.com/practice-areas/electric-scooter-accident-lawyers/,practice_area,2,KEEP,,Guardrail keep-list: statewide/primary practice page.,en,597,4088
https://rodenlaw.com/practice-areas/bicycle-accident-lawyers/,practice_area,2,KEEP,,Guardrail keep-list: statewide/primary practice page.,en,652,4087
https://rodenlaw.com/pedestrian-accident-lawyers/jogger-runner-accident/,practice_area,2,KEEP,,"Accident-type subtype of the pillar, not a place permutation — outside the doorway pattern the plan targets.",en,599,4086
https://rodenlaw.com/pedestrian-accident-lawyers/school-zone-pedestrian-accident/,practice_area,2,KEEP,,"Accident-type subtype of the pillar, not a place permutation — outside the doorway pattern the plan targets.",en,510,4085
https://rodenlaw.com/pedestrian-accident-lawyers/backing-up-parking-lot-accident/,practice_area,2,KEEP,,"Accident-type subtype of the pillar, not a place permutation — outside the doorway pattern the plan targets.",en,498,4084
https://rodenlaw.com/pedestrian-accident-lawyers/drunk-driver-pedestrian-accident/,practice_area,2,KEEP,,"Accident-type subtype of the pillar, not a place permutation — outside the doorway pattern the plan targets.",en,513,4083
https://rodenlaw.com/pedestrian-accident-lawyers/distracted-driver-pedestrian-accident/,practice_area,2,KEEP,,"Accident-type subtype of the pillar, not a place permutation — outside the doorway pattern the plan targets.",en,537,4082
https://rodenlaw.com/pedestrian-accident-lawyers/hit-and-run-pedestrian-accident/,practice_area,2,KEEP,,"Accident-type subtype of the pillar, not a place permutation — outside the doorway pattern the plan targets.",en,449,4081
https://rodenlaw.com/pedestrian-accident-lawyers/intersection-pedestrian-accident/,practice_area,2,KEEP,,"Accident-type subtype of the pillar, not a place permutation — outside the doorway pattern the plan targets.",en,506,4080
https://rodenlaw.com/pedestrian-accident-lawyers/crosswalk-accident/,practice_area,2,KEEP,,"Accident-type subtype of the pillar, not a place permutation — outside the doorway pattern the plan targets.",en,566,4079
https://rodenlaw.com/motorcycle-accident-lawyers/single-vehicle-motorcycle-crash/,practice_area,2,KEEP,,"Accident-type subtype of the pillar, not a place permutation — outside the doorway pattern the plan targets.",en,506,4078
https://rodenlaw.com/motorcycle-accident-lawyers/intersection-motorcycle-accident/,practice_area,2,KEEP,,"Accident-type subtype of the pillar, not a place permutation — outside the doorway pattern the plan targets.",en,502,4077
https://rodenlaw.com/motorcycle-accident-lawyers/drunk-driver-motorcycle-accident/,practice_area,2,KEEP,,"Accident-type subtype of the pillar, not a place permutation — outside the doorway pattern the plan targets.",en,481,4076
https://rodenlaw.com/motorcycle-accident-lawyers/hit-and-run-motorcycle-accident/,practice_area,2,KEEP,,"Accident-type subtype of the pillar, not a place permutation — outside the doorway pattern the plan targets.",en,434,4075
https://rodenlaw.com/motorcycle-accident-lawyers/rear-end-motorcycle-accident/,practice_area,2,KEEP,,"Accident-type subtype of the pillar, not a place permutation — outside the doorway pattern the plan targets.",en,466,4074
https://rodenlaw.com/motorcycle-accident-lawyers/lane-splitting-accident/,practice_area,2,KEEP,,"Accident-type subtype of the pillar, not a place permutation — outside the doorway pattern the plan targets.",en,531,4073
https://rodenlaw.com/motorcycle-accident-lawyers/left-turn-accident/,practice_area,2,KEEP,,"Accident-type subtype of the pillar, not a place permutation — outside the doorway pattern the plan targets.",en,470,4072
https://rodenlaw.com/motorcycle-accident-lawyers/head-on-motorcycle-collision/,practice_area,2,KEEP,,"Accident-type subtype of the pillar, not a place permutation — outside the doorway pattern the plan targets.",en,500,4071
https://rodenlaw.com/truck-accident-lawyers/jackknife-accident/,practice_area,2,KEEP,,"Accident-type subtype of the pillar, not a place permutation — outside the doorway pattern the plan targets.",en,554,4070
https://rodenlaw.com/truck-accident-lawyers/hazardous-materials-accident/,practice_area,2,KEEP,,"Accident-type subtype of the pillar, not a place permutation — outside the doorway pattern the plan targets.",en,500,4069
https://rodenlaw.com/truck-accident-lawyers/commercial-van-delivery-truck-accident/,practice_area,2,KEEP,,"Accident-type subtype of the pillar, not a place permutation — outside the doorway pattern the plan targets.",en,480,4068
https://rodenlaw.com/truck-accident-lawyers/underride-override-accident/,practice_area,2,KEEP,,"Accident-type subtype of the pillar, not a place permutation — outside the doorway pattern the plan targets.",en,561,4067
https://rodenlaw.com/truck-accident-lawyers/brake-failure-accident/,practice_area,2,KEEP,,"Accident-type subtype of the pillar, not a place permutation — outside the doorway pattern the plan targets.",en,456,4066
https://rodenlaw.com/truck-accident-lawyers/overloaded-improperly-loaded-cargo/,practice_area,2,KEEP,,"Accident-type subtype of the pillar, not a place permutation — outside the doorway pattern the plan targets.",en,540,4065
https://rodenlaw.com/truck-accident-lawyers/fatigued-trucker-accident/,practice_area,2,KEEP,,"Accident-type subtype of the pillar, not a place permutation — outside the doorway pattern the plan targets.",en,530,4064
https://rodenlaw.com/truck-accident-lawyers/18-wheeler-semi-truck-accident/,practice_area,2,KEEP,,"Accident-type subtype of the pillar, not a place permutation — outside the doorway pattern the plan targets.",en,664,4063
https://rodenlaw.com/car-accident-lawyers/t-bone-accident/,practice_area,2,KEEP,,"Accident-type subtype of the pillar, not a place permutation — outside the doorway pattern the plan targets.",en,691,4062
https://rodenlaw.com/car-accident-lawyers/bus-accident/,practice_area,2,KEEP,,"Accident-type subtype of the pillar, not a place permutation — outside the doorway pattern the plan targets.",en,648,4061
https://rodenlaw.com/car-accident-lawyers/construction-vehicle-accident/,practice_area,2,KEEP,,"Accident-type subtype of the pillar, not a place permutation — outside the doorway pattern the plan targets.",en,558,4060
https://rodenlaw.com/car-accident-lawyers/government-vehicle-accident/,practice_area,2,KEEP,,"Accident-type subtype of the pillar, not a place permutation — outside the doorway pattern the plan targets.",en,599,4059
https://rodenlaw.com/car-accident-lawyers/service-vehicle-accident/,practice_area,2,KEEP,,"Accident-type subtype of the pillar, not a place permutation — outside the doorway pattern the plan targets.",en,620,4058
https://rodenlaw.com/car-accident-lawyers/company-car-accident/,practice_area,2,KEEP,,"Accident-type subtype of the pillar, not a place permutation — outside the doorway pattern the plan targets.",en,615,4057
https://rodenlaw.com/car-accident-lawyers/delivery-vehicle-accident/,practice_area,2,KEEP,,"Accident-type subtype of the pillar, not a place permutation — outside the doorway pattern the plan targets.",en,583,4056
https://rodenlaw.com/car-accident-lawyers/multi-vehicle-pileup/,practice_area,2,KEEP,,"Accident-type subtype of the pillar, not a place permutation — outside the doorway pattern the plan targets.",en,584,4055
https://rodenlaw.com/car-accident-lawyers/commercial-vehicle-accident/,practice_area,2,KEEP,,"Accident-type subtype of the pillar, not a place permutation — outside the doorway pattern the plan targets.",en,533,4054
https://rodenlaw.com/car-accident-lawyers/distracted-driving-accident/,practice_area,2,KEEP,,"Accident-type subtype of the pillar, not a place permutation — outside the doorway pattern the plan targets.",en,483,4052
https://rodenlaw.com/car-accident-lawyers/hit-and-run-accident/,practice_area,2,KEEP,,"Accident-type subtype of the pillar, not a place permutation — outside the doorway pattern the plan targets.",en,497,4051
https://rodenlaw.com/car-accident-lawyers/rear-end-collision/,practice_area,2,KEEP,,"Accident-type subtype of the pillar, not a place permutation — outside the doorway pattern the plan targets.",en,470,4050
https://rodenlaw.com/car-accident-lawyers/rideshare-uber-accident/,practice_area,2,KEEP,,"Accident-type subtype of the pillar, not a place permutation — outside the doorway pattern the plan targets.",en,451,4049
https://rodenlaw.com/car-accident-lawyers/drunk-driver-accident/,practice_area,2,KEEP,,"Accident-type subtype of the pillar, not a place permutation — outside the doorway pattern the plan targets.",en,555,4048
https://rodenlaw.com/pedestrian-accident-lawyers/myrtle-beach-sc/,practice_area,2,KEEP,,Rule 6: city x practice in an office market — the defensible tier.,en,430,3711
https://rodenlaw.com/pedestrian-accident-lawyers/columbia-sc/,practice_area,2,KEEP,,Rule 6: city x practice in an office market — the defensible tier.,en,446,3710
https://rodenlaw.com/pedestrian-accident-lawyers/charleston-sc/,practice_area,2,KEEP,,Rule 6: city x practice in an office market — the defensible tier.,en,490,3709
https://rodenlaw.com/pedestrian-accident-lawyers/darien-ga/,practice_area,2,KEEP,,Rule 6: city x practice in an office market — the defensible tier.,en,224,3708
https://rodenlaw.com/pedestrian-accident-lawyers/savannah-ga/,practice_area,2,KEEP,,Rule 6: city x practice in an office market — the defensible tier.,en,220,3707
https://rodenlaw.com/premises-liability-lawyers/myrtle-beach-sc/,practice_area,2,KEEP,,Rule 6: city x practice in an office market — the defensible tier.,en,523,3706
https://rodenlaw.com/premises-liability-lawyers/columbia-sc/,practice_area,2,KEEP,,Rule 6: city x practice in an office market — the defensible tier.,en,509,3705
https://rodenlaw.com/premises-liability-lawyers/charleston-sc/,practice_area,2,KEEP,,Rule 6: city x practice in an office market — the defensible tier.,en,494,3704
https://rodenlaw.com/premises-liability-lawyers/darien-ga/,practice_area,2,KEEP,,Rule 6: city x practice in an office market — the defensible tier.,en,224,3703
https://rodenlaw.com/premises-liability-lawyers/savannah-ga/,practice_area,2,KEEP,,Rule 6: city x practice in an office market — the defensible tier.,en,220,3702
https://rodenlaw.com/nursing-home-abuse-lawyers/myrtle-beach-sc/,practice_area,2,KEEP,,Rule 6: city x practice in an office market — the defensible tier.,en,474,3701
https://rodenlaw.com/nursing-home-abuse-lawyers/columbia-sc/,practice_area,2,KEEP,,Rule 6: city x practice in an office market — the defensible tier.,en,457,3700
https://rodenlaw.com/nursing-home-abuse-lawyers/charleston-sc/,practice_area,2,KEEP,,Rule 6: city x practice in an office market — the defensible tier.,en,450,3699
https://rodenlaw.com/nursing-home-abuse-lawyers/darien-ga/,practice_area,2,KEEP,,Rule 6: city x practice in an office market — the defensible tier.,en,227,3698
https://rodenlaw.com/nursing-home-abuse-lawyers/savannah-ga/,practice_area,2,KEEP,,Rule 6: city x practice in an office market — the defensible tier.,en,223,3697
https://rodenlaw.com/construction-accident-lawyers/myrtle-beach-sc/,practice_area,2,KEEP,,Rule 6: city x practice in an office market — the defensible tier.,en,471,3696
https://rodenlaw.com/construction-accident-lawyers/columbia-sc/,practice_area,2,KEEP,,Rule 6: city x practice in an office market — the defensible tier.,en,481,3695
https://rodenlaw.com/construction-accident-lawyers/charleston-sc/,practice_area,2,KEEP,,Rule 6: city x practice in an office market — the defensible tier.,en,471,3694
https://rodenlaw.com/construction-accident-lawyers/darien-ga/,practice_area,2,KEEP,,Rule 6: city x practice in an office market — the defensible tier.,en,224,3693
https://rodenlaw.com/construction-accident-lawyers/savannah-ga/,practice_area,2,KEEP,,Rule 6: city x practice in an office market — the defensible tier.,en,220,3692
https://rodenlaw.com/burn-injury-lawyers/myrtle-beach-sc/,practice_area,2,KEEP,,Rule 6: city x practice in an office market — the defensible tier.,en,490,3691
https://rodenlaw.com/burn-injury-lawyers/columbia-sc/,practice_area,2,KEEP,,Rule 6: city x practice in an office market — the defensible tier.,en,480,3690
https://rodenlaw.com/burn-injury-lawyers/charleston-sc/,practice_area,2,KEEP,,Rule 6: city x practice in an office market — the defensible tier.,en,490,3689
https://rodenlaw.com/burn-injury-lawyers/darien-ga/,practice_area,2,KEEP,,Rule 6: city x practice in an office market — the defensible tier.,en,224,3688
https://rodenlaw.com/burn-injury-lawyers/savannah-ga/,practice_area,2,KEEP,,Rule 6: city x practice in an office market — the defensible tier.,en,220,3687
https://rodenlaw.com/boating-accident-lawyers/myrtle-beach-sc/,practice_area,2,KEEP,,Rule 6: city x practice in an office market — the defensible tier.,en,450,3686
https://rodenlaw.com/boating-accident-lawyers/columbia-sc/,practice_area,2,KEEP,,Rule 6: city x practice in an office market — the defensible tier.,en,443,3685
https://rodenlaw.com/boating-accident-lawyers/charleston-sc/,practice_area,2,KEEP,,Rule 6: city x practice in an office market — the defensible tier.,en,434,3684
https://rodenlaw.com/boating-accident-lawyers/darien-ga/,practice_area,2,KEEP,,Rule 6: city x practice in an office market — the defensible tier.,en,224,3683
https://rodenlaw.com/boating-accident-lawyers/savannah-ga/,practice_area,2,KEEP,,Rule 6: city x practice in an office market — the defensible tier.,en,220,3682
https://rodenlaw.com/product-liability-lawyers/myrtle-beach-sc/,practice_area,2,KEEP,,Rule 6: city x practice in an office market — the defensible tier.,en,454,3681
https://rodenlaw.com/product-liability-lawyers/columbia-sc/,practice_area,2,KEEP,,Rule 6: city x practice in an office market — the defensible tier.,en,462,3680
https://rodenlaw.com/product-liability-lawyers/charleston-sc/,practice_area,2,KEEP,,Rule 6: city x practice in an office market — the defensible tier.,en,447,3679
https://rodenlaw.com/product-liability-lawyers/darien-ga/,practice_area,2,KEEP,,Rule 6: city x practice in an office market — the defensible tier.,en,224,3678
https://rodenlaw.com/product-liability-lawyers/savannah-ga/,practice_area,2,KEEP,,Rule 6: city x practice in an office market — the defensible tier.,en,220,3677
https://rodenlaw.com/maritime-injury-lawyers/myrtle-beach-sc/,practice_area,2,KEEP,,Rule 6: city x practice in an office market — the defensible tier.,en,482,3676
https://rodenlaw.com/maritime-injury-lawyers/columbia-sc/,practice_area,2,KEEP,,Rule 6: city x practice in an office market — the defensible tier.,en,479,3675
https://rodenlaw.com/maritime-injury-lawyers/charleston-sc/,practice_area,2,KEEP,,Rule 6: city x practice in an office market — the defensible tier.,en,474,3674
https://rodenlaw.com/maritime-injury-lawyers/darien-ga/,practice_area,2,KEEP,,Rule 6: city x practice in an office market — the defensible tier.,en,224,3673
https://rodenlaw.com/maritime-injury-lawyers/savannah-ga/,practice_area,2,KEEP,,Rule 6: city x practice in an office market — the defensible tier.,en,220,3672
https://rodenlaw.com/spinal-cord-injury-lawyers/myrtle-beach-sc/,practice_area,2,KEEP,,Rule 6: city x practice in an office market — the defensible tier.,en,468,3671
https://rodenlaw.com/spinal-cord-injury-lawyers/columbia-sc/,practice_area,2,KEEP,,Rule 6: city x practice in an office market — the defensible tier.,en,479,3670
https://rodenlaw.com/spinal-cord-injury-lawyers/charleston-sc/,practice_area,2,KEEP,,Rule 6: city x practice in an office market — the defensible tier.,en,488,3669
https://rodenlaw.com/spinal-cord-injury-lawyers/darien-ga/,practice_area,2,KEEP,,Rule 6: city x practice in an office market — the defensible tier.,en,227,3668
https://rodenlaw.com/spinal-cord-injury-lawyers/savannah-ga/,practice_area,2,KEEP,,Rule 6: city x practice in an office market — the defensible tier.,en,223,3667
https://rodenlaw.com/brain-injury-lawyers/myrtle-beach-sc/,practice_area,2,KEEP,,Rule 6: city x practice in an office market — the defensible tier.,en,524,3666
https://rodenlaw.com/brain-injury-lawyers/columbia-sc/,practice_area,2,KEEP,,Rule 6: city x practice in an office market — the defensible tier.,en,517,3665
https://rodenlaw.com/brain-injury-lawyers/charleston-sc/,practice_area,2,KEEP,,Rule 6: city x practice in an office market — the defensible tier.,en,499,3664
https://rodenlaw.com/brain-injury-lawyers/darien-ga/,practice_area,2,KEEP,,Rule 6: city x practice in an office market — the defensible tier.,en,224,3663
https://rodenlaw.com/brain-injury-lawyers/savannah-ga/,practice_area,2,KEEP,,Rule 6: city x practice in an office market — the defensible tier.,en,220,3662
https://rodenlaw.com/dog-bite-lawyers/myrtle-beach-sc/,practice_area,2,KEEP,,Rule 6: city x practice in an office market — the defensible tier.,en,448,3661
https://rodenlaw.com/dog-bite-lawyers/columbia-sc/,practice_area,2,KEEP,,Rule 6: city x practice in an office market — the defensible tier.,en,429,3660
https://rodenlaw.com/dog-bite-lawyers/charleston-sc/,practice_area,2,KEEP,,Rule 6: city x practice in an office market — the defensible tier.,en,429,3659
https://rodenlaw.com/dog-bite-lawyers/darien-ga/,practice_area,2,KEEP,,Rule 6: city x practice in an office market — the defensible tier.,en,224,3658
https://rodenlaw.com/dog-bite-lawyers/savannah-ga/,practice_area,2,KEEP,,Rule 6: city x practice in an office market — the defensible tier.,en,220,3657
https://rodenlaw.com/workers-compensation-lawyers/myrtle-beach-sc/,practice_area,2,KEEP,,Rule 6: city x practice in an office market — the defensible tier.,en,563,3656
https://rodenlaw.com/workers-compensation-lawyers/columbia-sc/,practice_area,2,KEEP,,Rule 6: city x practice in an office market — the defensible tier.,en,589,3655
https://rodenlaw.com/workers-compensation-lawyers/charleston-sc/,practice_area,2,KEEP,,Rule 6: city x practice in an office market — the defensible tier.,en,561,3654
https://rodenlaw.com/workers-compensation-lawyers/darien-ga/,practice_area,2,KEEP,,Rule 6: city x practice in an office market — the defensible tier.,en,768,3653
https://rodenlaw.com/workers-compensation-lawyers/savannah-ga/,practice_area,2,KEEP,,Rule 6: city x practice in an office market — the defensible tier.,en,795,3652
https://rodenlaw.com/wrongful-death-lawyers/myrtle-beach-sc/,practice_area,2,KEEP,,Rule 6: city x practice in an office market — the defensible tier.,en,551,3651
https://rodenlaw.com/wrongful-death-lawyers/columbia-sc/,practice_area,2,KEEP,,Rule 6: city x practice in an office market — the defensible tier.,en,541,3650
https://rodenlaw.com/wrongful-death-lawyers/charleston-sc/,practice_area,2,KEEP,,Rule 6: city x practice in an office market — the defensible tier.,en,531,3649
https://rodenlaw.com/wrongful-death-lawyers/darien-ga/,practice_area,2,KEEP,,Rule 6: city x practice in an office market — the defensible tier.,en,224,3648
https://rodenlaw.com/wrongful-death-lawyers/savannah-ga/,practice_area,2,KEEP,,Rule 6: city x practice in an office market — the defensible tier.,en,220,3647
https://rodenlaw.com/medical-malpractice-lawyers/myrtle-beach-sc/,practice_area,2,KEEP,,Rule 6: city x practice in an office market — the defensible tier.,en,573,3646
https://rodenlaw.com/medical-malpractice-lawyers/columbia-sc/,practice_area,2,KEEP,,Rule 6: city x practice in an office market — the defensible tier.,en,565,3645
https://rodenlaw.com/medical-malpractice-lawyers/charleston-sc/,practice_area,2,KEEP,,Rule 6: city x practice in an office market — the defensible tier.,en,563,3644
https://rodenlaw.com/medical-malpractice-lawyers/darien-ga/,practice_area,2,KEEP,,Rule 6: city x practice in an office market — the defensible tier.,en,224,3643
https://rodenlaw.com/medical-malpractice-lawyers/savannah-ga/,practice_area,2,KEEP,,Rule 6: city x practice in an office market — the defensible tier.,en,220,3642
https://rodenlaw.com/motorcycle-accident-lawyers/myrtle-beach-sc/,practice_area,2,KEEP,,Rule 6: city x practice in an office market — the defensible tier.,en,600,3641
https://rodenlaw.com/motorcycle-accident-lawyers/columbia-sc/,practice_area,2,KEEP,,Rule 6: city x practice in an office market — the defensible tier.,en,554,3640
https://rodenlaw.com/motorcycle-accident-lawyers/charleston-sc/,practice_area,2,KEEP,,Rule 6: city x practice in an office market — the defensible tier.,en,552,3639
https://rodenlaw.com/motorcycle-accident-lawyers/darien-ga/,practice_area,2,KEEP,,Rule 6: city x practice in an office market — the defensible tier.,en,224,3638
https://rodenlaw.com/motorcycle-accident-lawyers/savannah-ga/,practice_area,2,KEEP,,Rule 6: city x practice in an office market — the defensible tier.,en,220,3637
https://rodenlaw.com/slip-and-fall-lawyers/myrtle-beach-sc/,practice_area,2,KEEP,,Rule 6: city x practice in an office market — the defensible tier.,en,580,3636
https://rodenlaw.com/slip-and-fall-lawyers/columbia-sc/,practice_area,2,KEEP,,Rule 6: city x practice in an office market — the defensible tier.,en,542,3635
https://rodenlaw.com/slip-and-fall-lawyers/charleston-sc/,practice_area,2,KEEP,,Rule 6: city x practice in an office market — the defensible tier.,en,556,3634
https://rodenlaw.com/slip-and-fall-lawyers/darien-ga/,practice_area,2,KEEP,,Rule 6: city x practice in an office market — the defensible tier.,en,224,3633
https://rodenlaw.com/slip-and-fall-lawyers/savannah-ga/,practice_area,2,KEEP,,Rule 6: city x practice in an office market — the defensible tier.,en,220,3632
https://rodenlaw.com/truck-accident-lawyers/myrtle-beach-sc/,practice_area,2,KEEP,,Rule 6: city x practice in an office market — the defensible tier.,en,579,3631
https://rodenlaw.com/truck-accident-lawyers/columbia-sc/,practice_area,2,KEEP,,Rule 6: city x practice in an office market — the defensible tier.,en,578,3630
https://rodenlaw.com/truck-accident-lawyers/charleston-sc/,practice_area,2,KEEP,,Rule 6: city x practice in an office market — the defensible tier.,en,602,3629
https://rodenlaw.com/truck-accident-lawyers/darien-ga/,practice_area,2,KEEP,,Rule 6: city x practice in an office market — the defensible tier.,en,224,3628
https://rodenlaw.com/truck-accident-lawyers/savannah-ga/,practice_area,2,KEEP,,Rule 6: city x practice in an office market — the defensible tier.,en,2478,3627
https://rodenlaw.com/car-accident-lawyers/myrtle-beach-sc/,practice_area,2,KEEP,,Rule 6: city x practice in an office market — the defensible tier.,en,699,3626
https://rodenlaw.com/car-accident-lawyers/columbia-sc/,practice_area,2,KEEP,,Rule 6: city x practice in an office market — the defensible tier.,en,673,3625
https://rodenlaw.com/car-accident-lawyers/charleston-sc/,practice_area,2,KEEP,,Rule 6: city x practice in an office market — the defensible tier.,en,672,3624
https://rodenlaw.com/car-accident-lawyers/darien-ga/,practice_area,2,KEEP,,Rule 6: city x practice in an office market — the defensible tier.,en,224,3623
https://rodenlaw.com/car-accident-lawyers/savannah-ga/,practice_area,2,KEEP,,Rule 6: city x practice in an office market — the defensible tier.,en,2236,3622
https://rodenlaw.com/practice-areas/pedestrian-accident-lawyers/,practice_area,2,KEEP,,Guardrail keep-list: statewide/primary practice page.,en,234,3621
https://rodenlaw.com/practice-areas/premises-liability-lawyers/,practice_area,2,KEEP,,Guardrail keep-list: statewide/primary practice page.,en,266,3620
https://rodenlaw.com/practice-areas/nursing-home-abuse-lawyers/,practice_area,2,KEEP,,Guardrail keep-list: statewide/primary practice page.,en,265,3619
https://rodenlaw.com/practice-areas/construction-accident-lawyers/,practice_area,2,KEEP,,Guardrail keep-list: statewide/primary practice page.,en,243,3618
https://rodenlaw.com/practice-areas/burn-injury-lawyers/,practice_area,2,KEEP,,Guardrail keep-list: statewide/primary practice page.,en,250,3617
https://rodenlaw.com/practice-areas/boating-accident-lawyers/,practice_area,2,KEEP,,Guardrail keep-list: statewide/primary practice page.,en,238,3616
https://rodenlaw.com/practice-areas/product-liability-lawyers/,practice_area,2,KEEP,,Guardrail keep-list: statewide/primary practice page.,en,235,3615
https://rodenlaw.com/practice-areas/maritime-injury-lawyers/,practice_area,2,KEEP,,Guardrail keep-list: statewide/primary practice page.,en,263,3614
https://rodenlaw.com/practice-areas/spinal-cord-injury-lawyers/,practice_area,2,KEEP,,Guardrail keep-list: statewide/primary practice page.,en,240,3613
https://rodenlaw.com/practice-areas/brain-injury-lawyers/,practice_area,2,KEEP,,Guardrail keep-list: statewide/primary practice page.,en,244,3612
https://rodenlaw.com/practice-areas/dog-bite-lawyers/,practice_area,2,KEEP,,Guardrail keep-list: statewide/primary practice page.,en,259,3611
https://rodenlaw.com/practice-areas/workers-compensation-lawyers/,practice_area,2,KEEP,,Guardrail keep-list: statewide/primary practice page.,en,268,3610
https://rodenlaw.com/practice-areas/wrongful-death-lawyers/,practice_area,2,KEEP,,Guardrail keep-list: statewide/primary practice page.,en,254,3609
https://rodenlaw.com/practice-areas/medical-malpractice-lawyers/,practice_area,2,KEEP,,Guardrail keep-list: statewide/primary practice page.,en,238,3608
https://rodenlaw.com/practice-areas/motorcycle-accident-lawyers/,practice_area,2,KEEP,,Guardrail keep-list: statewide/primary practice page.,en,268,3607
https://rodenlaw.com/practice-areas/slip-and-fall-lawyers/,practice_area,2,KEEP,,Guardrail keep-list: statewide/primary practice page.,en,248,3606
https://rodenlaw.com/practice-areas/truck-accident-lawyers/,practice_area,2,KEEP,,Guardrail keep-list: statewide/primary practice page.,en,308,3605
https://rodenlaw.com/practice-areas/car-accident-lawyers/,practice_area,2,KEEP,,Guardrail keep-list: statewide/primary practice page.,en,210,3604
https://rodenlaw.com/locations/south-carolina/simpsonville/,location,2,EVALUATE,/locations/south-carolina/,"Rule 4: city page in a market with no office. Published 2026-08-20, so it has no ranking history to justify a keep — needs the GSC baseline before a final call. Default is 301 to the state page.",en,148,5338
https://rodenlaw.com/locations/south-carolina/greer/,location,2,EVALUATE,/locations/south-carolina/,"Rule 4: city page in a market with no office. Published 2026-08-20, so it has no ranking history to justify a keep — needs the GSC baseline before a final call. Default is 301 to the state page.",en,154,5337
https://rodenlaw.com/locations/south-carolina/fort-mill/,location,2,EVALUATE,/locations/south-carolina/,"Rule 4: city page in a market with no office. Published 2026-08-20, so it has no ranking history to justify a keep — needs the GSC baseline before a final call. Default is 301 to the state page.",en,148,5336
https://rodenlaw.com/locations/south-carolina/rock-hill/,location,2,EVALUATE,/locations/south-carolina/,"Rule 4: city page in a market with no office. Published 2026-08-20, so it has no ranking history to justify a keep — needs the GSC baseline before a final call. Default is 301 to the state page.",en,161,5335
https://rodenlaw.com/locations/south-carolina/spartanburg/,location,2,EVALUATE,/locations/south-carolina/,"Rule 4: city page in a market with no office. Published 2026-08-20, so it has no ranking history to justify a keep — needs the GSC baseline before a final call. Default is 301 to the state page.",en,129,5334
https://rodenlaw.com/locations/south-carolina/sumter/,location,2,EVALUATE,/locations/south-carolina/,"Rule 4: city page in a market with no office. Published 2026-08-20, so it has no ranking history to justify a keep — needs the GSC baseline before a final call. Default is 301 to the state page.",en,133,5333
https://rodenlaw.com/locations/south-carolina/orangeburg/,location,2,EVALUATE,/locations/south-carolina/,"Rule 4: city page in a market with no office. Published 2026-08-20, so it has no ranking history to justify a keep — needs the GSC baseline before a final call. Default is 301 to the state page.",en,138,5332
https://rodenlaw.com/locations/south-carolina/hilton-head/,location,2,EVALUATE,/locations/south-carolina/,"Rule 4: city page in a market with no office. Published 2026-08-20, so it has no ranking history to justify a keep — needs the GSC baseline before a final call. Default is 301 to the state page.",en,168,5331
https://rodenlaw.com/es/locations/south-carolina/north-charleston/,location,2,KEEP,,Rule 2: city-level hub for a real office market. Rule 8 exception: keep regardless if this /es/ page outranks or out-earns its English twin — verify before removing.,es,233,4883
https://rodenlaw.com/es/locations/south-carolina/myrtle-beach/,location,2,KEEP,,Rule 2: city-level hub for a real office market. Rule 8 exception: keep regardless if this /es/ page outranks or out-earns its English twin — verify before removing.,es,231,4872
https://rodenlaw.com/es/locations/south-carolina/columbia/,location,2,KEEP,,Rule 2: city-level hub for a real office market. Rule 8 exception: keep regardless if this /es/ page outranks or out-earns its English twin — verify before removing.,es,229,4871
https://rodenlaw.com/es/locations/south-carolina/charleston/,location,2,KEEP,,Rule 2: city-level hub for a real office market. Rule 8 exception: keep regardless if this /es/ page outranks or out-earns its English twin — verify before removing.,es,214,4870
https://rodenlaw.com/es/locations/georgia/darien/,location,2,KEEP,,Rule 2: city-level hub for a real office market. Rule 8 exception: keep regardless if this /es/ page outranks or out-earns its English twin — verify before removing.,es,209,4869
https://rodenlaw.com/es/locations/georgia/savannah/,location,2,KEEP,,Rule 2: city-level hub for a real office market. Rule 8 exception: keep regardless if this /es/ page outranks or out-earns its English twin — verify before removing.,es,231,4868
https://rodenlaw.com/locations/georgia/savannah/effingham-county/egypt/,location,4,REMOVE,/locations/georgia/savannah/,Rule 3: neighborhood/subdivision page below city level. 301 to parent city.,en,89,4335
https://rodenlaw.com/locations/georgia/savannah/effingham-county/marlow/,location,4,REMOVE,/locations/georgia/savannah/,Rule 3: neighborhood/subdivision page below city level. 301 to parent city.,en,87,4334
https://rodenlaw.com/locations/georgia/savannah/effingham-county/south-effingham/,location,4,REMOVE,/locations/georgia/savannah/,Rule 3: neighborhood/subdivision page below city level. 301 to parent city.,en,102,4331
https://rodenlaw.com/locations/georgia/savannah/statesboro/georgia-southern/,location,4,REMOVE,/locations/georgia/savannah/,Rule 3: neighborhood/subdivision page below city level. 301 to parent city.,en,99,4330
https://rodenlaw.com/locations/georgia/savannah/port-wentworth/town-center/,location,4,REMOVE,/locations/georgia/savannah/,Rule 3: neighborhood/subdivision page below city level. 301 to parent city.,en,103,4329
https://rodenlaw.com/locations/georgia/savannah/wilmington-island/town-center/,location,4,REMOVE,/locations/georgia/savannah/,Rule 3: neighborhood/subdivision page below city level. 301 to parent city.,en,104,4328
https://rodenlaw.com/locations/georgia/savannah/rincon/town-center/,location,4,REMOVE,/locations/georgia/savannah/,Rule 3: neighborhood/subdivision page below city level. 301 to parent city.,en,94,4327
https://rodenlaw.com/locations/georgia/savannah/hinesville/fort-stewart-area/,location,4,REMOVE,/locations/georgia/savannah/,Rule 3: neighborhood/subdivision page below city level. 301 to parent city.,en,105,4326
https://rodenlaw.com/locations/georgia/savannah/richmond-hill/city-center/,location,4,REMOVE,/locations/georgia/savannah/,Rule 3: neighborhood/subdivision page below city level. 301 to parent city.,en,101,4325
https://rodenlaw.com/locations/georgia/savannah/midtown-savannah/ardsley-park-chatham-crescent/,location,4,REMOVE,/locations/georgia/savannah/,Rule 3: neighborhood/subdivision page below city level. 301 to parent city.,en,95,4324
https://rodenlaw.com/locations/georgia/savannah/downtown-savannah/river-street/,location,4,REMOVE,/locations/georgia/savannah/,Rule 3: neighborhood/subdivision page below city level. 301 to parent city.,en,100,4323
https://rodenlaw.com/locations/georgia/savannah/downtown-savannah/historic-district/,location,4,REMOVE,/locations/georgia/savannah/,Rule 3: neighborhood/subdivision page below city level. 301 to parent city.,en,107,4322
https://rodenlaw.com/locations/georgia/savannah/southside-savannah/savannah-quarters/,location,4,REMOVE,/locations/georgia/savannah/,Rule 3: neighborhood/subdivision page below city level. 301 to parent city.,en,87,4321
https://rodenlaw.com/locations/georgia/savannah/southside-savannah/georgetown-savannah/,location,4,REMOVE,/locations/georgia/savannah/,Rule 3: neighborhood/subdivision page below city level. 301 to parent city.,en,96,4320
https://rodenlaw.com/locations/georgia/savannah/pooler/west-pooler/,location,4,REMOVE,/locations/georgia/savannah/,Rule 3: neighborhood/subdivision page below city level. 301 to parent city.,en,99,4319
https://rodenlaw.com/locations/georgia/savannah/pooler/godley-station/,location,4,REMOVE,/locations/georgia/savannah/,Rule 3: neighborhood/subdivision page below city level. 301 to parent city.,en,98,4318
https://rodenlaw.com/locations/south-carolina/myrtle-beach/garden-city-beach/pier-area/,location,4,REMOVE,/locations/south-carolina/myrtle-beach/,Rule 3: neighborhood/subdivision page below city level. 301 to parent city.,en,121,4317
https://rodenlaw.com/locations/south-carolina/myrtle-beach/murrells-inlet/marshwalk/,location,4,REMOVE,/locations/south-carolina/myrtle-beach/,Rule 3: neighborhood/subdivision page below city level. 301 to parent city.,en,111,4316
https://rodenlaw.com/locations/south-carolina/myrtle-beach/little-river/waterfront/,location,4,REMOVE,/locations/south-carolina/myrtle-beach/,Rule 3: neighborhood/subdivision page below city level. 301 to parent city.,en,98,4315
https://rodenlaw.com/locations/south-carolina/myrtle-beach/georgetown/historic-district/,location,4,REMOVE,/locations/south-carolina/myrtle-beach/,Rule 3: neighborhood/subdivision page below city level. 301 to parent city.,en,101,4314
https://rodenlaw.com/locations/south-carolina/myrtle-beach/surfside-beach/town-center/,location,4,REMOVE,/locations/south-carolina/myrtle-beach/,Rule 3: neighborhood/subdivision page below city level. 301 to parent city.,en,102,4313
https://rodenlaw.com/locations/south-carolina/myrtle-beach/socastee/socastee-village/,location,4,REMOVE,/locations/south-carolina/myrtle-beach/,Rule 3: neighborhood/subdivision page below city level. 301 to parent city.,en,105,4312
https://rodenlaw.com/locations/south-carolina/myrtle-beach/carolina-forest/the-farm/,location,4,REMOVE,/locations/south-carolina/myrtle-beach/,Rule 3: neighborhood/subdivision page below city level. 301 to parent city.,en,97,4311
https://rodenlaw.com/locations/south-carolina/myrtle-beach/north-myrtle-beach/barefoot-landing/,location,4,REMOVE,/locations/south-carolina/myrtle-beach/,Rule 3: neighborhood/subdivision page below city level. 301 to parent city.,en,104,4310
https://rodenlaw.com/locations/south-carolina/myrtle-beach/conway/historic-district/,location,4,REMOVE,/locations/south-carolina/myrtle-beach/,Rule 3: neighborhood/subdivision page below city level. 301 to parent city.,en,101,4309
https://rodenlaw.com/locations/south-carolina/myrtle-beach/myrtle-beach/golden-mile/,location,4,REMOVE,/locations/south-carolina/myrtle-beach/,Rule 3: neighborhood/subdivision page below city level. 301 to parent city.,en,114,4308
https://rodenlaw.com/locations/south-carolina/myrtle-beach/myrtle-beach/grande-dunes/,location,4,REMOVE,/locations/south-carolina/myrtle-beach/,Rule 3: neighborhood/subdivision page below city level. 301 to parent city.,en,101,4307
https://rodenlaw.com/locations/south-carolina/myrtle-beach/myrtle-beach/market-common/,location,4,REMOVE,/locations/south-carolina/myrtle-beach/,Rule 3: neighborhood/subdivision page below city level. 301 to parent city.,en,104,4306
https://rodenlaw.com/locations/south-carolina/north-charleston/summerville/pine-forest-inn/,location,4,REMOVE,/locations/south-carolina/north-charleston/,Rule 3: neighborhood/subdivision page below city level. 301 to parent city.,en,106,4305
https://rodenlaw.com/locations/south-carolina/north-charleston/summerville/wescott/,location,4,REMOVE,/locations/south-carolina/north-charleston/,Rule 3: neighborhood/subdivision page below city level. 301 to parent city.,en,93,4304
https://rodenlaw.com/locations/south-carolina/north-charleston/summerville/summers-corner/,location,4,REMOVE,/locations/south-carolina/north-charleston/,Rule 3: neighborhood/subdivision page below city level. 301 to parent city.,en,102,4303
https://rodenlaw.com/locations/south-carolina/north-charleston/summerville/sangaree/,location,4,REMOVE,/locations/south-carolina/north-charleston/,Rule 3: neighborhood/subdivision page below city level. 301 to parent city.,en,98,4302
https://rodenlaw.com/locations/south-carolina/north-charleston/summerville/knightsville/,location,4,REMOVE,/locations/south-carolina/north-charleston/,Rule 3: neighborhood/subdivision page below city level. 301 to parent city.,en,108,4301
https://rodenlaw.com/locations/south-carolina/north-charleston/summerville/nexton/,location,4,REMOVE,/locations/south-carolina/north-charleston/,Rule 3: neighborhood/subdivision page below city level. 301 to parent city.,en,107,4300
https://rodenlaw.com/locations/south-carolina/north-charleston/summerville/cane-bay/,location,4,REMOVE,/locations/south-carolina/north-charleston/,Rule 3: neighborhood/subdivision page below city level. 301 to parent city.,en,106,4299
https://rodenlaw.com/locations/south-carolina/north-charleston/summerville/historic-district/,location,4,REMOVE,/locations/south-carolina/north-charleston/,Rule 3: neighborhood/subdivision page below city level. 301 to parent city.,en,106,4298
https://rodenlaw.com/locations/south-carolina/charleston/west-ashley/grand-oaks-plantation/,location,4,REMOVE,/locations/south-carolina/charleston/,Rule 3: neighborhood/subdivision page below city level. 301 to parent city.,en,105,4297
https://rodenlaw.com/locations/south-carolina/charleston/west-ashley/south-windermere/,location,4,REMOVE,/locations/south-carolina/charleston/,Rule 3: neighborhood/subdivision page below city level. 301 to parent city.,en,97,4296
https://rodenlaw.com/locations/south-carolina/charleston/west-ashley/ashley-river-road/,location,4,REMOVE,/locations/south-carolina/charleston/,Rule 3: neighborhood/subdivision page below city level. 301 to parent city.,en,119,4295
https://rodenlaw.com/locations/south-carolina/charleston/west-ashley/byrnes-downs/,location,4,REMOVE,/locations/south-carolina/charleston/,Rule 3: neighborhood/subdivision page below city level. 301 to parent city.,en,107,4294
https://rodenlaw.com/locations/south-carolina/charleston/west-ashley/west-ashley-park/,location,4,REMOVE,/locations/south-carolina/charleston/,Rule 3: neighborhood/subdivision page below city level. 301 to parent city.,en,101,4293
https://rodenlaw.com/locations/south-carolina/charleston/west-ashley/shadowmoss/,location,4,REMOVE,/locations/south-carolina/charleston/,Rule 3: neighborhood/subdivision page below city level. 301 to parent city.,en,99,4292
https://rodenlaw.com/locations/south-carolina/charleston/west-ashley/citadel-mall-area/,location,4,REMOVE,/locations/south-carolina/charleston/,Rule 3: neighborhood/subdivision page below city level. 301 to parent city.,en,98,4291
https://rodenlaw.com/locations/south-carolina/charleston/west-ashley/avondale/,location,4,REMOVE,/locations/south-carolina/charleston/,Rule 3: neighborhood/subdivision page below city level. 301 to parent city.,en,115,4290
https://rodenlaw.com/locations/south-carolina/north-charleston/goose-creek/westchester/,location,4,REMOVE,/locations/south-carolina/north-charleston/,Rule 3: neighborhood/subdivision page below city level. 301 to parent city.,en,108,4289
https://rodenlaw.com/locations/south-carolina/north-charleston/goose-creek/brickhope-plantation/,location,4,REMOVE,/locations/south-carolina/north-charleston/,Rule 3: neighborhood/subdivision page below city level. 301 to parent city.,en,103,4288
https://rodenlaw.com/locations/south-carolina/north-charleston/goose-creek/devon-forest/,location,4,REMOVE,/locations/south-carolina/north-charleston/,Rule 3: neighborhood/subdivision page below city level. 301 to parent city.,en,102,4287
https://rodenlaw.com/locations/south-carolina/north-charleston/goose-creek/howe-hall/,location,4,REMOVE,/locations/south-carolina/north-charleston/,Rule 3: neighborhood/subdivision page below city level. 301 to parent city.,en,115,4286
https://rodenlaw.com/locations/south-carolina/north-charleston/goose-creek/boulder-bluff/,location,4,REMOVE,/locations/south-carolina/north-charleston/,Rule 3: neighborhood/subdivision page below city level. 301 to parent city.,en,92,4285
https://rodenlaw.com/locations/south-carolina/north-charleston/goose-creek/carnes-crossroads/,location,4,REMOVE,/locations/south-carolina/north-charleston/,Rule 3: neighborhood/subdivision page below city level. 301 to parent city.,en,101,4284
https://rodenlaw.com/locations/south-carolina/north-charleston/goose-creek/liberty-hall-plantation/,location,4,REMOVE,/locations/south-carolina/north-charleston/,Rule 3: neighborhood/subdivision page below city level. 301 to parent city.,en,100,4283
https://rodenlaw.com/locations/south-carolina/north-charleston/goose-creek/crowfield-plantation/,location,4,REMOVE,/locations/south-carolina/north-charleston/,Rule 3: neighborhood/subdivision page below city level. 301 to parent city.,en,112,4282
https://rodenlaw.com/locations/south-carolina/charleston/downtown-charleston/wagener-terrace/,location,4,REMOVE,/locations/south-carolina/charleston/,Rule 3: neighborhood/subdivision page below city level. 301 to parent city.,en,113,4281
https://rodenlaw.com/locations/south-carolina/charleston/downtown-charleston/the-crosstown/,location,4,REMOVE,/locations/south-carolina/charleston/,Rule 3: neighborhood/subdivision page below city level. 301 to parent city.,en,104,4280
https://rodenlaw.com/locations/south-carolina/charleston/downtown-charleston/cannonborough-elliotborough/,location,4,REMOVE,/locations/south-carolina/charleston/,Rule 3: neighborhood/subdivision page below city level. 301 to parent city.,en,100,4279
https://rodenlaw.com/locations/south-carolina/charleston/downtown-charleston/ansonborough/,location,4,REMOVE,/locations/south-carolina/charleston/,Rule 3: neighborhood/subdivision page below city level. 301 to parent city.,en,117,4278
https://rodenlaw.com/locations/south-carolina/charleston/downtown-charleston/harleston-village/,location,4,REMOVE,/locations/south-carolina/charleston/,Rule 3: neighborhood/subdivision page below city level. 301 to parent city.,en,113,4277
https://rodenlaw.com/locations/south-carolina/charleston/downtown-charleston/king-street-district/,location,4,REMOVE,/locations/south-carolina/charleston/,Rule 3: neighborhood/subdivision page below city level. 301 to parent city.,en,116,4276
https://rodenlaw.com/locations/south-carolina/charleston/downtown-charleston/french-quarter/,location,4,REMOVE,/locations/south-carolina/charleston/,Rule 3: neighborhood/subdivision page below city level. 301 to parent city.,en,110,4275
https://rodenlaw.com/locations/south-carolina/charleston/downtown-charleston/south-of-broad/,location,4,REMOVE,/locations/south-carolina/charleston/,Rule 3: neighborhood/subdivision page below city level. 301 to parent city.,en,115,4274
https://rodenlaw.com/locations/south-carolina/charleston/mount-pleasant/rivertowne/,location,4,REMOVE,/locations/south-carolina/charleston/,Rule 3: neighborhood/subdivision page below city level. 301 to parent city.,en,98,4272
https://rodenlaw.com/locations/south-carolina/charleston/mount-pleasant/snee-farm/,location,4,REMOVE,/locations/south-carolina/charleston/,Rule 3: neighborhood/subdivision page below city level. 301 to parent city.,en,112,4271
https://rodenlaw.com/locations/south-carolina/charleston/mount-pleasant/shem-creek/,location,4,REMOVE,/locations/south-carolina/charleston/,Rule 3: neighborhood/subdivision page below city level. 301 to parent city.,en,120,4270
https://rodenlaw.com/locations/south-carolina/charleston/mount-pleasant/dunes-west/,location,4,REMOVE,/locations/south-carolina/charleston/,Rule 3: neighborhood/subdivision page below city level. 301 to parent city.,en,109,4269
https://rodenlaw.com/locations/south-carolina/charleston/mount-pleasant/carolina-park/,location,4,REMOVE,/locations/south-carolina/charleston/,Rule 3: neighborhood/subdivision page below city level. 301 to parent city.,en,110,4268
https://rodenlaw.com/locations/south-carolina/charleston/mount-pleasant/belle-hall/,location,4,REMOVE,/locations/south-carolina/charleston/,Rule 3: neighborhood/subdivision page below city level. 301 to parent city.,en,114,4267
https://rodenlaw.com/locations/south-carolina/charleston/mount-pleasant/park-west/,location,4,REMOVE,/locations/south-carolina/charleston/,Rule 3: neighborhood/subdivision page below city level. 301 to parent city.,en,107,4266
https://rodenlaw.com/locations/south-carolina/charleston/mount-pleasant/ion/,location,4,REMOVE,/locations/south-carolina/charleston/,Rule 3: neighborhood/subdivision page below city level. 301 to parent city.,en,108,4265
https://rodenlaw.com/locations/south-carolina/charleston/mount-pleasant/old-village/,location,4,REMOVE,/locations/south-carolina/charleston/,Rule 3: neighborhood/subdivision page below city level. 301 to parent city.,en,127,4264
https://rodenlaw.com/locations/south-carolina/north-charleston/northwoods/,location,3,REMOVE,/locations/south-carolina/north-charleston/,"Rule 3: district of the office city above it, i.e. below city level. Cannot be edited into legitimacy.",en,118,4263
https://rodenlaw.com/locations/south-carolina/north-charleston/wescott-plantation/,location,3,REMOVE,/locations/south-carolina/north-charleston/,"Rule 3: district of the office city above it, i.e. below city level. Cannot be edited into legitimacy.",en,110,4262
https://rodenlaw.com/locations/south-carolina/north-charleston/chicora-cherokee/,location,3,REMOVE,/locations/south-carolina/north-charleston/,"Rule 3: district of the office city above it, i.e. below city level. Cannot be edited into legitimacy.",en,104,4261
https://rodenlaw.com/locations/south-carolina/north-charleston/charleston-heights/,location,3,REMOVE,/locations/south-carolina/north-charleston/,"Rule 3: district of the office city above it, i.e. below city level. Cannot be edited into legitimacy.",en,103,4260
https://rodenlaw.com/locations/south-carolina/north-charleston/oak-terrace-preserve/,location,3,REMOVE,/locations/south-carolina/north-charleston/,"Rule 3: district of the office city above it, i.e. below city level. Cannot be edited into legitimacy.",en,118,4259
https://rodenlaw.com/locations/south-carolina/north-charleston/ferndale/,location,3,REMOVE,/locations/south-carolina/north-charleston/,"Rule 3: district of the office city above it, i.e. below city level. Cannot be edited into legitimacy.",en,115,4258
https://rodenlaw.com/locations/south-carolina/north-charleston/liberty-hill/,location,3,REMOVE,/locations/south-carolina/north-charleston/,"Rule 3: district of the office city above it, i.e. below city level. Cannot be edited into legitimacy.",en,105,4257
https://rodenlaw.com/locations/south-carolina/north-charleston/dorchester-terrace-waylyn/,location,3,REMOVE,/locations/south-carolina/north-charleston/,"Rule 3: district of the office city above it, i.e. below city level. Cannot be edited into legitimacy.",en,111,4256
https://rodenlaw.com/locations/south-carolina/north-charleston/olde-north-charleston/,location,3,REMOVE,/locations/south-carolina/north-charleston/,"Rule 3: district of the office city above it, i.e. below city level. Cannot be edited into legitimacy.",en,127,4255
https://rodenlaw.com/locations/south-carolina/north-charleston/park-circle/,location,3,REMOVE,/locations/south-carolina/north-charleston/,"Rule 3: district of the office city above it, i.e. below city level. Cannot be edited into legitimacy.",en,127,4254
https://rodenlaw.com/locations/georgia/darien/harrietts-bluff/,location,3,EVALUATE,/locations/georgia/darien/,Rule 4: separate municipality nested under the nearest office city. Keep only with real rankings/traffic or genuine service history — needs the GSC baseline. Default is 301 to the parent city hub.,en,71,3887
https://rodenlaw.com/locations/georgia/darien/sea-island/,location,3,EVALUATE,/locations/georgia/darien/,Rule 4: separate municipality nested under the nearest office city. Keep only with real rankings/traffic or genuine service history — needs the GSC baseline. Default is 301 to the parent city hub.,en,99,3886
https://rodenlaw.com/locations/georgia/darien/screven/,location,3,EVALUATE,/locations/georgia/darien/,Rule 4: separate municipality nested under the nearest office city. Keep only with real rankings/traffic or genuine service history — needs the GSC baseline. Default is 301 to the parent city hub.,en,56,3885
https://rodenlaw.com/locations/georgia/darien/odum/,location,3,EVALUATE,/locations/georgia/darien/,Rule 4: separate municipality nested under the nearest office city. Keep only with real rankings/traffic or genuine service history — needs the GSC baseline. Default is 301 to the parent city hub.,en,44,3884
https://rodenlaw.com/locations/georgia/darien/eulonia/,location,3,EVALUATE,/locations/georgia/darien/,Rule 4: separate municipality nested under the nearest office city. Keep only with real rankings/traffic or genuine service history — needs the GSC baseline. Default is 301 to the parent city hub.,en,56,3883
https://rodenlaw.com/locations/georgia/darien/townsend/,location,3,EVALUATE,/locations/georgia/darien/,Rule 4: separate municipality nested under the nearest office city. Keep only with real rankings/traffic or genuine service history — needs the GSC baseline. Default is 301 to the parent city hub.,en,58,3882
https://rodenlaw.com/locations/georgia/darien/white-oak/,location,3,EVALUATE,/locations/georgia/darien/,Rule 4: separate municipality nested under the nearest office city. Keep only with real rankings/traffic or genuine service history — needs the GSC baseline. Default is 301 to the parent city hub.,en,56,3881
https://rodenlaw.com/locations/georgia/darien/waverly/,location,3,EVALUATE,/locations/georgia/darien/,Rule 4: separate municipality nested under the nearest office city. Keep only with real rankings/traffic or genuine service history — needs the GSC baseline. Default is 301 to the parent city hub.,en,67,3880
https://rodenlaw.com/locations/georgia/darien/kings-bay/,location,3,EVALUATE,/locations/georgia/darien/,Rule 4: separate municipality nested under the nearest office city. Keep only with real rankings/traffic or genuine service history — needs the GSC baseline. Default is 301 to the parent city hub.,en,121,3879
https://rodenlaw.com/locations/georgia/darien/dock-junction/,location,3,EVALUATE,/locations/georgia/darien/,Rule 4: separate municipality nested under the nearest office city. Keep only with real rankings/traffic or genuine service history — needs the GSC baseline. Default is 301 to the parent city hub.,en,114,3878
https://rodenlaw.com/locations/georgia/darien/hoboken/,location,3,EVALUATE,/locations/georgia/darien/,Rule 4: separate municipality nested under the nearest office city. Keep only with real rankings/traffic or genuine service history — needs the GSC baseline. Default is 301 to the parent city hub.,en,89,3877
https://rodenlaw.com/locations/georgia/darien/alma/,location,3,EVALUATE,/locations/georgia/darien/,Rule 4: separate municipality nested under the nearest office city. Keep only with real rankings/traffic or genuine service history — needs the GSC baseline. Default is 301 to the parent city hub.,en,88,3876
https://rodenlaw.com/locations/georgia/darien/blackshear/,location,3,EVALUATE,/locations/georgia/darien/,Rule 4: separate municipality nested under the nearest office city. Keep only with real rankings/traffic or genuine service history — needs the GSC baseline. Default is 301 to the parent city hub.,en,83,3875
https://rodenlaw.com/locations/georgia/darien/ludowici/,location,3,EVALUATE,/locations/georgia/darien/,Rule 4: separate municipality nested under the nearest office city. Keep only with real rankings/traffic or genuine service history — needs the GSC baseline. Default is 301 to the parent city hub.,en,93,3874
https://rodenlaw.com/locations/georgia/darien/nahunta/,location,3,EVALUATE,/locations/georgia/darien/,Rule 4: separate municipality nested under the nearest office city. Keep only with real rankings/traffic or genuine service history — needs the GSC baseline. Default is 301 to the parent city hub.,en,107,3873
https://rodenlaw.com/locations/georgia/darien/woodbine/,location,3,EVALUATE,/locations/georgia/darien/,Rule 4: separate municipality nested under the nearest office city. Keep only with real rankings/traffic or genuine service history — needs the GSC baseline. Default is 301 to the parent city hub.,en,102,3872
https://rodenlaw.com/locations/georgia/darien/jekyll-island/,location,3,EVALUATE,/locations/georgia/darien/,Rule 4: separate municipality nested under the nearest office city. Keep only with real rankings/traffic or genuine service history — needs the GSC baseline. Default is 301 to the parent city hub.,en,142,3870
https://rodenlaw.com/locations/georgia/darien/folkston/,location,3,EVALUATE,/locations/georgia/darien/,Rule 4: separate municipality nested under the nearest office city. Keep only with real rankings/traffic or genuine service history — needs the GSC baseline. Default is 301 to the parent city hub.,en,122,3869
https://rodenlaw.com/locations/georgia/darien/jesup/,location,3,EVALUATE,/locations/georgia/darien/,Rule 4: separate municipality nested under the nearest office city. Keep only with real rankings/traffic or genuine service history — needs the GSC baseline. Default is 301 to the parent city hub.,en,146,3868
https://rodenlaw.com/locations/georgia/darien/waycross/,location,3,EVALUATE,/locations/georgia/darien/,Rule 4: separate municipality nested under the nearest office city. Keep only with real rankings/traffic or genuine service history — needs the GSC baseline. Default is 301 to the parent city hub.,en,147,3867
https://rodenlaw.com/locations/georgia/darien/st-marys/,location,3,EVALUATE,/locations/georgia/darien/,Rule 4: separate municipality nested under the nearest office city. Keep only with real rankings/traffic or genuine service history — needs the GSC baseline. Default is 301 to the parent city hub.,en,135,3866
https://rodenlaw.com/locations/georgia/darien/kingsland/,location,3,EVALUATE,/locations/georgia/darien/,Rule 4: separate municipality nested under the nearest office city. Keep only with real rankings/traffic or genuine service history — needs the GSC baseline. Default is 301 to the parent city hub.,en,145,3865
https://rodenlaw.com/locations/georgia/darien/st-simons-island/,location,3,EVALUATE,/locations/georgia/darien/,Rule 4: separate municipality nested under the nearest office city. Keep only with real rankings/traffic or genuine service history — needs the GSC baseline. Default is 301 to the parent city hub.,en,153,3864
https://rodenlaw.com/locations/georgia/darien/brunswick/,location,3,EVALUATE,/locations/georgia/darien/,Rule 4: separate municipality nested under the nearest office city. Keep only with real rankings/traffic or genuine service history — needs the GSC baseline. Default is 301 to the parent city hub.,en,149,3863
https://rodenlaw.com/locations/south-carolina/columbia/pelion/,location,3,EVALUATE,/locations/south-carolina/columbia/,Rule 4: separate municipality nested under the nearest office city. Keep only with real rankings/traffic or genuine service history — needs the GSC baseline. Default is 301 to the parent city hub.,en,94,3862
https://rodenlaw.com/locations/south-carolina/columbia/gaston/,location,3,EVALUATE,/locations/south-carolina/columbia/,Rule 4: separate municipality nested under the nearest office city. Keep only with real rankings/traffic or genuine service history — needs the GSC baseline. Default is 301 to the parent city hub.,en,72,3861
https://rodenlaw.com/locations/south-carolina/columbia/camden/,location,3,EVALUATE,/locations/south-carolina/columbia/,Rule 4: separate municipality nested under the nearest office city. Keep only with real rankings/traffic or genuine service history — needs the GSC baseline. Default is 301 to the parent city hub.,en,96,3860
https://rodenlaw.com/locations/south-carolina/columbia/pine-ridge/,location,3,EVALUATE,/locations/south-carolina/columbia/,Rule 4: separate municipality nested under the nearest office city. Keep only with real rankings/traffic or genuine service history — needs the GSC baseline. Default is 301 to the parent city hub.,en,65,3859
https://rodenlaw.com/locations/south-carolina/columbia/south-congaree/,location,3,EVALUATE,/locations/south-carolina/columbia/,Rule 4: separate municipality nested under the nearest office city. Keep only with real rankings/traffic or genuine service history — needs the GSC baseline. Default is 301 to the parent city hub.,en,79,3858
https://rodenlaw.com/locations/south-carolina/columbia/elgin/,location,3,EVALUATE,/locations/south-carolina/columbia/,Rule 4: separate municipality nested under the nearest office city. Keep only with real rankings/traffic or genuine service history — needs the GSC baseline. Default is 301 to the parent city hub.,en,83,3857
https://rodenlaw.com/locations/south-carolina/columbia/batesburg-leesville/,location,3,EVALUATE,/locations/south-carolina/columbia/,Rule 4: separate municipality nested under the nearest office city. Keep only with real rankings/traffic or genuine service history — needs the GSC baseline. Default is 301 to the parent city hub.,en,81,3856
https://rodenlaw.com/locations/south-carolina/columbia/springdale/,location,3,EVALUATE,/locations/south-carolina/columbia/,Rule 4: separate municipality nested under the nearest office city. Keep only with real rankings/traffic or genuine service history — needs the GSC baseline. Default is 301 to the parent city hub.,en,75,3855
https://rodenlaw.com/locations/south-carolina/columbia/hopkins/,location,3,EVALUATE,/locations/south-carolina/columbia/,Rule 4: separate municipality nested under the nearest office city. Keep only with real rankings/traffic or genuine service history — needs the GSC baseline. Default is 301 to the parent city hub.,en,83,3854
https://rodenlaw.com/locations/south-carolina/columbia/lugoff/,location,3,EVALUATE,/locations/south-carolina/columbia/,Rule 4: separate municipality nested under the nearest office city. Keep only with real rankings/traffic or genuine service history — needs the GSC baseline. Default is 301 to the parent city hub.,en,94,3853
https://rodenlaw.com/locations/south-carolina/columbia/northeast-columbia/,location,3,REMOVE,/locations/south-carolina/columbia/,"Rule 3: district of the office city above it, i.e. below city level. Cannot be edited into legitimacy.",en,94,3852
https://rodenlaw.com/locations/south-carolina/columbia/woodfield/,location,3,EVALUATE,/locations/south-carolina/columbia/,Rule 4: separate municipality nested under the nearest office city. Keep only with real rankings/traffic or genuine service history — needs the GSC baseline. Default is 301 to the parent city hub.,en,88,3851
https://rodenlaw.com/locations/south-carolina/columbia/chapin/,location,3,EVALUATE,/locations/south-carolina/columbia/,Rule 4: separate municipality nested under the nearest office city. Keep only with real rankings/traffic or genuine service history — needs the GSC baseline. Default is 301 to the parent city hub.,en,94,3850
https://rodenlaw.com/locations/south-carolina/columbia/blythewood/,location,3,EVALUATE,/locations/south-carolina/columbia/,Rule 4: separate municipality nested under the nearest office city. Keep only with real rankings/traffic or genuine service history — needs the GSC baseline. Default is 301 to the parent city hub.,en,88,3849
https://rodenlaw.com/locations/south-carolina/columbia/oak-grove/,location,3,EVALUATE,/locations/south-carolina/columbia/,Rule 4: separate municipality nested under the nearest office city. Keep only with real rankings/traffic or genuine service history — needs the GSC baseline. Default is 301 to the parent city hub.,en,87,3848
https://rodenlaw.com/locations/south-carolina/columbia/red-bank/,location,3,EVALUATE,/locations/south-carolina/columbia/,Rule 4: separate municipality nested under the nearest office city. Keep only with real rankings/traffic or genuine service history — needs the GSC baseline. Default is 301 to the parent city hub.,en,88,3847
https://rodenlaw.com/locations/south-carolina/columbia/forest-acres/,location,3,EVALUATE,/locations/south-carolina/columbia/,Rule 4: separate municipality nested under the nearest office city. Keep only with real rankings/traffic or genuine service history — needs the GSC baseline. Default is 301 to the parent city hub.,en,108,3846
https://rodenlaw.com/locations/south-carolina/columbia/dentsville/,location,3,EVALUATE,/locations/south-carolina/columbia/,Rule 4: separate municipality nested under the nearest office city. Keep only with real rankings/traffic or genuine service history — needs the GSC baseline. Default is 301 to the parent city hub.,en,112,3845
https://rodenlaw.com/locations/south-carolina/columbia/seven-oaks/,location,3,EVALUATE,/locations/south-carolina/columbia/,Rule 4: separate municipality nested under the nearest office city. Keep only with real rankings/traffic or genuine service history — needs the GSC baseline. Default is 301 to the parent city hub.,en,96,3844
https://rodenlaw.com/locations/south-carolina/columbia/st-andrews/,location,3,EVALUATE,/locations/south-carolina/columbia/,Rule 4: separate municipality nested under the nearest office city. Keep only with real rankings/traffic or genuine service history — needs the GSC baseline. Default is 301 to the parent city hub.,en,114,3843
https://rodenlaw.com/locations/south-carolina/columbia/irmo/,location,3,EVALUATE,/locations/south-carolina/columbia/,Rule 4: separate municipality nested under the nearest office city. Keep only with real rankings/traffic or genuine service history — needs the GSC baseline. Default is 301 to the parent city hub.,en,115,3842
https://rodenlaw.com/locations/south-carolina/columbia/cayce/,location,3,EVALUATE,/locations/south-carolina/columbia/,Rule 4: separate municipality nested under the nearest office city. Keep only with real rankings/traffic or genuine service history — needs the GSC baseline. Default is 301 to the parent city hub.,en,114,3841
https://rodenlaw.com/locations/south-carolina/columbia/west-columbia/,location,3,EVALUATE,/locations/south-carolina/columbia/,Rule 4: separate municipality nested under the nearest office city. Keep only with real rankings/traffic or genuine service history — needs the GSC baseline. Default is 301 to the parent city hub.,en,116,3840
https://rodenlaw.com/locations/south-carolina/columbia/lexington/,location,3,EVALUATE,/locations/south-carolina/columbia/,Rule 4: separate municipality nested under the nearest office city. Keep only with real rankings/traffic or genuine service history — needs the GSC baseline. Default is 301 to the parent city hub.,en,118,3839
https://rodenlaw.com/locations/south-carolina/myrtle-beach/green-sea/,location,3,EVALUATE,/locations/south-carolina/myrtle-beach/,Rule 4: separate municipality nested under the nearest office city. Keep only with real rankings/traffic or genuine service history — needs the GSC baseline. Default is 301 to the parent city hub.,en,33,3837
https://rodenlaw.com/locations/south-carolina/myrtle-beach/galivants-ferry/,location,3,EVALUATE,/locations/south-carolina/myrtle-beach/,Rule 4: separate municipality nested under the nearest office city. Keep only with real rankings/traffic or genuine service history — needs the GSC baseline. Default is 301 to the parent city hub.,en,41,3836
https://rodenlaw.com/locations/south-carolina/myrtle-beach/wampee/,location,3,EVALUATE,/locations/south-carolina/myrtle-beach/,Rule 4: separate municipality nested under the nearest office city. Keep only with real rankings/traffic or genuine service history — needs the GSC baseline. Default is 301 to the parent city hub.,en,37,3835
https://rodenlaw.com/locations/south-carolina/myrtle-beach/briarcliffe-acres/,location,3,EVALUATE,/locations/south-carolina/myrtle-beach/,Rule 4: separate municipality nested under the nearest office city. Keep only with real rankings/traffic or genuine service history — needs the GSC baseline. Default is 301 to the parent city hub.,en,51,3834
https://rodenlaw.com/locations/south-carolina/myrtle-beach/atlantic-beach/,location,3,EVALUATE,/locations/south-carolina/myrtle-beach/,Rule 4: separate municipality nested under the nearest office city. Keep only with real rankings/traffic or genuine service history — needs the GSC baseline. Default is 301 to the parent city hub.,en,51,3833
https://rodenlaw.com/locations/south-carolina/myrtle-beach/andrews/,location,3,EVALUATE,/locations/south-carolina/myrtle-beach/,Rule 4: separate municipality nested under the nearest office city. Keep only with real rankings/traffic or genuine service history — needs the GSC baseline. Default is 301 to the parent city hub.,en,45,3832
https://rodenlaw.com/locations/south-carolina/myrtle-beach/bucksport/,location,3,EVALUATE,/locations/south-carolina/myrtle-beach/,Rule 4: separate municipality nested under the nearest office city. Keep only with real rankings/traffic or genuine service history — needs the GSC baseline. Default is 301 to the parent city hub.,en,49,3831
https://rodenlaw.com/locations/south-carolina/myrtle-beach/burgess/,location,3,EVALUATE,/locations/south-carolina/myrtle-beach/,Rule 4: separate municipality nested under the nearest office city. Keep only with real rankings/traffic or genuine service history — needs the GSC baseline. Default is 301 to the parent city hub.,en,45,3830
https://rodenlaw.com/locations/south-carolina/myrtle-beach/red-hill/,location,3,EVALUATE,/locations/south-carolina/myrtle-beach/,Rule 4: separate municipality nested under the nearest office city. Keep only with real rankings/traffic or genuine service history — needs the GSC baseline. Default is 301 to the parent city hub.,en,54,3829
https://rodenlaw.com/locations/south-carolina/myrtle-beach/litchfield-beach/,location,3,EVALUATE,/locations/south-carolina/myrtle-beach/,Rule 4: separate municipality nested under the nearest office city. Keep only with real rankings/traffic or genuine service history — needs the GSC baseline. Default is 301 to the parent city hub.,en,81,3828
https://rodenlaw.com/locations/south-carolina/myrtle-beach/aynor/,location,3,EVALUATE,/locations/south-carolina/myrtle-beach/,Rule 4: separate municipality nested under the nearest office city. Keep only with real rankings/traffic or genuine service history — needs the GSC baseline. Default is 301 to the parent city hub.,en,70,3827
https://rodenlaw.com/locations/south-carolina/myrtle-beach/loris/,location,3,EVALUATE,/locations/south-carolina/myrtle-beach/,Rule 4: separate municipality nested under the nearest office city. Keep only with real rankings/traffic or genuine service history — needs the GSC baseline. Default is 301 to the parent city hub.,en,69,3826
https://rodenlaw.com/locations/south-carolina/myrtle-beach/longs/,location,3,EVALUATE,/locations/south-carolina/myrtle-beach/,Rule 4: separate municipality nested under the nearest office city. Keep only with real rankings/traffic or genuine service history — needs the GSC baseline. Default is 301 to the parent city hub.,en,92,3825
https://rodenlaw.com/locations/south-carolina/myrtle-beach/forestbrook/,location,3,EVALUATE,/locations/south-carolina/myrtle-beach/,Rule 4: separate municipality nested under the nearest office city. Keep only with real rankings/traffic or genuine service history — needs the GSC baseline. Default is 301 to the parent city hub.,en,65,3824
https://rodenlaw.com/locations/south-carolina/myrtle-beach/georgetown/,location,3,EVALUATE,/locations/south-carolina/myrtle-beach/,Rule 4: separate municipality nested under the nearest office city. Keep only with real rankings/traffic or genuine service history — needs the GSC baseline. Default is 301 to the parent city hub.,en,105,3823
https://rodenlaw.com/locations/south-carolina/myrtle-beach/pawleys-island/,location,3,EVALUATE,/locations/south-carolina/myrtle-beach/,Rule 4: separate municipality nested under the nearest office city. Keep only with real rankings/traffic or genuine service history — needs the GSC baseline. Default is 301 to the parent city hub.,en,120,3822
https://rodenlaw.com/locations/south-carolina/myrtle-beach/murrells-inlet/,location,3,EVALUATE,/locations/south-carolina/myrtle-beach/,Rule 4: separate municipality nested under the nearest office city. Keep only with real rankings/traffic or genuine service history — needs the GSC baseline. Default is 301 to the parent city hub.,en,113,3821
https://rodenlaw.com/locations/south-carolina/myrtle-beach/little-river/,location,3,EVALUATE,/locations/south-carolina/myrtle-beach/,Rule 4: separate municipality nested under the nearest office city. Keep only with real rankings/traffic or genuine service history — needs the GSC baseline. Default is 301 to the parent city hub.,en,112,3820
https://rodenlaw.com/locations/south-carolina/myrtle-beach/garden-city-beach/,location,3,EVALUATE,/locations/south-carolina/myrtle-beach/,Rule 4: separate municipality nested under the nearest office city. Keep only with real rankings/traffic or genuine service history — needs the GSC baseline. Default is 301 to the parent city hub.,en,109,3819
https://rodenlaw.com/locations/south-carolina/myrtle-beach/socastee/,location,3,EVALUATE,/locations/south-carolina/myrtle-beach/,Rule 4: separate municipality nested under the nearest office city. Keep only with real rankings/traffic or genuine service history — needs the GSC baseline. Default is 301 to the parent city hub.,en,109,3818
https://rodenlaw.com/locations/south-carolina/myrtle-beach/surfside-beach/,location,3,EVALUATE,/locations/south-carolina/myrtle-beach/,Rule 4: separate municipality nested under the nearest office city. Keep only with real rankings/traffic or genuine service history — needs the GSC baseline. Default is 301 to the parent city hub.,en,108,3817
https://rodenlaw.com/locations/south-carolina/myrtle-beach/carolina-forest/,location,3,EVALUATE,/locations/south-carolina/myrtle-beach/,Rule 4: separate municipality nested under the nearest office city. Keep only with real rankings/traffic or genuine service history — needs the GSC baseline. Default is 301 to the parent city hub.,en,124,3816
https://rodenlaw.com/locations/south-carolina/myrtle-beach/north-myrtle-beach/,location,3,EVALUATE,/locations/south-carolina/myrtle-beach/,Rule 4: separate municipality nested under the nearest office city. Keep only with real rankings/traffic or genuine service history — needs the GSC baseline. Default is 301 to the parent city hub.,en,113,3815
https://rodenlaw.com/locations/south-carolina/myrtle-beach/conway/,location,3,EVALUATE,/locations/south-carolina/myrtle-beach/,Rule 4: separate municipality nested under the nearest office city. Keep only with real rankings/traffic or genuine service history — needs the GSC baseline. Default is 301 to the parent city hub.,en,122,3814
https://rodenlaw.com/locations/georgia/savannah/eastside-savannah/,location,3,REMOVE,/locations/georgia/savannah/,"Rule 3: district of the office city above it, i.e. below city level. Cannot be edited into legitimacy.",en,91,3812
https://rodenlaw.com/locations/georgia/savannah/bryan-county/,location,3,EVALUATE,/locations/georgia/savannah/,Rule 4: separate municipality nested under the nearest office city. Keep only with real rankings/traffic or genuine service history — needs the GSC baseline. Default is 301 to the parent city hub.,en,100,3811
https://rodenlaw.com/locations/georgia/savannah/westside-savannah/,location,3,REMOVE,/locations/georgia/savannah/,"Rule 3: district of the office city above it, i.e. below city level. Cannot be edited into legitimacy.",en,93,3809
https://rodenlaw.com/locations/georgia/savannah/guyton/,location,3,EVALUATE,/locations/georgia/savannah/,Rule 4: separate municipality nested under the nearest office city. Keep only with real rankings/traffic or genuine service history — needs the GSC baseline. Default is 301 to the parent city hub.,en,68,3807
https://rodenlaw.com/locations/georgia/savannah/springfield/,location,3,EVALUATE,/locations/georgia/savannah/,Rule 4: separate municipality nested under the nearest office city. Keep only with real rankings/traffic or genuine service history — needs the GSC baseline. Default is 301 to the parent city hub.,en,62,3806
https://rodenlaw.com/locations/georgia/savannah/skidaway-island/,location,3,EVALUATE,/locations/georgia/savannah/,Rule 4: separate municipality nested under the nearest office city. Keep only with real rankings/traffic or genuine service history — needs the GSC baseline. Default is 301 to the parent city hub.,en,82,3805
https://rodenlaw.com/locations/georgia/savannah/whitemarsh-island/,location,3,EVALUATE,/locations/georgia/savannah/,Rule 4: separate municipality nested under the nearest office city. Keep only with real rankings/traffic or genuine service history — needs the GSC baseline. Default is 301 to the parent city hub.,en,57,3804
https://rodenlaw.com/locations/georgia/savannah/thunderbolt/,location,3,EVALUATE,/locations/georgia/savannah/,Rule 4: separate municipality nested under the nearest office city. Keep only with real rankings/traffic or genuine service history — needs the GSC baseline. Default is 301 to the parent city hub.,en,56,3803
https://rodenlaw.com/locations/georgia/savannah/isle-of-hope/,location,3,EVALUATE,/locations/georgia/savannah/,Rule 4: separate municipality nested under the nearest office city. Keep only with real rankings/traffic or genuine service history — needs the GSC baseline. Default is 301 to the parent city hub.,en,55,3802
https://rodenlaw.com/locations/georgia/savannah/downtown-savannah/,location,3,REMOVE,/locations/georgia/savannah/,"Rule 3: district of the office city above it, i.e. below city level. Cannot be edited into legitimacy.",en,94,3801
https://rodenlaw.com/locations/georgia/savannah/bloomingdale/,location,3,EVALUATE,/locations/georgia/savannah/,Rule 4: separate municipality nested under the nearest office city. Keep only with real rankings/traffic or genuine service history — needs the GSC baseline. Default is 301 to the parent city hub.,en,81,3800
https://rodenlaw.com/locations/georgia/savannah/effingham-county/,location,3,EVALUATE,/locations/georgia/savannah/,Rule 4: separate municipality nested under the nearest office city. Keep only with real rankings/traffic or genuine service history — needs the GSC baseline. Default is 301 to the parent city hub.,en,117,3799
https://rodenlaw.com/locations/georgia/savannah/statesboro/,location,3,EVALUATE,/locations/georgia/savannah/,Rule 4: separate municipality nested under the nearest office city. Keep only with real rankings/traffic or genuine service history — needs the GSC baseline. Default is 301 to the parent city hub.,en,94,3798
https://rodenlaw.com/locations/georgia/savannah/hinesville/,location,3,EVALUATE,/locations/georgia/savannah/,Rule 4: separate municipality nested under the nearest office city. Keep only with real rankings/traffic or genuine service history — needs the GSC baseline. Default is 301 to the parent city hub.,en,99,3797
https://rodenlaw.com/locations/georgia/savannah/midtown-savannah/,location,3,REMOVE,/locations/georgia/savannah/,"Rule 3: district of the office city above it, i.e. below city level. Cannot be edited into legitimacy.",en,125,3796
https://rodenlaw.com/locations/georgia/savannah/southside-savannah/,location,3,REMOVE,/locations/georgia/savannah/,"Rule 3: district of the office city above it, i.e. below city level. Cannot be edited into legitimacy.",en,143,3795
https://rodenlaw.com/locations/georgia/savannah/tybee-island/,location,3,EVALUATE,/locations/georgia/savannah/,Rule 4: separate municipality nested under the nearest office city. Keep only with real rankings/traffic or genuine service history — needs the GSC baseline. Default is 301 to the parent city hub.,en,137,3794
https://rodenlaw.com/locations/georgia/savannah/wilmington-island/,location,3,EVALUATE,/locations/georgia/savannah/,Rule 4: separate municipality nested under the nearest office city. Keep only with real rankings/traffic or genuine service history — needs the GSC baseline. Default is 301 to the parent city hub.,en,91,3793
https://rodenlaw.com/locations/georgia/savannah/port-wentworth/,location,3,EVALUATE,/locations/georgia/savannah/,Rule 4: separate municipality nested under the nearest office city. Keep only with real rankings/traffic or genuine service history — needs the GSC baseline. Default is 301 to the parent city hub.,en,130,3792
https://rodenlaw.com/locations/georgia/savannah/garden-city/,location,3,EVALUATE,/locations/georgia/savannah/,Rule 4: separate municipality nested under the nearest office city. Keep only with real rankings/traffic or genuine service history — needs the GSC baseline. Default is 301 to the parent city hub.,en,130,3791
https://rodenlaw.com/locations/georgia/savannah/rincon/,location,3,EVALUATE,/locations/georgia/savannah/,Rule 4: separate municipality nested under the nearest office city. Keep only with real rankings/traffic or genuine service history — needs the GSC baseline. Default is 301 to the parent city hub.,en,140,3790
https://rodenlaw.com/locations/georgia/savannah/richmond-hill/,location,3,EVALUATE,/locations/georgia/savannah/,Rule 4: separate municipality nested under the nearest office city. Keep only with real rankings/traffic or genuine service history — needs the GSC baseline. Default is 301 to the parent city hub.,en,153,3789
https://rodenlaw.com/locations/georgia/savannah/pooler/,location,3,EVALUATE,/locations/georgia/savannah/,Rule 4: separate municipality nested under the nearest office city. Keep only with real rankings/traffic or genuine service history — needs the GSC baseline. Default is 301 to the parent city hub.,en,142,3788
https://rodenlaw.com/locations/south-carolina/charleston/johns-island/,location,3,EVALUATE,/locations/south-carolina/charleston/,Rule 4: separate municipality nested under the nearest office city. Keep only with real rankings/traffic or genuine service history — needs the GSC baseline. Default is 301 to the parent city hub.,en,125,3768
https://rodenlaw.com/locations/south-carolina/charleston/james-island/,location,3,EVALUATE,/locations/south-carolina/charleston/,Rule 4: separate municipality nested under the nearest office city. Keep only with real rankings/traffic or genuine service history — needs the GSC baseline. Default is 301 to the parent city hub.,en,105,3767
https://rodenlaw.com/locations/south-carolina/north-charleston/goose-creek/,location,3,EVALUATE,/locations/south-carolina/north-charleston/,Rule 4: separate municipality nested under the nearest office city. Keep only with real rankings/traffic or genuine service history — needs the GSC baseline. Default is 301 to the parent city hub.,en,131,3766
https://rodenlaw.com/locations/south-carolina/charleston/west-ashley/,location,3,REMOVE,/locations/south-carolina/charleston/,"Rule 3: district of the office city above it, i.e. below city level. Cannot be edited into legitimacy.",en,131,3765
https://rodenlaw.com/locations/south-carolina/north-charleston/summerville/,location,3,EVALUATE,/locations/south-carolina/north-charleston/,Rule 4: separate municipality nested under the nearest office city. Keep only with real rankings/traffic or genuine service history — needs the GSC baseline. Default is 301 to the parent city hub.,en,114,3764
https://rodenlaw.com/locations/south-carolina/north-charleston/,location,2,KEEP,,Rule 2: city-level hub for a real office market.,en,135,3763
https://rodenlaw.com/locations/south-carolina/charleston/mount-pleasant/,location,3,EVALUATE,/locations/south-carolina/charleston/,Rule 4: separate municipality nested under the nearest office city. Keep only with real rankings/traffic or genuine service history — needs the GSC baseline. Default is 301 to the parent city hub.,en,155,3762
https://rodenlaw.com/locations/south-carolina/charleston/seabrook-island/,location,3,EVALUATE,/locations/south-carolina/charleston/,Rule 4: separate municipality nested under the nearest office city. Keep only with real rankings/traffic or genuine service history — needs the GSC baseline. Default is 301 to the parent city hub.,en,58,3778
https://rodenlaw.com/locations/south-carolina/charleston/kiawah-island/,location,3,EVALUATE,/locations/south-carolina/charleston/,Rule 4: separate municipality nested under the nearest office city. Keep only with real rankings/traffic or genuine service history — needs the GSC baseline. Default is 301 to the parent city hub.,en,83,3777
https://rodenlaw.com/locations/south-carolina/north-charleston/moncks-corner/,location,3,EVALUATE,/locations/south-carolina/north-charleston/,Rule 4: separate municipality nested under the nearest office city. Keep only with real rankings/traffic or genuine service history — needs the GSC baseline. Default is 301 to the parent city hub.,en,81,3776
https://rodenlaw.com/locations/south-carolina/charleston/downtown-charleston/,location,3,REMOVE,/locations/south-carolina/charleston/,"Rule 3: district of the office city above it, i.e. below city level. Cannot be edited into legitimacy.",en,92,3775
https://rodenlaw.com/locations/south-carolina/charleston/sullivans-island/,location,3,EVALUATE,/locations/south-carolina/charleston/,Rule 4: separate municipality nested under the nearest office city. Keep only with real rankings/traffic or genuine service history — needs the GSC baseline. Default is 301 to the parent city hub.,en,80,3774
https://rodenlaw.com/locations/south-carolina/charleston/isle-of-palms/,location,3,EVALUATE,/locations/south-carolina/charleston/,Rule 4: separate municipality nested under the nearest office city. Keep only with real rankings/traffic or genuine service history — needs the GSC baseline. Default is 301 to the parent city hub.,en,75,3773
https://rodenlaw.com/locations/south-carolina/charleston/folly-beach/,location,3,EVALUATE,/locations/south-carolina/charleston/,Rule 4: separate municipality nested under the nearest office city. Keep only with real rankings/traffic or genuine service history — needs the GSC baseline. Default is 301 to the parent city hub.,en,91,3772
https://rodenlaw.com/locations/south-carolina/north-charleston/hanahan/,location,3,EVALUATE,/locations/south-carolina/north-charleston/,Rule 4: separate municipality nested under the nearest office city. Keep only with real rankings/traffic or genuine service history — needs the GSC baseline. Default is 301 to the parent city hub.,en,65,3771
https://rodenlaw.com/locations/south-carolina/north-charleston/ladson/,location,3,EVALUATE,/locations/south-carolina/north-charleston/,Rule 4: separate municipality nested under the nearest office city. Keep only with real rankings/traffic or genuine service history — needs the GSC baseline. Default is 301 to the parent city hub.,en,88,3770
https://rodenlaw.com/locations/south-carolina/charleston/daniel-island/,location,3,REMOVE,/locations/south-carolina/charleston/,"Rule 3: district of the office city above it, i.e. below city level. Cannot be edited into legitimacy.",en,82,3769
https://rodenlaw.com/locations/south-carolina/charleston/mcclellanville/,location,3,EVALUATE,/locations/south-carolina/charleston/,Rule 4: separate municipality nested under the nearest office city. Keep only with real rankings/traffic or genuine service history — needs the GSC baseline. Default is 301 to the parent city hub.,en,89,3786
https://rodenlaw.com/locations/south-carolina/charleston/edisto-island/,location,3,EVALUATE,/locations/south-carolina/charleston/,Rule 4: separate municipality nested under the nearest office city. Keep only with real rankings/traffic or genuine service history — needs the GSC baseline. Default is 301 to the parent city hub.,en,99,3785
https://rodenlaw.com/locations/south-carolina/charleston/wadmalaw-island/,location,3,EVALUATE,/locations/south-carolina/charleston/,Rule 4: separate municipality nested under the nearest office city. Keep only with real rankings/traffic or genuine service history — needs the GSC baseline. Default is 301 to the parent city hub.,en,84,3784
https://rodenlaw.com/locations/south-carolina/charleston/meggett/,location,3,EVALUATE,/locations/south-carolina/charleston/,Rule 4: separate municipality nested under the nearest office city. Keep only with real rankings/traffic or genuine service history — needs the GSC baseline. Default is 301 to the parent city hub.,en,34,3783
https://rodenlaw.com/locations/south-carolina/charleston/ravenel/,location,3,EVALUATE,/locations/south-carolina/charleston/,Rule 4: separate municipality nested under the nearest office city. Keep only with real rankings/traffic or genuine service history — needs the GSC baseline. Default is 301 to the parent city hub.,en,58,3782
https://rodenlaw.com/locations/south-carolina/charleston/hollywood/,location,3,EVALUATE,/locations/south-carolina/charleston/,Rule 4: separate municipality nested under the nearest office city. Keep only with real rankings/traffic or genuine service history — needs the GSC baseline. Default is 301 to the parent city hub.,en,61,3781
https://rodenlaw.com/locations/south-carolina/charleston/awendaw/,location,3,EVALUATE,/locations/south-carolina/charleston/,Rule 4: separate municipality nested under the nearest office city. Keep only with real rankings/traffic or genuine service history — needs the GSC baseline. Default is 301 to the parent city hub.,en,74,3780
https://rodenlaw.com/locations/south-carolina/myrtle-beach/,location,2,KEEP,,Rule 2: city-level hub for a real office market.,en,42,3601
https://rodenlaw.com/locations/south-carolina/columbia/,location,2,KEEP,,Rule 2: city-level hub for a real office market.,en,40,3600
https://rodenlaw.com/locations/south-carolina/charleston/,location,2,KEEP,,Rule 2: city-level hub for a real office market.,en,38,3599
https://rodenlaw.com/locations/georgia/darien/,location,2,KEEP,,Rule 2: city-level hub for a real office market.,en,39,3598
https://rodenlaw.com/locations/georgia/savannah/,location,2,KEEP,,Rule 2: city-level hub for a real office market.,en,36,3597
https://rodenlaw.com/locations/south-carolina/,location,1,KEEP,,Guardrail keep-list: state parent of the office hubs.,en,32,3596
https://rodenlaw.com/locations/georgia/,location,1,KEEP,,Guardrail keep-list: state parent of the office hubs.,en,32,3595
https://rodenlaw.com/case-results/275000-settlement-auto-accident-3/,case_result,2,KEEP,,Guardrail keep-list: case_result page.,en,0,4045
https://rodenlaw.com/case-results/275000-recovery-auto-accident-2/,case_result,2,KEEP,,Guardrail keep-list: case_result page.,en,0,4044
https://rodenlaw.com/case-results/275000-recovery-auto-accident/,case_result,2,KEEP,,Guardrail keep-list: case_result page.,en,0,4043
https://rodenlaw.com/case-results/275000-settlement-auto-accident-2/,case_result,2,KEEP,,Guardrail keep-list: case_result page.,en,0,4042
https://rodenlaw.com/case-results/275000-settlement-auto-accident/,case_result,2,KEEP,,Guardrail keep-list: case_result page.,en,0,4041
https://rodenlaw.com/case-results/295000-recovery-auto-accident/,case_result,2,KEEP,,Guardrail keep-list: case_result page.,en,0,4040
https://rodenlaw.com/case-results/300000-settlement-workers-compensation/,case_result,2,KEEP,,Guardrail keep-list: case_result page.,en,0,4039
https://rodenlaw.com/case-results/300000-settlement-auto-accident-4/,case_result,2,KEEP,,Guardrail keep-list: case_result page.,en,0,4038
https://rodenlaw.com/case-results/300000-settlement-auto-accident-3/,case_result,2,KEEP,,Guardrail keep-list: case_result page.,en,0,4037
https://rodenlaw.com/case-results/300000-recovery-truck-accident/,case_result,2,KEEP,,Guardrail keep-list: case_result page.,en,0,4036
https://rodenlaw.com/case-results/300000-settlement-auto-accident-2/,case_result,2,KEEP,,Guardrail keep-list: case_result page.,en,0,4035
https://rodenlaw.com/case-results/300000-settlement-premises-liability/,case_result,2,KEEP,,Guardrail keep-list: case_result page.,en,0,4034
https://rodenlaw.com/case-results/300000-resolution-auto-accident/,case_result,2,KEEP,,Guardrail keep-list: case_result page.,en,0,4033
https://rodenlaw.com/case-results/300000-settlement-auto-accident/,case_result,2,KEEP,,Guardrail keep-list: case_result page.,en,0,4032
https://rodenlaw.com/case-results/305000-settlement-premises-liability-2/,case_result,2,KEEP,,Guardrail keep-list: case_result page.,en,0,4031
https://rodenlaw.com/case-results/305000-settlement-premises-liability/,case_result,2,KEEP,,Guardrail keep-list: case_result page.,en,0,4030
https://rodenlaw.com/case-results/320000-recovery-workers-compensation/,case_result,2,KEEP,,Guardrail keep-list: case_result page.,en,0,4029
https://rodenlaw.com/case-results/325000-resolution-auto-accident/,case_result,2,KEEP,,Guardrail keep-list: case_result page.,en,0,4028
https://rodenlaw.com/case-results/350000-settlement-nursing-home-elder-abuse/,case_result,2,KEEP,,Guardrail keep-list: case_result page.,en,0,4027
https://rodenlaw.com/case-results/350000-settlement-auto-accident/,case_result,2,KEEP,,Guardrail keep-list: case_result page.,en,0,4026
https://rodenlaw.com/case-results/385000-recovery-auto-accident/,case_result,2,KEEP,,Guardrail keep-list: case_result page.,en,0,4025
https://rodenlaw.com/case-results/390000-recovery-auto-accident/,case_result,2,KEEP,,Guardrail keep-list: case_result page.,en,0,4024
https://rodenlaw.com/case-results/400000-settlement-auto-accident-2/,case_result,2,KEEP,,Guardrail keep-list: case_result page.,en,0,4023
https://rodenlaw.com/case-results/400000-settlement-auto-accident/,case_result,2,KEEP,,Guardrail keep-list: case_result page.,en,0,4022
https://rodenlaw.com/case-results/405000-settlement-auto-accident/,case_result,2,KEEP,,Guardrail keep-list: case_result page.,en,0,4021
https://rodenlaw.com/case-results/465000-recovery-truck-accident/,case_result,2,KEEP,,Guardrail keep-list: case_result page.,en,0,4020
https://rodenlaw.com/case-results/496000-settlement-truck-accident/,case_result,2,KEEP,,Guardrail keep-list: case_result page.,en,0,4019
https://rodenlaw.com/case-results/500000-resolution-workers-compensation/,case_result,2,KEEP,,Guardrail keep-list: case_result page.,en,0,4018
https://rodenlaw.com/case-results/500000-recovery-truck-accident/,case_result,2,KEEP,,Guardrail keep-list: case_result page.,en,0,4017
https://rodenlaw.com/case-results/515000-settlement-auto-accident/,case_result,2,KEEP,,Guardrail keep-list: case_result page.,en,0,4016
https://rodenlaw.com/case-results/525000-settlement-truck-accident/,case_result,2,KEEP,,Guardrail keep-list: case_result page.,en,0,4015
https://rodenlaw.com/case-results/525000-recovery-auto-accident/,case_result,2,KEEP,,Guardrail keep-list: case_result page.,en,0,4014
https://rodenlaw.com/case-results/565000-settlement-truck-accident/,case_result,2,KEEP,,Guardrail keep-list: case_result page.,en,0,4013
https://rodenlaw.com/case-results/575000-settlement-auto-accident/,case_result,2,KEEP,,Guardrail keep-list: case_result page.,en,0,4012
https://rodenlaw.com/case-results/575000-settlement-truck-accident/,case_result,2,KEEP,,Guardrail keep-list: case_result page.,en,0,4011
https://rodenlaw.com/case-results/575000-settlement-workers-compensation/,case_result,2,KEEP,,Guardrail keep-list: case_result page.,en,0,4010
https://rodenlaw.com/case-results/600000-settlement-auto-accident-2/,case_result,2,KEEP,,Guardrail keep-list: case_result page.,en,0,4009
https://rodenlaw.com/case-results/600000-settlement-auto-accident/,case_result,2,KEEP,,Guardrail keep-list: case_result page.,en,0,4008
https://rodenlaw.com/case-results/600000-recovery-truck-accident/,case_result,2,KEEP,,Guardrail keep-list: case_result page.,en,0,4007
https://rodenlaw.com/case-results/600000-settlement-truck-accident/,case_result,2,KEEP,,Guardrail keep-list: case_result page.,en,0,4006
https://rodenlaw.com/case-results/650000-recovery-truck-accident-2/,case_result,2,KEEP,,Guardrail keep-list: case_result page.,en,0,4005
https://rodenlaw.com/case-results/650000-recovery-truck-accident/,case_result,2,KEEP,,Guardrail keep-list: case_result page.,en,0,4004
https://rodenlaw.com/case-results/700000-settlement-product-liability/,case_result,2,KEEP,,Guardrail keep-list: case_result page.,en,0,4003
https://rodenlaw.com/case-results/700000-recovery-auto-accident/,case_result,2,KEEP,,Guardrail keep-list: case_result page.,en,0,4002
https://rodenlaw.com/case-results/780000-resolution-truck-accident/,case_result,2,KEEP,,Guardrail keep-list: case_result page.,en,0,4001
https://rodenlaw.com/case-results/900000-settlement-truck-accident/,case_result,2,KEEP,,Guardrail keep-list: case_result page.,en,0,4000
https://rodenlaw.com/case-results/900000-settlement-workers-compensation/,case_result,2,KEEP,,Guardrail keep-list: case_result page.,en,0,3999
https://rodenlaw.com/case-results/950000-recovery-truck-accident/,case_result,2,KEEP,,Guardrail keep-list: case_result page.,en,0,3998
https://rodenlaw.com/case-results/1000000-recovery-auto-accident/,case_result,2,KEEP,,Guardrail keep-list: case_result page.,en,0,3997
https://rodenlaw.com/case-results/1000000-settlement-auto-accident-2/,case_result,2,KEEP,,Guardrail keep-list: case_result page.,en,0,3996
https://rodenlaw.com/case-results/1000000-settlement-auto-accident/,case_result,2,KEEP,,Guardrail keep-list: case_result page.,en,0,3995
https://rodenlaw.com/case-results/1300000-settlement-auto-accident/,case_result,2,KEEP,,Guardrail keep-list: case_result page.,en,0,3994
https://rodenlaw.com/case-results/1550000-settlement-auto-accident/,case_result,2,KEEP,,Guardrail keep-list: case_result page.,en,0,3993
https://rodenlaw.com/case-results/1675000-recovery-auto-accident/,case_result,2,KEEP,,Guardrail keep-list: case_result page.,en,0,3992
https://rodenlaw.com/case-results/2500000-settlement-auto-accident/,case_result,2,KEEP,,Guardrail keep-list: case_result page.,en,0,3991
https://rodenlaw.com/case-results/3000000-settlement-auto-accident/,case_result,2,KEEP,,Guardrail keep-list: case_result page.,en,0,3990
https://rodenlaw.com/case-results/3350000-verdict-premises-liability/,case_result,2,KEEP,,Guardrail keep-list: case_result page.,en,0,3989
https://rodenlaw.com/case-results/9800000-recovery-premises-liability/,case_result,2,KEEP,,Guardrail keep-list: case_result page.,en,0,3988
https://rodenlaw.com/case-results/10860000-verdict-product-liability/,case_result,2,KEEP,,Guardrail keep-list: case_result page.,en,0,3987
https://rodenlaw.com/case-results/27000000-settlement-truck-accident/,case_result,2,KEEP,,Guardrail keep-list: case_result page.,en,0,3986
https://rodenlaw.com/case-results/100000-resolution-auto-accident-6/,case_result,2,KEEP,,Guardrail keep-list: case_result page.,en,0,3985
https://rodenlaw.com/case-results/100000-resolution-auto-accident-5/,case_result,2,KEEP,,Guardrail keep-list: case_result page.,en,0,3984
https://rodenlaw.com/case-results/100000-resolution-auto-accident-4/,case_result,2,KEEP,,Guardrail keep-list: case_result page.,en,0,3983
https://rodenlaw.com/case-results/100000-recovery-workers-compensation-2/,case_result,2,KEEP,,Guardrail keep-list: case_result page.,en,0,3982
https://rodenlaw.com/case-results/100000-recovery-workers-compensation/,case_result,2,KEEP,,Guardrail keep-list: case_result page.,en,0,3981
https://rodenlaw.com/case-results/100000-settlement-workers-compensation-2/,case_result,2,KEEP,,Guardrail keep-list: case_result page.,en,0,3980
https://rodenlaw.com/case-results/103000-recovery-workers-compensation/,case_result,2,KEEP,,Guardrail keep-list: case_result page.,en,0,3979
https://rodenlaw.com/case-results/106000-recovery-workers-compensation/,case_result,2,KEEP,,Guardrail keep-list: case_result page.,en,0,3978
https://rodenlaw.com/case-results/117500-recovery-truck-accident/,case_result,2,KEEP,,Guardrail keep-list: case_result page.,en,0,3977
https://rodenlaw.com/case-results/120000-recovery-auto-accident/,case_result,2,KEEP,,Guardrail keep-list: case_result page.,en,0,3976
https://rodenlaw.com/case-results/120000-settlement-truck-accident/,case_result,2,KEEP,,Guardrail keep-list: case_result page.,en,0,3975
https://rodenlaw.com/case-results/120000-recovery-workers-compensation/,case_result,2,KEEP,,Guardrail keep-list: case_result page.,en,0,3974
https://rodenlaw.com/case-results/123000-settlement-auto-accident/,case_result,2,KEEP,,Guardrail keep-list: case_result page.,en,0,3973
https://rodenlaw.com/case-results/125000-settlement-auto-accident-3/,case_result,2,KEEP,,Guardrail keep-list: case_result page.,en,0,3972
https://rodenlaw.com/case-results/125000-settlement-auto-accident-2/,case_result,2,KEEP,,Guardrail keep-list: case_result page.,en,0,3971
https://rodenlaw.com/case-results/125000-settlement-auto-accident/,case_result,2,KEEP,,Guardrail keep-list: case_result page.,en,0,3970
https://rodenlaw.com/case-results/125000-recovery-auto-accident/,case_result,2,KEEP,,Guardrail keep-list: case_result page.,en,0,3969
https://rodenlaw.com/case-results/125000-resolution-auto-accident/,case_result,2,KEEP,,Guardrail keep-list: case_result page.,en,0,3968
https://rodenlaw.com/case-results/125000-settlement-workers-compensation/,case_result,2,KEEP,,Guardrail keep-list: case_result page.,en,0,3967
https://rodenlaw.com/case-results/130000-settlement-auto-accident/,case_result,2,KEEP,,Guardrail keep-list: case_result page.,en,0,3966
https://rodenlaw.com/case-results/130000-settlement-workers-compensation/,case_result,2,KEEP,,Guardrail keep-list: case_result page.,en,0,3965
https://rodenlaw.com/case-results/135000-settlement-premises-liability/,case_result,2,KEEP,,Guardrail keep-list: case_result page.,en,0,3964
https://rodenlaw.com/case-results/135000-resolution-workers-compensation/,case_result,2,KEEP,,Guardrail keep-list: case_result page.,en,0,3963
https://rodenlaw.com/case-results/135000-recovery-auto-accident/,case_result,2,KEEP,,Guardrail keep-list: case_result page.,en,0,3962
https://rodenlaw.com/case-results/140000-settlement-auto-accident-2/,case_result,2,KEEP,,Guardrail keep-list: case_result page.,en,0,3961
https://rodenlaw.com/case-results/150000-settlement-auto-accident-4/,case_result,2,KEEP,,Guardrail keep-list: case_result page.,en,0,3960
https://rodenlaw.com/case-results/150000-recovery-premises-liability/,case_result,2,KEEP,,Guardrail keep-list: case_result page.,en,0,3959
https://rodenlaw.com/case-results/150000-resolution-auto-accident/,case_result,2,KEEP,,Guardrail keep-list: case_result page.,en,0,3958
https://rodenlaw.com/case-results/150000-settlement-auto-accident-3/,case_result,2,KEEP,,Guardrail keep-list: case_result page.,en,0,3957
https://rodenlaw.com/case-results/150000-settlement-auto-accident-2/,case_result,2,KEEP,,Guardrail keep-list: case_result page.,en,0,3956
https://rodenlaw.com/case-results/150000-settlement-auto-accident/,case_result,2,KEEP,,Guardrail keep-list: case_result page.,en,0,3955
https://rodenlaw.com/case-results/155000-settlement-auto-accident/,case_result,2,KEEP,,Guardrail keep-list: case_result page.,en,0,3954
https://rodenlaw.com/case-results/160000-recovery-truck-accident/,case_result,2,KEEP,,Guardrail keep-list: case_result page.,en,0,3953
https://rodenlaw.com/case-results/160000-settlement-workers-compensation/,case_result,2,KEEP,,Guardrail keep-list: case_result page.,en,0,3952
https://rodenlaw.com/case-results/162500-settlement-premises-liability/,case_result,2,KEEP,,Guardrail keep-list: case_result page.,en,0,3951
https://rodenlaw.com/case-results/162500-settlement-truck-accident/,case_result,2,KEEP,,Guardrail keep-list: case_result page.,en,0,3950
https://rodenlaw.com/case-results/172000-settlement-workers-compensation/,case_result,2,KEEP,,Guardrail keep-list: case_result page.,en,0,3949
https://rodenlaw.com/case-results/175000-recovery-auto-accident/,case_result,2,KEEP,,Guardrail keep-list: case_result page.,en,0,3948
https://rodenlaw.com/case-results/175000-settlement-auto-accident/,case_result,2,KEEP,,Guardrail keep-list: case_result page.,en,0,3947
https://rodenlaw.com/case-results/180000-settlement-truck-accident/,case_result,2,KEEP,,Guardrail keep-list: case_result page.,en,0,3946
https://rodenlaw.com/case-results/190000-settlement-auto-accident/,case_result,2,KEEP,,Guardrail keep-list: case_result page.,en,0,3945
https://rodenlaw.com/case-results/200000-settlement-premises-liability/,case_result,2,KEEP,,Guardrail keep-list: case_result page.,en,0,3944
https://rodenlaw.com/case-results/200000-settlement-auto-accident-4/,case_result,2,KEEP,,Guardrail keep-list: case_result page.,en,0,3943
https://rodenlaw.com/case-results/200000-settlement-auto-accident-3/,case_result,2,KEEP,,Guardrail keep-list: case_result page.,en,0,3942
https://rodenlaw.com/case-results/200000-resolution-auto-accident/,case_result,2,KEEP,,Guardrail keep-list: case_result page.,en,0,3941
https://rodenlaw.com/case-results/200000-settlement-auto-accident-2/,case_result,2,KEEP,,Guardrail keep-list: case_result page.,en,0,3940
https://rodenlaw.com/case-results/200000-settlement-auto-accident/,case_result,2,KEEP,,Guardrail keep-list: case_result page.,en,0,3939
https://rodenlaw.com/case-results/200000-recovery-workers-compensation/,case_result,2,KEEP,,Guardrail keep-list: case_result page.,en,0,3938
https://rodenlaw.com/case-results/205000-settlement-auto-accident/,case_result,2,KEEP,,Guardrail keep-list: case_result page.,en,0,3937
https://rodenlaw.com/case-results/205000-resolution-auto-accident/,case_result,2,KEEP,,Guardrail keep-list: case_result page.,en,0,3936
https://rodenlaw.com/case-results/210000-settlement-auto-accident/,case_result,2,KEEP,,Guardrail keep-list: case_result page.,en,0,3935
https://rodenlaw.com/case-results/210000-recovery-truck-accident/,case_result,2,KEEP,,Guardrail keep-list: case_result page.,en,0,3934
https://rodenlaw.com/case-results/225000-settlement-auto-accident/,case_result,2,KEEP,,Guardrail keep-list: case_result page.,en,0,3933
https://rodenlaw.com/case-results/225000-recovery-auto-accident/,case_result,2,KEEP,,Guardrail keep-list: case_result page.,en,0,3932
https://rodenlaw.com/case-results/225000-resolution-auto-accident/,case_result,2,KEEP,,Guardrail keep-list: case_result page.,en,0,3931
https://rodenlaw.com/case-results/250000-settlement-auto-accident-4/,case_result,2,KEEP,,Guardrail keep-list: case_result page.,en,0,3930
https://rodenlaw.com/case-results/250000-settlement-auto-accident-3/,case_result,2,KEEP,,Guardrail keep-list: case_result page.,en,0,3929
https://rodenlaw.com/case-results/250000-settlement-auto-accident-2/,case_result,2,KEEP,,Guardrail keep-list: case_result page.,en,0,3928
https://rodenlaw.com/case-results/250000-settlement-auto-accident/,case_result,2,KEEP,,Guardrail keep-list: case_result page.,en,0,3927
https://rodenlaw.com/case-results/250000-settlement-premises-liability-3/,case_result,2,KEEP,,Guardrail keep-list: case_result page.,en,0,3926
https://rodenlaw.com/case-results/100000-settlement-auto-accident-8/,case_result,2,KEEP,,Guardrail keep-list: case_result page.,en,0,3925
https://rodenlaw.com/case-results/100000-settlement-workers-compensation/,case_result,2,KEEP,,Guardrail keep-list: case_result page.,en,0,3924
https://rodenlaw.com/case-results/100000-recovery-auto-accident-3/,case_result,2,KEEP,,Guardrail keep-list: case_result page.,en,0,3923
https://rodenlaw.com/case-results/100000-settlement-auto-accident-7/,case_result,2,KEEP,,Guardrail keep-list: case_result page.,en,0,3922
https://rodenlaw.com/case-results/100000-recovery-auto-accident-2/,case_result,2,KEEP,,Guardrail keep-list: case_result page.,en,0,3921
https://rodenlaw.com/case-results/100000-settlement-auto-accident-6/,case_result,2,KEEP,,Guardrail keep-list: case_result page.,en,0,3920
https://rodenlaw.com/case-results/100000-settlement-auto-accident-5/,case_result,2,KEEP,,Guardrail keep-list: case_result page.,en,0,3919
https://rodenlaw.com/case-results/100000-settlement-auto-accident-4/,case_result,2,KEEP,,Guardrail keep-list: case_result page.,en,0,3918
https://rodenlaw.com/case-results/100000-settlement-auto-accident-3/,case_result,2,KEEP,,Guardrail keep-list: case_result page.,en,0,3917
https://rodenlaw.com/case-results/100000-settlement-auto-accident-2/,case_result,2,KEEP,,Guardrail keep-list: case_result page.,en,0,3916
https://rodenlaw.com/case-results/100000-settlement-auto-accident/,case_result,2,KEEP,,Guardrail keep-list: case_result page.,en,0,3915
https://rodenlaw.com/case-results/100000-resolution-auto-accident-3/,case_result,2,KEEP,,Guardrail keep-list: case_result page.,en,0,3914
https://rodenlaw.com/case-results/100000-resolution-auto-accident-2/,case_result,2,KEEP,,Guardrail keep-list: case_result page.,en,0,3913
https://rodenlaw.com/case-results/100000-resolution-auto-accident/,case_result,2,KEEP,,Guardrail keep-list: case_result page.,en,0,3912
https://rodenlaw.com/case-results/100000-recovery-auto-accident/,case_result,2,KEEP,,Guardrail keep-list: case_result page.,en,0,3911
https://rodenlaw.com/case-results/100000-settlement-nursing-home/,case_result,2,KEEP,,Guardrail keep-list: case_result page.,en,0,3910
https://rodenlaw.com/case-results/130000-recovery-animal-attack/,case_result,2,KEEP,,Guardrail keep-list: case_result page.,en,0,3909
https://rodenlaw.com/case-results/150000-recovery-auto-accident/,case_result,2,KEEP,,Guardrail keep-list: case_result page.,en,0,3908
https://rodenlaw.com/case-results/250000-recovery-wrongful-death/,case_result,2,KEEP,,Guardrail keep-list: case_result page.,en,0,3907
https://rodenlaw.com/case-results/1700000-settlement-brain-injury/,case_result,2,KEEP,,Guardrail keep-list: case_result page.,en,0,3906
https://rodenlaw.com/case-results/142000-recovery-truck-accident/,case_result,2,KEEP,,Guardrail keep-list: case_result page.,en,0,3905
https://rodenlaw.com/case-results/150000-recovery-truck-accident/,case_result,2,KEEP,,Guardrail keep-list: case_result page.,en,0,3904
https://rodenlaw.com/case-results/250000-policy-limits-dui-accident/,case_result,2,KEEP,,Guardrail keep-list: case_result page.,en,0,3903
https://rodenlaw.com/case-results/400000-settlement-premises-liability/,case_result,2,KEEP,,Guardrail keep-list: case_result page.,en,0,3902
https://rodenlaw.com/case-results/250000-settlement-premises-liability-2/,case_result,2,KEEP,,Guardrail keep-list: case_result page.,en,0,3901
https://rodenlaw.com/case-results/355000-settlement-auto-accident/,case_result,2,KEEP,,Guardrail keep-list: case_result page.,en,0,3900
https://rodenlaw.com/case-results/318000-settlement-truck-accident/,case_result,2,KEEP,,Guardrail keep-list: case_result page.,en,0,3899
https://rodenlaw.com/case-results/500000-settlement-auto-accident/,case_result,2,KEEP,,Guardrail keep-list: case_result page.,en,0,3898
https://rodenlaw.com/case-results/250000-settlement-premises-liability/,case_result,2,KEEP,,Guardrail keep-list: case_result page.,en,0,3897
https://rodenlaw.com/case-results/100000-recovery-work-injury/,case_result,2,KEEP,,Guardrail keep-list: case_result page.,en,0,3896
https://rodenlaw.com/case-results/1250000-settlement-wrongful-death/,case_result,2,KEEP,,Guardrail keep-list: case_result page.,en,0,3895
https://rodenlaw.com/case-results/300000-recovery-product-liability/,case_result,2,KEEP,,Guardrail keep-list: case_result page.,en,0,3894
https://rodenlaw.com/case-results/100000-policy-limits-auto-accident/,case_result,2,KEEP,,Guardrail keep-list: case_result page.,en,0,3893
https://rodenlaw.com/case-results/140000-settlement-auto-accident/,case_result,2,KEEP,,Guardrail keep-list: case_result page.,en,0,3892
https://rodenlaw.com/case-results/200000-policy-limits-auto-accident/,case_result,2,KEEP,,Guardrail keep-list: case_result page.,en,0,3891
https://rodenlaw.com/case-results/750000-recovery-truck-accident-2/,case_result,2,KEEP,,Guardrail keep-list: case_result page.,en,0,3890
https://rodenlaw.com/resources/georgia-statute-of-limitations/,resource,2,KEEP,,Guardrail keep-list: resource page.,en,1766,5223
https://rodenlaw.com/resources/truck-accident-settlement-process/,resource,2,KEEP,,Guardrail keep-list: resource page.,en,2135,5220
https://rodenlaw.com/es/resources/georgia-truck-accident-settlement-value/,resource,2,KEEP,,Guardrail keep-list: resource page. Rule 8 exception: keep regardless if this /es/ page outranks or out-earns its English twin — verify before removing.,es,1301,5211
https://rodenlaw.com/es/resources/georgia-car-accident-settlement-value/,resource,2,KEEP,,Guardrail keep-list: resource page. Rule 8 exception: keep regardless if this /es/ page outranks or out-earns its English twin — verify before removing.,es,1110,5210
https://rodenlaw.com/es/resources/south-carolina-personal-injury-faq/,resource,2,KEEP,,Guardrail keep-list: resource page. Rule 8 exception: keep regardless if this /es/ page outranks or out-earns its English twin — verify before removing.,es,231,4937
https://rodenlaw.com/es/resources/south-carolina-workers-comp-impairment-rating-mmi/,resource,2,KEEP,,Guardrail keep-list: resource page. Rule 8 exception: keep regardless if this /es/ page outranks or out-earns its English twin — verify before removing.,es,798,4936
https://rodenlaw.com/es/resources/south-carolina-workers-comp-body-part-values/,resource,2,KEEP,,Guardrail keep-list: resource page. Rule 8 exception: keep regardless if this /es/ page outranks or out-earns its English twin — verify before removing.,es,768,4935
https://rodenlaw.com/es/resources/south-carolina-workers-comp-claim-denied/,resource,2,KEEP,,Guardrail keep-list: resource page. Rule 8 exception: keep regardless if this /es/ page outranks or out-earns its English twin — verify before removing.,es,732,4934
https://rodenlaw.com/es/resources/how-much-does-south-carolina-workers-comp-pay/,resource,2,KEEP,,Guardrail keep-list: resource page. Rule 8 exception: keep regardless if this /es/ page outranks or out-earns its English twin — verify before removing.,es,820,4933
https://rodenlaw.com/es/resources/south-carolina-car-accident-settlement-value/,resource,2,KEEP,,Guardrail keep-list: resource page. Rule 8 exception: keep regardless if this /es/ page outranks or out-earns its English twin — verify before removing.,es,809,4932
https://rodenlaw.com/es/resources/south-carolina-um-uim-stacking/,resource,2,KEEP,,Guardrail keep-list: resource page. Rule 8 exception: keep regardless if this /es/ page outranks or out-earns its English twin — verify before removing.,es,780,4931
https://rodenlaw.com/es/resources/south-carolina-comparative-negligence/,resource,2,KEEP,,Guardrail keep-list: resource page. Rule 8 exception: keep regardless if this /es/ page outranks or out-earns its English twin — verify before removing.,es,722,4930
https://rodenlaw.com/es/resources/south-carolina-statute-of-limitations/,resource,2,KEEP,,Guardrail keep-list: resource page. Rule 8 exception: keep regardless if this /es/ page outranks or out-earns its English twin — verify before removing.,es,817,4929
https://rodenlaw.com/resources/south-carolina-wrongful-death-settlement-value/,resource,2,KEEP,,Guardrail keep-list: resource page.,en,1094,4861
https://rodenlaw.com/resources/south-carolina-premises-liability-settlement-value/,resource,2,KEEP,,Guardrail keep-list: resource page.,en,1260,4860
https://rodenlaw.com/resources/south-carolina-slip-and-fall-settlement-value/,resource,2,KEEP,,Guardrail keep-list: resource page.,en,1263,4859
https://rodenlaw.com/resources/south-carolina-motorcycle-accident-settlement-value/,resource,2,KEEP,,Guardrail keep-list: resource page.,en,1251,4858
https://rodenlaw.com/resources/south-carolina-workers-comp-claim-denied/,resource,2,KEEP,,Guardrail keep-list: resource page.,en,752,4842
https://rodenlaw.com/resources/south-carolina-workers-comp-impairment-rating-mmi/,resource,2,KEEP,,Guardrail keep-list: resource page.,en,772,4841
https://rodenlaw.com/resources/how-much-does-south-carolina-workers-comp-pay/,resource,2,KEEP,,Guardrail keep-list: resource page.,en,883,4840
https://rodenlaw.com/resources/south-carolina-workers-comp-body-part-values/,resource,2,KEEP,,Guardrail keep-list: resource page.,en,826,4839
https://rodenlaw.com/resources/south-carolina-personal-injury-faq/,resource,2,KEEP,,Guardrail keep-list: resource page.,en,226,4814
https://rodenlaw.com/resources/south-carolina-car-seat-laws/,resource,2,KEEP,,Guardrail keep-list: resource page.,en,1154,4813
https://rodenlaw.com/resources/south-carolina-um-uim-stacking/,resource,2,KEEP,,Guardrail keep-list: resource page.,en,876,4812
https://rodenlaw.com/resources/south-carolina-comparative-negligence/,resource,2,KEEP,,Guardrail keep-list: resource page.,en,1040,4811
https://rodenlaw.com/resources/south-carolina-statute-of-limitations/,resource,2,KEEP,,Guardrail keep-list: resource page.,en,1406,4810
https://rodenlaw.com/resources/south-carolina-car-accident-settlement-value/,resource,2,KEEP,,Guardrail keep-list: resource page.,en,1547,4809
https://rodenlaw.com/resources/georgia-truck-accident-settlement-value/,resource,2,KEEP,,Guardrail keep-list: resource page.,en,1380,4808
https://rodenlaw.com/resources/georgia-car-accident-settlement-value/,resource,2,KEEP,,Guardrail keep-list: resource page.,en,1466,4807
https://rodenlaw.com/resources/south-carolina-truck-accident-settlement-value/,resource,2,KEEP,,Guardrail keep-list: resource page.,en,1472,4806
https://rodenlaw.com/resources/georgetown-county-us-17-truck-accidents/,resource,2,KEEP,,Guardrail keep-list: resource page.,en,1361,4690
https://rodenlaw.com/resources/i-95-widening-construction-zone-ga-sc/,resource,2,KEEP,,Guardrail keep-list: resource page.,en,1149,4689
https://rodenlaw.com/resources/blythewood-i-77-truck-accidents/,resource,2,KEEP,,Guardrail keep-list: resource page.,en,1219,4688
https://rodenlaw.com/resources/carolina-crossroads-construction-zone-truck-accidents/,resource,2,KEEP,,Guardrail keep-list: resource page.,en,1096,4687
https://rodenlaw.com/resources/us-52-truck-train-accidents-goose-creek/,resource,2,KEEP,,Guardrail keep-list: resource page.,en,1128,4686
https://rodenlaw.com/resources/i-526-construction-zone-truck-accidents-charleston/,resource,2,KEEP,,Guardrail keep-list: resource page.,en,1096,4685
https://rodenlaw.com/resources/jimmy-deloach-connector-truck-accidents-savannah/,resource,2,KEEP,,Guardrail keep-list: resource page.,en,1135,4684
https://rodenlaw.com/resources/i-16-i-95-construction-zone-truck-accidents/,resource,2,KEEP,,Guardrail keep-list: resource page.,en,1009,4683
https://rodenlaw.com/resources/us-17-sc-544-truck-accidents-surfside-beach/,resource,2,KEEP,,Guardrail keep-list: resource page.,en,1196,4682
https://rodenlaw.com/resources/highway-22-truck-accidents-conway-bypass/,resource,2,KEEP,,Guardrail keep-list: resource page.,en,1160,4681
https://rodenlaw.com/resources/bush-river-road-i-26-truck-accidents-columbia/,resource,2,KEEP,,Guardrail keep-list: resource page.,en,1116,4680
https://rodenlaw.com/resources/two-notch-road-truck-accidents-columbia/,resource,2,KEEP,,Guardrail keep-list: resource page.,en,1132,4679
https://rodenlaw.com/resources/broad-river-road-truck-accidents-columbia/,resource,2,KEEP,,Guardrail keep-list: resource page.,en,1058,4678
https://rodenlaw.com/resources/aviation-avenue-i-26-truck-accidents/,resource,2,KEEP,,Guardrail keep-list: resource page.,en,1149,4677
https://rodenlaw.com/resources/port-access-road-truck-accidents-leatherman-terminal/,resource,2,KEEP,,Guardrail keep-list: resource page.,en,1004,4676
https://rodenlaw.com/resources/spruill-avenue-port-trucks-north-charleston/,resource,2,KEEP,,Guardrail keep-list: resource page.,en,1041,4675
https://rodenlaw.com/resources/dorchester-road-truck-accidents-north-charleston/,resource,2,KEEP,,Guardrail keep-list: resource page.,en,1074,4674
https://rodenlaw.com/resources/ogeechee-road-truck-accidents-savannah/,resource,2,KEEP,,Guardrail keep-list: resource page.,en,1159,4673
https://rodenlaw.com/resources/dean-forest-road-truck-accidents-pooler/,resource,2,KEEP,,Guardrail keep-list: resource page.,en,1178,4672
https://rodenlaw.com/resources/bay-street-truck-accidents-savannah-historic-district/,resource,2,KEEP,,Guardrail keep-list: resource page.,en,1154,4671
https://rodenlaw.com/resources/abercorn-street-truck-accidents-savannah/,resource,2,KEEP,,Guardrail keep-list: resource page.,en,1082,4670
https://rodenlaw.com/resources/seasonal-truck-accidents-myrtle-beach/,resource,2,KEEP,,Guardrail keep-list: resource page.,en,461,4669
https://rodenlaw.com/resources/us-17-truck-accidents-grand-strand/,resource,2,KEEP,,Guardrail keep-list: resource page.,en,374,4668
https://rodenlaw.com/resources/highway-501-truck-accidents-conway-myrtle-beach/,resource,2,KEEP,,Guardrail keep-list: resource page.,en,457,4667
https://rodenlaw.com/resources/mount-pleasant-truck-accidents-wando-welch/,resource,2,KEEP,,Guardrail keep-list: resource page.,en,1256,4666
https://rodenlaw.com/resources/summerville-truck-accidents-i-26-corridor/,resource,2,KEEP,,Guardrail keep-list: resource page.,en,1035,4665
https://rodenlaw.com/resources/ashley-phosphate-i-26-truck-accidents/,resource,2,KEEP,,Guardrail keep-list: resource page.,en,1088,4664
https://rodenlaw.com/resources/rivers-avenue-truck-accidents-north-charleston/,resource,2,KEEP,,Guardrail keep-list: resource page.,en,1036,4663
https://rodenlaw.com/resources/port-of-charleston-truck-routes/,resource,2,KEEP,,Guardrail keep-list: resource page.,en,1153,4662
https://rodenlaw.com/resources/i-526-truck-accidents-charleston/,resource,2,KEEP,,Guardrail keep-list: resource page.,en,1217,4661
https://rodenlaw.com/resources/lexington-county-truck-accidents-distribution-corridor/,resource,2,KEEP,,Guardrail keep-list: resource page.,en,1627,4657
https://rodenlaw.com/resources/columbia-i-26-i-20-i-77-interchange-truck-accidents/,resource,2,KEEP,,Guardrail keep-list: resource page.,en,1227,4656
https://rodenlaw.com/resources/i-77-truck-accidents-columbia-rock-hill/,resource,2,KEEP,,Guardrail keep-list: resource page.,en,1332,4655
https://rodenlaw.com/resources/i-20-truck-accidents-columbia/,resource,2,KEEP,,Guardrail keep-list: resource page.,en,1204,4654
https://rodenlaw.com/resources/logging-truck-accidents-us-17-mcintosh-glynn/,resource,2,KEEP,,Guardrail keep-list: resource page.,en,815,4653
https://rodenlaw.com/resources/pooler-warehouse-district-truck-accidents/,resource,2,KEEP,,Guardrail keep-list: resource page.,en,634,4652
https://rodenlaw.com/resources/port-of-savannah-truck-routes/,resource,2,KEEP,,Guardrail keep-list: resource page.,en,896,4651
https://rodenlaw.com/resources/i-516-truck-accidents-port-savannah/,resource,2,KEEP,,Guardrail keep-list: resource page.,en,676,4650
https://rodenlaw.com/resources/i-16-truck-accidents-savannah/,resource,2,KEEP,,Guardrail keep-list: resource page.,en,859,4649
https://rodenlaw.com/resources/i-95-truck-accidents-savannah-brunswick/,resource,2,KEEP,,Guardrail keep-list: resource page.,en,985,4648
https://rodenlaw.com/resources/construction-zone-accidents-north-charleston/,resource,2,KEEP,,Guardrail keep-list: resource page.,en,593,4641
https://rodenlaw.com/resources/personal-injury-claim-charleston-county-court/,resource,2,KEEP,,Guardrail keep-list: resource page.,en,660,4640
https://rodenlaw.com/resources/pedestrian-bicycle-safety-north-charleston/,resource,2,KEEP,,Guardrail keep-list: resource page.,en,647,4639
https://rodenlaw.com/resources/rideshare-accident-north-charleston/,resource,2,KEEP,,Guardrail keep-list: resource page.,en,787,4634
https://rodenlaw.com/resources/workers-comp-north-charleston-warehouse-port/,resource,2,KEEP,,Guardrail keep-list: resource page.,en,767,4633
https://rodenlaw.com/resources/north-charleston-truck-accident-guide/,resource,2,KEEP,,Guardrail keep-list: resource page.,en,884,4632
https://rodenlaw.com/resources/what-to-do-after-car-accident-north-charleston/,resource,2,KEEP,,Guardrail keep-list: resource page.,en,884,4618
https://rodenlaw.com/resources/dangerous-roads-north-charleston/,resource,2,KEEP,,Guardrail keep-list: resource page.,en,841,4617
