page,date,clicks,impressions,ctr,position
https://rodenlaw.com/blog/hipaa-violation-lawsuit-worth/,2026-09-25,4,85,0.04706,5.09
https://rodenlaw.com/blog/medical-malpractice-limits-south-carolina/,2026-09-15,4,140,0.02857,8.46
https://rodenlaw.com/blog/hipaa-violation-lawsuit-worth/,2026-09-30,3,88,0.03409,5.33
https://rodenlaw.com/blog/insurance-company-ignoring-demand-letter/,2026-09-28,3,65,0.04615,7.55
https://rodenlaw.com/blog/liability-for-epilepsy-related-car-accidents/,2026-09-21,3,47,0.06383,6.3
https://rodenlaw.com/blog/myrtle-beach-dangerous-roads-intersections/,2026-09-15,3,130,0.02308,9.22
https://rodenlaw.com/blog/south-carolina-statute-of-limitations-personal-injury/,2026-09-28,3,62,0.04839,7.55
https://rodenlaw.com/blog/atlantic-coastal-highway-us-17-rideshare-uber-lyft-crash-savannah-intermodal-transit-center/,2026-09-26,2,4,0.5,1
https://rodenlaw.com/blog/average-personal-injury-settlement-amounts/,2026-09-15,2,70,0.02857,11.57
https://rodenlaw.com/blog/average-personal-injury-settlement-amounts/,2026-09-25,2,98,0.02041,13.02
https://rodenlaw.com/blog/can-an-insurance-company-go-against-a-police-report/,2026-09-25,2,46,0.04348,6.2
https://rodenlaw.com/blog/can-an-insurance-company-go-against-a-police-report/,2026-09-28,2,42,0.04762,7.02
https://rodenlaw.com/blog/carriage-tour-accidents-downtown-charleston-liability/,2026-09-21,2,9,0.22222,7.22
https://rodenlaw.com/blog/columbia-dangerous-intersections-roads/,2026-09-24,2,31,0.06452,6.13
https://rodenlaw.com/blog/dog-bite-laws-south-carolina-charleston/,2026-09-17,2,30,0.06667,9.77
https://rodenlaw.com/blog/gym-injury-liability/,2026-09-17,2,42,0.04762,7.79
https://rodenlaw.com/blog/gym-injury-liability/,2026-09-19,2,23,0.08696,9.83
https://rodenlaw.com/blog/gym-injury-liability/,2026-09-21,2,48,0.04167,9.21
https://rodenlaw.com/blog/gym-injury-liability/,2026-09-28,2,59,0.0339,6.78
https://rodenlaw.com/blog/hipaa-violation-lawsuit-worth/,2026-09-17,2,48,0.04167,6.58
https://rodenlaw.com/blog/hipaa-violation-lawsuit-worth/,2026-09-18,2,72,0.02778,7.39
https://rodenlaw.com/blog/hipaa-violation-lawsuit-worth/,2026-09-23,2,65,0.03077,6.14
https://rodenlaw.com/blog/hipaa-violation-lawsuit-worth/,2026-09-27,2,56,0.03571,5.88
https://rodenlaw.com/blog/hipaa-violation-lawyer/,2026-09-16,2,29,0.06897,10.76
https://rodenlaw.com/blog/hipaa-violation-lawyer/,2026-09-22,2,14,0.14286,11.86
https://rodenlaw.com/blog/insurance-company-ignoring-demand-letter/,2026-09-15,2,77,0.02597,8.21
https://rodenlaw.com/blog/insurance-company-ignoring-demand-letter/,2026-09-18,2,49,0.04082,5.88
https://rodenlaw.com/blog/insurance-company-ignoring-demand-letter/,2026-09-21,2,73,0.0274,7.08
https://rodenlaw.com/blog/insurance-company-ignoring-demand-letter/,2026-10-02,2,57,0.03509,9.96
https://rodenlaw.com/blog/liability-for-epilepsy-related-car-accidents/,2026-09-23,2,46,0.04348,6.87
https://rodenlaw.com/blog/litchfield-beach-pawleys-island-us-17-car-accident-georgetown-county/,2026-09-26,2,101,0.0198,6.83
https://rodenlaw.com/blog/major-injuries-from-minor-car-accidents/,2026-09-30,2,45,0.04444,14.73
https://rodenlaw.com/blog/medical-malpractice-limits-georgia/,2026-09-29,2,30,0.06667,14.63
https://rodenlaw.com/blog/medical-malpractice-limits-south-carolina/,2026-09-20,2,53,0.03774,8.74
https://rodenlaw.com/blog/medical-malpractice-limits-south-carolina/,2026-09-24,2,119,0.01681,7.1
https://rodenlaw.com/blog/medical-malpractice-limits-south-carolina/,2026-09-30,2,70,0.02857,10.54
https://rodenlaw.com/blog/myrtle-beach-dangerous-roads-intersections/,2026-09-16,2,127,0.01575,9.73
https://rodenlaw.com/blog/myrtle-beach-dangerous-roads-intersections/,2026-09-23,2,123,0.01626,9.9
https://rodenlaw.com/blog/south-carolina-statute-of-limitations-personal-injury/,2026-09-21,2,74,0.02703,7.59
https://rodenlaw.com/blog/third-party-fault-for-work-injuries/,2026-09-23,2,34,0.05882,6.97
https://rodenlaw.com/blog/what-to-do-after-car-accident-georgia/,2026-09-22,2,102,0.01961,20.6
https://rodenlaw.com/blog/what-to-do-after-car-accident-south-carolina/,2026-09-21,2,127,0.01575,9.08
https://rodenlaw.com/blog/when-does-a-sprained-ankle-become-a-work-injury/,2026-09-17,2,42,0.04762,6.69
https://rodenlaw.com/blog/when-does-a-sprained-ankle-become-a-work-injury/,2026-09-22,2,33,0.06061,9.67
https://rodenlaw.com/blog/when-does-a-sprained-ankle-become-a-work-injury/,2026-09-23,2,50,0.04,5.38
https://rodenlaw.com/es/blog/is-hipaa-violation-medical-malpractice/,2026-09-21,2,27,0.07407,6.07
https://rodenlaw.com/blog/accepting-a-cash-offer-after-savannah-car-crash/,2026-10-01,1,1,1,2
https://rodenlaw.com/blog/accident-claims-with-an-expired-license/,2026-09-15,1,17,0.05882,9.41
https://rodenlaw.com/blog/accident-claims-with-an-expired-license/,2026-09-17,1,8,0.125,9.75
https://rodenlaw.com/blog/accident-claims-with-an-expired-license/,2026-09-29,1,9,0.11111,18.67
https://rodenlaw.com/blog/am-i-eligible-for-workers-compensation/,2026-09-28,1,31,0.03226,13.03
https://rodenlaw.com/blog/answering-insurance-questions-after-crash/,2026-09-17,1,33,0.0303,17.67
https://rodenlaw.com/blog/answering-insurance-questions-after-crash/,2026-09-24,1,27,0.03704,14.52
https://rodenlaw.com/blog/answering-insurance-questions-after-crash/,2026-09-28,1,28,0.03571,21.93
https://rodenlaw.com/blog/answering-insurance-questions-after-crash/,2026-09-30,1,19,0.05263,14.95
https://rodenlaw.com/blog/answering-insurance-questions-after-crash/,2026-10-05,1,5,0.2,15
https://rodenlaw.com/blog/are-red-light-runners-always-liable-if-they-crash/,2026-09-25,1,8,0.125,14.38
https://rodenlaw.com/blog/ashley-phosphate-i-26-south-carolinas-deadliest-intersection/,2026-09-27,1,4,0.25,28.5
https://rodenlaw.com/blog/ashley-phosphate-road-i-26-dangerous-intersection-charleston/,2026-09-26,1,4,0.25,5
https://rodenlaw.com/blog/average-personal-injury-settlement-amounts/,2026-09-17,1,48,0.02083,8.06
https://rodenlaw.com/blog/average-personal-injury-settlement-amounts/,2026-09-18,1,35,0.02857,8.11
https://rodenlaw.com/blog/average-personal-injury-settlement-amounts/,2026-09-26,1,46,0.02174,14.57
https://rodenlaw.com/blog/average-personal-injury-settlement-amounts/,2026-09-29,1,78,0.01282,11.79
https://rodenlaw.com/blog/benefit-of-a-personal-injury-pain-diary/,2026-10-03,1,6,0.16667,7.83
https://rodenlaw.com/blog/blind-spot-accidents/,2026-09-25,1,9,0.11111,7.56
https://rodenlaw.com/blog/burn-injury-workers-compensation/,2026-09-30,1,21,0.04762,10.05
https://rodenlaw.com/blog/burn-injury-workers-compensation/,2026-10-01,1,36,0.02778,9.56
https://rodenlaw.com/blog/calculating-compensation-for-whiplash-injuries/,2026-09-21,1,45,0.02222,15.02
https://rodenlaw.com/blog/calculating-compensation-for-whiplash-injuries/,2026-09-24,1,48,0.02083,16.23
https://rodenlaw.com/blog/calculating-compensation-for-whiplash-injuries/,2026-09-28,1,28,0.03571,23.68
https://rodenlaw.com/blog/calculating-compensation-for-whiplash-injuries/,2026-10-02,1,66,0.01515,34.8
https://rodenlaw.com/blog/can-an-insurance-company-go-against-a-police-report/,2026-09-15,1,56,0.01786,6.66
https://rodenlaw.com/blog/can-an-insurance-company-go-against-a-police-report/,2026-09-20,1,22,0.04545,7.05
https://rodenlaw.com/blog/can-an-insurance-company-go-against-a-police-report/,2026-09-21,1,41,0.02439,8.9
https://rodenlaw.com/blog/can-an-insurance-company-go-against-a-police-report/,2026-09-22,1,55,0.01818,7.62
https://rodenlaw.com/blog/can-an-insurance-company-go-against-a-police-report/,2026-09-30,1,23,0.04348,12.96
https://rodenlaw.com/blog/can-an-insurance-company-go-against-a-police-report/,2026-10-01,1,20,0.05,10.35
https://rodenlaw.com/blog/can-someone-sue-me-for-a-car-accident/,2026-09-21,1,59,0.01695,10.75
https://rodenlaw.com/blog/can-someone-sue-me-for-a-car-accident/,2026-09-26,1,39,0.02564,12.87
https://rodenlaw.com/blog/can-you-sue-hipaa-violation/,2026-09-15,1,26,0.03846,7.85
https://rodenlaw.com/blog/can-you-sue-hipaa-violation/,2026-09-18,1,15,0.06667,5.47
https://rodenlaw.com/blog/can-you-sue-hipaa-violation/,2026-09-23,1,18,0.05556,5.61
https://rodenlaw.com/blog/can-you-sue-hipaa-violation/,2026-09-30,1,12,0.08333,6.5
https://rodenlaw.com/blog/can-you-sue-hospital-negligence/,2026-09-28,1,20,0.05,21.2
https://rodenlaw.com/blog/can-you-sue-hospital-negligence/,2026-09-30,1,42,0.02381,23.9
https://rodenlaw.com/blog/carriage-tour-accidents-downtown-charleston-liability/,2026-09-19,1,3,0.33333,6.33
https://rodenlaw.com/blog/carriage-tour-accidents-downtown-charleston-liability/,2026-09-30,1,7,0.14286,5.71
https://rodenlaw.com/blog/certification-of-permanent-injury/,2026-10-05,1,1,1,2
https://rodenlaw.com/blog/charleston-historic-sidewalk-slip-fall-city-liable/,2026-09-16,1,4,0.25,6.75
https://rodenlaw.com/blog/charleston-historic-sidewalk-slip-fall-city-liable/,2026-10-01,1,13,0.07692,6.92
https://rodenlaw.com/blog/charleston-historic-sidewalk-slip-fall-city-liable/,2026-10-02,1,6,0.16667,6.67
https://rodenlaw.com/blog/charleston-lyft-driver-ran-red-light-and-hit-my-car/,2026-10-05,1,1,1,8
https://rodenlaw.com/blog/claims-against-at-fault-drivers-who-died/,2026-09-29,1,13,0.07692,16.23
https://rodenlaw.com/blog/claims-against-at-fault-drivers-who-died/,2026-10-02,1,8,0.125,14.75
https://rodenlaw.com/blog/claims-against-at-fault-drivers-who-died/,2026-10-05,1,3,0.33333,4.67
https://rodenlaw.com/blog/columbia-dangerous-intersections-roads/,2026-09-16,1,19,0.05263,7.68
https://rodenlaw.com/blog/columbia-dangerous-intersections-roads/,2026-09-20,1,30,0.03333,6.43
https://rodenlaw.com/blog/columbia-dangerous-intersections-roads/,2026-09-21,1,44,0.02273,6.05
https://rodenlaw.com/blog/common-workplace-injuries-georgia/,2026-10-05,1,4,0.25,7.75
https://rodenlaw.com/blog/compensatory-damages-vs-punitive-damages/,2026-09-18,1,80,0.0125,10.05
https://rodenlaw.com/blog/continuing-post-accident-medical-treatment/,2026-09-23,1,7,0.14286,5
https://rodenlaw.com/blog/credit-one-stadium-event-day-crashes-daniel-island-beekman-street/,2026-09-21,1,9,0.11111,5.89
https://rodenlaw.com/blog/damage-coverage-for-stolen-car/,2026-09-21,1,9,0.11111,7.22
https://rodenlaw.com/blog/dangerous-savannah-intersections/,2026-09-16,1,11,0.09091,4.73
https://rodenlaw.com/blog/dangerous-savannah-intersections/,2026-09-19,1,9,0.11111,29.11
https://rodenlaw.com/blog/dangerous-savannah-intersections/,2026-10-02,1,15,0.06667,22.53
https://rodenlaw.com/blog/darien-brunswick-dangerous-roads-i95-us17/,2026-09-19,1,20,0.05,8.4
https://rodenlaw.com/blog/darien-brunswick-dangerous-roads-i95-us17/,2026-09-27,1,22,0.04545,9.27
https://rodenlaw.com/blog/determining-liability-for-crash-at-four-way-stop-sign/,2026-09-18,1,12,0.08333,6
https://rodenlaw.com/blog/does-worker-compensation-cover-employee-negligence/,2026-09-20,1,6,0.16667,21
https://rodenlaw.com/blog/does-worker-compensation-cover-employee-negligence/,2026-09-28,1,10,0.1,22.9
https://rodenlaw.com/blog/dog-bite-laws-south-carolina-charleston/,2026-09-18,1,31,0.03226,9.13
https://rodenlaw.com/blog/dog-bite-laws-south-carolina-charleston/,2026-09-22,1,30,0.03333,6.37
https://rodenlaw.com/blog/drunk-pedestrian-injury-claims/,2026-09-22,1,13,0.07692,9.31
https://rodenlaw.com/blog/fault-vs-no-fault-car-insurance/,2026-09-19,1,166,0.00602,17.13
https://rodenlaw.com/blog/fault-vs-no-fault-car-insurance/,2026-10-04,1,162,0.00617,12.57
https://rodenlaw.com/blog/fault-vs-no-fault-car-insurance/,2026-10-05,1,169,0.00592,12.02
https://rodenlaw.com/blog/financial-abuse-at-nursing-homes/,2026-09-18,1,9,0.11111,6.22
https://rodenlaw.com/blog/financial-abuse-at-nursing-homes/,2026-09-24,1,8,0.125,14
https://rodenlaw.com/blog/follow-doctors-orders-after-accident/,2026-09-15,1,1,1,4
https://rodenlaw.com/blog/folly-road-car-accidents-james-island-charleston/,2026-09-27,1,40,0.025,8.85
https://rodenlaw.com/blog/georgia-pedestrian-right-of-way-laws/,2026-09-23,1,68,0.01471,7.82
https://rodenlaw.com/blog/georgia-pedestrian-right-of-way-laws/,2026-09-25,1,46,0.02174,8.41
https://rodenlaw.com/blog/georgia-statute-of-limitations/,2026-09-28,1,17,0.05882,17.06
https://rodenlaw.com/blog/gym-injury-liability/,2026-09-20,1,26,0.03846,8.12
https://rodenlaw.com/blog/gym-injury-liability/,2026-09-22,1,75,0.01333,9.33
https://rodenlaw.com/blog/gym-injury-liability/,2026-10-01,1,60,0.01667,10.48
https://rodenlaw.com/blog/hearing-loss-after-charleston-car-accident/,2026-09-23,1,6,0.16667,6.83
https://rodenlaw.com/blog/highway-41-accidents-mount-pleasant-development/,2026-09-27,1,5,0.2,5
https://rodenlaw.com/blog/hipaa-violation-lawsuit-worth/,2026-09-19,1,34,0.02941,7.35
https://rodenlaw.com/blog/hipaa-violation-lawsuit-worth/,2026-09-21,1,44,0.02273,5.34
https://rodenlaw.com/blog/hipaa-violation-lawsuit-worth/,2026-09-22,1,68,0.01471,6.54
https://rodenlaw.com/blog/hipaa-violation-lawsuit-worth/,2026-09-24,1,79,0.01266,5.96
https://rodenlaw.com/blog/hipaa-violation-lawsuit-worth/,2026-09-28,1,75,0.01333,6.2
https://rodenlaw.com/blog/hipaa-violation-lawsuit-worth/,2026-10-02,1,50,0.02,5.12
https://rodenlaw.com/blog/hipaa-violation-lawsuit-worth/,2026-10-03,1,42,0.02381,14.74
https://rodenlaw.com/blog/hipaa-violation-lawsuit-worth/,2026-10-04,1,30,0.03333,8.4
https://rodenlaw.com/blog/hipaa-violation-lawsuit-worth/,2026-10-05,1,24,0.04167,5.12
https://rodenlaw.com/blog/hipaa-violation-lawyer/,2026-09-17,1,35,0.02857,9.6
https://rodenlaw.com/blog/hipaa-violation-lawyer/,2026-09-21,1,19,0.05263,12.16
https://rodenlaw.com/blog/hipaa-violation-lawyer/,2026-09-24,1,26,0.03846,16.27
https://rodenlaw.com/blog/hipaa-violation-lawyer/,2026-09-25,1,23,0.04348,11.96
https://rodenlaw.com/blog/hipaa-violation-lawyer/,2026-10-02,1,22,0.04545,13.45
https://rodenlaw.com/blog/hit-and-run-drunk-driver-crashes-ashley-river-road-sc-61-west-ashley-greenwood-park/,2026-09-16,1,1,1,10
https://rodenlaw.com/blog/hit-and-run-drunk-driver-crashes-ashley-river-road-sc-61-west-ashley-greenwood-park/,2026-10-04,1,4,0.25,6.25
https://rodenlaw.com/blog/how-car-insurers-use-private-investigators/,2026-09-19,1,14,0.07143,6.64
https://rodenlaw.com/blog/how-car-insurers-use-private-investigators/,2026-09-24,1,11,0.09091,21.27
https://rodenlaw.com/blog/how-car-insurers-use-private-investigators/,2026-10-01,1,32,0.03125,12
https://rodenlaw.com/blog/how-long-can-a-person-stay-on-workers-compensation/,2026-09-15,1,56,0.01786,8.93
https://rodenlaw.com/blog/how-long-personal-injury-case-charleston-sc/,2026-10-01,1,22,0.04545,11.68
https://rodenlaw.com/blog/how-much-is-my-car-accident-claim-worth/,2026-09-30,1,6,0.16667,15.33
https://rodenlaw.com/blog/how-pain-and-suffering-is-calculated-after-an-accident-in-georgia/,2026-09-17,1,13,0.07692,14.62
https://rodenlaw.com/blog/how-pain-and-suffering-is-calculated-after-an-accident-in-georgia/,2026-09-29,1,5,0.2,6.4
https://rodenlaw.com/blog/how-pain-and-suffering-is-calculated-after-an-accident-in-georgia/,2026-10-02,1,4,0.25,10.75
https://rodenlaw.com/blog/how-pain-and-suffering-is-calculated-after-an-accident-in-south-carolina/,2026-09-18,1,7,0.14286,5.14
https://rodenlaw.com/blog/impact-of-surgery-recommendation/,2026-09-19,1,13,0.07692,6.77
https://rodenlaw.com/blog/impact-of-surgery-recommendation/,2026-09-28,1,28,0.03571,5.89
https://rodenlaw.com/blog/impact-of-surgery-recommendation/,2026-09-29,1,37,0.02703,5.57
https://rodenlaw.com/blog/impact-of-surgery-recommendation/,2026-10-04,1,9,0.11111,5.89
https://rodenlaw.com/blog/informed-consent/,2026-09-30,1,20,0.05,7
https://rodenlaw.com/blog/insurance-company-ignoring-demand-letter/,2026-09-16,1,62,0.01613,11.47
https://rodenlaw.com/blog/insurance-company-ignoring-demand-letter/,2026-09-17,1,55,0.01818,8.16
https://rodenlaw.com/blog/insurance-company-ignoring-demand-letter/,2026-09-22,1,53,0.01887,7.55
https://rodenlaw.com/blog/insurance-company-ignoring-demand-letter/,2026-09-23,1,70,0.01429,6.97
https://rodenlaw.com/blog/insurance-company-ignoring-demand-letter/,2026-09-25,1,47,0.02128,8.4
https://rodenlaw.com/blog/insurance-company-ignoring-demand-letter/,2026-09-26,1,30,0.03333,11.7
https://rodenlaw.com/blog/insurance-company-ignoring-demand-letter/,2026-10-03,1,24,0.04167,12.29
https://rodenlaw.com/blog/insurance-company-ignoring-demand-letter/,2026-10-05,1,30,0.03333,5.93
https://rodenlaw.com/blog/is-hipaa-violation-medical-malpractice/,2026-09-17,1,11,0.09091,9.18
https://rodenlaw.com/blog/is-hipaa-violation-medical-malpractice/,2026-09-26,1,19,0.05263,6.84
https://rodenlaw.com/blog/is-workers-compensation-an-employee-benefit/,2026-09-21,1,28,0.03571,25.71
https://rodenlaw.com/blog/is-workers-compensation-an-employee-benefit/,2026-09-22,1,23,0.04348,27.39
https://rodenlaw.com/blog/is-workers-compensation-an-employee-benefit/,2026-09-29,1,22,0.04545,9.18
https://rodenlaw.com/blog/is-workers-compensation-an-employee-benefit/,2026-09-30,1,19,0.05263,8.21
https://rodenlaw.com/blog/leg-pain-and-leg-injuries-from-crash/,2026-09-20,1,10,0.1,6.1
https://rodenlaw.com/blog/letters-of-protection-for-injury-victims/,2026-09-16,1,19,0.05263,25.42
https://rodenlaw.com/blog/liability-for-crashes-caused-by-not-using-turn-signal/,2026-09-16,1,24,0.04167,9.83
https://rodenlaw.com/blog/liability-for-crashes-caused-by-not-using-turn-signal/,2026-09-19,1,37,0.02703,10
https://rodenlaw.com/blog/liability-for-crashes-caused-by-not-using-turn-signal/,2026-09-25,1,15,0.06667,9.2
https://rodenlaw.com/blog/liability-for-crashes-caused-by-teen-drivers/,2026-09-25,1,6,0.16667,6.83
https://rodenlaw.com/blog/liability-for-epilepsy-related-car-accidents/,2026-09-16,1,61,0.01639,6.18
https://rodenlaw.com/blog/liability-for-epilepsy-related-car-accidents/,2026-09-18,1,54,0.01852,6.31
https://rodenlaw.com/blog/liability-for-epilepsy-related-car-accidents/,2026-09-19,1,40,0.025,6.3
https://rodenlaw.com/blog/liability-for-epilepsy-related-car-accidents/,2026-09-24,1,34,0.02941,5.65
https://rodenlaw.com/blog/liability-for-school-bus-crash/,2026-09-23,1,2,0.5,7
https://rodenlaw.com/blog/liability-for-sudden-emergency-accidents/,2026-09-16,1,36,0.02778,12.19
https://rodenlaw.com/blog/liens-and-your-personal-injury-claims/,2026-09-22,1,14,0.07143,23
https://rodenlaw.com/blog/liens-and-your-personal-injury-claims/,2026-09-29,1,14,0.07143,32.93
https://rodenlaw.com/blog/liens-and-your-personal-injury-claims/,2026-10-01,1,19,0.05263,45.53
https://rodenlaw.com/blog/lower-king-street-pedestrian-safety/,2026-09-17,1,6,0.16667,7.33
https://rodenlaw.com/blog/major-injuries-from-minor-car-accidents/,2026-10-02,1,41,0.02439,20.88
https://rodenlaw.com/blog/maximum-medical-improvement-in-an-injury-claim/,2026-09-15,1,11,0.09091,3.64
https://rodenlaw.com/blog/maybank-highway-car-accidents-johns-island/,2026-09-18,1,8,0.125,7.25
https://rodenlaw.com/blog/maybank-highway-car-accidents-johns-island/,2026-09-30,1,2,0.5,7.5
https://rodenlaw.com/blog/medical-malpractice-limits-georgia/,2026-09-22,1,22,0.04545,16.77
https://rodenlaw.com/blog/medical-malpractice-limits-south-carolina/,2026-09-16,1,118,0.00847,9.04
https://rodenlaw.com/blog/medical-malpractice-limits-south-carolina/,2026-09-18,1,69,0.01449,8.42
https://rodenlaw.com/blog/medical-malpractice-limits-south-carolina/,2026-09-25,1,48,0.02083,8.81
https://rodenlaw.com/blog/medical-malpractice-limits-south-carolina/,2026-09-29,1,65,0.01538,10.55
https://rodenlaw.com/blog/medical-malpractice-limits-south-carolina/,2026-10-02,1,73,0.0137,10.81
https://rodenlaw.com/blog/medical-malpractice-limits-south-carolina/,2026-10-05,1,21,0.04762,10.48
https://rodenlaw.com/blog/myrtle-beach-dangerous-roads-intersections/,2026-09-17,1,102,0.0098,9.25
https://rodenlaw.com/blog/myrtle-beach-dangerous-roads-intersections/,2026-09-19,1,106,0.00943,9.84
https://rodenlaw.com/blog/myrtle-beach-dangerous-roads-intersections/,2026-09-24,1,139,0.00719,9.82
https://rodenlaw.com/blog/myrtle-beach-dangerous-roads-intersections/,2026-09-26,1,143,0.00699,9.63
https://rodenlaw.com/blog/myrtle-beach-dangerous-roads-intersections/,2026-09-27,1,137,0.0073,9.69
https://rodenlaw.com/blog/myrtle-beach-dangerous-roads-intersections/,2026-10-03,1,130,0.00769,10.16
https://rodenlaw.com/blog/negligence-vs-gross-negligence/,2026-09-24,1,14,0.07143,7.21
https://rodenlaw.com/blog/north-rhett-avenue-truck-accident-hanahan-berkeley-county/,2026-09-28,1,9,0.11111,25
https://rodenlaw.com/blog/options-for-denied-injury-claims/,2026-10-05,1,9,0.11111,10.44
https://rodenlaw.com/blog/options-for-recovering-more-than-policy-limits/,2026-09-15,1,18,0.05556,6
https://rodenlaw.com/blog/options-for-recovering-more-than-policy-limits/,2026-09-23,1,12,0.08333,5.33
https://rodenlaw.com/blog/options-for-recovering-more-than-policy-limits/,2026-09-28,1,12,0.08333,21.17
https://rodenlaw.com/blog/personal-injury-claim-charleston-berkeley-dorchester-county/,2026-09-25,1,7,0.14286,7.29
https://rodenlaw.com/blog/police-report-as-proof-of-liability/,2026-09-19,1,3,0.33333,7.33
https://rodenlaw.com/blog/police-report-as-proof-of-liability/,2026-09-27,1,4,0.25,7.75
https://rodenlaw.com/blog/qualifications-for-car-accident-witnesses/,2026-09-18,1,2,0.5,5.5
https://rodenlaw.com/blog/qualifications-for-car-accident-witnesses/,2026-09-22,1,9,0.11111,9.67
https://rodenlaw.com/blog/resolving-claims-through-arbitration/,2026-09-22,1,15,0.06667,23.73
https://rodenlaw.com/blog/resolving-claims-through-arbitration/,2026-10-01,1,10,0.1,42.2
https://rodenlaw.com/blog/rifle-range-road-mount-pleasant-car-accident-heritage-park-west/,2026-09-23,1,1,1,27
https://rodenlaw.com/blog/risk-of-refusing-medical-care-after-car-crash-charleston/,2026-09-23,1,2,0.5,6.5
https://rodenlaw.com/blog/rollover-crashes-and-what-they-do-to-your-body/,2026-09-25,1,123,0.00813,16.74
https://rodenlaw.com/blog/rollover-crashes-and-what-they-do-to-your-body/,2026-10-04,1,101,0.0099,33.59
https://rodenlaw.com/blog/savannah-dangerous-highways-i16-i95-abercorn/,2026-09-24,1,21,0.04762,5.33
https://rodenlaw.com/blog/savannah-dangerous-highways-i16-i95-abercorn/,2026-09-29,1,7,0.14286,8.57
https://rodenlaw.com/blog/savannah-dangerous-highways-i16-i95-abercorn/,2026-10-02,1,21,0.04762,6.9
https://rodenlaw.com/blog/shem-creek-boating-dock-injuries-mount-pleasant/,2026-09-22,1,9,0.11111,9.56
https://rodenlaw.com/blog/south-carolina-comparative-fault-partially-at-fault/,2026-09-19,1,6,0.16667,4.83
https://rodenlaw.com/blog/south-carolina-pedestrian-right-of-way-laws/,2026-09-17,1,63,0.01587,7.1
https://rodenlaw.com/blog/south-carolina-pedestrian-right-of-way-laws/,2026-10-02,1,25,0.04,7.8
https://rodenlaw.com/blog/south-carolina-statute-of-limitations-personal-injury/,2026-09-22,1,74,0.01351,7.35
https://rodenlaw.com/blog/south-carolina-statute-of-limitations-personal-injury/,2026-09-25,1,70,0.01429,6.41
https://rodenlaw.com/blog/south-carolina-statute-of-limitations-personal-injury/,2026-09-27,1,41,0.02439,12.39
https://rodenlaw.com/blog/south-carolina-statute-of-limitations-personal-injury/,2026-09-29,1,58,0.01724,8.67
https://rodenlaw.com/blog/south-carolina-statute-of-limitations-personal-injury/,2026-09-30,1,42,0.02381,7.93
https://rodenlaw.com/blog/south-carolina-statute-of-limitations-personal-injury/,2026-10-03,1,26,0.03846,7.77
https://rodenlaw.com/blog/south-carolina-statute-of-limitations-personal-injury/,2026-10-05,1,14,0.07143,13.14
https://rodenlaw.com/blog/steps-after-work-injury/,2026-09-21,1,7,0.14286,14.14
https://rodenlaw.com/blog/steps-after-work-injury/,2026-10-05,1,1,1,9
https://rodenlaw.com/blog/steps-of-a-burn-injury-case/,2026-09-18,1,11,0.09091,5
https://rodenlaw.com/blog/sunset-boulevard-us-378-lexington-medical-center-accident/,2026-10-01,1,3,0.33333,6
https://rodenlaw.com/blog/switching-lawyers-during-a-case/,2026-09-22,1,31,0.03226,16.29
https://rodenlaw.com/blog/switching-lawyers-during-a-case/,2026-09-25,1,25,0.04,11
https://rodenlaw.com/blog/switching-lawyers-during-a-case/,2026-09-28,1,10,0.1,9.8
https://rodenlaw.com/blog/taxes-on-car-crash-settlement-in-georgia/,2026-09-26,1,16,0.0625,5.19
https://rodenlaw.com/blog/third-party-fault-for-work-injuries/,2026-09-16,1,63,0.01587,11.7
https://rodenlaw.com/blog/traffic-tickets-and-car-accident-claims/,2026-09-15,1,38,0.02632,7.21
https://rodenlaw.com/blog/traffic-tickets-and-car-accident-claims/,2026-10-04,1,3,0.33333,7.33
https://rodenlaw.com/blog/us-17-i-95-darien-wrongful-death-mcintosh-county/,2026-10-05,1,193,0.00518,8.45
https://rodenlaw.com/blog/using-uninsured-underinsured-motorist-coverage-in-georgia/,2026-09-22,1,25,0.04,16.52
https://rodenlaw.com/blog/using-uninsured-underinsured-motorist-coverage-in-georgia/,2026-10-01,1,20,0.05,18.05
https://rodenlaw.com/blog/uturn-crash-liability-in-charleston/,2026-09-19,1,17,0.05882,9.82
https://rodenlaw.com/blog/uturn-crash-liability-in-charleston/,2026-09-24,1,37,0.02703,8
https://rodenlaw.com/blog/value-of-pain-and-suffering/,2026-10-02,1,50,0.02,35.78
https://rodenlaw.com/blog/wearing-headphones-while-driving-in-charleston/,2026-09-22,1,16,0.0625,6.56
https://rodenlaw.com/blog/what-happens-if-i-resign-while-on-workers-compensation/,2026-09-22,1,28,0.03571,8.54
https://rodenlaw.com/blog/what-happens-to-workers-comp-if-employer-bankrupts/,2026-09-15,1,12,0.08333,6
https://rodenlaw.com/blog/what-happens-to-workers-comp-if-employer-bankrupts/,2026-09-23,1,5,0.2,7.6
https://rodenlaw.com/blog/what-happens-to-workers-comp-if-employer-bankrupts/,2026-09-30,1,3,0.33333,9.33
https://rodenlaw.com/blog/what-happens-to-workers-comp-if-employer-bankrupts/,2026-10-02,1,1,1,1
https://rodenlaw.com/blog/what-happens-to-workers-comp-if-employer-bankrupts/,2026-10-03,1,2,0.5,20.5
https://rodenlaw.com/blog/what-to-do-after-car-accident-georgia/,2026-09-25,1,106,0.00943,10.82
https://rodenlaw.com/blog/what-to-do-after-car-accident-georgia/,2026-09-28,1,58,0.01724,11.22
https://rodenlaw.com/blog/what-to-do-after-car-accident-georgia/,2026-10-02,1,29,0.03448,16.45
https://rodenlaw.com/blog/what-to-do-after-car-accident-south-carolina/,2026-09-16,1,84,0.0119,10.08
https://rodenlaw.com/blog/what-to-do-after-car-accident-south-carolina/,2026-09-17,1,97,0.01031,10.19
https://rodenlaw.com/blog/what-to-do-after-car-accident-south-carolina/,2026-09-25,1,98,0.0102,9.78
https://rodenlaw.com/blog/what-to-do-after-car-accident-south-carolina/,2026-10-01,1,136,0.00735,9.72
https://rodenlaw.com/blog/what-to-do-if-your-georgia-police-report-is-wrong-or-has-mistakes/,2026-09-25,1,7,0.14286,20.14
https://rodenlaw.com/blog/when-does-a-sprained-ankle-become-a-work-injury/,2026-09-25,1,48,0.02083,4.6
https://rodenlaw.com/blog/when-does-a-sprained-ankle-become-a-work-injury/,2026-10-04,1,16,0.0625,4.06
https://rodenlaw.com/blog/why-mitigate-damages-after-a-car-crash/,2026-09-19,1,8,0.125,4.5
https://rodenlaw.com/blog/why-mitigate-damages-after-a-car-crash/,2026-09-21,1,14,0.07143,4.64
https://rodenlaw.com/blog/why-mitigate-damages-after-a-car-crash/,2026-09-23,1,13,0.07692,5.23
https://rodenlaw.com/blog/why-mitigate-damages-after-a-car-crash/,2026-09-29,1,5,0.2,5.4
https://rodenlaw.com/blog/why-wont-a-personal-lawyer-take-my-case/,2026-09-25,1,11,0.09091,6.91
https://rodenlaw.com/blog/workers-comp-for-carpal-tunnel-syndrome/,2026-09-23,1,14,0.07143,22.71
https://rodenlaw.com/blog/workers-comp-for-carpal-tunnel-syndrome/,2026-09-27,1,5,0.2,30.6
https://rodenlaw.com/es/blog/is-hipaa-violation-medical-malpractice/,2026-09-25,1,23,0.04348,7.43
https://rodenlaw.com/blog/,2026-09-26,0,1,0,11
https://rodenlaw.com/blog/,2026-09-28,0,1,0,3
https://rodenlaw.com/blog/,2026-10-03,0,2,0,2
https://rodenlaw.com/blog/2017-safest-college-campuses-in-georgia/,2026-09-15,0,5,0,9.4
https://rodenlaw.com/blog/2017-safest-college-campuses-in-georgia/,2026-09-16,0,5,0,9.6
https://rodenlaw.com/blog/2017-safest-college-campuses-in-georgia/,2026-09-17,0,2,0,4
https://rodenlaw.com/blog/2017-safest-college-campuses-in-georgia/,2026-09-18,0,1,0,10
https://rodenlaw.com/blog/2017-safest-college-campuses-in-georgia/,2026-09-19,0,2,0,9
https://rodenlaw.com/blog/2017-safest-college-campuses-in-georgia/,2026-09-20,0,7,0,7.71
https://rodenlaw.com/blog/2017-safest-college-campuses-in-georgia/,2026-09-22,0,1,0,11
https://rodenlaw.com/blog/2017-safest-college-campuses-in-georgia/,2026-09-23,0,2,0,10.5
https://rodenlaw.com/blog/2017-safest-college-campuses-in-georgia/,2026-09-24,0,1,0,10
https://rodenlaw.com/blog/2017-safest-college-campuses-in-georgia/,2026-09-25,0,4,0,11.5
https://rodenlaw.com/blog/2017-safest-college-campuses-in-georgia/,2026-09-26,0,5,0,8.8
https://rodenlaw.com/blog/2017-safest-college-campuses-in-georgia/,2026-09-27,0,3,0,10.33
https://rodenlaw.com/blog/2017-safest-college-campuses-in-georgia/,2026-09-28,0,7,0,8
https://rodenlaw.com/blog/2017-safest-college-campuses-in-georgia/,2026-09-29,0,5,0,13.6
https://rodenlaw.com/blog/2017-safest-college-campuses-in-georgia/,2026-09-30,0,11,0,8.18
https://rodenlaw.com/blog/2017-safest-college-campuses-in-georgia/,2026-10-01,0,7,0,6.86
https://rodenlaw.com/blog/2017-safest-college-campuses-in-georgia/,2026-10-02,0,4,0,4.5
https://rodenlaw.com/blog/2017-safest-college-campuses-in-georgia/,2026-10-03,0,6,0,9.83
https://rodenlaw.com/blog/2017-safest-college-campuses-in-georgia/,2026-10-04,0,3,0,10
https://rodenlaw.com/blog/2017-safest-college-campuses-in-georgia/,2026-10-05,0,1,0,3
https://rodenlaw.com/blog/5-benefits-of-hiring-a-truck-accident-attorney-in-2023/,2026-09-15,0,2,0,4
https://rodenlaw.com/blog/5-benefits-of-hiring-a-truck-accident-attorney-in-2023/,2026-09-16,0,2,0,3.5
https://rodenlaw.com/blog/5-benefits-of-hiring-a-truck-accident-attorney-in-2023/,2026-09-17,0,2,0,4
https://rodenlaw.com/blog/5-benefits-of-hiring-a-truck-accident-attorney-in-2023/,2026-09-19,0,1,0,4
https://rodenlaw.com/blog/5-benefits-of-hiring-a-truck-accident-attorney-in-2023/,2026-09-20,0,1,0,11
https://rodenlaw.com/blog/5-benefits-of-hiring-a-truck-accident-attorney-in-2023/,2026-09-21,0,1,0,7
https://rodenlaw.com/blog/5-benefits-of-hiring-a-truck-accident-attorney-in-2023/,2026-09-24,0,2,0,9.5
https://rodenlaw.com/blog/5-benefits-of-hiring-a-truck-accident-attorney-in-2023/,2026-09-26,0,2,0,12.5
https://rodenlaw.com/blog/5-benefits-of-hiring-a-truck-accident-attorney-in-2023/,2026-09-28,0,1,0,7
https://rodenlaw.com/blog/5-benefits-of-hiring-a-truck-accident-attorney-in-2023/,2026-09-29,0,1,0,7
https://rodenlaw.com/blog/5-benefits-of-hiring-a-truck-accident-attorney-in-2023/,2026-09-30,0,2,0,9.5
https://rodenlaw.com/blog/5-benefits-of-hiring-a-truck-accident-attorney-in-2023/,2026-10-01,0,1,0,10
https://rodenlaw.com/blog/5-benefits-of-hiring-a-truck-accident-attorney-in-2023/,2026-10-03,0,5,0,9.8
https://rodenlaw.com/blog/5-most-common-types-of-medical-malpractice-in-2023/,2026-09-15,0,1,0,7
https://rodenlaw.com/blog/5-most-common-types-of-medical-malpractice-in-2023/,2026-09-19,0,1,0,8
https://rodenlaw.com/blog/5-most-common-types-of-medical-malpractice-in-2023/,2026-09-23,0,1,0,11
https://rodenlaw.com/blog/5-most-common-types-of-medical-malpractice-in-2023/,2026-09-24,0,1,0,11
https://rodenlaw.com/blog/5-most-common-types-of-medical-malpractice-in-2023/,2026-09-25,0,6,0,15.33
https://rodenlaw.com/blog/5-most-common-types-of-medical-malpractice-in-2023/,2026-09-26,0,9,0,11.11
https://rodenlaw.com/blog/5-most-common-types-of-medical-malpractice-in-2023/,2026-09-27,0,4,0,9
https://rodenlaw.com/blog/5-most-common-types-of-medical-malpractice-in-2023/,2026-09-28,0,8,0,14.38
https://rodenlaw.com/blog/5-most-common-types-of-medical-malpractice-in-2023/,2026-09-29,0,4,0,5
https://rodenlaw.com/blog/5-most-common-types-of-medical-malpractice-in-2023/,2026-09-30,0,12,0,9.67
https://rodenlaw.com/blog/5-most-common-types-of-medical-malpractice-in-2023/,2026-10-01,0,3,0,14
https://rodenlaw.com/blog/5-most-common-types-of-medical-malpractice-in-2023/,2026-10-02,0,2,0,9.5
https://rodenlaw.com/blog/5-most-common-types-of-medical-malpractice-in-2023/,2026-10-03,0,3,0,12
https://rodenlaw.com/blog/a-cyclists-guide-after-a-ravenel-bridge-accident/,2026-09-15,0,1,0,10
https://rodenlaw.com/blog/a-cyclists-guide-after-a-ravenel-bridge-accident/,2026-09-16,0,5,0,6.8
https://rodenlaw.com/blog/a-cyclists-guide-after-a-ravenel-bridge-accident/,2026-09-17,0,2,0,10.5
https://rodenlaw.com/blog/a-cyclists-guide-after-a-ravenel-bridge-accident/,2026-09-24,0,5,0,4.8
https://rodenlaw.com/blog/a-cyclists-guide-after-a-ravenel-bridge-accident/,2026-09-25,0,4,0,5.5
https://rodenlaw.com/blog/a-cyclists-guide-after-a-ravenel-bridge-accident/,2026-09-26,0,3,0,29.33
https://rodenlaw.com/blog/a-cyclists-guide-after-a-ravenel-bridge-accident/,2026-09-27,0,4,0,21.5
https://rodenlaw.com/blog/a-cyclists-guide-after-a-ravenel-bridge-accident/,2026-09-28,0,1,0,8
https://rodenlaw.com/blog/a-cyclists-guide-after-a-ravenel-bridge-accident/,2026-09-29,0,5,0,17.8
https://rodenlaw.com/blog/a-cyclists-guide-after-a-ravenel-bridge-accident/,2026-09-30,0,1,0,10
https://rodenlaw.com/blog/a-cyclists-guide-after-a-ravenel-bridge-accident/,2026-10-03,0,1,0,4
https://rodenlaw.com/blog/a-drivers-guide-to-wildlife-accidents-near-charleston/,2026-10-01,0,1,0,8
https://rodenlaw.com/blog/a-drivers-guide-to-wildlife-accidents-near-charleston/,2026-10-02,0,6,0,3.5
https://rodenlaw.com/blog/a-drivers-guide-to-wildlife-accidents-near-charleston/,2026-10-03,0,1,0,11
https://rodenlaw.com/blog/a-guide-to-car-wrecks-on-aviation-avenue-near-charleston-airport/,2026-09-16,0,2,0,9
https://rodenlaw.com/blog/a-guide-to-car-wrecks-on-aviation-avenue-near-charleston-airport/,2026-09-25,0,1,0,11
https://rodenlaw.com/blog/a-guide-to-car-wrecks-on-aviation-avenue-near-charleston-airport/,2026-09-26,0,1,0,15
https://rodenlaw.com/blog/a-guide-to-car-wrecks-on-aviation-avenue-near-charleston-airport/,2026-09-29,0,1,0,25
https://rodenlaw.com/blog/a-guide-to-car-wrecks-on-aviation-avenue-near-charleston-airport/,2026-10-02,0,3,0,16
https://rodenlaw.com/blog/a-guide-to-car-wrecks-on-aviation-avenue-near-charleston-airport/,2026-10-03,0,2,0,11.5
https://rodenlaw.com/blog/a-guide-to-car-wrecks-on-aviation-avenue-near-charleston-airport/,2026-10-04,0,2,0,5.5
https://rodenlaw.com/blog/a-pedestrians-guide-to-proving-negligence-in-charleston-parking-lots/,2026-09-17,0,1,0,8
https://rodenlaw.com/blog/a-pedestrians-guide-to-proving-negligence-in-charleston-parking-lots/,2026-09-21,0,1,0,6
https://rodenlaw.com/blog/a-pedestrians-guide-to-proving-negligence-in-charleston-parking-lots/,2026-09-27,0,2,0,7.5
https://rodenlaw.com/blog/a-pedestrians-guide-to-proving-negligence-in-charleston-parking-lots/,2026-09-28,0,3,0,29.33
https://rodenlaw.com/blog/a-pedestrians-guide-to-proving-negligence-in-charleston-parking-lots/,2026-09-29,0,2,0,19
https://rodenlaw.com/blog/a-pedestrians-guide-to-proving-negligence-in-charleston-parking-lots/,2026-09-30,0,1,0,12
https://rodenlaw.com/blog/a-pedestrians-guide-to-proving-negligence-in-charleston-parking-lots/,2026-10-04,0,1,0,10
https://rodenlaw.com/blog/a-step-by-step-guide-for-folly-road-car-accidents/,2026-09-26,0,1,0,8
https://rodenlaw.com/blog/a-step-by-step-guide-for-folly-road-car-accidents/,2026-09-29,0,1,0,3
https://rodenlaw.com/blog/a-step-by-step-guide-for-folly-road-car-accidents/,2026-09-30,0,2,0,5.5
https://rodenlaw.com/blog/accepting-a-cash-offer-after-savannah-car-crash/,2026-09-15,0,2,0,7.5
https://rodenlaw.com/blog/accepting-a-cash-offer-after-savannah-car-crash/,2026-09-17,0,1,0,7
https://rodenlaw.com/blog/accepting-a-cash-offer-after-savannah-car-crash/,2026-09-18,0,2,0,24
https://rodenlaw.com/blog/accepting-a-cash-offer-after-savannah-car-crash/,2026-09-19,0,3,0,2
https://rodenlaw.com/blog/accepting-a-cash-offer-after-savannah-car-crash/,2026-09-20,0,1,0,7
https://rodenlaw.com/blog/accepting-a-cash-offer-after-savannah-car-crash/,2026-09-23,0,3,0,6.33
https://rodenlaw.com/blog/accepting-a-cash-offer-after-savannah-car-crash/,2026-09-25,0,1,0,7
https://rodenlaw.com/blog/accepting-a-cash-offer-after-savannah-car-crash/,2026-10-02,0,2,0,5
https://rodenlaw.com/blog/accepting-a-cash-offer-after-savannah-car-crash/,2026-10-03,0,1,0,11
https://rodenlaw.com/blog/accepting-a-cash-offer-after-savannah-car-crash/,2026-10-05,0,1,0,16
https://rodenlaw.com/blog/accident-claims-with-an-expired-license/,2026-09-16,0,18,0,6.61
https://rodenlaw.com/blog/accident-claims-with-an-expired-license/,2026-09-18,0,11,0,4.91
https://rodenlaw.com/blog/accident-claims-with-an-expired-license/,2026-09-19,0,5,0,7.8
https://rodenlaw.com/blog/accident-claims-with-an-expired-license/,2026-09-20,0,7,0,7.29
https://rodenlaw.com/blog/accident-claims-with-an-expired-license/,2026-09-21,0,13,0,9.54
https://rodenlaw.com/blog/accident-claims-with-an-expired-license/,2026-09-22,0,8,0,6.5
https://rodenlaw.com/blog/accident-claims-with-an-expired-license/,2026-09-23,0,7,0,7.71
https://rodenlaw.com/blog/accident-claims-with-an-expired-license/,2026-09-24,0,8,0,10.38
https://rodenlaw.com/blog/accident-claims-with-an-expired-license/,2026-09-25,0,5,0,8.4
https://rodenlaw.com/blog/accident-claims-with-an-expired-license/,2026-09-26,0,6,0,3.83
https://rodenlaw.com/blog/accident-claims-with-an-expired-license/,2026-09-27,0,6,0,20
https://rodenlaw.com/blog/accident-claims-with-an-expired-license/,2026-09-28,0,13,0,6.85
https://rodenlaw.com/blog/accident-claims-with-an-expired-license/,2026-09-30,0,15,0,8.87
https://rodenlaw.com/blog/accident-claims-with-an-expired-license/,2026-10-01,0,6,0,7.67
https://rodenlaw.com/blog/accident-claims-with-an-expired-license/,2026-10-02,0,2,0,4
https://rodenlaw.com/blog/accident-claims-with-an-expired-license/,2026-10-03,0,2,0,10
https://rodenlaw.com/blog/accident-claims-with-an-expired-license/,2026-10-04,0,6,0,7.5
https://rodenlaw.com/blog/accident-claims-with-an-expired-license/,2026-10-05,0,3,0,5
https://rodenlaw.com/blog/accident-claims-with-an-expired-license/#comparative-fault,2026-09-21,0,1,0,10
https://rodenlaw.com/blog/accident-claims-with-an-expired-license/#comparative-fault,2026-09-23,0,1,0,11
https://rodenlaw.com/blog/accident-claims-with-an-expired-license/#comparative-fault,2026-09-30,0,2,0,9
https://rodenlaw.com/blog/accident-claims-with-an-expired-license/#comparative-fault,2026-10-02,0,1,0,6
https://rodenlaw.com/blog/accident-claims-with-an-expired-license/#expired-license-claims,2026-09-21,0,1,0,10
https://rodenlaw.com/blog/accident-claims-with-an-expired-license/#expired-license-claims,2026-09-23,0,1,0,11
https://rodenlaw.com/blog/accident-claims-with-an-expired-license/#expired-license-claims,2026-09-30,0,1,0,8
https://rodenlaw.com/blog/accident-claims-with-an-expired-license/#expired-license-claims,2026-10-02,0,1,0,6
https://rodenlaw.com/blog/accident-claims-with-an-expired-license/#expired-vs-suspended,2026-09-21,0,1,0,10
https://rodenlaw.com/blog/accident-claims-with-an-expired-license/#expired-vs-suspended,2026-09-23,0,1,0,11
https://rodenlaw.com/blog/accident-claims-with-an-expired-license/#expired-vs-suspended,2026-09-28,0,1,0,6
https://rodenlaw.com/blog/accident-claims-with-an-expired-license/#expired-vs-suspended,2026-09-29,0,1,0,11
https://rodenlaw.com/blog/accident-claims-with-an-expired-license/#expired-vs-suspended,2026-09-30,0,1,0,8
https://rodenlaw.com/blog/accident-claims-with-an-expired-license/#expired-vs-suspended,2026-10-02,0,1,0,6
https://rodenlaw.com/blog/accident-claims-with-an-expired-license/#georgia-expired-license,2026-09-21,0,1,0,10
https://rodenlaw.com/blog/accident-claims-with-an-expired-license/#georgia-expired-license,2026-09-23,0,1,0,11
https://rodenlaw.com/blog/accident-claims-with-an-expired-license/#georgia-expired-license,2026-09-28,0,1,0,6
https://rodenlaw.com/blog/accident-claims-with-an-expired-license/#georgia-expired-license,2026-09-29,0,1,0,11
https://rodenlaw.com/blog/accident-claims-with-an-expired-license/#georgia-expired-license,2026-09-30,0,2,0,9
https://rodenlaw.com/blog/accident-claims-with-an-expired-license/#georgia-expired-license,2026-10-02,0,1,0,6
https://rodenlaw.com/blog/accident-claims-with-an-expired-license/#insurance-company-tactics,2026-09-21,0,1,0,10
https://rodenlaw.com/blog/accident-claims-with-an-expired-license/#insurance-company-tactics,2026-09-23,0,1,0,11
https://rodenlaw.com/blog/accident-claims-with-an-expired-license/#insurance-company-tactics,2026-09-28,0,1,0,6
https://rodenlaw.com/blog/accident-claims-with-an-expired-license/#insurance-company-tactics,2026-09-29,0,1,0,11
https://rodenlaw.com/blog/accident-claims-with-an-expired-license/#insurance-company-tactics,2026-09-30,0,1,0,8
https://rodenlaw.com/blog/accident-claims-with-an-expired-license/#insurance-company-tactics,2026-10-02,0,1,0,6
https://rodenlaw.com/blog/accident-claims-with-an-expired-license/#south-carolina-expired-license,2026-09-21,0,1,0,10
https://rodenlaw.com/blog/accident-claims-with-an-expired-license/#south-carolina-expired-license,2026-09-23,0,1,0,11
https://rodenlaw.com/blog/accident-claims-with-an-expired-license/#south-carolina-expired-license,2026-09-30,0,2,0,9
https://rodenlaw.com/blog/accident-claims-with-an-expired-license/#south-carolina-expired-license,2026-10-02,0,1,0,6
https://rodenlaw.com/blog/accident-my-fault-can-i-receive-workers-comp/,2026-09-23,0,1,0,11
https://rodenlaw.com/blog/accident-my-fault-can-i-receive-workers-comp/,2026-09-26,0,1,0,89
https://rodenlaw.com/blog/accident-my-fault-can-i-receive-workers-comp/,2026-09-27,0,1,0,99
https://rodenlaw.com/blog/accident-my-fault-can-i-receive-workers-comp/,2026-09-28,0,6,0,9.5
https://rodenlaw.com/blog/advantages-of-a-medical-malpractice-attorney/,2026-09-15,0,262,0,85.36
https://rodenlaw.com/blog/advantages-of-a-medical-malpractice-attorney/,2026-09-16,0,242,0,70.29
https://rodenlaw.com/blog/advantages-of-a-medical-malpractice-attorney/,2026-09-17,0,228,0,63.35
https://rodenlaw.com/blog/advantages-of-a-medical-malpractice-attorney/,2026-09-18,0,160,0,67.07
https://rodenlaw.com/blog/advantages-of-a-medical-malpractice-attorney/,2026-09-19,0,182,0,75.5
https://rodenlaw.com/blog/advantages-of-a-medical-malpractice-attorney/,2026-09-20,0,237,0,64.84
https://rodenlaw.com/blog/advantages-of-a-medical-malpractice-attorney/,2026-09-21,0,409,0,67.43
https://rodenlaw.com/blog/advantages-of-a-medical-malpractice-attorney/,2026-09-22,0,287,0,56.4
https://rodenlaw.com/blog/advantages-of-a-medical-malpractice-attorney/,2026-09-23,0,339,0,61.5
https://rodenlaw.com/blog/advantages-of-a-medical-malpractice-attorney/,2026-09-24,0,156,0,66.79
https://rodenlaw.com/blog/advantages-of-a-medical-malpractice-attorney/,2026-09-25,0,157,0,65.62
https://rodenlaw.com/blog/advantages-of-a-medical-malpractice-attorney/,2026-09-26,0,196,0,63.77
https://rodenlaw.com/blog/advantages-of-a-medical-malpractice-attorney/,2026-09-27,0,188,0,67.68
https://rodenlaw.com/blog/advantages-of-a-medical-malpractice-attorney/,2026-09-28,0,263,0,65.38
https://rodenlaw.com/blog/advantages-of-a-medical-malpractice-attorney/,2026-09-29,0,235,0,63.11
https://rodenlaw.com/blog/advantages-of-a-medical-malpractice-attorney/,2026-09-30,0,176,0,69.23
https://rodenlaw.com/blog/advantages-of-a-medical-malpractice-attorney/,2026-10-01,0,218,0,76.42
https://rodenlaw.com/blog/advantages-of-a-medical-malpractice-attorney/,2026-10-02,0,158,0,72.78
https://rodenlaw.com/blog/advantages-of-a-medical-malpractice-attorney/,2026-10-03,0,116,0,69.1
https://rodenlaw.com/blog/advantages-of-a-medical-malpractice-attorney/,2026-10-04,0,108,0,72.29
https://rodenlaw.com/blog/advantages-of-a-medical-malpractice-attorney/,2026-10-05,0,75,0,66.41
https://rodenlaw.com/blog/after-boat-accident-guide/,2026-09-15,0,12,0,44.5
https://rodenlaw.com/blog/after-boat-accident-guide/,2026-09-16,0,15,0,48
https://rodenlaw.com/blog/after-boat-accident-guide/,2026-09-17,0,7,0,53.14
https://rodenlaw.com/blog/after-boat-accident-guide/,2026-09-18,0,16,0,55.06
https://rodenlaw.com/blog/after-boat-accident-guide/,2026-09-19,0,9,0,65.78
https://rodenlaw.com/blog/after-boat-accident-guide/,2026-09-20,0,11,0,52.73
https://rodenlaw.com/blog/after-boat-accident-guide/,2026-09-21,0,7,0,48.86
https://rodenlaw.com/blog/after-boat-accident-guide/,2026-09-22,0,11,0,45
https://rodenlaw.com/blog/after-boat-accident-guide/,2026-09-23,0,11,0,67.45
https://rodenlaw.com/blog/after-boat-accident-guide/,2026-09-24,0,6,0,37
https://rodenlaw.com/blog/after-boat-accident-guide/,2026-09-25,0,6,0,55.5
https://rodenlaw.com/blog/after-boat-accident-guide/,2026-09-26,0,24,0,34
https://rodenlaw.com/blog/after-boat-accident-guide/,2026-09-27,0,10,0,21.8
https://rodenlaw.com/blog/after-boat-accident-guide/,2026-09-28,0,23,0,22.7
https://rodenlaw.com/blog/after-boat-accident-guide/,2026-09-29,0,15,0,19.87
https://rodenlaw.com/blog/after-boat-accident-guide/,2026-09-30,0,11,0,18.18
https://rodenlaw.com/blog/after-boat-accident-guide/,2026-10-01,0,11,0,24.91
https://rodenlaw.com/blog/after-boat-accident-guide/,2026-10-02,0,11,0,21.18
https://rodenlaw.com/blog/after-boat-accident-guide/,2026-10-03,0,12,0,36.33
https://rodenlaw.com/blog/after-boat-accident-guide/,2026-10-04,0,5,0,28.8
https://rodenlaw.com/blog/after-boat-accident-guide/,2026-10-05,0,4,0,14.25
https://rodenlaw.com/blog/aggressive-driving-in-georgia/,2026-09-15,0,3,0,10
https://rodenlaw.com/blog/aggressive-driving-in-georgia/,2026-09-18,0,2,0,5
https://rodenlaw.com/blog/aggressive-driving-in-georgia/,2026-09-20,0,2,0,9
https://rodenlaw.com/blog/aggressive-driving-in-georgia/,2026-09-21,0,1,0,10
https://rodenlaw.com/blog/aggressive-driving-in-georgia/,2026-09-22,0,1,0,9
https://rodenlaw.com/blog/aggressive-driving-in-georgia/,2026-09-24,0,2,0,11
https://rodenlaw.com/blog/aggressive-driving-in-georgia/,2026-09-25,0,3,0,5.33
https://rodenlaw.com/blog/aggressive-driving-in-georgia/,2026-09-26,0,7,0,13.14
https://rodenlaw.com/blog/aggressive-driving-in-georgia/,2026-09-27,0,5,0,21
https://rodenlaw.com/blog/aggressive-driving-in-georgia/,2026-09-28,0,4,0,16.75
https://rodenlaw.com/blog/aggressive-driving-in-georgia/,2026-09-29,0,5,0,10.6
https://rodenlaw.com/blog/aggressive-driving-in-georgia/,2026-09-30,0,2,0,19
https://rodenlaw.com/blog/aggressive-driving-in-georgia/,2026-10-01,0,2,0,10
https://rodenlaw.com/blog/aggressive-driving-in-georgia/,2026-10-02,0,2,0,8.5
https://rodenlaw.com/blog/aggressive-driving-in-georgia/,2026-10-03,0,2,0,17
https://rodenlaw.com/blog/am-i-eligible-for-workers-compensation/,2026-09-15,0,8,0,12.5
https://rodenlaw.com/blog/am-i-eligible-for-workers-compensation/,2026-09-16,0,9,0,23.44
https://rodenlaw.com/blog/am-i-eligible-for-workers-compensation/,2026-09-17,0,4,0,23.25
https://rodenlaw.com/blog/am-i-eligible-for-workers-compensation/,2026-09-18,0,5,0,43
https://rodenlaw.com/blog/am-i-eligible-for-workers-compensation/,2026-09-19,0,1,0,66
https://rodenlaw.com/blog/am-i-eligible-for-workers-compensation/,2026-09-20,0,8,0,18.88
https://rodenlaw.com/blog/am-i-eligible-for-workers-compensation/,2026-09-21,0,11,0,11.55
https://rodenlaw.com/blog/am-i-eligible-for-workers-compensation/,2026-09-22,0,5,0,18.8
https://rodenlaw.com/blog/am-i-eligible-for-workers-compensation/,2026-09-23,0,7,0,16.57
https://rodenlaw.com/blog/am-i-eligible-for-workers-compensation/,2026-09-24,0,8,0,31.5
https://rodenlaw.com/blog/am-i-eligible-for-workers-compensation/,2026-09-25,0,14,0,13.14
https://rodenlaw.com/blog/am-i-eligible-for-workers-compensation/,2026-09-26,0,9,0,24.11
https://rodenlaw.com/blog/am-i-eligible-for-workers-compensation/,2026-09-27,0,13,0,16.69
https://rodenlaw.com/blog/am-i-eligible-for-workers-compensation/,2026-09-29,0,23,0,9.65
https://rodenlaw.com/blog/am-i-eligible-for-workers-compensation/,2026-09-30,0,35,0,10.77
https://rodenlaw.com/blog/am-i-eligible-for-workers-compensation/,2026-10-01,0,21,0,13.81
https://rodenlaw.com/blog/am-i-eligible-for-workers-compensation/,2026-10-02,0,22,0,14.41
https://rodenlaw.com/blog/am-i-eligible-for-workers-compensation/,2026-10-03,0,12,0,24.92
https://rodenlaw.com/blog/am-i-eligible-for-workers-compensation/,2026-10-04,0,7,0,7.57
https://rodenlaw.com/blog/am-i-eligible-for-workers-compensation/,2026-10-05,0,12,0,6.67
https://rodenlaw.com/blog/animal-accident-insurance-coverage/,2026-09-15,0,19,0,16.16
https://rodenlaw.com/blog/animal-accident-insurance-coverage/,2026-09-16,0,16,0,17.5
https://rodenlaw.com/blog/animal-accident-insurance-coverage/,2026-09-17,0,9,0,14
https://rodenlaw.com/blog/animal-accident-insurance-coverage/,2026-09-18,0,12,0,12.58
https://rodenlaw.com/blog/animal-accident-insurance-coverage/,2026-09-19,0,8,0,33.25
https://rodenlaw.com/blog/animal-accident-insurance-coverage/,2026-09-20,0,8,0,19.25
https://rodenlaw.com/blog/animal-accident-insurance-coverage/,2026-09-21,0,20,0,21.6
https://rodenlaw.com/blog/animal-accident-insurance-coverage/,2026-09-22,0,9,0,22.11
https://rodenlaw.com/blog/animal-accident-insurance-coverage/,2026-09-23,0,20,0,23.1
https://rodenlaw.com/blog/animal-accident-insurance-coverage/,2026-09-24,0,16,0,23.75
https://rodenlaw.com/blog/animal-accident-insurance-coverage/,2026-09-25,0,18,0,36.72
https://rodenlaw.com/blog/animal-accident-insurance-coverage/,2026-09-26,0,16,0,26.88
https://rodenlaw.com/blog/animal-accident-insurance-coverage/,2026-09-27,0,21,0,21.95
https://rodenlaw.com/blog/animal-accident-insurance-coverage/,2026-09-28,0,28,0,30.71
https://rodenlaw.com/blog/animal-accident-insurance-coverage/,2026-09-29,0,25,0,24.32
https://rodenlaw.com/blog/animal-accident-insurance-coverage/,2026-09-30,0,25,0,29.24
https://rodenlaw.com/blog/animal-accident-insurance-coverage/,2026-10-01,0,26,0,28.31
https://rodenlaw.com/blog/animal-accident-insurance-coverage/,2026-10-02,0,21,0,29.95
https://rodenlaw.com/blog/animal-accident-insurance-coverage/,2026-10-03,0,23,0,30.78
https://rodenlaw.com/blog/animal-accident-insurance-coverage/,2026-10-04,0,16,0,33.44
https://rodenlaw.com/blog/animal-accident-insurance-coverage/,2026-10-05,0,13,0,27.92
https://rodenlaw.com/blog/answering-insurance-questions-after-crash/,2026-09-15,0,25,0,24.72
https://rodenlaw.com/blog/answering-insurance-questions-after-crash/,2026-09-16,0,33,0,13.48
https://rodenlaw.com/blog/answering-insurance-questions-after-crash/,2026-09-18,0,25,0,17
https://rodenlaw.com/blog/answering-insurance-questions-after-crash/,2026-09-19,0,10,0,25.2
https://rodenlaw.com/blog/answering-insurance-questions-after-crash/,2026-09-20,0,13,0,29.92
https://rodenlaw.com/blog/answering-insurance-questions-after-crash/,2026-09-21,0,16,0,16.62
https://rodenlaw.com/blog/answering-insurance-questions-after-crash/,2026-09-22,0,24,0,22.12
https://rodenlaw.com/blog/answering-insurance-questions-after-crash/,2026-09-23,0,26,0,19.88
https://rodenlaw.com/blog/answering-insurance-questions-after-crash/,2026-09-25,0,22,0,20.95
https://rodenlaw.com/blog/answering-insurance-questions-after-crash/,2026-09-26,0,13,0,31.23
https://rodenlaw.com/blog/answering-insurance-questions-after-crash/,2026-09-27,0,19,0,19.79
https://rodenlaw.com/blog/answering-insurance-questions-after-crash/,2026-09-29,0,20,0,18.3
https://rodenlaw.com/blog/answering-insurance-questions-after-crash/,2026-10-01,0,19,0,17.37
https://rodenlaw.com/blog/answering-insurance-questions-after-crash/,2026-10-02,0,12,0,19.17
https://rodenlaw.com/blog/answering-insurance-questions-after-crash/,2026-10-03,0,14,0,30
https://rodenlaw.com/blog/answering-insurance-questions-after-crash/,2026-10-04,0,9,0,17
https://rodenlaw.com/blog/answering-insurance-questions-after-crash/#recorded-statements,2026-09-19,0,1,0,4
https://rodenlaw.com/blog/answering-insurance-questions-after-crash/#recorded-statements,2026-09-20,0,1,0,5
https://rodenlaw.com/blog/answering-insurance-questions-after-crash/#recorded-statements,2026-09-23,0,1,0,2
https://rodenlaw.com/blog/answering-insurance-questions-after-crash/#recorded-statements,2026-09-25,0,2,0,4
https://rodenlaw.com/blog/answering-insurance-questions-after-crash/#recorded-statements,2026-09-26,0,1,0,4
https://rodenlaw.com/blog/answering-insurance-questions-after-crash/#recorded-statements,2026-09-29,0,1,0,8
https://rodenlaw.com/blog/answering-insurance-questions-after-crash/#recorded-statements,2026-10-02,0,1,0,2
https://rodenlaw.com/blog/answering-insurance-questions-after-crash/#recorded-statements,2026-10-04,0,1,0,9
https://rodenlaw.com/blog/answering-insurance-questions-after-crash/#types-of-questions,2026-09-16,0,1,0,11
https://rodenlaw.com/blog/answering-insurance-questions-after-crash/#types-of-questions,2026-09-19,0,1,0,4
https://rodenlaw.com/blog/answering-insurance-questions-after-crash/#types-of-questions,2026-09-20,0,1,0,5
https://rodenlaw.com/blog/answering-insurance-questions-after-crash/#types-of-questions,2026-09-23,0,1,0,2
https://rodenlaw.com/blog/answering-insurance-questions-after-crash/#types-of-questions,2026-09-24,0,2,0,7.5
https://rodenlaw.com/blog/answering-insurance-questions-after-crash/#types-of-questions,2026-09-25,0,3,0,3.33
https://rodenlaw.com/blog/answering-insurance-questions-after-crash/#types-of-questions,2026-09-26,0,1,0,4
https://rodenlaw.com/blog/answering-insurance-questions-after-crash/#types-of-questions,2026-09-29,0,1,0,8
https://rodenlaw.com/blog/answering-insurance-questions-after-crash/#types-of-questions,2026-09-30,0,1,0,8
https://rodenlaw.com/blog/answering-insurance-questions-after-crash/#types-of-questions,2026-10-02,0,1,0,2
https://rodenlaw.com/blog/answering-insurance-questions-after-crash/#types-of-questions,2026-10-04,0,2,0,7.5
https://rodenlaw.com/blog/answering-insurance-questions-after-crash/#what-to-say,2026-09-19,0,1,0,4
https://rodenlaw.com/blog/answering-insurance-questions-after-crash/#what-to-say,2026-09-20,0,1,0,5
https://rodenlaw.com/blog/answering-insurance-questions-after-crash/#what-to-say,2026-09-23,0,1,0,2
https://rodenlaw.com/blog/answering-insurance-questions-after-crash/#what-to-say,2026-09-24,0,1,0,11
https://rodenlaw.com/blog/answering-insurance-questions-after-crash/#what-to-say,2026-09-25,0,2,0,4
https://rodenlaw.com/blog/answering-insurance-questions-after-crash/#what-to-say,2026-09-26,0,1,0,4
https://rodenlaw.com/blog/answering-insurance-questions-after-crash/#what-to-say,2026-09-29,0,1,0,8
https://rodenlaw.com/blog/answering-insurance-questions-after-crash/#what-to-say,2026-10-02,0,1,0,2
https://rodenlaw.com/blog/answering-insurance-questions-after-crash/#what-to-say,2026-10-04,0,1,0,9
https://rodenlaw.com/blog/answering-insurance-questions-after-crash/#why-insurers-contact-you,2026-09-16,0,1,0,11
https://rodenlaw.com/blog/answering-insurance-questions-after-crash/#why-insurers-contact-you,2026-09-19,0,1,0,4
https://rodenlaw.com/blog/answering-insurance-questions-after-crash/#why-insurers-contact-you,2026-09-20,0,1,0,5
https://rodenlaw.com/blog/answering-insurance-questions-after-crash/#why-insurers-contact-you,2026-09-23,0,1,0,2
https://rodenlaw.com/blog/answering-insurance-questions-after-crash/#why-insurers-contact-you,2026-09-24,0,1,0,4
https://rodenlaw.com/blog/answering-insurance-questions-after-crash/#why-insurers-contact-you,2026-09-25,0,3,0,3.33
https://rodenlaw.com/blog/answering-insurance-questions-after-crash/#why-insurers-contact-you,2026-09-26,0,1,0,4
https://rodenlaw.com/blog/answering-insurance-questions-after-crash/#why-insurers-contact-you,2026-09-29,0,1,0,8
https://rodenlaw.com/blog/answering-insurance-questions-after-crash/#why-insurers-contact-you,2026-09-30,0,1,0,8
https://rodenlaw.com/blog/answering-insurance-questions-after-crash/#why-insurers-contact-you,2026-10-02,0,1,0,2
https://rodenlaw.com/blog/answering-insurance-questions-after-crash/#why-insurers-contact-you,2026-10-04,0,2,0,7.5
https://rodenlaw.com/blog/are-accident-lawyers-worth-it/,2026-09-15,0,1,0,3
https://rodenlaw.com/blog/are-accident-lawyers-worth-it/,2026-09-26,0,1,0,5
https://rodenlaw.com/blog/are-accident-lawyers-worth-it/,2026-09-30,0,1,0,8
https://rodenlaw.com/blog/are-red-light-runners-always-liable-if-they-crash/,2026-09-15,0,18,0,11.28
https://rodenlaw.com/blog/are-red-light-runners-always-liable-if-they-crash/,2026-09-16,0,31,0,10.39
https://rodenlaw.com/blog/are-red-light-runners-always-liable-if-they-crash/,2026-09-17,0,40,0,11.82
https://rodenlaw.com/blog/are-red-light-runners-always-liable-if-they-crash/,2026-09-18,0,41,0,14.54
https://rodenlaw.com/blog/are-red-light-runners-always-liable-if-they-crash/,2026-09-19,0,7,0,18.71
https://rodenlaw.com/blog/are-red-light-runners-always-liable-if-they-crash/,2026-09-20,0,11,0,11.91
https://rodenlaw.com/blog/are-red-light-runners-always-liable-if-they-crash/,2026-09-21,0,16,0,12.38
https://rodenlaw.com/blog/are-red-light-runners-always-liable-if-they-crash/,2026-09-22,0,21,0,18.29
https://rodenlaw.com/blog/are-red-light-runners-always-liable-if-they-crash/,2026-09-23,0,10,0,5.5
https://rodenlaw.com/blog/are-red-light-runners-always-liable-if-they-crash/,2026-09-24,0,16,0,13.19
https://rodenlaw.com/blog/are-red-light-runners-always-liable-if-they-crash/,2026-09-26,0,10,0,23.1
https://rodenlaw.com/blog/are-red-light-runners-always-liable-if-they-crash/,2026-09-27,0,11,0,20.45
https://rodenlaw.com/blog/are-red-light-runners-always-liable-if-they-crash/,2026-09-28,0,12,0,18
https://rodenlaw.com/blog/are-red-light-runners-always-liable-if-they-crash/,2026-09-29,0,13,0,33.46
https://rodenlaw.com/blog/are-red-light-runners-always-liable-if-they-crash/,2026-09-30,0,5,0,26.4
https://rodenlaw.com/blog/are-red-light-runners-always-liable-if-they-crash/,2026-10-01,0,7,0,26.57
https://rodenlaw.com/blog/are-red-light-runners-always-liable-if-they-crash/,2026-10-02,0,17,0,13.76
https://rodenlaw.com/blog/are-red-light-runners-always-liable-if-they-crash/,2026-10-03,0,16,0,25
https://rodenlaw.com/blog/are-red-light-runners-always-liable-if-they-crash/,2026-10-04,0,11,0,13
https://rodenlaw.com/blog/are-red-light-runners-always-liable-if-they-crash/,2026-10-05,0,5,0,27.8
https://rodenlaw.com/blog/are-red-light-runners-always-liable-if-they-crash/#are-red-light-runners-always-at-fault,2026-09-15,0,1,0,5
https://rodenlaw.com/blog/are-red-light-runners-always-liable-if-they-crash/#are-red-light-runners-always-at-fault,2026-09-17,0,1,0,7
https://rodenlaw.com/blog/are-red-light-runners-always-liable-if-they-crash/#are-red-light-runners-always-at-fault,2026-09-20,0,2,0,5.5
https://rodenlaw.com/blog/are-red-light-runners-always-liable-if-they-crash/#are-red-light-runners-always-at-fault,2026-09-23,0,1,0,10
https://rodenlaw.com/blog/are-red-light-runners-always-liable-if-they-crash/#are-red-light-runners-always-at-fault,2026-09-27,0,1,0,2
https://rodenlaw.com/blog/are-red-light-runners-always-liable-if-they-crash/#are-red-light-runners-always-at-fault,2026-09-28,0,1,0,6
https://rodenlaw.com/blog/are-red-light-runners-always-liable-if-they-crash/#are-red-light-runners-always-at-fault,2026-09-30,0,1,0,5
https://rodenlaw.com/blog/are-red-light-runners-always-liable-if-they-crash/#are-red-light-runners-always-at-fault,2026-10-05,0,1,0,4
https://rodenlaw.com/blog/are-red-light-runners-always-liable-if-they-crash/#comparative-fault-rules,2026-09-15,0,1,0,5
https://rodenlaw.com/blog/are-red-light-runners-always-liable-if-they-crash/#comparative-fault-rules,2026-09-17,0,1,0,7
https://rodenlaw.com/blog/are-red-light-runners-always-liable-if-they-crash/#comparative-fault-rules,2026-09-20,0,2,0,5.5
https://rodenlaw.com/blog/are-red-light-runners-always-liable-if-they-crash/#comparative-fault-rules,2026-09-23,0,1,0,10
https://rodenlaw.com/blog/are-red-light-runners-always-liable-if-they-crash/#comparative-fault-rules,2026-09-27,0,1,0,2
https://rodenlaw.com/blog/are-red-light-runners-always-liable-if-they-crash/#comparative-fault-rules,2026-09-28,0,1,0,6
https://rodenlaw.com/blog/are-red-light-runners-always-liable-if-they-crash/#comparative-fault-rules,2026-09-30,0,1,0,5
https://rodenlaw.com/blog/are-red-light-runners-always-liable-if-they-crash/#comparative-fault-rules,2026-10-05,0,1,0,4
https://rodenlaw.com/blog/are-red-light-runners-always-liable-if-they-crash/#how-fault-determined,2026-09-15,0,1,0,5
https://rodenlaw.com/blog/are-red-light-runners-always-liable-if-they-crash/#how-fault-determined,2026-09-17,0,1,0,7
https://rodenlaw.com/blog/are-red-light-runners-always-liable-if-they-crash/#how-fault-determined,2026-09-20,0,2,0,5.5
https://rodenlaw.com/blog/are-red-light-runners-always-liable-if-they-crash/#how-fault-determined,2026-09-23,0,1,0,10
https://rodenlaw.com/blog/are-red-light-runners-always-liable-if-they-crash/#how-fault-determined,2026-09-27,0,1,0,2
https://rodenlaw.com/blog/are-red-light-runners-always-liable-if-they-crash/#how-fault-determined,2026-09-28,0,1,0,6
https://rodenlaw.com/blog/are-red-light-runners-always-liable-if-they-crash/#how-fault-determined,2026-09-30,0,1,0,5
https://rodenlaw.com/blog/are-red-light-runners-always-liable-if-they-crash/#how-fault-determined,2026-10-05,0,1,0,4
https://rodenlaw.com/blog/are-red-light-runners-always-liable-if-they-crash/#proving-red-light-violation,2026-09-15,0,1,0,5
https://rodenlaw.com/blog/are-red-light-runners-always-liable-if-they-crash/#proving-red-light-violation,2026-09-17,0,1,0,7
https://rodenlaw.com/blog/are-red-light-runners-always-liable-if-they-crash/#proving-red-light-violation,2026-09-20,0,2,0,5.5
https://rodenlaw.com/blog/are-red-light-runners-always-liable-if-they-crash/#proving-red-light-violation,2026-09-23,0,1,0,10
https://rodenlaw.com/blog/are-red-light-runners-always-liable-if-they-crash/#proving-red-light-violation,2026-09-27,0,1,0,2
https://rodenlaw.com/blog/are-red-light-runners-always-liable-if-they-crash/#proving-red-light-violation,2026-09-28,0,1,0,6
https://rodenlaw.com/blog/are-red-light-runners-always-liable-if-they-crash/#proving-red-light-violation,2026-09-30,0,1,0,5
https://rodenlaw.com/blog/are-red-light-runners-always-liable-if-they-crash/#proving-red-light-violation,2026-10-05,0,1,0,4
https://rodenlaw.com/blog/are-red-light-runners-always-liable-if-they-crash/#red-light-cameras,2026-09-15,0,1,0,5
https://rodenlaw.com/blog/are-red-light-runners-always-liable-if-they-crash/#red-light-cameras,2026-09-17,0,1,0,7
https://rodenlaw.com/blog/are-red-light-runners-always-liable-if-they-crash/#red-light-cameras,2026-09-20,0,2,0,5.5
https://rodenlaw.com/blog/are-red-light-runners-always-liable-if-they-crash/#red-light-cameras,2026-09-23,0,1,0,10
https://rodenlaw.com/blog/are-red-light-runners-always-liable-if-they-crash/#red-light-cameras,2026-09-27,0,1,0,2
https://rodenlaw.com/blog/are-red-light-runners-always-liable-if-they-crash/#red-light-cameras,2026-09-28,0,1,0,6
https://rodenlaw.com/blog/are-red-light-runners-always-liable-if-they-crash/#red-light-cameras,2026-09-30,0,1,0,5
https://rodenlaw.com/blog/are-red-light-runners-always-liable-if-they-crash/#red-light-cameras,2026-10-05,0,1,0,4
https://rodenlaw.com/blog/are-red-light-runners-always-liable-if-they-crash/#traffic-signal-laws,2026-09-15,0,1,0,5
https://rodenlaw.com/blog/are-red-light-runners-always-liable-if-they-crash/#traffic-signal-laws,2026-09-17,0,1,0,7
https://rodenlaw.com/blog/are-red-light-runners-always-liable-if-they-crash/#traffic-signal-laws,2026-09-20,0,2,0,5.5
https://rodenlaw.com/blog/are-red-light-runners-always-liable-if-they-crash/#traffic-signal-laws,2026-09-23,0,1,0,10
https://rodenlaw.com/blog/are-red-light-runners-always-liable-if-they-crash/#traffic-signal-laws,2026-09-27,0,1,0,2
https://rodenlaw.com/blog/are-red-light-runners-always-liable-if-they-crash/#traffic-signal-laws,2026-09-28,0,1,0,6
https://rodenlaw.com/blog/are-red-light-runners-always-liable-if-they-crash/#traffic-signal-laws,2026-09-30,0,1,0,5
https://rodenlaw.com/blog/are-red-light-runners-always-liable-if-they-crash/#traffic-signal-laws,2026-10-05,0,1,0,4
https://rodenlaw.com/blog/are-red-light-runners-always-liable-if-they-crash/#when-victim-shares-fault,2026-09-15,0,1,0,5
https://rodenlaw.com/blog/are-red-light-runners-always-liable-if-they-crash/#when-victim-shares-fault,2026-09-17,0,1,0,7
https://rodenlaw.com/blog/are-red-light-runners-always-liable-if-they-crash/#when-victim-shares-fault,2026-09-20,0,2,0,5.5
https://rodenlaw.com/blog/are-red-light-runners-always-liable-if-they-crash/#when-victim-shares-fault,2026-09-23,0,1,0,10
https://rodenlaw.com/blog/are-red-light-runners-always-liable-if-they-crash/#when-victim-shares-fault,2026-09-27,0,1,0,2
https://rodenlaw.com/blog/are-red-light-runners-always-liable-if-they-crash/#when-victim-shares-fault,2026-09-28,0,1,0,6
https://rodenlaw.com/blog/are-red-light-runners-always-liable-if-they-crash/#when-victim-shares-fault,2026-09-30,0,1,0,5
https://rodenlaw.com/blog/are-red-light-runners-always-liable-if-they-crash/#when-victim-shares-fault,2026-10-05,0,1,0,4
https://rodenlaw.com/blog/ashley-phosphate-i-26-south-carolinas-deadliest-intersection/,2026-09-16,0,3,0,6.33
https://rodenlaw.com/blog/ashley-phosphate-i-26-south-carolinas-deadliest-intersection/,2026-09-17,0,2,0,10.5
https://rodenlaw.com/blog/ashley-phosphate-i-26-south-carolinas-deadliest-intersection/,2026-09-18,0,1,0,8
https://rodenlaw.com/blog/ashley-phosphate-i-26-south-carolinas-deadliest-intersection/,2026-09-19,0,2,0,8.5
https://rodenlaw.com/blog/ashley-phosphate-i-26-south-carolinas-deadliest-intersection/,2026-09-21,0,2,0,4.5
https://rodenlaw.com/blog/ashley-phosphate-i-26-south-carolinas-deadliest-intersection/,2026-09-22,0,6,0,8.67
https://rodenlaw.com/blog/ashley-phosphate-i-26-south-carolinas-deadliest-intersection/,2026-09-23,0,2,0,3
https://rodenlaw.com/blog/ashley-phosphate-i-26-south-carolinas-deadliest-intersection/,2026-09-24,0,4,0,7.5
https://rodenlaw.com/blog/ashley-phosphate-i-26-south-carolinas-deadliest-intersection/,2026-09-25,0,4,0,8.5
https://rodenlaw.com/blog/ashley-phosphate-i-26-south-carolinas-deadliest-intersection/,2026-09-26,0,1,0,8
https://rodenlaw.com/blog/ashley-phosphate-i-26-south-carolinas-deadliest-intersection/,2026-09-28,0,3,0,9.33
https://rodenlaw.com/blog/ashley-phosphate-i-26-south-carolinas-deadliest-intersection/,2026-09-29,0,8,0,8.62
https://rodenlaw.com/blog/ashley-phosphate-i-26-south-carolinas-deadliest-intersection/,2026-09-30,0,1,0,7
https://rodenlaw.com/blog/ashley-phosphate-i-26-south-carolinas-deadliest-intersection/,2026-10-01,0,2,0,8.5
https://rodenlaw.com/blog/ashley-phosphate-i-26-south-carolinas-deadliest-intersection/,2026-10-02,0,2,0,10.5
https://rodenlaw.com/blog/ashley-phosphate-i-26-south-carolinas-deadliest-intersection/,2026-10-03,0,4,0,5
https://rodenlaw.com/blog/ashley-phosphate-road-i-26-dangerous-intersection-charleston/,2026-09-15,0,20,0,8.45
https://rodenlaw.com/blog/ashley-phosphate-road-i-26-dangerous-intersection-charleston/,2026-09-16,0,24,0,8.62
https://rodenlaw.com/blog/ashley-phosphate-road-i-26-dangerous-intersection-charleston/,2026-09-17,0,25,0,9.36
https://rodenlaw.com/blog/ashley-phosphate-road-i-26-dangerous-intersection-charleston/,2026-09-18,0,21,0,8.95
https://rodenlaw.com/blog/ashley-phosphate-road-i-26-dangerous-intersection-charleston/,2026-09-19,0,17,0,7.76
https://rodenlaw.com/blog/ashley-phosphate-road-i-26-dangerous-intersection-charleston/,2026-09-20,0,21,0,7
https://rodenlaw.com/blog/ashley-phosphate-road-i-26-dangerous-intersection-charleston/,2026-09-21,0,11,0,7.73
https://rodenlaw.com/blog/ashley-phosphate-road-i-26-dangerous-intersection-charleston/,2026-09-22,0,8,0,11.5
https://rodenlaw.com/blog/ashley-phosphate-road-i-26-dangerous-intersection-charleston/,2026-09-23,0,14,0,11.71
https://rodenlaw.com/blog/ashley-phosphate-road-i-26-dangerous-intersection-charleston/,2026-09-24,0,12,0,11.17
https://rodenlaw.com/blog/ashley-phosphate-road-i-26-dangerous-intersection-charleston/,2026-09-25,0,11,0,7.27
https://rodenlaw.com/blog/ashley-phosphate-road-i-26-dangerous-intersection-charleston/,2026-09-27,0,3,0,5.33
https://rodenlaw.com/blog/ashley-phosphate-road-i-26-dangerous-intersection-charleston/,2026-09-28,0,8,0,7.88
https://rodenlaw.com/blog/ashley-phosphate-road-i-26-dangerous-intersection-charleston/,2026-09-29,0,12,0,7.5
https://rodenlaw.com/blog/ashley-phosphate-road-i-26-dangerous-intersection-charleston/,2026-09-30,0,5,0,6.6
https://rodenlaw.com/blog/ashley-phosphate-road-i-26-dangerous-intersection-charleston/,2026-10-01,0,5,0,15.8
https://rodenlaw.com/blog/ashley-phosphate-road-i-26-dangerous-intersection-charleston/,2026-10-02,0,10,0,7.2
https://rodenlaw.com/blog/ashley-phosphate-road-i-26-dangerous-intersection-charleston/,2026-10-03,0,3,0,9
https://rodenlaw.com/blog/ashley-phosphate-road-i-26-dangerous-intersection-charleston/,2026-10-04,0,8,0,7.88
https://rodenlaw.com/blog/ashley-phosphate-road-i-26-dangerous-intersection-charleston/#common-accident-types,2026-09-24,0,1,0,2
https://rodenlaw.com/blog/ashley-phosphate-road-i-26-dangerous-intersection-charleston/#comparative-fault-sc,2026-09-24,0,1,0,2
https://rodenlaw.com/blog/ashley-phosphate-road-i-26-dangerous-intersection-charleston/#crash-data,2026-09-24,0,1,0,2
https://rodenlaw.com/blog/ashley-phosphate-road-i-26-dangerous-intersection-charleston/#injuries-from-high-speed,2026-09-24,0,1,0,2
https://rodenlaw.com/blog/ashley-phosphate-road-i-26-dangerous-intersection-charleston/#who-is-liable,2026-09-24,0,1,0,2
https://rodenlaw.com/blog/ashley-phosphate-road-i-26-dangerous-intersection-charleston/#why-ashley-phosphate-dangerous,2026-09-24,0,1,0,2
https://rodenlaw.com/blog/atlantic-coastal-highway-us-17-rideshare-uber-lyft-crash-savannah-intermodal-transit-center/,2026-09-15,0,1,0,8
https://rodenlaw.com/blog/atlantic-coastal-highway-us-17-rideshare-uber-lyft-crash-savannah-intermodal-transit-center/,2026-09-25,0,1,0,2
https://rodenlaw.com/blog/atlantic-coastal-highway-us-17-rideshare-uber-lyft-crash-savannah-intermodal-transit-center/,2026-09-27,0,2,0,11
https://rodenlaw.com/blog/atlantic-coastal-highway-us-17-rideshare-uber-lyft-crash-savannah-intermodal-transit-center/,2026-09-28,0,3,0,13.33
https://rodenlaw.com/blog/atlantic-coastal-highway-us-17-rideshare-uber-lyft-crash-savannah-intermodal-transit-center/,2026-09-30,0,1,0,7
https://rodenlaw.com/blog/atlantic-coastal-highway-us-17-rideshare-uber-lyft-crash-savannah-intermodal-transit-center/,2026-10-01,0,1,0,19
https://rodenlaw.com/blog/atlantic-coastal-highway-us-17-rideshare-uber-lyft-crash-savannah-intermodal-transit-center/,2026-10-02,0,2,0,2
https://rodenlaw.com/blog/atlantic-coastal-highway-us-17-rideshare-uber-lyft-crash-savannah-intermodal-transit-center/,2026-10-03,0,1,0,12
https://rodenlaw.com/blog/atlantic-coastal-highway-us-17-rideshare-uber-lyft-crash-savannah-intermodal-transit-center/,2026-10-04,0,2,0,12.5
https://rodenlaw.com/blog/atm-attack-liability/,2026-09-18,0,6,0,5.83
https://rodenlaw.com/blog/atm-attack-liability/,2026-09-19,0,1,0,3
https://rodenlaw.com/blog/atm-attack-liability/,2026-09-20,0,3,0,3
https://rodenlaw.com/blog/atm-attack-liability/,2026-09-21,0,6,0,3
https://rodenlaw.com/blog/atm-attack-liability/,2026-09-22,0,1,0,6
https://rodenlaw.com/blog/atm-attack-liability/,2026-09-23,0,2,0,6.5
https://rodenlaw.com/blog/atm-attack-liability/,2026-09-24,0,5,0,15
https://rodenlaw.com/blog/atm-attack-liability/,2026-09-25,0,6,0,15.33
https://rodenlaw.com/blog/atm-attack-liability/,2026-09-26,0,2,0,3
https://rodenlaw.com/blog/atm-attack-liability/,2026-09-27,0,3,0,4.67
https://rodenlaw.com/blog/atm-attack-liability/,2026-09-28,0,4,0,5.75
https://rodenlaw.com/blog/atm-attack-liability/,2026-09-29,0,3,0,9.67
https://rodenlaw.com/blog/atm-attack-liability/,2026-09-30,0,2,0,5
https://rodenlaw.com/blog/atm-attack-liability/,2026-10-02,0,1,0,8
https://rodenlaw.com/blog/atm-attack-liability/,2026-10-03,0,1,0,10
https://rodenlaw.com/blog/atm-attack-liability/,2026-10-04,0,3,0,9.33
https://rodenlaw.com/blog/atm-attack-liability/,2026-10-05,0,1,0,2
https://rodenlaw.com/blog/average-personal-injury-settlement-amounts/,2026-09-16,0,67,0,10.66
https://rodenlaw.com/blog/average-personal-injury-settlement-amounts/,2026-09-19,0,19,0,7.47
https://rodenlaw.com/blog/average-personal-injury-settlement-amounts/,2026-09-20,0,39,0,11.95
https://rodenlaw.com/blog/average-personal-injury-settlement-amounts/,2026-09-21,0,97,0,8.08
https://rodenlaw.com/blog/average-personal-injury-settlement-amounts/,2026-09-22,0,105,0,13.16
https://rodenlaw.com/blog/average-personal-injury-settlement-amounts/,2026-09-23,0,113,0,11.49
https://rodenlaw.com/blog/average-personal-injury-settlement-amounts/,2026-09-24,0,130,0,11.75
https://rodenlaw.com/blog/average-personal-injury-settlement-amounts/,2026-09-27,0,48,0,14.65
https://rodenlaw.com/blog/average-personal-injury-settlement-amounts/,2026-09-28,0,82,0,12.63
https://rodenlaw.com/blog/average-personal-injury-settlement-amounts/,2026-09-30,0,83,0,13.02
https://rodenlaw.com/blog/average-personal-injury-settlement-amounts/,2026-10-01,0,110,0,21.76
https://rodenlaw.com/blog/average-personal-injury-settlement-amounts/,2026-10-02,0,90,0,20.87
https://rodenlaw.com/blog/average-personal-injury-settlement-amounts/,2026-10-03,0,40,0,29.88
https://rodenlaw.com/blog/average-personal-injury-settlement-amounts/,2026-10-04,0,45,0,30.27
https://rodenlaw.com/blog/average-personal-injury-settlement-amounts/,2026-10-05,0,18,0,26.17
https://rodenlaw.com/blog/average-personal-injury-settlement-amounts/#factors-higher,2026-09-21,0,1,0,11
https://rodenlaw.com/blog/average-personal-injury-settlement-amounts/#factors-higher,2026-09-27,0,1,0,10
https://rodenlaw.com/blog/average-personal-injury-settlement-amounts/#factors-higher,2026-09-30,0,1,0,11
https://rodenlaw.com/blog/average-personal-injury-settlement-amounts/#factors-lower,2026-09-21,0,1,0,11
https://rodenlaw.com/blog/average-personal-injury-settlement-amounts/#factors-lower,2026-09-27,0,1,0,10
https://rodenlaw.com/blog/average-personal-injury-settlement-amounts/#factors-lower,2026-09-30,0,1,0,11
https://rodenlaw.com/blog/average-personal-injury-settlement-amounts/#georgia-law,2026-09-21,0,1,0,11
https://rodenlaw.com/blog/average-personal-injury-settlement-amounts/#georgia-law,2026-09-27,0,1,0,10
https://rodenlaw.com/blog/average-personal-injury-settlement-amounts/#georgia-law,2026-09-30,0,1,0,11
https://rodenlaw.com/blog/average-personal-injury-settlement-amounts/#never-compare,2026-09-21,0,1,0,11
https://rodenlaw.com/blog/average-personal-injury-settlement-amounts/#never-compare,2026-09-27,0,1,0,10
https://rodenlaw.com/blog/average-personal-injury-settlement-amounts/#never-compare,2026-09-30,0,1,0,11
https://rodenlaw.com/blog/average-personal-injury-settlement-amounts/#no-average-settlement,2026-09-21,0,1,0,11
https://rodenlaw.com/blog/average-personal-injury-settlement-amounts/#no-average-settlement,2026-09-27,0,1,0,10
https://rodenlaw.com/blog/average-personal-injury-settlement-amounts/#no-average-settlement,2026-09-30,0,1,0,11
https://rodenlaw.com/blog/average-personal-injury-settlement-amounts/#settlement-ranges-by-case-type,2026-09-21,0,1,0,11
https://rodenlaw.com/blog/average-personal-injury-settlement-amounts/#settlement-ranges-by-case-type,2026-09-27,0,1,0,10
https://rodenlaw.com/blog/average-personal-injury-settlement-amounts/#settlement-ranges-by-case-type,2026-09-30,0,1,0,11
https://rodenlaw.com/blog/average-personal-injury-settlement-amounts/#south-carolina-law,2026-09-21,0,1,0,11
https://rodenlaw.com/blog/average-personal-injury-settlement-amounts/#south-carolina-law,2026-09-27,0,1,0,10
https://rodenlaw.com/blog/average-personal-injury-settlement-amounts/#south-carolina-law,2026-09-30,0,1,0,11
https://rodenlaw.com/blog/avoid-dangerous-medication-errors/,2026-09-22,0,1,0,10
https://rodenlaw.com/blog/avoiding-bicycle-accidents/,2026-09-15,0,2,0,7
https://rodenlaw.com/blog/avoiding-bicycle-accidents/,2026-09-16,0,1,0,10
https://rodenlaw.com/blog/avoiding-bicycle-accidents/,2026-09-18,0,1,0,10
https://rodenlaw.com/blog/avoiding-bicycle-accidents/,2026-09-21,0,1,0,13
https://rodenlaw.com/blog/avoiding-bicycle-accidents/,2026-09-22,0,1,0,10
https://rodenlaw.com/blog/avoiding-bicycle-accidents/,2026-09-25,0,1,0,5
https://rodenlaw.com/blog/avoiding-bicycle-accidents/,2026-09-26,0,3,0,8.67
https://rodenlaw.com/blog/avoiding-bicycle-accidents/,2026-09-28,0,2,0,7.5
https://rodenlaw.com/blog/avoiding-bicycle-accidents/,2026-09-29,0,1,0,10
https://rodenlaw.com/blog/avoiding-bicycle-accidents/,2026-09-30,0,1,0,9
https://rodenlaw.com/blog/avoiding-bicycle-accidents/,2026-10-01,0,3,0,15.67
https://rodenlaw.com/blog/avoiding-bicycle-accidents/,2026-10-04,0,1,0,8
https://rodenlaw.com/blog/avoiding-motorcycle-crash-injuries/,2026-09-15,0,7,0,23.14
https://rodenlaw.com/blog/avoiding-motorcycle-crash-injuries/,2026-09-16,0,10,0,18.8
https://rodenlaw.com/blog/avoiding-motorcycle-crash-injuries/,2026-09-17,0,6,0,17.67
https://rodenlaw.com/blog/avoiding-motorcycle-crash-injuries/,2026-09-18,0,2,0,24.5
https://rodenlaw.com/blog/avoiding-motorcycle-crash-injuries/,2026-09-19,0,4,0,16
https://rodenlaw.com/blog/avoiding-motorcycle-crash-injuries/,2026-09-20,0,4,0,13.25
https://rodenlaw.com/blog/avoiding-motorcycle-crash-injuries/,2026-09-21,0,2,0,30.5
https://rodenlaw.com/blog/avoiding-motorcycle-crash-injuries/,2026-09-22,0,9,0,18.89
https://rodenlaw.com/blog/avoiding-motorcycle-crash-injuries/,2026-09-23,0,7,0,19.71
https://rodenlaw.com/blog/avoiding-motorcycle-crash-injuries/,2026-09-24,0,10,0,18.2
https://rodenlaw.com/blog/avoiding-motorcycle-crash-injuries/,2026-09-25,0,2,0,11.5
https://rodenlaw.com/blog/avoiding-motorcycle-crash-injuries/,2026-09-26,0,5,0,18.2
https://rodenlaw.com/blog/avoiding-motorcycle-crash-injuries/,2026-09-27,0,5,0,12
https://rodenlaw.com/blog/avoiding-motorcycle-crash-injuries/,2026-09-28,0,3,0,20
https://rodenlaw.com/blog/avoiding-motorcycle-crash-injuries/,2026-09-29,0,5,0,20.4
https://rodenlaw.com/blog/avoiding-motorcycle-crash-injuries/,2026-09-30,0,2,0,20.5
https://rodenlaw.com/blog/avoiding-motorcycle-crash-injuries/,2026-10-01,0,2,0,17.5
https://rodenlaw.com/blog/avoiding-motorcycle-crash-injuries/,2026-10-02,0,4,0,23
https://rodenlaw.com/blog/avoiding-motorcycle-crash-injuries/,2026-10-03,0,2,0,19.5
https://rodenlaw.com/blog/avoiding-motorcycle-crash-injuries/,2026-10-05,0,1,0,10
https://rodenlaw.com/blog/beginning-motorcycle-biker-risks/,2026-09-16,0,1,0,11
https://rodenlaw.com/blog/beginning-motorcycle-biker-risks/,2026-09-18,0,1,0,2
https://rodenlaw.com/blog/beginning-motorcycle-biker-risks/,2026-09-19,0,2,0,8
https://rodenlaw.com/blog/beginning-motorcycle-biker-risks/,2026-09-21,0,1,0,4
https://rodenlaw.com/blog/beginning-motorcycle-biker-risks/,2026-09-22,0,1,0,10
https://rodenlaw.com/blog/beginning-motorcycle-biker-risks/,2026-09-23,0,3,0,5.67
https://rodenlaw.com/blog/beginning-motorcycle-biker-risks/,2026-09-26,0,1,0,4
https://rodenlaw.com/blog/beginning-motorcycle-biker-risks/,2026-09-27,0,3,0,27.67
https://rodenlaw.com/blog/beginning-motorcycle-biker-risks/,2026-09-28,0,6,0,8
https://rodenlaw.com/blog/beginning-motorcycle-biker-risks/,2026-09-30,0,2,0,7.5
https://rodenlaw.com/blog/beginning-motorcycle-biker-risks/,2026-10-01,0,1,0,9
https://rodenlaw.com/blog/beginning-motorcycle-biker-risks/,2026-10-02,0,3,0,5.67
https://rodenlaw.com/blog/beginning-motorcycle-biker-risks/,2026-10-03,0,1,0,2
https://rodenlaw.com/blog/ben-sawyer-boulevard-bridge-accidents-sullivans-island/,2026-09-15,0,5,0,7.6
https://rodenlaw.com/blog/ben-sawyer-boulevard-bridge-accidents-sullivans-island/,2026-09-17,0,16,0,6.94
https://rodenlaw.com/blog/ben-sawyer-boulevard-bridge-accidents-sullivans-island/,2026-09-18,0,3,0,6.33
https://rodenlaw.com/blog/ben-sawyer-boulevard-bridge-accidents-sullivans-island/,2026-09-19,0,2,0,6
https://rodenlaw.com/blog/ben-sawyer-boulevard-bridge-accidents-sullivans-island/,2026-09-20,0,4,0,8.75
https://rodenlaw.com/blog/ben-sawyer-boulevard-bridge-accidents-sullivans-island/,2026-09-21,0,2,0,13
https://rodenlaw.com/blog/ben-sawyer-boulevard-bridge-accidents-sullivans-island/,2026-09-22,0,1,0,7
https://rodenlaw.com/blog/ben-sawyer-boulevard-bridge-accidents-sullivans-island/,2026-09-25,0,2,0,8
https://rodenlaw.com/blog/ben-sawyer-boulevard-bridge-accidents-sullivans-island/,2026-09-26,0,4,0,7.75
https://rodenlaw.com/blog/ben-sawyer-boulevard-bridge-accidents-sullivans-island/,2026-09-27,0,3,0,6.67
https://rodenlaw.com/blog/ben-sawyer-boulevard-bridge-accidents-sullivans-island/,2026-09-28,0,6,0,32.83
https://rodenlaw.com/blog/ben-sawyer-boulevard-bridge-accidents-sullivans-island/,2026-09-29,0,10,0,31.1
https://rodenlaw.com/blog/ben-sawyer-boulevard-bridge-accidents-sullivans-island/,2026-09-30,0,2,0,5
https://rodenlaw.com/blog/ben-sawyer-boulevard-bridge-accidents-sullivans-island/,2026-10-01,0,1,0,11
https://rodenlaw.com/blog/ben-sawyer-boulevard-bridge-accidents-sullivans-island/,2026-10-02,0,3,0,7.67
https://rodenlaw.com/blog/ben-sawyer-boulevard-bridge-accidents-sullivans-island/,2026-10-03,0,2,0,6.5
https://rodenlaw.com/blog/ben-sawyer-boulevard-bridge-accidents-sullivans-island/,2026-10-05,0,2,0,28
https://rodenlaw.com/blog/ben-sawyer-boulevard-bridge-accidents-sullivans-island/#ben-sawyer-boulevard,2026-09-20,0,2,0,6.5
https://rodenlaw.com/blog/ben-sawyer-boulevard-bridge-accidents-sullivans-island/#common-crash-types,2026-09-20,0,2,0,6.5
https://rodenlaw.com/blog/ben-sawyer-boulevard-bridge-accidents-sullivans-island/#comparative-fault,2026-09-20,0,2,0,6.5
https://rodenlaw.com/blog/ben-sawyer-boulevard-bridge-accidents-sullivans-island/#cyclist-pedestrian-risks,2026-09-20,0,2,0,6.5
https://rodenlaw.com/blog/ben-sawyer-boulevard-bridge-accidents-sullivans-island/#who-is-liable,2026-09-20,0,2,0,6.5
https://rodenlaw.com/blog/ben-sawyer-boulevard-bridge-accidents-sullivans-island/#why-dangerous,2026-09-20,0,2,0,6.5
https://rodenlaw.com/blog/benefit-of-a-personal-injury-pain-diary/,2026-09-15,0,14,0,9
https://rodenlaw.com/blog/benefit-of-a-personal-injury-pain-diary/,2026-09-16,0,8,0,8.38
https://rodenlaw.com/blog/benefit-of-a-personal-injury-pain-diary/,2026-09-17,0,5,0,9.6
https://rodenlaw.com/blog/benefit-of-a-personal-injury-pain-diary/,2026-09-18,0,4,0,9.25
https://rodenlaw.com/blog/benefit-of-a-personal-injury-pain-diary/,2026-09-19,0,1,0,15
https://rodenlaw.com/blog/benefit-of-a-personal-injury-pain-diary/,2026-09-20,0,3,0,11.33
https://rodenlaw.com/blog/benefit-of-a-personal-injury-pain-diary/,2026-09-21,0,10,0,7.9
https://rodenlaw.com/blog/benefit-of-a-personal-injury-pain-diary/,2026-09-22,0,6,0,9.67
https://rodenlaw.com/blog/benefit-of-a-personal-injury-pain-diary/,2026-09-23,0,6,0,6.67
https://rodenlaw.com/blog/benefit-of-a-personal-injury-pain-diary/,2026-09-24,0,10,0,8.9
https://rodenlaw.com/blog/benefit-of-a-personal-injury-pain-diary/,2026-09-25,0,4,0,9.25
https://rodenlaw.com/blog/benefit-of-a-personal-injury-pain-diary/,2026-09-26,0,6,0,9.83
https://rodenlaw.com/blog/benefit-of-a-personal-injury-pain-diary/,2026-09-27,0,11,0,13.18
https://rodenlaw.com/blog/benefit-of-a-personal-injury-pain-diary/,2026-09-28,0,6,0,8.17
https://rodenlaw.com/blog/benefit-of-a-personal-injury-pain-diary/,2026-09-29,0,11,0,17.18
https://rodenlaw.com/blog/benefit-of-a-personal-injury-pain-diary/,2026-09-30,0,2,0,5.5
https://rodenlaw.com/blog/benefit-of-a-personal-injury-pain-diary/,2026-10-01,0,4,0,4.5
https://rodenlaw.com/blog/benefit-of-a-personal-injury-pain-diary/,2026-10-02,0,8,0,8.25
https://rodenlaw.com/blog/benefit-of-a-personal-injury-pain-diary/,2026-10-04,0,5,0,6
https://rodenlaw.com/blog/benefits-for-workplace-violence/,2026-09-15,0,7,0,7.29
https://rodenlaw.com/blog/benefits-for-workplace-violence/,2026-09-16,0,17,0,6.18
https://rodenlaw.com/blog/benefits-for-workplace-violence/,2026-09-17,0,18,0,17.28
https://rodenlaw.com/blog/benefits-for-workplace-violence/,2026-09-18,0,12,0,5.08
https://rodenlaw.com/blog/benefits-for-workplace-violence/,2026-09-19,0,4,0,5.25
https://rodenlaw.com/blog/benefits-for-workplace-violence/,2026-09-20,0,10,0,8.5
https://rodenlaw.com/blog/benefits-for-workplace-violence/,2026-09-21,0,11,0,5.73
https://rodenlaw.com/blog/benefits-for-workplace-violence/,2026-09-22,0,23,0,7
https://rodenlaw.com/blog/benefits-for-workplace-violence/,2026-09-23,0,15,0,6.67
https://rodenlaw.com/blog/benefits-for-workplace-violence/,2026-09-24,0,12,0,8.25
https://rodenlaw.com/blog/benefits-for-workplace-violence/,2026-09-25,0,4,0,13
https://rodenlaw.com/blog/benefits-for-workplace-violence/,2026-09-26,0,8,0,4.5
https://rodenlaw.com/blog/benefits-for-workplace-violence/,2026-09-27,0,9,0,7.11
https://rodenlaw.com/blog/benefits-for-workplace-violence/,2026-09-28,0,15,0,6
https://rodenlaw.com/blog/benefits-for-workplace-violence/,2026-09-29,0,9,0,6.78
https://rodenlaw.com/blog/benefits-for-workplace-violence/,2026-09-30,0,14,0,6.07
https://rodenlaw.com/blog/benefits-for-workplace-violence/,2026-10-01,0,10,0,10.3
https://rodenlaw.com/blog/benefits-for-workplace-violence/,2026-10-02,0,11,0,9.18
https://rodenlaw.com/blog/benefits-for-workplace-violence/,2026-10-03,0,3,0,9.33
https://rodenlaw.com/blog/benefits-for-workplace-violence/,2026-10-04,0,3,0,4.67
https://rodenlaw.com/blog/benefits-for-workplace-violence/,2026-10-05,0,1,0,3
https://rodenlaw.com/blog/benefits-for-workplace-violence/#covered-scenarios,2026-09-16,0,3,0,4.67
https://rodenlaw.com/blog/benefits-for-workplace-violence/#covered-scenarios,2026-09-18,0,3,0,4.67
https://rodenlaw.com/blog/benefits-for-workplace-violence/#covered-scenarios,2026-09-20,0,1,0,4
https://rodenlaw.com/blog/benefits-for-workplace-violence/#covered-scenarios,2026-09-21,0,1,0,6
https://rodenlaw.com/blog/benefits-for-workplace-violence/#covered-scenarios,2026-09-22,0,7,0,5.14
https://rodenlaw.com/blog/benefits-for-workplace-violence/#covered-scenarios,2026-09-23,0,1,0,5
https://rodenlaw.com/blog/benefits-for-workplace-violence/#covered-scenarios,2026-09-24,0,3,0,7
https://rodenlaw.com/blog/benefits-for-workplace-violence/#covered-scenarios,2026-09-26,0,2,0,4
https://rodenlaw.com/blog/benefits-for-workplace-violence/#covered-scenarios,2026-09-27,0,3,0,5.33
https://rodenlaw.com/blog/benefits-for-workplace-violence/#covered-scenarios,2026-09-28,0,2,0,4
https://rodenlaw.com/blog/benefits-for-workplace-violence/#covered-scenarios,2026-09-30,0,2,0,3.5
https://rodenlaw.com/blog/benefits-for-workplace-violence/#covered-scenarios,2026-10-02,0,3,0,4.67
https://rodenlaw.com/blog/benefits-for-workplace-violence/#covered-scenarios,2026-10-04,0,1,0,4
https://rodenlaw.com/blog/benefits-for-workplace-violence/#ga-rules,2026-09-16,0,3,0,4.67
https://rodenlaw.com/blog/benefits-for-workplace-violence/#ga-rules,2026-09-18,0,3,0,4.67
https://rodenlaw.com/blog/benefits-for-workplace-violence/#ga-rules,2026-09-20,0,1,0,4
https://rodenlaw.com/blog/benefits-for-workplace-violence/#ga-rules,2026-09-21,0,1,0,6
https://rodenlaw.com/blog/benefits-for-workplace-violence/#ga-rules,2026-09-22,0,7,0,5.14
https://rodenlaw.com/blog/benefits-for-workplace-violence/#ga-rules,2026-09-23,0,1,0,5
https://rodenlaw.com/blog/benefits-for-workplace-violence/#ga-rules,2026-09-24,0,3,0,7
https://rodenlaw.com/blog/benefits-for-workplace-violence/#ga-rules,2026-09-26,0,2,0,4
https://rodenlaw.com/blog/benefits-for-workplace-violence/#ga-rules,2026-09-27,0,3,0,5.33
https://rodenlaw.com/blog/benefits-for-workplace-violence/#ga-rules,2026-09-28,0,2,0,4
https://rodenlaw.com/blog/benefits-for-workplace-violence/#ga-rules,2026-09-30,0,2,0,3.5
https://rodenlaw.com/blog/benefits-for-workplace-violence/#ga-rules,2026-10-02,0,3,0,4.67
https://rodenlaw.com/blog/benefits-for-workplace-violence/#ga-rules,2026-10-04,0,1,0,4
https://rodenlaw.com/blog/benefits-for-workplace-violence/#not-covered,2026-09-16,0,3,0,4.67
https://rodenlaw.com/blog/benefits-for-workplace-violence/#not-covered,2026-09-18,0,3,0,4.67
https://rodenlaw.com/blog/benefits-for-workplace-violence/#not-covered,2026-09-20,0,1,0,4
https://rodenlaw.com/blog/benefits-for-workplace-violence/#not-covered,2026-09-21,0,1,0,6
https://rodenlaw.com/blog/benefits-for-workplace-violence/#not-covered,2026-09-22,0,7,0,5.14
https://rodenlaw.com/blog/benefits-for-workplace-violence/#not-covered,2026-09-23,0,1,0,5
https://rodenlaw.com/blog/benefits-for-workplace-violence/#not-covered,2026-09-24,0,3,0,7
https://rodenlaw.com/blog/benefits-for-workplace-violence/#not-covered,2026-09-26,0,2,0,4
https://rodenlaw.com/blog/benefits-for-workplace-violence/#not-covered,2026-09-27,0,3,0,5.33
https://rodenlaw.com/blog/benefits-for-workplace-violence/#not-covered,2026-09-28,0,2,0,4
https://rodenlaw.com/blog/benefits-for-workplace-violence/#not-covered,2026-09-30,0,2,0,3.5
https://rodenlaw.com/blog/benefits-for-workplace-violence/#not-covered,2026-10-02,0,3,0,4.67
https://rodenlaw.com/blog/benefits-for-workplace-violence/#not-covered,2026-10-04,0,1,0,4
https://rodenlaw.com/blog/benefits-for-workplace-violence/#sc-rules,2026-09-15,0,1,0,4
https://rodenlaw.com/blog/benefits-for-workplace-violence/#sc-rules,2026-09-16,0,6,0,4
https://rodenlaw.com/blog/benefits-for-workplace-violence/#sc-rules,2026-09-17,0,4,0,1.75
https://rodenlaw.com/blog/benefits-for-workplace-violence/#sc-rules,2026-09-18,0,8,0,4.5
https://rodenlaw.com/blog/benefits-for-workplace-violence/#sc-rules,2026-09-19,0,2,0,2
https://rodenlaw.com/blog/benefits-for-workplace-violence/#sc-rules,2026-09-20,0,2,0,4.5
https://rodenlaw.com/blog/benefits-for-workplace-violence/#sc-rules,2026-09-21,0,5,0,4.8
https://rodenlaw.com/blog/benefits-for-workplace-violence/#sc-rules,2026-09-22,0,9,0,5.11
https://rodenlaw.com/blog/benefits-for-workplace-violence/#sc-rules,2026-09-23,0,3,0,4.33
https://rodenlaw.com/blog/benefits-for-workplace-violence/#sc-rules,2026-09-24,0,7,0,5
https://rodenlaw.com/blog/benefits-for-workplace-violence/#sc-rules,2026-09-25,0,3,0,3.33
https://rodenlaw.com/blog/benefits-for-workplace-violence/#sc-rules,2026-09-26,0,5,0,3
https://rodenlaw.com/blog/benefits-for-workplace-violence/#sc-rules,2026-09-27,0,4,0,4.75
https://rodenlaw.com/blog/benefits-for-workplace-violence/#sc-rules,2026-09-28,0,5,0,4.2
https://rodenlaw.com/blog/benefits-for-workplace-violence/#sc-rules,2026-09-29,0,2,0,4
https://rodenlaw.com/blog/benefits-for-workplace-violence/#sc-rules,2026-09-30,0,5,0,4
https://rodenlaw.com/blog/benefits-for-workplace-violence/#sc-rules,2026-10-01,0,1,0,3
https://rodenlaw.com/blog/benefits-for-workplace-violence/#sc-rules,2026-10-02,0,6,0,5
https://rodenlaw.com/blog/benefits-for-workplace-violence/#sc-rules,2026-10-03,0,2,0,10
https://rodenlaw.com/blog/benefits-for-workplace-violence/#sc-rules,2026-10-04,0,2,0,4
https://rodenlaw.com/blog/benefits-for-workplace-violence/#sc-rules,2026-10-05,0,1,0,3
https://rodenlaw.com/blog/benefits-for-workplace-violence/#short-answer,2026-09-15,0,1,0,5
https://rodenlaw.com/blog/benefits-for-workplace-violence/#short-answer,2026-09-16,0,3,0,4.67
https://rodenlaw.com/blog/benefits-for-workplace-violence/#short-answer,2026-09-17,0,2,0,5
https://rodenlaw.com/blog/benefits-for-workplace-violence/#short-answer,2026-09-18,0,3,0,4.67
https://rodenlaw.com/blog/benefits-for-workplace-violence/#short-answer,2026-09-20,0,1,0,4
https://rodenlaw.com/blog/benefits-for-workplace-violence/#short-answer,2026-09-21,0,1,0,6
https://rodenlaw.com/blog/benefits-for-workplace-violence/#short-answer,2026-09-22,0,7,0,5.14
https://rodenlaw.com/blog/benefits-for-workplace-violence/#short-answer,2026-09-23,0,1,0,5
https://rodenlaw.com/blog/benefits-for-workplace-violence/#short-answer,2026-09-24,0,3,0,7
https://rodenlaw.com/blog/benefits-for-workplace-violence/#short-answer,2026-09-26,0,2,0,4
https://rodenlaw.com/blog/benefits-for-workplace-violence/#short-answer,2026-09-27,0,3,0,5.33
https://rodenlaw.com/blog/benefits-for-workplace-violence/#short-answer,2026-09-28,0,2,0,4
https://rodenlaw.com/blog/benefits-for-workplace-violence/#short-answer,2026-09-30,0,2,0,3.5
https://rodenlaw.com/blog/benefits-for-workplace-violence/#short-answer,2026-10-02,0,3,0,4.67
https://rodenlaw.com/blog/benefits-for-workplace-violence/#short-answer,2026-10-04,0,1,0,4
https://rodenlaw.com/blog/benefits-for-workplace-violence/#what-counts,2026-09-15,0,2,0,4.5
https://rodenlaw.com/blog/benefits-for-workplace-violence/#what-counts,2026-09-16,0,6,0,4
https://rodenlaw.com/blog/benefits-for-workplace-violence/#what-counts,2026-09-17,0,6,0,2.83
https://rodenlaw.com/blog/benefits-for-workplace-violence/#what-counts,2026-09-18,0,8,0,4.5
https://rodenlaw.com/blog/benefits-for-workplace-violence/#what-counts,2026-09-19,0,2,0,2
https://rodenlaw.com/blog/benefits-for-workplace-violence/#what-counts,2026-09-20,0,2,0,4.5
https://rodenlaw.com/blog/benefits-for-workplace-violence/#what-counts,2026-09-21,0,5,0,4.8
https://rodenlaw.com/blog/benefits-for-workplace-violence/#what-counts,2026-09-22,0,9,0,5.11
https://rodenlaw.com/blog/benefits-for-workplace-violence/#what-counts,2026-09-23,0,3,0,4.33
https://rodenlaw.com/blog/benefits-for-workplace-violence/#what-counts,2026-09-24,0,7,0,5
https://rodenlaw.com/blog/benefits-for-workplace-violence/#what-counts,2026-09-25,0,3,0,3.33
https://rodenlaw.com/blog/benefits-for-workplace-violence/#what-counts,2026-09-26,0,5,0,3
https://rodenlaw.com/blog/benefits-for-workplace-violence/#what-counts,2026-09-27,0,4,0,4.75
https://rodenlaw.com/blog/benefits-for-workplace-violence/#what-counts,2026-09-28,0,5,0,4.2
https://rodenlaw.com/blog/benefits-for-workplace-violence/#what-counts,2026-09-29,0,2,0,4
https://rodenlaw.com/blog/benefits-for-workplace-violence/#what-counts,2026-09-30,0,5,0,4
https://rodenlaw.com/blog/benefits-for-workplace-violence/#what-counts,2026-10-01,0,1,0,3
https://rodenlaw.com/blog/benefits-for-workplace-violence/#what-counts,2026-10-02,0,6,0,5
https://rodenlaw.com/blog/benefits-for-workplace-violence/#what-counts,2026-10-03,0,2,0,10
https://rodenlaw.com/blog/benefits-for-workplace-violence/#what-counts,2026-10-04,0,2,0,4
https://rodenlaw.com/blog/benefits-for-workplace-violence/#what-counts,2026-10-05,0,1,0,3
https://rodenlaw.com/blog/benefits-for-workplace-violence/#work-connection,2026-09-15,0,2,0,4.5
https://rodenlaw.com/blog/benefits-for-workplace-violence/#work-connection,2026-09-16,0,6,0,4
https://rodenlaw.com/blog/benefits-for-workplace-violence/#work-connection,2026-09-17,0,6,0,2.83
https://rodenlaw.com/blog/benefits-for-workplace-violence/#work-connection,2026-09-18,0,8,0,4.5
https://rodenlaw.com/blog/benefits-for-workplace-violence/#work-connection,2026-09-19,0,2,0,2
https://rodenlaw.com/blog/benefits-for-workplace-violence/#work-connection,2026-09-20,0,2,0,4.5
https://rodenlaw.com/blog/benefits-for-workplace-violence/#work-connection,2026-09-21,0,5,0,4.8
https://rodenlaw.com/blog/benefits-for-workplace-violence/#work-connection,2026-09-22,0,9,0,5.11
https://rodenlaw.com/blog/benefits-for-workplace-violence/#work-connection,2026-09-23,0,3,0,4.33
https://rodenlaw.com/blog/benefits-for-workplace-violence/#work-connection,2026-09-24,0,7,0,5
https://rodenlaw.com/blog/benefits-for-workplace-violence/#work-connection,2026-09-25,0,3,0,3.33
https://rodenlaw.com/blog/benefits-for-workplace-violence/#work-connection,2026-09-26,0,5,0,3
https://rodenlaw.com/blog/benefits-for-workplace-violence/#work-connection,2026-09-27,0,4,0,4.75
https://rodenlaw.com/blog/benefits-for-workplace-violence/#work-connection,2026-09-28,0,5,0,4.2
https://rodenlaw.com/blog/benefits-for-workplace-violence/#work-connection,2026-09-29,0,2,0,4
https://rodenlaw.com/blog/benefits-for-workplace-violence/#work-connection,2026-09-30,0,5,0,4
https://rodenlaw.com/blog/benefits-for-workplace-violence/#work-connection,2026-10-01,0,1,0,3
https://rodenlaw.com/blog/benefits-for-workplace-violence/#work-connection,2026-10-02,0,6,0,5
https://rodenlaw.com/blog/benefits-for-workplace-violence/#work-connection,2026-10-03,0,2,0,10
https://rodenlaw.com/blog/benefits-for-workplace-violence/#work-connection,2026-10-04,0,2,0,4
https://rodenlaw.com/blog/benefits-for-workplace-violence/#work-connection,2026-10-05,0,1,0,3
https://rodenlaw.com/blog/benefits-of-an-accident-reconstruction-expert/,2026-09-15,0,1,0,67
https://rodenlaw.com/blog/benefits-of-hiring-personal-injury-lawyer/,2026-09-15,0,4,0,6.5
https://rodenlaw.com/blog/benefits-of-hiring-personal-injury-lawyer/,2026-09-16,0,2,0,6
https://rodenlaw.com/blog/benefits-of-hiring-personal-injury-lawyer/,2026-09-17,0,2,0,5.5
https://rodenlaw.com/blog/benefits-of-hiring-personal-injury-lawyer/,2026-09-18,0,3,0,6.33
https://rodenlaw.com/blog/benefits-of-hiring-personal-injury-lawyer/,2026-09-19,0,2,0,6.5
https://rodenlaw.com/blog/benefits-of-hiring-personal-injury-lawyer/,2026-09-20,0,2,0,6.5
https://rodenlaw.com/blog/benefits-of-hiring-personal-injury-lawyer/,2026-09-21,0,2,0,6.5
https://rodenlaw.com/blog/benefits-of-hiring-personal-injury-lawyer/,2026-09-22,0,1,0,9
https://rodenlaw.com/blog/benefits-of-hiring-personal-injury-lawyer/,2026-09-23,0,3,0,7.67
https://rodenlaw.com/blog/benefits-of-hiring-personal-injury-lawyer/,2026-09-24,0,6,0,9.5
https://rodenlaw.com/blog/benefits-of-hiring-personal-injury-lawyer/,2026-09-25,0,3,0,5
https://rodenlaw.com/blog/benefits-of-hiring-personal-injury-lawyer/,2026-09-26,0,7,0,18.43
https://rodenlaw.com/blog/benefits-of-hiring-personal-injury-lawyer/,2026-09-27,0,4,0,44.25
https://rodenlaw.com/blog/benefits-of-hiring-personal-injury-lawyer/,2026-09-28,0,4,0,5.5
https://rodenlaw.com/blog/benefits-of-hiring-personal-injury-lawyer/,2026-09-29,0,3,0,8.33
https://rodenlaw.com/blog/benefits-of-hiring-personal-injury-lawyer/,2026-09-30,0,5,0,5.8
https://rodenlaw.com/blog/benefits-of-hiring-personal-injury-lawyer/,2026-10-01,0,2,0,8.5
https://rodenlaw.com/blog/benefits-of-hiring-personal-injury-lawyer/,2026-10-03,0,5,0,8.6
https://rodenlaw.com/blog/benefits-of-hiring-personal-injury-lawyer/,2026-10-04,0,1,0,5
https://rodenlaw.com/blog/benefits-of-hiring-personal-injury-lawyer/,2026-10-05,0,1,0,7
https://rodenlaw.com/blog/best-car-accident-lawyer-ashley-river-road-greenwood-park-west-ashley/,2026-09-16,0,1,0,5
https://rodenlaw.com/blog/best-car-accident-lawyer-ashley-river-road-greenwood-park-west-ashley/,2026-09-19,0,1,0,1
https://rodenlaw.com/blog/best-car-accident-lawyer-ashley-river-road-greenwood-park-west-ashley/,2026-09-24,0,2,0,18
https://rodenlaw.com/blog/best-car-accident-lawyer-ashley-river-road-greenwood-park-west-ashley/,2026-09-25,0,3,0,49.33
https://rodenlaw.com/blog/best-car-accident-lawyer-ashley-river-road-greenwood-park-west-ashley/,2026-09-26,0,4,0,24.5
https://rodenlaw.com/blog/best-car-accident-lawyer-ashley-river-road-greenwood-park-west-ashley/,2026-09-27,0,6,0,10.33
https://rodenlaw.com/blog/best-car-accident-lawyer-ashley-river-road-greenwood-park-west-ashley/,2026-09-28,0,6,0,15.17
https://rodenlaw.com/blog/best-car-accident-lawyer-ashley-river-road-greenwood-park-west-ashley/,2026-09-29,0,5,0,29.6
https://rodenlaw.com/blog/best-car-accident-lawyer-ashley-river-road-greenwood-park-west-ashley/,2026-09-30,0,1,0,10
https://rodenlaw.com/blog/best-car-accident-lawyer-ashley-river-road-greenwood-park-west-ashley/,2026-10-01,0,2,0,24.5
https://rodenlaw.com/blog/best-car-accident-lawyer-ashley-river-road-greenwood-park-west-ashley/,2026-10-02,0,1,0,37
https://rodenlaw.com/blog/best-car-accident-lawyer-ashley-river-road-greenwood-park-west-ashley/,2026-10-03,0,1,0,16
https://rodenlaw.com/blog/best-car-accident-lawyer-ashley-river-road-greenwood-park-west-ashley/,2026-10-04,0,1,0,9
https://rodenlaw.com/blog/blind-spot-accidents/,2026-09-15,0,13,0,9.46
https://rodenlaw.com/blog/blind-spot-accidents/,2026-09-16,0,8,0,23.25
https://rodenlaw.com/blog/blind-spot-accidents/,2026-09-17,0,17,0,7.41
https://rodenlaw.com/blog/blind-spot-accidents/,2026-09-18,0,8,0,7
https://rodenlaw.com/blog/blind-spot-accidents/,2026-09-19,0,11,0,6.27
https://rodenlaw.com/blog/blind-spot-accidents/,2026-09-20,0,12,0,14.58
https://rodenlaw.com/blog/blind-spot-accidents/,2026-09-21,0,19,0,10.42
https://rodenlaw.com/blog/blind-spot-accidents/,2026-09-22,0,7,0,8.14
https://rodenlaw.com/blog/blind-spot-accidents/,2026-09-23,0,11,0,8.27
https://rodenlaw.com/blog/blind-spot-accidents/,2026-09-24,0,14,0,11.5
https://rodenlaw.com/blog/blind-spot-accidents/,2026-09-26,0,8,0,30.25
https://rodenlaw.com/blog/blind-spot-accidents/,2026-09-27,0,6,0,6.83
https://rodenlaw.com/blog/blind-spot-accidents/,2026-09-28,0,12,0,8
https://rodenlaw.com/blog/blind-spot-accidents/,2026-09-29,0,3,0,9.33
https://rodenlaw.com/blog/blind-spot-accidents/,2026-09-30,0,16,0,39.44
https://rodenlaw.com/blog/blind-spot-accidents/,2026-10-01,0,12,0,19.92
https://rodenlaw.com/blog/blind-spot-accidents/,2026-10-02,0,8,0,21.25
https://rodenlaw.com/blog/blind-spot-accidents/,2026-10-03,0,7,0,20
https://rodenlaw.com/blog/blind-spot-accidents/,2026-10-05,0,2,0,6
https://rodenlaw.com/blog/blog-7-mistakes-to-avoid-after-a-motorcycle-accident/,2026-09-21,0,1,0,4
https://rodenlaw.com/blog/blog-7-mistakes-to-avoid-after-a-motorcycle-accident/,2026-09-29,0,1,0,10
https://rodenlaw.com/blog/blog-7-mistakes-to-avoid-after-a-motorcycle-accident/,2026-09-30,0,1,0,5
https://rodenlaw.com/blog/blog-7-mistakes-to-avoid-after-a-motorcycle-accident/,2026-10-03,0,1,0,11
https://rodenlaw.com/blog/blog-how-using-social-media-can-hurt-an-accident-claim/,2026-09-25,0,1,0,9
https://rodenlaw.com/blog/blog-how-using-social-media-can-hurt-an-accident-claim/,2026-09-29,0,1,0,3
https://rodenlaw.com/blog/blog-how-using-social-media-can-hurt-an-accident-claim/,2026-09-30,0,1,0,9
https://rodenlaw.com/blog/blog-when-does-workers-compensation-stop-paying/,2026-09-15,0,7,0,8.57
https://rodenlaw.com/blog/blog-when-does-workers-compensation-stop-paying/,2026-09-16,0,18,0,8.67
https://rodenlaw.com/blog/blog-when-does-workers-compensation-stop-paying/,2026-09-17,0,6,0,8.67
https://rodenlaw.com/blog/blog-when-does-workers-compensation-stop-paying/,2026-09-18,0,12,0,7.67
https://rodenlaw.com/blog/blog-when-does-workers-compensation-stop-paying/,2026-09-19,0,1,0,6
https://rodenlaw.com/blog/blog-when-does-workers-compensation-stop-paying/,2026-09-20,0,3,0,2.67
https://rodenlaw.com/blog/blog-when-does-workers-compensation-stop-paying/,2026-09-21,0,7,0,6.71
https://rodenlaw.com/blog/blog-when-does-workers-compensation-stop-paying/,2026-09-22,0,16,0,7.69
https://rodenlaw.com/blog/blog-when-does-workers-compensation-stop-paying/,2026-09-23,0,8,0,7.62
https://rodenlaw.com/blog/blog-when-does-workers-compensation-stop-paying/,2026-09-24,0,5,0,8
https://rodenlaw.com/blog/blog-when-does-workers-compensation-stop-paying/,2026-09-25,0,7,0,19.71
https://rodenlaw.com/blog/blog-when-does-workers-compensation-stop-paying/,2026-09-26,0,3,0,11
https://rodenlaw.com/blog/blog-when-does-workers-compensation-stop-paying/,2026-09-27,0,3,0,6
https://rodenlaw.com/blog/blog-when-does-workers-compensation-stop-paying/,2026-09-28,0,8,0,6.75
https://rodenlaw.com/blog/blog-when-does-workers-compensation-stop-paying/,2026-09-29,0,14,0,10.57
https://rodenlaw.com/blog/blog-when-does-workers-compensation-stop-paying/,2026-09-30,0,12,0,6.42
https://rodenlaw.com/blog/blog-when-does-workers-compensation-stop-paying/,2026-10-01,0,4,0,5.75
https://rodenlaw.com/blog/blog-when-does-workers-compensation-stop-paying/,2026-10-02,0,13,0,6.15
https://rodenlaw.com/blog/blog-when-does-workers-compensation-stop-paying/,2026-10-03,0,3,0,36
https://rodenlaw.com/blog/blog-when-does-workers-compensation-stop-paying/,2026-10-04,0,4,0,5.75
https://rodenlaw.com/blog/blog-workers-compensation-benefit-types/,2026-09-15,0,1,0,4
https://rodenlaw.com/blog/blog-workers-compensation-benefit-types/,2026-09-25,0,1,0,27
https://rodenlaw.com/blog/blog-workers-compensation-benefit-types/,2026-09-27,0,2,0,56.5
https://rodenlaw.com/blog/blog-workers-compensation-benefit-types/,2026-09-29,0,5,0,33.2
https://rodenlaw.com/blog/blog-workers-compensation-benefit-types/,2026-09-30,0,1,0,10
https://rodenlaw.com/blog/blog-workers-compensation-benefit-types/,2026-10-04,0,2,0,24.5
https://rodenlaw.com/blog/blog-workers-compensation-benefit-types/,2026-10-05,0,7,0,11
https://rodenlaw.com/blog/blunt-force-trauma-from-a-crash-what-you-need-to-know/,2026-09-15,0,87,0,12.7
https://rodenlaw.com/blog/blunt-force-trauma-from-a-crash-what-you-need-to-know/,2026-09-16,0,61,0,17.11
https://rodenlaw.com/blog/blunt-force-trauma-from-a-crash-what-you-need-to-know/,2026-09-17,0,75,0,12.04
https://rodenlaw.com/blog/blunt-force-trauma-from-a-crash-what-you-need-to-know/,2026-09-18,0,77,0,9.52
https://rodenlaw.com/blog/blunt-force-trauma-from-a-crash-what-you-need-to-know/,2026-09-19,0,56,0,13.46
https://rodenlaw.com/blog/blunt-force-trauma-from-a-crash-what-you-need-to-know/,2026-09-20,0,68,0,14.38
https://rodenlaw.com/blog/blunt-force-trauma-from-a-crash-what-you-need-to-know/,2026-09-21,0,85,0,10.59
https://rodenlaw.com/blog/blunt-force-trauma-from-a-crash-what-you-need-to-know/,2026-09-22,0,49,0,12.92
https://rodenlaw.com/blog/blunt-force-trauma-from-a-crash-what-you-need-to-know/,2026-09-23,0,32,0,22.56
https://rodenlaw.com/blog/blunt-force-trauma-from-a-crash-what-you-need-to-know/,2026-09-24,0,37,0,21.57
https://rodenlaw.com/blog/blunt-force-trauma-from-a-crash-what-you-need-to-know/,2026-09-25,0,34,0,21.09
https://rodenlaw.com/blog/blunt-force-trauma-from-a-crash-what-you-need-to-know/,2026-09-26,0,22,0,17.32
https://rodenlaw.com/blog/blunt-force-trauma-from-a-crash-what-you-need-to-know/,2026-09-27,0,21,0,19.43
https://rodenlaw.com/blog/blunt-force-trauma-from-a-crash-what-you-need-to-know/,2026-09-28,0,22,0,16.18
https://rodenlaw.com/blog/blunt-force-trauma-from-a-crash-what-you-need-to-know/,2026-09-29,0,23,0,13.26
https://rodenlaw.com/blog/blunt-force-trauma-from-a-crash-what-you-need-to-know/,2026-09-30,0,50,0,18.32
https://rodenlaw.com/blog/blunt-force-trauma-from-a-crash-what-you-need-to-know/,2026-10-01,0,37,0,21.84
https://rodenlaw.com/blog/blunt-force-trauma-from-a-crash-what-you-need-to-know/,2026-10-02,0,29,0,20.52
https://rodenlaw.com/blog/blunt-force-trauma-from-a-crash-what-you-need-to-know/,2026-10-03,0,21,0,18.67
https://rodenlaw.com/blog/blunt-force-trauma-from-a-crash-what-you-need-to-know/,2026-10-04,0,27,0,27.22
https://rodenlaw.com/blog/blunt-force-trauma-from-a-crash-what-you-need-to-know/,2026-10-05,0,7,0,14.43
https://rodenlaw.com/blog/boating-safely-in-georgia/,2026-09-26,0,1,0,4
https://rodenlaw.com/blog/boeing-north-charleston-workplace-injuries-workers-comp/,2026-09-15,0,2,0,6.5
https://rodenlaw.com/blog/boys-estate-glynn-county-best-car-accident-lawyer/,2026-09-15,0,3,0,7
https://rodenlaw.com/blog/boys-estate-glynn-county-best-car-accident-lawyer/,2026-09-16,0,4,0,7.75
https://rodenlaw.com/blog/boys-estate-glynn-county-best-car-accident-lawyer/,2026-09-17,0,4,0,7
https://rodenlaw.com/blog/boys-estate-glynn-county-best-car-accident-lawyer/,2026-09-18,0,1,0,3
https://rodenlaw.com/blog/boys-estate-glynn-county-best-car-accident-lawyer/,2026-09-19,0,4,0,7
https://rodenlaw.com/blog/boys-estate-glynn-county-best-car-accident-lawyer/,2026-09-21,0,3,0,6.67
https://rodenlaw.com/blog/boys-estate-glynn-county-best-car-accident-lawyer/,2026-09-22,0,3,0,23.33
https://rodenlaw.com/blog/boys-estate-glynn-county-best-car-accident-lawyer/,2026-09-23,0,2,0,4
https://rodenlaw.com/blog/boys-estate-glynn-county-best-car-accident-lawyer/,2026-09-25,0,4,0,7.75
https://rodenlaw.com/blog/boys-estate-glynn-county-best-car-accident-lawyer/,2026-09-26,0,1,0,3
https://rodenlaw.com/blog/boys-estate-glynn-county-best-car-accident-lawyer/,2026-09-27,0,12,0,6.5
https://rodenlaw.com/blog/boys-estate-glynn-county-best-car-accident-lawyer/,2026-09-28,0,1,0,39
https://rodenlaw.com/blog/boys-estate-glynn-county-best-car-accident-lawyer/,2026-09-29,0,6,0,7.5
https://rodenlaw.com/blog/boys-estate-glynn-county-best-car-accident-lawyer/,2026-09-30,0,3,0,6
https://rodenlaw.com/blog/boys-estate-glynn-county-best-car-accident-lawyer/,2026-10-01,0,3,0,5
https://rodenlaw.com/blog/boys-estate-glynn-county-best-car-accident-lawyer/,2026-10-02,0,5,0,26.4
https://rodenlaw.com/blog/boys-estate-glynn-county-best-car-accident-lawyer/,2026-10-03,0,3,0,4.33
https://rodenlaw.com/blog/boys-estate-glynn-county-best-car-accident-lawyer/,2026-10-04,0,1,0,6
https://rodenlaw.com/blog/brain-injury-claim/,2026-09-16,0,1,0,80
https://rodenlaw.com/blog/brain-injury-claim/,2026-09-17,0,1,0,79
https://rodenlaw.com/blog/brain-injury-claim/,2026-09-19,0,1,0,68
https://rodenlaw.com/blog/brain-injury-claim/,2026-09-21,0,2,0,66.5
https://rodenlaw.com/blog/brain-injury-claim/,2026-09-26,0,1,0,71
https://rodenlaw.com/blog/brain-injury-claim/,2026-09-29,0,1,0,75
https://rodenlaw.com/blog/brain-injury-claim/,2026-10-01,0,4,0,65.25
https://rodenlaw.com/blog/brain-injury-claim/,2026-10-02,0,3,0,47.67
https://rodenlaw.com/blog/brain-injury-claim/,2026-10-03,0,3,0,57.33
https://rodenlaw.com/blog/brain-injury-claim/,2026-10-04,0,1,0,2
https://rodenlaw.com/blog/broad-river-road-pedestrian-accident-lawyer-harbison-columbia/,2026-09-17,0,2,0,6.5
https://rodenlaw.com/blog/broad-river-road-pedestrian-accident-lawyer-harbison-columbia/,2026-09-25,0,2,0,17.5
https://rodenlaw.com/blog/broad-river-road-pedestrian-accident-lawyer-harbison-columbia/,2026-09-29,0,1,0,17
https://rodenlaw.com/blog/broad-river-road-pedestrian-accident-lawyer-harbison-columbia/,2026-10-02,0,6,0,19.83
https://rodenlaw.com/blog/brunswick-i-95-truck-accident-lawyer/,2026-09-17,0,1,0,4
https://rodenlaw.com/blog/brunswick-i-95-truck-accident-lawyer/,2026-09-18,0,1,0,17
https://rodenlaw.com/blog/brunswick-i-95-truck-accident-lawyer/,2026-09-20,0,2,0,3.5
https://rodenlaw.com/blog/brunswick-i-95-truck-accident-lawyer/,2026-09-22,0,2,0,3
https://rodenlaw.com/blog/brunswick-i-95-truck-accident-lawyer/,2026-09-23,0,2,0,5
https://rodenlaw.com/blog/brunswick-i-95-truck-accident-lawyer/,2026-09-24,0,1,0,6
https://rodenlaw.com/blog/brunswick-i-95-truck-accident-lawyer/,2026-09-25,0,2,0,4.5
https://rodenlaw.com/blog/brunswick-i-95-truck-accident-lawyer/,2026-09-27,0,3,0,3.33
https://rodenlaw.com/blog/brunswick-i-95-truck-accident-lawyer/,2026-09-28,0,2,0,7
https://rodenlaw.com/blog/brunswick-i-95-truck-accident-lawyer/,2026-09-30,0,5,0,6.6
https://rodenlaw.com/blog/brunswick-i-95-truck-accident-lawyer/,2026-10-01,0,6,0,7.5
https://rodenlaw.com/blog/brunswick-i-95-truck-accident-lawyer/,2026-10-02,0,4,0,6
https://rodenlaw.com/blog/brunswick-i-95-truck-accident-lawyer/,2026-10-03,0,4,0,9.75
https://rodenlaw.com/blog/brunswick-i-95-truck-accident-lawyer/,2026-10-04,0,4,0,9
https://rodenlaw.com/blog/brunswick-i-95-truck-accident-lawyer/,2026-10-05,0,6,0,8.33
https://rodenlaw.com/blog/brunswick-ocean-highway-us-17-underinsured-motorist-lawyer-glynn-county/,2026-09-25,0,3,0,5
https://rodenlaw.com/blog/bucksport-marina-waccamaw-intracoastal-boating-accident-lawyer/,2026-09-18,0,1,0,3
https://rodenlaw.com/blog/bucksport-marina-waccamaw-intracoastal-boating-accident-lawyer/,2026-09-23,0,1,0,6
https://rodenlaw.com/blog/bucksport-marina-waccamaw-intracoastal-boating-accident-lawyer/,2026-09-25,0,2,0,6.5
https://rodenlaw.com/blog/bucksport-marina-waccamaw-intracoastal-boating-accident-lawyer/,2026-09-28,0,1,0,10
https://rodenlaw.com/blog/bucksport-marina-waccamaw-intracoastal-boating-accident-lawyer/,2026-09-30,0,1,0,11
https://rodenlaw.com/blog/bucksport-marina-waccamaw-intracoastal-boating-accident-lawyer/,2026-10-02,0,1,0,10
https://rodenlaw.com/blog/bucksport-marina-waccamaw-intracoastal-boating-accident-lawyer/,2026-10-04,0,2,0,9
https://rodenlaw.com/blog/burn-injury-workers-compensation/,2026-09-15,0,22,0,10.82
https://rodenlaw.com/blog/burn-injury-workers-compensation/,2026-09-16,0,23,0,6.22
https://rodenlaw.com/blog/burn-injury-workers-compensation/,2026-09-17,0,22,0,6.73
https://rodenlaw.com/blog/burn-injury-workers-compensation/,2026-09-18,0,26,0,6.77
https://rodenlaw.com/blog/burn-injury-workers-compensation/,2026-09-19,0,25,0,12.28
https://rodenlaw.com/blog/burn-injury-workers-compensation/,2026-09-20,0,24,0,12.67
https://rodenlaw.com/blog/burn-injury-workers-compensation/,2026-09-21,0,19,0,6.11
https://rodenlaw.com/blog/burn-injury-workers-compensation/,2026-09-22,0,17,0,7.24
https://rodenlaw.com/blog/burn-injury-workers-compensation/,2026-09-23,0,26,0,10.23
https://rodenlaw.com/blog/burn-injury-workers-compensation/,2026-09-24,0,23,0,7.04
https://rodenlaw.com/blog/burn-injury-workers-compensation/,2026-09-25,0,14,0,9.43
https://rodenlaw.com/blog/burn-injury-workers-compensation/,2026-09-26,0,16,0,32
https://rodenlaw.com/blog/burn-injury-workers-compensation/,2026-09-27,0,22,0,9.77
https://rodenlaw.com/blog/burn-injury-workers-compensation/,2026-09-28,0,26,0,12.62
https://rodenlaw.com/blog/burn-injury-workers-compensation/,2026-09-29,0,22,0,8.77
https://rodenlaw.com/blog/burn-injury-workers-compensation/,2026-10-02,0,22,0,14.64
https://rodenlaw.com/blog/burn-injury-workers-compensation/,2026-10-03,0,20,0,15
https://rodenlaw.com/blog/burn-injury-workers-compensation/,2026-10-04,0,25,0,9.28
https://rodenlaw.com/blog/burn-injury-workers-compensation/,2026-10-05,0,5,0,8.2
https://rodenlaw.com/blog/calculating-compensation-for-whiplash-injuries/,2026-09-15,0,35,0,22.91
https://rodenlaw.com/blog/calculating-compensation-for-whiplash-injuries/,2026-09-16,0,28,0,18.89
https://rodenlaw.com/blog/calculating-compensation-for-whiplash-injuries/,2026-09-17,0,48,0,17
https://rodenlaw.com/blog/calculating-compensation-for-whiplash-injuries/,2026-09-18,0,32,0,19.03
https://rodenlaw.com/blog/calculating-compensation-for-whiplash-injuries/,2026-09-19,0,18,0,15.61
https://rodenlaw.com/blog/calculating-compensation-for-whiplash-injuries/,2026-09-20,0,46,0,14.35
https://rodenlaw.com/blog/calculating-compensation-for-whiplash-injuries/,2026-09-22,0,62,0,15.89
https://rodenlaw.com/blog/calculating-compensation-for-whiplash-injuries/,2026-09-23,0,28,0,17.86
https://rodenlaw.com/blog/calculating-compensation-for-whiplash-injuries/,2026-09-25,0,22,0,21.05
https://rodenlaw.com/blog/calculating-compensation-for-whiplash-injuries/,2026-09-26,0,33,0,21.24
https://rodenlaw.com/blog/calculating-compensation-for-whiplash-injuries/,2026-09-27,0,31,0,19.71
https://rodenlaw.com/blog/calculating-compensation-for-whiplash-injuries/,2026-09-29,0,10,0,18.1
https://rodenlaw.com/blog/calculating-compensation-for-whiplash-injuries/,2026-09-30,0,25,0,16.2
https://rodenlaw.com/blog/calculating-compensation-for-whiplash-injuries/,2026-10-01,0,28,0,26.14
https://rodenlaw.com/blog/calculating-compensation-for-whiplash-injuries/,2026-10-03,0,19,0,23.47
https://rodenlaw.com/blog/calculating-compensation-for-whiplash-injuries/,2026-10-04,0,18,0,23.67
https://rodenlaw.com/blog/calculating-compensation-for-whiplash-injuries/,2026-10-05,0,12,0,32.33
https://rodenlaw.com/blog/calculating-compensation-for-whiplash-injuries/#comparative-fault,2026-09-15,0,2,0,7
https://rodenlaw.com/blog/calculating-compensation-for-whiplash-injuries/#comparative-fault,2026-09-17,0,1,0,9
https://rodenlaw.com/blog/calculating-compensation-for-whiplash-injuries/#comparative-fault,2026-09-23,0,1,0,11
https://rodenlaw.com/blog/calculating-compensation-for-whiplash-injuries/#how-damages-calculated,2026-09-15,0,4,0,7
https://rodenlaw.com/blog/calculating-compensation-for-whiplash-injuries/#how-damages-calculated,2026-09-17,0,1,0,9
https://rodenlaw.com/blog/calculating-compensation-for-whiplash-injuries/#how-damages-calculated,2026-09-18,0,2,0,4
https://rodenlaw.com/blog/calculating-compensation-for-whiplash-injuries/#how-damages-calculated,2026-09-19,0,1,0,4
https://rodenlaw.com/blog/calculating-compensation-for-whiplash-injuries/#how-damages-calculated,2026-09-21,0,2,0,4
https://rodenlaw.com/blog/calculating-compensation-for-whiplash-injuries/#how-damages-calculated,2026-09-23,0,1,0,11
https://rodenlaw.com/blog/calculating-compensation-for-whiplash-injuries/#how-damages-calculated,2026-10-02,0,1,0,5
https://rodenlaw.com/blog/calculating-compensation-for-whiplash-injuries/#how-damages-calculated,2026-10-03,0,2,0,2
https://rodenlaw.com/blog/calculating-compensation-for-whiplash-injuries/#statute-of-limitations,2026-09-15,0,2,0,7
https://rodenlaw.com/blog/calculating-compensation-for-whiplash-injuries/#statute-of-limitations,2026-09-17,0,1,0,9
https://rodenlaw.com/blog/calculating-compensation-for-whiplash-injuries/#statute-of-limitations,2026-09-23,0,1,0,11
https://rodenlaw.com/blog/calculating-compensation-for-whiplash-injuries/#types-of-compensation,2026-09-15,0,2,0,7
https://rodenlaw.com/blog/calculating-compensation-for-whiplash-injuries/#types-of-compensation,2026-09-16,0,1,0,6
https://rodenlaw.com/blog/calculating-compensation-for-whiplash-injuries/#types-of-compensation,2026-09-17,0,1,0,9
https://rodenlaw.com/blog/calculating-compensation-for-whiplash-injuries/#types-of-compensation,2026-09-18,0,2,0,4
https://rodenlaw.com/blog/calculating-compensation-for-whiplash-injuries/#types-of-compensation,2026-09-23,0,1,0,11
https://rodenlaw.com/blog/calculating-compensation-for-whiplash-injuries/#what-is-whiplash,2026-09-15,0,2,0,7
https://rodenlaw.com/blog/calculating-compensation-for-whiplash-injuries/#what-is-whiplash,2026-09-16,0,1,0,6
https://rodenlaw.com/blog/calculating-compensation-for-whiplash-injuries/#what-is-whiplash,2026-09-17,0,1,0,9
https://rodenlaw.com/blog/calculating-compensation-for-whiplash-injuries/#what-is-whiplash,2026-09-23,0,3,0,10
https://rodenlaw.com/blog/calculating-compensation-for-whiplash-injuries/#what-is-whiplash,2026-10-03,0,2,0,2
https://rodenlaw.com/blog/calculating-compensation-for-whiplash-injuries/#whiplash-grading,2026-09-15,0,4,0,7
https://rodenlaw.com/blog/calculating-compensation-for-whiplash-injuries/#whiplash-grading,2026-09-17,0,1,0,9
https://rodenlaw.com/blog/calculating-compensation-for-whiplash-injuries/#whiplash-grading,2026-09-19,0,1,0,4
https://rodenlaw.com/blog/calculating-compensation-for-whiplash-injuries/#whiplash-grading,2026-09-21,0,2,0,4
https://rodenlaw.com/blog/calculating-compensation-for-whiplash-injuries/#whiplash-grading,2026-09-23,0,3,0,10
https://rodenlaw.com/blog/calculating-compensation-for-whiplash-injuries/#whiplash-grading,2026-10-02,0,1,0,5
https://rodenlaw.com/blog/calculating-pain-and-suffering-after-a-charleston-pedestrian-accident/,2026-09-24,0,1,0,2
https://rodenlaw.com/blog/can-an-insurance-company-go-against-a-police-report/,2026-09-16,0,53,0,8.57
https://rodenlaw.com/blog/can-an-insurance-company-go-against-a-police-report/,2026-09-17,0,40,0,6.9
https://rodenlaw.com/blog/can-an-insurance-company-go-against-a-police-report/,2026-09-18,0,44,0,7.14
https://rodenlaw.com/blog/can-an-insurance-company-go-against-a-police-report/,2026-09-19,0,20,0,6.45
https://rodenlaw.com/blog/can-an-insurance-company-go-against-a-police-report/,2026-09-23,0,39,0,12.69
https://rodenlaw.com/blog/can-an-insurance-company-go-against-a-police-report/,2026-09-24,0,32,0,7.5
https://rodenlaw.com/blog/can-an-insurance-company-go-against-a-police-report/,2026-09-26,0,22,0,7.68
https://rodenlaw.com/blog/can-an-insurance-company-go-against-a-police-report/,2026-09-27,0,27,0,7.22
https://rodenlaw.com/blog/can-an-insurance-company-go-against-a-police-report/,2026-09-29,0,25,0,8.88
https://rodenlaw.com/blog/can-an-insurance-company-go-against-a-police-report/,2026-10-02,0,21,0,8.48
https://rodenlaw.com/blog/can-an-insurance-company-go-against-a-police-report/,2026-10-03,0,11,0,8.91
https://rodenlaw.com/blog/can-an-insurance-company-go-against-a-police-report/,2026-10-04,0,10,0,8.4
https://rodenlaw.com/blog/can-an-insurance-company-go-against-a-police-report/,2026-10-05,0,5,0,5.6
https://rodenlaw.com/blog/can-an-insurance-company-go-against-a-police-report/#police-report-as-evidence,2026-09-15,0,8,0,4.38
https://rodenlaw.com/blog/can-an-insurance-company-go-against-a-police-report/#police-report-as-evidence,2026-09-16,0,7,0,3.29
https://rodenlaw.com/blog/can-an-insurance-company-go-against-a-police-report/#police-report-as-evidence,2026-09-17,0,8,0,6.88
https://rodenlaw.com/blog/can-an-insurance-company-go-against-a-police-report/#police-report-as-evidence,2026-09-18,0,6,0,6.67
https://rodenlaw.com/blog/can-an-insurance-company-go-against-a-police-report/#police-report-as-evidence,2026-09-19,0,2,0,5.5
https://rodenlaw.com/blog/can-an-insurance-company-go-against-a-police-report/#police-report-as-evidence,2026-09-20,0,4,0,4.75
https://rodenlaw.com/blog/can-an-insurance-company-go-against-a-police-report/#police-report-as-evidence,2026-09-21,0,5,0,6.8
https://rodenlaw.com/blog/can-an-insurance-company-go-against-a-police-report/#police-report-as-evidence,2026-09-22,0,4,0,4
https://rodenlaw.com/blog/can-an-insurance-company-go-against-a-police-report/#police-report-as-evidence,2026-09-23,0,4,0,6.5
https://rodenlaw.com/blog/can-an-insurance-company-go-against-a-police-report/#police-report-as-evidence,2026-09-24,0,2,0,6.5
https://rodenlaw.com/blog/can-an-insurance-company-go-against-a-police-report/#police-report-as-evidence,2026-09-25,0,9,0,5
https://rodenlaw.com/blog/can-an-insurance-company-go-against-a-police-report/#police-report-as-evidence,2026-09-26,0,5,0,7.4
https://rodenlaw.com/blog/can-an-insurance-company-go-against-a-police-report/#police-report-as-evidence,2026-09-27,0,2,0,8.5
https://rodenlaw.com/blog/can-an-insurance-company-go-against-a-police-report/#police-report-as-evidence,2026-09-28,0,6,0,6
https://rodenlaw.com/blog/can-an-insurance-company-go-against-a-police-report/#police-report-as-evidence,2026-09-29,0,1,0,11
https://rodenlaw.com/blog/can-an-insurance-company-go-against-a-police-report/#police-report-as-evidence,2026-09-30,0,5,0,4.4
https://rodenlaw.com/blog/can-an-insurance-company-go-against-a-police-report/#police-report-as-evidence,2026-10-01,0,3,0,5.67
https://rodenlaw.com/blog/can-an-insurance-company-go-against-a-police-report/#police-report-as-evidence,2026-10-02,0,2,0,6.5
https://rodenlaw.com/blog/can-an-insurance-company-go-against-a-police-report/#police-report-as-evidence,2026-10-03,0,2,0,5
https://rodenlaw.com/blog/can-an-insurance-company-go-against-a-police-report/#police-report-as-evidence,2026-10-04,0,1,0,5
https://rodenlaw.com/blog/can-an-insurance-company-go-against-a-police-report/#police-reports-georgia-sc,2026-09-15,0,8,0,4.38
https://rodenlaw.com/blog/can-an-insurance-company-go-against-a-police-report/#police-reports-georgia-sc,2026-09-16,0,7,0,3.29
https://rodenlaw.com/blog/can-an-insurance-company-go-against-a-police-report/#police-reports-georgia-sc,2026-09-17,0,8,0,6.88
https://rodenlaw.com/blog/can-an-insurance-company-go-against-a-police-report/#police-reports-georgia-sc,2026-09-18,0,6,0,6.67
https://rodenlaw.com/blog/can-an-insurance-company-go-against-a-police-report/#police-reports-georgia-sc,2026-09-19,0,2,0,5.5
https://rodenlaw.com/blog/can-an-insurance-company-go-against-a-police-report/#police-reports-georgia-sc,2026-09-20,0,4,0,4.75
https://rodenlaw.com/blog/can-an-insurance-company-go-against-a-police-report/#police-reports-georgia-sc,2026-09-21,0,5,0,6.8
https://rodenlaw.com/blog/can-an-insurance-company-go-against-a-police-report/#police-reports-georgia-sc,2026-09-22,0,4,0,4
https://rodenlaw.com/blog/can-an-insurance-company-go-against-a-police-report/#police-reports-georgia-sc,2026-09-23,0,4,0,6.5
https://rodenlaw.com/blog/can-an-insurance-company-go-against-a-police-report/#police-reports-georgia-sc,2026-09-24,0,2,0,6.5
https://rodenlaw.com/blog/can-an-insurance-company-go-against-a-police-report/#police-reports-georgia-sc,2026-09-25,0,9,0,5
https://rodenlaw.com/blog/can-an-insurance-company-go-against-a-police-report/#police-reports-georgia-sc,2026-09-26,0,5,0,7.4
https://rodenlaw.com/blog/can-an-insurance-company-go-against-a-police-report/#police-reports-georgia-sc,2026-09-27,0,2,0,8.5
https://rodenlaw.com/blog/can-an-insurance-company-go-against-a-police-report/#police-reports-georgia-sc,2026-09-28,0,7,0,5.86
https://rodenlaw.com/blog/can-an-insurance-company-go-against-a-police-report/#police-reports-georgia-sc,2026-09-29,0,1,0,11
https://rodenlaw.com/blog/can-an-insurance-company-go-against-a-police-report/#police-reports-georgia-sc,2026-09-30,0,5,0,4.4
https://rodenlaw.com/blog/can-an-insurance-company-go-against-a-police-report/#police-reports-georgia-sc,2026-10-01,0,3,0,5.67
https://rodenlaw.com/blog/can-an-insurance-company-go-against-a-police-report/#police-reports-georgia-sc,2026-10-02,0,2,0,6.5
https://rodenlaw.com/blog/can-an-insurance-company-go-against-a-police-report/#police-reports-georgia-sc,2026-10-03,0,2,0,5
https://rodenlaw.com/blog/can-an-insurance-company-go-against-a-police-report/#police-reports-georgia-sc,2026-10-04,0,1,0,5
https://rodenlaw.com/blog/can-an-insurance-company-go-against-a-police-report/#short-answer,2026-09-15,0,9,0,5.11
https://rodenlaw.com/blog/can-an-insurance-company-go-against-a-police-report/#short-answer,2026-09-16,0,8,0,3
https://rodenlaw.com/blog/can-an-insurance-company-go-against-a-police-report/#short-answer,2026-09-17,0,8,0,6.88
https://rodenlaw.com/blog/can-an-insurance-company-go-against-a-police-report/#short-answer,2026-09-18,0,7,0,6
https://rodenlaw.com/blog/can-an-insurance-company-go-against-a-police-report/#short-answer,2026-09-19,0,2,0,5.5
https://rodenlaw.com/blog/can-an-insurance-company-go-against-a-police-report/#short-answer,2026-09-20,0,4,0,4.75
https://rodenlaw.com/blog/can-an-insurance-company-go-against-a-police-report/#short-answer,2026-09-21,0,5,0,6.8
https://rodenlaw.com/blog/can-an-insurance-company-go-against-a-police-report/#short-answer,2026-09-22,0,4,0,4
https://rodenlaw.com/blog/can-an-insurance-company-go-against-a-police-report/#short-answer,2026-09-23,0,4,0,6.5
https://rodenlaw.com/blog/can-an-insurance-company-go-against-a-police-report/#short-answer,2026-09-24,0,2,0,6.5
https://rodenlaw.com/blog/can-an-insurance-company-go-against-a-police-report/#short-answer,2026-09-25,0,10,0,5
https://rodenlaw.com/blog/can-an-insurance-company-go-against-a-police-report/#short-answer,2026-09-26,0,5,0,7.4
https://rodenlaw.com/blog/can-an-insurance-company-go-against-a-police-report/#short-answer,2026-09-27,0,2,0,8.5
https://rodenlaw.com/blog/can-an-insurance-company-go-against-a-police-report/#short-answer,2026-09-28,0,8,0,6.5
https://rodenlaw.com/blog/can-an-insurance-company-go-against-a-police-report/#short-answer,2026-09-29,0,1,0,11
https://rodenlaw.com/blog/can-an-insurance-company-go-against-a-police-report/#short-answer,2026-09-30,0,6,0,5
https://rodenlaw.com/blog/can-an-insurance-company-go-against-a-police-report/#short-answer,2026-10-01,0,3,0,5.67
https://rodenlaw.com/blog/can-an-insurance-company-go-against-a-police-report/#short-answer,2026-10-02,0,2,0,6.5
https://rodenlaw.com/blog/can-an-insurance-company-go-against-a-police-report/#short-answer,2026-10-03,0,2,0,5
https://rodenlaw.com/blog/can-an-insurance-company-go-against-a-police-report/#short-answer,2026-10-04,0,1,0,5
https://rodenlaw.com/blog/can-an-insurance-company-go-against-a-police-report/#what-if-report-wrong,2026-09-15,0,8,0,4.38
https://rodenlaw.com/blog/can-an-insurance-company-go-against-a-police-report/#what-if-report-wrong,2026-09-16,0,7,0,3.29
https://rodenlaw.com/blog/can-an-insurance-company-go-against-a-police-report/#what-if-report-wrong,2026-09-17,0,8,0,6.88
https://rodenlaw.com/blog/can-an-insurance-company-go-against-a-police-report/#what-if-report-wrong,2026-09-18,0,7,0,6.57
https://rodenlaw.com/blog/can-an-insurance-company-go-against-a-police-report/#what-if-report-wrong,2026-09-19,0,2,0,5.5
https://rodenlaw.com/blog/can-an-insurance-company-go-against-a-police-report/#what-if-report-wrong,2026-09-20,0,4,0,4.75
https://rodenlaw.com/blog/can-an-insurance-company-go-against-a-police-report/#what-if-report-wrong,2026-09-21,0,5,0,6.8
https://rodenlaw.com/blog/can-an-insurance-company-go-against-a-police-report/#what-if-report-wrong,2026-09-22,0,4,0,4
https://rodenlaw.com/blog/can-an-insurance-company-go-against-a-police-report/#what-if-report-wrong,2026-09-23,0,4,0,6.5
https://rodenlaw.com/blog/can-an-insurance-company-go-against-a-police-report/#what-if-report-wrong,2026-09-24,0,2,0,6.5
https://rodenlaw.com/blog/can-an-insurance-company-go-against-a-police-report/#what-if-report-wrong,2026-09-25,0,9,0,5
https://rodenlaw.com/blog/can-an-insurance-company-go-against-a-police-report/#what-if-report-wrong,2026-09-26,0,5,0,7.4
https://rodenlaw.com/blog/can-an-insurance-company-go-against-a-police-report/#what-if-report-wrong,2026-09-27,0,2,0,8.5
https://rodenlaw.com/blog/can-an-insurance-company-go-against-a-police-report/#what-if-report-wrong,2026-09-28,0,7,0,6.14
https://rodenlaw.com/blog/can-an-insurance-company-go-against-a-police-report/#what-if-report-wrong,2026-09-29,0,1,0,11
https://rodenlaw.com/blog/can-an-insurance-company-go-against-a-police-report/#what-if-report-wrong,2026-09-30,0,5,0,4.4
https://rodenlaw.com/blog/can-an-insurance-company-go-against-a-police-report/#what-if-report-wrong,2026-10-01,0,3,0,5.67
https://rodenlaw.com/blog/can-an-insurance-company-go-against-a-police-report/#what-if-report-wrong,2026-10-02,0,2,0,6.5
https://rodenlaw.com/blog/can-an-insurance-company-go-against-a-police-report/#what-if-report-wrong,2026-10-03,0,2,0,5
https://rodenlaw.com/blog/can-an-insurance-company-go-against-a-police-report/#what-if-report-wrong,2026-10-04,0,1,0,5
https://rodenlaw.com/blog/can-an-insurance-company-go-against-a-police-report/#what-police-report-contains,2026-09-15,0,8,0,4.38
https://rodenlaw.com/blog/can-an-insurance-company-go-against-a-police-report/#what-police-report-contains,2026-09-16,0,7,0,3.29
https://rodenlaw.com/blog/can-an-insurance-company-go-against-a-police-report/#what-police-report-contains,2026-09-17,0,8,0,6.88
https://rodenlaw.com/blog/can-an-insurance-company-go-against-a-police-report/#what-police-report-contains,2026-09-18,0,6,0,6.67
https://rodenlaw.com/blog/can-an-insurance-company-go-against-a-police-report/#what-police-report-contains,2026-09-19,0,2,0,5.5
https://rodenlaw.com/blog/can-an-insurance-company-go-against-a-police-report/#what-police-report-contains,2026-09-20,0,4,0,4.75
https://rodenlaw.com/blog/can-an-insurance-company-go-against-a-police-report/#what-police-report-contains,2026-09-21,0,5,0,6.8
https://rodenlaw.com/blog/can-an-insurance-company-go-against-a-police-report/#what-police-report-contains,2026-09-22,0,4,0,4
https://rodenlaw.com/blog/can-an-insurance-company-go-against-a-police-report/#what-police-report-contains,2026-09-23,0,4,0,6.5
https://rodenlaw.com/blog/can-an-insurance-company-go-against-a-police-report/#what-police-report-contains,2026-09-24,0,2,0,6.5
https://rodenlaw.com/blog/can-an-insurance-company-go-against-a-police-report/#what-police-report-contains,2026-09-25,0,9,0,5
https://rodenlaw.com/blog/can-an-insurance-company-go-against-a-police-report/#what-police-report-contains,2026-09-26,0,5,0,7.4
https://rodenlaw.com/blog/can-an-insurance-company-go-against-a-police-report/#what-police-report-contains,2026-09-27,0,2,0,8.5
https://rodenlaw.com/blog/can-an-insurance-company-go-against-a-police-report/#what-police-report-contains,2026-09-28,0,6,0,6
https://rodenlaw.com/blog/can-an-insurance-company-go-against-a-police-report/#what-police-report-contains,2026-09-29,0,1,0,11
https://rodenlaw.com/blog/can-an-insurance-company-go-against-a-police-report/#what-police-report-contains,2026-09-30,0,5,0,4.4
https://rodenlaw.com/blog/can-an-insurance-company-go-against-a-police-report/#what-police-report-contains,2026-10-01,0,3,0,5.67
https://rodenlaw.com/blog/can-an-insurance-company-go-against-a-police-report/#what-police-report-contains,2026-10-02,0,2,0,6.5
https://rodenlaw.com/blog/can-an-insurance-company-go-against-a-police-report/#what-police-report-contains,2026-10-03,0,2,0,5
https://rodenlaw.com/blog/can-an-insurance-company-go-against-a-police-report/#what-police-report-contains,2026-10-04,0,1,0,5
https://rodenlaw.com/blog/can-an-insurance-company-go-against-a-police-report/#why-insurers-dispute,2026-09-15,0,12,0,5.92
https://rodenlaw.com/blog/can-an-insurance-company-go-against-a-police-report/#why-insurers-dispute,2026-09-16,0,7,0,3.29
https://rodenlaw.com/blog/can-an-insurance-company-go-against-a-police-report/#why-insurers-dispute,2026-09-17,0,8,0,6.88
https://rodenlaw.com/blog/can-an-insurance-company-go-against-a-police-report/#why-insurers-dispute,2026-09-18,0,12,0,7.75
https://rodenlaw.com/blog/can-an-insurance-company-go-against-a-police-report/#why-insurers-dispute,2026-09-19,0,3,0,7.33
https://rodenlaw.com/blog/can-an-insurance-company-go-against-a-police-report/#why-insurers-dispute,2026-09-20,0,4,0,4.75
https://rodenlaw.com/blog/can-an-insurance-company-go-against-a-police-report/#why-insurers-dispute,2026-09-21,0,5,0,6.8
https://rodenlaw.com/blog/can-an-insurance-company-go-against-a-police-report/#why-insurers-dispute,2026-09-22,0,5,0,5.6
https://rodenlaw.com/blog/can-an-insurance-company-go-against-a-police-report/#why-insurers-dispute,2026-09-23,0,5,0,7.2
https://rodenlaw.com/blog/can-an-insurance-company-go-against-a-police-report/#why-insurers-dispute,2026-09-24,0,2,0,6.5
https://rodenlaw.com/blog/can-an-insurance-company-go-against-a-police-report/#why-insurers-dispute,2026-09-25,0,11,0,5.18
https://rodenlaw.com/blog/can-an-insurance-company-go-against-a-police-report/#why-insurers-dispute,2026-09-26,0,5,0,7.4
https://rodenlaw.com/blog/can-an-insurance-company-go-against-a-police-report/#why-insurers-dispute,2026-09-27,0,2,0,8.5
https://rodenlaw.com/blog/can-an-insurance-company-go-against-a-police-report/#why-insurers-dispute,2026-09-28,0,8,0,6.75
https://rodenlaw.com/blog/can-an-insurance-company-go-against-a-police-report/#why-insurers-dispute,2026-09-29,0,2,0,11
https://rodenlaw.com/blog/can-an-insurance-company-go-against-a-police-report/#why-insurers-dispute,2026-09-30,0,6,0,5
https://rodenlaw.com/blog/can-an-insurance-company-go-against-a-police-report/#why-insurers-dispute,2026-10-01,0,3,0,5.67
https://rodenlaw.com/blog/can-an-insurance-company-go-against-a-police-report/#why-insurers-dispute,2026-10-02,0,2,0,6.5
https://rodenlaw.com/blog/can-an-insurance-company-go-against-a-police-report/#why-insurers-dispute,2026-10-03,0,2,0,5
https://rodenlaw.com/blog/can-an-insurance-company-go-against-a-police-report/#why-insurers-dispute,2026-10-04,0,1,0,5
https://rodenlaw.com/blog/can-an-insurance-company-go-against-a-police-report/#why-insurers-review,2026-09-15,0,11,0,5.45
https://rodenlaw.com/blog/can-an-insurance-company-go-against-a-police-report/#why-insurers-review,2026-09-16,0,8,0,3
https://rodenlaw.com/blog/can-an-insurance-company-go-against-a-police-report/#why-insurers-review,2026-09-17,0,8,0,6.88
https://rodenlaw.com/blog/can-an-insurance-company-go-against-a-police-report/#why-insurers-review,2026-09-18,0,10,0,8.5
https://rodenlaw.com/blog/can-an-insurance-company-go-against-a-police-report/#why-insurers-review,2026-09-19,0,3,0,7.33
https://rodenlaw.com/blog/can-an-insurance-company-go-against-a-police-report/#why-insurers-review,2026-09-20,0,4,0,4.75
https://rodenlaw.com/blog/can-an-insurance-company-go-against-a-police-report/#why-insurers-review,2026-09-21,0,5,0,6.8
https://rodenlaw.com/blog/can-an-insurance-company-go-against-a-police-report/#why-insurers-review,2026-09-22,0,5,0,5.6
https://rodenlaw.com/blog/can-an-insurance-company-go-against-a-police-report/#why-insurers-review,2026-09-23,0,5,0,7.2
https://rodenlaw.com/blog/can-an-insurance-company-go-against-a-police-report/#why-insurers-review,2026-09-24,0,2,0,6.5
https://rodenlaw.com/blog/can-an-insurance-company-go-against-a-police-report/#why-insurers-review,2026-09-25,0,10,0,5.2
https://rodenlaw.com/blog/can-an-insurance-company-go-against-a-police-report/#why-insurers-review,2026-09-26,0,5,0,7.4
https://rodenlaw.com/blog/can-an-insurance-company-go-against-a-police-report/#why-insurers-review,2026-09-27,0,2,0,8.5
https://rodenlaw.com/blog/can-an-insurance-company-go-against-a-police-report/#why-insurers-review,2026-09-28,0,6,0,6
https://rodenlaw.com/blog/can-an-insurance-company-go-against-a-police-report/#why-insurers-review,2026-09-29,0,2,0,11
https://rodenlaw.com/blog/can-an-insurance-company-go-against-a-police-report/#why-insurers-review,2026-09-30,0,5,0,4.4
https://rodenlaw.com/blog/can-an-insurance-company-go-against-a-police-report/#why-insurers-review,2026-10-01,0,3,0,5.67
https://rodenlaw.com/blog/can-an-insurance-company-go-against-a-police-report/#why-insurers-review,2026-10-02,0,2,0,6.5
https://rodenlaw.com/blog/can-an-insurance-company-go-against-a-police-report/#why-insurers-review,2026-10-03,0,2,0,5
https://rodenlaw.com/blog/can-an-insurance-company-go-against-a-police-report/#why-insurers-review,2026-10-04,0,1,0,5
https://rodenlaw.com/blog/can-someone-sue-me-for-a-car-accident/,2026-09-15,0,86,0,11.09
https://rodenlaw.com/blog/can-someone-sue-me-for-a-car-accident/,2026-09-16,0,70,0,10.91
https://rodenlaw.com/blog/can-someone-sue-me-for-a-car-accident/,2026-09-17,0,69,0,10.48
https://rodenlaw.com/blog/can-someone-sue-me-for-a-car-accident/,2026-09-18,0,65,0,9.45
https://rodenlaw.com/blog/can-someone-sue-me-for-a-car-accident/,2026-09-19,0,33,0,12.21
https://rodenlaw.com/blog/can-someone-sue-me-for-a-car-accident/,2026-09-20,0,44,0,9.34
https://rodenlaw.com/blog/can-someone-sue-me-for-a-car-accident/,2026-09-22,0,55,0,11.16
https://rodenlaw.com/blog/can-someone-sue-me-for-a-car-accident/,2026-09-23,0,74,0,12.26
https://rodenlaw.com/blog/can-someone-sue-me-for-a-car-accident/,2026-09-24,0,86,0,12.84
https://rodenlaw.com/blog/can-someone-sue-me-for-a-car-accident/,2026-09-25,0,41,0,9.71
https://rodenlaw.com/blog/can-someone-sue-me-for-a-car-accident/,2026-09-27,0,50,0,15.72
https://rodenlaw.com/blog/can-someone-sue-me-for-a-car-accident/,2026-09-28,0,61,0,11.48
https://rodenlaw.com/blog/can-someone-sue-me-for-a-car-accident/,2026-09-29,0,55,0,11.67
https://rodenlaw.com/blog/can-someone-sue-me-for-a-car-accident/,2026-09-30,0,51,0,13.31
https://rodenlaw.com/blog/can-someone-sue-me-for-a-car-accident/,2026-10-01,0,59,0,13.59
https://rodenlaw.com/blog/can-someone-sue-me-for-a-car-accident/,2026-10-02,0,56,0,13
https://rodenlaw.com/blog/can-someone-sue-me-for-a-car-accident/,2026-10-03,0,35,0,17.54
https://rodenlaw.com/blog/can-someone-sue-me-for-a-car-accident/,2026-10-04,0,13,0,19.31
https://rodenlaw.com/blog/can-someone-sue-me-for-a-car-accident/,2026-10-05,0,11,0,16.45
https://rodenlaw.com/blog/can-someone-sue-me-for-a-car-accident/#comparative-fault,2026-09-15,0,5,0,8.6
https://rodenlaw.com/blog/can-someone-sue-me-for-a-car-accident/#comparative-fault,2026-09-16,0,1,0,11
https://rodenlaw.com/blog/can-someone-sue-me-for-a-car-accident/#comparative-fault,2026-09-17,0,4,0,10.25
https://rodenlaw.com/blog/can-someone-sue-me-for-a-car-accident/#comparative-fault,2026-09-18,0,4,0,10.5
https://rodenlaw.com/blog/can-someone-sue-me-for-a-car-accident/#comparative-fault,2026-09-19,0,1,0,11
https://rodenlaw.com/blog/can-someone-sue-me-for-a-car-accident/#comparative-fault,2026-09-20,0,4,0,9.5
https://rodenlaw.com/blog/can-someone-sue-me-for-a-car-accident/#comparative-fault,2026-09-21,0,1,0,11
https://rodenlaw.com/blog/can-someone-sue-me-for-a-car-accident/#comparative-fault,2026-09-22,0,3,0,7
https://rodenlaw.com/blog/can-someone-sue-me-for-a-car-accident/#comparative-fault,2026-09-23,0,2,0,10.5
https://rodenlaw.com/blog/can-someone-sue-me-for-a-car-accident/#comparative-fault,2026-09-24,0,2,0,9.5
https://rodenlaw.com/blog/can-someone-sue-me-for-a-car-accident/#comparative-fault,2026-09-25,0,5,0,9.4
https://rodenlaw.com/blog/can-someone-sue-me-for-a-car-accident/#comparative-fault,2026-09-27,0,5,0,9.8
https://rodenlaw.com/blog/can-someone-sue-me-for-a-car-accident/#comparative-fault,2026-09-28,0,2,0,10
https://rodenlaw.com/blog/can-someone-sue-me-for-a-car-accident/#comparative-fault,2026-09-29,0,8,0,9.75
https://rodenlaw.com/blog/can-someone-sue-me-for-a-car-accident/#comparative-fault,2026-09-30,0,4,0,10.75
https://rodenlaw.com/blog/can-someone-sue-me-for-a-car-accident/#comparative-fault,2026-10-01,0,4,0,10.5
https://rodenlaw.com/blog/can-someone-sue-me-for-a-car-accident/#comparative-fault,2026-10-02,0,2,0,8.5
https://rodenlaw.com/blog/can-someone-sue-me-for-a-car-accident/#fault-determination,2026-09-15,0,5,0,8.6
https://rodenlaw.com/blog/can-someone-sue-me-for-a-car-accident/#fault-determination,2026-09-16,0,1,0,11
https://rodenlaw.com/blog/can-someone-sue-me-for-a-car-accident/#fault-determination,2026-09-17,0,4,0,10.25
https://rodenlaw.com/blog/can-someone-sue-me-for-a-car-accident/#fault-determination,2026-09-18,0,4,0,10.5
https://rodenlaw.com/blog/can-someone-sue-me-for-a-car-accident/#fault-determination,2026-09-19,0,1,0,11
https://rodenlaw.com/blog/can-someone-sue-me-for-a-car-accident/#fault-determination,2026-09-20,0,4,0,9.5
https://rodenlaw.com/blog/can-someone-sue-me-for-a-car-accident/#fault-determination,2026-09-21,0,1,0,11
https://rodenlaw.com/blog/can-someone-sue-me-for-a-car-accident/#fault-determination,2026-09-22,0,3,0,7
https://rodenlaw.com/blog/can-someone-sue-me-for-a-car-accident/#fault-determination,2026-09-23,0,2,0,10.5
https://rodenlaw.com/blog/can-someone-sue-me-for-a-car-accident/#fault-determination,2026-09-24,0,2,0,9.5
https://rodenlaw.com/blog/can-someone-sue-me-for-a-car-accident/#fault-determination,2026-09-25,0,5,0,9.4
https://rodenlaw.com/blog/can-someone-sue-me-for-a-car-accident/#fault-determination,2026-09-27,0,5,0,9.8
https://rodenlaw.com/blog/can-someone-sue-me-for-a-car-accident/#fault-determination,2026-09-28,0,2,0,10
https://rodenlaw.com/blog/can-someone-sue-me-for-a-car-accident/#fault-determination,2026-09-29,0,8,0,9.75
https://rodenlaw.com/blog/can-someone-sue-me-for-a-car-accident/#fault-determination,2026-09-30,0,4,0,10.75
https://rodenlaw.com/blog/can-someone-sue-me-for-a-car-accident/#fault-determination,2026-10-01,0,4,0,10.5
https://rodenlaw.com/blog/can-someone-sue-me-for-a-car-accident/#fault-determination,2026-10-02,0,2,0,8.5
https://rodenlaw.com/blog/can-someone-sue-me-for-a-car-accident/#short-answer,2026-09-15,0,7,0,8.86
https://rodenlaw.com/blog/can-someone-sue-me-for-a-car-accident/#short-answer,2026-09-16,0,1,0,11
https://rodenlaw.com/blog/can-someone-sue-me-for-a-car-accident/#short-answer,2026-09-17,0,6,0,10.33
https://rodenlaw.com/blog/can-someone-sue-me-for-a-car-accident/#short-answer,2026-09-18,0,4,0,10.5
https://rodenlaw.com/blog/can-someone-sue-me-for-a-car-accident/#short-answer,2026-09-19,0,1,0,11
https://rodenlaw.com/blog/can-someone-sue-me-for-a-car-accident/#short-answer,2026-09-20,0,6,0,8.83
https://rodenlaw.com/blog/can-someone-sue-me-for-a-car-accident/#short-answer,2026-09-21,0,3,0,10.33
https://rodenlaw.com/blog/can-someone-sue-me-for-a-car-accident/#short-answer,2026-09-22,0,3,0,7
https://rodenlaw.com/blog/can-someone-sue-me-for-a-car-accident/#short-answer,2026-09-23,0,2,0,10.5
https://rodenlaw.com/blog/can-someone-sue-me-for-a-car-accident/#short-answer,2026-09-24,0,3,0,9.33
https://rodenlaw.com/blog/can-someone-sue-me-for-a-car-accident/#short-answer,2026-09-25,0,5,0,9.4
https://rodenlaw.com/blog/can-someone-sue-me-for-a-car-accident/#short-answer,2026-09-26,0,1,0,11
https://rodenlaw.com/blog/can-someone-sue-me-for-a-car-accident/#short-answer,2026-09-27,0,6,0,9.67
https://rodenlaw.com/blog/can-someone-sue-me-for-a-car-accident/#short-answer,2026-09-28,0,4,0,9.75
https://rodenlaw.com/blog/can-someone-sue-me-for-a-car-accident/#short-answer,2026-09-29,0,9,0,9.67
https://rodenlaw.com/blog/can-someone-sue-me-for-a-car-accident/#short-answer,2026-09-30,0,6,0,9.33
https://rodenlaw.com/blog/can-someone-sue-me-for-a-car-accident/#short-answer,2026-10-01,0,6,0,10.33
https://rodenlaw.com/blog/can-someone-sue-me-for-a-car-accident/#short-answer,2026-10-02,0,2,0,8.5
https://rodenlaw.com/blog/can-someone-sue-me-for-a-car-accident/#statute-of-limitations,2026-09-15,0,5,0,8.6
https://rodenlaw.com/blog/can-someone-sue-me-for-a-car-accident/#statute-of-limitations,2026-09-16,0,1,0,11
https://rodenlaw.com/blog/can-someone-sue-me-for-a-car-accident/#statute-of-limitations,2026-09-17,0,4,0,10.25
https://rodenlaw.com/blog/can-someone-sue-me-for-a-car-accident/#statute-of-limitations,2026-09-18,0,4,0,10.5
https://rodenlaw.com/blog/can-someone-sue-me-for-a-car-accident/#statute-of-limitations,2026-09-19,0,1,0,11
https://rodenlaw.com/blog/can-someone-sue-me-for-a-car-accident/#statute-of-limitations,2026-09-20,0,4,0,9.5
https://rodenlaw.com/blog/can-someone-sue-me-for-a-car-accident/#statute-of-limitations,2026-09-21,0,1,0,11
https://rodenlaw.com/blog/can-someone-sue-me-for-a-car-accident/#statute-of-limitations,2026-09-22,0,3,0,7
https://rodenlaw.com/blog/can-someone-sue-me-for-a-car-accident/#statute-of-limitations,2026-09-23,0,2,0,10.5
https://rodenlaw.com/blog/can-someone-sue-me-for-a-car-accident/#statute-of-limitations,2026-09-24,0,2,0,9.5
https://rodenlaw.com/blog/can-someone-sue-me-for-a-car-accident/#statute-of-limitations,2026-09-25,0,5,0,9.4
https://rodenlaw.com/blog/can-someone-sue-me-for-a-car-accident/#statute-of-limitations,2026-09-27,0,5,0,9.8
https://rodenlaw.com/blog/can-someone-sue-me-for-a-car-accident/#statute-of-limitations,2026-09-28,0,2,0,10
https://rodenlaw.com/blog/can-someone-sue-me-for-a-car-accident/#statute-of-limitations,2026-09-29,0,8,0,9.75
https://rodenlaw.com/blog/can-someone-sue-me-for-a-car-accident/#statute-of-limitations,2026-09-30,0,4,0,10.75
https://rodenlaw.com/blog/can-someone-sue-me-for-a-car-accident/#statute-of-limitations,2026-10-01,0,4,0,10.5
https://rodenlaw.com/blog/can-someone-sue-me-for-a-car-accident/#statute-of-limitations,2026-10-02,0,2,0,8.5
https://rodenlaw.com/blog/can-someone-sue-me-for-a-car-accident/#types-of-damages,2026-09-15,0,5,0,8.6
https://rodenlaw.com/blog/can-someone-sue-me-for-a-car-accident/#types-of-damages,2026-09-16,0,1,0,11
https://rodenlaw.com/blog/can-someone-sue-me-for-a-car-accident/#types-of-damages,2026-09-17,0,5,0,10.2
https://rodenlaw.com/blog/can-someone-sue-me-for-a-car-accident/#types-of-damages,2026-09-18,0,6,0,10.5
https://rodenlaw.com/blog/can-someone-sue-me-for-a-car-accident/#types-of-damages,2026-09-19,0,1,0,11
https://rodenlaw.com/blog/can-someone-sue-me-for-a-car-accident/#types-of-damages,2026-09-20,0,4,0,9.5
https://rodenlaw.com/blog/can-someone-sue-me-for-a-car-accident/#types-of-damages,2026-09-21,0,1,0,11
https://rodenlaw.com/blog/can-someone-sue-me-for-a-car-accident/#types-of-damages,2026-09-22,0,3,0,7
https://rodenlaw.com/blog/can-someone-sue-me-for-a-car-accident/#types-of-damages,2026-09-23,0,2,0,10.5
https://rodenlaw.com/blog/can-someone-sue-me-for-a-car-accident/#types-of-damages,2026-09-24,0,2,0,9.5
https://rodenlaw.com/blog/can-someone-sue-me-for-a-car-accident/#types-of-damages,2026-09-25,0,5,0,9.4
https://rodenlaw.com/blog/can-someone-sue-me-for-a-car-accident/#types-of-damages,2026-09-27,0,5,0,9.8
https://rodenlaw.com/blog/can-someone-sue-me-for-a-car-accident/#types-of-damages,2026-09-28,0,2,0,10
https://rodenlaw.com/blog/can-someone-sue-me-for-a-car-accident/#types-of-damages,2026-09-29,0,8,0,9.75
https://rodenlaw.com/blog/can-someone-sue-me-for-a-car-accident/#types-of-damages,2026-09-30,0,4,0,10.75
https://rodenlaw.com/blog/can-someone-sue-me-for-a-car-accident/#types-of-damages,2026-10-01,0,4,0,10.5
https://rodenlaw.com/blog/can-someone-sue-me-for-a-car-accident/#types-of-damages,2026-10-02,0,2,0,8.5
https://rodenlaw.com/blog/can-someone-sue-me-for-a-car-accident/#when-insurance-covers,2026-09-15,0,6,0,8.5
https://rodenlaw.com/blog/can-someone-sue-me-for-a-car-accident/#when-insurance-covers,2026-09-16,0,1,0,11
https://rodenlaw.com/blog/can-someone-sue-me-for-a-car-accident/#when-insurance-covers,2026-09-17,0,6,0,9.5
https://rodenlaw.com/blog/can-someone-sue-me-for-a-car-accident/#when-insurance-covers,2026-09-18,0,6,0,10.5
https://rodenlaw.com/blog/can-someone-sue-me-for-a-car-accident/#when-insurance-covers,2026-09-19,0,1,0,11
https://rodenlaw.com/blog/can-someone-sue-me-for-a-car-accident/#when-insurance-covers,2026-09-20,0,6,0,8.83
https://rodenlaw.com/blog/can-someone-sue-me-for-a-car-accident/#when-insurance-covers,2026-09-21,0,3,0,10.33
https://rodenlaw.com/blog/can-someone-sue-me-for-a-car-accident/#when-insurance-covers,2026-09-22,0,3,0,7
https://rodenlaw.com/blog/can-someone-sue-me-for-a-car-accident/#when-insurance-covers,2026-09-23,0,2,0,10.5
https://rodenlaw.com/blog/can-someone-sue-me-for-a-car-accident/#when-insurance-covers,2026-09-24,0,3,0,9.33
https://rodenlaw.com/blog/can-someone-sue-me-for-a-car-accident/#when-insurance-covers,2026-09-25,0,6,0,9.33
https://rodenlaw.com/blog/can-someone-sue-me-for-a-car-accident/#when-insurance-covers,2026-09-26,0,1,0,11
https://rodenlaw.com/blog/can-someone-sue-me-for-a-car-accident/#when-insurance-covers,2026-09-27,0,6,0,9.67
https://rodenlaw.com/blog/can-someone-sue-me-for-a-car-accident/#when-insurance-covers,2026-09-28,0,4,0,9.75
https://rodenlaw.com/blog/can-someone-sue-me-for-a-car-accident/#when-insurance-covers,2026-09-29,0,8,0,9.75
https://rodenlaw.com/blog/can-someone-sue-me-for-a-car-accident/#when-insurance-covers,2026-09-30,0,6,0,9.33
https://rodenlaw.com/blog/can-someone-sue-me-for-a-car-accident/#when-insurance-covers,2026-10-01,0,6,0,10.33
https://rodenlaw.com/blog/can-someone-sue-me-for-a-car-accident/#when-insurance-covers,2026-10-02,0,2,0,8.5
https://rodenlaw.com/blog/can-someone-sue-me-for-a-car-accident/#when-personal-assets,2026-09-15,0,6,0,9
https://rodenlaw.com/blog/can-someone-sue-me-for-a-car-accident/#when-personal-assets,2026-09-16,0,1,0,11
https://rodenlaw.com/blog/can-someone-sue-me-for-a-car-accident/#when-personal-assets,2026-09-17,0,5,0,9.2
https://rodenlaw.com/blog/can-someone-sue-me-for-a-car-accident/#when-personal-assets,2026-09-18,0,4,0,10.5
https://rodenlaw.com/blog/can-someone-sue-me-for-a-car-accident/#when-personal-assets,2026-09-19,0,1,0,11
https://rodenlaw.com/blog/can-someone-sue-me-for-a-car-accident/#when-personal-assets,2026-09-20,0,4,0,9.5
https://rodenlaw.com/blog/can-someone-sue-me-for-a-car-accident/#when-personal-assets,2026-09-21,0,1,0,11
https://rodenlaw.com/blog/can-someone-sue-me-for-a-car-accident/#when-personal-assets,2026-09-22,0,3,0,7
https://rodenlaw.com/blog/can-someone-sue-me-for-a-car-accident/#when-personal-assets,2026-09-23,0,2,0,10.5
https://rodenlaw.com/blog/can-someone-sue-me-for-a-car-accident/#when-personal-assets,2026-09-24,0,2,0,9.5
https://rodenlaw.com/blog/can-someone-sue-me-for-a-car-accident/#when-personal-assets,2026-09-25,0,6,0,9.33
https://rodenlaw.com/blog/can-someone-sue-me-for-a-car-accident/#when-personal-assets,2026-09-27,0,5,0,9.8
https://rodenlaw.com/blog/can-someone-sue-me-for-a-car-accident/#when-personal-assets,2026-09-28,0,2,0,10
https://rodenlaw.com/blog/can-someone-sue-me-for-a-car-accident/#when-personal-assets,2026-09-29,0,9,0,9.67
https://rodenlaw.com/blog/can-someone-sue-me-for-a-car-accident/#when-personal-assets,2026-09-30,0,4,0,10.75
https://rodenlaw.com/blog/can-someone-sue-me-for-a-car-accident/#when-personal-assets,2026-10-01,0,4,0,10.5
https://rodenlaw.com/blog/can-someone-sue-me-for-a-car-accident/#when-personal-assets,2026-10-02,0,2,0,8.5
https://rodenlaw.com/blog/can-you-sue-hipaa-violation/,2026-09-16,0,24,0,7.25
https://rodenlaw.com/blog/can-you-sue-hipaa-violation/,2026-09-17,0,18,0,6.17
https://rodenlaw.com/blog/can-you-sue-hipaa-violation/,2026-09-19,0,17,0,8
https://rodenlaw.com/blog/can-you-sue-hipaa-violation/,2026-09-20,0,6,0,9.5
https://rodenlaw.com/blog/can-you-sue-hipaa-violation/,2026-09-21,0,20,0,7.45
https://rodenlaw.com/blog/can-you-sue-hipaa-violation/,2026-09-22,0,29,0,7.14
https://rodenlaw.com/blog/can-you-sue-hipaa-violation/,2026-09-24,0,12,0,5.33
https://rodenlaw.com/blog/can-you-sue-hipaa-violation/,2026-09-25,0,14,0,9
https://rodenlaw.com/blog/can-you-sue-hipaa-violation/,2026-09-26,0,14,0,4.79
https://rodenlaw.com/blog/can-you-sue-hipaa-violation/,2026-09-27,0,7,0,5.57
https://rodenlaw.com/blog/can-you-sue-hipaa-violation/,2026-09-28,0,13,0,5.08
https://rodenlaw.com/blog/can-you-sue-hipaa-violation/,2026-09-29,0,21,0,7.81
https://rodenlaw.com/blog/can-you-sue-hipaa-violation/,2026-10-01,0,28,0,6.36
https://rodenlaw.com/blog/can-you-sue-hipaa-violation/,2026-10-02,0,5,0,5.2
https://rodenlaw.com/blog/can-you-sue-hipaa-violation/,2026-10-03,0,12,0,7.83
https://rodenlaw.com/blog/can-you-sue-hipaa-violation/,2026-10-04,0,4,0,5
https://rodenlaw.com/blog/can-you-sue-hipaa-violation/,2026-10-05,0,6,0,4.17
https://rodenlaw.com/blog/can-you-sue-hospital-negligence/,2026-09-15,0,36,0,35.08
https://rodenlaw.com/blog/can-you-sue-hospital-negligence/,2026-09-16,0,49,0,41.94
https://rodenlaw.com/blog/can-you-sue-hospital-negligence/,2026-09-17,0,32,0,27.66
https://rodenlaw.com/blog/can-you-sue-hospital-negligence/,2026-09-18,0,49,0,25.55
https://rodenlaw.com/blog/can-you-sue-hospital-negligence/,2026-09-19,0,28,0,32.36
https://rodenlaw.com/blog/can-you-sue-hospital-negligence/,2026-09-20,0,23,0,32.83
https://rodenlaw.com/blog/can-you-sue-hospital-negligence/,2026-09-21,0,40,0,20.77
https://rodenlaw.com/blog/can-you-sue-hospital-negligence/,2026-09-22,0,38,0,37.18
https://rodenlaw.com/blog/can-you-sue-hospital-negligence/,2026-09-23,0,30,0,28.6
https://rodenlaw.com/blog/can-you-sue-hospital-negligence/,2026-09-24,0,44,0,34.95
https://rodenlaw.com/blog/can-you-sue-hospital-negligence/,2026-09-25,0,38,0,22.68
https://rodenlaw.com/blog/can-you-sue-hospital-negligence/,2026-09-26,0,39,0,20.74
https://rodenlaw.com/blog/can-you-sue-hospital-negligence/,2026-09-27,0,23,0,28.48
https://rodenlaw.com/blog/can-you-sue-hospital-negligence/,2026-09-29,0,39,0,29.44
https://rodenlaw.com/blog/can-you-sue-hospital-negligence/,2026-10-01,0,37,0,36.78
https://rodenlaw.com/blog/can-you-sue-hospital-negligence/,2026-10-02,0,44,0,31.43
https://rodenlaw.com/blog/can-you-sue-hospital-negligence/,2026-10-03,0,34,0,37.47
https://rodenlaw.com/blog/can-you-sue-hospital-negligence/,2026-10-04,0,4,0,7.75
https://rodenlaw.com/blog/can-you-sue-hospital-negligence/,2026-10-05,0,12,0,41.75
https://rodenlaw.com/blog/car-accident-attorney-near-me-west-ashley-citadel-mall/,2026-09-24,0,1,0,47
https://rodenlaw.com/blog/car-accident-attorney-near-me-west-ashley-citadel-mall/,2026-09-27,0,1,0,25
https://rodenlaw.com/blog/car-accident-attorney-near-me-west-ashley-citadel-mall/,2026-09-28,0,1,0,23
https://rodenlaw.com/blog/car-accident-attorney-near-me-west-ashley-citadel-mall/,2026-09-29,0,2,0,45
https://rodenlaw.com/blog/car-accident-attorney-near-me-west-ashley-citadel-mall/,2026-09-30,0,1,0,96
https://rodenlaw.com/blog/car-accidents-and-daylight-savings-time/,2026-09-15,0,3,0,29.33
https://rodenlaw.com/blog/car-accidents-and-daylight-savings-time/,2026-09-16,0,3,0,16.67
https://rodenlaw.com/blog/car-accidents-and-daylight-savings-time/,2026-09-17,0,2,0,9.5
https://rodenlaw.com/blog/car-accidents-and-daylight-savings-time/,2026-09-18,0,3,0,7.67
https://rodenlaw.com/blog/car-accidents-and-daylight-savings-time/,2026-09-19,0,4,0,11.75
https://rodenlaw.com/blog/car-accidents-and-daylight-savings-time/,2026-09-21,0,1,0,11
https://rodenlaw.com/blog/car-accidents-and-daylight-savings-time/,2026-09-22,0,2,0,6
https://rodenlaw.com/blog/car-accidents-and-daylight-savings-time/,2026-09-23,0,1,0,10
https://rodenlaw.com/blog/car-accidents-and-daylight-savings-time/,2026-09-24,0,2,0,26.5
https://rodenlaw.com/blog/car-accidents-and-daylight-savings-time/,2026-09-25,0,1,0,4
https://rodenlaw.com/blog/car-accidents-and-daylight-savings-time/,2026-09-26,0,1,0,8
https://rodenlaw.com/blog/car-accidents-and-daylight-savings-time/,2026-09-27,0,1,0,41
https://rodenlaw.com/blog/car-accidents-and-daylight-savings-time/,2026-09-28,0,5,0,8.2
https://rodenlaw.com/blog/car-accidents-and-daylight-savings-time/,2026-09-29,0,8,0,13.12
https://rodenlaw.com/blog/car-accidents-and-daylight-savings-time/,2026-09-30,0,1,0,1
https://rodenlaw.com/blog/car-accidents-and-daylight-savings-time/,2026-10-01,0,1,0,69
https://rodenlaw.com/blog/car-accidents-and-daylight-savings-time/,2026-10-02,0,4,0,7.5
https://rodenlaw.com/blog/car-accidents-and-daylight-savings-time/,2026-10-03,0,1,0,21
https://rodenlaw.com/blog/car-accidents-and-daylight-savings-time/,2026-10-04,0,3,0,8.67
https://rodenlaw.com/blog/car-accidents-and-daylight-savings-time/,2026-10-05,0,1,0,4
https://rodenlaw.com/blog/car-accidents-ladson-i-26-exit-203-danger-zone/,2026-10-05,0,1,0,6
https://rodenlaw.com/blog/car-accidents-on-coleman-boulevard-in-mount-pleasant/,2026-09-17,0,6,0,8.5
https://rodenlaw.com/blog/car-accidents-on-coleman-boulevard-in-mount-pleasant/,2026-09-21,0,1,0,11
https://rodenlaw.com/blog/car-accidents-on-coleman-boulevard-in-mount-pleasant/,2026-09-25,0,5,0,8.8
https://rodenlaw.com/blog/car-accidents-on-coleman-boulevard-in-mount-pleasant/,2026-09-27,0,1,0,9
https://rodenlaw.com/blog/car-accidents-on-coleman-boulevard-in-mount-pleasant/,2026-09-28,0,1,0,86
https://rodenlaw.com/blog/car-accidents-on-coleman-boulevard-in-mount-pleasant/,2026-09-29,0,1,0,27
https://rodenlaw.com/blog/car-accidents-on-coleman-boulevard-in-mount-pleasant/,2026-10-03,0,1,0,11
https://rodenlaw.com/blog/car-accidents-on-coleman-boulevard-in-mount-pleasant/,2026-10-04,0,1,0,11
https://rodenlaw.com/blog/car-accidents-on-i-26-in-north-charleston/,2026-09-25,0,2,0,4
https://rodenlaw.com/blog/car-accidents-on-i-26-in-north-charleston/,2026-09-27,0,3,0,17.67
https://rodenlaw.com/blog/car-accidents-on-i-26-in-north-charleston/,2026-09-28,0,5,0,26.2
https://rodenlaw.com/blog/car-accidents-on-i-26-in-north-charleston/,2026-09-29,0,1,0,11
https://rodenlaw.com/blog/car-accidents-on-i-26-in-north-charleston/,2026-09-30,0,2,0,20.5
https://rodenlaw.com/blog/car-accidents-on-i-26-in-north-charleston/,2026-10-03,0,1,0,6
https://rodenlaw.com/blog/car-accidents-on-i-26-in-north-charleston/,2026-10-05,0,2,0,33
https://rodenlaw.com/blog/car-insurance-add-ons/,2026-09-15,0,6,0,19
https://rodenlaw.com/blog/car-insurance-add-ons/,2026-09-16,0,4,0,24.25
https://rodenlaw.com/blog/car-insurance-add-ons/,2026-09-17,0,7,0,16.43
https://rodenlaw.com/blog/car-insurance-add-ons/,2026-09-18,0,3,0,24
https://rodenlaw.com/blog/car-insurance-add-ons/,2026-09-19,0,3,0,7.67
https://rodenlaw.com/blog/car-insurance-add-ons/,2026-09-20,0,9,0,13.78
https://rodenlaw.com/blog/car-insurance-add-ons/,2026-09-21,0,5,0,9.8
https://rodenlaw.com/blog/car-insurance-add-ons/,2026-09-22,0,8,0,22.25
https://rodenlaw.com/blog/car-insurance-add-ons/,2026-09-23,0,18,0,35.61
https://rodenlaw.com/blog/car-insurance-add-ons/,2026-09-24,0,8,0,21
https://rodenlaw.com/blog/car-insurance-add-ons/,2026-09-25,0,3,0,35.67
https://rodenlaw.com/blog/car-insurance-add-ons/,2026-09-26,0,2,0,35
https://rodenlaw.com/blog/car-insurance-add-ons/,2026-09-27,0,10,0,32
https://rodenlaw.com/blog/car-insurance-add-ons/,2026-09-28,0,6,0,32.67
https://rodenlaw.com/blog/car-insurance-add-ons/,2026-09-29,0,6,0,35.67
https://rodenlaw.com/blog/car-insurance-add-ons/,2026-09-30,0,4,0,19
https://rodenlaw.com/blog/car-insurance-add-ons/,2026-10-01,0,8,0,21
https://rodenlaw.com/blog/car-insurance-add-ons/,2026-10-02,0,2,0,16.5
https://rodenlaw.com/blog/car-insurance-add-ons/,2026-10-03,0,3,0,24.67
https://rodenlaw.com/blog/car-insurance-add-ons/,2026-10-04,0,2,0,13
https://rodenlaw.com/blog/car-insurance-add-ons/,2026-10-05,0,1,0,11
https://rodenlaw.com/blog/car-insurance-claim-denial-tactics/,2026-09-15,0,4,0,59
https://rodenlaw.com/blog/car-insurance-claim-denial-tactics/,2026-09-16,0,2,0,7
https://rodenlaw.com/blog/car-insurance-claim-denial-tactics/,2026-09-17,0,3,0,38.33
https://rodenlaw.com/blog/car-insurance-claim-denial-tactics/,2026-09-18,0,1,0,29
https://rodenlaw.com/blog/car-insurance-claim-denial-tactics/,2026-09-19,0,2,0,8
https://rodenlaw.com/blog/car-insurance-claim-denial-tactics/,2026-09-20,0,3,0,26
https://rodenlaw.com/blog/car-insurance-claim-denial-tactics/,2026-09-21,0,4,0,8
https://rodenlaw.com/blog/car-insurance-claim-denial-tactics/,2026-09-22,0,1,0,7
https://rodenlaw.com/blog/car-insurance-claim-denial-tactics/,2026-09-23,0,6,0,5.33
https://rodenlaw.com/blog/car-insurance-claim-denial-tactics/,2026-09-24,0,2,0,7
https://rodenlaw.com/blog/car-insurance-claim-denial-tactics/,2026-09-25,0,16,0,4.81
https://rodenlaw.com/blog/car-insurance-claim-denial-tactics/,2026-09-26,0,22,0,4.32
https://rodenlaw.com/blog/car-insurance-claim-denial-tactics/,2026-09-27,0,23,0,6.52
https://rodenlaw.com/blog/car-insurance-claim-denial-tactics/,2026-09-28,0,16,0,6
https://rodenlaw.com/blog/car-insurance-claim-denial-tactics/,2026-09-29,0,21,0,5.19
https://rodenlaw.com/blog/car-insurance-claim-denial-tactics/,2026-09-30,0,4,0,5.75
https://rodenlaw.com/blog/car-insurance-claim-denial-tactics/,2026-10-01,0,11,0,6.36
https://rodenlaw.com/blog/car-insurance-claim-denial-tactics/,2026-10-02,0,9,0,11
https://rodenlaw.com/blog/car-insurance-claim-denial-tactics/,2026-10-03,0,7,0,12.86
https://rodenlaw.com/blog/car-insurance-claim-denial-tactics/,2026-10-04,0,6,0,6.33
https://rodenlaw.com/blog/car-insurance-claim-denial-tactics/,2026-10-05,0,1,0,3
https://rodenlaw.com/blog/car-totaled-in-accident-what-to-do/,2026-09-15,0,2,0,9
https://rodenlaw.com/blog/car-totaled-in-accident-what-to-do/,2026-09-19,0,2,0,66.5
https://rodenlaw.com/blog/car-totaled-in-accident-what-to-do/,2026-09-20,0,2,0,10.5
https://rodenlaw.com/blog/car-totaled-in-accident-what-to-do/,2026-09-21,0,2,0,8
https://rodenlaw.com/blog/car-totaled-in-accident-what-to-do/,2026-09-23,0,1,0,1
https://rodenlaw.com/blog/car-totaled-in-accident-what-to-do/,2026-09-24,0,3,0,7
https://rodenlaw.com/blog/car-totaled-in-accident-what-to-do/,2026-09-25,0,6,0,8.33
https://rodenlaw.com/blog/car-totaled-in-accident-what-to-do/,2026-09-26,0,2,0,9.5
https://rodenlaw.com/blog/car-totaled-in-accident-what-to-do/,2026-09-27,0,4,0,9.25
https://rodenlaw.com/blog/car-totaled-in-accident-what-to-do/,2026-09-28,0,5,0,7
https://rodenlaw.com/blog/car-totaled-in-accident-what-to-do/,2026-09-29,0,1,0,7
https://rodenlaw.com/blog/car-totaled-in-accident-what-to-do/,2026-09-30,0,4,0,8
https://rodenlaw.com/blog/car-totaled-in-accident-what-to-do/,2026-10-03,0,1,0,83
https://rodenlaw.com/blog/carriage-tour-accidents-downtown-charleston-liability/,2026-09-15,0,5,0,6.2
https://rodenlaw.com/blog/carriage-tour-accidents-downtown-charleston-liability/,2026-09-16,0,3,0,10.67
https://rodenlaw.com/blog/carriage-tour-accidents-downtown-charleston-liability/,2026-09-17,0,3,0,8.33
https://rodenlaw.com/blog/carriage-tour-accidents-downtown-charleston-liability/,2026-09-18,0,4,0,6
https://rodenlaw.com/blog/carriage-tour-accidents-downtown-charleston-liability/,2026-09-20,0,2,0,5.5
https://rodenlaw.com/blog/carriage-tour-accidents-downtown-charleston-liability/,2026-09-22,0,10,0,7.6
https://rodenlaw.com/blog/carriage-tour-accidents-downtown-charleston-liability/,2026-09-23,0,8,0,10.75
https://rodenlaw.com/blog/carriage-tour-accidents-downtown-charleston-liability/,2026-09-24,0,8,0,8.5
https://rodenlaw.com/blog/carriage-tour-accidents-downtown-charleston-liability/,2026-09-25,0,5,0,5.8
https://rodenlaw.com/blog/carriage-tour-accidents-downtown-charleston-liability/,2026-09-26,0,5,0,7.8
https://rodenlaw.com/blog/carriage-tour-accidents-downtown-charleston-liability/,2026-09-27,0,3,0,7
https://rodenlaw.com/blog/carriage-tour-accidents-downtown-charleston-liability/,2026-09-28,0,2,0,8
https://rodenlaw.com/blog/carriage-tour-accidents-downtown-charleston-liability/,2026-09-29,0,1,0,2
https://rodenlaw.com/blog/carriage-tour-accidents-downtown-charleston-liability/,2026-10-01,0,3,0,6.67
https://rodenlaw.com/blog/carriage-tour-accidents-downtown-charleston-liability/,2026-10-02,0,4,0,9.25
https://rodenlaw.com/blog/carriage-tour-accidents-downtown-charleston-liability/,2026-10-03,0,4,0,12.25
https://rodenlaw.com/blog/carriage-tour-accidents-downtown-charleston-liability/,2026-10-04,0,1,0,10
https://rodenlaw.com/blog/carriage-tour-accidents-downtown-charleston-liability/#carriage-tours-charleston,2026-09-18,0,1,0,5
https://rodenlaw.com/blog/carriage-tour-accidents-downtown-charleston-liability/#carriage-tours-charleston,2026-09-23,0,1,0,11
https://rodenlaw.com/blog/carriage-tour-accidents-downtown-charleston-liability/#carriage-tours-charleston,2026-09-26,0,1,0,2
https://rodenlaw.com/blog/carriage-tour-accidents-downtown-charleston-liability/#carriage-tours-charleston,2026-09-27,0,1,0,6
https://rodenlaw.com/blog/carriage-tour-accidents-downtown-charleston-liability/#carriage-tours-charleston,2026-10-01,0,1,0,8
https://rodenlaw.com/blog/carriage-tour-accidents-downtown-charleston-liability/#charleston-carriage-regulations,2026-09-18,0,1,0,5
https://rodenlaw.com/blog/carriage-tour-accidents-downtown-charleston-liability/#charleston-carriage-regulations,2026-09-19,0,1,0,7
https://rodenlaw.com/blog/carriage-tour-accidents-downtown-charleston-liability/#charleston-carriage-regulations,2026-09-23,0,1,0,11
https://rodenlaw.com/blog/carriage-tour-accidents-downtown-charleston-liability/#charleston-carriage-regulations,2026-09-26,0,1,0,2
https://rodenlaw.com/blog/carriage-tour-accidents-downtown-charleston-liability/#charleston-carriage-regulations,2026-09-27,0,1,0,6
https://rodenlaw.com/blog/carriage-tour-accidents-downtown-charleston-liability/#charleston-carriage-regulations,2026-10-01,0,1,0,8
https://rodenlaw.com/blog/carriage-tour-accidents-downtown-charleston-liability/#common-accidents,2026-09-18,0,1,0,5
https://rodenlaw.com/blog/carriage-tour-accidents-downtown-charleston-liability/#common-accidents,2026-09-23,0,1,0,11
https://rodenlaw.com/blog/carriage-tour-accidents-downtown-charleston-liability/#common-accidents,2026-09-26,0,1,0,2
https://rodenlaw.com/blog/carriage-tour-accidents-downtown-charleston-liability/#common-accidents,2026-09-27,0,1,0,6
https://rodenlaw.com/blog/carriage-tour-accidents-downtown-charleston-liability/#common-accidents,2026-10-01,0,1,0,8
https://rodenlaw.com/blog/carriage-tour-accidents-downtown-charleston-liability/#comparative-fault,2026-09-18,0,1,0,5
https://rodenlaw.com/blog/carriage-tour-accidents-downtown-charleston-liability/#comparative-fault,2026-09-23,0,1,0,11
https://rodenlaw.com/blog/carriage-tour-accidents-downtown-charleston-liability/#comparative-fault,2026-09-26,0,1,0,2
https://rodenlaw.com/blog/carriage-tour-accidents-downtown-charleston-liability/#comparative-fault,2026-09-27,0,1,0,6
https://rodenlaw.com/blog/carriage-tour-accidents-downtown-charleston-liability/#comparative-fault,2026-10-01,0,1,0,8
https://rodenlaw.com/blog/carriage-tour-accidents-downtown-charleston-liability/#filing-deadlines,2026-09-18,0,1,0,5
https://rodenlaw.com/blog/carriage-tour-accidents-downtown-charleston-liability/#filing-deadlines,2026-09-23,0,1,0,11
https://rodenlaw.com/blog/carriage-tour-accidents-downtown-charleston-liability/#filing-deadlines,2026-09-26,0,1,0,2
https://rodenlaw.com/blog/carriage-tour-accidents-downtown-charleston-liability/#filing-deadlines,2026-09-27,0,1,0,6
https://rodenlaw.com/blog/carriage-tour-accidents-downtown-charleston-liability/#filing-deadlines,2026-10-01,0,1,0,8
https://rodenlaw.com/blog/carriage-tour-accidents-downtown-charleston-liability/#injuries,2026-09-18,0,1,0,5
https://rodenlaw.com/blog/carriage-tour-accidents-downtown-charleston-liability/#injuries,2026-09-23,0,1,0,11
https://rodenlaw.com/blog/carriage-tour-accidents-downtown-charleston-liability/#injuries,2026-09-26,0,1,0,2
https://rodenlaw.com/blog/carriage-tour-accidents-downtown-charleston-liability/#injuries,2026-09-27,0,1,0,6
https://rodenlaw.com/blog/carriage-tour-accidents-downtown-charleston-liability/#injuries,2026-10-01,0,1,0,8
https://rodenlaw.com/blog/carriage-tour-accidents-downtown-charleston-liability/#who-is-liable,2026-09-18,0,1,0,5
https://rodenlaw.com/blog/carriage-tour-accidents-downtown-charleston-liability/#who-is-liable,2026-09-19,0,1,0,7
https://rodenlaw.com/blog/carriage-tour-accidents-downtown-charleston-liability/#who-is-liable,2026-09-23,0,1,0,11
https://rodenlaw.com/blog/carriage-tour-accidents-downtown-charleston-liability/#who-is-liable,2026-09-26,0,1,0,2
https://rodenlaw.com/blog/carriage-tour-accidents-downtown-charleston-liability/#who-is-liable,2026-09-27,0,1,0,6
https://rodenlaw.com/blog/carriage-tour-accidents-downtown-charleston-liability/#who-is-liable,2026-10-01,0,1,0,8
https://rodenlaw.com/blog/category/atv-accident/,2026-09-27,0,6,0,8
https://rodenlaw.com/blog/category/atv-accident/,2026-09-30,0,1,0,20
https://rodenlaw.com/blog/category/atv-accident/,2026-10-04,0,2,0,5.5
https://rodenlaw.com/blog/category/bicycle-accident/,2026-09-21,0,3,0,17.67
https://rodenlaw.com/blog/category/bicycle-accident/,2026-09-27,0,2,0,26
https://rodenlaw.com/blog/category/bicycle-accident/,2026-09-28,0,5,0,16.6
https://rodenlaw.com/blog/category/bicycle-accident/,2026-09-29,0,2,0,14
https://rodenlaw.com/blog/category/bicycle-accident/,2026-09-30,0,2,0,11.5
https://rodenlaw.com/blog/category/bicycle-accident/,2026-10-01,0,3,0,9
https://rodenlaw.com/blog/category/bicycle-accident/,2026-10-02,0,1,0,19
https://rodenlaw.com/blog/category/bicycle-accident/,2026-10-03,0,4,0,25
https://rodenlaw.com/blog/category/bicycle-accident/,2026-10-04,0,1,0,12
https://rodenlaw.com/blog/category/bus-accident/,2026-09-29,0,1,0,5
https://rodenlaw.com/blog/category/bus-accident/,2026-09-30,0,3,0,11.33
https://rodenlaw.com/blog/category/bus-accident/,2026-10-01,0,6,0,19.5
https://rodenlaw.com/blog/category/bus-accident/,2026-10-02,0,5,0,50
https://rodenlaw.com/blog/category/bus-accident/,2026-10-03,0,7,0,39.14
https://rodenlaw.com/blog/category/bus-accident/,2026-10-04,0,2,0,13
https://rodenlaw.com/blog/category/bus-accident/,2026-10-05,0,1,0,13
https://rodenlaw.com/blog/category/car-accident/,2026-09-24,0,5,0,11.2
https://rodenlaw.com/blog/category/car-accident/,2026-09-25,0,7,0,27.29
https://rodenlaw.com/blog/category/car-accident/,2026-09-26,0,9,0,21.67
https://rodenlaw.com/blog/category/car-accident/,2026-09-27,0,17,0,24.24
https://rodenlaw.com/blog/category/car-accident/,2026-09-28,0,9,0,14.33
https://rodenlaw.com/blog/category/car-accident/,2026-09-29,0,4,0,24.75
https://rodenlaw.com/blog/category/car-accident/,2026-09-30,0,9,0,25.78
https://rodenlaw.com/blog/category/car-accident/,2026-10-01,0,2,0,4
https://rodenlaw.com/blog/category/car-accident/,2026-10-02,0,1,0,11
https://rodenlaw.com/blog/category/car-accident/,2026-10-03,0,1,0,18
https://rodenlaw.com/blog/category/car-accident/page/10/,2026-10-05,0,1,0,13
https://rodenlaw.com/blog/category/car-accident/page/9/,2026-09-27,0,1,0,44
https://rodenlaw.com/blog/category/car-accident/page/9/,2026-09-28,0,1,0,8
https://rodenlaw.com/blog/category/charleston/,2026-09-26,0,2,0,18.5
https://rodenlaw.com/blog/category/charleston/,2026-09-27,0,1,0,16
https://rodenlaw.com/blog/category/charleston/,2026-10-01,0,1,0,9
https://rodenlaw.com/blog/category/charleston/,2026-10-03,0,1,0,6
https://rodenlaw.com/blog/category/free-case-review/,2026-09-24,0,1,0,76
https://rodenlaw.com/blog/category/free-case-review/,2026-09-27,0,2,0,30.5
https://rodenlaw.com/blog/category/free-case-review/,2026-09-28,0,1,0,3
https://rodenlaw.com/blog/category/free-case-review/,2026-09-30,0,2,0,2.5
https://rodenlaw.com/blog/category/free-case-review/,2026-10-03,0,2,0,9
https://rodenlaw.com/blog/category/golf-cart-accident/,2026-09-19,0,1,0,11
https://rodenlaw.com/blog/category/golf-cart-accident/,2026-09-20,0,1,0,30
https://rodenlaw.com/blog/category/golf-cart-accident/,2026-09-24,0,6,0,6.33
https://rodenlaw.com/blog/category/golf-cart-accident/,2026-09-25,0,21,0,17.43
https://rodenlaw.com/blog/category/golf-cart-accident/,2026-09-26,0,19,0,6.63
https://rodenlaw.com/blog/category/golf-cart-accident/,2026-09-27,0,25,0,8.16
https://rodenlaw.com/blog/category/golf-cart-accident/,2026-09-28,0,19,0,12.47
https://rodenlaw.com/blog/category/golf-cart-accident/,2026-09-29,0,18,0,11.78
https://rodenlaw.com/blog/category/golf-cart-accident/,2026-09-30,0,24,0,14.5
https://rodenlaw.com/blog/category/golf-cart-accident/,2026-10-01,0,4,0,23.75
https://rodenlaw.com/blog/category/golf-cart-accident/,2026-10-02,0,4,0,15.5
https://rodenlaw.com/blog/category/golf-cart-accident/,2026-10-03,0,3,0,19
https://rodenlaw.com/blog/category/golf-cart-accident/,2026-10-04,0,1,0,4
https://rodenlaw.com/blog/category/medical-malpractice/,2026-09-25,0,1,0,85
https://rodenlaw.com/blog/category/medical-malpractice/,2026-09-28,0,1,0,42
https://rodenlaw.com/blog/category/medical-malpractice/,2026-09-30,0,1,0,8
https://rodenlaw.com/blog/category/medical-malpractice/,2026-10-04,0,1,0,10
https://rodenlaw.com/blog/category/north-charleston/,2026-09-25,0,1,0,5
https://rodenlaw.com/blog/category/north-charleston/,2026-09-26,0,1,0,10
https://rodenlaw.com/blog/category/north-charleston/,2026-09-27,0,2,0,8.5
https://rodenlaw.com/blog/category/north-charleston/,2026-09-28,0,8,0,9
https://rodenlaw.com/blog/category/north-charleston/,2026-09-29,0,1,0,7
https://rodenlaw.com/blog/category/north-charleston/,2026-09-30,0,1,0,9
https://rodenlaw.com/blog/category/north-charleston/,2026-10-02,0,2,0,7
https://rodenlaw.com/blog/category/north-charleston/,2026-10-03,0,4,0,10.5
https://rodenlaw.com/blog/category/north-charleston/,2026-10-04,0,8,0,8.88
https://rodenlaw.com/blog/category/north-charleston/,2026-10-05,0,4,0,5.25
https://rodenlaw.com/blog/category/nursing-home-abuse/,2026-09-25,0,4,0,8.5
https://rodenlaw.com/blog/category/nursing-home-abuse/,2026-09-28,0,4,0,9.5
https://rodenlaw.com/blog/category/nursing-home-abuse/,2026-09-29,0,2,0,32.5
https://rodenlaw.com/blog/category/nursing-home-abuse/,2026-10-02,0,1,0,5
https://rodenlaw.com/blog/category/nursing-home-abuse/,2026-10-05,0,2,0,32.5
https://rodenlaw.com/blog/category/pedestrian-accident/,2026-09-24,0,6,0,24.83
https://rodenlaw.com/blog/category/pedestrian-accident/,2026-09-25,0,16,0,13.56
https://rodenlaw.com/blog/category/pedestrian-accident/,2026-09-26,0,15,0,12.33
https://rodenlaw.com/blog/category/pedestrian-accident/,2026-09-27,0,19,0,14.21
https://rodenlaw.com/blog/category/pedestrian-accident/,2026-09-28,0,16,0,15.94
https://rodenlaw.com/blog/category/pedestrian-accident/,2026-09-29,0,13,0,14.54
https://rodenlaw.com/blog/category/pedestrian-accident/,2026-09-30,0,22,0,9.64
https://rodenlaw.com/blog/category/pedestrian-accident/,2026-10-01,0,5,0,12.6
https://rodenlaw.com/blog/category/pedestrian-accident/,2026-10-02,0,11,0,26.36
https://rodenlaw.com/blog/category/pedestrian-accident/,2026-10-03,0,30,0,13.1
https://rodenlaw.com/blog/category/pedestrian-accident/,2026-10-04,0,15,0,9.67
https://rodenlaw.com/blog/category/pedestrian-accident/,2026-10-05,0,9,0,15.78
https://rodenlaw.com/blog/category/personal-injury/,2026-09-28,0,4,0,62.5
https://rodenlaw.com/blog/category/personal-injury/,2026-09-29,0,2,0,7
https://rodenlaw.com/blog/category/personal-injury/,2026-09-30,0,5,0,6
https://rodenlaw.com/blog/category/personal-injury/,2026-10-01,0,1,0,9
https://rodenlaw.com/blog/category/personal-injury/,2026-10-02,0,1,0,53
https://rodenlaw.com/blog/category/personal-injury/,2026-10-03,0,2,0,38
https://rodenlaw.com/blog/category/personal-injury/page/2/,2026-09-20,0,1,0,9
https://rodenlaw.com/blog/category/personal-injury/page/2/,2026-09-22,0,2,0,20
https://rodenlaw.com/blog/category/personal-injury/page/2/,2026-09-24,0,6,0,14.67
https://rodenlaw.com/blog/category/personal-injury/page/2/,2026-09-25,0,7,0,16.14
https://rodenlaw.com/blog/category/personal-injury/page/2/,2026-09-27,0,2,0,10
https://rodenlaw.com/blog/category/personal-injury/page/2/,2026-09-28,0,3,0,4.67
https://rodenlaw.com/blog/category/personal-injury/page/2/,2026-09-30,0,1,0,16
https://rodenlaw.com/blog/category/personal-injury/page/2/,2026-10-03,0,6,0,12.17
https://rodenlaw.com/blog/category/personal-injury/page/3/,2026-09-25,0,1,0,67
https://rodenlaw.com/blog/category/rideshare-accident/,2026-09-15,0,1,0,6
https://rodenlaw.com/blog/category/rideshare-accident/,2026-09-19,0,1,0,20
https://rodenlaw.com/blog/category/scooter-accident/,2026-10-03,0,5,0,34.2
https://rodenlaw.com/blog/category/scooter-accident/,2026-10-04,0,1,0,9
https://rodenlaw.com/blog/category/scooter-accident/,2026-10-05,0,3,0,58
https://rodenlaw.com/blog/category/truck-accident/,2026-09-20,0,2,0,13.5
https://rodenlaw.com/blog/category/truck-accident/,2026-09-24,0,1,0,17
https://rodenlaw.com/blog/category/truck-accident/,2026-09-25,0,6,0,6.17
https://rodenlaw.com/blog/category/truck-accident/,2026-09-26,0,7,0,13.43
https://rodenlaw.com/blog/category/truck-accident/,2026-09-27,0,9,0,11.78
https://rodenlaw.com/blog/category/truck-accident/,2026-09-28,0,17,0,12.41
https://rodenlaw.com/blog/category/truck-accident/,2026-09-29,0,17,0,7.18
https://rodenlaw.com/blog/category/truck-accident/,2026-09-30,0,5,0,10.8
https://rodenlaw.com/blog/category/truck-accident/,2026-10-01,0,2,0,18.5
https://rodenlaw.com/blog/category/truck-accident/,2026-10-02,0,4,0,9.5
https://rodenlaw.com/blog/category/truck-accident/,2026-10-03,0,8,0,13.88
https://rodenlaw.com/blog/category/truck-accident/,2026-10-04,0,1,0,10
https://rodenlaw.com/blog/category/truck-accident/,2026-10-05,0,4,0,14.75
https://rodenlaw.com/blog/category/uncategorized/,2026-09-30,0,1,0,10
https://rodenlaw.com/blog/cayce-12th-street-uninsured-motorist-lawyer/,2026-09-19,0,1,0,17
https://rodenlaw.com/blog/cayce-12th-street-uninsured-motorist-lawyer/,2026-09-27,0,1,0,9
https://rodenlaw.com/blog/cayce-12th-street-uninsured-motorist-lawyer/,2026-09-30,0,1,0,9
https://rodenlaw.com/blog/certification-of-permanent-injury/,2026-09-15,0,5,0,7.8
https://rodenlaw.com/blog/certification-of-permanent-injury/,2026-09-16,0,1,0,10
https://rodenlaw.com/blog/certification-of-permanent-injury/,2026-09-17,0,2,0,16.5
https://rodenlaw.com/blog/certification-of-permanent-injury/,2026-09-18,0,1,0,5
https://rodenlaw.com/blog/certification-of-permanent-injury/,2026-09-19,0,1,0,5
https://rodenlaw.com/blog/certification-of-permanent-injury/,2026-09-20,0,1,0,10
https://rodenlaw.com/blog/certification-of-permanent-injury/,2026-09-21,0,2,0,8
https://rodenlaw.com/blog/certification-of-permanent-injury/,2026-09-23,0,2,0,27
https://rodenlaw.com/blog/certification-of-permanent-injury/,2026-09-24,0,2,0,5
https://rodenlaw.com/blog/certification-of-permanent-injury/,2026-09-25,0,2,0,6
https://rodenlaw.com/blog/certification-of-permanent-injury/,2026-09-26,0,3,0,8
https://rodenlaw.com/blog/certification-of-permanent-injury/,2026-09-29,0,2,0,3.5
https://rodenlaw.com/blog/certification-of-permanent-injury/,2026-09-30,0,6,0,14.83
https://rodenlaw.com/blog/certification-of-permanent-injury/,2026-10-01,0,5,0,4.8
https://rodenlaw.com/blog/certification-of-permanent-injury/,2026-10-02,0,2,0,3.5
https://rodenlaw.com/blog/certification-of-permanent-injury/,2026-10-04,0,2,0,1
https://rodenlaw.com/blog/certification-of-permanent-injury/#certification-process,2026-10-01,0,2,0,7
https://rodenlaw.com/blog/certification-of-permanent-injury/#certification-process,2026-10-02,0,1,0,5
https://rodenlaw.com/blog/certification-of-permanent-injury/#ga-sc-rules,2026-09-30,0,2,0,7
https://rodenlaw.com/blog/certification-of-permanent-injury/#ga-sc-rules,2026-10-01,0,2,0,7
https://rodenlaw.com/blog/certification-of-permanent-injury/#ga-sc-rules,2026-10-02,0,1,0,5
https://rodenlaw.com/blog/certification-of-permanent-injury/#proving-permanence,2026-10-01,0,2,0,7
https://rodenlaw.com/blog/certification-of-permanent-injury/#proving-permanence,2026-10-02,0,1,0,5
https://rodenlaw.com/blog/certification-of-permanent-injury/#types-of-permanent-injuries,2026-10-01,0,2,0,7
https://rodenlaw.com/blog/certification-of-permanent-injury/#types-of-permanent-injuries,2026-10-02,0,1,0,5
https://rodenlaw.com/blog/certification-of-permanent-injury/#what-is-certification,2026-09-30,0,2,0,7
https://rodenlaw.com/blog/certification-of-permanent-injury/#what-is-certification,2026-10-01,0,2,0,7
https://rodenlaw.com/blog/certification-of-permanent-injury/#what-is-certification,2026-10-02,0,1,0,5
https://rodenlaw.com/blog/certification-of-permanent-injury/#why-certification-matters,2026-10-01,0,2,0,7
https://rodenlaw.com/blog/certification-of-permanent-injury/#why-certification-matters,2026-10-02,0,1,0,5
https://rodenlaw.com/blog/changing-workers-comp-doctors-in-georgia/,2026-09-15,0,3,0,9.33
https://rodenlaw.com/blog/changing-workers-comp-doctors-in-georgia/,2026-09-16,0,5,0,17.4
https://rodenlaw.com/blog/changing-workers-comp-doctors-in-georgia/,2026-09-17,0,4,0,16
https://rodenlaw.com/blog/changing-workers-comp-doctors-in-georgia/,2026-09-18,0,6,0,29.17
https://rodenlaw.com/blog/changing-workers-comp-doctors-in-georgia/,2026-09-19,0,1,0,5
https://rodenlaw.com/blog/changing-workers-comp-doctors-in-georgia/,2026-09-21,0,3,0,6.67
https://rodenlaw.com/blog/changing-workers-comp-doctors-in-georgia/,2026-09-22,0,2,0,5
https://rodenlaw.com/blog/changing-workers-comp-doctors-in-georgia/,2026-09-23,0,2,0,43
https://rodenlaw.com/blog/changing-workers-comp-doctors-in-georgia/,2026-09-24,0,3,0,15.33
https://rodenlaw.com/blog/changing-workers-comp-doctors-in-georgia/,2026-09-25,0,5,0,15.2
https://rodenlaw.com/blog/changing-workers-comp-doctors-in-georgia/,2026-09-26,0,2,0,30
https://rodenlaw.com/blog/changing-workers-comp-doctors-in-georgia/,2026-09-28,0,2,0,28
https://rodenlaw.com/blog/changing-workers-comp-doctors-in-georgia/,2026-09-29,0,1,0,2
https://rodenlaw.com/blog/changing-workers-comp-doctors-in-georgia/,2026-10-01,0,2,0,11.5
https://rodenlaw.com/blog/changing-workers-comp-doctors-in-georgia/,2026-10-02,0,1,0,9
https://rodenlaw.com/blog/changing-workers-comp-doctors-in-georgia/,2026-10-03,0,1,0,7
https://rodenlaw.com/blog/changing-workers-comp-doctors-in-georgia/,2026-10-04,0,2,0,16
https://rodenlaw.com/blog/changing-workers-comp-doctors-in-georgia/,2026-10-05,0,1,0,6
https://rodenlaw.com/blog/charleston-car-crash-brain-injuries/,2026-09-18,0,1,0,36
https://rodenlaw.com/blog/charleston-car-crash-brain-injuries/,2026-09-24,0,1,0,6
https://rodenlaw.com/blog/charleston-car-crash-brain-injuries/,2026-09-25,0,4,0,44.25
https://rodenlaw.com/blog/charleston-car-crash-brain-injuries/,2026-09-26,0,3,0,93
https://rodenlaw.com/blog/charleston-car-crash-brain-injuries/,2026-09-27,0,4,0,9.5
https://rodenlaw.com/blog/charleston-car-crash-brain-injuries/,2026-09-28,0,4,0,37.5
https://rodenlaw.com/blog/charleston-car-crash-brain-injuries/,2026-09-29,0,8,0,25.62
https://rodenlaw.com/blog/charleston-car-crash-brain-injuries/,2026-09-30,0,1,0,12
https://rodenlaw.com/blog/charleston-car-crash-brain-injuries/,2026-10-01,0,1,0,9
https://rodenlaw.com/blog/charleston-car-crash-brain-injuries/,2026-10-02,0,2,0,76.5
https://rodenlaw.com/blog/charleston-car-crash-brain-injuries/,2026-10-03,0,4,0,52.25
https://rodenlaw.com/blog/charleston-car-crash-brain-injuries/,2026-10-05,0,4,0,65.25
https://rodenlaw.com/blog/charleston-delivery-truck-pedestrian-cyclist-accidents/,2026-09-15,0,1,0,10
https://rodenlaw.com/blog/charleston-delivery-truck-pedestrian-cyclist-accidents/,2026-09-28,0,1,0,9
https://rodenlaw.com/blog/charleston-historic-sidewalk-slip-fall-city-liable/,2026-09-15,0,5,0,6.6
https://rodenlaw.com/blog/charleston-historic-sidewalk-slip-fall-city-liable/,2026-09-17,0,6,0,7.5
https://rodenlaw.com/blog/charleston-historic-sidewalk-slip-fall-city-liable/,2026-09-18,0,4,0,3.5
https://rodenlaw.com/blog/charleston-historic-sidewalk-slip-fall-city-liable/,2026-09-19,0,1,0,10
https://rodenlaw.com/blog/charleston-historic-sidewalk-slip-fall-city-liable/,2026-09-20,0,3,0,2.67
https://rodenlaw.com/blog/charleston-historic-sidewalk-slip-fall-city-liable/,2026-09-21,0,13,0,5.46
https://rodenlaw.com/blog/charleston-historic-sidewalk-slip-fall-city-liable/,2026-09-22,0,7,0,8.57
https://rodenlaw.com/blog/charleston-historic-sidewalk-slip-fall-city-liable/,2026-09-23,0,7,0,7.57
https://rodenlaw.com/blog/charleston-historic-sidewalk-slip-fall-city-liable/,2026-09-24,0,6,0,8
https://rodenlaw.com/blog/charleston-historic-sidewalk-slip-fall-city-liable/,2026-09-25,0,5,0,5.6
https://rodenlaw.com/blog/charleston-historic-sidewalk-slip-fall-city-liable/,2026-09-26,0,3,0,5.67
https://rodenlaw.com/blog/charleston-historic-sidewalk-slip-fall-city-liable/,2026-09-27,0,6,0,20.67
https://rodenlaw.com/blog/charleston-historic-sidewalk-slip-fall-city-liable/,2026-09-28,0,5,0,5.4
https://rodenlaw.com/blog/charleston-historic-sidewalk-slip-fall-city-liable/,2026-09-29,0,1,0,12
https://rodenlaw.com/blog/charleston-historic-sidewalk-slip-fall-city-liable/,2026-09-30,0,4,0,10.25
https://rodenlaw.com/blog/charleston-historic-sidewalk-slip-fall-city-liable/,2026-10-03,0,5,0,7
https://rodenlaw.com/blog/charleston-historic-sidewalk-slip-fall-city-liable/,2026-10-05,0,1,0,12
https://rodenlaw.com/blog/charleston-lyft-driver-ran-red-light-and-hit-my-car/,2026-09-15,0,1,0,8
https://rodenlaw.com/blog/charleston-lyft-driver-ran-red-light-and-hit-my-car/,2026-09-16,0,1,0,8
https://rodenlaw.com/blog/charleston-lyft-driver-ran-red-light-and-hit-my-car/,2026-09-17,0,2,0,8
https://rodenlaw.com/blog/charleston-lyft-driver-ran-red-light-and-hit-my-car/,2026-09-23,0,1,0,72
https://rodenlaw.com/blog/charleston-lyft-driver-ran-red-light-and-hit-my-car/,2026-09-24,0,2,0,8.5
https://rodenlaw.com/blog/charleston-lyft-driver-ran-red-light-and-hit-my-car/,2026-09-25,0,6,0,5.67
https://rodenlaw.com/blog/charleston-lyft-driver-ran-red-light-and-hit-my-car/,2026-09-26,0,6,0,3.83
https://rodenlaw.com/blog/charleston-lyft-driver-ran-red-light-and-hit-my-car/,2026-09-27,0,6,0,4.5
https://rodenlaw.com/blog/charleston-lyft-driver-ran-red-light-and-hit-my-car/,2026-09-28,0,12,0,9.25
https://rodenlaw.com/blog/charleston-lyft-driver-ran-red-light-and-hit-my-car/,2026-09-29,0,13,0,5.92
https://rodenlaw.com/blog/charleston-lyft-driver-ran-red-light-and-hit-my-car/,2026-09-30,0,3,0,4
https://rodenlaw.com/blog/charleston-lyft-driver-ran-red-light-and-hit-my-car/,2026-10-01,0,3,0,6.33
https://rodenlaw.com/blog/charleston-lyft-driver-ran-red-light-and-hit-my-car/,2026-10-02,0,3,0,2
https://rodenlaw.com/blog/charleston-lyft-driver-ran-red-light-and-hit-my-car/,2026-10-03,0,6,0,8.83
https://rodenlaw.com/blog/charleston-lyft-driver-ran-red-light-and-hit-my-car/,2026-10-04,0,1,0,2
https://rodenlaw.com/blog/charleston-medical-malpractice-hospital-claim-south-carolina/,2026-09-15,0,12,0,39.33
https://rodenlaw.com/blog/charleston-medical-malpractice-hospital-claim-south-carolina/,2026-09-16,0,26,0,31.65
https://rodenlaw.com/blog/charleston-medical-malpractice-hospital-claim-south-carolina/,2026-09-17,0,17,0,28.06
https://rodenlaw.com/blog/charleston-medical-malpractice-hospital-claim-south-carolina/,2026-09-18,0,8,0,15.5
https://rodenlaw.com/blog/charleston-medical-malpractice-hospital-claim-south-carolina/,2026-09-19,0,8,0,14.12
https://rodenlaw.com/blog/charleston-medical-malpractice-hospital-claim-south-carolina/,2026-09-20,0,2,0,49.5
https://rodenlaw.com/blog/charleston-medical-malpractice-hospital-claim-south-carolina/,2026-09-21,0,13,0,13.62
https://rodenlaw.com/blog/charleston-medical-malpractice-hospital-claim-south-carolina/,2026-09-22,0,22,0,12.27
https://rodenlaw.com/blog/charleston-medical-malpractice-hospital-claim-south-carolina/,2026-09-23,0,11,0,19.18
https://rodenlaw.com/blog/charleston-medical-malpractice-hospital-claim-south-carolina/,2026-09-24,0,8,0,32
https://rodenlaw.com/blog/charleston-medical-malpractice-hospital-claim-south-carolina/,2026-09-25,0,8,0,26.5
https://rodenlaw.com/blog/charleston-medical-malpractice-hospital-claim-south-carolina/,2026-09-26,0,13,0,20.46
https://rodenlaw.com/blog/charleston-medical-malpractice-hospital-claim-south-carolina/,2026-09-27,0,8,0,31
https://rodenlaw.com/blog/charleston-medical-malpractice-hospital-claim-south-carolina/,2026-09-28,0,12,0,16.08
https://rodenlaw.com/blog/charleston-medical-malpractice-hospital-claim-south-carolina/,2026-09-29,0,7,0,18.43
https://rodenlaw.com/blog/charleston-medical-malpractice-hospital-claim-south-carolina/,2026-09-30,0,5,0,43.8
https://rodenlaw.com/blog/charleston-medical-malpractice-hospital-claim-south-carolina/,2026-10-01,0,13,0,63.77
https://rodenlaw.com/blog/charleston-medical-malpractice-hospital-claim-south-carolina/,2026-10-02,0,8,0,42
https://rodenlaw.com/blog/charleston-medical-malpractice-hospital-claim-south-carolina/,2026-10-03,0,7,0,46.14
https://rodenlaw.com/blog/charleston-medical-malpractice-hospital-claim-south-carolina/,2026-10-04,0,1,0,6
https://rodenlaw.com/blog/charleston-medical-malpractice-hospital-claim-south-carolina/,2026-10-05,0,2,0,66.5
https://rodenlaw.com/blog/charleston-parking-lot-car-accident-liability/,2026-09-15,0,2,0,43.5
https://rodenlaw.com/blog/charleston-parking-lot-car-accident-liability/,2026-09-16,0,1,0,11
https://rodenlaw.com/blog/charleston-parking-lot-car-accident-liability/,2026-09-19,0,1,0,79
https://rodenlaw.com/blog/charleston-parking-lot-car-accident-liability/,2026-09-20,0,2,0,41
https://rodenlaw.com/blog/charleston-parking-lot-car-accident-liability/,2026-09-22,0,1,0,7
https://rodenlaw.com/blog/charleston-parking-lot-car-accident-liability/,2026-09-23,0,1,0,3
https://rodenlaw.com/blog/charleston-parking-lot-car-accident-liability/,2026-09-24,0,1,0,12
https://rodenlaw.com/blog/charleston-parking-lot-car-accident-liability/,2026-09-26,0,6,0,22.17
https://rodenlaw.com/blog/charleston-parking-lot-car-accident-liability/,2026-09-27,0,2,0,13.5
https://rodenlaw.com/blog/charleston-parking-lot-car-accident-liability/,2026-09-28,0,3,0,38.33
https://rodenlaw.com/blog/charleston-parking-lot-car-accident-liability/,2026-09-29,0,1,0,39
https://rodenlaw.com/blog/charleston-parking-lot-car-accident-liability/,2026-10-02,0,2,0,66
https://rodenlaw.com/blog/charleston-parking-lot-car-accident-liability/,2026-10-03,0,2,0,38.5
https://rodenlaw.com/blog/charleston-parking-lot-car-accident-liability/,2026-10-05,0,1,0,2
https://rodenlaw.com/blog/charleston-parking-lot-parking-garage-accident/,2026-09-15,0,16,0,9.06
https://rodenlaw.com/blog/charleston-parking-lot-parking-garage-accident/,2026-09-16,0,21,0,11.19
https://rodenlaw.com/blog/charleston-parking-lot-parking-garage-accident/,2026-09-17,0,22,0,9.64
https://rodenlaw.com/blog/charleston-parking-lot-parking-garage-accident/,2026-09-18,0,6,0,7
https://rodenlaw.com/blog/charleston-parking-lot-parking-garage-accident/,2026-09-19,0,12,0,8.08
https://rodenlaw.com/blog/charleston-parking-lot-parking-garage-accident/,2026-09-20,0,10,0,9
https://rodenlaw.com/blog/charleston-parking-lot-parking-garage-accident/,2026-09-21,0,14,0,7.5
https://rodenlaw.com/blog/charleston-parking-lot-parking-garage-accident/,2026-09-22,0,12,0,10.08
https://rodenlaw.com/blog/charleston-parking-lot-parking-garage-accident/,2026-09-23,0,9,0,7.89
https://rodenlaw.com/blog/charleston-parking-lot-parking-garage-accident/,2026-09-24,0,16,0,8
https://rodenlaw.com/blog/charleston-parking-lot-parking-garage-accident/,2026-09-25,0,5,0,7.4
https://rodenlaw.com/blog/charleston-parking-lot-parking-garage-accident/,2026-09-26,0,4,0,6.75
https://rodenlaw.com/blog/charleston-parking-lot-parking-garage-accident/,2026-09-27,0,2,0,8.5
https://rodenlaw.com/blog/charleston-parking-lot-parking-garage-accident/,2026-09-28,0,4,0,12.5
https://rodenlaw.com/blog/charleston-parking-lot-parking-garage-accident/,2026-09-29,0,15,0,18.07
https://rodenlaw.com/blog/charleston-parking-lot-parking-garage-accident/,2026-09-30,0,20,0,17.8
https://rodenlaw.com/blog/charleston-parking-lot-parking-garage-accident/,2026-10-01,0,13,0,14.92
https://rodenlaw.com/blog/charleston-parking-lot-parking-garage-accident/,2026-10-02,0,11,0,10.55
https://rodenlaw.com/blog/charleston-parking-lot-parking-garage-accident/,2026-10-03,0,13,0,18.69
https://rodenlaw.com/blog/charleston-parking-lot-parking-garage-accident/,2026-10-04,0,7,0,9.57
https://rodenlaw.com/blog/charleston-parking-lot-parking-garage-accident/,2026-10-05,0,3,0,5.67
https://rodenlaw.com/blog/charleston-parking-lot-parking-garage-accident/#common-scenarios,2026-09-15,0,1,0,8
https://rodenlaw.com/blog/charleston-parking-lot-parking-garage-accident/#common-scenarios,2026-09-17,0,2,0,6.5
https://rodenlaw.com/blog/charleston-parking-lot-parking-garage-accident/#fault-in-parking-lots,2026-09-15,0,1,0,8
https://rodenlaw.com/blog/charleston-parking-lot-parking-garage-accident/#fault-in-parking-lots,2026-09-17,0,2,0,6.5
https://rodenlaw.com/blog/charleston-parking-lot-parking-garage-accident/#parking-lot-accidents-charleston,2026-09-15,0,1,0,8
https://rodenlaw.com/blog/charleston-parking-lot-parking-garage-accident/#parking-lot-accidents-charleston,2026-09-17,0,1,0,9
https://rodenlaw.com/blog/charleston-parking-lot-parking-garage-accident/#pedestrian-strikes,2026-09-15,0,1,0,8
https://rodenlaw.com/blog/charleston-parking-lot-parking-garage-accident/#pedestrian-strikes,2026-09-17,0,1,0,9
https://rodenlaw.com/blog/charleston-parking-lot-parking-garage-accident/#police-reports,2026-09-15,0,1,0,8
https://rodenlaw.com/blog/charleston-parking-lot-parking-garage-accident/#police-reports,2026-09-17,0,1,0,9
https://rodenlaw.com/blog/charleston-parking-lot-parking-garage-accident/#premises-liability,2026-09-15,0,1,0,8
https://rodenlaw.com/blog/charleston-parking-lot-parking-garage-accident/#premises-liability,2026-09-17,0,1,0,9
https://rodenlaw.com/blog/charleston-parking-lot-parking-garage-accident/#private-property-rules,2026-09-15,0,1,0,8
https://rodenlaw.com/blog/charleston-parking-lot-parking-garage-accident/#private-property-rules,2026-09-17,0,1,0,9
https://rodenlaw.com/blog/charleston-reckless-driving-crash/,2026-09-18,0,2,0,91.5
https://rodenlaw.com/blog/charleston-reckless-driving-crash/,2026-09-19,0,1,0,100
https://rodenlaw.com/blog/charleston-reckless-driving-crash/,2026-09-21,0,1,0,84
https://rodenlaw.com/blog/charleston-reckless-driving-crash/,2026-09-23,0,1,0,4
https://rodenlaw.com/blog/charleston-reckless-driving-crash/,2026-09-25,0,2,0,51.5
https://rodenlaw.com/blog/charleston-reckless-driving-crash/,2026-09-27,0,1,0,19
https://rodenlaw.com/blog/charleston-reckless-driving-crash/,2026-09-28,0,2,0,8.5
https://rodenlaw.com/blog/charleston-reckless-driving-crash/,2026-09-30,0,1,0,11
https://rodenlaw.com/blog/charleston-reckless-driving-crash/,2026-10-01,0,1,0,46
https://rodenlaw.com/blog/charleston-reckless-driving-crash/,2026-10-03,0,1,0,85
https://rodenlaw.com/blog/charleston-rideshare-brake-failure-accident/,2026-09-15,0,1,0,10
https://rodenlaw.com/blog/charleston-rideshare-brake-failure-accident/,2026-09-17,0,2,0,5
https://rodenlaw.com/blog/charleston-rideshare-brake-failure-accident/,2026-09-18,0,1,0,10
https://rodenlaw.com/blog/charleston-rideshare-brake-failure-accident/,2026-09-24,0,1,0,2
https://rodenlaw.com/blog/charleston-rideshare-brake-failure-accident/,2026-09-26,0,2,0,8
https://rodenlaw.com/blog/charleston-rideshare-brake-failure-accident/,2026-10-02,0,1,0,7
https://rodenlaw.com/blog/charleston-rideshare-brake-failure-accident/,2026-10-04,0,1,0,5
https://rodenlaw.com/blog/charleston-tourist-injuries-premises-liability-hotels-restaurants/,2026-09-28,0,1,0,6
https://rodenlaw.com/blog/charleston-tourist-injuries-premises-liability-hotels-restaurants/,2026-09-29,0,5,0,7.2
https://rodenlaw.com/blog/charleston-tourist-injuries-premises-liability-hotels-restaurants/,2026-10-01,0,1,0,1
https://rodenlaw.com/blog/chicora-cherokee-carner-avenue-us-52-car-accident-attorney-north-charleston/,2026-09-20,0,1,0,4
https://rodenlaw.com/blog/chicora-cherokee-carner-avenue-us-52-car-accident-attorney-north-charleston/,2026-09-21,0,1,0,10
https://rodenlaw.com/blog/chicora-cherokee-carner-avenue-us-52-car-accident-attorney-north-charleston/,2026-09-24,0,1,0,7
https://rodenlaw.com/blog/chicora-cherokee-carner-avenue-us-52-car-accident-attorney-north-charleston/,2026-09-28,0,1,0,11
https://rodenlaw.com/blog/chicora-cherokee-carner-avenue-us-52-car-accident-attorney-north-charleston/,2026-09-29,0,1,0,8
https://rodenlaw.com/blog/child-passenger-automobile-safety-georgia/,2026-09-15,0,1,0,59
https://rodenlaw.com/blog/child-passenger-automobile-safety-georgia/,2026-09-16,0,2,0,57
https://rodenlaw.com/blog/child-passenger-automobile-safety-georgia/,2026-09-17,0,1,0,9
https://rodenlaw.com/blog/child-passenger-automobile-safety-georgia/,2026-09-22,0,2,0,31
https://rodenlaw.com/blog/child-passenger-automobile-safety-georgia/,2026-09-27,0,3,0,19.67
https://rodenlaw.com/blog/child-passenger-automobile-safety-georgia/,2026-09-28,0,3,0,2.67
https://rodenlaw.com/blog/child-passenger-automobile-safety-georgia/,2026-09-30,0,1,0,59
https://rodenlaw.com/blog/child-passenger-automobile-safety-georgia/,2026-10-02,0,1,0,8
https://rodenlaw.com/blog/child-passenger-automobile-safety-georgia/,2026-10-03,0,1,0,5
https://rodenlaw.com/blog/choking-at-nursing-homes/,2026-09-15,0,5,0,19.4
https://rodenlaw.com/blog/choking-at-nursing-homes/,2026-09-16,0,6,0,53
https://rodenlaw.com/blog/choking-at-nursing-homes/,2026-09-17,0,7,0,6.29
https://rodenlaw.com/blog/choking-at-nursing-homes/,2026-09-18,0,17,0,7.06
https://rodenlaw.com/blog/choking-at-nursing-homes/,2026-09-19,0,3,0,20.33
https://rodenlaw.com/blog/choking-at-nursing-homes/,2026-09-20,0,4,0,8
https://rodenlaw.com/blog/choking-at-nursing-homes/,2026-09-21,0,2,0,7
https://rodenlaw.com/blog/choking-at-nursing-homes/,2026-09-22,0,3,0,8.67
https://rodenlaw.com/blog/choking-at-nursing-homes/,2026-09-23,0,11,0,48.55
https://rodenlaw.com/blog/choking-at-nursing-homes/,2026-09-24,0,5,0,20.6
https://rodenlaw.com/blog/choking-at-nursing-homes/,2026-09-25,0,11,0,51.27
https://rodenlaw.com/blog/choking-at-nursing-homes/,2026-09-26,0,5,0,11.8
https://rodenlaw.com/blog/choking-at-nursing-homes/,2026-09-27,0,2,0,4.5
https://rodenlaw.com/blog/choking-at-nursing-homes/,2026-09-28,0,5,0,37
https://rodenlaw.com/blog/choking-at-nursing-homes/,2026-09-29,0,7,0,5.57
https://rodenlaw.com/blog/choking-at-nursing-homes/,2026-09-30,0,8,0,26.5
https://rodenlaw.com/blog/choking-at-nursing-homes/,2026-10-01,0,1,0,8
https://rodenlaw.com/blog/choking-at-nursing-homes/,2026-10-02,0,3,0,5.67
https://rodenlaw.com/blog/choking-at-nursing-homes/,2026-10-03,0,1,0,79
https://rodenlaw.com/blog/choking-at-nursing-homes/,2026-10-04,0,2,0,7.5
https://rodenlaw.com/blog/choking-at-nursing-homes/,2026-10-05,0,1,0,4
https://rodenlaw.com/blog/choosing-your-personal-injury-lawyer/,2026-09-17,0,4,0,9
https://rodenlaw.com/blog/choosing-your-personal-injury-lawyer/,2026-09-18,0,1,0,12
https://rodenlaw.com/blog/choosing-your-personal-injury-lawyer/,2026-09-20,0,1,0,7
https://rodenlaw.com/blog/choosing-your-personal-injury-lawyer/,2026-09-21,0,2,0,7.5
https://rodenlaw.com/blog/choosing-your-personal-injury-lawyer/,2026-09-24,0,3,0,5.67
https://rodenlaw.com/blog/choosing-your-personal-injury-lawyer/,2026-09-28,0,1,0,8
https://rodenlaw.com/blog/choosing-your-personal-injury-lawyer/,2026-09-29,0,5,0,9.4
https://rodenlaw.com/blog/choosing-your-personal-injury-lawyer/,2026-09-30,0,6,0,9.5
https://rodenlaw.com/blog/choosing-your-personal-injury-lawyer/,2026-10-01,0,1,0,8
https://rodenlaw.com/blog/choosing-your-personal-injury-lawyer/,2026-10-04,0,1,0,5
https://rodenlaw.com/blog/claims-against-at-fault-drivers-who-died/,2026-09-15,0,23,0,7.35
https://rodenlaw.com/blog/claims-against-at-fault-drivers-who-died/,2026-09-16,0,7,0,6.71
https://rodenlaw.com/blog/claims-against-at-fault-drivers-who-died/,2026-09-17,0,11,0,5.73
https://rodenlaw.com/blog/claims-against-at-fault-drivers-who-died/,2026-09-18,0,11,0,11
https://rodenlaw.com/blog/claims-against-at-fault-drivers-who-died/,2026-09-19,0,7,0,3.29
https://rodenlaw.com/blog/claims-against-at-fault-drivers-who-died/,2026-09-20,0,7,0,3.71
https://rodenlaw.com/blog/claims-against-at-fault-drivers-who-died/,2026-09-21,0,8,0,4.25
https://rodenlaw.com/blog/claims-against-at-fault-drivers-who-died/,2026-09-22,0,7,0,6
https://rodenlaw.com/blog/claims-against-at-fault-drivers-who-died/,2026-09-23,0,8,0,5.62
https://rodenlaw.com/blog/claims-against-at-fault-drivers-who-died/,2026-09-24,0,12,0,4.42
https://rodenlaw.com/blog/claims-against-at-fault-drivers-who-died/,2026-09-25,0,12,0,5.58
https://rodenlaw.com/blog/claims-against-at-fault-drivers-who-died/,2026-09-26,0,16,0,19.94
https://rodenlaw.com/blog/claims-against-at-fault-drivers-who-died/,2026-09-27,0,7,0,6.86
https://rodenlaw.com/blog/claims-against-at-fault-drivers-who-died/,2026-09-28,0,6,0,6.33
https://rodenlaw.com/blog/claims-against-at-fault-drivers-who-died/,2026-09-30,0,8,0,4.5
https://rodenlaw.com/blog/claims-against-at-fault-drivers-who-died/,2026-10-01,0,3,0,4.67
https://rodenlaw.com/blog/claims-against-at-fault-drivers-who-died/,2026-10-03,0,2,0,5.5
https://rodenlaw.com/blog/claims-against-at-fault-drivers-who-died/,2026-10-04,0,2,0,9.5
https://rodenlaw.com/blog/claims-against-at-fault-drivers-who-died/#can-you-still-file,2026-09-15,0,3,0,2
https://rodenlaw.com/blog/claims-against-at-fault-drivers-who-died/#can-you-still-file,2026-09-16,0,3,0,5
https://rodenlaw.com/blog/claims-against-at-fault-drivers-who-died/#can-you-still-file,2026-09-17,0,3,0,4.33
https://rodenlaw.com/blog/claims-against-at-fault-drivers-who-died/#can-you-still-file,2026-09-18,0,3,0,2
https://rodenlaw.com/blog/claims-against-at-fault-drivers-who-died/#can-you-still-file,2026-09-19,0,3,0,4.67
https://rodenlaw.com/blog/claims-against-at-fault-drivers-who-died/#can-you-still-file,2026-09-20,0,2,0,2
https://rodenlaw.com/blog/claims-against-at-fault-drivers-who-died/#can-you-still-file,2026-09-22,0,2,0,4.5
https://rodenlaw.com/blog/claims-against-at-fault-drivers-who-died/#can-you-still-file,2026-09-24,0,1,0,4
https://rodenlaw.com/blog/claims-against-at-fault-drivers-who-died/#can-you-still-file,2026-09-25,0,2,0,4
https://rodenlaw.com/blog/claims-against-at-fault-drivers-who-died/#can-you-still-file,2026-09-26,0,3,0,3.67
https://rodenlaw.com/blog/claims-against-at-fault-drivers-who-died/#can-you-still-file,2026-09-28,0,2,0,6.5
https://rodenlaw.com/blog/claims-against-at-fault-drivers-who-died/#can-you-still-file,2026-09-29,0,1,0,2
https://rodenlaw.com/blog/claims-against-at-fault-drivers-who-died/#can-you-still-file,2026-09-30,0,2,0,7
https://rodenlaw.com/blog/claims-against-at-fault-drivers-who-died/#can-you-still-file,2026-10-01,0,1,0,4
https://rodenlaw.com/blog/claims-against-at-fault-drivers-who-died/#can-you-still-file,2026-10-02,0,3,0,4.67
https://rodenlaw.com/blog/claims-against-at-fault-drivers-who-died/#insurance-claim,2026-09-15,0,3,0,2
https://rodenlaw.com/blog/claims-against-at-fault-drivers-who-died/#insurance-claim,2026-09-16,0,2,0,5.5
https://rodenlaw.com/blog/claims-against-at-fault-drivers-who-died/#insurance-claim,2026-09-18,0,1,0,2
https://rodenlaw.com/blog/claims-against-at-fault-drivers-who-died/#insurance-claim,2026-09-19,0,1,0,2
https://rodenlaw.com/blog/claims-against-at-fault-drivers-who-died/#insurance-claim,2026-09-20,0,1,0,2
https://rodenlaw.com/blog/claims-against-at-fault-drivers-who-died/#insurance-claim,2026-09-22,0,1,0,5
https://rodenlaw.com/blog/claims-against-at-fault-drivers-who-died/#insurance-claim,2026-09-25,0,1,0,4
https://rodenlaw.com/blog/claims-against-at-fault-drivers-who-died/#insurance-claim,2026-09-26,0,2,0,2
https://rodenlaw.com/blog/claims-against-at-fault-drivers-who-died/#insurance-claim,2026-10-01,0,1,0,4
https://rodenlaw.com/blog/claims-against-at-fault-drivers-who-died/#insurance-claim,2026-10-02,0,1,0,2
https://rodenlaw.com/blog/claims-against-at-fault-drivers-who-died/#probate-process,2026-09-15,0,3,0,2
https://rodenlaw.com/blog/claims-against-at-fault-drivers-who-died/#probate-process,2026-09-16,0,2,0,5.5
https://rodenlaw.com/blog/claims-against-at-fault-drivers-who-died/#probate-process,2026-09-18,0,1,0,2
https://rodenlaw.com/blog/claims-against-at-fault-drivers-who-died/#probate-process,2026-09-19,0,1,0,2
https://rodenlaw.com/blog/claims-against-at-fault-drivers-who-died/#probate-process,2026-09-20,0,1,0,2
https://rodenlaw.com/blog/claims-against-at-fault-drivers-who-died/#probate-process,2026-09-22,0,1,0,5
https://rodenlaw.com/blog/claims-against-at-fault-drivers-who-died/#probate-process,2026-09-25,0,1,0,4
https://rodenlaw.com/blog/claims-against-at-fault-drivers-who-died/#probate-process,2026-09-26,0,2,0,2
https://rodenlaw.com/blog/claims-against-at-fault-drivers-who-died/#probate-process,2026-10-01,0,1,0,4
https://rodenlaw.com/blog/claims-against-at-fault-drivers-who-died/#probate-process,2026-10-02,0,1,0,2
https://rodenlaw.com/blog/claims-against-at-fault-drivers-who-died/#statute-of-limitations,2026-09-15,0,3,0,2
https://rodenlaw.com/blog/claims-against-at-fault-drivers-who-died/#statute-of-limitations,2026-09-16,0,3,0,5
https://rodenlaw.com/blog/claims-against-at-fault-drivers-who-died/#statute-of-limitations,2026-09-17,0,3,0,4.33
https://rodenlaw.com/blog/claims-against-at-fault-drivers-who-died/#statute-of-limitations,2026-09-18,0,3,0,2
https://rodenlaw.com/blog/claims-against-at-fault-drivers-who-died/#statute-of-limitations,2026-09-19,0,3,0,4.67
https://rodenlaw.com/blog/claims-against-at-fault-drivers-who-died/#statute-of-limitations,2026-09-20,0,2,0,2
https://rodenlaw.com/blog/claims-against-at-fault-drivers-who-died/#statute-of-limitations,2026-09-22,0,2,0,4.5
https://rodenlaw.com/blog/claims-against-at-fault-drivers-who-died/#statute-of-limitations,2026-09-24,0,1,0,4
https://rodenlaw.com/blog/claims-against-at-fault-drivers-who-died/#statute-of-limitations,2026-09-25,0,1,0,4
https://rodenlaw.com/blog/claims-against-at-fault-drivers-who-died/#statute-of-limitations,2026-09-26,0,3,0,3.67
https://rodenlaw.com/blog/claims-against-at-fault-drivers-who-died/#statute-of-limitations,2026-09-28,0,2,0,6.5
https://rodenlaw.com/blog/claims-against-at-fault-drivers-who-died/#statute-of-limitations,2026-09-30,0,2,0,7
https://rodenlaw.com/blog/claims-against-at-fault-drivers-who-died/#statute-of-limitations,2026-10-01,0,1,0,4
https://rodenlaw.com/blog/claims-against-at-fault-drivers-who-died/#statute-of-limitations,2026-10-02,0,3,0,4.67
https://rodenlaw.com/blog/claims-against-at-fault-drivers-who-died/#suing-the-estate,2026-09-15,0,3,0,2
https://rodenlaw.com/blog/claims-against-at-fault-drivers-who-died/#suing-the-estate,2026-09-16,0,2,0,5.5
https://rodenlaw.com/blog/claims-against-at-fault-drivers-who-died/#suing-the-estate,2026-09-18,0,1,0,2
https://rodenlaw.com/blog/claims-against-at-fault-drivers-who-died/#suing-the-estate,2026-09-19,0,1,0,2
https://rodenlaw.com/blog/claims-against-at-fault-drivers-who-died/#suing-the-estate,2026-09-20,0,1,0,2
https://rodenlaw.com/blog/claims-against-at-fault-drivers-who-died/#suing-the-estate,2026-09-22,0,1,0,5
https://rodenlaw.com/blog/claims-against-at-fault-drivers-who-died/#suing-the-estate,2026-09-25,0,1,0,4
https://rodenlaw.com/blog/claims-against-at-fault-drivers-who-died/#suing-the-estate,2026-09-26,0,2,0,2
https://rodenlaw.com/blog/claims-against-at-fault-drivers-who-died/#suing-the-estate,2026-10-01,0,1,0,4
https://rodenlaw.com/blog/claims-against-at-fault-drivers-who-died/#suing-the-estate,2026-10-02,0,1,0,2
https://rodenlaw.com/blog/claims-against-at-fault-drivers-who-died/#um-uim-coverage,2026-09-15,0,3,0,2
https://rodenlaw.com/blog/claims-against-at-fault-drivers-who-died/#um-uim-coverage,2026-09-16,0,2,0,5.5
https://rodenlaw.com/blog/claims-against-at-fault-drivers-who-died/#um-uim-coverage,2026-09-18,0,1,0,2
https://rodenlaw.com/blog/claims-against-at-fault-drivers-who-died/#um-uim-coverage,2026-09-19,0,1,0,2
https://rodenlaw.com/blog/claims-against-at-fault-drivers-who-died/#um-uim-coverage,2026-09-20,0,1,0,2
https://rodenlaw.com/blog/claims-against-at-fault-drivers-who-died/#um-uim-coverage,2026-09-22,0,1,0,5
https://rodenlaw.com/blog/claims-against-at-fault-drivers-who-died/#um-uim-coverage,2026-09-25,0,1,0,4
https://rodenlaw.com/blog/claims-against-at-fault-drivers-who-died/#um-uim-coverage,2026-09-26,0,2,0,2
https://rodenlaw.com/blog/claims-against-at-fault-drivers-who-died/#um-uim-coverage,2026-10-01,0,1,0,4
https://rodenlaw.com/blog/claims-against-at-fault-drivers-who-died/#um-uim-coverage,2026-10-02,0,1,0,2
https://rodenlaw.com/blog/claims-against-at-fault-drivers-who-died/#wrongful-death-crossover,2026-09-15,0,3,0,2
https://rodenlaw.com/blog/claims-against-at-fault-drivers-who-died/#wrongful-death-crossover,2026-09-16,0,2,0,5.5
https://rodenlaw.com/blog/claims-against-at-fault-drivers-who-died/#wrongful-death-crossover,2026-09-18,0,1,0,2
https://rodenlaw.com/blog/claims-against-at-fault-drivers-who-died/#wrongful-death-crossover,2026-09-19,0,1,0,2
https://rodenlaw.com/blog/claims-against-at-fault-drivers-who-died/#wrongful-death-crossover,2026-09-20,0,1,0,2
https://rodenlaw.com/blog/claims-against-at-fault-drivers-who-died/#wrongful-death-crossover,2026-09-22,0,1,0,5
https://rodenlaw.com/blog/claims-against-at-fault-drivers-who-died/#wrongful-death-crossover,2026-09-25,0,2,0,4
https://rodenlaw.com/blog/claims-against-at-fault-drivers-who-died/#wrongful-death-crossover,2026-09-26,0,2,0,2
https://rodenlaw.com/blog/claims-against-at-fault-drivers-who-died/#wrongful-death-crossover,2026-09-29,0,1,0,2
https://rodenlaw.com/blog/claims-against-at-fault-drivers-who-died/#wrongful-death-crossover,2026-10-01,0,1,0,4
https://rodenlaw.com/blog/claims-against-at-fault-drivers-who-died/#wrongful-death-crossover,2026-10-02,0,1,0,2
https://rodenlaw.com/blog/claims-for-lost-wages/,2026-09-15,0,14,0,35.79
https://rodenlaw.com/blog/claims-for-lost-wages/,2026-09-16,0,21,0,21.86
https://rodenlaw.com/blog/claims-for-lost-wages/,2026-09-17,0,16,0,29.12
https://rodenlaw.com/blog/claims-for-lost-wages/,2026-09-18,0,10,0,47.8
https://rodenlaw.com/blog/claims-for-lost-wages/,2026-09-19,0,9,0,43.89
https://rodenlaw.com/blog/claims-for-lost-wages/,2026-09-20,0,4,0,43.75
https://rodenlaw.com/blog/claims-for-lost-wages/,2026-09-21,0,7,0,17.43
https://rodenlaw.com/blog/claims-for-lost-wages/,2026-09-22,0,13,0,41.62
https://rodenlaw.com/blog/claims-for-lost-wages/,2026-09-23,0,6,0,34.33
https://rodenlaw.com/blog/claims-for-lost-wages/,2026-09-24,0,8,0,69.75
https://rodenlaw.com/blog/claims-for-lost-wages/,2026-09-25,0,3,0,38
https://rodenlaw.com/blog/claims-for-lost-wages/,2026-09-26,0,6,0,49.33
https://rodenlaw.com/blog/claims-for-lost-wages/,2026-09-27,0,5,0,54.8
https://rodenlaw.com/blog/claims-for-lost-wages/,2026-09-28,0,9,0,35.44
https://rodenlaw.com/blog/claims-for-lost-wages/,2026-09-29,0,13,0,35.62
https://rodenlaw.com/blog/claims-for-lost-wages/,2026-09-30,0,5,0,23.4
https://rodenlaw.com/blog/claims-for-lost-wages/,2026-10-01,0,5,0,66.8
https://rodenlaw.com/blog/claims-for-lost-wages/,2026-10-02,0,5,0,43.4
https://rodenlaw.com/blog/claims-for-lost-wages/,2026-10-03,0,12,0,14.08
https://rodenlaw.com/blog/claims-for-lost-wages/,2026-10-04,0,6,0,7.67
https://rodenlaw.com/blog/claims-for-lost-wages/,2026-10-05,0,4,0,29.5
https://rodenlaw.com/blog/college-campus-safety-tips-every-student-should-know/,2026-09-15,0,3,0,7.67
https://rodenlaw.com/blog/college-campus-safety-tips-every-student-should-know/,2026-09-16,0,1,0,10
https://rodenlaw.com/blog/college-campus-safety-tips-every-student-should-know/,2026-09-18,0,1,0,17
https://rodenlaw.com/blog/college-campus-safety-tips-every-student-should-know/,2026-09-22,0,1,0,6
https://rodenlaw.com/blog/college-campus-safety-tips-every-student-should-know/,2026-09-24,0,3,0,8.33
https://rodenlaw.com/blog/college-campus-safety-tips-every-student-should-know/,2026-09-25,0,2,0,30.5
https://rodenlaw.com/blog/college-campus-safety-tips-every-student-should-know/,2026-09-26,0,1,0,10
https://rodenlaw.com/blog/college-campus-safety-tips-every-student-should-know/,2026-09-28,0,2,0,24.5
https://rodenlaw.com/blog/college-campus-safety-tips-every-student-should-know/,2026-09-29,0,1,0,5
https://rodenlaw.com/blog/college-campus-safety-tips-every-student-should-know/,2026-10-01,0,2,0,7.5
https://rodenlaw.com/blog/college-campus-safety-tips-every-student-should-know/,2026-10-03,0,1,0,8
https://rodenlaw.com/blog/college-campus-safety-tips-every-student-should-know/,2026-10-04,0,1,0,19
https://rodenlaw.com/blog/columbia-airport-expressway-us-378-truck-accident-springdale-lexington-county/,2026-09-24,0,3,0,22
https://rodenlaw.com/blog/columbia-airport-expressway-us-378-truck-accident-springdale-lexington-county/,2026-09-25,0,2,0,28.5
https://rodenlaw.com/blog/columbia-airport-expressway-us-378-truck-accident-springdale-lexington-county/,2026-09-26,0,1,0,11
https://rodenlaw.com/blog/columbia-airport-expressway-us-378-truck-accident-springdale-lexington-county/,2026-09-28,0,14,0,14.43
https://rodenlaw.com/blog/columbia-airport-expressway-us-378-truck-accident-springdale-lexington-county/,2026-09-29,0,1,0,8
https://rodenlaw.com/blog/columbia-airport-expressway-us-378-truck-accident-springdale-lexington-county/,2026-09-30,0,1,0,7
https://rodenlaw.com/blog/columbia-airport-expressway-us-378-truck-accident-springdale-lexington-county/,2026-10-02,0,1,0,24
https://rodenlaw.com/blog/columbia-airport-expressway-us-378-truck-accident-springdale-lexington-county/,2026-10-04,0,2,0,13.5
https://rodenlaw.com/blog/columbia-airport-expressway-us-378-truck-accident-springdale-lexington-county/,2026-10-05,0,2,0,13.5
https://rodenlaw.com/blog/columbia-dangerous-intersections-roads/,2026-09-15,0,14,0,6.5
https://rodenlaw.com/blog/columbia-dangerous-intersections-roads/,2026-09-17,0,16,0,9
https://rodenlaw.com/blog/columbia-dangerous-intersections-roads/,2026-09-18,0,22,0,6.73
https://rodenlaw.com/blog/columbia-dangerous-intersections-roads/,2026-09-19,0,29,0,8.03
https://rodenlaw.com/blog/columbia-dangerous-intersections-roads/,2026-09-22,0,51,0,6.2
https://rodenlaw.com/blog/columbia-dangerous-intersections-roads/,2026-09-23,0,24,0,7.67
https://rodenlaw.com/blog/columbia-dangerous-intersections-roads/,2026-09-25,0,42,0,6.76
https://rodenlaw.com/blog/columbia-dangerous-intersections-roads/,2026-09-26,0,15,0,6.47
https://rodenlaw.com/blog/columbia-dangerous-intersections-roads/,2026-09-27,0,23,0,8.17
https://rodenlaw.com/blog/columbia-dangerous-intersections-roads/,2026-09-28,0,26,0,7.23
https://rodenlaw.com/blog/columbia-dangerous-intersections-roads/,2026-09-29,0,21,0,16.33
https://rodenlaw.com/blog/columbia-dangerous-intersections-roads/,2026-09-30,0,17,0,8.76
https://rodenlaw.com/blog/columbia-dangerous-intersections-roads/,2026-10-01,0,26,0,6.96
https://rodenlaw.com/blog/columbia-dangerous-intersections-roads/,2026-10-02,0,17,0,7.47
https://rodenlaw.com/blog/columbia-dangerous-intersections-roads/,2026-10-03,0,13,0,7.08
https://rodenlaw.com/blog/columbia-dangerous-intersections-roads/,2026-10-04,0,8,0,6.5
https://rodenlaw.com/blog/columbia-dangerous-intersections-roads/,2026-10-05,0,2,0,4.5
https://rodenlaw.com/blog/columbia-dangerous-intersections-roads/#common-crash-causes,2026-09-19,0,1,0,7
https://rodenlaw.com/blog/columbia-dangerous-intersections-roads/#dangerous-highways,2026-09-19,0,1,0,7
https://rodenlaw.com/blog/columbia-dangerous-intersections-roads/#most-dangerous-intersections,2026-09-19,0,1,0,7
https://rodenlaw.com/blog/columbia-dangerous-intersections-roads/#south-carolina-laws,2026-09-19,0,1,0,7
https://rodenlaw.com/blog/columbia-dangerous-intersections-roads/#why-columbia-dangerous,2026-09-19,0,1,0,7
https://rodenlaw.com/blog/commercial-truck-accidents-who-is-at-fault/,2026-09-15,0,20,0,4.85
https://rodenlaw.com/blog/commercial-truck-accidents-who-is-at-fault/,2026-09-16,0,17,0,7.29
https://rodenlaw.com/blog/commercial-truck-accidents-who-is-at-fault/,2026-09-17,0,10,0,3.1
https://rodenlaw.com/blog/commercial-truck-accidents-who-is-at-fault/,2026-09-18,0,13,0,6.69
https://rodenlaw.com/blog/commercial-truck-accidents-who-is-at-fault/,2026-09-19,0,6,0,5.67
https://rodenlaw.com/blog/commercial-truck-accidents-who-is-at-fault/,2026-09-20,0,8,0,9.12
https://rodenlaw.com/blog/commercial-truck-accidents-who-is-at-fault/,2026-09-21,0,20,0,10.9
https://rodenlaw.com/blog/commercial-truck-accidents-who-is-at-fault/,2026-09-22,0,19,0,5.68
https://rodenlaw.com/blog/commercial-truck-accidents-who-is-at-fault/,2026-09-23,0,21,0,5.1
https://rodenlaw.com/blog/commercial-truck-accidents-who-is-at-fault/,2026-09-24,0,10,0,11.1
https://rodenlaw.com/blog/commercial-truck-accidents-who-is-at-fault/,2026-09-25,0,9,0,4.11
https://rodenlaw.com/blog/commercial-truck-accidents-who-is-at-fault/,2026-09-26,0,3,0,4.33
https://rodenlaw.com/blog/commercial-truck-accidents-who-is-at-fault/,2026-09-27,0,6,0,17.17
https://rodenlaw.com/blog/commercial-truck-accidents-who-is-at-fault/,2026-09-28,0,5,0,1.8
https://rodenlaw.com/blog/commercial-truck-accidents-who-is-at-fault/,2026-09-29,0,7,0,2.43
https://rodenlaw.com/blog/commercial-truck-accidents-who-is-at-fault/,2026-09-30,0,7,0,12.86
https://rodenlaw.com/blog/commercial-truck-accidents-who-is-at-fault/,2026-10-01,0,10,0,5.3
https://rodenlaw.com/blog/commercial-truck-accidents-who-is-at-fault/,2026-10-02,0,9,0,15.22
https://rodenlaw.com/blog/commercial-truck-accidents-who-is-at-fault/,2026-10-03,0,5,0,9.6
https://rodenlaw.com/blog/commercial-truck-accidents-who-is-at-fault/,2026-10-04,0,5,0,7.6
https://rodenlaw.com/blog/commercial-truck-accidents-who-is-at-fault/,2026-10-05,0,3,0,1
https://rodenlaw.com/blog/common-driver-distractions/,2026-09-15,0,4,0,62
https://rodenlaw.com/blog/common-driver-distractions/,2026-09-16,0,2,0,35
https://rodenlaw.com/blog/common-driver-distractions/,2026-09-17,0,2,0,23
https://rodenlaw.com/blog/common-driver-distractions/,2026-09-18,0,1,0,40
https://rodenlaw.com/blog/common-driver-distractions/,2026-09-19,0,3,0,29
https://rodenlaw.com/blog/common-driver-distractions/,2026-09-21,0,1,0,10
https://rodenlaw.com/blog/common-driver-distractions/,2026-09-22,0,2,0,48
https://rodenlaw.com/blog/common-driver-distractions/,2026-09-23,0,3,0,49.33
https://rodenlaw.com/blog/common-driver-distractions/,2026-09-24,0,1,0,38
https://rodenlaw.com/blog/common-driver-distractions/,2026-09-25,0,7,0,19.43
https://rodenlaw.com/blog/common-driver-distractions/,2026-09-26,0,6,0,21.5
https://rodenlaw.com/blog/common-driver-distractions/,2026-09-27,0,2,0,22.5
https://rodenlaw.com/blog/common-driver-distractions/,2026-09-28,0,5,0,3.2
https://rodenlaw.com/blog/common-driver-distractions/,2026-09-29,0,4,0,5.5
https://rodenlaw.com/blog/common-driver-distractions/,2026-09-30,0,5,0,2.6
https://rodenlaw.com/blog/common-driver-distractions/,2026-10-01,0,2,0,49.5
https://rodenlaw.com/blog/common-driver-distractions/,2026-10-02,0,3,0,16.33
https://rodenlaw.com/blog/common-driver-distractions/,2026-10-03,0,5,0,17.2
https://rodenlaw.com/blog/common-driver-distractions/,2026-10-04,0,2,0,2
https://rodenlaw.com/blog/common-driver-distractions/,2026-10-05,0,2,0,8
https://rodenlaw.com/blog/common-workplace-injuries-georgia/,2026-09-15,0,4,0,14.75
https://rodenlaw.com/blog/common-workplace-injuries-georgia/,2026-09-16,0,2,0,18.5
https://rodenlaw.com/blog/common-workplace-injuries-georgia/,2026-09-17,0,3,0,22
https://rodenlaw.com/blog/common-workplace-injuries-georgia/,2026-09-18,0,1,0,21
https://rodenlaw.com/blog/common-workplace-injuries-georgia/,2026-09-20,0,1,0,30
https://rodenlaw.com/blog/common-workplace-injuries-georgia/,2026-09-22,0,2,0,4
https://rodenlaw.com/blog/common-workplace-injuries-georgia/,2026-09-25,0,2,0,1.5
https://rodenlaw.com/blog/common-workplace-injuries-georgia/,2026-09-26,0,4,0,38.25
https://rodenlaw.com/blog/common-workplace-injuries-georgia/,2026-09-28,0,2,0,30
https://rodenlaw.com/blog/common-workplace-injuries-georgia/,2026-09-29,0,4,0,31
https://rodenlaw.com/blog/common-workplace-injuries-georgia/,2026-09-30,0,1,0,6
https://rodenlaw.com/blog/common-workplace-injuries-georgia/,2026-10-01,0,9,0,10.33
https://rodenlaw.com/blog/common-workplace-injuries-georgia/,2026-10-02,0,2,0,41.5
https://rodenlaw.com/blog/common-workplace-injuries-georgia/,2026-10-03,0,2,0,28.5
https://rodenlaw.com/blog/common-workplace-injuries-georgia/,2026-10-04,0,2,0,4.5
https://rodenlaw.com/blog/compensation-for-car-crash-facial-injuries-charleston/,2026-09-21,0,1,0,6
https://rodenlaw.com/blog/compensation-for-car-crash-facial-injuries-charleston/,2026-09-24,0,1,0,10
https://rodenlaw.com/blog/compensation-for-car-crash-facial-injuries-charleston/,2026-09-25,0,1,0,43
https://rodenlaw.com/blog/compensation-for-car-crash-facial-injuries-charleston/,2026-09-29,0,1,0,6
https://rodenlaw.com/blog/compensation-for-car-crash-facial-injuries-charleston/,2026-10-02,0,1,0,2
https://rodenlaw.com/blog/compensation-for-car-crash-facial-injuries-charleston/,2026-10-03,0,1,0,8
https://rodenlaw.com/blog/compensation-for-chronic-pain-after-a-car-crash-in-charleston/,2026-09-15,0,2,0,44
https://rodenlaw.com/blog/compensation-for-chronic-pain-after-a-car-crash-in-charleston/,2026-09-16,0,1,0,80
https://rodenlaw.com/blog/compensation-for-chronic-pain-after-a-car-crash-in-charleston/,2026-09-17,0,2,0,4.5
https://rodenlaw.com/blog/compensation-for-chronic-pain-after-a-car-crash-in-charleston/,2026-09-19,0,2,0,43.5
https://rodenlaw.com/blog/compensation-for-chronic-pain-after-a-car-crash-in-charleston/,2026-09-20,0,2,0,50
https://rodenlaw.com/blog/compensation-for-chronic-pain-after-a-car-crash-in-charleston/,2026-09-21,0,2,0,7
https://rodenlaw.com/blog/compensation-for-chronic-pain-after-a-car-crash-in-charleston/,2026-09-22,0,3,0,55.67
https://rodenlaw.com/blog/compensation-for-chronic-pain-after-a-car-crash-in-charleston/,2026-09-24,0,6,0,24.83
https://rodenlaw.com/blog/compensation-for-chronic-pain-after-a-car-crash-in-charleston/,2026-09-25,0,8,0,33.25
https://rodenlaw.com/blog/compensation-for-chronic-pain-after-a-car-crash-in-charleston/,2026-09-26,0,4,0,37.25
https://rodenlaw.com/blog/compensation-for-chronic-pain-after-a-car-crash-in-charleston/,2026-09-27,0,4,0,30.25
https://rodenlaw.com/blog/compensation-for-chronic-pain-after-a-car-crash-in-charleston/,2026-09-28,0,4,0,25.5
https://rodenlaw.com/blog/compensation-for-chronic-pain-after-a-car-crash-in-charleston/,2026-09-29,0,2,0,20.5
https://rodenlaw.com/blog/compensation-for-chronic-pain-after-a-car-crash-in-charleston/,2026-09-30,0,4,0,35.5
https://rodenlaw.com/blog/compensation-for-chronic-pain-after-a-car-crash-in-charleston/,2026-10-01,0,2,0,44.5
https://rodenlaw.com/blog/compensation-for-chronic-pain-after-a-car-crash-in-charleston/,2026-10-02,0,3,0,59.67
https://rodenlaw.com/blog/compensation-for-chronic-pain-after-a-car-crash-in-charleston/,2026-10-03,0,4,0,43.5
https://rodenlaw.com/blog/compensation-for-chronic-pain-after-a-car-crash-in-charleston/,2026-10-04,0,2,0,7.5
https://rodenlaw.com/blog/compensation-while-not-wearing-seat-belt/,2026-09-16,0,1,0,6
https://rodenlaw.com/blog/compensation-while-not-wearing-seat-belt/,2026-09-17,0,3,0,10
https://rodenlaw.com/blog/compensation-while-not-wearing-seat-belt/,2026-09-18,0,1,0,13
https://rodenlaw.com/blog/compensation-while-not-wearing-seat-belt/,2026-09-20,0,1,0,8
https://rodenlaw.com/blog/compensation-while-not-wearing-seat-belt/,2026-09-21,0,3,0,7
https://rodenlaw.com/blog/compensation-while-not-wearing-seat-belt/,2026-09-25,0,1,0,5
https://rodenlaw.com/blog/compensation-while-not-wearing-seat-belt/,2026-09-26,0,3,0,6.33
https://rodenlaw.com/blog/compensation-while-not-wearing-seat-belt/,2026-09-28,0,1,0,45
https://rodenlaw.com/blog/compensation-while-not-wearing-seat-belt/,2026-09-29,0,3,0,5.33
https://rodenlaw.com/blog/compensation-while-not-wearing-seat-belt/,2026-10-01,0,1,0,9
https://rodenlaw.com/blog/compensatory-damages-vs-punitive-damages/,2026-09-15,0,78,0,11.64
https://rodenlaw.com/blog/compensatory-damages-vs-punitive-damages/,2026-09-16,0,108,0,8.84
https://rodenlaw.com/blog/compensatory-damages-vs-punitive-damages/,2026-09-17,0,112,0,8.76
https://rodenlaw.com/blog/compensatory-damages-vs-punitive-damages/,2026-09-19,0,55,0,12.62
https://rodenlaw.com/blog/compensatory-damages-vs-punitive-damages/,2026-09-20,0,102,0,8.39
https://rodenlaw.com/blog/compensatory-damages-vs-punitive-damages/,2026-09-21,0,54,0,10.81
https://rodenlaw.com/blog/compensatory-damages-vs-punitive-damages/,2026-09-22,0,58,0,15.34
https://rodenlaw.com/blog/compensatory-damages-vs-punitive-damages/,2026-09-23,0,56,0,9.12
https://rodenlaw.com/blog/compensatory-damages-vs-punitive-damages/,2026-09-24,0,39,0,18.26
https://rodenlaw.com/blog/compensatory-damages-vs-punitive-damages/,2026-09-25,0,39,0,12.05
https://rodenlaw.com/blog/compensatory-damages-vs-punitive-damages/,2026-09-26,0,23,0,19.91
https://rodenlaw.com/blog/compensatory-damages-vs-punitive-damages/,2026-09-27,0,45,0,20.07
https://rodenlaw.com/blog/compensatory-damages-vs-punitive-damages/,2026-09-28,0,35,0,9.54
https://rodenlaw.com/blog/compensatory-damages-vs-punitive-damages/,2026-09-29,0,40,0,14.88
https://rodenlaw.com/blog/compensatory-damages-vs-punitive-damages/,2026-09-30,0,11,0,29.09
https://rodenlaw.com/blog/compensatory-damages-vs-punitive-damages/,2026-10-01,0,27,0,28.04
https://rodenlaw.com/blog/compensatory-damages-vs-punitive-damages/,2026-10-02,0,16,0,18.88
https://rodenlaw.com/blog/compensatory-damages-vs-punitive-damages/,2026-10-03,0,27,0,21.26
https://rodenlaw.com/blog/compensatory-damages-vs-punitive-damages/,2026-10-04,0,36,0,17.39
https://rodenlaw.com/blog/compensatory-damages-vs-punitive-damages/,2026-10-05,0,5,0,5
https://rodenlaw.com/blog/compensatory-damages-vs-punitive-damages/#key-differences,2026-09-15,0,37,0,6.05
https://rodenlaw.com/blog/compensatory-damages-vs-punitive-damages/#key-differences,2026-09-16,0,61,0,5.38
https://rodenlaw.com/blog/compensatory-damages-vs-punitive-damages/#key-differences,2026-09-17,0,42,0,6.1
https://rodenlaw.com/blog/compensatory-damages-vs-punitive-damages/#key-differences,2026-09-18,0,26,0,5.81
https://rodenlaw.com/blog/compensatory-damages-vs-punitive-damages/#key-differences,2026-09-19,0,23,0,5.39
https://rodenlaw.com/blog/compensatory-damages-vs-punitive-damages/#key-differences,2026-09-20,0,49,0,6.14
https://rodenlaw.com/blog/compensatory-damages-vs-punitive-damages/#key-differences,2026-09-21,0,21,0,5.48
https://rodenlaw.com/blog/compensatory-damages-vs-punitive-damages/#key-differences,2026-09-22,0,13,0,6.38
https://rodenlaw.com/blog/compensatory-damages-vs-punitive-damages/#key-differences,2026-09-23,0,17,0,6.53
https://rodenlaw.com/blog/compensatory-damages-vs-punitive-damages/#key-differences,2026-09-24,0,7,0,6.86
https://rodenlaw.com/blog/compensatory-damages-vs-punitive-damages/#key-differences,2026-09-25,0,12,0,6.58
https://rodenlaw.com/blog/compensatory-damages-vs-punitive-damages/#key-differences,2026-09-26,0,5,0,6
https://rodenlaw.com/blog/compensatory-damages-vs-punitive-damages/#key-differences,2026-09-27,0,3,0,7.67
https://rodenlaw.com/blog/compensatory-damages-vs-punitive-damages/#key-differences,2026-09-28,0,15,0,6.27
https://rodenlaw.com/blog/compensatory-damages-vs-punitive-damages/#key-differences,2026-09-29,0,12,0,6.92
https://rodenlaw.com/blog/compensatory-damages-vs-punitive-damages/#key-differences,2026-09-30,0,3,0,4.67
https://rodenlaw.com/blog/compensatory-damages-vs-punitive-damages/#key-differences,2026-10-01,0,1,0,10
https://rodenlaw.com/blog/compensatory-damages-vs-punitive-damages/#key-differences,2026-10-03,0,2,0,4
https://rodenlaw.com/blog/compensatory-damages-vs-punitive-damages/#key-differences,2026-10-04,0,2,0,7.5
https://rodenlaw.com/blog/compensatory-damages-vs-punitive-damages/#key-differences,2026-10-05,0,1,0,7
https://rodenlaw.com/blog/compensatory-damages-vs-punitive-damages/#punitive-damages-caps,2026-09-15,0,38,0,5.97
https://rodenlaw.com/blog/compensatory-damages-vs-punitive-damages/#punitive-damages-caps,2026-09-16,0,57,0,5.37
https://rodenlaw.com/blog/compensatory-damages-vs-punitive-damages/#punitive-damages-caps,2026-09-17,0,43,0,5.95
https://rodenlaw.com/blog/compensatory-damages-vs-punitive-damages/#punitive-damages-caps,2026-09-18,0,26,0,5.88
https://rodenlaw.com/blog/compensatory-damages-vs-punitive-damages/#punitive-damages-caps,2026-09-19,0,24,0,5.38
https://rodenlaw.com/blog/compensatory-damages-vs-punitive-damages/#punitive-damages-caps,2026-09-20,0,48,0,6.15
https://rodenlaw.com/blog/compensatory-damages-vs-punitive-damages/#punitive-damages-caps,2026-09-21,0,21,0,5.48
https://rodenlaw.com/blog/compensatory-damages-vs-punitive-damages/#punitive-damages-caps,2026-09-22,0,9,0,5.78
https://rodenlaw.com/blog/compensatory-damages-vs-punitive-damages/#punitive-damages-caps,2026-09-23,0,15,0,6.13
https://rodenlaw.com/blog/compensatory-damages-vs-punitive-damages/#punitive-damages-caps,2026-09-24,0,7,0,5
https://rodenlaw.com/blog/compensatory-damages-vs-punitive-damages/#punitive-damages-caps,2026-09-25,0,9,0,5.89
https://rodenlaw.com/blog/compensatory-damages-vs-punitive-damages/#punitive-damages-caps,2026-09-26,0,5,0,6
https://rodenlaw.com/blog/compensatory-damages-vs-punitive-damages/#punitive-damages-caps,2026-09-27,0,2,0,6
https://rodenlaw.com/blog/compensatory-damages-vs-punitive-damages/#punitive-damages-caps,2026-09-28,0,14,0,6.07
https://rodenlaw.com/blog/compensatory-damages-vs-punitive-damages/#punitive-damages-caps,2026-09-29,0,10,0,6.3
https://rodenlaw.com/blog/compensatory-damages-vs-punitive-damages/#punitive-damages-caps,2026-09-30,0,3,0,4.67
https://rodenlaw.com/blog/compensatory-damages-vs-punitive-damages/#punitive-damages-caps,2026-10-01,0,1,0,10
https://rodenlaw.com/blog/compensatory-damages-vs-punitive-damages/#punitive-damages-caps,2026-10-03,0,2,0,4
https://rodenlaw.com/blog/compensatory-damages-vs-punitive-damages/#punitive-damages-caps,2026-10-04,0,3,0,7
https://rodenlaw.com/blog/compensatory-damages-vs-punitive-damages/#punitive-damages-caps,2026-10-05,0,1,0,7
https://rodenlaw.com/blog/compensatory-damages-vs-punitive-damages/#what-are-compensatory-damages,2026-09-15,0,9,0,6.56
https://rodenlaw.com/blog/compensatory-damages-vs-punitive-damages/#what-are-compensatory-damages,2026-09-16,0,22,0,6.14
https://rodenlaw.com/blog/compensatory-damages-vs-punitive-damages/#what-are-compensatory-damages,2026-09-17,0,13,0,6.46
https://rodenlaw.com/blog/compensatory-damages-vs-punitive-damages/#what-are-compensatory-damages,2026-09-18,0,10,0,6.6
https://rodenlaw.com/blog/compensatory-damages-vs-punitive-damages/#what-are-compensatory-damages,2026-09-19,0,5,0,5.2
https://rodenlaw.com/blog/compensatory-damages-vs-punitive-damages/#what-are-compensatory-damages,2026-09-20,0,12,0,6.42
https://rodenlaw.com/blog/compensatory-damages-vs-punitive-damages/#what-are-compensatory-damages,2026-09-21,0,8,0,5.75
https://rodenlaw.com/blog/compensatory-damages-vs-punitive-damages/#what-are-compensatory-damages,2026-09-22,0,5,0,7.4
https://rodenlaw.com/blog/compensatory-damages-vs-punitive-damages/#what-are-compensatory-damages,2026-09-23,0,7,0,7.29
https://rodenlaw.com/blog/compensatory-damages-vs-punitive-damages/#what-are-compensatory-damages,2026-09-24,0,3,0,7.67
https://rodenlaw.com/blog/compensatory-damages-vs-punitive-damages/#what-are-compensatory-damages,2026-09-25,0,6,0,7.83
https://rodenlaw.com/blog/compensatory-damages-vs-punitive-damages/#what-are-compensatory-damages,2026-09-27,0,1,0,6
https://rodenlaw.com/blog/compensatory-damages-vs-punitive-damages/#what-are-compensatory-damages,2026-09-28,0,6,0,6.17
https://rodenlaw.com/blog/compensatory-damages-vs-punitive-damages/#what-are-compensatory-damages,2026-09-29,0,5,0,8.6
https://rodenlaw.com/blog/compensatory-damages-vs-punitive-damages/#what-are-compensatory-damages,2026-10-03,0,1,0,5
https://rodenlaw.com/blog/compensatory-damages-vs-punitive-damages/#what-are-punitive-damages,2026-09-15,0,14,0,6.14
https://rodenlaw.com/blog/compensatory-damages-vs-punitive-damages/#what-are-punitive-damages,2026-09-16,0,20,0,5.75
https://rodenlaw.com/blog/compensatory-damages-vs-punitive-damages/#what-are-punitive-damages,2026-09-17,0,16,0,6.5
https://rodenlaw.com/blog/compensatory-damages-vs-punitive-damages/#what-are-punitive-damages,2026-09-18,0,10,0,6.8
https://rodenlaw.com/blog/compensatory-damages-vs-punitive-damages/#what-are-punitive-damages,2026-09-19,0,4,0,5.25
https://rodenlaw.com/blog/compensatory-damages-vs-punitive-damages/#what-are-punitive-damages,2026-09-20,0,15,0,6.33
https://rodenlaw.com/blog/compensatory-damages-vs-punitive-damages/#what-are-punitive-damages,2026-09-21,0,8,0,5.75
https://rodenlaw.com/blog/compensatory-damages-vs-punitive-damages/#what-are-punitive-damages,2026-09-22,0,1,0,6
https://rodenlaw.com/blog/compensatory-damages-vs-punitive-damages/#what-are-punitive-damages,2026-09-23,0,9,0,6.22
https://rodenlaw.com/blog/compensatory-damages-vs-punitive-damages/#what-are-punitive-damages,2026-09-24,0,5,0,6
https://rodenlaw.com/blog/compensatory-damages-vs-punitive-damages/#what-are-punitive-damages,2026-09-25,0,3,0,7
https://rodenlaw.com/blog/compensatory-damages-vs-punitive-damages/#what-are-punitive-damages,2026-09-27,0,2,0,8.5
https://rodenlaw.com/blog/compensatory-damages-vs-punitive-damages/#what-are-punitive-damages,2026-09-28,0,5,0,5.6
https://rodenlaw.com/blog/compensatory-damages-vs-punitive-damages/#what-are-punitive-damages,2026-09-29,0,5,0,6.6
https://rodenlaw.com/blog/compensatory-damages-vs-punitive-damages/#what-are-punitive-damages,2026-10-03,0,1,0,5
https://rodenlaw.com/blog/compensatory-damages-vs-punitive-damages/#what-are-punitive-damages,2026-10-04,0,1,0,6
https://rodenlaw.com/blog/construction-worker-injuries-charleston-sc-rights/,2026-09-15,0,1,0,1
https://rodenlaw.com/blog/construction-worker-injuries-charleston-sc-rights/,2026-09-21,0,8,0,22.12
https://rodenlaw.com/blog/construction-worker-injuries-charleston-sc-rights/,2026-09-29,0,2,0,5.5
https://rodenlaw.com/blog/construction-worker-injuries-charleston-sc-rights/,2026-09-30,0,1,0,8
https://rodenlaw.com/blog/construction-worker-injuries-charleston-sc-rights/,2026-10-03,0,1,0,5
https://rodenlaw.com/blog/contingency-fee-system/,2026-09-15,0,59,0,9.95
https://rodenlaw.com/blog/contingency-fee-system/,2026-09-16,0,21,0,7.1
https://rodenlaw.com/blog/contingency-fee-system/,2026-09-17,0,33,0,8.67
https://rodenlaw.com/blog/contingency-fee-system/,2026-09-18,0,40,0,8.32
https://rodenlaw.com/blog/contingency-fee-system/,2026-09-19,0,16,0,10.31
https://rodenlaw.com/blog/contingency-fee-system/,2026-09-20,0,19,0,7
https://rodenlaw.com/blog/contingency-fee-system/,2026-09-21,0,31,0,7.61
https://rodenlaw.com/blog/contingency-fee-system/,2026-09-22,0,31,0,7.42
https://rodenlaw.com/blog/contingency-fee-system/,2026-09-23,0,32,0,6.72
https://rodenlaw.com/blog/contingency-fee-system/,2026-09-24,0,24,0,9.38
https://rodenlaw.com/blog/contingency-fee-system/,2026-09-25,0,11,0,8.36
https://rodenlaw.com/blog/contingency-fee-system/,2026-09-26,0,15,0,6.27
https://rodenlaw.com/blog/contingency-fee-system/,2026-09-27,0,8,0,10
https://rodenlaw.com/blog/contingency-fee-system/,2026-09-28,0,16,0,7.88
https://rodenlaw.com/blog/contingency-fee-system/,2026-09-29,0,19,0,16.95
https://rodenlaw.com/blog/contingency-fee-system/,2026-09-30,0,16,0,7.56
https://rodenlaw.com/blog/contingency-fee-system/,2026-10-01,0,20,0,12.3
https://rodenlaw.com/blog/contingency-fee-system/,2026-10-02,0,14,0,8.57
https://rodenlaw.com/blog/contingency-fee-system/,2026-10-03,0,9,0,18.11
https://rodenlaw.com/blog/contingency-fee-system/,2026-10-04,0,12,0,13.75
https://rodenlaw.com/blog/contingency-fee-system/,2026-10-05,0,12,0,7.17
https://rodenlaw.com/blog/contingency-fee-system/#ga-sc-rules,2026-09-24,0,2,0,8.5
https://rodenlaw.com/blog/contingency-fee-system/#how-it-works,2026-09-24,0,2,0,8.5
https://rodenlaw.com/blog/continuing-post-accident-medical-treatment/,2026-09-15,0,18,0,9.44
https://rodenlaw.com/blog/continuing-post-accident-medical-treatment/,2026-09-16,0,17,0,14.88
https://rodenlaw.com/blog/continuing-post-accident-medical-treatment/,2026-09-17,0,14,0,11.29
https://rodenlaw.com/blog/continuing-post-accident-medical-treatment/,2026-09-18,0,9,0,4.89
https://rodenlaw.com/blog/continuing-post-accident-medical-treatment/,2026-09-19,0,8,0,22.25
https://rodenlaw.com/blog/continuing-post-accident-medical-treatment/,2026-09-20,0,5,0,21.2
https://rodenlaw.com/blog/continuing-post-accident-medical-treatment/,2026-09-21,0,9,0,4.78
https://rodenlaw.com/blog/continuing-post-accident-medical-treatment/,2026-09-22,0,21,0,11.24
https://rodenlaw.com/blog/continuing-post-accident-medical-treatment/,2026-09-24,0,10,0,7.2
https://rodenlaw.com/blog/continuing-post-accident-medical-treatment/,2026-09-25,0,5,0,20.4
https://rodenlaw.com/blog/continuing-post-accident-medical-treatment/,2026-09-26,0,4,0,6.5
https://rodenlaw.com/blog/continuing-post-accident-medical-treatment/,2026-09-27,0,6,0,15
https://rodenlaw.com/blog/continuing-post-accident-medical-treatment/,2026-09-28,0,4,0,25.5
https://rodenlaw.com/blog/continuing-post-accident-medical-treatment/,2026-09-29,0,7,0,6.14
https://rodenlaw.com/blog/continuing-post-accident-medical-treatment/,2026-09-30,0,5,0,4.6
https://rodenlaw.com/blog/continuing-post-accident-medical-treatment/,2026-10-01,0,7,0,17.86
https://rodenlaw.com/blog/continuing-post-accident-medical-treatment/,2026-10-02,0,4,0,41.75
https://rodenlaw.com/blog/continuing-post-accident-medical-treatment/,2026-10-03,0,4,0,21
https://rodenlaw.com/blog/continuing-post-accident-medical-treatment/,2026-10-04,0,2,0,2
https://rodenlaw.com/blog/continuing-post-accident-medical-treatment/,2026-10-05,0,4,0,23.75
https://rodenlaw.com/blog/credit-one-stadium-event-day-crashes-daniel-island-beekman-street/,2026-09-15,0,2,0,11
https://rodenlaw.com/blog/credit-one-stadium-event-day-crashes-daniel-island-beekman-street/,2026-09-16,0,4,0,6.25
https://rodenlaw.com/blog/credit-one-stadium-event-day-crashes-daniel-island-beekman-street/,2026-09-17,0,5,0,10.8
https://rodenlaw.com/blog/credit-one-stadium-event-day-crashes-daniel-island-beekman-street/,2026-09-19,0,16,0,6.25
https://rodenlaw.com/blog/credit-one-stadium-event-day-crashes-daniel-island-beekman-street/,2026-09-20,0,18,0,6.61
https://rodenlaw.com/blog/credit-one-stadium-event-day-crashes-daniel-island-beekman-street/,2026-09-22,0,4,0,5.5
https://rodenlaw.com/blog/credit-one-stadium-event-day-crashes-daniel-island-beekman-street/,2026-09-24,0,2,0,22
https://rodenlaw.com/blog/credit-one-stadium-event-day-crashes-daniel-island-beekman-street/,2026-09-25,0,1,0,1
https://rodenlaw.com/blog/credit-one-stadium-event-day-crashes-daniel-island-beekman-street/,2026-09-26,0,2,0,42
https://rodenlaw.com/blog/credit-one-stadium-event-day-crashes-daniel-island-beekman-street/,2026-09-27,0,2,0,10.5
https://rodenlaw.com/blog/credit-one-stadium-event-day-crashes-daniel-island-beekman-street/,2026-09-28,0,8,0,8.12
https://rodenlaw.com/blog/credit-one-stadium-event-day-crashes-daniel-island-beekman-street/,2026-09-29,0,6,0,21.33
https://rodenlaw.com/blog/credit-one-stadium-event-day-crashes-daniel-island-beekman-street/,2026-09-30,0,1,0,8
https://rodenlaw.com/blog/credit-one-stadium-event-day-crashes-daniel-island-beekman-street/,2026-10-01,0,2,0,8
https://rodenlaw.com/blog/credit-one-stadium-event-day-crashes-daniel-island-beekman-street/,2026-10-02,0,4,0,26.75
https://rodenlaw.com/blog/credit-one-stadium-event-day-crashes-daniel-island-beekman-street/,2026-10-03,0,1,0,20
https://rodenlaw.com/blog/credit-one-stadium-event-day-crashes-daniel-island-beekman-street/,2026-10-04,0,1,0,28
https://rodenlaw.com/blog/credit-one-stadium-event-day-crashes-daniel-island-beekman-street/,2026-10-05,0,2,0,7
https://rodenlaw.com/blog/damage-coverage-for-stolen-car/,2026-09-15,0,7,0,5.86
https://rodenlaw.com/blog/damage-coverage-for-stolen-car/,2026-09-16,0,8,0,6.5
https://rodenlaw.com/blog/damage-coverage-for-stolen-car/,2026-09-17,0,11,0,6.18
https://rodenlaw.com/blog/damage-coverage-for-stolen-car/,2026-09-18,0,8,0,6.12
https://rodenlaw.com/blog/damage-coverage-for-stolen-car/,2026-09-19,0,7,0,5.71
https://rodenlaw.com/blog/damage-coverage-for-stolen-car/,2026-09-20,0,6,0,5
https://rodenlaw.com/blog/damage-coverage-for-stolen-car/,2026-09-22,0,6,0,7
https://rodenlaw.com/blog/damage-coverage-for-stolen-car/,2026-09-23,0,9,0,8.11
https://rodenlaw.com/blog/damage-coverage-for-stolen-car/,2026-09-24,0,14,0,7
https://rodenlaw.com/blog/damage-coverage-for-stolen-car/,2026-09-25,0,13,0,10.23
https://rodenlaw.com/blog/damage-coverage-for-stolen-car/,2026-09-26,0,9,0,19.44
https://rodenlaw.com/blog/damage-coverage-for-stolen-car/,2026-09-27,0,10,0,15.5
https://rodenlaw.com/blog/damage-coverage-for-stolen-car/,2026-09-28,0,5,0,27.6
https://rodenlaw.com/blog/damage-coverage-for-stolen-car/,2026-09-29,0,7,0,7.29
https://rodenlaw.com/blog/damage-coverage-for-stolen-car/,2026-09-30,0,7,0,15.86
https://rodenlaw.com/blog/damage-coverage-for-stolen-car/,2026-10-01,0,6,0,7
https://rodenlaw.com/blog/damage-coverage-for-stolen-car/,2026-10-02,0,4,0,7.25
https://rodenlaw.com/blog/damage-coverage-for-stolen-car/,2026-10-03,0,6,0,4.67
https://rodenlaw.com/blog/damage-coverage-for-stolen-car/,2026-10-04,0,5,0,3.2
https://rodenlaw.com/blog/damage-coverage-for-stolen-car/,2026-10-05,0,3,0,33
https://rodenlaw.com/blog/dangerous-products-child-will-find-around-house/,2026-09-23,0,1,0,7
https://rodenlaw.com/blog/dangerous-products-child-will-find-around-house/,2026-09-24,0,1,0,6
https://rodenlaw.com/blog/dangerous-rural-crashes-in-charleston/,2026-09-28,0,2,0,9
https://rodenlaw.com/blog/dangerous-rural-crashes-in-charleston/,2026-10-03,0,1,0,27
https://rodenlaw.com/blog/dangerous-rural-crashes-in-charleston/,2026-10-04,0,1,0,6
https://rodenlaw.com/blog/dangerous-savannah-intersections/,2026-09-15,0,11,0,24.45
https://rodenlaw.com/blog/dangerous-savannah-intersections/,2026-09-17,0,10,0,13.2
https://rodenlaw.com/blog/dangerous-savannah-intersections/,2026-09-18,0,7,0,16.57
https://rodenlaw.com/blog/dangerous-savannah-intersections/,2026-09-20,0,10,0,13.3
https://rodenlaw.com/blog/dangerous-savannah-intersections/,2026-09-21,0,12,0,16.17
https://rodenlaw.com/blog/dangerous-savannah-intersections/,2026-09-22,0,18,0,13.78
https://rodenlaw.com/blog/dangerous-savannah-intersections/,2026-09-23,0,8,0,15
https://rodenlaw.com/blog/dangerous-savannah-intersections/,2026-09-24,0,14,0,16.86
https://rodenlaw.com/blog/dangerous-savannah-intersections/,2026-09-25,0,8,0,15.25
https://rodenlaw.com/blog/dangerous-savannah-intersections/,2026-09-26,0,11,0,6.64
https://rodenlaw.com/blog/dangerous-savannah-intersections/,2026-09-27,0,13,0,6.23
https://rodenlaw.com/blog/dangerous-savannah-intersections/,2026-09-28,0,12,0,5.25
https://rodenlaw.com/blog/dangerous-savannah-intersections/,2026-09-29,0,5,0,20.2
https://rodenlaw.com/blog/dangerous-savannah-intersections/,2026-09-30,0,13,0,13.31
https://rodenlaw.com/blog/dangerous-savannah-intersections/,2026-10-01,0,10,0,24.2
https://rodenlaw.com/blog/dangerous-savannah-intersections/,2026-10-03,0,12,0,21.67
https://rodenlaw.com/blog/dangerous-savannah-intersections/,2026-10-04,0,6,0,26.33
https://rodenlaw.com/blog/dangerous-savannah-intersections/,2026-10-05,0,5,0,18.8
https://rodenlaw.com/blog/dangerous-savannah-intersections/#common-causes,2026-09-16,0,2,0,7
https://rodenlaw.com/blog/dangerous-savannah-intersections/#common-causes,2026-09-19,0,1,0,5
https://rodenlaw.com/blog/dangerous-savannah-intersections/#common-causes,2026-09-21,0,1,0,8
https://rodenlaw.com/blog/dangerous-savannah-intersections/#common-causes,2026-09-22,0,1,0,2
https://rodenlaw.com/blog/dangerous-savannah-intersections/#common-causes,2026-09-24,0,1,0,6
https://rodenlaw.com/blog/dangerous-savannah-intersections/#common-causes,2026-10-02,0,1,0,6
https://rodenlaw.com/blog/dangerous-savannah-intersections/#dangerous-corridors,2026-09-16,0,2,0,7
https://rodenlaw.com/blog/dangerous-savannah-intersections/#dangerous-corridors,2026-09-19,0,1,0,5
https://rodenlaw.com/blog/dangerous-savannah-intersections/#dangerous-corridors,2026-09-21,0,1,0,8
https://rodenlaw.com/blog/dangerous-savannah-intersections/#dangerous-corridors,2026-09-22,0,1,0,2
https://rodenlaw.com/blog/dangerous-savannah-intersections/#dangerous-corridors,2026-09-24,0,1,0,6
https://rodenlaw.com/blog/dangerous-savannah-intersections/#dangerous-corridors,2026-10-02,0,1,0,6
https://rodenlaw.com/blog/dangerous-savannah-intersections/#georgia-traffic-laws,2026-09-16,0,2,0,7
https://rodenlaw.com/blog/dangerous-savannah-intersections/#georgia-traffic-laws,2026-09-19,0,1,0,5
https://rodenlaw.com/blog/dangerous-savannah-intersections/#georgia-traffic-laws,2026-09-21,0,1,0,8
https://rodenlaw.com/blog/dangerous-savannah-intersections/#georgia-traffic-laws,2026-09-24,0,1,0,6
https://rodenlaw.com/blog/dangerous-savannah-intersections/#georgia-traffic-laws,2026-10-02,0,1,0,6
https://rodenlaw.com/blog/dangerous-savannah-intersections/#most-dangerous-intersections,2026-09-16,0,2,0,7
https://rodenlaw.com/blog/dangerous-savannah-intersections/#most-dangerous-intersections,2026-09-19,0,1,0,5
https://rodenlaw.com/blog/dangerous-savannah-intersections/#most-dangerous-intersections,2026-09-21,0,1,0,8
https://rodenlaw.com/blog/dangerous-savannah-intersections/#most-dangerous-intersections,2026-09-22,0,1,0,2
https://rodenlaw.com/blog/dangerous-savannah-intersections/#most-dangerous-intersections,2026-09-24,0,1,0,6
https://rodenlaw.com/blog/dangerous-savannah-intersections/#most-dangerous-intersections,2026-10-02,0,1,0,6
https://rodenlaw.com/blog/dangerous-savannah-intersections/#why-savannah-intersections,2026-09-16,0,2,0,7
https://rodenlaw.com/blog/dangerous-savannah-intersections/#why-savannah-intersections,2026-09-19,0,1,0,5
https://rodenlaw.com/blog/dangerous-savannah-intersections/#why-savannah-intersections,2026-09-21,0,1,0,8
https://rodenlaw.com/blog/dangerous-savannah-intersections/#why-savannah-intersections,2026-09-24,0,1,0,6
https://rodenlaw.com/blog/dangerous-savannah-intersections/#why-savannah-intersections,2026-10-02,0,1,0,6
https://rodenlaw.com/blog/dangerous-tools-garage/,2026-09-15,0,41,0,7.41
https://rodenlaw.com/blog/dangerous-tools-garage/,2026-09-16,0,27,0,8.85
https://rodenlaw.com/blog/dangerous-tools-garage/,2026-09-17,0,23,0,8.57
https://rodenlaw.com/blog/dangerous-tools-garage/,2026-09-18,0,22,0,9
https://rodenlaw.com/blog/dangerous-tools-garage/,2026-09-19,0,22,0,7.59
https://rodenlaw.com/blog/dangerous-tools-garage/,2026-09-20,0,13,0,9.08
https://rodenlaw.com/blog/dangerous-tools-garage/,2026-09-21,0,25,0,8.88
https://rodenlaw.com/blog/dangerous-tools-garage/,2026-09-22,0,27,0,9.59
https://rodenlaw.com/blog/dangerous-tools-garage/,2026-09-23,0,20,0,8.05
https://rodenlaw.com/blog/dangerous-tools-garage/,2026-09-24,0,38,0,8.74
https://rodenlaw.com/blog/dangerous-tools-garage/,2026-09-25,0,22,0,7.09
https://rodenlaw.com/blog/dangerous-tools-garage/,2026-09-26,0,15,0,8.53
https://rodenlaw.com/blog/dangerous-tools-garage/,2026-09-27,0,10,0,8.3
https://rodenlaw.com/blog/dangerous-tools-garage/,2026-09-28,0,24,0,8.38
https://rodenlaw.com/blog/dangerous-tools-garage/,2026-09-29,0,29,0,8.34
https://rodenlaw.com/blog/dangerous-tools-garage/,2026-09-30,0,23,0,8.22
https://rodenlaw.com/blog/dangerous-tools-garage/,2026-10-01,0,10,0,8.5
https://rodenlaw.com/blog/dangerous-tools-garage/,2026-10-02,0,12,0,8.25
https://rodenlaw.com/blog/dangerous-tools-garage/,2026-10-03,0,14,0,9.93
https://rodenlaw.com/blog/dangerous-tools-garage/,2026-10-04,0,9,0,9.44
https://rodenlaw.com/blog/dangerous-tools-garage/,2026-10-05,0,4,0,7.75
https://rodenlaw.com/blog/dangers-of-emotional-driving-in-savannah-ga/,2026-09-18,0,1,0,7
https://rodenlaw.com/blog/dangers-of-emotional-driving-in-savannah-ga/,2026-09-19,0,2,0,7
https://rodenlaw.com/blog/dangers-of-emotional-driving-in-savannah-ga/,2026-09-21,0,1,0,55
https://rodenlaw.com/blog/dangers-of-emotional-driving-in-savannah-ga/,2026-09-22,0,1,0,7
https://rodenlaw.com/blog/dangers-of-emotional-driving-in-savannah-ga/,2026-09-30,0,1,0,7
https://rodenlaw.com/blog/dangers-of-emotional-driving-in-savannah-ga/,2026-10-02,0,1,0,1
https://rodenlaw.com/blog/daniel-island-accidents-event-traffic-golf-carts/,2026-09-26,0,1,0,1
https://rodenlaw.com/blog/daniel-island-accidents-event-traffic-golf-carts/,2026-10-04,0,1,0,7
https://rodenlaw.com/blog/daniel-island-i-526-wando-bridge-truck-accident-berkeley-county/,2026-09-15,0,1,0,6
https://rodenlaw.com/blog/daniel-island-i-526-wando-bridge-truck-accident-berkeley-county/,2026-09-16,0,1,0,5
https://rodenlaw.com/blog/daniel-island-i-526-wando-bridge-truck-accident-berkeley-county/,2026-09-22,0,4,0,4.75
https://rodenlaw.com/blog/daniel-island-i-526-wando-bridge-truck-accident-berkeley-county/,2026-09-24,0,1,0,8
https://rodenlaw.com/blog/daniel-island-i-526-wando-bridge-truck-accident-berkeley-county/,2026-09-28,0,2,0,9
https://rodenlaw.com/blog/daniel-island-i-526-wando-bridge-truck-accident-berkeley-county/,2026-09-29,0,1,0,24
https://rodenlaw.com/blog/daniel-island-i-526-wando-bridge-truck-accident-berkeley-county/,2026-09-30,0,2,0,19.5
https://rodenlaw.com/blog/daniel-island-i-526-wando-bridge-truck-accident-berkeley-county/,2026-10-01,0,2,0,9
https://rodenlaw.com/blog/daniel-island-i-526-wando-bridge-truck-accident-berkeley-county/,2026-10-02,0,1,0,25
https://rodenlaw.com/blog/darien-brunswick-dangerous-roads-i95-us17/,2026-09-15,0,9,0,6.89
https://rodenlaw.com/blog/darien-brunswick-dangerous-roads-i95-us17/,2026-09-16,0,23,0,7.87
https://rodenlaw.com/blog/darien-brunswick-dangerous-roads-i95-us17/,2026-09-17,0,13,0,10.38
https://rodenlaw.com/blog/darien-brunswick-dangerous-roads-i95-us17/,2026-09-18,0,15,0,10.67
https://rodenlaw.com/blog/darien-brunswick-dangerous-roads-i95-us17/,2026-09-20,0,10,0,9.7
https://rodenlaw.com/blog/darien-brunswick-dangerous-roads-i95-us17/,2026-09-21,0,11,0,7.36
https://rodenlaw.com/blog/darien-brunswick-dangerous-roads-i95-us17/,2026-09-22,0,12,0,9.17
https://rodenlaw.com/blog/darien-brunswick-dangerous-roads-i95-us17/,2026-09-23,0,43,0,7.98
https://rodenlaw.com/blog/darien-brunswick-dangerous-roads-i95-us17/,2026-09-24,0,17,0,9
https://rodenlaw.com/blog/darien-brunswick-dangerous-roads-i95-us17/,2026-09-25,0,15,0,11.93
https://rodenlaw.com/blog/darien-brunswick-dangerous-roads-i95-us17/,2026-09-26,0,15,0,7.13
https://rodenlaw.com/blog/darien-brunswick-dangerous-roads-i95-us17/,2026-09-28,0,15,0,6.8
https://rodenlaw.com/blog/darien-brunswick-dangerous-roads-i95-us17/,2026-09-29,0,17,0,7.71
https://rodenlaw.com/blog/darien-brunswick-dangerous-roads-i95-us17/,2026-09-30,0,20,0,8.2
https://rodenlaw.com/blog/darien-brunswick-dangerous-roads-i95-us17/,2026-10-01,0,10,0,7.7
https://rodenlaw.com/blog/darien-brunswick-dangerous-roads-i95-us17/,2026-10-02,0,18,0,8.72
https://rodenlaw.com/blog/darien-brunswick-dangerous-roads-i95-us17/,2026-10-03,0,14,0,8.86
https://rodenlaw.com/blog/darien-brunswick-dangerous-roads-i95-us17/,2026-10-04,0,14,0,7.71
https://rodenlaw.com/blog/darien-brunswick-dangerous-roads-i95-us17/,2026-10-05,0,52,0,8.69
https://rodenlaw.com/blog/darien-brunswick-dangerous-roads-i95-us17/#common-causes,2026-10-05,0,3,0,10
https://rodenlaw.com/blog/darien-brunswick-dangerous-roads-i95-us17/#i-95-corridor,2026-10-05,0,3,0,10
https://rodenlaw.com/blog/darien-brunswick-dangerous-roads-i95-us17/#rural-road-dangers,2026-10-05,0,3,0,10
https://rodenlaw.com/blog/darien-brunswick-dangerous-roads-i95-us17/#us-17,2026-10-05,0,3,0,10
https://rodenlaw.com/blog/darien-brunswick-dangerous-roads-i95-us17/#us-82-341,2026-10-05,0,3,0,10
https://rodenlaw.com/blog/darien-brunswick-dangerous-roads-i95-us17/#why-dangerous,2026-10-05,0,3,0,10
https://rodenlaw.com/blog/darien-i-95-truck-accident-lawyer/,2026-09-15,0,17,0,10.53
https://rodenlaw.com/blog/darien-i-95-truck-accident-lawyer/,2026-09-16,0,3,0,7
https://rodenlaw.com/blog/darien-i-95-truck-accident-lawyer/,2026-09-17,0,5,0,19.4
https://rodenlaw.com/blog/darien-i-95-truck-accident-lawyer/,2026-09-18,0,6,0,8
https://rodenlaw.com/blog/darien-i-95-truck-accident-lawyer/,2026-09-19,0,5,0,7.2
https://rodenlaw.com/blog/darien-i-95-truck-accident-lawyer/,2026-09-20,0,4,0,8
https://rodenlaw.com/blog/darien-i-95-truck-accident-lawyer/,2026-09-21,0,3,0,7
https://rodenlaw.com/blog/darien-i-95-truck-accident-lawyer/,2026-09-22,0,23,0,9.61
https://rodenlaw.com/blog/darien-i-95-truck-accident-lawyer/,2026-09-23,0,7,0,5.57
https://rodenlaw.com/blog/darien-i-95-truck-accident-lawyer/,2026-09-24,0,6,0,27.83
https://rodenlaw.com/blog/darien-i-95-truck-accident-lawyer/,2026-09-25,0,7,0,16
https://rodenlaw.com/blog/darien-i-95-truck-accident-lawyer/,2026-09-26,0,7,0,8
https://rodenlaw.com/blog/darien-i-95-truck-accident-lawyer/,2026-09-27,0,9,0,15.67
https://rodenlaw.com/blog/darien-i-95-truck-accident-lawyer/,2026-09-28,0,36,0,15.31
https://rodenlaw.com/blog/darien-i-95-truck-accident-lawyer/,2026-09-29,0,2,0,6.5
https://rodenlaw.com/blog/darien-i-95-truck-accident-lawyer/,2026-09-30,0,5,0,7.2
https://rodenlaw.com/blog/darien-i-95-truck-accident-lawyer/,2026-10-01,0,5,0,8
https://rodenlaw.com/blog/darien-i-95-truck-accident-lawyer/,2026-10-02,0,3,0,9.67
https://rodenlaw.com/blog/darien-i-95-truck-accident-lawyer/,2026-10-03,0,4,0,9
https://rodenlaw.com/blog/darien-i-95-truck-accident-lawyer/,2026-10-04,0,8,0,7.75
https://rodenlaw.com/blog/darien-i-95-truck-accident-lawyer/,2026-10-05,0,8,0,9.12
https://rodenlaw.com/blog/darien-river-boating-accident-lawyer/,2026-09-23,0,1,0,5
https://rodenlaw.com/blog/darien-river-boating-accident-lawyer/,2026-09-24,0,2,0,20.5
https://rodenlaw.com/blog/darien-river-boating-accident-lawyer/,2026-09-26,0,1,0,5
https://rodenlaw.com/blog/darien-river-boating-accident-lawyer/,2026-09-28,0,2,0,26.5
https://rodenlaw.com/blog/darien-river-boating-accident-lawyer/,2026-09-29,0,1,0,5
https://rodenlaw.com/blog/darien-river-boating-accident-lawyer/,2026-10-02,0,1,0,7
https://rodenlaw.com/blog/dealing-with-uber-lyft-accident/,2026-09-15,0,1,0,71
https://rodenlaw.com/blog/dealing-with-uber-lyft-accident/,2026-09-20,0,1,0,4
https://rodenlaw.com/blog/dealing-with-uber-lyft-accident/,2026-09-22,0,2,0,65.5
https://rodenlaw.com/blog/dealing-with-uber-lyft-accident/,2026-09-23,0,3,0,36
https://rodenlaw.com/blog/dealing-with-uber-lyft-accident/,2026-09-24,0,1,0,11
https://rodenlaw.com/blog/dealing-with-uber-lyft-accident/,2026-09-25,0,7,0,15.14
https://rodenlaw.com/blog/dealing-with-uber-lyft-accident/,2026-09-26,0,3,0,24.33
https://rodenlaw.com/blog/dealing-with-uber-lyft-accident/,2026-09-27,0,3,0,22.67
https://rodenlaw.com/blog/dealing-with-uber-lyft-accident/,2026-09-28,0,2,0,34
https://rodenlaw.com/blog/dealing-with-uber-lyft-accident/,2026-09-29,0,3,0,28.67
https://rodenlaw.com/blog/dealing-with-uber-lyft-accident/,2026-09-30,0,4,0,8
https://rodenlaw.com/blog/dealing-with-uber-lyft-accident/,2026-10-02,0,2,0,18.5
https://rodenlaw.com/blog/dealing-with-uber-lyft-accident/,2026-10-03,0,2,0,4
https://rodenlaw.com/blog/dealing-with-uber-lyft-accident/,2026-10-04,0,2,0,14.5
https://rodenlaw.com/blog/dealing-with-uber-lyft-accident/,2026-10-05,0,2,0,6
https://rodenlaw.com/blog/demand-letters-in-personal-injury-cases/,2026-09-15,0,87,0,30.59
https://rodenlaw.com/blog/demand-letters-in-personal-injury-cases/,2026-09-16,0,35,0,26.34
https://rodenlaw.com/blog/demand-letters-in-personal-injury-cases/,2026-09-17,0,48,0,24
https://rodenlaw.com/blog/demand-letters-in-personal-injury-cases/,2026-09-18,0,34,0,22.91
https://rodenlaw.com/blog/demand-letters-in-personal-injury-cases/,2026-09-19,0,65,0,38.17
https://rodenlaw.com/blog/demand-letters-in-personal-injury-cases/,2026-09-20,0,21,0,23.33
https://rodenlaw.com/blog/demand-letters-in-personal-injury-cases/,2026-09-21,0,41,0,18.12
https://rodenlaw.com/blog/demand-letters-in-personal-injury-cases/,2026-09-22,0,41,0,38.02
https://rodenlaw.com/blog/demand-letters-in-personal-injury-cases/,2026-09-23,0,33,0,17.03
https://rodenlaw.com/blog/demand-letters-in-personal-injury-cases/,2026-09-24,0,47,0,26.89
https://rodenlaw.com/blog/demand-letters-in-personal-injury-cases/,2026-09-25,0,32,0,23.28
https://rodenlaw.com/blog/demand-letters-in-personal-injury-cases/,2026-09-26,0,15,0,28.8
https://rodenlaw.com/blog/demand-letters-in-personal-injury-cases/,2026-09-27,0,13,0,27.92
https://rodenlaw.com/blog/demand-letters-in-personal-injury-cases/,2026-09-28,0,14,0,26
https://rodenlaw.com/blog/demand-letters-in-personal-injury-cases/,2026-09-29,0,29,0,38.55
https://rodenlaw.com/blog/demand-letters-in-personal-injury-cases/,2026-09-30,0,15,0,17.27
https://rodenlaw.com/blog/demand-letters-in-personal-injury-cases/,2026-10-01,0,45,0,43.76
https://rodenlaw.com/blog/demand-letters-in-personal-injury-cases/,2026-10-02,0,38,0,50.55
https://rodenlaw.com/blog/demand-letters-in-personal-injury-cases/,2026-10-03,0,54,0,54.41
https://rodenlaw.com/blog/demand-letters-in-personal-injury-cases/,2026-10-04,0,19,0,43.89
https://rodenlaw.com/blog/demand-letters-in-personal-injury-cases/,2026-10-05,0,25,0,47.16
https://rodenlaw.com/blog/demand-letters-in-personal-injury-cases/#after-sending,2026-09-17,0,2,0,5
https://rodenlaw.com/blog/demand-letters-in-personal-injury-cases/#after-sending,2026-09-19,0,1,0,5
https://rodenlaw.com/blog/demand-letters-in-personal-injury-cases/#after-sending,2026-09-23,0,1,0,5
https://rodenlaw.com/blog/demand-letters-in-personal-injury-cases/#what-is-demand-letter,2026-09-21,0,1,0,11
https://rodenlaw.com/blog/demand-letters-in-personal-injury-cases/#what-to-include,2026-09-17,0,2,0,5
https://rodenlaw.com/blog/demand-letters-in-personal-injury-cases/#what-to-include,2026-09-19,0,1,0,5
https://rodenlaw.com/blog/demand-letters-in-personal-injury-cases/#what-to-include,2026-09-21,0,1,0,11
https://rodenlaw.com/blog/demand-letters-in-personal-injury-cases/#what-to-include,2026-09-23,0,1,0,5
https://rodenlaw.com/blog/deposition-in-a-personal-injury-claim/,2026-09-15,0,4,0,8.75
https://rodenlaw.com/blog/deposition-in-a-personal-injury-claim/,2026-09-16,0,5,0,9
https://rodenlaw.com/blog/deposition-in-a-personal-injury-claim/,2026-09-17,0,1,0,6
https://rodenlaw.com/blog/deposition-in-a-personal-injury-claim/,2026-09-18,0,3,0,7.67
https://rodenlaw.com/blog/deposition-in-a-personal-injury-claim/,2026-09-19,0,5,0,22.8
https://rodenlaw.com/blog/deposition-in-a-personal-injury-claim/,2026-09-20,0,2,0,7
https://rodenlaw.com/blog/deposition-in-a-personal-injury-claim/,2026-09-22,0,6,0,6
https://rodenlaw.com/blog/deposition-in-a-personal-injury-claim/,2026-09-23,0,9,0,5.67
https://rodenlaw.com/blog/deposition-in-a-personal-injury-claim/,2026-09-24,0,3,0,50.67
https://rodenlaw.com/blog/deposition-in-a-personal-injury-claim/,2026-09-25,0,4,0,10.25
https://rodenlaw.com/blog/deposition-in-a-personal-injury-claim/,2026-09-26,0,4,0,21.25
https://rodenlaw.com/blog/deposition-in-a-personal-injury-claim/,2026-09-27,0,2,0,4
https://rodenlaw.com/blog/deposition-in-a-personal-injury-claim/,2026-09-28,0,2,0,4
https://rodenlaw.com/blog/deposition-in-a-personal-injury-claim/,2026-09-29,0,4,0,25
https://rodenlaw.com/blog/deposition-in-a-personal-injury-claim/,2026-09-30,0,3,0,8.33
https://rodenlaw.com/blog/deposition-in-a-personal-injury-claim/,2026-10-01,0,2,0,3.5
https://rodenlaw.com/blog/deposition-in-a-personal-injury-claim/,2026-10-02,0,3,0,6.33
https://rodenlaw.com/blog/deposition-in-a-personal-injury-claim/,2026-10-03,0,1,0,76
https://rodenlaw.com/blog/deposition-in-a-personal-injury-claim/,2026-10-05,0,2,0,8.5
https://rodenlaw.com/blog/determining-fault-in-a-charleston-golf-cart-accident/,2026-09-27,0,1,0,9
https://rodenlaw.com/blog/determining-fault-in-a-charleston-golf-cart-accident/,2026-09-30,0,3,0,64
https://rodenlaw.com/blog/determining-fault-in-a-charleston-golf-cart-accident/,2026-10-04,0,1,0,9
https://rodenlaw.com/blog/determining-fault-in-multi-vehicle-accidents/,2026-09-15,0,1,0,6
https://rodenlaw.com/blog/determining-fault-in-multi-vehicle-accidents/,2026-09-16,0,1,0,1
https://rodenlaw.com/blog/determining-fault-in-multi-vehicle-accidents/,2026-09-17,0,1,0,3
https://rodenlaw.com/blog/determining-fault-in-multi-vehicle-accidents/,2026-09-18,0,4,0,3.5
https://rodenlaw.com/blog/determining-fault-in-multi-vehicle-accidents/,2026-09-19,0,1,0,6
https://rodenlaw.com/blog/determining-fault-in-multi-vehicle-accidents/,2026-09-21,0,1,0,1
https://rodenlaw.com/blog/determining-fault-in-multi-vehicle-accidents/,2026-09-22,0,2,0,9
https://rodenlaw.com/blog/determining-fault-in-multi-vehicle-accidents/,2026-09-23,0,1,0,3
https://rodenlaw.com/blog/determining-fault-in-multi-vehicle-accidents/,2026-09-25,0,1,0,6
https://rodenlaw.com/blog/determining-fault-in-multi-vehicle-accidents/,2026-09-26,0,3,0,7.33
https://rodenlaw.com/blog/determining-fault-in-multi-vehicle-accidents/,2026-09-30,0,1,0,1
https://rodenlaw.com/blog/determining-fault-in-multi-vehicle-accidents/,2026-10-01,0,7,0,6.14
https://rodenlaw.com/blog/determining-fault-in-multi-vehicle-accidents/,2026-10-02,0,5,0,5.8
https://rodenlaw.com/blog/determining-fault-in-multi-vehicle-accidents/,2026-10-03,0,1,0,1
https://rodenlaw.com/blog/determining-fault-in-multi-vehicle-accidents/,2026-10-04,0,1,0,1
https://rodenlaw.com/blog/determining-liability-for-crash-at-four-way-stop-sign/,2026-09-15,0,10,0,7.5
https://rodenlaw.com/blog/determining-liability-for-crash-at-four-way-stop-sign/,2026-09-16,0,6,0,22
https://rodenlaw.com/blog/determining-liability-for-crash-at-four-way-stop-sign/,2026-09-17,0,27,0,9.78
https://rodenlaw.com/blog/determining-liability-for-crash-at-four-way-stop-sign/,2026-09-19,0,3,0,7.67
https://rodenlaw.com/blog/determining-liability-for-crash-at-four-way-stop-sign/,2026-09-20,0,4,0,1.75
https://rodenlaw.com/blog/determining-liability-for-crash-at-four-way-stop-sign/,2026-09-21,0,10,0,7.2
https://rodenlaw.com/blog/determining-liability-for-crash-at-four-way-stop-sign/,2026-09-22,0,6,0,7.5
https://rodenlaw.com/blog/determining-liability-for-crash-at-four-way-stop-sign/,2026-09-23,0,8,0,3.75
https://rodenlaw.com/blog/determining-liability-for-crash-at-four-way-stop-sign/,2026-09-24,0,7,0,7.14
https://rodenlaw.com/blog/determining-liability-for-crash-at-four-way-stop-sign/,2026-09-25,0,5,0,6.2
https://rodenlaw.com/blog/determining-liability-for-crash-at-four-way-stop-sign/,2026-09-26,0,8,0,5.38
https://rodenlaw.com/blog/determining-liability-for-crash-at-four-way-stop-sign/,2026-09-27,0,8,0,4.62
https://rodenlaw.com/blog/determining-liability-for-crash-at-four-way-stop-sign/,2026-09-28,0,12,0,4.25
https://rodenlaw.com/blog/determining-liability-for-crash-at-four-way-stop-sign/,2026-09-29,0,13,0,2.77
https://rodenlaw.com/blog/determining-liability-for-crash-at-four-way-stop-sign/,2026-09-30,0,9,0,5.78
https://rodenlaw.com/blog/determining-liability-for-crash-at-four-way-stop-sign/,2026-10-01,0,5,0,7.2
https://rodenlaw.com/blog/determining-liability-for-crash-at-four-way-stop-sign/,2026-10-02,0,10,0,6.8
https://rodenlaw.com/blog/determining-liability-for-crash-at-four-way-stop-sign/,2026-10-03,0,7,0,2
https://rodenlaw.com/blog/determining-liability-for-crash-at-four-way-stop-sign/,2026-10-04,0,5,0,2.6
https://rodenlaw.com/blog/determining-liability-for-crash-at-four-way-stop-sign/,2026-10-05,0,2,0,3
https://rodenlaw.com/blog/dick-pond-road-sc-544-truck-accident-lawyer-surfside-beach/,2026-09-17,0,3,0,5.67
https://rodenlaw.com/blog/dick-pond-road-sc-544-truck-accident-lawyer-surfside-beach/,2026-09-18,0,4,0,16
https://rodenlaw.com/blog/diminished-value-claims-after-car-accident/,2026-09-15,0,52,0,12.92
https://rodenlaw.com/blog/diminished-value-claims-after-car-accident/,2026-09-16,0,35,0,17.09
https://rodenlaw.com/blog/diminished-value-claims-after-car-accident/,2026-09-17,0,31,0,14.77
https://rodenlaw.com/blog/diminished-value-claims-after-car-accident/,2026-09-18,0,28,0,15.61
https://rodenlaw.com/blog/diminished-value-claims-after-car-accident/,2026-09-19,0,10,0,23.8
https://rodenlaw.com/blog/diminished-value-claims-after-car-accident/,2026-09-20,0,24,0,16.29
https://rodenlaw.com/blog/diminished-value-claims-after-car-accident/,2026-09-21,0,37,0,12.38
https://rodenlaw.com/blog/diminished-value-claims-after-car-accident/,2026-09-22,0,32,0,11.28
https://rodenlaw.com/blog/diminished-value-claims-after-car-accident/,2026-09-23,0,23,0,9.39
https://rodenlaw.com/blog/diminished-value-claims-after-car-accident/,2026-09-24,0,11,0,20.09
https://rodenlaw.com/blog/diminished-value-claims-after-car-accident/,2026-09-25,0,13,0,24.69
https://rodenlaw.com/blog/diminished-value-claims-after-car-accident/,2026-09-26,0,6,0,25.17
https://rodenlaw.com/blog/diminished-value-claims-after-car-accident/,2026-09-27,0,7,0,24
https://rodenlaw.com/blog/diminished-value-claims-after-car-accident/,2026-09-28,0,16,0,22.19
https://rodenlaw.com/blog/diminished-value-claims-after-car-accident/,2026-09-29,0,12,0,29.08
https://rodenlaw.com/blog/diminished-value-claims-after-car-accident/,2026-09-30,0,13,0,9.23
https://rodenlaw.com/blog/diminished-value-claims-after-car-accident/,2026-10-01,0,7,0,33.57
https://rodenlaw.com/blog/diminished-value-claims-after-car-accident/,2026-10-02,0,25,0,26.52
https://rodenlaw.com/blog/diminished-value-claims-after-car-accident/,2026-10-03,0,22,0,27.64
https://rodenlaw.com/blog/diminished-value-claims-after-car-accident/,2026-10-04,0,18,0,16.44
https://rodenlaw.com/blog/diminished-value-claims-after-car-accident/,2026-10-05,0,22,0,12.41
https://rodenlaw.com/blog/diminished-value-claims-after-car-accident/#evidence-you-need,2026-10-03,0,1,0,11
https://rodenlaw.com/blog/diminished-value-claims-after-car-accident/#georgia-vs-south-carolina,2026-10-03,0,1,0,11
https://rodenlaw.com/blog/diminished-value-claims-after-car-accident/#how-diminished-value-calculated,2026-10-03,0,1,0,11
https://rodenlaw.com/blog/diminished-value-claims-after-car-accident/#how-to-file,2026-10-03,0,1,0,11
https://rodenlaw.com/blog/diminished-value-claims-after-car-accident/#what-is-diminished-value,2026-10-03,0,1,0,11
https://rodenlaw.com/blog/discovery-process-in-personal-injury-cases/,2026-09-26,0,2,0,4
https://rodenlaw.com/blog/discovery-process-in-personal-injury-cases/,2026-09-27,0,2,0,2
https://rodenlaw.com/blog/discovery-process-in-personal-injury-cases/,2026-09-29,0,2,0,4.5
https://rodenlaw.com/blog/discovery-process-in-personal-injury-cases/,2026-09-30,0,2,0,6.5
https://rodenlaw.com/blog/discovery-process-in-personal-injury-cases/,2026-10-01,0,2,0,13.5
https://rodenlaw.com/blog/discovery-process-in-personal-injury-cases/,2026-10-02,0,3,0,36
https://rodenlaw.com/blog/discovery-process-in-personal-injury-cases/,2026-10-03,0,2,0,20.5
https://rodenlaw.com/blog/discovery-process-in-personal-injury-cases/,2026-10-04,0,1,0,4
https://rodenlaw.com/blog/discovery-process-in-personal-injury-cases/,2026-10-05,0,1,0,5
https://rodenlaw.com/blog/do-you-need-a-workers-compensation-lawyer/,2026-09-21,0,1,0,17
https://rodenlaw.com/blog/do-you-need-a-workers-compensation-lawyer/,2026-09-22,0,1,0,18
https://rodenlaw.com/blog/do-you-need-a-workers-compensation-lawyer/,2026-09-23,0,1,0,12
https://rodenlaw.com/blog/do-you-need-a-workers-compensation-lawyer/,2026-09-25,0,7,0,11.29
https://rodenlaw.com/blog/do-you-need-a-workers-compensation-lawyer/,2026-09-26,0,8,0,42.88
https://rodenlaw.com/blog/do-you-need-a-workers-compensation-lawyer/,2026-09-27,0,13,0,21.69
https://rodenlaw.com/blog/do-you-need-a-workers-compensation-lawyer/,2026-09-28,0,15,0,15.8
https://rodenlaw.com/blog/do-you-need-a-workers-compensation-lawyer/,2026-09-29,0,3,0,12.33
https://rodenlaw.com/blog/do-you-need-a-workers-compensation-lawyer/,2026-09-30,0,4,0,8.25
https://rodenlaw.com/blog/do-you-need-a-workers-compensation-lawyer/,2026-10-01,0,1,0,8
https://rodenlaw.com/blog/do-you-need-a-workers-compensation-lawyer/,2026-10-02,0,3,0,8.33
https://rodenlaw.com/blog/do-you-need-a-workers-compensation-lawyer/,2026-10-03,0,12,0,9.83
https://rodenlaw.com/blog/do-you-need-a-workers-compensation-lawyer/,2026-10-04,0,2,0,8
https://rodenlaw.com/blog/documents-for-personal-injury-claim/,2026-09-15,0,5,0,22.2
https://rodenlaw.com/blog/documents-for-personal-injury-claim/,2026-09-16,0,3,0,20.33
https://rodenlaw.com/blog/documents-for-personal-injury-claim/,2026-09-17,0,4,0,23
https://rodenlaw.com/blog/documents-for-personal-injury-claim/,2026-09-18,0,8,0,30.62
https://rodenlaw.com/blog/documents-for-personal-injury-claim/,2026-09-19,0,9,0,17.89
https://rodenlaw.com/blog/documents-for-personal-injury-claim/,2026-09-20,0,6,0,27.33
https://rodenlaw.com/blog/documents-for-personal-injury-claim/,2026-09-21,0,3,0,8
https://rodenlaw.com/blog/documents-for-personal-injury-claim/,2026-09-22,0,5,0,22.6
https://rodenlaw.com/blog/documents-for-personal-injury-claim/,2026-09-23,0,5,0,24
https://rodenlaw.com/blog/documents-for-personal-injury-claim/,2026-09-24,0,1,0,7
https://rodenlaw.com/blog/documents-for-personal-injury-claim/,2026-09-25,0,4,0,17
https://rodenlaw.com/blog/documents-for-personal-injury-claim/,2026-09-26,0,2,0,42
https://rodenlaw.com/blog/documents-for-personal-injury-claim/,2026-09-28,0,3,0,8.67
https://rodenlaw.com/blog/documents-for-personal-injury-claim/,2026-09-30,0,2,0,9
https://rodenlaw.com/blog/documents-for-personal-injury-claim/,2026-10-01,0,5,0,47.4
https://rodenlaw.com/blog/documents-for-personal-injury-claim/,2026-10-02,0,10,0,30.1
https://rodenlaw.com/blog/documents-for-personal-injury-claim/,2026-10-03,0,7,0,28.86
https://rodenlaw.com/blog/documents-for-personal-injury-claim/,2026-10-04,0,4,0,18.5
https://rodenlaw.com/blog/documents-for-personal-injury-claim/,2026-10-05,0,5,0,20
https://rodenlaw.com/blog/does-worker-compensation-cover-employee-negligence/,2026-09-15,0,10,0,16.7
https://rodenlaw.com/blog/does-worker-compensation-cover-employee-negligence/,2026-09-16,0,11,0,15.82
https://rodenlaw.com/blog/does-worker-compensation-cover-employee-negligence/,2026-09-17,0,13,0,10.23
https://rodenlaw.com/blog/does-worker-compensation-cover-employee-negligence/,2026-09-18,0,9,0,6.78
https://rodenlaw.com/blog/does-worker-compensation-cover-employee-negligence/,2026-09-19,0,1,0,2
https://rodenlaw.com/blog/does-worker-compensation-cover-employee-negligence/,2026-09-21,0,7,0,6.29
https://rodenlaw.com/blog/does-worker-compensation-cover-employee-negligence/,2026-09-22,0,17,0,20.41
https://rodenlaw.com/blog/does-worker-compensation-cover-employee-negligence/,2026-09-23,0,21,0,7.52
https://rodenlaw.com/blog/does-worker-compensation-cover-employee-negligence/,2026-09-24,0,12,0,26.33
https://rodenlaw.com/blog/does-worker-compensation-cover-employee-negligence/,2026-09-25,0,6,0,15.17
https://rodenlaw.com/blog/does-worker-compensation-cover-employee-negligence/,2026-09-26,0,9,0,4.78
https://rodenlaw.com/blog/does-worker-compensation-cover-employee-negligence/,2026-09-27,0,7,0,23
https://rodenlaw.com/blog/does-worker-compensation-cover-employee-negligence/,2026-09-29,0,4,0,7.5
https://rodenlaw.com/blog/does-worker-compensation-cover-employee-negligence/,2026-09-30,0,9,0,10.33
https://rodenlaw.com/blog/does-worker-compensation-cover-employee-negligence/,2026-10-01,0,7,0,26.86
https://rodenlaw.com/blog/does-worker-compensation-cover-employee-negligence/,2026-10-02,0,5,0,5.6
https://rodenlaw.com/blog/does-worker-compensation-cover-employee-negligence/,2026-10-03,0,4,0,4.75
https://rodenlaw.com/blog/does-worker-compensation-cover-employee-negligence/,2026-10-04,0,2,0,5.5
https://rodenlaw.com/blog/does-worker-compensation-cover-employee-negligence/#employer-negligence,2026-09-18,0,1,0,2
https://rodenlaw.com/blog/does-worker-compensation-cover-employee-negligence/#employer-negligence,2026-09-20,0,1,0,11
https://rodenlaw.com/blog/does-worker-compensation-cover-employee-negligence/#employer-negligence,2026-09-21,0,1,0,11
https://rodenlaw.com/blog/does-worker-compensation-cover-employee-negligence/#employer-negligence,2026-09-23,0,2,0,10
https://rodenlaw.com/blog/does-worker-compensation-cover-employee-negligence/#employer-negligence,2026-09-25,0,1,0,2
https://rodenlaw.com/blog/does-worker-compensation-cover-employee-negligence/#employer-negligence,2026-09-26,0,1,0,4
https://rodenlaw.com/blog/does-worker-compensation-cover-employee-negligence/#employer-negligence,2026-09-27,0,2,0,10
https://rodenlaw.com/blog/does-worker-compensation-cover-employee-negligence/#employer-negligence,2026-09-28,0,2,0,7.5
https://rodenlaw.com/blog/does-worker-compensation-cover-employee-negligence/#employer-negligence,2026-09-30,0,1,0,4
https://rodenlaw.com/blog/does-worker-compensation-cover-employee-negligence/#employer-negligence,2026-10-01,0,1,0,11
https://rodenlaw.com/blog/does-worker-compensation-cover-employee-negligence/#employer-negligence,2026-10-02,0,1,0,5
https://rodenlaw.com/blog/does-worker-compensation-cover-employee-negligence/#employer-negligence,2026-10-03,0,1,0,5
https://rodenlaw.com/blog/does-worker-compensation-cover-employee-negligence/#examples,2026-09-18,0,1,0,2
https://rodenlaw.com/blog/does-worker-compensation-cover-employee-negligence/#examples,2026-09-19,0,1,0,2
https://rodenlaw.com/blog/does-worker-compensation-cover-employee-negligence/#examples,2026-09-20,0,1,0,11
https://rodenlaw.com/blog/does-worker-compensation-cover-employee-negligence/#examples,2026-09-21,0,1,0,11
https://rodenlaw.com/blog/does-worker-compensation-cover-employee-negligence/#examples,2026-09-23,0,3,0,10
https://rodenlaw.com/blog/does-worker-compensation-cover-employee-negligence/#examples,2026-09-24,0,4,0,4.5
https://rodenlaw.com/blog/does-worker-compensation-cover-employee-negligence/#examples,2026-09-25,0,3,0,3.67
https://rodenlaw.com/blog/does-worker-compensation-cover-employee-negligence/#examples,2026-09-26,0,1,0,4
https://rodenlaw.com/blog/does-worker-compensation-cover-employee-negligence/#examples,2026-09-27,0,2,0,10
https://rodenlaw.com/blog/does-worker-compensation-cover-employee-negligence/#examples,2026-09-28,0,2,0,7.5
https://rodenlaw.com/blog/does-worker-compensation-cover-employee-negligence/#examples,2026-09-29,0,1,0,7
https://rodenlaw.com/blog/does-worker-compensation-cover-employee-negligence/#examples,2026-09-30,0,1,0,4
https://rodenlaw.com/blog/does-worker-compensation-cover-employee-negligence/#examples,2026-10-01,0,2,0,11
https://rodenlaw.com/blog/does-worker-compensation-cover-employee-negligence/#examples,2026-10-02,0,1,0,5
https://rodenlaw.com/blog/does-worker-compensation-cover-employee-negligence/#examples,2026-10-03,0,1,0,5
https://rodenlaw.com/blog/does-worker-compensation-cover-employee-negligence/#exceptions,2026-09-18,0,1,0,2
https://rodenlaw.com/blog/does-worker-compensation-cover-employee-negligence/#exceptions,2026-09-20,0,1,0,11
https://rodenlaw.com/blog/does-worker-compensation-cover-employee-negligence/#exceptions,2026-09-21,0,1,0,11
https://rodenlaw.com/blog/does-worker-compensation-cover-employee-negligence/#exceptions,2026-09-23,0,2,0,10
https://rodenlaw.com/blog/does-worker-compensation-cover-employee-negligence/#exceptions,2026-09-25,0,1,0,2
https://rodenlaw.com/blog/does-worker-compensation-cover-employee-negligence/#exceptions,2026-09-26,0,1,0,4
https://rodenlaw.com/blog/does-worker-compensation-cover-employee-negligence/#exceptions,2026-09-27,0,2,0,10
https://rodenlaw.com/blog/does-worker-compensation-cover-employee-negligence/#exceptions,2026-09-28,0,2,0,7.5
https://rodenlaw.com/blog/does-worker-compensation-cover-employee-negligence/#exceptions,2026-09-30,0,1,0,4
https://rodenlaw.com/blog/does-worker-compensation-cover-employee-negligence/#exceptions,2026-10-01,0,1,0,11
https://rodenlaw.com/blog/does-worker-compensation-cover-employee-negligence/#exceptions,2026-10-02,0,1,0,5
https://rodenlaw.com/blog/does-worker-compensation-cover-employee-negligence/#exceptions,2026-10-03,0,1,0,5
https://rodenlaw.com/blog/does-worker-compensation-cover-employee-negligence/#ga-exceptions,2026-09-18,0,1,0,2
https://rodenlaw.com/blog/does-worker-compensation-cover-employee-negligence/#ga-exceptions,2026-09-20,0,1,0,11
https://rodenlaw.com/blog/does-worker-compensation-cover-employee-negligence/#ga-exceptions,2026-09-21,0,1,0,11
https://rodenlaw.com/blog/does-worker-compensation-cover-employee-negligence/#ga-exceptions,2026-09-23,0,2,0,10
https://rodenlaw.com/blog/does-worker-compensation-cover-employee-negligence/#ga-exceptions,2026-09-25,0,1,0,2
https://rodenlaw.com/blog/does-worker-compensation-cover-employee-negligence/#ga-exceptions,2026-09-26,0,1,0,4
https://rodenlaw.com/blog/does-worker-compensation-cover-employee-negligence/#ga-exceptions,2026-09-27,0,2,0,10
https://rodenlaw.com/blog/does-worker-compensation-cover-employee-negligence/#ga-exceptions,2026-09-28,0,2,0,7.5
https://rodenlaw.com/blog/does-worker-compensation-cover-employee-negligence/#ga-exceptions,2026-09-30,0,1,0,4
https://rodenlaw.com/blog/does-worker-compensation-cover-employee-negligence/#ga-exceptions,2026-10-01,0,1,0,11
https://rodenlaw.com/blog/does-worker-compensation-cover-employee-negligence/#ga-exceptions,2026-10-02,0,1,0,5
https://rodenlaw.com/blog/does-worker-compensation-cover-employee-negligence/#ga-exceptions,2026-10-03,0,1,0,5
https://rodenlaw.com/blog/does-worker-compensation-cover-employee-negligence/#no-fault-system,2026-09-17,0,1,0,5
https://rodenlaw.com/blog/does-worker-compensation-cover-employee-negligence/#no-fault-system,2026-09-18,0,1,0,2
https://rodenlaw.com/blog/does-worker-compensation-cover-employee-negligence/#no-fault-system,2026-09-20,0,1,0,11
https://rodenlaw.com/blog/does-worker-compensation-cover-employee-negligence/#no-fault-system,2026-09-21,0,2,0,10.5
https://rodenlaw.com/blog/does-worker-compensation-cover-employee-negligence/#no-fault-system,2026-09-23,0,4,0,8.5
https://rodenlaw.com/blog/does-worker-compensation-cover-employee-negligence/#no-fault-system,2026-09-24,0,2,0,5
https://rodenlaw.com/blog/does-worker-compensation-cover-employee-negligence/#no-fault-system,2026-09-25,0,2,0,4.5
https://rodenlaw.com/blog/does-worker-compensation-cover-employee-negligence/#no-fault-system,2026-09-26,0,1,0,4
https://rodenlaw.com/blog/does-worker-compensation-cover-employee-negligence/#no-fault-system,2026-09-27,0,2,0,10
https://rodenlaw.com/blog/does-worker-compensation-cover-employee-negligence/#no-fault-system,2026-09-28,0,2,0,7.5
https://rodenlaw.com/blog/does-worker-compensation-cover-employee-negligence/#no-fault-system,2026-09-30,0,1,0,4
https://rodenlaw.com/blog/does-worker-compensation-cover-employee-negligence/#no-fault-system,2026-10-01,0,1,0,11
https://rodenlaw.com/blog/does-worker-compensation-cover-employee-negligence/#no-fault-system,2026-10-02,0,2,0,4.5
https://rodenlaw.com/blog/does-worker-compensation-cover-employee-negligence/#no-fault-system,2026-10-03,0,1,0,5
https://rodenlaw.com/blog/does-worker-compensation-cover-employee-negligence/#sc-exceptions,2026-09-18,0,1,0,2
https://rodenlaw.com/blog/does-worker-compensation-cover-employee-negligence/#sc-exceptions,2026-09-20,0,1,0,11
https://rodenlaw.com/blog/does-worker-compensation-cover-employee-negligence/#sc-exceptions,2026-09-21,0,1,0,11
https://rodenlaw.com/blog/does-worker-compensation-cover-employee-negligence/#sc-exceptions,2026-09-23,0,3,0,10
https://rodenlaw.com/blog/does-worker-compensation-cover-employee-negligence/#sc-exceptions,2026-09-24,0,2,0,5
https://rodenlaw.com/blog/does-worker-compensation-cover-employee-negligence/#sc-exceptions,2026-09-25,0,2,0,4.5
https://rodenlaw.com/blog/does-worker-compensation-cover-employee-negligence/#sc-exceptions,2026-09-26,0,1,0,4
https://rodenlaw.com/blog/does-worker-compensation-cover-employee-negligence/#sc-exceptions,2026-09-27,0,2,0,10
https://rodenlaw.com/blog/does-worker-compensation-cover-employee-negligence/#sc-exceptions,2026-09-28,0,2,0,7.5
https://rodenlaw.com/blog/does-worker-compensation-cover-employee-negligence/#sc-exceptions,2026-09-30,0,1,0,4
https://rodenlaw.com/blog/does-worker-compensation-cover-employee-negligence/#sc-exceptions,2026-10-01,0,1,0,11
https://rodenlaw.com/blog/does-worker-compensation-cover-employee-negligence/#sc-exceptions,2026-10-02,0,1,0,5
https://rodenlaw.com/blog/does-worker-compensation-cover-employee-negligence/#sc-exceptions,2026-10-03,0,1,0,5
https://rodenlaw.com/blog/does-worker-compensation-cover-employee-negligence/#short-answer,2026-09-17,0,1,0,5
https://rodenlaw.com/blog/does-worker-compensation-cover-employee-negligence/#short-answer,2026-09-18,0,1,0,2
https://rodenlaw.com/blog/does-worker-compensation-cover-employee-negligence/#short-answer,2026-09-19,0,1,0,2
https://rodenlaw.com/blog/does-worker-compensation-cover-employee-negligence/#short-answer,2026-09-20,0,1,0,11
https://rodenlaw.com/blog/does-worker-compensation-cover-employee-negligence/#short-answer,2026-09-21,0,2,0,10.5
https://rodenlaw.com/blog/does-worker-compensation-cover-employee-negligence/#short-answer,2026-09-23,0,3,0,8
https://rodenlaw.com/blog/does-worker-compensation-cover-employee-negligence/#short-answer,2026-09-24,0,2,0,4
https://rodenlaw.com/blog/does-worker-compensation-cover-employee-negligence/#short-answer,2026-09-25,0,2,0,2
https://rodenlaw.com/blog/does-worker-compensation-cover-employee-negligence/#short-answer,2026-09-26,0,1,0,4
https://rodenlaw.com/blog/does-worker-compensation-cover-employee-negligence/#short-answer,2026-09-27,0,2,0,10
https://rodenlaw.com/blog/does-worker-compensation-cover-employee-negligence/#short-answer,2026-09-28,0,2,0,7.5
https://rodenlaw.com/blog/does-worker-compensation-cover-employee-negligence/#short-answer,2026-09-29,0,1,0,7
https://rodenlaw.com/blog/does-worker-compensation-cover-employee-negligence/#short-answer,2026-09-30,0,1,0,4
https://rodenlaw.com/blog/does-worker-compensation-cover-employee-negligence/#short-answer,2026-10-01,0,2,0,11
https://rodenlaw.com/blog/does-worker-compensation-cover-employee-negligence/#short-answer,2026-10-02,0,2,0,4.5
https://rodenlaw.com/blog/does-worker-compensation-cover-employee-negligence/#short-answer,2026-10-03,0,1,0,5
https://rodenlaw.com/blog/does-workers-compensation-cover-prescriptions/,2026-09-15,0,13,0,21.08
https://rodenlaw.com/blog/does-workers-compensation-cover-prescriptions/,2026-09-16,0,11,0,13.27
https://rodenlaw.com/blog/does-workers-compensation-cover-prescriptions/,2026-09-17,0,7,0,8.86
https://rodenlaw.com/blog/does-workers-compensation-cover-prescriptions/,2026-09-18,0,5,0,4.4
https://rodenlaw.com/blog/does-workers-compensation-cover-prescriptions/,2026-09-19,0,4,0,41.75
https://rodenlaw.com/blog/does-workers-compensation-cover-prescriptions/,2026-09-20,0,3,0,10.33
https://rodenlaw.com/blog/does-workers-compensation-cover-prescriptions/,2026-09-21,0,53,0,26.47
https://rodenlaw.com/blog/does-workers-compensation-cover-prescriptions/,2026-09-22,0,13,0,23.23
https://rodenlaw.com/blog/does-workers-compensation-cover-prescriptions/,2026-09-23,0,5,0,7
https://rodenlaw.com/blog/does-workers-compensation-cover-prescriptions/,2026-09-24,0,7,0,18.14
https://rodenlaw.com/blog/does-workers-compensation-cover-prescriptions/,2026-09-25,0,2,0,5.5
https://rodenlaw.com/blog/does-workers-compensation-cover-prescriptions/,2026-09-26,0,2,0,36.5
https://rodenlaw.com/blog/does-workers-compensation-cover-prescriptions/,2026-09-27,0,4,0,14.25
https://rodenlaw.com/blog/does-workers-compensation-cover-prescriptions/,2026-09-28,0,12,0,33.17
https://rodenlaw.com/blog/does-workers-compensation-cover-prescriptions/,2026-09-29,0,15,0,31.73
https://rodenlaw.com/blog/does-workers-compensation-cover-prescriptions/,2026-09-30,0,16,0,13
https://rodenlaw.com/blog/does-workers-compensation-cover-prescriptions/,2026-10-01,0,4,0,28.5
https://rodenlaw.com/blog/does-workers-compensation-cover-prescriptions/,2026-10-02,0,20,0,47.2
https://rodenlaw.com/blog/does-workers-compensation-cover-prescriptions/,2026-10-03,0,15,0,51.13
https://rodenlaw.com/blog/does-workers-compensation-cover-prescriptions/,2026-10-04,0,20,0,52.9
https://rodenlaw.com/blog/does-workers-compensation-cover-prescriptions/,2026-10-05,0,27,0,38.41
https://rodenlaw.com/blog/does-workers-compensation-cover-prescriptions/#filling-prescriptions,2026-09-15,0,3,0,4.33
https://rodenlaw.com/blog/does-workers-compensation-cover-prescriptions/#filling-prescriptions,2026-09-16,0,2,0,4
https://rodenlaw.com/blog/does-workers-compensation-cover-prescriptions/#filling-prescriptions,2026-09-18,0,1,0,6
https://rodenlaw.com/blog/does-workers-compensation-cover-prescriptions/#filling-prescriptions,2026-09-20,0,1,0,5
https://rodenlaw.com/blog/does-workers-compensation-cover-prescriptions/#filling-prescriptions,2026-09-23,0,1,0,5
https://rodenlaw.com/blog/does-workers-compensation-cover-prescriptions/#filling-prescriptions,2026-09-26,0,1,0,4
https://rodenlaw.com/blog/does-workers-compensation-cover-prescriptions/#filling-prescriptions,2026-09-29,0,3,0,11
https://rodenlaw.com/blog/does-workers-compensation-cover-prescriptions/#filling-prescriptions,2026-09-30,0,1,0,5
https://rodenlaw.com/blog/does-workers-compensation-cover-prescriptions/#filling-prescriptions,2026-10-01,0,2,0,6
https://rodenlaw.com/blog/does-workers-compensation-cover-prescriptions/#filling-prescriptions,2026-10-02,0,2,0,5.5
https://rodenlaw.com/blog/does-workers-compensation-cover-prescriptions/#filling-prescriptions,2026-10-03,0,1,0,5
https://rodenlaw.com/blog/does-workers-compensation-cover-prescriptions/#filling-prescriptions,2026-10-04,0,2,0,5.5
https://rodenlaw.com/blog/does-workers-compensation-cover-prescriptions/#ga-rules,2026-09-15,0,3,0,4.33
https://rodenlaw.com/blog/does-workers-compensation-cover-prescriptions/#ga-rules,2026-09-16,0,2,0,4
https://rodenlaw.com/blog/does-workers-compensation-cover-prescriptions/#ga-rules,2026-09-18,0,1,0,6
https://rodenlaw.com/blog/does-workers-compensation-cover-prescriptions/#ga-rules,2026-09-20,0,1,0,5
https://rodenlaw.com/blog/does-workers-compensation-cover-prescriptions/#ga-rules,2026-09-21,0,1,0,2
https://rodenlaw.com/blog/does-workers-compensation-cover-prescriptions/#ga-rules,2026-09-23,0,1,0,5
https://rodenlaw.com/blog/does-workers-compensation-cover-prescriptions/#ga-rules,2026-09-26,0,1,0,4
https://rodenlaw.com/blog/does-workers-compensation-cover-prescriptions/#ga-rules,2026-09-29,0,3,0,11
https://rodenlaw.com/blog/does-workers-compensation-cover-prescriptions/#ga-rules,2026-09-30,0,2,0,7.5
https://rodenlaw.com/blog/does-workers-compensation-cover-prescriptions/#ga-rules,2026-10-01,0,2,0,6
https://rodenlaw.com/blog/does-workers-compensation-cover-prescriptions/#ga-rules,2026-10-02,0,2,0,5.5
https://rodenlaw.com/blog/does-workers-compensation-cover-prescriptions/#ga-rules,2026-10-03,0,1,0,5
https://rodenlaw.com/blog/does-workers-compensation-cover-prescriptions/#ga-rules,2026-10-04,0,2,0,5.5
https://rodenlaw.com/blog/does-workers-compensation-cover-prescriptions/#ga-rules,2026-10-05,0,3,0,3
https://rodenlaw.com/blog/does-workers-compensation-cover-prescriptions/#how-coverage-works,2026-09-15,0,3,0,4.33
https://rodenlaw.com/blog/does-workers-compensation-cover-prescriptions/#how-coverage-works,2026-09-16,0,2,0,4
https://rodenlaw.com/blog/does-workers-compensation-cover-prescriptions/#how-coverage-works,2026-09-18,0,1,0,6
https://rodenlaw.com/blog/does-workers-compensation-cover-prescriptions/#how-coverage-works,2026-09-20,0,1,0,5
https://rodenlaw.com/blog/does-workers-compensation-cover-prescriptions/#how-coverage-works,2026-09-21,0,1,0,2
https://rodenlaw.com/blog/does-workers-compensation-cover-prescriptions/#how-coverage-works,2026-09-26,0,1,0,4
https://rodenlaw.com/blog/does-workers-compensation-cover-prescriptions/#how-coverage-works,2026-09-29,0,3,0,11
https://rodenlaw.com/blog/does-workers-compensation-cover-prescriptions/#how-coverage-works,2026-09-30,0,1,0,10
https://rodenlaw.com/blog/does-workers-compensation-cover-prescriptions/#how-coverage-works,2026-10-01,0,2,0,6
https://rodenlaw.com/blog/does-workers-compensation-cover-prescriptions/#how-coverage-works,2026-10-02,0,2,0,5.5
https://rodenlaw.com/blog/does-workers-compensation-cover-prescriptions/#how-coverage-works,2026-10-03,0,1,0,5
https://rodenlaw.com/blog/does-workers-compensation-cover-prescriptions/#how-coverage-works,2026-10-04,0,2,0,5.5
https://rodenlaw.com/blog/does-workers-compensation-cover-prescriptions/#how-coverage-works,2026-10-05,0,3,0,3
https://rodenlaw.com/blog/does-workers-compensation-cover-prescriptions/#opioid-restrictions,2026-09-15,0,3,0,4.33
https://rodenlaw.com/blog/does-workers-compensation-cover-prescriptions/#opioid-restrictions,2026-09-16,0,2,0,4
https://rodenlaw.com/blog/does-workers-compensation-cover-prescriptions/#opioid-restrictions,2026-09-18,0,1,0,6
https://rodenlaw.com/blog/does-workers-compensation-cover-prescriptions/#opioid-restrictions,2026-09-20,0,1,0,5
https://rodenlaw.com/blog/does-workers-compensation-cover-prescriptions/#opioid-restrictions,2026-09-26,0,1,0,4
https://rodenlaw.com/blog/does-workers-compensation-cover-prescriptions/#opioid-restrictions,2026-09-29,0,3,0,11
https://rodenlaw.com/blog/does-workers-compensation-cover-prescriptions/#opioid-restrictions,2026-10-01,0,2,0,6
https://rodenlaw.com/blog/does-workers-compensation-cover-prescriptions/#opioid-restrictions,2026-10-02,0,2,0,5.5
https://rodenlaw.com/blog/does-workers-compensation-cover-prescriptions/#opioid-restrictions,2026-10-03,0,1,0,5
https://rodenlaw.com/blog/does-workers-compensation-cover-prescriptions/#opioid-restrictions,2026-10-04,0,2,0,5.5
https://rodenlaw.com/blog/does-workers-compensation-cover-prescriptions/#sc-rules,2026-09-15,0,3,0,4.33
https://rodenlaw.com/blog/does-workers-compensation-cover-prescriptions/#sc-rules,2026-09-16,0,2,0,4
https://rodenlaw.com/blog/does-workers-compensation-cover-prescriptions/#sc-rules,2026-09-18,0,1,0,6
https://rodenlaw.com/blog/does-workers-compensation-cover-prescriptions/#sc-rules,2026-09-20,0,1,0,5
https://rodenlaw.com/blog/does-workers-compensation-cover-prescriptions/#sc-rules,2026-09-21,0,1,0,2
https://rodenlaw.com/blog/does-workers-compensation-cover-prescriptions/#sc-rules,2026-09-23,0,1,0,5
https://rodenlaw.com/blog/does-workers-compensation-cover-prescriptions/#sc-rules,2026-09-26,0,1,0,4
https://rodenlaw.com/blog/does-workers-compensation-cover-prescriptions/#sc-rules,2026-09-29,0,3,0,11
https://rodenlaw.com/blog/does-workers-compensation-cover-prescriptions/#sc-rules,2026-09-30,0,1,0,10
https://rodenlaw.com/blog/does-workers-compensation-cover-prescriptions/#sc-rules,2026-10-01,0,2,0,6
https://rodenlaw.com/blog/does-workers-compensation-cover-prescriptions/#sc-rules,2026-10-02,0,2,0,5.5
https://rodenlaw.com/blog/does-workers-compensation-cover-prescriptions/#sc-rules,2026-10-03,0,1,0,5
https://rodenlaw.com/blog/does-workers-compensation-cover-prescriptions/#sc-rules,2026-10-04,0,2,0,5.5
https://rodenlaw.com/blog/does-workers-compensation-cover-prescriptions/#sc-rules,2026-10-05,0,3,0,3
https://rodenlaw.com/blog/does-workers-compensation-cover-prescriptions/#short-answer,2026-09-15,0,3,0,4.33
https://rodenlaw.com/blog/does-workers-compensation-cover-prescriptions/#short-answer,2026-09-16,0,2,0,4
https://rodenlaw.com/blog/does-workers-compensation-cover-prescriptions/#short-answer,2026-09-18,0,1,0,6
https://rodenlaw.com/blog/does-workers-compensation-cover-prescriptions/#short-answer,2026-09-20,0,1,0,5
https://rodenlaw.com/blog/does-workers-compensation-cover-prescriptions/#short-answer,2026-09-26,0,1,0,4
https://rodenlaw.com/blog/does-workers-compensation-cover-prescriptions/#short-answer,2026-09-29,0,3,0,11
https://rodenlaw.com/blog/does-workers-compensation-cover-prescriptions/#short-answer,2026-09-30,0,1,0,5
https://rodenlaw.com/blog/does-workers-compensation-cover-prescriptions/#short-answer,2026-10-01,0,2,0,6
https://rodenlaw.com/blog/does-workers-compensation-cover-prescriptions/#short-answer,2026-10-02,0,2,0,5.5
https://rodenlaw.com/blog/does-workers-compensation-cover-prescriptions/#short-answer,2026-10-03,0,1,0,5
https://rodenlaw.com/blog/does-workers-compensation-cover-prescriptions/#short-answer,2026-10-04,0,2,0,5.5
https://rodenlaw.com/blog/does-workers-compensation-cover-prescriptions/#what-is-covered,2026-09-15,0,3,0,4.33
https://rodenlaw.com/blog/does-workers-compensation-cover-prescriptions/#what-is-covered,2026-09-16,0,2,0,4
https://rodenlaw.com/blog/does-workers-compensation-cover-prescriptions/#what-is-covered,2026-09-18,0,1,0,6
https://rodenlaw.com/blog/does-workers-compensation-cover-prescriptions/#what-is-covered,2026-09-20,0,1,0,5
https://rodenlaw.com/blog/does-workers-compensation-cover-prescriptions/#what-is-covered,2026-09-26,0,1,0,4
https://rodenlaw.com/blog/does-workers-compensation-cover-prescriptions/#what-is-covered,2026-09-29,0,3,0,11
https://rodenlaw.com/blog/does-workers-compensation-cover-prescriptions/#what-is-covered,2026-10-01,0,2,0,6
https://rodenlaw.com/blog/does-workers-compensation-cover-prescriptions/#what-is-covered,2026-10-02,0,2,0,5.5
https://rodenlaw.com/blog/does-workers-compensation-cover-prescriptions/#what-is-covered,2026-10-03,0,1,0,5
https://rodenlaw.com/blog/does-workers-compensation-cover-prescriptions/#what-is-covered,2026-10-04,0,2,0,5.5
https://rodenlaw.com/blog/dog-bite-laws-south-carolina-charleston/,2026-09-15,0,34,0,30.06
https://rodenlaw.com/blog/dog-bite-laws-south-carolina-charleston/,2026-09-16,0,29,0,21.69
https://rodenlaw.com/blog/dog-bite-laws-south-carolina-charleston/,2026-09-19,0,14,0,10.29
https://rodenlaw.com/blog/dog-bite-laws-south-carolina-charleston/,2026-09-20,0,18,0,27.61
https://rodenlaw.com/blog/dog-bite-laws-south-carolina-charleston/,2026-09-21,0,23,0,11.26
https://rodenlaw.com/blog/dog-bite-laws-south-carolina-charleston/,2026-09-23,0,9,0,17.44
https://rodenlaw.com/blog/dog-bite-laws-south-carolina-charleston/,2026-09-24,0,10,0,14.6
https://rodenlaw.com/blog/dog-bite-laws-south-carolina-charleston/,2026-09-25,0,9,0,7.78
https://rodenlaw.com/blog/dog-bite-laws-south-carolina-charleston/,2026-09-26,0,8,0,15.38
https://rodenlaw.com/blog/dog-bite-laws-south-carolina-charleston/,2026-09-27,0,18,0,25.5
https://rodenlaw.com/blog/dog-bite-laws-south-carolina-charleston/,2026-09-28,0,6,0,7.17
https://rodenlaw.com/blog/dog-bite-laws-south-carolina-charleston/,2026-09-29,0,14,0,11.64
https://rodenlaw.com/blog/dog-bite-laws-south-carolina-charleston/,2026-09-30,0,5,0,20.2
https://rodenlaw.com/blog/dog-bite-laws-south-carolina-charleston/,2026-10-01,0,5,0,21.6
https://rodenlaw.com/blog/dog-bite-laws-south-carolina-charleston/,2026-10-02,0,15,0,21.6
https://rodenlaw.com/blog/dog-bite-laws-south-carolina-charleston/,2026-10-03,0,2,0,49
https://rodenlaw.com/blog/dog-bite-laws-south-carolina-charleston/,2026-10-04,0,6,0,7.83
https://rodenlaw.com/blog/dog-bite-laws-south-carolina-charleston/,2026-10-05,0,2,0,7
https://rodenlaw.com/blog/dog-bite-laws-south-carolina-charleston/#common-injuries,2026-09-15,0,1,0,5
https://rodenlaw.com/blog/dog-bite-laws-south-carolina-charleston/#common-injuries,2026-09-26,0,1,0,6
https://rodenlaw.com/blog/dog-bite-laws-south-carolina-charleston/#comparative-fault,2026-09-26,0,1,0,6
https://rodenlaw.com/blog/dog-bite-laws-south-carolina-charleston/#damages-available,2026-09-26,0,1,0,6
https://rodenlaw.com/blog/dog-bite-laws-south-carolina-charleston/#landlord-liability,2026-09-26,0,1,0,6
https://rodenlaw.com/blog/dog-bite-laws-south-carolina-charleston/#owner-liability-no-prior-knowledge,2026-09-26,0,1,0,6
https://rodenlaw.com/blog/dog-bite-laws-south-carolina-charleston/#sc-strict-liability,2026-09-15,0,1,0,5
https://rodenlaw.com/blog/dog-bite-laws-south-carolina-charleston/#sc-strict-liability,2026-09-26,0,1,0,6
https://rodenlaw.com/blog/dog-bite-laws-south-carolina-charleston/#sc-vs-ga-comparison,2026-09-26,0,1,0,6
https://rodenlaw.com/blog/dog-bite-prevention-tips/,2026-09-25,0,2,0,5
https://rodenlaw.com/blog/dog-bite-prevention-tips/,2026-09-26,0,9,0,7.44
https://rodenlaw.com/blog/dog-bite-prevention-tips/,2026-09-27,0,3,0,27.67
https://rodenlaw.com/blog/dog-bite-prevention-tips/,2026-09-28,0,1,0,9
https://rodenlaw.com/blog/dog-bite-prevention-tips/,2026-09-29,0,11,0,17.36
https://rodenlaw.com/blog/dog-bite-prevention-tips/,2026-09-30,0,44,0,9.07
https://rodenlaw.com/blog/dog-bite-prevention-tips/,2026-10-01,0,21,0,10.67
https://rodenlaw.com/blog/dog-bite-prevention-tips/,2026-10-02,0,13,0,9.62
https://rodenlaw.com/blog/dog-bite-prevention-tips/,2026-10-03,0,17,0,7.59
https://rodenlaw.com/blog/dog-bite-surfside-beach-29575/,2026-09-15,0,1,0,8
https://rodenlaw.com/blog/dog-bite-surfside-beach-29575/,2026-09-16,0,1,0,8
https://rodenlaw.com/blog/dog-bite-surfside-beach-29575/,2026-09-18,0,1,0,10
https://rodenlaw.com/blog/dog-bite-surfside-beach-29575/,2026-09-20,0,1,0,6
https://rodenlaw.com/blog/dog-bite-surfside-beach-29575/,2026-09-21,0,1,0,6
https://rodenlaw.com/blog/dog-bite-surfside-beach-29575/,2026-09-22,0,1,0,6
https://rodenlaw.com/blog/dog-bite-surfside-beach-29575/,2026-09-25,0,1,0,6
https://rodenlaw.com/blog/dog-bite-surfside-beach-29575/,2026-09-27,0,2,0,10
https://rodenlaw.com/blog/dog-bite-surfside-beach-29575/,2026-09-28,0,1,0,15
https://rodenlaw.com/blog/dog-bite-surfside-beach-29575/,2026-09-29,0,4,0,9.25
https://rodenlaw.com/blog/dog-bite-surfside-beach-29575/,2026-09-30,0,1,0,15
https://rodenlaw.com/blog/dog-bite-surfside-beach-29575/,2026-10-01,0,3,0,8
https://rodenlaw.com/blog/dog-bite-surfside-beach-29575/,2026-10-02,0,1,0,16
https://rodenlaw.com/blog/dog-bite-surfside-beach-29575/,2026-10-03,0,2,0,7.5
https://rodenlaw.com/blog/driving-record-and-injury-claim/,2026-09-15,0,20,0,37.15
https://rodenlaw.com/blog/driving-record-and-injury-claim/,2026-09-16,0,28,0,21.96
https://rodenlaw.com/blog/driving-record-and-injury-claim/,2026-09-17,0,16,0,13.5
https://rodenlaw.com/blog/driving-record-and-injury-claim/,2026-09-18,0,18,0,18.22
https://rodenlaw.com/blog/driving-record-and-injury-claim/,2026-09-19,0,4,0,31.5
https://rodenlaw.com/blog/driving-record-and-injury-claim/,2026-09-20,0,9,0,46.44
https://rodenlaw.com/blog/driving-record-and-injury-claim/,2026-09-21,0,17,0,25.82
https://rodenlaw.com/blog/driving-record-and-injury-claim/,2026-09-22,0,11,0,41.45
https://rodenlaw.com/blog/driving-record-and-injury-claim/,2026-09-23,0,7,0,24.57
https://rodenlaw.com/blog/driving-record-and-injury-claim/,2026-09-24,0,5,0,13
https://rodenlaw.com/blog/driving-record-and-injury-claim/,2026-09-25,0,14,0,33
https://rodenlaw.com/blog/driving-record-and-injury-claim/,2026-09-26,0,3,0,22.67
https://rodenlaw.com/blog/driving-record-and-injury-claim/,2026-09-27,0,4,0,13.75
https://rodenlaw.com/blog/driving-record-and-injury-claim/,2026-09-28,0,4,0,8.25
https://rodenlaw.com/blog/driving-record-and-injury-claim/,2026-09-29,0,7,0,8
https://rodenlaw.com/blog/driving-record-and-injury-claim/,2026-09-30,0,5,0,18
https://rodenlaw.com/blog/driving-record-and-injury-claim/,2026-10-01,0,3,0,10
https://rodenlaw.com/blog/driving-record-and-injury-claim/,2026-10-02,0,1,0,11
https://rodenlaw.com/blog/driving-record-and-injury-claim/,2026-10-03,0,3,0,27.33
https://rodenlaw.com/blog/driving-record-and-injury-claim/,2026-10-04,0,4,0,3
https://rodenlaw.com/blog/driving-tips-around-trucks/,2026-09-16,0,1,0,9
https://rodenlaw.com/blog/driving-tips-around-trucks/,2026-09-17,0,4,0,8.25
https://rodenlaw.com/blog/driving-tips-around-trucks/,2026-09-18,0,2,0,26
https://rodenlaw.com/blog/driving-tips-around-trucks/,2026-09-20,0,1,0,9
https://rodenlaw.com/blog/driving-tips-around-trucks/,2026-09-21,0,3,0,9.67
https://rodenlaw.com/blog/driving-tips-around-trucks/,2026-09-22,0,5,0,5.8
https://rodenlaw.com/blog/driving-tips-around-trucks/,2026-09-24,0,7,0,7
https://rodenlaw.com/blog/driving-tips-around-trucks/,2026-09-25,0,5,0,7.2
https://rodenlaw.com/blog/driving-tips-around-trucks/,2026-09-26,0,1,0,11
https://rodenlaw.com/blog/driving-tips-around-trucks/,2026-09-27,0,1,0,7
https://rodenlaw.com/blog/driving-tips-around-trucks/,2026-09-28,0,2,0,10
https://rodenlaw.com/blog/driving-tips-around-trucks/,2026-09-29,0,2,0,12.5
https://rodenlaw.com/blog/driving-tips-around-trucks/,2026-09-30,0,3,0,15.67
https://rodenlaw.com/blog/driving-tips-around-trucks/,2026-10-01,0,2,0,8
https://rodenlaw.com/blog/driving-tips-around-trucks/,2026-10-02,0,3,0,15.33
https://rodenlaw.com/blog/driving-tips-around-trucks/,2026-10-03,0,1,0,4
https://rodenlaw.com/blog/driving-tips-around-trucks/,2026-10-04,0,1,0,12
https://rodenlaw.com/blog/drowsy-driving-epidemic-georgia/,2026-09-22,0,1,0,8
https://rodenlaw.com/blog/drowsy-driving-epidemic-georgia/,2026-09-23,0,1,0,10
https://rodenlaw.com/blog/drowsy-driving-epidemic-georgia/,2026-09-26,0,3,0,9
https://rodenlaw.com/blog/drowsy-driving-epidemic-georgia/,2026-09-27,0,1,0,22
https://rodenlaw.com/blog/drowsy-driving-epidemic-georgia/,2026-09-28,0,2,0,7
https://rodenlaw.com/blog/drowsy-driving-epidemic-georgia/,2026-10-03,0,2,0,55
https://rodenlaw.com/blog/drunk-driver-crash-south-kings-highway-us-17-business-surfside-beach-29575/,2026-09-17,0,2,0,8
https://rodenlaw.com/blog/drunk-driver-crash-south-kings-highway-us-17-business-surfside-beach-29575/,2026-09-18,0,1,0,6
https://rodenlaw.com/blog/drunk-driver-crash-south-kings-highway-us-17-business-surfside-beach-29575/,2026-09-19,0,1,0,11
https://rodenlaw.com/blog/drunk-driver-crash-south-kings-highway-us-17-business-surfside-beach-29575/,2026-09-21,0,1,0,10
https://rodenlaw.com/blog/drunk-driver-crash-south-kings-highway-us-17-business-surfside-beach-29575/,2026-09-22,0,1,0,6
https://rodenlaw.com/blog/drunk-driver-crash-south-kings-highway-us-17-business-surfside-beach-29575/,2026-09-25,0,2,0,5
https://rodenlaw.com/blog/drunk-driver-crash-south-kings-highway-us-17-business-surfside-beach-29575/,2026-09-26,0,3,0,9
https://rodenlaw.com/blog/drunk-driver-crash-south-kings-highway-us-17-business-surfside-beach-29575/,2026-09-27,0,3,0,8
https://rodenlaw.com/blog/drunk-driver-crash-south-kings-highway-us-17-business-surfside-beach-29575/,2026-09-28,0,7,0,10.43
https://rodenlaw.com/blog/drunk-driver-crash-south-kings-highway-us-17-business-surfside-beach-29575/,2026-09-29,0,2,0,10
https://rodenlaw.com/blog/drunk-driver-crash-south-kings-highway-us-17-business-surfside-beach-29575/,2026-09-30,0,3,0,14.33
https://rodenlaw.com/blog/drunk-driver-crash-south-kings-highway-us-17-business-surfside-beach-29575/,2026-10-01,0,5,0,10.4
https://rodenlaw.com/blog/drunk-driver-crash-south-kings-highway-us-17-business-surfside-beach-29575/,2026-10-02,0,18,0,9.5
https://rodenlaw.com/blog/drunk-driver-crash-south-kings-highway-us-17-business-surfside-beach-29575/,2026-10-03,0,7,0,11.29
https://rodenlaw.com/blog/drunk-driver-crash-south-kings-highway-us-17-business-surfside-beach-29575/,2026-10-04,0,4,0,10
https://rodenlaw.com/blog/drunk-driver-crash-south-kings-highway-us-17-business-surfside-beach-29575/,2026-10-05,0,3,0,16.67
https://rodenlaw.com/blog/drunk-pedestrian-injury-claims/,2026-09-15,0,3,0,5.67
https://rodenlaw.com/blog/drunk-pedestrian-injury-claims/,2026-09-16,0,11,0,9.27
https://rodenlaw.com/blog/drunk-pedestrian-injury-claims/,2026-09-17,0,13,0,16.15
https://rodenlaw.com/blog/drunk-pedestrian-injury-claims/,2026-09-18,0,6,0,3.5
https://rodenlaw.com/blog/drunk-pedestrian-injury-claims/,2026-09-19,0,4,0,2.75
https://rodenlaw.com/blog/drunk-pedestrian-injury-claims/,2026-09-20,0,9,0,4.89
https://rodenlaw.com/blog/drunk-pedestrian-injury-claims/,2026-09-21,0,5,0,13.8
https://rodenlaw.com/blog/drunk-pedestrian-injury-claims/,2026-09-23,0,6,0,7.33
https://rodenlaw.com/blog/drunk-pedestrian-injury-claims/,2026-09-24,0,2,0,7.5
https://rodenlaw.com/blog/drunk-pedestrian-injury-claims/,2026-09-25,0,2,0,6
https://rodenlaw.com/blog/drunk-pedestrian-injury-claims/,2026-09-26,0,3,0,3.67
https://rodenlaw.com/blog/drunk-pedestrian-injury-claims/,2026-09-27,0,2,0,1
https://rodenlaw.com/blog/drunk-pedestrian-injury-claims/,2026-09-28,0,7,0,7.29
https://rodenlaw.com/blog/drunk-pedestrian-injury-claims/,2026-09-29,0,1,0,8
https://rodenlaw.com/blog/drunk-pedestrian-injury-claims/,2026-09-30,0,2,0,3
https://rodenlaw.com/blog/drunk-pedestrian-injury-claims/,2026-10-01,0,5,0,3.8
https://rodenlaw.com/blog/drunk-pedestrian-injury-claims/,2026-10-02,0,5,0,8.2
https://rodenlaw.com/blog/drunk-pedestrian-injury-claims/,2026-10-03,0,9,0,3.22
https://rodenlaw.com/blog/drunk-pedestrian-injury-claims/,2026-10-04,0,3,0,3.33
https://rodenlaw.com/blog/drunk-pedestrian-injury-claims/,2026-10-05,0,1,0,1
https://rodenlaw.com/blog/duty-of-care-personal-injury-claim/,2026-09-17,0,1,0,6
https://rodenlaw.com/blog/duty-of-care-personal-injury-claim/,2026-09-18,0,1,0,6
https://rodenlaw.com/blog/duty-of-care-personal-injury-claim/,2026-09-19,0,2,0,63
https://rodenlaw.com/blog/duty-of-care-personal-injury-claim/,2026-09-20,0,1,0,10
https://rodenlaw.com/blog/duty-of-care-personal-injury-claim/,2026-09-21,0,1,0,10
https://rodenlaw.com/blog/duty-of-care-personal-injury-claim/,2026-09-23,0,1,0,5
https://rodenlaw.com/blog/duty-of-care-personal-injury-claim/,2026-09-24,0,5,0,3
https://rodenlaw.com/blog/duty-of-care-personal-injury-claim/,2026-09-26,0,2,0,8.5
https://rodenlaw.com/blog/duty-of-care-personal-injury-claim/,2026-09-28,0,3,0,20.33
https://rodenlaw.com/blog/duty-of-care-personal-injury-claim/,2026-09-29,0,1,0,89
https://rodenlaw.com/blog/duty-of-care-personal-injury-claim/,2026-09-30,0,1,0,2
https://rodenlaw.com/blog/duty-of-care-personal-injury-claim/,2026-10-01,0,1,0,4
https://rodenlaw.com/blog/duty-of-care-personal-injury-claim/,2026-10-02,0,1,0,11
https://rodenlaw.com/blog/duty-of-care-personal-injury-claim/,2026-10-03,0,1,0,57
https://rodenlaw.com/blog/east-bay-street-savannah-pedestrian-accident-lawyer/,2026-09-16,0,2,0,2.5
https://rodenlaw.com/blog/east-bay-street-savannah-pedestrian-accident-lawyer/,2026-09-23,0,1,0,9
https://rodenlaw.com/blog/east-bay-street-savannah-pedestrian-accident-lawyer/,2026-09-28,0,1,0,9
https://rodenlaw.com/blog/east-bay-street-savannah-pedestrian-accident-lawyer/,2026-10-05,0,2,0,35
https://rodenlaw.com/blog/eastern-wharf-harbor-street-electric-scooter-accident-lawyer/,2026-09-25,0,2,0,10
https://rodenlaw.com/blog/eastern-wharf-harbor-street-electric-scooter-accident-lawyer/,2026-09-26,0,3,0,11.33
https://rodenlaw.com/blog/eastern-wharf-harbor-street-electric-scooter-accident-lawyer/,2026-09-27,0,1,0,10
https://rodenlaw.com/blog/eastern-wharf-harbor-street-electric-scooter-accident-lawyer/,2026-09-29,0,1,0,11
https://rodenlaw.com/blog/eastern-wharf-savannah-pedestrian-bike-accidents/,2026-09-16,0,1,0,11
https://rodenlaw.com/blog/eastern-wharf-savannah-pedestrian-bike-accidents/,2026-09-26,0,1,0,4
https://rodenlaw.com/blog/eastern-wharf-savannah-pedestrian-bike-accidents/,2026-09-27,0,5,0,6.6
https://rodenlaw.com/blog/eastern-wharf-savannah-pedestrian-bike-accidents/,2026-09-28,0,1,0,5
https://rodenlaw.com/blog/eastern-wharf-savannah-pedestrian-bike-accidents/,2026-09-30,0,2,0,10
https://rodenlaw.com/blog/eastern-wharf-savannah-pedestrian-bike-accidents/,2026-10-01,0,1,0,10
https://rodenlaw.com/blog/eastern-wharf-savannah-pedestrian-bike-accidents/,2026-10-03,0,1,0,10
https://rodenlaw.com/blog/eastern-wharf-savannah-pedestrian-bike-accidents/,2026-10-04,0,2,0,5.5
https://rodenlaw.com/blog/edmund-highway-lexington-county-car-accident-lawyer/,2026-09-17,0,1,0,9
https://rodenlaw.com/blog/edmund-highway-lexington-county-car-accident-lawyer/,2026-09-19,0,2,0,6.5
https://rodenlaw.com/blog/edmund-highway-lexington-county-car-accident-lawyer/,2026-09-23,0,2,0,10.5
https://rodenlaw.com/blog/edmund-highway-lexington-county-car-accident-lawyer/,2026-09-24,0,1,0,10
https://rodenlaw.com/blog/edmund-highway-lexington-county-car-accident-lawyer/,2026-09-27,0,1,0,7
https://rodenlaw.com/blog/edmund-highway-lexington-county-car-accident-lawyer/,2026-10-03,0,1,0,17
https://rodenlaw.com/blog/emergency-room-errors-charleston-misdiagnosis-malpractice/,2026-09-15,0,26,0,10.96
https://rodenlaw.com/blog/emergency-room-errors-charleston-misdiagnosis-malpractice/,2026-09-16,0,6,0,11.17
https://rodenlaw.com/blog/emergency-room-errors-charleston-misdiagnosis-malpractice/,2026-09-17,0,3,0,9.33
https://rodenlaw.com/blog/emergency-room-errors-charleston-misdiagnosis-malpractice/,2026-09-18,0,16,0,9.06
https://rodenlaw.com/blog/emergency-room-errors-charleston-misdiagnosis-malpractice/,2026-09-19,0,22,0,10.32
https://rodenlaw.com/blog/emergency-room-errors-charleston-misdiagnosis-malpractice/,2026-09-20,0,20,0,10.4
https://rodenlaw.com/blog/emergency-room-errors-charleston-misdiagnosis-malpractice/,2026-09-21,0,24,0,10.67
https://rodenlaw.com/blog/emergency-room-errors-charleston-misdiagnosis-malpractice/,2026-09-22,0,17,0,10.71
https://rodenlaw.com/blog/emergency-room-errors-charleston-misdiagnosis-malpractice/,2026-09-23,0,32,0,10.44
https://rodenlaw.com/blog/emergency-room-errors-charleston-misdiagnosis-malpractice/,2026-09-24,0,40,0,10.65
https://rodenlaw.com/blog/emergency-room-errors-charleston-misdiagnosis-malpractice/,2026-09-25,0,7,0,12.57
https://rodenlaw.com/blog/emergency-room-errors-charleston-misdiagnosis-malpractice/,2026-09-26,0,8,0,9
https://rodenlaw.com/blog/emergency-room-errors-charleston-misdiagnosis-malpractice/,2026-09-27,0,12,0,22.33
https://rodenlaw.com/blog/emergency-room-errors-charleston-misdiagnosis-malpractice/,2026-09-28,0,4,0,8.75
https://rodenlaw.com/blog/emergency-room-errors-charleston-misdiagnosis-malpractice/,2026-09-29,0,8,0,17.25
https://rodenlaw.com/blog/emergency-room-errors-charleston-misdiagnosis-malpractice/,2026-09-30,0,1,0,7
https://rodenlaw.com/blog/emergency-room-errors-charleston-misdiagnosis-malpractice/,2026-10-01,0,2,0,9.5
https://rodenlaw.com/blog/emergency-room-errors-charleston-misdiagnosis-malpractice/,2026-10-02,0,1,0,2
https://rodenlaw.com/blog/emergency-room-errors-charleston-misdiagnosis-malpractice/,2026-10-03,0,3,0,9
https://rodenlaw.com/blog/emergency-room-errors-charleston-misdiagnosis-malpractice/,2026-10-04,0,3,0,12.67
https://rodenlaw.com/blog/eulonia-us-17-ocean-highway-rideshare-uber-accident-lawyer-mcintosh-county/,2026-09-15,0,1,0,9
https://rodenlaw.com/blog/eulonia-us-17-ocean-highway-rideshare-uber-accident-lawyer-mcintosh-county/,2026-09-19,0,2,0,12.5
https://rodenlaw.com/blog/eulonia-us-17-ocean-highway-rideshare-uber-accident-lawyer-mcintosh-county/,2026-09-20,0,1,0,18
https://rodenlaw.com/blog/eulonia-us-17-ocean-highway-rideshare-uber-accident-lawyer-mcintosh-county/,2026-09-21,0,1,0,10
https://rodenlaw.com/blog/eulonia-us-17-ocean-highway-rideshare-uber-accident-lawyer-mcintosh-county/,2026-09-23,0,2,0,9.5
https://rodenlaw.com/blog/eulonia-us-17-ocean-highway-rideshare-uber-accident-lawyer-mcintosh-county/,2026-09-24,0,3,0,7.67
https://rodenlaw.com/blog/eulonia-us-17-ocean-highway-rideshare-uber-accident-lawyer-mcintosh-county/,2026-09-26,0,1,0,8
https://rodenlaw.com/blog/eulonia-us-17-ocean-highway-rideshare-uber-accident-lawyer-mcintosh-county/,2026-09-27,0,1,0,8
https://rodenlaw.com/blog/eulonia-us-17-ocean-highway-rideshare-uber-accident-lawyer-mcintosh-county/,2026-09-28,0,2,0,12
https://rodenlaw.com/blog/eulonia-us-17-ocean-highway-rideshare-uber-accident-lawyer-mcintosh-county/,2026-09-30,0,3,0,12
https://rodenlaw.com/blog/eulonia-us-17-ocean-highway-rideshare-uber-accident-lawyer-mcintosh-county/,2026-10-01,0,1,0,12
https://rodenlaw.com/blog/eulonia-us-17-ocean-highway-rideshare-uber-accident-lawyer-mcintosh-county/,2026-10-03,0,1,0,12
https://rodenlaw.com/blog/expert-witness-testimony/,2026-09-25,0,1,0,8
https://rodenlaw.com/blog/fault-for-car-accident/,2026-09-15,0,1,0,1
https://rodenlaw.com/blog/fault-for-car-accident/,2026-09-18,0,2,0,8
https://rodenlaw.com/blog/fault-for-car-accident/,2026-09-19,0,6,0,35.67
https://rodenlaw.com/blog/fault-for-car-accident/,2026-09-20,0,6,0,33.83
https://rodenlaw.com/blog/fault-for-car-accident/,2026-09-21,0,4,0,32.75
https://rodenlaw.com/blog/fault-for-car-accident/,2026-09-22,0,4,0,5.5
https://rodenlaw.com/blog/fault-for-car-accident/,2026-09-23,0,2,0,6.5
https://rodenlaw.com/blog/fault-for-car-accident/,2026-09-24,0,3,0,7.67
https://rodenlaw.com/blog/fault-for-car-accident/,2026-09-25,0,7,0,10.14
https://rodenlaw.com/blog/fault-for-car-accident/,2026-09-26,0,1,0,1
https://rodenlaw.com/blog/fault-for-car-accident/,2026-09-27,0,5,0,61.8
https://rodenlaw.com/blog/fault-for-car-accident/,2026-09-28,0,8,0,8.88
https://rodenlaw.com/blog/fault-for-car-accident/,2026-09-29,0,12,0,25.25
https://rodenlaw.com/blog/fault-for-car-accident/,2026-09-30,0,10,0,18.6
https://rodenlaw.com/blog/fault-for-car-accident/,2026-10-01,0,1,0,5
https://rodenlaw.com/blog/fault-for-car-accident/,2026-10-02,0,2,0,48.5
https://rodenlaw.com/blog/fault-for-car-accident/,2026-10-03,0,3,0,35
https://rodenlaw.com/blog/fault-for-car-accident/,2026-10-04,0,2,0,7.5
https://rodenlaw.com/blog/fault-vs-no-fault-car-insurance/,2026-09-15,0,237,0,21.05
https://rodenlaw.com/blog/fault-vs-no-fault-car-insurance/,2026-09-16,0,233,0,17.93
https://rodenlaw.com/blog/fault-vs-no-fault-car-insurance/,2026-09-17,0,184,0,12.71
https://rodenlaw.com/blog/fault-vs-no-fault-car-insurance/,2026-09-18,0,217,0,15.49
https://rodenlaw.com/blog/fault-vs-no-fault-car-insurance/,2026-09-20,0,155,0,16.04
https://rodenlaw.com/blog/fault-vs-no-fault-car-insurance/,2026-09-21,0,193,0,14.68
https://rodenlaw.com/blog/fault-vs-no-fault-car-insurance/,2026-09-22,0,162,0,23.43
https://rodenlaw.com/blog/fault-vs-no-fault-car-insurance/,2026-09-23,0,150,0,17.29
https://rodenlaw.com/blog/fault-vs-no-fault-car-insurance/,2026-09-24,0,156,0,22.45
https://rodenlaw.com/blog/fault-vs-no-fault-car-insurance/,2026-09-25,0,120,0,18.05
https://rodenlaw.com/blog/fault-vs-no-fault-car-insurance/,2026-09-26,0,130,0,18.66
https://rodenlaw.com/blog/fault-vs-no-fault-car-insurance/,2026-09-27,0,149,0,23.36
https://rodenlaw.com/blog/fault-vs-no-fault-car-insurance/,2026-09-28,0,150,0,18.44
https://rodenlaw.com/blog/fault-vs-no-fault-car-insurance/,2026-09-29,0,167,0,20.06
https://rodenlaw.com/blog/fault-vs-no-fault-car-insurance/,2026-09-30,0,152,0,24.25
https://rodenlaw.com/blog/fault-vs-no-fault-car-insurance/,2026-10-01,0,130,0,23.15
https://rodenlaw.com/blog/fault-vs-no-fault-car-insurance/,2026-10-02,0,135,0,25.15
https://rodenlaw.com/blog/fault-vs-no-fault-car-insurance/,2026-10-03,0,125,0,23.83
https://rodenlaw.com/blog/fault-vs-no-fault-car-insurance/#comparative-fault-rules,2026-09-15,0,38,0,5.26
https://rodenlaw.com/blog/fault-vs-no-fault-car-insurance/#comparative-fault-rules,2026-09-16,0,42,0,5.17
https://rodenlaw.com/blog/fault-vs-no-fault-car-insurance/#comparative-fault-rules,2026-09-17,0,36,0,4.72
https://rodenlaw.com/blog/fault-vs-no-fault-car-insurance/#comparative-fault-rules,2026-09-18,0,46,0,5.2
https://rodenlaw.com/blog/fault-vs-no-fault-car-insurance/#comparative-fault-rules,2026-09-19,0,30,0,5.37
https://rodenlaw.com/blog/fault-vs-no-fault-car-insurance/#comparative-fault-rules,2026-09-20,0,36,0,5.31
https://rodenlaw.com/blog/fault-vs-no-fault-car-insurance/#comparative-fault-rules,2026-09-21,0,48,0,5.1
https://rodenlaw.com/blog/fault-vs-no-fault-car-insurance/#comparative-fault-rules,2026-09-22,0,40,0,5.8
https://rodenlaw.com/blog/fault-vs-no-fault-car-insurance/#comparative-fault-rules,2026-09-23,0,42,0,5.69
https://rodenlaw.com/blog/fault-vs-no-fault-car-insurance/#comparative-fault-rules,2026-09-24,0,42,0,5.71
https://rodenlaw.com/blog/fault-vs-no-fault-car-insurance/#comparative-fault-rules,2026-09-25,0,34,0,5.65
https://rodenlaw.com/blog/fault-vs-no-fault-car-insurance/#comparative-fault-rules,2026-09-26,0,44,0,5.61
https://rodenlaw.com/blog/fault-vs-no-fault-car-insurance/#comparative-fault-rules,2026-09-27,0,31,0,5.55
https://rodenlaw.com/blog/fault-vs-no-fault-car-insurance/#comparative-fault-rules,2026-09-28,0,41,0,5.41
https://rodenlaw.com/blog/fault-vs-no-fault-car-insurance/#comparative-fault-rules,2026-09-29,0,29,0,5.41
https://rodenlaw.com/blog/fault-vs-no-fault-car-insurance/#comparative-fault-rules,2026-09-30,0,35,0,5.69
https://rodenlaw.com/blog/fault-vs-no-fault-car-insurance/#comparative-fault-rules,2026-10-01,0,27,0,5.96
https://rodenlaw.com/blog/fault-vs-no-fault-car-insurance/#comparative-fault-rules,2026-10-02,0,30,0,5.87
https://rodenlaw.com/blog/fault-vs-no-fault-car-insurance/#comparative-fault-rules,2026-10-03,0,29,0,5.38
https://rodenlaw.com/blog/fault-vs-no-fault-car-insurance/#comparative-fault-rules,2026-10-04,0,38,0,4.55
https://rodenlaw.com/blog/fault-vs-no-fault-car-insurance/#comparative-fault-rules,2026-10-05,0,10,0,6.3
https://rodenlaw.com/blog/fault-vs-no-fault-car-insurance/#fault-vs-no-fault,2026-09-15,0,55,0,5.2
https://rodenlaw.com/blog/fault-vs-no-fault-car-insurance/#fault-vs-no-fault,2026-09-16,0,69,0,5.07
https://rodenlaw.com/blog/fault-vs-no-fault-car-insurance/#fault-vs-no-fault,2026-09-17,0,61,0,4.82
https://rodenlaw.com/blog/fault-vs-no-fault-car-insurance/#fault-vs-no-fault,2026-09-18,0,65,0,5.11
https://rodenlaw.com/blog/fault-vs-no-fault-car-insurance/#fault-vs-no-fault,2026-09-19,0,44,0,4.95
https://rodenlaw.com/blog/fault-vs-no-fault-car-insurance/#fault-vs-no-fault,2026-09-20,0,47,0,5.23
https://rodenlaw.com/blog/fault-vs-no-fault-car-insurance/#fault-vs-no-fault,2026-09-21,0,74,0,4.97
https://rodenlaw.com/blog/fault-vs-no-fault-car-insurance/#fault-vs-no-fault,2026-09-22,0,61,0,5.69
https://rodenlaw.com/blog/fault-vs-no-fault-car-insurance/#fault-vs-no-fault,2026-09-23,0,69,0,5.48
https://rodenlaw.com/blog/fault-vs-no-fault-car-insurance/#fault-vs-no-fault,2026-09-24,0,67,0,5.37
https://rodenlaw.com/blog/fault-vs-no-fault-car-insurance/#fault-vs-no-fault,2026-09-25,0,46,0,5.39
https://rodenlaw.com/blog/fault-vs-no-fault-car-insurance/#fault-vs-no-fault,2026-09-26,0,53,0,5.6
https://rodenlaw.com/blog/fault-vs-no-fault-car-insurance/#fault-vs-no-fault,2026-09-27,0,51,0,5.45
https://rodenlaw.com/blog/fault-vs-no-fault-car-insurance/#fault-vs-no-fault,2026-09-28,0,62,0,5.61
https://rodenlaw.com/blog/fault-vs-no-fault-car-insurance/#fault-vs-no-fault,2026-09-29,0,50,0,5.36
https://rodenlaw.com/blog/fault-vs-no-fault-car-insurance/#fault-vs-no-fault,2026-09-30,0,55,0,5.95
https://rodenlaw.com/blog/fault-vs-no-fault-car-insurance/#fault-vs-no-fault,2026-10-01,0,50,0,5.58
https://rodenlaw.com/blog/fault-vs-no-fault-car-insurance/#fault-vs-no-fault,2026-10-02,0,45,0,5.98
https://rodenlaw.com/blog/fault-vs-no-fault-car-insurance/#fault-vs-no-fault,2026-10-03,0,40,0,5.12
https://rodenlaw.com/blog/fault-vs-no-fault-car-insurance/#fault-vs-no-fault,2026-10-04,0,50,0,4.62
https://rodenlaw.com/blog/fault-vs-no-fault-car-insurance/#fault-vs-no-fault,2026-10-05,0,17,0,5.88
https://rodenlaw.com/blog/fault-vs-no-fault-car-insurance/#georgia-fault-system,2026-09-15,0,51,0,5.22
https://rodenlaw.com/blog/fault-vs-no-fault-car-insurance/#georgia-fault-system,2026-09-16,0,68,0,4.97
https://rodenlaw.com/blog/fault-vs-no-fault-car-insurance/#georgia-fault-system,2026-09-17,0,54,0,4.67
https://rodenlaw.com/blog/fault-vs-no-fault-car-insurance/#georgia-fault-system,2026-09-18,0,64,0,5
https://rodenlaw.com/blog/fault-vs-no-fault-car-insurance/#georgia-fault-system,2026-09-19,0,40,0,5.03
https://rodenlaw.com/blog/fault-vs-no-fault-car-insurance/#georgia-fault-system,2026-09-20,0,47,0,5.02
https://rodenlaw.com/blog/fault-vs-no-fault-car-insurance/#georgia-fault-system,2026-09-21,0,68,0,4.96
https://rodenlaw.com/blog/fault-vs-no-fault-car-insurance/#georgia-fault-system,2026-09-22,0,58,0,5.78
https://rodenlaw.com/blog/fault-vs-no-fault-car-insurance/#georgia-fault-system,2026-09-23,0,61,0,5.56
https://rodenlaw.com/blog/fault-vs-no-fault-car-insurance/#georgia-fault-system,2026-09-24,0,61,0,5.41
https://rodenlaw.com/blog/fault-vs-no-fault-car-insurance/#georgia-fault-system,2026-09-25,0,43,0,5.49
https://rodenlaw.com/blog/fault-vs-no-fault-car-insurance/#georgia-fault-system,2026-09-26,0,51,0,5.67
https://rodenlaw.com/blog/fault-vs-no-fault-car-insurance/#georgia-fault-system,2026-09-27,0,48,0,5.31
https://rodenlaw.com/blog/fault-vs-no-fault-car-insurance/#georgia-fault-system,2026-09-28,0,54,0,5.67
https://rodenlaw.com/blog/fault-vs-no-fault-car-insurance/#georgia-fault-system,2026-09-29,0,48,0,5.42
https://rodenlaw.com/blog/fault-vs-no-fault-car-insurance/#georgia-fault-system,2026-09-30,0,53,0,5.94
https://rodenlaw.com/blog/fault-vs-no-fault-car-insurance/#georgia-fault-system,2026-10-01,0,46,0,5.63
https://rodenlaw.com/blog/fault-vs-no-fault-car-insurance/#georgia-fault-system,2026-10-02,0,42,0,6.1
https://rodenlaw.com/blog/fault-vs-no-fault-car-insurance/#georgia-fault-system,2026-10-03,0,35,0,5.23
https://rodenlaw.com/blog/fault-vs-no-fault-car-insurance/#georgia-fault-system,2026-10-04,0,41,0,4.59
https://rodenlaw.com/blog/fault-vs-no-fault-car-insurance/#georgia-fault-system,2026-10-05,0,11,0,6.36
https://rodenlaw.com/blog/fault-vs-no-fault-car-insurance/#how-fault-states-work,2026-09-15,0,38,0,5.26
https://rodenlaw.com/blog/fault-vs-no-fault-car-insurance/#how-fault-states-work,2026-09-16,0,45,0,5
https://rodenlaw.com/blog/fault-vs-no-fault-car-insurance/#how-fault-states-work,2026-09-17,0,38,0,4.58
https://rodenlaw.com/blog/fault-vs-no-fault-car-insurance/#how-fault-states-work,2026-09-18,0,50,0,4.94
https://rodenlaw.com/blog/fault-vs-no-fault-car-insurance/#how-fault-states-work,2026-09-19,0,31,0,5.26
https://rodenlaw.com/blog/fault-vs-no-fault-car-insurance/#how-fault-states-work,2026-09-20,0,38,0,5.13
https://rodenlaw.com/blog/fault-vs-no-fault-car-insurance/#how-fault-states-work,2026-09-21,0,50,0,5.06
https://rodenlaw.com/blog/fault-vs-no-fault-car-insurance/#how-fault-states-work,2026-09-22,0,42,0,5.79
https://rodenlaw.com/blog/fault-vs-no-fault-car-insurance/#how-fault-states-work,2026-09-23,0,42,0,5.69
https://rodenlaw.com/blog/fault-vs-no-fault-car-insurance/#how-fault-states-work,2026-09-24,0,43,0,5.7
https://rodenlaw.com/blog/fault-vs-no-fault-car-insurance/#how-fault-states-work,2026-09-25,0,35,0,5.74
https://rodenlaw.com/blog/fault-vs-no-fault-car-insurance/#how-fault-states-work,2026-09-26,0,44,0,5.61
https://rodenlaw.com/blog/fault-vs-no-fault-car-insurance/#how-fault-states-work,2026-09-27,0,30,0,5.63
https://rodenlaw.com/blog/fault-vs-no-fault-car-insurance/#how-fault-states-work,2026-09-28,0,41,0,5.41
https://rodenlaw.com/blog/fault-vs-no-fault-car-insurance/#how-fault-states-work,2026-09-29,0,30,0,5.43
https://rodenlaw.com/blog/fault-vs-no-fault-car-insurance/#how-fault-states-work,2026-09-30,0,37,0,5.81
https://rodenlaw.com/blog/fault-vs-no-fault-car-insurance/#how-fault-states-work,2026-10-01,0,28,0,6.14
https://rodenlaw.com/blog/fault-vs-no-fault-car-insurance/#how-fault-states-work,2026-10-02,0,31,0,5.84
https://rodenlaw.com/blog/fault-vs-no-fault-car-insurance/#how-fault-states-work,2026-10-03,0,29,0,5.38
https://rodenlaw.com/blog/fault-vs-no-fault-car-insurance/#how-fault-states-work,2026-10-04,0,40,0,4.6
https://rodenlaw.com/blog/fault-vs-no-fault-car-insurance/#how-fault-states-work,2026-10-05,0,11,0,6.36
https://rodenlaw.com/blog/fault-vs-no-fault-car-insurance/#how-no-fault-states-work,2026-09-15,0,46,0,5.22
https://rodenlaw.com/blog/fault-vs-no-fault-car-insurance/#how-no-fault-states-work,2026-09-16,0,46,0,5.15
https://rodenlaw.com/blog/fault-vs-no-fault-car-insurance/#how-no-fault-states-work,2026-09-17,0,45,0,4.8
https://rodenlaw.com/blog/fault-vs-no-fault-car-insurance/#how-no-fault-states-work,2026-09-18,0,51,0,5.08
https://rodenlaw.com/blog/fault-vs-no-fault-car-insurance/#how-no-fault-states-work,2026-09-19,0,35,0,5.14
https://rodenlaw.com/blog/fault-vs-no-fault-car-insurance/#how-no-fault-states-work,2026-09-20,0,38,0,5.39
https://rodenlaw.com/blog/fault-vs-no-fault-car-insurance/#how-no-fault-states-work,2026-09-21,0,56,0,5.07
https://rodenlaw.com/blog/fault-vs-no-fault-car-insurance/#how-no-fault-states-work,2026-09-22,0,45,0,5.67
https://rodenlaw.com/blog/fault-vs-no-fault-car-insurance/#how-no-fault-states-work,2026-09-23,0,52,0,5.5
https://rodenlaw.com/blog/fault-vs-no-fault-car-insurance/#how-no-fault-states-work,2026-09-24,0,49,0,5.61
https://rodenlaw.com/blog/fault-vs-no-fault-car-insurance/#how-no-fault-states-work,2026-09-25,0,38,0,5.61
https://rodenlaw.com/blog/fault-vs-no-fault-car-insurance/#how-no-fault-states-work,2026-09-26,0,46,0,5.54
https://rodenlaw.com/blog/fault-vs-no-fault-car-insurance/#how-no-fault-states-work,2026-09-27,0,34,0,5.74
https://rodenlaw.com/blog/fault-vs-no-fault-car-insurance/#how-no-fault-states-work,2026-09-28,0,51,0,5.47
https://rodenlaw.com/blog/fault-vs-no-fault-car-insurance/#how-no-fault-states-work,2026-09-29,0,32,0,5.34
https://rodenlaw.com/blog/fault-vs-no-fault-car-insurance/#how-no-fault-states-work,2026-09-30,0,39,0,5.82
https://rodenlaw.com/blog/fault-vs-no-fault-car-insurance/#how-no-fault-states-work,2026-10-01,0,32,0,6
https://rodenlaw.com/blog/fault-vs-no-fault-car-insurance/#how-no-fault-states-work,2026-10-02,0,34,0,5.71
https://rodenlaw.com/blog/fault-vs-no-fault-car-insurance/#how-no-fault-states-work,2026-10-03,0,34,0,5.24
https://rodenlaw.com/blog/fault-vs-no-fault-car-insurance/#how-no-fault-states-work,2026-10-04,0,49,0,4.61
https://rodenlaw.com/blog/fault-vs-no-fault-car-insurance/#how-no-fault-states-work,2026-10-05,0,17,0,5.88
https://rodenlaw.com/blog/fault-vs-no-fault-car-insurance/#key-differences,2026-09-15,0,38,0,5.26
https://rodenlaw.com/blog/fault-vs-no-fault-car-insurance/#key-differences,2026-09-16,0,42,0,5.17
https://rodenlaw.com/blog/fault-vs-no-fault-car-insurance/#key-differences,2026-09-17,0,36,0,4.72
https://rodenlaw.com/blog/fault-vs-no-fault-car-insurance/#key-differences,2026-09-18,0,46,0,5.2
https://rodenlaw.com/blog/fault-vs-no-fault-car-insurance/#key-differences,2026-09-19,0,30,0,5.37
https://rodenlaw.com/blog/fault-vs-no-fault-car-insurance/#key-differences,2026-09-20,0,36,0,5.31
https://rodenlaw.com/blog/fault-vs-no-fault-car-insurance/#key-differences,2026-09-21,0,48,0,5.1
https://rodenlaw.com/blog/fault-vs-no-fault-car-insurance/#key-differences,2026-09-22,0,40,0,5.8
https://rodenlaw.com/blog/fault-vs-no-fault-car-insurance/#key-differences,2026-09-23,0,42,0,5.69
https://rodenlaw.com/blog/fault-vs-no-fault-car-insurance/#key-differences,2026-09-24,0,42,0,5.71
https://rodenlaw.com/blog/fault-vs-no-fault-car-insurance/#key-differences,2026-09-25,0,34,0,5.65
https://rodenlaw.com/blog/fault-vs-no-fault-car-insurance/#key-differences,2026-09-26,0,44,0,5.61
https://rodenlaw.com/blog/fault-vs-no-fault-car-insurance/#key-differences,2026-09-27,0,30,0,5.63
https://rodenlaw.com/blog/fault-vs-no-fault-car-insurance/#key-differences,2026-09-28,0,41,0,5.41
https://rodenlaw.com/blog/fault-vs-no-fault-car-insurance/#key-differences,2026-09-29,0,29,0,5.41
https://rodenlaw.com/blog/fault-vs-no-fault-car-insurance/#key-differences,2026-09-30,0,35,0,5.69
https://rodenlaw.com/blog/fault-vs-no-fault-car-insurance/#key-differences,2026-10-01,0,27,0,5.96
https://rodenlaw.com/blog/fault-vs-no-fault-car-insurance/#key-differences,2026-10-02,0,30,0,5.87
https://rodenlaw.com/blog/fault-vs-no-fault-car-insurance/#key-differences,2026-10-03,0,29,0,5.38
https://rodenlaw.com/blog/fault-vs-no-fault-car-insurance/#key-differences,2026-10-04,0,39,0,4.59
https://rodenlaw.com/blog/fault-vs-no-fault-car-insurance/#key-differences,2026-10-05,0,11,0,6.36
https://rodenlaw.com/blog/fault-vs-no-fault-car-insurance/#south-carolina-fault-system,2026-09-15,0,38,0,5.26
https://rodenlaw.com/blog/fault-vs-no-fault-car-insurance/#south-carolina-fault-system,2026-09-16,0,42,0,5.17
https://rodenlaw.com/blog/fault-vs-no-fault-car-insurance/#south-carolina-fault-system,2026-09-17,0,36,0,4.72
https://rodenlaw.com/blog/fault-vs-no-fault-car-insurance/#south-carolina-fault-system,2026-09-18,0,46,0,5.2
https://rodenlaw.com/blog/fault-vs-no-fault-car-insurance/#south-carolina-fault-system,2026-09-19,0,30,0,5.37
https://rodenlaw.com/blog/fault-vs-no-fault-car-insurance/#south-carolina-fault-system,2026-09-20,0,36,0,5.31
https://rodenlaw.com/blog/fault-vs-no-fault-car-insurance/#south-carolina-fault-system,2026-09-21,0,48,0,5.1
https://rodenlaw.com/blog/fault-vs-no-fault-car-insurance/#south-carolina-fault-system,2026-09-22,0,40,0,5.8
https://rodenlaw.com/blog/fault-vs-no-fault-car-insurance/#south-carolina-fault-system,2026-09-23,0,42,0,5.69
https://rodenlaw.com/blog/fault-vs-no-fault-car-insurance/#south-carolina-fault-system,2026-09-24,0,42,0,5.71
https://rodenlaw.com/blog/fault-vs-no-fault-car-insurance/#south-carolina-fault-system,2026-09-25,0,34,0,5.65
https://rodenlaw.com/blog/fault-vs-no-fault-car-insurance/#south-carolina-fault-system,2026-09-26,0,44,0,5.61
https://rodenlaw.com/blog/fault-vs-no-fault-car-insurance/#south-carolina-fault-system,2026-09-27,0,30,0,5.63
https://rodenlaw.com/blog/fault-vs-no-fault-car-insurance/#south-carolina-fault-system,2026-09-28,0,43,0,5.51
https://rodenlaw.com/blog/fault-vs-no-fault-car-insurance/#south-carolina-fault-system,2026-09-29,0,29,0,5.41
https://rodenlaw.com/blog/fault-vs-no-fault-car-insurance/#south-carolina-fault-system,2026-09-30,0,35,0,5.69
https://rodenlaw.com/blog/fault-vs-no-fault-car-insurance/#south-carolina-fault-system,2026-10-01,0,27,0,5.96
https://rodenlaw.com/blog/fault-vs-no-fault-car-insurance/#south-carolina-fault-system,2026-10-02,0,30,0,5.87
https://rodenlaw.com/blog/fault-vs-no-fault-car-insurance/#south-carolina-fault-system,2026-10-03,0,29,0,5.38
https://rodenlaw.com/blog/fault-vs-no-fault-car-insurance/#south-carolina-fault-system,2026-10-04,0,42,0,4.6
https://rodenlaw.com/blog/fault-vs-no-fault-car-insurance/#south-carolina-fault-system,2026-10-05,0,11,0,6.36
https://rodenlaw.com/blog/feeling-fatigued-after-charleston-car-accident/,2026-09-15,0,1,0,38
https://rodenlaw.com/blog/feeling-fatigued-after-charleston-car-accident/,2026-09-16,0,3,0,9.33
https://rodenlaw.com/blog/feeling-fatigued-after-charleston-car-accident/,2026-09-18,0,2,0,4.5
https://rodenlaw.com/blog/feeling-fatigued-after-charleston-car-accident/,2026-09-19,0,1,0,7
https://rodenlaw.com/blog/feeling-fatigued-after-charleston-car-accident/,2026-09-20,0,1,0,39
https://rodenlaw.com/blog/feeling-fatigued-after-charleston-car-accident/,2026-09-21,0,1,0,38
https://rodenlaw.com/blog/feeling-fatigued-after-charleston-car-accident/,2026-09-23,0,1,0,11
https://rodenlaw.com/blog/feeling-fatigued-after-charleston-car-accident/,2026-09-24,0,3,0,5.33
https://rodenlaw.com/blog/feeling-fatigued-after-charleston-car-accident/,2026-09-25,0,1,0,4
https://rodenlaw.com/blog/feeling-fatigued-after-charleston-car-accident/,2026-09-26,0,3,0,7.67
https://rodenlaw.com/blog/feeling-fatigued-after-charleston-car-accident/,2026-09-29,0,2,0,7
https://rodenlaw.com/blog/feeling-fatigued-after-charleston-car-accident/,2026-09-30,0,3,0,9.33
https://rodenlaw.com/blog/feeling-fatigued-after-charleston-car-accident/,2026-10-02,0,3,0,5
https://rodenlaw.com/blog/feeling-fatigued-after-charleston-car-accident/,2026-10-03,0,2,0,8
https://rodenlaw.com/blog/feeling-fatigued-after-charleston-car-accident/,2026-10-04,0,2,0,8
https://rodenlaw.com/blog/filing-a-claim-after-a-hazmat-truck-crash-in-charleston/,2026-10-02,0,1,0,10
https://rodenlaw.com/blog/filing-a-claim-for-an-injured-minor/,2026-09-15,0,13,0,7.54
https://rodenlaw.com/blog/filing-a-claim-for-an-injured-minor/,2026-09-16,0,9,0,15.33
https://rodenlaw.com/blog/filing-a-claim-for-an-injured-minor/,2026-09-17,0,20,0,9.25
https://rodenlaw.com/blog/filing-a-claim-for-an-injured-minor/,2026-09-18,0,4,0,14
https://rodenlaw.com/blog/filing-a-claim-for-an-injured-minor/,2026-09-19,0,6,0,17.67
https://rodenlaw.com/blog/filing-a-claim-for-an-injured-minor/,2026-09-20,0,3,0,16.67
https://rodenlaw.com/blog/filing-a-claim-for-an-injured-minor/,2026-09-21,0,8,0,6.75
https://rodenlaw.com/blog/filing-a-claim-for-an-injured-minor/,2026-09-22,0,7,0,34.86
https://rodenlaw.com/blog/filing-a-claim-for-an-injured-minor/,2026-09-23,0,6,0,20.33
https://rodenlaw.com/blog/filing-a-claim-for-an-injured-minor/,2026-09-24,0,9,0,11.11
https://rodenlaw.com/blog/filing-a-claim-for-an-injured-minor/,2026-09-25,0,4,0,8.5
https://rodenlaw.com/blog/filing-a-claim-for-an-injured-minor/,2026-09-26,0,2,0,47.5
https://rodenlaw.com/blog/filing-a-claim-for-an-injured-minor/,2026-09-27,0,2,0,61
https://rodenlaw.com/blog/filing-a-claim-for-an-injured-minor/,2026-09-28,0,5,0,32.4
https://rodenlaw.com/blog/filing-a-claim-for-an-injured-minor/,2026-09-29,0,5,0,10.8
https://rodenlaw.com/blog/filing-a-claim-for-an-injured-minor/,2026-09-30,0,5,0,34.8
https://rodenlaw.com/blog/filing-a-claim-for-an-injured-minor/,2026-10-01,0,10,0,24.9
https://rodenlaw.com/blog/filing-a-claim-for-an-injured-minor/,2026-10-02,0,14,0,17.5
https://rodenlaw.com/blog/filing-a-claim-for-an-injured-minor/,2026-10-03,0,8,0,19.12
https://rodenlaw.com/blog/filing-a-claim-for-an-injured-minor/,2026-10-04,0,11,0,12.64
https://rodenlaw.com/blog/filing-a-claim-for-an-injured-minor/,2026-10-05,0,12,0,12.25
https://rodenlaw.com/blog/filing-an-emotional-distress-claim-after-a-ravenel-bridge-accident/,2026-09-16,0,1,0,4
https://rodenlaw.com/blog/filing-an-emotional-distress-claim-after-a-ravenel-bridge-accident/,2026-09-23,0,1,0,9
https://rodenlaw.com/blog/filing-an-emotional-distress-claim-after-a-ravenel-bridge-accident/,2026-09-24,0,1,0,11
https://rodenlaw.com/blog/filing-an-emotional-distress-claim-after-a-ravenel-bridge-accident/,2026-09-25,0,1,0,9
https://rodenlaw.com/blog/filing-an-emotional-distress-claim-after-a-ravenel-bridge-accident/,2026-09-26,0,1,0,10
https://rodenlaw.com/blog/filing-an-emotional-distress-claim-after-a-ravenel-bridge-accident/,2026-09-27,0,1,0,10
https://rodenlaw.com/blog/filing-an-emotional-distress-claim-after-a-ravenel-bridge-accident/,2026-09-29,0,3,0,42
https://rodenlaw.com/blog/filing-an-emotional-distress-claim-after-a-ravenel-bridge-accident/,2026-09-30,0,1,0,3
https://rodenlaw.com/blog/filing-an-emotional-distress-claim-after-a-ravenel-bridge-accident/,2026-10-03,0,2,0,39
https://rodenlaw.com/blog/filing-medication-error-lawsuit/,2026-09-15,0,4,0,84.25
https://rodenlaw.com/blog/filing-medication-error-lawsuit/,2026-09-16,0,5,0,74.2
https://rodenlaw.com/blog/filing-medication-error-lawsuit/,2026-09-18,0,2,0,85.5
https://rodenlaw.com/blog/filing-medication-error-lawsuit/,2026-09-19,0,2,0,82
https://rodenlaw.com/blog/filing-medication-error-lawsuit/,2026-09-20,0,4,0,90.75
https://rodenlaw.com/blog/filing-medication-error-lawsuit/,2026-09-21,0,2,0,82
https://rodenlaw.com/blog/filing-medication-error-lawsuit/,2026-09-22,0,1,0,96
https://rodenlaw.com/blog/filing-medication-error-lawsuit/,2026-09-23,0,4,0,85.25
https://rodenlaw.com/blog/filing-medication-error-lawsuit/,2026-09-24,0,13,0,58.46
https://rodenlaw.com/blog/filing-medication-error-lawsuit/,2026-09-25,0,4,0,26.5
https://rodenlaw.com/blog/filing-medication-error-lawsuit/,2026-09-26,0,7,0,5
https://rodenlaw.com/blog/filing-medication-error-lawsuit/,2026-09-27,0,4,0,51.75
https://rodenlaw.com/blog/filing-medication-error-lawsuit/,2026-09-28,0,11,0,35.91
https://rodenlaw.com/blog/filing-medication-error-lawsuit/,2026-09-29,0,2,0,18.5
https://rodenlaw.com/blog/filing-medication-error-lawsuit/,2026-09-30,0,6,0,34.5
https://rodenlaw.com/blog/filing-medication-error-lawsuit/,2026-10-01,0,5,0,56.8
https://rodenlaw.com/blog/filing-medication-error-lawsuit/,2026-10-02,0,7,0,19.57
https://rodenlaw.com/blog/filing-medication-error-lawsuit/,2026-10-03,0,3,0,38.67
https://rodenlaw.com/blog/filing-medication-error-lawsuit/,2026-10-04,0,3,0,93.33
https://rodenlaw.com/blog/filing-medication-error-lawsuit/,2026-10-05,0,3,0,82.33
https://rodenlaw.com/blog/filing-soft-tissue-injury-claims-in-charleston/,2026-09-15,0,2,0,19
https://rodenlaw.com/blog/filing-soft-tissue-injury-claims-in-charleston/,2026-09-19,0,1,0,91
https://rodenlaw.com/blog/filing-soft-tissue-injury-claims-in-charleston/,2026-09-20,0,1,0,103
https://rodenlaw.com/blog/filing-soft-tissue-injury-claims-in-charleston/,2026-09-24,0,4,0,15
https://rodenlaw.com/blog/filing-soft-tissue-injury-claims-in-charleston/,2026-09-25,0,5,0,16.8
https://rodenlaw.com/blog/filing-soft-tissue-injury-claims-in-charleston/,2026-09-26,0,9,0,59.78
https://rodenlaw.com/blog/filing-soft-tissue-injury-claims-in-charleston/,2026-09-27,0,4,0,26
https://rodenlaw.com/blog/filing-soft-tissue-injury-claims-in-charleston/,2026-09-28,0,3,0,34.33
https://rodenlaw.com/blog/filing-soft-tissue-injury-claims-in-charleston/,2026-09-29,0,7,0,33.14
https://rodenlaw.com/blog/filing-soft-tissue-injury-claims-in-charleston/,2026-09-30,0,3,0,36.67
https://rodenlaw.com/blog/filing-soft-tissue-injury-claims-in-charleston/,2026-10-01,0,4,0,23.75
https://rodenlaw.com/blog/filing-soft-tissue-injury-claims-in-charleston/,2026-10-03,0,3,0,27.33
https://rodenlaw.com/blog/filing-soft-tissue-injury-claims-in-charleston/,2026-10-05,0,1,0,1
https://rodenlaw.com/blog/financial-abuse-at-nursing-homes/,2026-09-15,0,6,0,6.5
https://rodenlaw.com/blog/financial-abuse-at-nursing-homes/,2026-09-16,0,11,0,11
https://rodenlaw.com/blog/financial-abuse-at-nursing-homes/,2026-09-17,0,8,0,8.75
https://rodenlaw.com/blog/financial-abuse-at-nursing-homes/,2026-09-19,0,1,0,11
https://rodenlaw.com/blog/financial-abuse-at-nursing-homes/,2026-09-20,0,4,0,5
https://rodenlaw.com/blog/financial-abuse-at-nursing-homes/,2026-09-21,0,9,0,7.56
https://rodenlaw.com/blog/financial-abuse-at-nursing-homes/,2026-09-22,0,11,0,6.18
https://rodenlaw.com/blog/financial-abuse-at-nursing-homes/,2026-09-23,0,4,0,9.75
https://rodenlaw.com/blog/financial-abuse-at-nursing-homes/,2026-09-25,0,5,0,19
https://rodenlaw.com/blog/financial-abuse-at-nursing-homes/,2026-09-27,0,2,0,7
https://rodenlaw.com/blog/financial-abuse-at-nursing-homes/,2026-09-28,0,3,0,5.33
https://rodenlaw.com/blog/financial-abuse-at-nursing-homes/,2026-09-29,0,9,0,6.67
https://rodenlaw.com/blog/financial-abuse-at-nursing-homes/,2026-09-30,0,9,0,16.89
https://rodenlaw.com/blog/financial-abuse-at-nursing-homes/,2026-10-01,0,2,0,8.5
https://rodenlaw.com/blog/financial-abuse-at-nursing-homes/,2026-10-02,0,2,0,17.5
https://rodenlaw.com/blog/financial-abuse-at-nursing-homes/,2026-10-03,0,2,0,9.5
https://rodenlaw.com/blog/financial-abuse-at-nursing-homes/#ga-sc-laws,2026-09-15,0,1,0,9
https://rodenlaw.com/blog/financial-abuse-at-nursing-homes/#ga-sc-laws,2026-09-16,0,1,0,9
https://rodenlaw.com/blog/financial-abuse-at-nursing-homes/#ga-sc-laws,2026-09-18,0,1,0,8
https://rodenlaw.com/blog/financial-abuse-at-nursing-homes/#ga-sc-laws,2026-09-21,0,1,0,9
https://rodenlaw.com/blog/financial-abuse-at-nursing-homes/#ga-sc-laws,2026-09-29,0,1,0,11
https://rodenlaw.com/blog/financial-abuse-at-nursing-homes/#ga-sc-laws,2026-09-30,0,3,0,11
https://rodenlaw.com/blog/financial-abuse-at-nursing-homes/#ga-sc-laws,2026-10-02,0,1,0,10
https://rodenlaw.com/blog/financial-abuse-at-nursing-homes/#reporting,2026-09-16,0,1,0,9
https://rodenlaw.com/blog/financial-abuse-at-nursing-homes/#reporting,2026-09-21,0,1,0,9
https://rodenlaw.com/blog/financial-abuse-at-nursing-homes/#reporting,2026-09-29,0,1,0,11
https://rodenlaw.com/blog/financial-abuse-at-nursing-homes/#reporting,2026-09-30,0,2,0,11
https://rodenlaw.com/blog/financial-abuse-at-nursing-homes/#reporting,2026-10-02,0,1,0,10
https://rodenlaw.com/blog/financial-abuse-at-nursing-homes/#types,2026-09-16,0,1,0,9
https://rodenlaw.com/blog/financial-abuse-at-nursing-homes/#types,2026-09-21,0,1,0,9
https://rodenlaw.com/blog/financial-abuse-at-nursing-homes/#types,2026-09-29,0,1,0,11
https://rodenlaw.com/blog/financial-abuse-at-nursing-homes/#types,2026-09-30,0,2,0,11
https://rodenlaw.com/blog/financial-abuse-at-nursing-homes/#types,2026-10-02,0,1,0,10
https://rodenlaw.com/blog/financial-abuse-at-nursing-homes/#warning-signs,2026-09-16,0,1,0,9
https://rodenlaw.com/blog/financial-abuse-at-nursing-homes/#warning-signs,2026-09-21,0,1,0,9
https://rodenlaw.com/blog/financial-abuse-at-nursing-homes/#warning-signs,2026-09-29,0,1,0,11
https://rodenlaw.com/blog/financial-abuse-at-nursing-homes/#warning-signs,2026-09-30,0,2,0,11
https://rodenlaw.com/blog/financial-abuse-at-nursing-homes/#warning-signs,2026-10-02,0,1,0,10
https://rodenlaw.com/blog/financial-abuse-at-nursing-homes/#what-is-elder-financial-abuse,2026-09-15,0,1,0,9
https://rodenlaw.com/blog/financial-abuse-at-nursing-homes/#what-is-elder-financial-abuse,2026-09-16,0,1,0,9
https://rodenlaw.com/blog/financial-abuse-at-nursing-homes/#what-is-elder-financial-abuse,2026-09-18,0,1,0,8
https://rodenlaw.com/blog/financial-abuse-at-nursing-homes/#what-is-elder-financial-abuse,2026-09-21,0,1,0,9
https://rodenlaw.com/blog/financial-abuse-at-nursing-homes/#what-is-elder-financial-abuse,2026-09-29,0,1,0,11
https://rodenlaw.com/blog/financial-abuse-at-nursing-homes/#what-is-elder-financial-abuse,2026-09-30,0,3,0,11
https://rodenlaw.com/blog/financial-abuse-at-nursing-homes/#what-is-elder-financial-abuse,2026-10-02,0,1,0,10
https://rodenlaw.com/blog/financial-abuse-at-nursing-homes/#who-commits,2026-09-16,0,1,0,9
https://rodenlaw.com/blog/financial-abuse-at-nursing-homes/#who-commits,2026-09-21,0,1,0,9
https://rodenlaw.com/blog/financial-abuse-at-nursing-homes/#who-commits,2026-09-29,0,1,0,11
https://rodenlaw.com/blog/financial-abuse-at-nursing-homes/#who-commits,2026-09-30,0,2,0,11
https://rodenlaw.com/blog/financial-abuse-at-nursing-homes/#who-commits,2026-10-02,0,1,0,10
https://rodenlaw.com/blog/first-steps-in-a-medical-malpractice-case/,2026-09-15,0,3,0,4
https://rodenlaw.com/blog/first-steps-in-a-medical-malpractice-case/,2026-09-16,0,5,0,90.2
https://rodenlaw.com/blog/first-steps-in-a-medical-malpractice-case/,2026-09-17,0,5,0,62.4
https://rodenlaw.com/blog/first-steps-in-a-medical-malpractice-case/,2026-09-18,0,11,0,73.73
https://rodenlaw.com/blog/first-steps-in-a-medical-malpractice-case/,2026-09-20,0,3,0,88
https://rodenlaw.com/blog/first-steps-in-a-medical-malpractice-case/,2026-09-21,0,4,0,58.25
https://rodenlaw.com/blog/first-steps-in-a-medical-malpractice-case/,2026-09-22,0,2,0,57.5
https://rodenlaw.com/blog/first-steps-in-a-medical-malpractice-case/,2026-09-23,0,5,0,7.6
https://rodenlaw.com/blog/first-steps-in-a-medical-malpractice-case/,2026-09-24,0,3,0,33.67
https://rodenlaw.com/blog/first-steps-in-a-medical-malpractice-case/,2026-09-25,0,3,0,29
https://rodenlaw.com/blog/first-steps-in-a-medical-malpractice-case/,2026-09-27,0,2,0,46
https://rodenlaw.com/blog/first-steps-in-a-medical-malpractice-case/,2026-09-28,0,1,0,94
https://rodenlaw.com/blog/first-steps-in-a-medical-malpractice-case/,2026-09-29,0,3,0,9.67
https://rodenlaw.com/blog/first-steps-in-a-medical-malpractice-case/,2026-09-30,0,2,0,8.5
https://rodenlaw.com/blog/first-steps-in-a-medical-malpractice-case/,2026-10-01,0,5,0,21
https://rodenlaw.com/blog/first-steps-in-a-medical-malpractice-case/,2026-10-02,0,15,0,26.4
https://rodenlaw.com/blog/first-steps-in-a-medical-malpractice-case/,2026-10-03,0,11,0,12.73
https://rodenlaw.com/blog/first-steps-in-a-medical-malpractice-case/,2026-10-04,0,5,0,7.8
https://rodenlaw.com/blog/five-points-columbia-uber-accident-lawyer/,2026-09-17,0,2,0,9
https://rodenlaw.com/blog/five-points-columbia-uber-accident-lawyer/,2026-09-19,0,1,0,19
https://rodenlaw.com/blog/five-points-columbia-uber-accident-lawyer/,2026-09-26,0,1,0,9
https://rodenlaw.com/blog/five-points-columbia-uber-accident-lawyer/,2026-09-28,0,4,0,8.5
https://rodenlaw.com/blog/fmcsa-violations-truck-accident-claims/,2026-09-16,0,1,0,10
https://rodenlaw.com/blog/fmcsa-violations-truck-accident-claims/,2026-09-25,0,3,0,4.67
https://rodenlaw.com/blog/fmcsa-violations-truck-accident-claims/,2026-09-26,0,1,0,7
https://rodenlaw.com/blog/fmcsa-violations-truck-accident-claims/,2026-09-28,0,1,0,7
https://rodenlaw.com/blog/fmcsa-violations-truck-accident-claims/,2026-09-29,0,5,0,7.8
https://rodenlaw.com/blog/fmcsa-violations-truck-accident-claims/,2026-09-30,0,1,0,8
https://rodenlaw.com/blog/fmcsa-violations-truck-accident-claims/,2026-10-05,0,1,0,7
https://rodenlaw.com/blog/follow-doctors-orders-after-accident/,2026-09-16,0,3,0,5.67
https://rodenlaw.com/blog/follow-doctors-orders-after-accident/,2026-09-17,0,8,0,10.62
https://rodenlaw.com/blog/follow-doctors-orders-after-accident/,2026-09-18,0,2,0,4
https://rodenlaw.com/blog/follow-doctors-orders-after-accident/,2026-09-19,0,2,0,5.5
https://rodenlaw.com/blog/follow-doctors-orders-after-accident/,2026-09-21,0,13,0,6.31
https://rodenlaw.com/blog/follow-doctors-orders-after-accident/,2026-09-22,0,1,0,5
https://rodenlaw.com/blog/follow-doctors-orders-after-accident/,2026-09-23,0,9,0,5.89
https://rodenlaw.com/blog/follow-doctors-orders-after-accident/,2026-09-24,0,1,0,6
https://rodenlaw.com/blog/follow-doctors-orders-after-accident/,2026-09-25,0,3,0,9
https://rodenlaw.com/blog/follow-doctors-orders-after-accident/,2026-09-26,0,3,0,4
https://rodenlaw.com/blog/follow-doctors-orders-after-accident/,2026-09-27,0,1,0,8
https://rodenlaw.com/blog/follow-doctors-orders-after-accident/,2026-09-28,0,33,0,6.36
https://rodenlaw.com/blog/follow-doctors-orders-after-accident/,2026-09-29,0,19,0,2.89
https://rodenlaw.com/blog/follow-doctors-orders-after-accident/,2026-09-30,0,9,0,5.78
https://rodenlaw.com/blog/follow-doctors-orders-after-accident/,2026-10-01,0,22,0,4.91
https://rodenlaw.com/blog/follow-doctors-orders-after-accident/,2026-10-02,0,15,0,5.13
https://rodenlaw.com/blog/follow-doctors-orders-after-accident/,2026-10-03,0,23,0,6.13
https://rodenlaw.com/blog/follow-doctors-orders-after-accident/,2026-10-04,0,12,0,4.58
https://rodenlaw.com/blog/follow-doctors-orders-after-accident/,2026-10-05,0,10,0,6
https://rodenlaw.com/blog/folly-road-car-accidents-james-island-charleston/,2026-09-15,0,5,0,9.6
https://rodenlaw.com/blog/folly-road-car-accidents-james-island-charleston/,2026-09-16,0,5,0,8.4
https://rodenlaw.com/blog/folly-road-car-accidents-james-island-charleston/,2026-09-17,0,11,0,9.36
https://rodenlaw.com/blog/folly-road-car-accidents-james-island-charleston/,2026-09-18,0,164,0,8.29
https://rodenlaw.com/blog/folly-road-car-accidents-james-island-charleston/,2026-09-19,0,79,0,8.37
https://rodenlaw.com/blog/folly-road-car-accidents-james-island-charleston/,2026-09-20,0,12,0,9.75
https://rodenlaw.com/blog/folly-road-car-accidents-james-island-charleston/,2026-09-21,0,10,0,8.4
https://rodenlaw.com/blog/folly-road-car-accidents-james-island-charleston/,2026-09-22,0,12,0,8.25
https://rodenlaw.com/blog/folly-road-car-accidents-james-island-charleston/,2026-09-23,0,4,0,7.75
https://rodenlaw.com/blog/folly-road-car-accidents-james-island-charleston/,2026-09-24,0,8,0,8.12
https://rodenlaw.com/blog/folly-road-car-accidents-james-island-charleston/,2026-09-25,0,7,0,9.29
https://rodenlaw.com/blog/folly-road-car-accidents-james-island-charleston/,2026-09-26,0,3,0,7
https://rodenlaw.com/blog/folly-road-car-accidents-james-island-charleston/,2026-09-28,0,9,0,7.89
https://rodenlaw.com/blog/folly-road-car-accidents-james-island-charleston/,2026-09-29,0,1,0,5
https://rodenlaw.com/blog/folly-road-car-accidents-james-island-charleston/,2026-09-30,0,3,0,7.33
https://rodenlaw.com/blog/folly-road-car-accidents-james-island-charleston/,2026-10-01,0,7,0,6.14
https://rodenlaw.com/blog/folly-road-car-accidents-james-island-charleston/,2026-10-02,0,7,0,9
https://rodenlaw.com/blog/folly-road-car-accidents-james-island-charleston/,2026-10-03,0,6,0,7.67
https://rodenlaw.com/blog/folly-road-car-accidents-james-island-charleston/,2026-10-04,0,4,0,17
https://rodenlaw.com/blog/folly-road-car-accidents-james-island-charleston/,2026-10-05,0,3,0,7
https://rodenlaw.com/blog/folly-road-car-accidents-james-island-charleston/#common-accident-types,2026-09-18,0,10,0,7.7
https://rodenlaw.com/blog/folly-road-car-accidents-james-island-charleston/#common-accident-types,2026-09-19,0,5,0,7.4
https://rodenlaw.com/blog/folly-road-car-accidents-james-island-charleston/#common-accident-types,2026-09-21,0,2,0,11.5
https://rodenlaw.com/blog/folly-road-car-accidents-james-island-charleston/#common-accident-types,2026-09-24,0,2,0,10
https://rodenlaw.com/blog/folly-road-car-accidents-james-island-charleston/#comparative-fault,2026-09-18,0,10,0,7.7
https://rodenlaw.com/blog/folly-road-car-accidents-james-island-charleston/#comparative-fault,2026-09-19,0,5,0,7.4
https://rodenlaw.com/blog/folly-road-car-accidents-james-island-charleston/#comparative-fault,2026-09-21,0,2,0,11.5
https://rodenlaw.com/blog/folly-road-car-accidents-james-island-charleston/#comparative-fault,2026-09-24,0,2,0,10
https://rodenlaw.com/blog/folly-road-car-accidents-james-island-charleston/#dangerous-sections,2026-09-18,0,10,0,7.7
https://rodenlaw.com/blog/folly-road-car-accidents-james-island-charleston/#dangerous-sections,2026-09-19,0,5,0,7.4
https://rodenlaw.com/blog/folly-road-car-accidents-james-island-charleston/#dangerous-sections,2026-09-21,0,2,0,11.5
https://rodenlaw.com/blog/folly-road-car-accidents-james-island-charleston/#dangerous-sections,2026-09-24,0,2,0,10
https://rodenlaw.com/blog/folly-road-car-accidents-james-island-charleston/#folly-road-overview,2026-09-18,0,10,0,7.7
https://rodenlaw.com/blog/folly-road-car-accidents-james-island-charleston/#folly-road-overview,2026-09-19,0,5,0,7.4
https://rodenlaw.com/blog/folly-road-car-accidents-james-island-charleston/#folly-road-overview,2026-09-21,0,2,0,11.5
https://rodenlaw.com/blog/folly-road-car-accidents-james-island-charleston/#folly-road-overview,2026-09-24,0,2,0,10
https://rodenlaw.com/blog/folly-road-car-accidents-james-island-charleston/#injuries,2026-09-18,0,10,0,7.7
https://rodenlaw.com/blog/folly-road-car-accidents-james-island-charleston/#injuries,2026-09-19,0,5,0,7.4
https://rodenlaw.com/blog/folly-road-car-accidents-james-island-charleston/#injuries,2026-09-21,0,2,0,11.5
https://rodenlaw.com/blog/folly-road-car-accidents-james-island-charleston/#injuries,2026-09-24,0,2,0,10
https://rodenlaw.com/blog/folly-road-car-accidents-james-island-charleston/#who-is-liable,2026-09-18,0,10,0,7.7
https://rodenlaw.com/blog/folly-road-car-accidents-james-island-charleston/#who-is-liable,2026-09-19,0,5,0,7.4
https://rodenlaw.com/blog/folly-road-car-accidents-james-island-charleston/#who-is-liable,2026-09-21,0,2,0,11.5
https://rodenlaw.com/blog/folly-road-car-accidents-james-island-charleston/#who-is-liable,2026-09-24,0,2,0,10
https://rodenlaw.com/blog/folly-road-car-accidents-james-island-charleston/#why-so-dangerous,2026-09-18,0,10,0,7.7
https://rodenlaw.com/blog/folly-road-car-accidents-james-island-charleston/#why-so-dangerous,2026-09-19,0,5,0,7.4
https://rodenlaw.com/blog/folly-road-car-accidents-james-island-charleston/#why-so-dangerous,2026-09-21,0,2,0,11.5
https://rodenlaw.com/blog/folly-road-car-accidents-james-island-charleston/#why-so-dangerous,2026-09-24,0,2,0,10
https://rodenlaw.com/blog/four-common-construction-accidents/,2026-09-15,0,3,0,74.67
https://rodenlaw.com/blog/four-common-construction-accidents/,2026-09-16,0,5,0,35.6
https://rodenlaw.com/blog/four-common-construction-accidents/,2026-09-17,0,5,0,46
https://rodenlaw.com/blog/four-common-construction-accidents/,2026-09-18,0,6,0,58.5
https://rodenlaw.com/blog/four-common-construction-accidents/,2026-09-19,0,3,0,76.33
https://rodenlaw.com/blog/four-common-construction-accidents/,2026-09-20,0,1,0,59
https://rodenlaw.com/blog/four-common-construction-accidents/,2026-09-21,0,1,0,6
https://rodenlaw.com/blog/four-common-construction-accidents/,2026-09-23,0,1,0,10
https://rodenlaw.com/blog/four-common-construction-accidents/,2026-09-24,0,4,0,45.25
https://rodenlaw.com/blog/four-common-construction-accidents/,2026-09-25,0,13,0,35.31
https://rodenlaw.com/blog/four-common-construction-accidents/,2026-09-26,0,5,0,6.8
https://rodenlaw.com/blog/four-common-construction-accidents/,2026-09-27,0,7,0,29.43
https://rodenlaw.com/blog/four-common-construction-accidents/,2026-09-28,0,8,0,57.75
https://rodenlaw.com/blog/four-common-construction-accidents/,2026-09-29,0,23,0,21.3
https://rodenlaw.com/blog/four-common-construction-accidents/,2026-09-30,0,8,0,25.12
https://rodenlaw.com/blog/four-common-construction-accidents/,2026-10-01,0,14,0,64.64
https://rodenlaw.com/blog/four-common-construction-accidents/,2026-10-02,0,12,0,63.25
https://rodenlaw.com/blog/four-common-construction-accidents/,2026-10-03,0,12,0,57.75
https://rodenlaw.com/blog/four-common-construction-accidents/,2026-10-05,0,2,0,63.5
https://rodenlaw.com/blog/garden-city-dean-forest-road-truck-accident-lawyer/,2026-09-16,0,1,0,6
https://rodenlaw.com/blog/garden-city-dean-forest-road-truck-accident-lawyer/,2026-09-17,0,1,0,3
https://rodenlaw.com/blog/garden-city-dean-forest-road-truck-accident-lawyer/,2026-09-24,0,1,0,45
https://rodenlaw.com/blog/garden-city-dean-forest-road-truck-accident-lawyer/,2026-09-26,0,2,0,40
https://rodenlaw.com/blog/garden-city-dean-forest-road-truck-accident-lawyer/,2026-09-27,0,3,0,13
https://rodenlaw.com/blog/garden-city-dean-forest-road-truck-accident-lawyer/,2026-09-29,0,1,0,31
https://rodenlaw.com/blog/garden-city-dean-forest-road-truck-accident-lawyer/,2026-09-30,0,3,0,23
https://rodenlaw.com/blog/garden-city-eden-loop-truck-accident-lawyer/,2026-09-16,0,1,0,8
https://rodenlaw.com/blog/garden-city-eden-loop-truck-accident-lawyer/,2026-09-17,0,4,0,5.75
https://rodenlaw.com/blog/garden-city-eden-loop-truck-accident-lawyer/,2026-09-18,0,2,0,9
https://rodenlaw.com/blog/garden-city-eden-loop-truck-accident-lawyer/,2026-09-20,0,5,0,7
https://rodenlaw.com/blog/garden-city-eden-loop-truck-accident-lawyer/,2026-09-21,0,1,0,6
https://rodenlaw.com/blog/garden-city-eden-loop-truck-accident-lawyer/,2026-09-22,0,4,0,7.5
https://rodenlaw.com/blog/garden-city-eden-loop-truck-accident-lawyer/,2026-09-24,0,5,0,5.8
https://rodenlaw.com/blog/garden-city-eden-loop-truck-accident-lawyer/,2026-09-25,0,2,0,8
https://rodenlaw.com/blog/garden-city-eden-loop-truck-accident-lawyer/,2026-09-26,0,9,0,8.44
https://rodenlaw.com/blog/garden-city-eden-loop-truck-accident-lawyer/,2026-09-27,0,4,0,25
https://rodenlaw.com/blog/garden-city-eden-loop-truck-accident-lawyer/,2026-09-28,0,7,0,7.29
https://rodenlaw.com/blog/garden-city-eden-loop-truck-accident-lawyer/,2026-09-29,0,3,0,5.67
https://rodenlaw.com/blog/garden-city-eden-loop-truck-accident-lawyer/,2026-09-30,0,11,0,10.55
https://rodenlaw.com/blog/garden-city-eden-loop-truck-accident-lawyer/,2026-10-01,0,5,0,10
https://rodenlaw.com/blog/garden-city-eden-loop-truck-accident-lawyer/,2026-10-02,0,1,0,5
https://rodenlaw.com/blog/garden-city-eden-loop-truck-accident-lawyer/,2026-10-03,0,9,0,17.78
https://rodenlaw.com/blog/garden-city-eden-loop-truck-accident-lawyer/,2026-10-04,0,5,0,7.2
https://rodenlaw.com/blog/garden-city-ga-21-augusta-road-car-accident-lawyer/,2026-09-16,0,1,0,60
https://rodenlaw.com/blog/garden-city-ga-21-augusta-road-car-accident-lawyer/,2026-09-17,0,5,0,5.2
https://rodenlaw.com/blog/garden-city-ga-21-augusta-road-car-accident-lawyer/,2026-09-18,0,2,0,8
https://rodenlaw.com/blog/garden-city-ga-21-augusta-road-car-accident-lawyer/,2026-09-20,0,2,0,7.5
https://rodenlaw.com/blog/garden-city-ga-21-augusta-road-car-accident-lawyer/,2026-09-23,0,2,0,7
https://rodenlaw.com/blog/garden-city-ga-21-augusta-road-car-accident-lawyer/,2026-09-24,0,7,0,16
https://rodenlaw.com/blog/garden-city-ga-21-augusta-road-car-accident-lawyer/,2026-09-25,0,6,0,22.33
https://rodenlaw.com/blog/garden-city-ga-21-augusta-road-car-accident-lawyer/,2026-09-26,0,4,0,45.25
https://rodenlaw.com/blog/garden-city-ga-21-augusta-road-car-accident-lawyer/,2026-09-27,0,4,0,24.25
https://rodenlaw.com/blog/garden-city-ga-21-augusta-road-car-accident-lawyer/,2026-09-28,0,10,0,24
https://rodenlaw.com/blog/garden-city-ga-21-augusta-road-car-accident-lawyer/,2026-09-29,0,5,0,26.6
https://rodenlaw.com/blog/garden-city-ga-21-augusta-road-car-accident-lawyer/,2026-09-30,0,15,0,26.07
https://rodenlaw.com/blog/garden-city-ga-21-augusta-road-car-accident-lawyer/,2026-10-01,0,11,0,14
https://rodenlaw.com/blog/garden-city-ga-21-augusta-road-car-accident-lawyer/,2026-10-02,0,1,0,11
https://rodenlaw.com/blog/garden-city-ga-21-augusta-road-car-accident-lawyer/,2026-10-03,0,4,0,38.25
https://rodenlaw.com/blog/garden-city-ga-21-augusta-road-car-accident-lawyer/,2026-10-04,0,4,0,22.75
https://rodenlaw.com/blog/garden-city-ga-21-augusta-road-car-accident-lawyer/,2026-10-05,0,3,0,9
https://rodenlaw.com/blog/georgia-car-seat-law-overview/,2026-09-15,0,7,0,8.43
https://rodenlaw.com/blog/georgia-car-seat-law-overview/,2026-09-16,0,2,0,10
https://rodenlaw.com/blog/georgia-car-seat-law-overview/,2026-09-17,0,1,0,8
https://rodenlaw.com/blog/georgia-car-seat-law-overview/,2026-09-18,0,1,0,6
https://rodenlaw.com/blog/georgia-car-seat-law-overview/,2026-09-24,0,1,0,11
https://rodenlaw.com/blog/georgia-car-seat-law-overview/,2026-09-27,0,2,0,6
https://rodenlaw.com/blog/georgia-car-seat-law-overview/,2026-09-28,0,1,0,4
https://rodenlaw.com/blog/georgia-car-seat-law-overview/,2026-09-29,0,1,0,2
https://rodenlaw.com/blog/georgia-car-seat-law-overview/,2026-09-30,0,2,0,4.5
https://rodenlaw.com/blog/georgia-car-seat-law-overview/,2026-10-03,0,3,0,6
https://rodenlaw.com/blog/georgia-car-seat-law-overview/,2026-10-04,0,1,0,10
https://rodenlaw.com/blog/georgia-comparative-negligence-law/,2026-09-15,0,8,0,6.75
https://rodenlaw.com/blog/georgia-comparative-negligence-law/,2026-09-16,0,20,0,9.15
https://rodenlaw.com/blog/georgia-comparative-negligence-law/,2026-09-17,0,11,0,7.45
https://rodenlaw.com/blog/georgia-comparative-negligence-law/,2026-09-18,0,7,0,18.14
https://rodenlaw.com/blog/georgia-comparative-negligence-law/,2026-09-19,0,12,0,33.92
https://rodenlaw.com/blog/georgia-comparative-negligence-law/,2026-09-20,0,3,0,8.67
https://rodenlaw.com/blog/georgia-comparative-negligence-law/,2026-09-21,0,3,0,19.67
https://rodenlaw.com/blog/georgia-comparative-negligence-law/,2026-09-22,0,4,0,8
https://rodenlaw.com/blog/georgia-comparative-negligence-law/,2026-09-23,0,4,0,18
https://rodenlaw.com/blog/georgia-comparative-negligence-law/,2026-09-24,0,4,0,17.25
https://rodenlaw.com/blog/georgia-comparative-negligence-law/,2026-09-25,0,1,0,5
https://rodenlaw.com/blog/georgia-comparative-negligence-law/,2026-09-26,0,6,0,4.67
https://rodenlaw.com/blog/georgia-comparative-negligence-law/,2026-09-27,0,6,0,13.17
https://rodenlaw.com/blog/georgia-comparative-negligence-law/,2026-09-28,0,3,0,9.33
https://rodenlaw.com/blog/georgia-comparative-negligence-law/,2026-09-29,0,3,0,10.67
https://rodenlaw.com/blog/georgia-comparative-negligence-law/,2026-09-30,0,3,0,6.67
https://rodenlaw.com/blog/georgia-comparative-negligence-law/,2026-10-01,0,1,0,6
https://rodenlaw.com/blog/georgia-comparative-negligence-law/,2026-10-02,0,1,0,28
https://rodenlaw.com/blog/georgia-comparative-negligence-law/,2026-10-03,0,3,0,9.67
https://rodenlaw.com/blog/georgia-comparative-negligence-law/,2026-10-04,0,1,0,5
https://rodenlaw.com/blog/georgia-law-on-steps-after-car-accident/,2026-09-15,0,33,0,17.64
https://rodenlaw.com/blog/georgia-law-on-steps-after-car-accident/,2026-09-16,0,23,0,11.7
https://rodenlaw.com/blog/georgia-law-on-steps-after-car-accident/,2026-09-17,0,5,0,8.8
https://rodenlaw.com/blog/georgia-law-on-steps-after-car-accident/,2026-09-18,0,10,0,9.2
https://rodenlaw.com/blog/georgia-law-on-steps-after-car-accident/,2026-09-19,0,14,0,9.64
https://rodenlaw.com/blog/georgia-law-on-steps-after-car-accident/,2026-09-20,0,12,0,18.75
https://rodenlaw.com/blog/georgia-law-on-steps-after-car-accident/,2026-09-21,0,18,0,47.83
https://rodenlaw.com/blog/georgia-law-on-steps-after-car-accident/,2026-09-22,0,12,0,13.33
https://rodenlaw.com/blog/georgia-law-on-steps-after-car-accident/,2026-09-23,0,7,0,18.86
https://rodenlaw.com/blog/georgia-law-on-steps-after-car-accident/,2026-09-24,0,9,0,14.22
https://rodenlaw.com/blog/georgia-law-on-steps-after-car-accident/,2026-09-25,0,7,0,7.86
https://rodenlaw.com/blog/georgia-law-on-steps-after-car-accident/,2026-09-26,0,7,0,6.29
https://rodenlaw.com/blog/georgia-law-on-steps-after-car-accident/,2026-09-27,0,6,0,23
https://rodenlaw.com/blog/georgia-law-on-steps-after-car-accident/,2026-09-28,0,14,0,4.64
https://rodenlaw.com/blog/georgia-law-on-steps-after-car-accident/,2026-09-29,0,7,0,24.14
https://rodenlaw.com/blog/georgia-law-on-steps-after-car-accident/,2026-09-30,0,5,0,10.8
https://rodenlaw.com/blog/georgia-law-on-steps-after-car-accident/,2026-10-01,0,6,0,19.67
https://rodenlaw.com/blog/georgia-law-on-steps-after-car-accident/,2026-10-02,0,8,0,12.12
https://rodenlaw.com/blog/georgia-law-on-steps-after-car-accident/,2026-10-03,0,4,0,40
https://rodenlaw.com/blog/georgia-law-on-steps-after-car-accident/,2026-10-04,0,2,0,8
https://rodenlaw.com/blog/georgia-law-on-tailgating-accident-liability/,2026-09-16,0,2,0,8
https://rodenlaw.com/blog/georgia-law-on-tailgating-accident-liability/,2026-09-17,0,1,0,11
https://rodenlaw.com/blog/georgia-law-on-tailgating-accident-liability/,2026-09-21,0,2,0,7.5
https://rodenlaw.com/blog/georgia-law-on-tailgating-accident-liability/,2026-09-23,0,2,0,7.5
https://rodenlaw.com/blog/georgia-law-on-tailgating-accident-liability/,2026-09-26,0,3,0,34.67
https://rodenlaw.com/blog/georgia-law-on-tailgating-accident-liability/,2026-09-27,0,1,0,5
https://rodenlaw.com/blog/georgia-law-on-tailgating-accident-liability/,2026-09-28,0,4,0,5
https://rodenlaw.com/blog/georgia-law-on-tailgating-accident-liability/,2026-09-29,0,1,0,10
https://rodenlaw.com/blog/georgia-law-on-tailgating-accident-liability/,2026-09-30,0,1,0,11
https://rodenlaw.com/blog/georgia-law-on-tailgating-accident-liability/,2026-10-01,0,1,0,35
https://rodenlaw.com/blog/georgia-law-on-tailgating-accident-liability/,2026-10-03,0,1,0,10
https://rodenlaw.com/blog/georgia-pedestrian-right-of-way-laws/,2026-09-15,0,68,0,8.1
https://rodenlaw.com/blog/georgia-pedestrian-right-of-way-laws/,2026-09-16,0,56,0,8.25
https://rodenlaw.com/blog/georgia-pedestrian-right-of-way-laws/,2026-09-17,0,62,0,7.92
https://rodenlaw.com/blog/georgia-pedestrian-right-of-way-laws/,2026-09-18,0,50,0,8.68
https://rodenlaw.com/blog/georgia-pedestrian-right-of-way-laws/,2026-09-19,0,24,0,8.67
https://rodenlaw.com/blog/georgia-pedestrian-right-of-way-laws/,2026-09-20,0,31,0,7.81
https://rodenlaw.com/blog/georgia-pedestrian-right-of-way-laws/,2026-09-21,0,48,0,8.21
https://rodenlaw.com/blog/georgia-pedestrian-right-of-way-laws/,2026-09-22,0,42,0,8.07
https://rodenlaw.com/blog/georgia-pedestrian-right-of-way-laws/,2026-09-24,0,65,0,7.98
https://rodenlaw.com/blog/georgia-pedestrian-right-of-way-laws/,2026-09-26,0,30,0,8.03
https://rodenlaw.com/blog/georgia-pedestrian-right-of-way-laws/,2026-09-27,0,36,0,8.39
https://rodenlaw.com/blog/georgia-pedestrian-right-of-way-laws/,2026-09-28,0,49,0,8.57
https://rodenlaw.com/blog/georgia-pedestrian-right-of-way-laws/,2026-09-29,0,48,0,8.4
https://rodenlaw.com/blog/georgia-pedestrian-right-of-way-laws/,2026-09-30,0,24,0,7.38
https://rodenlaw.com/blog/georgia-pedestrian-right-of-way-laws/,2026-10-01,0,50,0,8.46
https://rodenlaw.com/blog/georgia-pedestrian-right-of-way-laws/,2026-10-02,0,42,0,8.29
https://rodenlaw.com/blog/georgia-pedestrian-right-of-way-laws/,2026-10-03,0,25,0,7.8
https://rodenlaw.com/blog/georgia-pedestrian-right-of-way-laws/,2026-10-04,0,14,0,7.43
https://rodenlaw.com/blog/georgia-pedestrian-right-of-way-laws/,2026-10-05,0,13,0,15.69
https://rodenlaw.com/blog/georgia-statute-of-limitations/,2026-09-15,0,39,0,14.03
https://rodenlaw.com/blog/georgia-statute-of-limitations/,2026-09-16,0,57,0,12.49
https://rodenlaw.com/blog/georgia-statute-of-limitations/,2026-09-17,0,61,0,10.51
https://rodenlaw.com/blog/georgia-statute-of-limitations/,2026-09-18,0,21,0,14.71
https://rodenlaw.com/blog/georgia-statute-of-limitations/,2026-09-19,0,27,0,22.07
https://rodenlaw.com/blog/georgia-statute-of-limitations/,2026-09-20,0,22,0,14.14
https://rodenlaw.com/blog/georgia-statute-of-limitations/,2026-09-21,0,23,0,20.7
https://rodenlaw.com/blog/georgia-statute-of-limitations/,2026-09-22,0,22,0,15.73
https://rodenlaw.com/blog/georgia-statute-of-limitations/,2026-09-23,0,47,0,11.23
https://rodenlaw.com/blog/georgia-statute-of-limitations/,2026-09-24,0,45,0,12.16
https://rodenlaw.com/blog/georgia-statute-of-limitations/,2026-09-25,0,14,0,21.07
https://rodenlaw.com/blog/georgia-statute-of-limitations/,2026-09-26,0,7,0,18
https://rodenlaw.com/blog/georgia-statute-of-limitations/,2026-09-27,0,11,0,22.18
https://rodenlaw.com/blog/georgia-statute-of-limitations/,2026-09-29,0,12,0,15.17
https://rodenlaw.com/blog/georgia-statute-of-limitations/,2026-09-30,0,10,0,19.2
https://rodenlaw.com/blog/georgia-statute-of-limitations/,2026-10-01,0,15,0,45.67
https://rodenlaw.com/blog/georgia-statute-of-limitations/,2026-10-02,0,15,0,26
https://rodenlaw.com/blog/georgia-statute-of-limitations/,2026-10-03,0,6,0,68.83
https://rodenlaw.com/blog/georgia-statute-of-limitations/,2026-10-04,0,3,0,31
https://rodenlaw.com/blog/georgia-statute-of-limitations/,2026-10-05,0,9,0,27.89
https://rodenlaw.com/blog/georgia-super-speeder-law/,2026-09-15,0,32,0,21.59
https://rodenlaw.com/blog/georgia-super-speeder-law/,2026-09-16,0,64,0,17.91
https://rodenlaw.com/blog/georgia-super-speeder-law/,2026-09-17,0,44,0,13.14
https://rodenlaw.com/blog/georgia-super-speeder-law/,2026-09-18,0,32,0,19
https://rodenlaw.com/blog/georgia-super-speeder-law/,2026-09-19,0,18,0,15.89
https://rodenlaw.com/blog/georgia-super-speeder-law/,2026-09-20,0,21,0,11.24
https://rodenlaw.com/blog/georgia-super-speeder-law/,2026-09-21,0,29,0,13.38
https://rodenlaw.com/blog/georgia-super-speeder-law/,2026-09-22,0,16,0,27.38
https://rodenlaw.com/blog/georgia-super-speeder-law/,2026-09-23,0,34,0,22.97
https://rodenlaw.com/blog/georgia-super-speeder-law/,2026-09-24,0,21,0,27.29
https://rodenlaw.com/blog/georgia-super-speeder-law/,2026-09-25,0,25,0,32.24
https://rodenlaw.com/blog/georgia-super-speeder-law/,2026-09-26,0,16,0,21.5
https://rodenlaw.com/blog/georgia-super-speeder-law/,2026-09-27,0,16,0,17.06
https://rodenlaw.com/blog/georgia-super-speeder-law/,2026-09-28,0,8,0,13.25
https://rodenlaw.com/blog/georgia-super-speeder-law/,2026-09-29,0,10,0,16
https://rodenlaw.com/blog/georgia-super-speeder-law/,2026-09-30,0,20,0,37.9
https://rodenlaw.com/blog/georgia-super-speeder-law/,2026-10-01,0,13,0,36.85
https://rodenlaw.com/blog/georgia-super-speeder-law/,2026-10-02,0,31,0,23.48
https://rodenlaw.com/blog/georgia-super-speeder-law/,2026-10-03,0,17,0,28.71
https://rodenlaw.com/blog/georgia-super-speeder-law/,2026-10-04,0,5,0,5.4
https://rodenlaw.com/blog/georgia-super-speeder-law/,2026-10-05,0,9,0,10.56
https://rodenlaw.com/blog/georgia-super-speeder-law/#how-it-works,2026-09-19,0,2,0,6.5
https://rodenlaw.com/blog/georgia-super-speeder-law/#how-it-works,2026-09-20,0,5,0,8
https://rodenlaw.com/blog/georgia-super-speeder-law/#how-it-works,2026-09-21,0,9,0,8
https://rodenlaw.com/blog/georgia-super-speeder-law/#how-it-works,2026-09-22,0,5,0,7.2
https://rodenlaw.com/blog/georgia-super-speeder-law/#how-it-works,2026-09-23,0,8,0,5.62
https://rodenlaw.com/blog/georgia-super-speeder-law/#how-it-works,2026-09-24,0,6,0,4.17
https://rodenlaw.com/blog/georgia-super-speeder-law/#how-it-works,2026-09-25,0,5,0,7.6
https://rodenlaw.com/blog/georgia-super-speeder-law/#how-it-works,2026-09-26,0,6,0,6.33
https://rodenlaw.com/blog/georgia-super-speeder-law/#how-it-works,2026-09-27,0,9,0,7.67
https://rodenlaw.com/blog/georgia-super-speeder-law/#how-it-works,2026-09-28,0,1,0,5
https://rodenlaw.com/blog/georgia-super-speeder-law/#how-it-works,2026-09-29,0,3,0,6.67
https://rodenlaw.com/blog/georgia-super-speeder-law/#how-it-works,2026-09-30,0,5,0,8
https://rodenlaw.com/blog/georgia-super-speeder-law/#how-it-works,2026-10-01,0,2,0,8.5
https://rodenlaw.com/blog/georgia-super-speeder-law/#how-it-works,2026-10-02,0,9,0,7.22
https://rodenlaw.com/blog/georgia-super-speeder-law/#how-it-works,2026-10-03,0,3,0,6.67
https://rodenlaw.com/blog/georgia-super-speeder-law/#how-it-works,2026-10-04,0,2,0,4.5
https://rodenlaw.com/blog/georgia-super-speeder-law/#how-it-works,2026-10-05,0,2,0,7.5
https://rodenlaw.com/blog/georgia-super-speeder-law/#license-suspension,2026-09-19,0,2,0,6.5
https://rodenlaw.com/blog/georgia-super-speeder-law/#license-suspension,2026-09-20,0,5,0,8
https://rodenlaw.com/blog/georgia-super-speeder-law/#license-suspension,2026-09-21,0,8,0,8.38
https://rodenlaw.com/blog/georgia-super-speeder-law/#license-suspension,2026-09-22,0,5,0,7.2
https://rodenlaw.com/blog/georgia-super-speeder-law/#license-suspension,2026-09-23,0,4,0,5
https://rodenlaw.com/blog/georgia-super-speeder-law/#license-suspension,2026-09-24,0,6,0,4.17
https://rodenlaw.com/blog/georgia-super-speeder-law/#license-suspension,2026-09-25,0,4,0,7.25
https://rodenlaw.com/blog/georgia-super-speeder-law/#license-suspension,2026-09-26,0,5,0,6.4
https://rodenlaw.com/blog/georgia-super-speeder-law/#license-suspension,2026-09-27,0,9,0,7.67
https://rodenlaw.com/blog/georgia-super-speeder-law/#license-suspension,2026-09-28,0,1,0,5
https://rodenlaw.com/blog/georgia-super-speeder-law/#license-suspension,2026-09-29,0,3,0,6.67
https://rodenlaw.com/blog/georgia-super-speeder-law/#license-suspension,2026-09-30,0,5,0,8
https://rodenlaw.com/blog/georgia-super-speeder-law/#license-suspension,2026-10-01,0,2,0,8.5
https://rodenlaw.com/blog/georgia-super-speeder-law/#license-suspension,2026-10-02,0,8,0,6.88
https://rodenlaw.com/blog/georgia-super-speeder-law/#license-suspension,2026-10-03,0,3,0,6.67
https://rodenlaw.com/blog/georgia-super-speeder-law/#license-suspension,2026-10-04,0,2,0,4.5
https://rodenlaw.com/blog/georgia-super-speeder-law/#license-suspension,2026-10-05,0,2,0,7.5
https://rodenlaw.com/blog/georgia-super-speeder-law/#out-of-state,2026-09-18,0,1,0,10
https://rodenlaw.com/blog/georgia-super-speeder-law/#out-of-state,2026-09-19,0,2,0,6.5
https://rodenlaw.com/blog/georgia-super-speeder-law/#out-of-state,2026-09-20,0,5,0,8
https://rodenlaw.com/blog/georgia-super-speeder-law/#out-of-state,2026-09-21,0,8,0,8.38
https://rodenlaw.com/blog/georgia-super-speeder-law/#out-of-state,2026-09-22,0,5,0,7.2
https://rodenlaw.com/blog/georgia-super-speeder-law/#out-of-state,2026-09-23,0,9,0,5.89
https://rodenlaw.com/blog/georgia-super-speeder-law/#out-of-state,2026-09-24,0,7,0,4.29
https://rodenlaw.com/blog/georgia-super-speeder-law/#out-of-state,2026-09-25,0,4,0,7.25
https://rodenlaw.com/blog/georgia-super-speeder-law/#out-of-state,2026-09-26,0,5,0,6.4
https://rodenlaw.com/blog/georgia-super-speeder-law/#out-of-state,2026-09-27,0,9,0,7.67
https://rodenlaw.com/blog/georgia-super-speeder-law/#out-of-state,2026-09-28,0,1,0,5
https://rodenlaw.com/blog/georgia-super-speeder-law/#out-of-state,2026-09-29,0,3,0,6.67
https://rodenlaw.com/blog/georgia-super-speeder-law/#out-of-state,2026-09-30,0,5,0,8
https://rodenlaw.com/blog/georgia-super-speeder-law/#out-of-state,2026-10-01,0,2,0,8.5
https://rodenlaw.com/blog/georgia-super-speeder-law/#out-of-state,2026-10-02,0,8,0,6.88
https://rodenlaw.com/blog/georgia-super-speeder-law/#out-of-state,2026-10-03,0,4,0,7
https://rodenlaw.com/blog/georgia-super-speeder-law/#out-of-state,2026-10-04,0,2,0,4.5
https://rodenlaw.com/blog/georgia-super-speeder-law/#out-of-state,2026-10-05,0,2,0,7.5
https://rodenlaw.com/blog/georgia-super-speeder-law/#penalties,2026-09-19,0,2,0,6.5
https://rodenlaw.com/blog/georgia-super-speeder-law/#penalties,2026-09-20,0,5,0,8
https://rodenlaw.com/blog/georgia-super-speeder-law/#penalties,2026-09-21,0,9,0,8.67
https://rodenlaw.com/blog/georgia-super-speeder-law/#penalties,2026-09-22,0,5,0,7.2
https://rodenlaw.com/blog/georgia-super-speeder-law/#penalties,2026-09-23,0,4,0,5
https://rodenlaw.com/blog/georgia-super-speeder-law/#penalties,2026-09-24,0,6,0,4.17
https://rodenlaw.com/blog/georgia-super-speeder-law/#penalties,2026-09-25,0,4,0,7.25
https://rodenlaw.com/blog/georgia-super-speeder-law/#penalties,2026-09-26,0,5,0,6.4
https://rodenlaw.com/blog/georgia-super-speeder-law/#penalties,2026-09-27,0,9,0,7.67
https://rodenlaw.com/blog/georgia-super-speeder-law/#penalties,2026-09-28,0,1,0,5
https://rodenlaw.com/blog/georgia-super-speeder-law/#penalties,2026-09-29,0,3,0,6.67
https://rodenlaw.com/blog/georgia-super-speeder-law/#penalties,2026-09-30,0,5,0,8
https://rodenlaw.com/blog/georgia-super-speeder-law/#penalties,2026-10-01,0,2,0,8.5
https://rodenlaw.com/blog/georgia-super-speeder-law/#penalties,2026-10-02,0,8,0,6.88
https://rodenlaw.com/blog/georgia-super-speeder-law/#penalties,2026-10-03,0,3,0,6.67
https://rodenlaw.com/blog/georgia-super-speeder-law/#penalties,2026-10-04,0,2,0,4.5
https://rodenlaw.com/blog/georgia-super-speeder-law/#penalties,2026-10-05,0,2,0,7.5
https://rodenlaw.com/blog/georgia-super-speeder-law/#sc-speeding,2026-09-18,0,1,0,10
https://rodenlaw.com/blog/georgia-super-speeder-law/#sc-speeding,2026-09-19,0,2,0,6.5
https://rodenlaw.com/blog/georgia-super-speeder-law/#sc-speeding,2026-09-20,0,5,0,8
https://rodenlaw.com/blog/georgia-super-speeder-law/#sc-speeding,2026-09-21,0,10,0,8.3
https://rodenlaw.com/blog/georgia-super-speeder-law/#sc-speeding,2026-09-22,0,5,0,7.2
https://rodenlaw.com/blog/georgia-super-speeder-law/#sc-speeding,2026-09-23,0,5,0,5.6
https://rodenlaw.com/blog/georgia-super-speeder-law/#sc-speeding,2026-09-24,0,7,0,4.29
https://rodenlaw.com/blog/georgia-super-speeder-law/#sc-speeding,2026-09-25,0,5,0,7.6
https://rodenlaw.com/blog/georgia-super-speeder-law/#sc-speeding,2026-09-26,0,6,0,6.33
https://rodenlaw.com/blog/georgia-super-speeder-law/#sc-speeding,2026-09-27,0,9,0,7.67
https://rodenlaw.com/blog/georgia-super-speeder-law/#sc-speeding,2026-09-28,0,1,0,5
https://rodenlaw.com/blog/georgia-super-speeder-law/#sc-speeding,2026-09-29,0,3,0,6.67
https://rodenlaw.com/blog/georgia-super-speeder-law/#sc-speeding,2026-09-30,0,5,0,8
https://rodenlaw.com/blog/georgia-super-speeder-law/#sc-speeding,2026-10-01,0,2,0,8.5
https://rodenlaw.com/blog/georgia-super-speeder-law/#sc-speeding,2026-10-02,0,9,0,7.22
https://rodenlaw.com/blog/georgia-super-speeder-law/#sc-speeding,2026-10-03,0,4,0,7
https://rodenlaw.com/blog/georgia-super-speeder-law/#sc-speeding,2026-10-04,0,2,0,4.5
https://rodenlaw.com/blog/georgia-super-speeder-law/#sc-speeding,2026-10-05,0,3,0,7.33
https://rodenlaw.com/blog/georgia-super-speeder-law/#what-is,2026-09-19,0,2,0,6.5
https://rodenlaw.com/blog/georgia-super-speeder-law/#what-is,2026-09-20,0,5,0,8
https://rodenlaw.com/blog/georgia-super-speeder-law/#what-is,2026-09-21,0,8,0,8.38
https://rodenlaw.com/blog/georgia-super-speeder-law/#what-is,2026-09-22,0,5,0,7.2
https://rodenlaw.com/blog/georgia-super-speeder-law/#what-is,2026-09-23,0,4,0,5
https://rodenlaw.com/blog/georgia-super-speeder-law/#what-is,2026-09-24,0,6,0,4.17
https://rodenlaw.com/blog/georgia-super-speeder-law/#what-is,2026-09-25,0,4,0,7.25
https://rodenlaw.com/blog/georgia-super-speeder-law/#what-is,2026-09-26,0,5,0,6.4
https://rodenlaw.com/blog/georgia-super-speeder-law/#what-is,2026-09-27,0,9,0,7.67
https://rodenlaw.com/blog/georgia-super-speeder-law/#what-is,2026-09-28,0,1,0,5
https://rodenlaw.com/blog/georgia-super-speeder-law/#what-is,2026-09-29,0,3,0,6.67
https://rodenlaw.com/blog/georgia-super-speeder-law/#what-is,2026-09-30,0,5,0,8
https://rodenlaw.com/blog/georgia-super-speeder-law/#what-is,2026-10-01,0,2,0,8.5
https://rodenlaw.com/blog/georgia-super-speeder-law/#what-is,2026-10-02,0,8,0,6.88
https://rodenlaw.com/blog/georgia-super-speeder-law/#what-is,2026-10-03,0,3,0,6.67
https://rodenlaw.com/blog/georgia-super-speeder-law/#what-is,2026-10-04,0,2,0,4.5
https://rodenlaw.com/blog/georgia-super-speeder-law/#what-is,2026-10-05,0,3,0,7.33
https://rodenlaw.com/blog/georgia-worker-injury-statistics-prevention/,2026-09-23,0,1,0,2
https://rodenlaw.com/blog/georgia-worker-injury-statistics-prevention/,2026-09-25,0,1,0,7
https://rodenlaw.com/blog/georgia-worker-injury-statistics-prevention/,2026-09-26,0,2,0,6
https://rodenlaw.com/blog/georgia-worker-injury-statistics-prevention/,2026-09-27,0,1,0,8
https://rodenlaw.com/blog/georgia-worker-injury-statistics-prevention/,2026-09-28,0,1,0,5
https://rodenlaw.com/blog/georgia-worker-injury-statistics-prevention/,2026-10-03,0,1,0,9
https://rodenlaw.com/blog/georgia-wrongful-death-lawsuit/,2026-09-25,0,1,0,9
https://rodenlaw.com/blog/georgia-wrongful-death-lawsuit/,2026-10-02,0,1,0,66
https://rodenlaw.com/blog/georgia-wrongful-death-lawsuit/,2026-10-03,0,2,0,4.5
https://rodenlaw.com/blog/get-auto-accident-claim-georgia/,2026-09-27,0,1,0,5
https://rodenlaw.com/blog/get-auto-accident-claim-georgia/,2026-09-29,0,1,0,18
https://rodenlaw.com/blog/golf-cart-accidents-charleston-island-resort-communities/,2026-09-19,0,1,0,9
https://rodenlaw.com/blog/golf-cart-accidents-charleston-island-resort-communities/,2026-09-24,0,2,0,7
https://rodenlaw.com/blog/golf-cart-accidents-charleston-island-resort-communities/,2026-09-25,0,1,0,11
https://rodenlaw.com/blog/golf-cart-accidents-charleston-island-resort-communities/,2026-09-27,0,2,0,4.5
https://rodenlaw.com/blog/golf-cart-accidents-charleston-island-resort-communities/,2026-09-30,0,1,0,8
https://rodenlaw.com/blog/golf-colony-south-reindeer-road-underinsured-motorist-lawyer/,2026-09-15,0,2,0,8.5
https://rodenlaw.com/blog/golf-colony-south-reindeer-road-underinsured-motorist-lawyer/,2026-09-16,0,1,0,11
https://rodenlaw.com/blog/golf-colony-south-reindeer-road-underinsured-motorist-lawyer/,2026-09-17,0,2,0,6.5
https://rodenlaw.com/blog/golf-colony-south-reindeer-road-underinsured-motorist-lawyer/,2026-09-19,0,1,0,9
https://rodenlaw.com/blog/golf-colony-south-reindeer-road-underinsured-motorist-lawyer/,2026-09-20,0,1,0,10
https://rodenlaw.com/blog/golf-colony-south-reindeer-road-underinsured-motorist-lawyer/,2026-09-21,0,2,0,5
https://rodenlaw.com/blog/golf-colony-south-reindeer-road-underinsured-motorist-lawyer/,2026-09-25,0,2,0,39.5
https://rodenlaw.com/blog/golf-colony-south-reindeer-road-underinsured-motorist-lawyer/,2026-09-30,0,1,0,49
https://rodenlaw.com/blog/golf-colony-south-reindeer-road-underinsured-motorist-lawyer/,2026-10-03,0,1,0,4
https://rodenlaw.com/blog/golf-colony-south-reindeer-road-underinsured-motorist-lawyer/,2026-10-04,0,1,0,5
https://rodenlaw.com/blog/goose-creek-car-accidents-military-traffic-us-52/,2026-09-16,0,1,0,6
https://rodenlaw.com/blog/goose-creek-car-accidents-military-traffic-us-52/,2026-09-18,0,1,0,10
https://rodenlaw.com/blog/goose-creek-car-accidents-military-traffic-us-52/,2026-09-21,0,1,0,10
https://rodenlaw.com/blog/goose-creek-car-accidents-military-traffic-us-52/,2026-09-22,0,1,0,9
https://rodenlaw.com/blog/goose-creek-car-accidents-military-traffic-us-52/,2026-09-24,0,2,0,1.5
https://rodenlaw.com/blog/goose-creek-car-accidents-military-traffic-us-52/,2026-09-25,0,1,0,1
https://rodenlaw.com/blog/goose-creek-car-accidents-military-traffic-us-52/,2026-09-26,0,2,0,10
https://rodenlaw.com/blog/goose-creek-car-accidents-military-traffic-us-52/,2026-09-28,0,2,0,37
https://rodenlaw.com/blog/goose-creek-car-accidents-military-traffic-us-52/,2026-10-03,0,2,0,7
https://rodenlaw.com/blog/goose-creek-car-accidents-military-traffic-us-52/,2026-10-05,0,1,0,5
https://rodenlaw.com/blog/green-grove-dorchester-road-atv-accident-lawyer-north-charleston/,2026-09-15,0,1,0,12
https://rodenlaw.com/blog/green-grove-dorchester-road-atv-accident-lawyer-north-charleston/,2026-09-16,0,1,0,9
https://rodenlaw.com/blog/green-grove-dorchester-road-atv-accident-lawyer-north-charleston/,2026-09-21,0,1,0,9
https://rodenlaw.com/blog/green-grove-dorchester-road-atv-accident-lawyer-north-charleston/,2026-09-22,0,1,0,5
https://rodenlaw.com/blog/green-grove-dorchester-road-atv-accident-lawyer-north-charleston/,2026-09-23,0,2,0,10
https://rodenlaw.com/blog/green-grove-dorchester-road-atv-accident-lawyer-north-charleston/,2026-09-25,0,1,0,3
https://rodenlaw.com/blog/green-grove-dorchester-road-atv-accident-lawyer-north-charleston/,2026-09-26,0,1,0,41
https://rodenlaw.com/blog/green-grove-dorchester-road-atv-accident-lawyer-north-charleston/,2026-09-27,0,1,0,4
https://rodenlaw.com/blog/green-grove-dorchester-road-atv-accident-lawyer-north-charleston/,2026-09-28,0,1,0,7
https://rodenlaw.com/blog/green-grove-dorchester-road-atv-accident-lawyer-north-charleston/,2026-09-29,0,4,0,50.75
https://rodenlaw.com/blog/green-grove-dorchester-road-atv-accident-lawyer-north-charleston/,2026-09-30,0,1,0,36
https://rodenlaw.com/blog/green-grove-dorchester-road-atv-accident-lawyer-north-charleston/,2026-10-01,0,1,0,34
https://rodenlaw.com/blog/green-grove-dorchester-road-atv-accident-lawyer-north-charleston/,2026-10-02,0,1,0,85
https://rodenlaw.com/blog/green-grove-dorchester-road-atv-accident-lawyer-north-charleston/,2026-10-03,0,1,0,11
https://rodenlaw.com/blog/green-grove-mark-clark-expressway-uninsured-motorist-lawyer-north-charleston/,2026-09-15,0,2,0,6
https://rodenlaw.com/blog/green-grove-mark-clark-expressway-uninsured-motorist-lawyer-north-charleston/,2026-09-17,0,1,0,11
https://rodenlaw.com/blog/green-grove-mark-clark-expressway-uninsured-motorist-lawyer-north-charleston/,2026-09-22,0,2,0,8
https://rodenlaw.com/blog/green-grove-mark-clark-expressway-uninsured-motorist-lawyer-north-charleston/,2026-09-24,0,3,0,4.67
https://rodenlaw.com/blog/green-grove-mark-clark-expressway-uninsured-motorist-lawyer-north-charleston/,2026-09-30,0,1,0,4
https://rodenlaw.com/blog/guide-after-a-car-accident-in-columbia-sc/,2026-09-15,0,3,0,58
https://rodenlaw.com/blog/guide-after-a-car-accident-in-columbia-sc/,2026-09-16,0,5,0,49.4
https://rodenlaw.com/blog/guide-after-a-car-accident-in-columbia-sc/,2026-09-17,0,11,0,6.82
https://rodenlaw.com/blog/guide-after-a-car-accident-in-columbia-sc/,2026-09-18,0,5,0,9
https://rodenlaw.com/blog/guide-after-a-car-accident-in-columbia-sc/,2026-09-19,0,1,0,5
https://rodenlaw.com/blog/guide-after-a-car-accident-in-columbia-sc/,2026-09-21,0,8,0,11.62
https://rodenlaw.com/blog/guide-after-a-car-accident-in-columbia-sc/,2026-09-22,0,5,0,9.4
https://rodenlaw.com/blog/guide-after-a-car-accident-in-columbia-sc/,2026-09-23,0,4,0,9
https://rodenlaw.com/blog/guide-after-a-car-accident-in-columbia-sc/,2026-09-24,0,8,0,9
https://rodenlaw.com/blog/guide-after-a-car-accident-in-columbia-sc/,2026-09-25,0,5,0,6
https://rodenlaw.com/blog/guide-after-a-car-accident-in-columbia-sc/,2026-09-26,0,1,0,44
https://rodenlaw.com/blog/guide-after-a-car-accident-in-columbia-sc/,2026-09-27,0,2,0,7.5
https://rodenlaw.com/blog/guide-after-a-car-accident-in-columbia-sc/,2026-09-30,0,3,0,6.67
https://rodenlaw.com/blog/guide-after-a-car-accident-in-columbia-sc/,2026-10-01,0,2,0,3.5
https://rodenlaw.com/blog/guide-after-a-car-accident-in-columbia-sc/,2026-10-02,0,1,0,25
https://rodenlaw.com/blog/guide-after-a-car-accident-in-columbia-sc/,2026-10-03,0,10,0,28.9
https://rodenlaw.com/blog/guide-after-a-car-accident-in-columbia-sc/,2026-10-04,0,3,0,14.33
https://rodenlaw.com/blog/guide-after-a-car-accident-in-columbia-sc/,2026-10-05,0,1,0,4
https://rodenlaw.com/blog/gym-injury-liability/,2026-09-15,0,53,0,10.28
https://rodenlaw.com/blog/gym-injury-liability/,2026-09-16,0,41,0,14.56
https://rodenlaw.com/blog/gym-injury-liability/,2026-09-18,0,67,0,14.21
https://rodenlaw.com/blog/gym-injury-liability/,2026-09-23,0,67,0,8.61
https://rodenlaw.com/blog/gym-injury-liability/,2026-09-24,0,67,0,9.16
https://rodenlaw.com/blog/gym-injury-liability/,2026-09-25,0,43,0,9.65
https://rodenlaw.com/blog/gym-injury-liability/,2026-09-26,0,33,0,8.82
https://rodenlaw.com/blog/gym-injury-liability/,2026-09-27,0,35,0,9.11
https://rodenlaw.com/blog/gym-injury-liability/,2026-09-29,0,42,0,9
https://rodenlaw.com/blog/gym-injury-liability/,2026-09-30,0,44,0,7.48
https://rodenlaw.com/blog/gym-injury-liability/,2026-10-02,0,54,0,9.06
https://rodenlaw.com/blog/gym-injury-liability/,2026-10-03,0,31,0,10.06
https://rodenlaw.com/blog/gym-injury-liability/,2026-10-04,0,35,0,7.8
https://rodenlaw.com/blog/gym-injury-liability/,2026-10-05,0,14,0,9.21
https://rodenlaw.com/blog/hanahan-murray-avenue-highland-park-bicycle-accident-lawyer/,2026-09-15,0,1,0,6
https://rodenlaw.com/blog/hanahan-murray-avenue-highland-park-bicycle-accident-lawyer/,2026-09-22,0,1,0,8
https://rodenlaw.com/blog/hanahan-murray-avenue-highland-park-bicycle-accident-lawyer/,2026-09-25,0,1,0,10
https://rodenlaw.com/blog/hanahan-murray-avenue-highland-park-bicycle-accident-lawyer/,2026-09-26,0,1,0,9
https://rodenlaw.com/blog/hanahan-murray-avenue-highland-park-bicycle-accident-lawyer/,2026-09-28,0,1,0,7
https://rodenlaw.com/blog/hanahan-murray-avenue-highland-park-bicycle-accident-lawyer/,2026-09-29,0,2,0,11
https://rodenlaw.com/blog/hanahan-murray-avenue-highland-park-bicycle-accident-lawyer/,2026-09-30,0,2,0,8
https://rodenlaw.com/blog/hanahan-murray-avenue-highland-park-bicycle-accident-lawyer/,2026-10-01,0,2,0,9
https://rodenlaw.com/blog/hanahan-murray-avenue-highland-park-bicycle-accident-lawyer/,2026-10-04,0,1,0,10
https://rodenlaw.com/blog/hearing-loss-after-charleston-car-accident/,2026-09-15,0,9,0,16.22
https://rodenlaw.com/blog/hearing-loss-after-charleston-car-accident/,2026-09-16,0,3,0,15.33
https://rodenlaw.com/blog/hearing-loss-after-charleston-car-accident/,2026-09-17,0,1,0,21
https://rodenlaw.com/blog/hearing-loss-after-charleston-car-accident/,2026-09-18,0,4,0,24.25
https://rodenlaw.com/blog/hearing-loss-after-charleston-car-accident/,2026-09-19,0,4,0,11.5
https://rodenlaw.com/blog/hearing-loss-after-charleston-car-accident/,2026-09-20,0,1,0,20
https://rodenlaw.com/blog/hearing-loss-after-charleston-car-accident/,2026-09-21,0,3,0,11.67
https://rodenlaw.com/blog/hearing-loss-after-charleston-car-accident/,2026-09-22,0,6,0,21.5
https://rodenlaw.com/blog/hearing-loss-after-charleston-car-accident/,2026-09-24,0,1,0,22
https://rodenlaw.com/blog/hearing-loss-after-charleston-car-accident/,2026-09-25,0,5,0,34.2
https://rodenlaw.com/blog/hearing-loss-after-charleston-car-accident/,2026-09-26,0,1,0,28
https://rodenlaw.com/blog/hearing-loss-after-charleston-car-accident/,2026-09-27,0,1,0,25
https://rodenlaw.com/blog/hearing-loss-after-charleston-car-accident/,2026-09-28,0,2,0,19
https://rodenlaw.com/blog/hearing-loss-after-charleston-car-accident/,2026-09-29,0,2,0,31.5
https://rodenlaw.com/blog/hearing-loss-after-charleston-car-accident/,2026-09-30,0,1,0,21
https://rodenlaw.com/blog/hearing-loss-after-charleston-car-accident/,2026-10-01,0,3,0,42
https://rodenlaw.com/blog/hearing-loss-after-charleston-car-accident/,2026-10-02,0,3,0,32
https://rodenlaw.com/blog/hearing-loss-after-charleston-car-accident/,2026-10-03,0,2,0,33
https://rodenlaw.com/blog/hearing-loss-after-charleston-car-accident/,2026-10-04,0,3,0,33
https://rodenlaw.com/blog/high-risk-occupations-2017/,2026-09-22,0,2,0,9
https://rodenlaw.com/blog/high-risk-occupations-2017/,2026-09-23,0,1,0,2
https://rodenlaw.com/blog/highway-41-accidents-mount-pleasant-development/,2026-09-26,0,6,0,5.67
https://rodenlaw.com/blog/highway-41-accidents-mount-pleasant-development/,2026-09-28,0,1,0,5
https://rodenlaw.com/blog/highway-41-accidents-mount-pleasant-development/,2026-09-29,0,1,0,5
https://rodenlaw.com/blog/hip-pain-after-car-accident-in-savannah/,2026-09-18,0,1,0,8
https://rodenlaw.com/blog/hip-pain-after-car-accident-in-savannah/,2026-09-20,0,3,0,66.33
https://rodenlaw.com/blog/hip-pain-after-car-accident-in-savannah/,2026-09-22,0,1,0,68
https://rodenlaw.com/blog/hip-pain-after-car-accident-in-savannah/,2026-09-24,0,1,0,9
https://rodenlaw.com/blog/hip-pain-after-car-accident-in-savannah/,2026-09-25,0,2,0,7
https://rodenlaw.com/blog/hip-pain-after-car-accident-in-savannah/,2026-09-26,0,3,0,25.33
https://rodenlaw.com/blog/hip-pain-after-car-accident-in-savannah/,2026-09-28,0,2,0,37
https://rodenlaw.com/blog/hip-pain-after-car-accident-in-savannah/,2026-09-29,0,1,0,10
https://rodenlaw.com/blog/hip-pain-after-car-accident-in-savannah/,2026-09-30,0,1,0,10
https://rodenlaw.com/blog/hip-pain-after-car-accident-in-savannah/,2026-10-01,0,1,0,18
https://rodenlaw.com/blog/hip-pain-after-car-accident-in-savannah/,2026-10-03,0,2,0,6
https://rodenlaw.com/blog/hip-pain-after-car-accident-in-savannah/,2026-10-04,0,1,0,9
https://rodenlaw.com/blog/hipaa-violation-lawsuit-worth/,2026-09-15,0,55,0,11.82
https://rodenlaw.com/blog/hipaa-violation-lawsuit-worth/,2026-09-16,0,78,0,6.44
https://rodenlaw.com/blog/hipaa-violation-lawsuit-worth/,2026-09-20,0,31,0,7.68
https://rodenlaw.com/blog/hipaa-violation-lawsuit-worth/,2026-09-26,0,68,0,8.79
https://rodenlaw.com/blog/hipaa-violation-lawsuit-worth/,2026-09-29,0,78,0,5.15
https://rodenlaw.com/blog/hipaa-violation-lawsuit-worth/,2026-10-01,0,58,0,4.17
https://rodenlaw.com/blog/hipaa-violation-lawyer/,2026-09-15,0,44,0,10.43
https://rodenlaw.com/blog/hipaa-violation-lawyer/,2026-09-18,0,26,0,11.58
https://rodenlaw.com/blog/hipaa-violation-lawyer/,2026-09-19,0,23,0,12.39
https://rodenlaw.com/blog/hipaa-violation-lawyer/,2026-09-20,0,9,0,14
https://rodenlaw.com/blog/hipaa-violation-lawyer/,2026-09-23,0,15,0,13.33
https://rodenlaw.com/blog/hipaa-violation-lawyer/,2026-09-26,0,18,0,17.44
https://rodenlaw.com/blog/hipaa-violation-lawyer/,2026-09-27,0,29,0,21.52
https://rodenlaw.com/blog/hipaa-violation-lawyer/,2026-09-28,0,34,0,14.21
https://rodenlaw.com/blog/hipaa-violation-lawyer/,2026-09-29,0,25,0,22.48
https://rodenlaw.com/blog/hipaa-violation-lawyer/,2026-09-30,0,23,0,13.57
https://rodenlaw.com/blog/hipaa-violation-lawyer/,2026-10-01,0,29,0,14.72
https://rodenlaw.com/blog/hipaa-violation-lawyer/,2026-10-03,0,25,0,26.56
https://rodenlaw.com/blog/hipaa-violation-lawyer/,2026-10-04,0,5,0,17.4
https://rodenlaw.com/blog/hipaa-violation-lawyer/,2026-10-05,0,8,0,18.12
https://rodenlaw.com/blog/hit-and-run-drunk-driver-crashes-ashley-river-road-sc-61-west-ashley-greenwood-park/,2026-09-15,0,6,0,7.33
https://rodenlaw.com/blog/hit-and-run-drunk-driver-crashes-ashley-river-road-sc-61-west-ashley-greenwood-park/,2026-09-17,0,1,0,7
https://rodenlaw.com/blog/hit-and-run-drunk-driver-crashes-ashley-river-road-sc-61-west-ashley-greenwood-park/,2026-09-21,0,11,0,7.45
https://rodenlaw.com/blog/hit-and-run-drunk-driver-crashes-ashley-river-road-sc-61-west-ashley-greenwood-park/,2026-09-22,0,6,0,9.17
https://rodenlaw.com/blog/hit-and-run-drunk-driver-crashes-ashley-river-road-sc-61-west-ashley-greenwood-park/,2026-09-23,0,1,0,8
https://rodenlaw.com/blog/hit-and-run-drunk-driver-crashes-ashley-river-road-sc-61-west-ashley-greenwood-park/,2026-09-24,0,1,0,89
https://rodenlaw.com/blog/hit-and-run-drunk-driver-crashes-ashley-river-road-sc-61-west-ashley-greenwood-park/,2026-09-25,0,4,0,20.5
https://rodenlaw.com/blog/hit-and-run-drunk-driver-crashes-ashley-river-road-sc-61-west-ashley-greenwood-park/,2026-09-26,0,4,0,8.75
https://rodenlaw.com/blog/hit-and-run-drunk-driver-crashes-ashley-river-road-sc-61-west-ashley-greenwood-park/,2026-09-27,0,2,0,4
https://rodenlaw.com/blog/hit-and-run-drunk-driver-crashes-ashley-river-road-sc-61-west-ashley-greenwood-park/,2026-09-28,0,9,0,18.67
https://rodenlaw.com/blog/hit-and-run-drunk-driver-crashes-ashley-river-road-sc-61-west-ashley-greenwood-park/,2026-09-29,0,7,0,15.43
https://rodenlaw.com/blog/hit-and-run-drunk-driver-crashes-ashley-river-road-sc-61-west-ashley-greenwood-park/,2026-09-30,0,4,0,10.75
https://rodenlaw.com/blog/hit-and-run-drunk-driver-crashes-ashley-river-road-sc-61-west-ashley-greenwood-park/,2026-10-01,0,3,0,36
https://rodenlaw.com/blog/hit-and-run-drunk-driver-crashes-ashley-river-road-sc-61-west-ashley-greenwood-park/,2026-10-03,0,4,0,4.75
https://rodenlaw.com/blog/hospital-liability-for-medical-malpractice/,2026-09-15,0,2,0,53
https://rodenlaw.com/blog/hospital-liability-for-medical-malpractice/,2026-09-16,0,6,0,55.83
https://rodenlaw.com/blog/hospital-liability-for-medical-malpractice/,2026-09-17,0,1,0,100
https://rodenlaw.com/blog/hospital-liability-for-medical-malpractice/,2026-09-18,0,1,0,64
https://rodenlaw.com/blog/hospital-liability-for-medical-malpractice/,2026-09-19,0,6,0,57
https://rodenlaw.com/blog/hospital-liability-for-medical-malpractice/,2026-09-20,0,5,0,23.6
https://rodenlaw.com/blog/hospital-liability-for-medical-malpractice/,2026-09-21,0,9,0,57.33
https://rodenlaw.com/blog/hospital-liability-for-medical-malpractice/,2026-09-22,0,9,0,32.44
https://rodenlaw.com/blog/hospital-liability-for-medical-malpractice/,2026-09-23,0,4,0,7.25
https://rodenlaw.com/blog/hospital-liability-for-medical-malpractice/,2026-09-24,0,4,0,52.25
https://rodenlaw.com/blog/hospital-liability-for-medical-malpractice/,2026-09-25,0,2,0,8
https://rodenlaw.com/blog/hospital-liability-for-medical-malpractice/,2026-09-26,0,4,0,5.75
https://rodenlaw.com/blog/hospital-liability-for-medical-malpractice/,2026-09-27,0,2,0,71
https://rodenlaw.com/blog/hospital-liability-for-medical-malpractice/,2026-09-28,0,2,0,34
https://rodenlaw.com/blog/hospital-liability-for-medical-malpractice/,2026-09-29,0,4,0,29
https://rodenlaw.com/blog/hospital-liability-for-medical-malpractice/,2026-09-30,0,3,0,20.33
https://rodenlaw.com/blog/hospital-liability-for-medical-malpractice/,2026-10-01,0,6,0,23.83
https://rodenlaw.com/blog/hospital-liability-for-medical-malpractice/,2026-10-02,0,12,0,34.33
https://rodenlaw.com/blog/hospital-liability-for-medical-malpractice/,2026-10-03,0,7,0,62.57
https://rodenlaw.com/blog/hospital-liability-for-medical-malpractice/,2026-10-04,0,5,0,6.8
https://rodenlaw.com/blog/hospital-liability-for-medical-malpractice/,2026-10-05,0,6,0,26.67
https://rodenlaw.com/blog/how-car-insurers-use-private-investigators/,2026-09-15,0,30,0,6.43
https://rodenlaw.com/blog/how-car-insurers-use-private-investigators/,2026-09-16,0,27,0,13.7
https://rodenlaw.com/blog/how-car-insurers-use-private-investigators/,2026-09-17,0,12,0,5.67
https://rodenlaw.com/blog/how-car-insurers-use-private-investigators/,2026-09-18,0,14,0,6.14
https://rodenlaw.com/blog/how-car-insurers-use-private-investigators/,2026-09-20,0,14,0,6.93
https://rodenlaw.com/blog/how-car-insurers-use-private-investigators/,2026-09-21,0,18,0,9.61
https://rodenlaw.com/blog/how-car-insurers-use-private-investigators/,2026-09-22,0,24,0,9.71
https://rodenlaw.com/blog/how-car-insurers-use-private-investigators/,2026-09-23,0,8,0,4.38
https://rodenlaw.com/blog/how-car-insurers-use-private-investigators/,2026-09-25,0,14,0,7.57
https://rodenlaw.com/blog/how-car-insurers-use-private-investigators/,2026-09-26,0,8,0,23
https://rodenlaw.com/blog/how-car-insurers-use-private-investigators/,2026-09-27,0,12,0,19
https://rodenlaw.com/blog/how-car-insurers-use-private-investigators/,2026-09-28,0,9,0,8.67
https://rodenlaw.com/blog/how-car-insurers-use-private-investigators/,2026-09-29,0,8,0,8.25
https://rodenlaw.com/blog/how-car-insurers-use-private-investigators/,2026-09-30,0,28,0,9.79
https://rodenlaw.com/blog/how-car-insurers-use-private-investigators/,2026-10-02,0,23,0,9.39
https://rodenlaw.com/blog/how-car-insurers-use-private-investigators/,2026-10-03,0,12,0,12
https://rodenlaw.com/blog/how-car-insurers-use-private-investigators/,2026-10-04,0,7,0,13
https://rodenlaw.com/blog/how-car-insurers-use-private-investigators/,2026-10-05,0,4,0,6.5
https://rodenlaw.com/blog/how-car-insurers-use-private-investigators/#ga-vs-sc-comparison,2026-09-15,0,1,0,11
https://rodenlaw.com/blog/how-car-insurers-use-private-investigators/#ga-vs-sc-comparison,2026-09-17,0,1,0,1
https://rodenlaw.com/blog/how-car-insurers-use-private-investigators/#ga-vs-sc-comparison,2026-09-18,0,1,0,6
https://rodenlaw.com/blog/how-car-insurers-use-private-investigators/#ga-vs-sc-comparison,2026-09-20,0,1,0,2
https://rodenlaw.com/blog/how-car-insurers-use-private-investigators/#ga-vs-sc-comparison,2026-09-21,0,1,0,2
https://rodenlaw.com/blog/how-car-insurers-use-private-investigators/#ga-vs-sc-comparison,2026-09-23,0,1,0,2
https://rodenlaw.com/blog/how-car-insurers-use-private-investigators/#ga-vs-sc-comparison,2026-09-24,0,1,0,5
https://rodenlaw.com/blog/how-car-insurers-use-private-investigators/#ga-vs-sc-comparison,2026-09-30,0,1,0,6
https://rodenlaw.com/blog/how-car-insurers-use-private-investigators/#ga-vs-sc-comparison,2026-10-01,0,1,0,11
https://rodenlaw.com/blog/how-car-insurers-use-private-investigators/#ga-vs-sc-comparison,2026-10-02,0,1,0,9
https://rodenlaw.com/blog/how-car-insurers-use-private-investigators/#pi-evidence-against-you,2026-09-24,0,1,0,5
https://rodenlaw.com/blog/how-car-insurers-use-private-investigators/#pi-evidence-against-you,2026-10-02,0,1,0,9
https://rodenlaw.com/blog/how-car-insurers-use-private-investigators/#why-insurers-hire-pis,2026-09-15,0,1,0,11
https://rodenlaw.com/blog/how-car-insurers-use-private-investigators/#why-insurers-hire-pis,2026-09-17,0,1,0,1
https://rodenlaw.com/blog/how-car-insurers-use-private-investigators/#why-insurers-hire-pis,2026-09-18,0,1,0,6
https://rodenlaw.com/blog/how-car-insurers-use-private-investigators/#why-insurers-hire-pis,2026-09-20,0,1,0,2
https://rodenlaw.com/blog/how-car-insurers-use-private-investigators/#why-insurers-hire-pis,2026-09-21,0,1,0,2
https://rodenlaw.com/blog/how-car-insurers-use-private-investigators/#why-insurers-hire-pis,2026-09-23,0,1,0,2
https://rodenlaw.com/blog/how-car-insurers-use-private-investigators/#why-insurers-hire-pis,2026-09-24,0,1,0,5
https://rodenlaw.com/blog/how-car-insurers-use-private-investigators/#why-insurers-hire-pis,2026-09-30,0,1,0,6
https://rodenlaw.com/blog/how-car-insurers-use-private-investigators/#why-insurers-hire-pis,2026-10-01,0,1,0,11
https://rodenlaw.com/blog/how-car-insurers-use-private-investigators/#why-insurers-hire-pis,2026-10-02,0,1,0,9
https://rodenlaw.com/blog/how-do-i-know-if-i-have-a-medical-malpractice-case/,2026-09-15,0,1,0,8
https://rodenlaw.com/blog/how-do-i-know-if-i-have-a-medical-malpractice-case/,2026-09-16,0,3,0,7
https://rodenlaw.com/blog/how-do-i-know-if-i-have-a-medical-malpractice-case/,2026-09-17,0,3,0,8.67
https://rodenlaw.com/blog/how-do-i-know-if-i-have-a-medical-malpractice-case/,2026-09-18,0,1,0,18
https://rodenlaw.com/blog/how-do-i-know-if-i-have-a-medical-malpractice-case/,2026-09-20,0,4,0,7.75
https://rodenlaw.com/blog/how-do-i-know-if-i-have-a-medical-malpractice-case/,2026-09-21,0,1,0,9
https://rodenlaw.com/blog/how-do-i-know-if-i-have-a-medical-malpractice-case/,2026-09-22,0,2,0,9
https://rodenlaw.com/blog/how-do-i-know-if-i-have-a-medical-malpractice-case/,2026-09-23,0,1,0,1
https://rodenlaw.com/blog/how-do-i-know-if-i-have-a-medical-malpractice-case/,2026-09-25,0,2,0,4
https://rodenlaw.com/blog/how-do-i-know-if-i-have-a-medical-malpractice-case/,2026-09-26,0,14,0,3.86
https://rodenlaw.com/blog/how-do-i-know-if-i-have-a-medical-malpractice-case/,2026-09-27,0,5,0,6
https://rodenlaw.com/blog/how-do-i-know-if-i-have-a-medical-malpractice-case/,2026-09-28,0,5,0,8
https://rodenlaw.com/blog/how-do-i-know-if-i-have-a-medical-malpractice-case/,2026-09-29,0,3,0,7.33
https://rodenlaw.com/blog/how-do-i-know-if-i-have-a-medical-malpractice-case/,2026-09-30,0,9,0,7.33
https://rodenlaw.com/blog/how-do-i-know-if-i-have-a-medical-malpractice-case/,2026-10-01,0,1,0,10
https://rodenlaw.com/blog/how-do-i-know-if-i-have-a-medical-malpractice-case/,2026-10-02,0,2,0,10
https://rodenlaw.com/blog/how-do-i-know-if-i-have-a-medical-malpractice-case/,2026-10-03,0,3,0,11.67
https://rodenlaw.com/blog/how-do-i-know-if-i-have-a-personal-injury-case/,2026-09-15,0,1,0,11
https://rodenlaw.com/blog/how-do-i-know-if-i-have-a-personal-injury-case/,2026-09-18,0,6,0,25.67
https://rodenlaw.com/blog/how-do-i-know-if-i-have-a-personal-injury-case/,2026-09-20,0,3,0,32.33
https://rodenlaw.com/blog/how-do-i-know-if-i-have-a-personal-injury-case/,2026-09-21,0,1,0,28
https://rodenlaw.com/blog/how-do-i-know-if-i-have-a-personal-injury-case/,2026-09-22,0,2,0,9
https://rodenlaw.com/blog/how-do-i-know-if-i-have-a-personal-injury-case/,2026-09-23,0,2,0,9.5
https://rodenlaw.com/blog/how-do-i-know-if-i-have-a-personal-injury-case/,2026-09-24,0,7,0,25
https://rodenlaw.com/blog/how-do-i-know-if-i-have-a-personal-injury-case/,2026-09-25,0,11,0,18.73
https://rodenlaw.com/blog/how-do-i-know-if-i-have-a-personal-injury-case/,2026-09-27,0,5,0,5.8
https://rodenlaw.com/blog/how-do-i-know-if-i-have-a-personal-injury-case/,2026-09-28,0,4,0,12
https://rodenlaw.com/blog/how-do-i-know-if-i-have-a-personal-injury-case/,2026-09-29,0,4,0,14.5
https://rodenlaw.com/blog/how-do-i-know-if-i-have-a-personal-injury-case/,2026-09-30,0,1,0,8
https://rodenlaw.com/blog/how-long-can-a-person-stay-on-workers-compensation/,2026-09-16,0,44,0,7.05
https://rodenlaw.com/blog/how-long-can-a-person-stay-on-workers-compensation/,2026-09-17,0,43,0,8.33
https://rodenlaw.com/blog/how-long-can-a-person-stay-on-workers-compensation/,2026-09-18,0,50,0,7
https://rodenlaw.com/blog/how-long-can-a-person-stay-on-workers-compensation/,2026-09-19,0,22,0,8.41
https://rodenlaw.com/blog/how-long-can-a-person-stay-on-workers-compensation/,2026-09-20,0,26,0,11.88
https://rodenlaw.com/blog/how-long-can-a-person-stay-on-workers-compensation/,2026-09-21,0,30,0,7.23
https://rodenlaw.com/blog/how-long-can-a-person-stay-on-workers-compensation/,2026-09-22,0,48,0,6.6
https://rodenlaw.com/blog/how-long-can-a-person-stay-on-workers-compensation/,2026-09-23,0,20,0,8.2
https://rodenlaw.com/blog/how-long-can-a-person-stay-on-workers-compensation/,2026-09-24,0,14,0,7.57
https://rodenlaw.com/blog/how-long-can-a-person-stay-on-workers-compensation/,2026-09-25,0,11,0,7
https://rodenlaw.com/blog/how-long-can-a-person-stay-on-workers-compensation/,2026-09-26,0,8,0,23.12
https://rodenlaw.com/blog/how-long-can-a-person-stay-on-workers-compensation/,2026-09-27,0,11,0,15.55
https://rodenlaw.com/blog/how-long-can-a-person-stay-on-workers-compensation/,2026-09-28,0,13,0,12.77
https://rodenlaw.com/blog/how-long-can-a-person-stay-on-workers-compensation/,2026-09-29,0,13,0,18.85
https://rodenlaw.com/blog/how-long-can-a-person-stay-on-workers-compensation/,2026-09-30,0,9,0,14
https://rodenlaw.com/blog/how-long-can-a-person-stay-on-workers-compensation/,2026-10-01,0,15,0,22.93
https://rodenlaw.com/blog/how-long-can-a-person-stay-on-workers-compensation/,2026-10-02,0,21,0,25.67
https://rodenlaw.com/blog/how-long-can-a-person-stay-on-workers-compensation/,2026-10-03,0,11,0,17.73
https://rodenlaw.com/blog/how-long-can-a-person-stay-on-workers-compensation/,2026-10-04,0,9,0,20.89
https://rodenlaw.com/blog/how-long-can-a-person-stay-on-workers-compensation/,2026-10-05,0,1,0,4
https://rodenlaw.com/blog/how-long-can-a-person-stay-on-workers-compensation/#benefit-timelines,2026-09-15,0,4,0,5.5
https://rodenlaw.com/blog/how-long-can-a-person-stay-on-workers-compensation/#benefit-timelines,2026-09-16,0,5,0,7.8
https://rodenlaw.com/blog/how-long-can-a-person-stay-on-workers-compensation/#benefit-timelines,2026-09-17,0,3,0,5.67
https://rodenlaw.com/blog/how-long-can-a-person-stay-on-workers-compensation/#benefit-timelines,2026-09-18,0,3,0,6.67
https://rodenlaw.com/blog/how-long-can-a-person-stay-on-workers-compensation/#benefit-timelines,2026-09-19,0,1,0,6
https://rodenlaw.com/blog/how-long-can-a-person-stay-on-workers-compensation/#benefit-timelines,2026-09-20,0,3,0,8.67
https://rodenlaw.com/blog/how-long-can-a-person-stay-on-workers-compensation/#benefit-timelines,2026-09-21,0,5,0,8.4
https://rodenlaw.com/blog/how-long-can-a-person-stay-on-workers-compensation/#benefit-timelines,2026-09-22,0,4,0,5.5
https://rodenlaw.com/blog/how-long-can-a-person-stay-on-workers-compensation/#benefit-timelines,2026-09-23,0,2,0,9.5
https://rodenlaw.com/blog/how-long-can-a-person-stay-on-workers-compensation/#benefit-timelines,2026-09-24,0,1,0,8
https://rodenlaw.com/blog/how-long-can-a-person-stay-on-workers-compensation/#benefit-timelines,2026-09-25,0,1,0,8
https://rodenlaw.com/blog/how-long-can-a-person-stay-on-workers-compensation/#benefit-timelines,2026-09-26,0,1,0,8
https://rodenlaw.com/blog/how-long-can-a-person-stay-on-workers-compensation/#benefit-timelines,2026-09-27,0,1,0,6
https://rodenlaw.com/blog/how-long-can-a-person-stay-on-workers-compensation/#benefit-timelines,2026-09-28,0,4,0,7.5
https://rodenlaw.com/blog/how-long-can-a-person-stay-on-workers-compensation/#benefit-timelines,2026-09-29,0,3,0,6.67
https://rodenlaw.com/blog/how-long-can-a-person-stay-on-workers-compensation/#benefit-timelines,2026-09-30,0,1,0,6
https://rodenlaw.com/blog/how-long-can-a-person-stay-on-workers-compensation/#benefit-timelines,2026-10-01,0,2,0,6.5
https://rodenlaw.com/blog/how-long-can-a-person-stay-on-workers-compensation/#benefit-timelines,2026-10-02,0,1,0,6
https://rodenlaw.com/blog/how-long-can-a-person-stay-on-workers-compensation/#benefit-timelines,2026-10-03,0,1,0,6
https://rodenlaw.com/blog/how-long-can-a-person-stay-on-workers-compensation/#benefit-timelines,2026-10-04,0,1,0,6
https://rodenlaw.com/blog/how-long-can-a-person-stay-on-workers-compensation/#extending-benefits,2026-09-15,0,8,0,5.75
https://rodenlaw.com/blog/how-long-can-a-person-stay-on-workers-compensation/#extending-benefits,2026-09-16,0,8,0,7.12
https://rodenlaw.com/blog/how-long-can-a-person-stay-on-workers-compensation/#extending-benefits,2026-09-17,0,10,0,5.8
https://rodenlaw.com/blog/how-long-can-a-person-stay-on-workers-compensation/#extending-benefits,2026-09-18,0,6,0,6.67
https://rodenlaw.com/blog/how-long-can-a-person-stay-on-workers-compensation/#extending-benefits,2026-09-19,0,3,0,7.67
https://rodenlaw.com/blog/how-long-can-a-person-stay-on-workers-compensation/#extending-benefits,2026-09-20,0,5,0,7.2
https://rodenlaw.com/blog/how-long-can-a-person-stay-on-workers-compensation/#extending-benefits,2026-09-21,0,7,0,7.86
https://rodenlaw.com/blog/how-long-can-a-person-stay-on-workers-compensation/#extending-benefits,2026-09-22,0,11,0,5.82
https://rodenlaw.com/blog/how-long-can-a-person-stay-on-workers-compensation/#extending-benefits,2026-09-23,0,3,0,9
https://rodenlaw.com/blog/how-long-can-a-person-stay-on-workers-compensation/#extending-benefits,2026-09-24,0,2,0,8
https://rodenlaw.com/blog/how-long-can-a-person-stay-on-workers-compensation/#extending-benefits,2026-09-25,0,3,0,9
https://rodenlaw.com/blog/how-long-can-a-person-stay-on-workers-compensation/#extending-benefits,2026-09-26,0,2,0,8
https://rodenlaw.com/blog/how-long-can-a-person-stay-on-workers-compensation/#extending-benefits,2026-09-27,0,3,0,6.67
https://rodenlaw.com/blog/how-long-can-a-person-stay-on-workers-compensation/#extending-benefits,2026-09-28,0,6,0,7
https://rodenlaw.com/blog/how-long-can-a-person-stay-on-workers-compensation/#extending-benefits,2026-09-29,0,3,0,6.67
https://rodenlaw.com/blog/how-long-can-a-person-stay-on-workers-compensation/#extending-benefits,2026-09-30,0,2,0,6
https://rodenlaw.com/blog/how-long-can-a-person-stay-on-workers-compensation/#extending-benefits,2026-10-01,0,3,0,6.33
https://rodenlaw.com/blog/how-long-can-a-person-stay-on-workers-compensation/#extending-benefits,2026-10-02,0,2,0,6
https://rodenlaw.com/blog/how-long-can-a-person-stay-on-workers-compensation/#extending-benefits,2026-10-03,0,2,0,6
https://rodenlaw.com/blog/how-long-can-a-person-stay-on-workers-compensation/#extending-benefits,2026-10-04,0,4,0,6
https://rodenlaw.com/blog/how-long-can-a-person-stay-on-workers-compensation/#factors-that-affect,2026-09-15,0,4,0,5.5
https://rodenlaw.com/blog/how-long-can-a-person-stay-on-workers-compensation/#factors-that-affect,2026-09-16,0,5,0,7.8
https://rodenlaw.com/blog/how-long-can-a-person-stay-on-workers-compensation/#factors-that-affect,2026-09-17,0,2,0,6
https://rodenlaw.com/blog/how-long-can-a-person-stay-on-workers-compensation/#factors-that-affect,2026-09-18,0,3,0,6.67
https://rodenlaw.com/blog/how-long-can-a-person-stay-on-workers-compensation/#factors-that-affect,2026-09-19,0,1,0,6
https://rodenlaw.com/blog/how-long-can-a-person-stay-on-workers-compensation/#factors-that-affect,2026-09-20,0,3,0,8.67
https://rodenlaw.com/blog/how-long-can-a-person-stay-on-workers-compensation/#factors-that-affect,2026-09-21,0,5,0,8.4
https://rodenlaw.com/blog/how-long-can-a-person-stay-on-workers-compensation/#factors-that-affect,2026-09-22,0,4,0,5.5
https://rodenlaw.com/blog/how-long-can-a-person-stay-on-workers-compensation/#factors-that-affect,2026-09-23,0,2,0,9.5
https://rodenlaw.com/blog/how-long-can-a-person-stay-on-workers-compensation/#factors-that-affect,2026-09-24,0,1,0,8
https://rodenlaw.com/blog/how-long-can-a-person-stay-on-workers-compensation/#factors-that-affect,2026-09-25,0,1,0,8
https://rodenlaw.com/blog/how-long-can-a-person-stay-on-workers-compensation/#factors-that-affect,2026-09-26,0,1,0,8
https://rodenlaw.com/blog/how-long-can-a-person-stay-on-workers-compensation/#factors-that-affect,2026-09-27,0,1,0,6
https://rodenlaw.com/blog/how-long-can-a-person-stay-on-workers-compensation/#factors-that-affect,2026-09-28,0,4,0,7.5
https://rodenlaw.com/blog/how-long-can-a-person-stay-on-workers-compensation/#factors-that-affect,2026-09-29,0,3,0,6.67
https://rodenlaw.com/blog/how-long-can-a-person-stay-on-workers-compensation/#factors-that-affect,2026-09-30,0,1,0,6
https://rodenlaw.com/blog/how-long-can-a-person-stay-on-workers-compensation/#factors-that-affect,2026-10-01,0,2,0,6.5
https://rodenlaw.com/blog/how-long-can-a-person-stay-on-workers-compensation/#factors-that-affect,2026-10-02,0,1,0,6
https://rodenlaw.com/blog/how-long-can-a-person-stay-on-workers-compensation/#factors-that-affect,2026-10-03,0,1,0,6
https://rodenlaw.com/blog/how-long-can-a-person-stay-on-workers-compensation/#factors-that-affect,2026-10-04,0,1,0,6
https://rodenlaw.com/blog/how-long-can-a-person-stay-on-workers-compensation/#lump-sum-settlements,2026-09-15,0,4,0,5.5
https://rodenlaw.com/blog/how-long-can-a-person-stay-on-workers-compensation/#lump-sum-settlements,2026-09-16,0,5,0,7.8
https://rodenlaw.com/blog/how-long-can-a-person-stay-on-workers-compensation/#lump-sum-settlements,2026-09-17,0,2,0,6
https://rodenlaw.com/blog/how-long-can-a-person-stay-on-workers-compensation/#lump-sum-settlements,2026-09-18,0,3,0,6.67
https://rodenlaw.com/blog/how-long-can-a-person-stay-on-workers-compensation/#lump-sum-settlements,2026-09-19,0,1,0,6
https://rodenlaw.com/blog/how-long-can-a-person-stay-on-workers-compensation/#lump-sum-settlements,2026-09-20,0,3,0,8.67
https://rodenlaw.com/blog/how-long-can-a-person-stay-on-workers-compensation/#lump-sum-settlements,2026-09-21,0,5,0,8.4
https://rodenlaw.com/blog/how-long-can-a-person-stay-on-workers-compensation/#lump-sum-settlements,2026-09-22,0,4,0,5.5
https://rodenlaw.com/blog/how-long-can-a-person-stay-on-workers-compensation/#lump-sum-settlements,2026-09-23,0,2,0,9.5
https://rodenlaw.com/blog/how-long-can-a-person-stay-on-workers-compensation/#lump-sum-settlements,2026-09-24,0,1,0,8
https://rodenlaw.com/blog/how-long-can-a-person-stay-on-workers-compensation/#lump-sum-settlements,2026-09-25,0,1,0,8
https://rodenlaw.com/blog/how-long-can-a-person-stay-on-workers-compensation/#lump-sum-settlements,2026-09-26,0,1,0,8
https://rodenlaw.com/blog/how-long-can-a-person-stay-on-workers-compensation/#lump-sum-settlements,2026-09-27,0,1,0,6
https://rodenlaw.com/blog/how-long-can-a-person-stay-on-workers-compensation/#lump-sum-settlements,2026-09-28,0,4,0,7.5
https://rodenlaw.com/blog/how-long-can-a-person-stay-on-workers-compensation/#lump-sum-settlements,2026-09-29,0,3,0,6.67
https://rodenlaw.com/blog/how-long-can-a-person-stay-on-workers-compensation/#lump-sum-settlements,2026-09-30,0,1,0,6
https://rodenlaw.com/blog/how-long-can-a-person-stay-on-workers-compensation/#lump-sum-settlements,2026-10-01,0,2,0,6.5
https://rodenlaw.com/blog/how-long-can-a-person-stay-on-workers-compensation/#lump-sum-settlements,2026-10-02,0,1,0,6
https://rodenlaw.com/blog/how-long-can-a-person-stay-on-workers-compensation/#lump-sum-settlements,2026-10-03,0,1,0,6
https://rodenlaw.com/blog/how-long-can-a-person-stay-on-workers-compensation/#lump-sum-settlements,2026-10-04,0,1,0,6
https://rodenlaw.com/blog/how-long-can-a-person-stay-on-workers-compensation/#short-answer,2026-09-15,0,8,0,5.75
https://rodenlaw.com/blog/how-long-can-a-person-stay-on-workers-compensation/#short-answer,2026-09-16,0,8,0,7.12
https://rodenlaw.com/blog/how-long-can-a-person-stay-on-workers-compensation/#short-answer,2026-09-17,0,6,0,5.67
https://rodenlaw.com/blog/how-long-can-a-person-stay-on-workers-compensation/#short-answer,2026-09-18,0,6,0,6.67
https://rodenlaw.com/blog/how-long-can-a-person-stay-on-workers-compensation/#short-answer,2026-09-19,0,6,0,8
https://rodenlaw.com/blog/how-long-can-a-person-stay-on-workers-compensation/#short-answer,2026-09-20,0,5,0,7.2
https://rodenlaw.com/blog/how-long-can-a-person-stay-on-workers-compensation/#short-answer,2026-09-21,0,6,0,8
https://rodenlaw.com/blog/how-long-can-a-person-stay-on-workers-compensation/#short-answer,2026-09-22,0,11,0,5.82
https://rodenlaw.com/blog/how-long-can-a-person-stay-on-workers-compensation/#short-answer,2026-09-23,0,3,0,9
https://rodenlaw.com/blog/how-long-can-a-person-stay-on-workers-compensation/#short-answer,2026-09-24,0,2,0,8
https://rodenlaw.com/blog/how-long-can-a-person-stay-on-workers-compensation/#short-answer,2026-09-25,0,3,0,9
https://rodenlaw.com/blog/how-long-can-a-person-stay-on-workers-compensation/#short-answer,2026-09-26,0,2,0,8
https://rodenlaw.com/blog/how-long-can-a-person-stay-on-workers-compensation/#short-answer,2026-09-27,0,3,0,6.67
https://rodenlaw.com/blog/how-long-can-a-person-stay-on-workers-compensation/#short-answer,2026-09-28,0,6,0,7
https://rodenlaw.com/blog/how-long-can-a-person-stay-on-workers-compensation/#short-answer,2026-09-29,0,3,0,6.67
https://rodenlaw.com/blog/how-long-can-a-person-stay-on-workers-compensation/#short-answer,2026-09-30,0,2,0,6
https://rodenlaw.com/blog/how-long-can-a-person-stay-on-workers-compensation/#short-answer,2026-10-01,0,3,0,6.33
https://rodenlaw.com/blog/how-long-can-a-person-stay-on-workers-compensation/#short-answer,2026-10-02,0,2,0,6
https://rodenlaw.com/blog/how-long-can-a-person-stay-on-workers-compensation/#short-answer,2026-10-03,0,2,0,6
https://rodenlaw.com/blog/how-long-can-a-person-stay-on-workers-compensation/#short-answer,2026-10-04,0,3,0,6.33
https://rodenlaw.com/blog/how-long-can-a-person-stay-on-workers-compensation/#transitioning-to-ssdi,2026-09-15,0,4,0,5.5
https://rodenlaw.com/blog/how-long-can-a-person-stay-on-workers-compensation/#transitioning-to-ssdi,2026-09-16,0,5,0,7.8
https://rodenlaw.com/blog/how-long-can-a-person-stay-on-workers-compensation/#transitioning-to-ssdi,2026-09-17,0,2,0,6
https://rodenlaw.com/blog/how-long-can-a-person-stay-on-workers-compensation/#transitioning-to-ssdi,2026-09-18,0,3,0,6.67
https://rodenlaw.com/blog/how-long-can-a-person-stay-on-workers-compensation/#transitioning-to-ssdi,2026-09-19,0,1,0,6
https://rodenlaw.com/blog/how-long-can-a-person-stay-on-workers-compensation/#transitioning-to-ssdi,2026-09-20,0,3,0,8.67
https://rodenlaw.com/blog/how-long-can-a-person-stay-on-workers-compensation/#transitioning-to-ssdi,2026-09-21,0,6,0,8.17
https://rodenlaw.com/blog/how-long-can-a-person-stay-on-workers-compensation/#transitioning-to-ssdi,2026-09-22,0,4,0,5.5
https://rodenlaw.com/blog/how-long-can-a-person-stay-on-workers-compensation/#transitioning-to-ssdi,2026-09-23,0,2,0,9.5
https://rodenlaw.com/blog/how-long-can-a-person-stay-on-workers-compensation/#transitioning-to-ssdi,2026-09-24,0,1,0,8
https://rodenlaw.com/blog/how-long-can-a-person-stay-on-workers-compensation/#transitioning-to-ssdi,2026-09-25,0,1,0,8
https://rodenlaw.com/blog/how-long-can-a-person-stay-on-workers-compensation/#transitioning-to-ssdi,2026-09-26,0,1,0,8
https://rodenlaw.com/blog/how-long-can-a-person-stay-on-workers-compensation/#transitioning-to-ssdi,2026-09-27,0,1,0,6
https://rodenlaw.com/blog/how-long-can-a-person-stay-on-workers-compensation/#transitioning-to-ssdi,2026-09-28,0,4,0,7.5
https://rodenlaw.com/blog/how-long-can-a-person-stay-on-workers-compensation/#transitioning-to-ssdi,2026-09-29,0,3,0,6.67
https://rodenlaw.com/blog/how-long-can-a-person-stay-on-workers-compensation/#transitioning-to-ssdi,2026-09-30,0,1,0,6
https://rodenlaw.com/blog/how-long-can-a-person-stay-on-workers-compensation/#transitioning-to-ssdi,2026-10-01,0,2,0,6.5
https://rodenlaw.com/blog/how-long-can-a-person-stay-on-workers-compensation/#transitioning-to-ssdi,2026-10-02,0,1,0,6
https://rodenlaw.com/blog/how-long-can-a-person-stay-on-workers-compensation/#transitioning-to-ssdi,2026-10-03,0,1,0,6
https://rodenlaw.com/blog/how-long-can-a-person-stay-on-workers-compensation/#transitioning-to-ssdi,2026-10-04,0,1,0,6
https://rodenlaw.com/blog/how-long-can-a-person-stay-on-workers-compensation/#when-benefits-run-out,2026-09-15,0,4,0,5.5
https://rodenlaw.com/blog/how-long-can-a-person-stay-on-workers-compensation/#when-benefits-run-out,2026-09-16,0,5,0,7.8
https://rodenlaw.com/blog/how-long-can-a-person-stay-on-workers-compensation/#when-benefits-run-out,2026-09-17,0,5,0,6.2
https://rodenlaw.com/blog/how-long-can-a-person-stay-on-workers-compensation/#when-benefits-run-out,2026-09-18,0,3,0,6.67
https://rodenlaw.com/blog/how-long-can-a-person-stay-on-workers-compensation/#when-benefits-run-out,2026-09-19,0,6,0,8.83
https://rodenlaw.com/blog/how-long-can-a-person-stay-on-workers-compensation/#when-benefits-run-out,2026-09-20,0,3,0,8.67
https://rodenlaw.com/blog/how-long-can-a-person-stay-on-workers-compensation/#when-benefits-run-out,2026-09-21,0,5,0,8.4
https://rodenlaw.com/blog/how-long-can-a-person-stay-on-workers-compensation/#when-benefits-run-out,2026-09-22,0,4,0,5.5
https://rodenlaw.com/blog/how-long-can-a-person-stay-on-workers-compensation/#when-benefits-run-out,2026-09-23,0,2,0,9.5
https://rodenlaw.com/blog/how-long-can-a-person-stay-on-workers-compensation/#when-benefits-run-out,2026-09-24,0,1,0,8
https://rodenlaw.com/blog/how-long-can-a-person-stay-on-workers-compensation/#when-benefits-run-out,2026-09-25,0,1,0,8
https://rodenlaw.com/blog/how-long-can-a-person-stay-on-workers-compensation/#when-benefits-run-out,2026-09-26,0,1,0,8
https://rodenlaw.com/blog/how-long-can-a-person-stay-on-workers-compensation/#when-benefits-run-out,2026-09-27,0,1,0,6
https://rodenlaw.com/blog/how-long-can-a-person-stay-on-workers-compensation/#when-benefits-run-out,2026-09-28,0,4,0,7.5
https://rodenlaw.com/blog/how-long-can-a-person-stay-on-workers-compensation/#when-benefits-run-out,2026-09-29,0,3,0,6.67
https://rodenlaw.com/blog/how-long-can-a-person-stay-on-workers-compensation/#when-benefits-run-out,2026-09-30,0,1,0,6
https://rodenlaw.com/blog/how-long-can-a-person-stay-on-workers-compensation/#when-benefits-run-out,2026-10-01,0,2,0,6.5
https://rodenlaw.com/blog/how-long-can-a-person-stay-on-workers-compensation/#when-benefits-run-out,2026-10-02,0,1,0,6
https://rodenlaw.com/blog/how-long-can-a-person-stay-on-workers-compensation/#when-benefits-run-out,2026-10-03,0,1,0,6
https://rodenlaw.com/blog/how-long-can-a-person-stay-on-workers-compensation/#when-benefits-run-out,2026-10-04,0,2,0,5.5
https://rodenlaw.com/blog/how-long-personal-injury-case-charleston-sc/,2026-09-15,0,18,0,29
https://rodenlaw.com/blog/how-long-personal-injury-case-charleston-sc/,2026-09-16,0,9,0,10.11
https://rodenlaw.com/blog/how-long-personal-injury-case-charleston-sc/,2026-09-17,0,16,0,7.38
https://rodenlaw.com/blog/how-long-personal-injury-case-charleston-sc/,2026-09-18,0,7,0,10.71
https://rodenlaw.com/blog/how-long-personal-injury-case-charleston-sc/,2026-09-19,0,3,0,5.33
https://rodenlaw.com/blog/how-long-personal-injury-case-charleston-sc/,2026-09-20,0,7,0,7.71
https://rodenlaw.com/blog/how-long-personal-injury-case-charleston-sc/,2026-09-21,0,17,0,7.24
https://rodenlaw.com/blog/how-long-personal-injury-case-charleston-sc/,2026-09-22,0,17,0,26.82
https://rodenlaw.com/blog/how-long-personal-injury-case-charleston-sc/,2026-09-23,0,23,0,7.04
https://rodenlaw.com/blog/how-long-personal-injury-case-charleston-sc/,2026-09-24,0,19,0,8.05
https://rodenlaw.com/blog/how-long-personal-injury-case-charleston-sc/,2026-09-25,0,6,0,8
https://rodenlaw.com/blog/how-long-personal-injury-case-charleston-sc/,2026-09-26,0,8,0,11
https://rodenlaw.com/blog/how-long-personal-injury-case-charleston-sc/,2026-09-27,0,11,0,10.36
https://rodenlaw.com/blog/how-long-personal-injury-case-charleston-sc/,2026-09-28,0,12,0,10.33
https://rodenlaw.com/blog/how-long-personal-injury-case-charleston-sc/,2026-09-29,0,10,0,15.5
https://rodenlaw.com/blog/how-long-personal-injury-case-charleston-sc/,2026-09-30,0,5,0,13.2
https://rodenlaw.com/blog/how-long-personal-injury-case-charleston-sc/,2026-10-02,0,18,0,10.83
https://rodenlaw.com/blog/how-long-personal-injury-case-charleston-sc/,2026-10-03,0,8,0,10.88
https://rodenlaw.com/blog/how-long-personal-injury-case-charleston-sc/,2026-10-04,0,12,0,8.83
https://rodenlaw.com/blog/how-long-personal-injury-case-charleston-sc/,2026-10-05,0,10,0,8.8
https://rodenlaw.com/blog/how-loud-music-increases-crash-risk-charleston/,2026-09-15,0,5,0,7.8
https://rodenlaw.com/blog/how-loud-music-increases-crash-risk-charleston/,2026-09-16,0,2,0,7.5
https://rodenlaw.com/blog/how-loud-music-increases-crash-risk-charleston/,2026-09-17,0,2,0,9.5
https://rodenlaw.com/blog/how-loud-music-increases-crash-risk-charleston/,2026-09-18,0,4,0,8.5
https://rodenlaw.com/blog/how-loud-music-increases-crash-risk-charleston/,2026-09-19,0,3,0,6.67
https://rodenlaw.com/blog/how-loud-music-increases-crash-risk-charleston/,2026-09-20,0,3,0,8.67
https://rodenlaw.com/blog/how-loud-music-increases-crash-risk-charleston/,2026-09-21,0,2,0,5.5
https://rodenlaw.com/blog/how-loud-music-increases-crash-risk-charleston/,2026-09-22,0,5,0,7.8
https://rodenlaw.com/blog/how-loud-music-increases-crash-risk-charleston/,2026-09-23,0,4,0,7
https://rodenlaw.com/blog/how-loud-music-increases-crash-risk-charleston/,2026-09-24,0,1,0,7
https://rodenlaw.com/blog/how-loud-music-increases-crash-risk-charleston/,2026-09-26,0,1,0,2
https://rodenlaw.com/blog/how-loud-music-increases-crash-risk-charleston/,2026-09-27,0,1,0,40
https://rodenlaw.com/blog/how-loud-music-increases-crash-risk-charleston/,2026-09-28,0,3,0,11.33
https://rodenlaw.com/blog/how-loud-music-increases-crash-risk-charleston/,2026-09-29,0,2,0,8.5
https://rodenlaw.com/blog/how-loud-music-increases-crash-risk-charleston/,2026-09-30,0,3,0,10.33
https://rodenlaw.com/blog/how-loud-music-increases-crash-risk-charleston/,2026-10-01,0,3,0,10.67
https://rodenlaw.com/blog/how-loud-music-increases-crash-risk-charleston/,2026-10-02,0,4,0,4
https://rodenlaw.com/blog/how-much-is-my-car-accident-claim-worth/,2026-09-15,0,14,0,25.86
https://rodenlaw.com/blog/how-much-is-my-car-accident-claim-worth/,2026-09-16,0,13,0,12.54
https://rodenlaw.com/blog/how-much-is-my-car-accident-claim-worth/,2026-09-17,0,10,0,12.7
https://rodenlaw.com/blog/how-much-is-my-car-accident-claim-worth/,2026-09-18,0,12,0,17.75
https://rodenlaw.com/blog/how-much-is-my-car-accident-claim-worth/,2026-09-19,0,10,0,23.3
https://rodenlaw.com/blog/how-much-is-my-car-accident-claim-worth/,2026-09-20,0,10,0,16.6
https://rodenlaw.com/blog/how-much-is-my-car-accident-claim-worth/,2026-09-21,0,9,0,17.89
https://rodenlaw.com/blog/how-much-is-my-car-accident-claim-worth/,2026-09-22,0,8,0,15.25
https://rodenlaw.com/blog/how-much-is-my-car-accident-claim-worth/,2026-09-23,0,9,0,7.67
https://rodenlaw.com/blog/how-much-is-my-car-accident-claim-worth/,2026-09-24,0,2,0,25.5
https://rodenlaw.com/blog/how-much-is-my-car-accident-claim-worth/,2026-09-25,0,6,0,38.83
https://rodenlaw.com/blog/how-much-is-my-car-accident-claim-worth/,2026-09-26,0,3,0,21.33
https://rodenlaw.com/blog/how-much-is-my-car-accident-claim-worth/,2026-09-27,0,2,0,30.5
https://rodenlaw.com/blog/how-much-is-my-car-accident-claim-worth/,2026-09-28,0,7,0,9.29
https://rodenlaw.com/blog/how-much-is-my-car-accident-claim-worth/,2026-09-29,0,9,0,9.67
https://rodenlaw.com/blog/how-much-is-my-car-accident-claim-worth/,2026-10-01,0,4,0,17.5
https://rodenlaw.com/blog/how-much-is-my-car-accident-claim-worth/,2026-10-02,0,9,0,33.22
https://rodenlaw.com/blog/how-much-is-my-car-accident-claim-worth/,2026-10-03,0,16,0,14.88
https://rodenlaw.com/blog/how-much-is-my-car-accident-claim-worth/,2026-10-04,0,18,0,10.67
https://rodenlaw.com/blog/how-much-is-my-car-accident-claim-worth/,2026-10-05,0,8,0,13.38
https://rodenlaw.com/blog/how-pain-and-suffering-is-calculated-after-an-accident-in-georgia/,2026-09-15,0,30,0,7
https://rodenlaw.com/blog/how-pain-and-suffering-is-calculated-after-an-accident-in-georgia/,2026-09-16,0,21,0,7.48
https://rodenlaw.com/blog/how-pain-and-suffering-is-calculated-after-an-accident-in-georgia/,2026-09-18,0,3,0,5.33
https://rodenlaw.com/blog/how-pain-and-suffering-is-calculated-after-an-accident-in-georgia/,2026-09-19,0,3,0,9.67
https://rodenlaw.com/blog/how-pain-and-suffering-is-calculated-after-an-accident-in-georgia/,2026-09-20,0,4,0,7.5
https://rodenlaw.com/blog/how-pain-and-suffering-is-calculated-after-an-accident-in-georgia/,2026-09-21,0,7,0,7.14
https://rodenlaw.com/blog/how-pain-and-suffering-is-calculated-after-an-accident-in-georgia/,2026-09-22,0,13,0,5.69
https://rodenlaw.com/blog/how-pain-and-suffering-is-calculated-after-an-accident-in-georgia/,2026-09-23,0,9,0,8.44
https://rodenlaw.com/blog/how-pain-and-suffering-is-calculated-after-an-accident-in-georgia/,2026-09-24,0,4,0,7.75
https://rodenlaw.com/blog/how-pain-and-suffering-is-calculated-after-an-accident-in-georgia/,2026-09-25,0,1,0,16
https://rodenlaw.com/blog/how-pain-and-suffering-is-calculated-after-an-accident-in-georgia/,2026-09-26,0,4,0,7.5
https://rodenlaw.com/blog/how-pain-and-suffering-is-calculated-after-an-accident-in-georgia/,2026-09-27,0,6,0,7.67
https://rodenlaw.com/blog/how-pain-and-suffering-is-calculated-after-an-accident-in-georgia/,2026-09-28,0,4,0,8.5
https://rodenlaw.com/blog/how-pain-and-suffering-is-calculated-after-an-accident-in-georgia/,2026-09-30,0,4,0,12.5
https://rodenlaw.com/blog/how-pain-and-suffering-is-calculated-after-an-accident-in-georgia/,2026-10-01,0,1,0,7
https://rodenlaw.com/blog/how-pain-and-suffering-is-calculated-after-an-accident-in-georgia/,2026-10-04,0,1,0,3
https://rodenlaw.com/blog/how-pain-and-suffering-is-calculated-after-an-accident-in-georgia/,2026-10-05,0,2,0,3.5
https://rodenlaw.com/blog/how-pain-and-suffering-is-calculated-after-an-accident-in-georgia/#comparative-fault,2026-09-27,0,1,0,7
https://rodenlaw.com/blog/how-pain-and-suffering-is-calculated-after-an-accident-in-georgia/#how-calculated,2026-09-16,0,1,0,3
https://rodenlaw.com/blog/how-pain-and-suffering-is-calculated-after-an-accident-in-georgia/#types-of-damages,2026-09-27,0,1,0,7
https://rodenlaw.com/blog/how-pain-and-suffering-is-calculated-after-an-accident-in-georgia/#what-is-pain-and-suffering,2026-09-16,0,1,0,3
https://rodenlaw.com/blog/how-pain-and-suffering-is-calculated-after-an-accident-in-south-carolina/,2026-09-15,0,7,0,5.14
https://rodenlaw.com/blog/how-pain-and-suffering-is-calculated-after-an-accident-in-south-carolina/,2026-09-16,0,7,0,6.57
https://rodenlaw.com/blog/how-pain-and-suffering-is-calculated-after-an-accident-in-south-carolina/,2026-09-17,0,3,0,9.67
https://rodenlaw.com/blog/how-pain-and-suffering-is-calculated-after-an-accident-in-south-carolina/,2026-09-19,0,1,0,6
https://rodenlaw.com/blog/how-pain-and-suffering-is-calculated-after-an-accident-in-south-carolina/,2026-09-20,0,2,0,4.5
https://rodenlaw.com/blog/how-pain-and-suffering-is-calculated-after-an-accident-in-south-carolina/,2026-09-21,0,6,0,8.67
https://rodenlaw.com/blog/how-pain-and-suffering-is-calculated-after-an-accident-in-south-carolina/,2026-09-22,0,5,0,7.2
https://rodenlaw.com/blog/how-pain-and-suffering-is-calculated-after-an-accident-in-south-carolina/,2026-09-23,0,7,0,4
https://rodenlaw.com/blog/how-pain-and-suffering-is-calculated-after-an-accident-in-south-carolina/,2026-09-24,0,18,0,2.72
https://rodenlaw.com/blog/how-pain-and-suffering-is-calculated-after-an-accident-in-south-carolina/,2026-09-25,0,5,0,4.2
https://rodenlaw.com/blog/how-pain-and-suffering-is-calculated-after-an-accident-in-south-carolina/,2026-09-26,0,14,0,7.71
https://rodenlaw.com/blog/how-pain-and-suffering-is-calculated-after-an-accident-in-south-carolina/,2026-09-27,0,2,0,8
https://rodenlaw.com/blog/how-pain-and-suffering-is-calculated-after-an-accident-in-south-carolina/,2026-09-28,0,3,0,8.33
https://rodenlaw.com/blog/how-pain-and-suffering-is-calculated-after-an-accident-in-south-carolina/,2026-09-29,0,16,0,4.75
https://rodenlaw.com/blog/how-pain-and-suffering-is-calculated-after-an-accident-in-south-carolina/,2026-09-30,0,7,0,5
https://rodenlaw.com/blog/how-pain-and-suffering-is-calculated-after-an-accident-in-south-carolina/,2026-10-01,0,3,0,7.67
https://rodenlaw.com/blog/how-pain-and-suffering-is-calculated-after-an-accident-in-south-carolina/,2026-10-02,0,5,0,7
https://rodenlaw.com/blog/how-pain-and-suffering-is-calculated-after-an-accident-in-south-carolina/,2026-10-03,0,2,0,8
https://rodenlaw.com/blog/how-pain-and-suffering-is-calculated-after-an-accident-in-south-carolina/,2026-10-04,0,1,0,9
https://rodenlaw.com/blog/how-pain-and-suffering-is-calculated-after-an-accident-in-south-carolina/,2026-10-05,0,2,0,5
https://rodenlaw.com/blog/how-poor-truck-maintenance-causes-charleston-accidents/,2026-09-27,0,1,0,8
https://rodenlaw.com/blog/how-spinal-cord-injuries-affect-you/,2026-09-15,0,2,0,23.5
https://rodenlaw.com/blog/how-spinal-cord-injuries-affect-you/,2026-09-16,0,6,0,26.5
https://rodenlaw.com/blog/how-spinal-cord-injuries-affect-you/,2026-09-17,0,2,0,35.5
https://rodenlaw.com/blog/how-spinal-cord-injuries-affect-you/,2026-09-18,0,1,0,24
https://rodenlaw.com/blog/how-spinal-cord-injuries-affect-you/,2026-09-19,0,1,0,11
https://rodenlaw.com/blog/how-spinal-cord-injuries-affect-you/,2026-09-20,0,2,0,38.5
https://rodenlaw.com/blog/how-spinal-cord-injuries-affect-you/,2026-09-21,0,1,0,20
https://rodenlaw.com/blog/how-spinal-cord-injuries-affect-you/,2026-09-22,0,2,0,23
https://rodenlaw.com/blog/how-spinal-cord-injuries-affect-you/,2026-09-23,0,5,0,31.2
https://rodenlaw.com/blog/how-spinal-cord-injuries-affect-you/,2026-09-24,0,19,0,12.74
https://rodenlaw.com/blog/how-spinal-cord-injuries-affect-you/,2026-09-25,0,44,0,13.39
https://rodenlaw.com/blog/how-spinal-cord-injuries-affect-you/,2026-09-26,0,34,0,15.41
https://rodenlaw.com/blog/how-spinal-cord-injuries-affect-you/,2026-09-27,0,11,0,10.91
https://rodenlaw.com/blog/how-spinal-cord-injuries-affect-you/,2026-09-28,0,8,0,12.38
https://rodenlaw.com/blog/how-spinal-cord-injuries-affect-you/,2026-09-29,0,13,0,10.62
https://rodenlaw.com/blog/how-spinal-cord-injuries-affect-you/,2026-09-30,0,6,0,17.33
https://rodenlaw.com/blog/how-spinal-cord-injuries-affect-you/,2026-10-01,0,5,0,13
https://rodenlaw.com/blog/how-spinal-cord-injuries-affect-you/,2026-10-02,0,3,0,38.33
https://rodenlaw.com/blog/how-spinal-cord-injuries-affect-you/,2026-10-03,0,8,0,20.5
https://rodenlaw.com/blog/how-spinal-cord-injuries-affect-you/,2026-10-04,0,1,0,8
https://rodenlaw.com/blog/how-spinal-cord-injuries-affect-you/,2026-10-05,0,1,0,10
https://rodenlaw.com/blog/how-to-handle-calls-from-insurance-companies/,2026-09-15,0,6,0,6.5
https://rodenlaw.com/blog/how-to-handle-calls-from-insurance-companies/,2026-09-16,0,3,0,7
https://rodenlaw.com/blog/how-to-handle-calls-from-insurance-companies/,2026-09-17,0,3,0,7.33
https://rodenlaw.com/blog/how-to-handle-calls-from-insurance-companies/,2026-09-18,0,3,0,7.67
https://rodenlaw.com/blog/how-to-handle-calls-from-insurance-companies/,2026-09-19,0,3,0,3.67
https://rodenlaw.com/blog/how-to-handle-calls-from-insurance-companies/,2026-09-20,0,2,0,9
https://rodenlaw.com/blog/how-to-handle-calls-from-insurance-companies/,2026-09-22,0,3,0,10
https://rodenlaw.com/blog/how-to-handle-calls-from-insurance-companies/,2026-09-23,0,4,0,7.25
https://rodenlaw.com/blog/how-to-handle-calls-from-insurance-companies/,2026-09-24,0,5,0,6.2
https://rodenlaw.com/blog/how-to-handle-calls-from-insurance-companies/,2026-09-25,0,4,0,6.25
https://rodenlaw.com/blog/how-to-handle-calls-from-insurance-companies/,2026-09-26,0,4,0,7
https://rodenlaw.com/blog/how-to-handle-calls-from-insurance-companies/,2026-09-27,0,4,0,9.25
https://rodenlaw.com/blog/how-to-handle-calls-from-insurance-companies/,2026-09-28,0,14,0,13
https://rodenlaw.com/blog/how-to-handle-calls-from-insurance-companies/,2026-09-29,0,14,0,12.5
https://rodenlaw.com/blog/how-to-handle-calls-from-insurance-companies/,2026-09-30,0,10,0,15.3
https://rodenlaw.com/blog/how-to-handle-calls-from-insurance-companies/,2026-10-01,0,12,0,10.5
https://rodenlaw.com/blog/how-to-handle-calls-from-insurance-companies/,2026-10-02,0,11,0,20.55
https://rodenlaw.com/blog/how-to-handle-calls-from-insurance-companies/,2026-10-03,0,9,0,33.56
https://rodenlaw.com/blog/how-to-handle-calls-from-insurance-companies/,2026-10-04,0,3,0,36
https://rodenlaw.com/blog/how-to-handle-calls-from-insurance-companies/,2026-10-05,0,2,0,5
https://rodenlaw.com/blog/how-to-maximize-your-car-accident-compensation-in-georgia/,2026-09-15,0,5,0,17.8
https://rodenlaw.com/blog/how-to-maximize-your-car-accident-compensation-in-georgia/,2026-09-16,0,11,0,8
https://rodenlaw.com/blog/how-to-maximize-your-car-accident-compensation-in-georgia/,2026-09-17,0,10,0,15.4
https://rodenlaw.com/blog/how-to-maximize-your-car-accident-compensation-in-georgia/,2026-09-18,0,8,0,30.75
https://rodenlaw.com/blog/how-to-maximize-your-car-accident-compensation-in-georgia/,2026-09-19,0,10,0,41.8
https://rodenlaw.com/blog/how-to-maximize-your-car-accident-compensation-in-georgia/,2026-09-20,0,3,0,56
https://rodenlaw.com/blog/how-to-maximize-your-car-accident-compensation-in-georgia/,2026-09-21,0,3,0,6.67
https://rodenlaw.com/blog/how-to-maximize-your-car-accident-compensation-in-georgia/,2026-09-22,0,9,0,16.56
https://rodenlaw.com/blog/how-to-maximize-your-car-accident-compensation-in-georgia/,2026-09-23,0,11,0,10.36
https://rodenlaw.com/blog/how-to-maximize-your-car-accident-compensation-in-georgia/,2026-09-24,0,6,0,7.33
https://rodenlaw.com/blog/how-to-maximize-your-car-accident-compensation-in-georgia/,2026-09-25,0,8,0,28.88
https://rodenlaw.com/blog/how-to-maximize-your-car-accident-compensation-in-georgia/,2026-09-26,0,5,0,4.8
https://rodenlaw.com/blog/how-to-maximize-your-car-accident-compensation-in-georgia/,2026-09-27,0,5,0,5.2
https://rodenlaw.com/blog/how-to-maximize-your-car-accident-compensation-in-georgia/,2026-09-28,0,6,0,20.17
https://rodenlaw.com/blog/how-to-maximize-your-car-accident-compensation-in-georgia/,2026-09-29,0,11,0,33.55
https://rodenlaw.com/blog/how-to-maximize-your-car-accident-compensation-in-georgia/,2026-09-30,0,8,0,24.38
https://rodenlaw.com/blog/how-to-maximize-your-car-accident-compensation-in-georgia/,2026-10-01,0,1,0,10
https://rodenlaw.com/blog/how-to-maximize-your-car-accident-compensation-in-georgia/,2026-10-02,0,5,0,25.2
https://rodenlaw.com/blog/how-to-maximize-your-car-accident-compensation-in-georgia/,2026-10-03,0,4,0,9.5
https://rodenlaw.com/blog/how-to-maximize-your-car-accident-compensation-in-georgia/,2026-10-04,0,3,0,6
https://rodenlaw.com/blog/how-to-maximize-your-car-accident-compensation-in-georgia/,2026-10-05,0,2,0,5.5
https://rodenlaw.com/blog/how-to-maximize-your-car-accident-compensation-in-south-carolina/,2026-09-21,0,1,0,7
https://rodenlaw.com/blog/how-to-maximize-your-car-accident-compensation-in-south-carolina/,2026-09-22,0,2,0,8.5
https://rodenlaw.com/blog/how-to-maximize-your-car-accident-compensation-in-south-carolina/,2026-09-24,0,3,0,7.33
https://rodenlaw.com/blog/how-to-maximize-your-car-accident-compensation-in-south-carolina/,2026-09-26,0,3,0,9.33
https://rodenlaw.com/blog/how-to-maximize-your-car-accident-compensation-in-south-carolina/,2026-09-27,0,1,0,1
https://rodenlaw.com/blog/how-to-maximize-your-car-accident-compensation-in-south-carolina/,2026-09-28,0,10,0,5.8
https://rodenlaw.com/blog/how-to-maximize-your-car-accident-compensation-in-south-carolina/,2026-09-29,0,3,0,31.33
https://rodenlaw.com/blog/how-to-maximize-your-car-accident-compensation-in-south-carolina/,2026-09-30,0,4,0,4.25
https://rodenlaw.com/blog/how-to-maximize-your-car-accident-compensation-in-south-carolina/,2026-10-01,0,1,0,2
https://rodenlaw.com/blog/how-to-maximize-your-car-accident-compensation-in-south-carolina/,2026-10-02,0,1,0,8
https://rodenlaw.com/blog/how-to-spot-distracted-drivers-ten-signs-savannah-ga/,2026-09-15,0,4,0,2.25
https://rodenlaw.com/blog/how-to-spot-distracted-drivers-ten-signs-savannah-ga/,2026-09-16,0,6,0,4.17
https://rodenlaw.com/blog/how-to-spot-distracted-drivers-ten-signs-savannah-ga/,2026-09-17,0,1,0,1
https://rodenlaw.com/blog/how-to-spot-distracted-drivers-ten-signs-savannah-ga/,2026-09-18,0,1,0,8
https://rodenlaw.com/blog/how-to-spot-distracted-drivers-ten-signs-savannah-ga/,2026-09-19,0,2,0,9
https://rodenlaw.com/blog/how-to-spot-distracted-drivers-ten-signs-savannah-ga/,2026-09-20,0,1,0,4
https://rodenlaw.com/blog/how-to-spot-distracted-drivers-ten-signs-savannah-ga/,2026-09-21,0,4,0,27
https://rodenlaw.com/blog/how-to-spot-distracted-drivers-ten-signs-savannah-ga/,2026-09-22,0,3,0,4.67
https://rodenlaw.com/blog/how-to-spot-distracted-drivers-ten-signs-savannah-ga/,2026-09-23,0,3,0,6
https://rodenlaw.com/blog/how-to-spot-distracted-drivers-ten-signs-savannah-ga/,2026-09-24,0,1,0,1
https://rodenlaw.com/blog/how-to-spot-distracted-drivers-ten-signs-savannah-ga/,2026-09-26,0,1,0,1
https://rodenlaw.com/blog/how-to-spot-distracted-drivers-ten-signs-savannah-ga/,2026-09-27,0,4,0,22.5
https://rodenlaw.com/blog/how-to-spot-distracted-drivers-ten-signs-savannah-ga/,2026-09-28,0,4,0,5.25
https://rodenlaw.com/blog/how-to-spot-distracted-drivers-ten-signs-savannah-ga/,2026-09-29,0,2,0,8
https://rodenlaw.com/blog/how-to-spot-distracted-drivers-ten-signs-savannah-ga/,2026-09-30,0,4,0,2
https://rodenlaw.com/blog/how-to-spot-distracted-drivers-ten-signs-savannah-ga/,2026-10-01,0,3,0,7.33
https://rodenlaw.com/blog/how-to-spot-distracted-drivers-ten-signs-savannah-ga/,2026-10-02,0,3,0,4.67
https://rodenlaw.com/blog/how-to-spot-distracted-drivers-ten-signs-savannah-ga/,2026-10-03,0,3,0,4.33
https://rodenlaw.com/blog/i-16-port-freight-truck-accident-garden-city-savannah/,2026-09-15,0,1,0,8
https://rodenlaw.com/blog/i-16-port-freight-truck-accident-garden-city-savannah/,2026-09-16,0,3,0,15.67
https://rodenlaw.com/blog/i-16-port-freight-truck-accident-garden-city-savannah/,2026-09-17,0,2,0,6
https://rodenlaw.com/blog/i-16-port-freight-truck-accident-garden-city-savannah/,2026-09-18,0,1,0,7
https://rodenlaw.com/blog/i-16-port-freight-truck-accident-garden-city-savannah/,2026-09-20,0,2,0,8
https://rodenlaw.com/blog/i-16-port-freight-truck-accident-garden-city-savannah/,2026-09-21,0,2,0,17
https://rodenlaw.com/blog/i-16-port-freight-truck-accident-garden-city-savannah/,2026-09-22,0,7,0,5.71
https://rodenlaw.com/blog/i-16-port-freight-truck-accident-garden-city-savannah/,2026-09-23,0,9,0,8.11
https://rodenlaw.com/blog/i-16-port-freight-truck-accident-garden-city-savannah/,2026-09-24,0,5,0,16
https://rodenlaw.com/blog/i-16-port-freight-truck-accident-garden-city-savannah/,2026-09-25,0,3,0,7
https://rodenlaw.com/blog/i-16-port-freight-truck-accident-garden-city-savannah/,2026-09-26,0,4,0,8
https://rodenlaw.com/blog/i-16-port-freight-truck-accident-garden-city-savannah/,2026-09-27,0,4,0,10.75
https://rodenlaw.com/blog/i-16-port-freight-truck-accident-garden-city-savannah/,2026-09-28,0,8,0,7.62
https://rodenlaw.com/blog/i-16-port-freight-truck-accident-garden-city-savannah/,2026-09-29,0,19,0,9.63
https://rodenlaw.com/blog/i-16-port-freight-truck-accident-garden-city-savannah/,2026-09-30,0,28,0,9.25
https://rodenlaw.com/blog/i-16-port-freight-truck-accident-garden-city-savannah/,2026-10-01,0,6,0,27.83
https://rodenlaw.com/blog/i-16-port-freight-truck-accident-garden-city-savannah/,2026-10-02,0,8,0,17.12
https://rodenlaw.com/blog/i-16-port-freight-truck-accident-garden-city-savannah/,2026-10-03,0,10,0,8.2
https://rodenlaw.com/blog/i-16-port-freight-truck-accident-garden-city-savannah/,2026-10-04,0,7,0,5
https://rodenlaw.com/blog/i-20-bush-river-road-motorcycle-accident-lawyer-columbia/,2026-09-27,0,1,0,45
https://rodenlaw.com/blog/i-20-bush-river-road-motorcycle-accident-lawyer-columbia/,2026-09-28,0,1,0,10
https://rodenlaw.com/blog/i-20-bush-river-road-motorcycle-accident-lawyer-columbia/,2026-09-30,0,1,0,15
https://rodenlaw.com/blog/i-26-i-526-truck-accidents-what-to-do-whos-liable/,2026-09-16,0,1,0,11
https://rodenlaw.com/blog/i-26-i-526-truck-accidents-what-to-do-whos-liable/,2026-09-20,0,1,0,11
https://rodenlaw.com/blog/i-526-expansion-construction-zone-accidents-charleston/,2026-09-17,0,1,0,9
https://rodenlaw.com/blog/i-526-expansion-construction-zone-accidents-charleston/,2026-09-20,0,1,0,8
https://rodenlaw.com/blog/i-526-expansion-construction-zone-accidents-charleston/,2026-09-22,0,3,0,14.67
https://rodenlaw.com/blog/i-526-expansion-construction-zone-accidents-charleston/,2026-09-28,0,1,0,3
https://rodenlaw.com/blog/i-526-expansion-construction-zone-accidents-charleston/,2026-09-29,0,1,0,4
https://rodenlaw.com/blog/i-526-expansion-construction-zone-accidents-charleston/,2026-10-02,0,1,0,2
https://rodenlaw.com/blog/i-526-expansion-construction-zone-accidents-charleston/,2026-10-03,0,1,0,5
https://rodenlaw.com/blog/i-526-mount-pleasant-wando-bridge-accident/,2026-09-19,0,3,0,8.33
https://rodenlaw.com/blog/i-526-mount-pleasant-wando-bridge-accident/,2026-09-20,0,2,0,9
https://rodenlaw.com/blog/i-526-mount-pleasant-wando-bridge-accident/,2026-09-21,0,4,0,8.5
https://rodenlaw.com/blog/i-526-mount-pleasant-wando-bridge-accident/,2026-09-22,0,5,0,8.6
https://rodenlaw.com/blog/i-526-mount-pleasant-wando-bridge-accident/,2026-09-23,0,1,0,6
https://rodenlaw.com/blog/i-526-mount-pleasant-wando-bridge-accident/,2026-09-24,0,3,0,7
https://rodenlaw.com/blog/i-526-mount-pleasant-wando-bridge-accident/,2026-09-25,0,2,0,9.5
https://rodenlaw.com/blog/i-526-mount-pleasant-wando-bridge-accident/,2026-09-26,0,4,0,7.75
https://rodenlaw.com/blog/i-526-mount-pleasant-wando-bridge-accident/,2026-09-27,0,3,0,11.67
https://rodenlaw.com/blog/i-526-mount-pleasant-wando-bridge-accident/,2026-09-28,0,11,0,6.55
https://rodenlaw.com/blog/i-526-mount-pleasant-wando-bridge-accident/,2026-09-29,0,1,0,2
https://rodenlaw.com/blog/i-526-mount-pleasant-wando-bridge-accident/,2026-09-30,0,2,0,7.5
https://rodenlaw.com/blog/i-526-mount-pleasant-wando-bridge-accident/,2026-10-03,0,10,0,5.2
https://rodenlaw.com/blog/i-77-truck-accident-northeast-columbia-richland-county/,2026-09-15,0,7,0,9.71
https://rodenlaw.com/blog/i-77-truck-accident-northeast-columbia-richland-county/,2026-09-16,0,7,0,10.86
https://rodenlaw.com/blog/i-77-truck-accident-northeast-columbia-richland-county/,2026-09-17,0,18,0,8.06
https://rodenlaw.com/blog/i-77-truck-accident-northeast-columbia-richland-county/,2026-09-18,0,7,0,8.57
https://rodenlaw.com/blog/i-77-truck-accident-northeast-columbia-richland-county/,2026-09-19,0,8,0,7.88
https://rodenlaw.com/blog/i-77-truck-accident-northeast-columbia-richland-county/,2026-09-20,0,4,0,7.75
https://rodenlaw.com/blog/i-77-truck-accident-northeast-columbia-richland-county/,2026-09-21,0,2,0,9.5
https://rodenlaw.com/blog/i-77-truck-accident-northeast-columbia-richland-county/,2026-09-22,0,27,0,6.78
https://rodenlaw.com/blog/i-77-truck-accident-northeast-columbia-richland-county/,2026-09-23,0,41,0,8.02
https://rodenlaw.com/blog/i-77-truck-accident-northeast-columbia-richland-county/,2026-09-24,0,16,0,9.06
https://rodenlaw.com/blog/i-77-truck-accident-northeast-columbia-richland-county/,2026-09-25,0,11,0,8.73
https://rodenlaw.com/blog/i-77-truck-accident-northeast-columbia-richland-county/,2026-09-26,0,27,0,13.93
https://rodenlaw.com/blog/i-77-truck-accident-northeast-columbia-richland-county/,2026-09-27,0,7,0,9.29
https://rodenlaw.com/blog/i-77-truck-accident-northeast-columbia-richland-county/,2026-09-28,0,9,0,13.22
https://rodenlaw.com/blog/i-77-truck-accident-northeast-columbia-richland-county/,2026-09-29,0,23,0,13.35
https://rodenlaw.com/blog/i-77-truck-accident-northeast-columbia-richland-county/,2026-09-30,0,12,0,23.25
https://rodenlaw.com/blog/i-77-truck-accident-northeast-columbia-richland-county/,2026-10-01,0,4,0,11.75
https://rodenlaw.com/blog/i-77-truck-accident-northeast-columbia-richland-county/,2026-10-02,0,5,0,12.4
https://rodenlaw.com/blog/i-77-truck-accident-northeast-columbia-richland-county/,2026-10-03,0,11,0,13.27
https://rodenlaw.com/blog/i-77-truck-accident-northeast-columbia-richland-county/,2026-10-04,0,2,0,9
https://rodenlaw.com/blog/i-77-truck-accident-northeast-columbia-richland-county/,2026-10-05,0,3,0,35
https://rodenlaw.com/blog/impact-of-surgery-recommendation/,2026-09-15,0,26,0,10.04
https://rodenlaw.com/blog/impact-of-surgery-recommendation/,2026-09-16,0,17,0,5.94
https://rodenlaw.com/blog/impact-of-surgery-recommendation/,2026-09-17,0,25,0,9.56
https://rodenlaw.com/blog/impact-of-surgery-recommendation/,2026-09-18,0,12,0,6.92
https://rodenlaw.com/blog/impact-of-surgery-recommendation/,2026-09-20,0,4,0,8.25
https://rodenlaw.com/blog/impact-of-surgery-recommendation/,2026-09-21,0,16,0,4.62
https://rodenlaw.com/blog/impact-of-surgery-recommendation/,2026-09-22,0,24,0,6.12
https://rodenlaw.com/blog/impact-of-surgery-recommendation/,2026-09-23,0,18,0,8
https://rodenlaw.com/blog/impact-of-surgery-recommendation/,2026-09-24,0,29,0,11.28
https://rodenlaw.com/blog/impact-of-surgery-recommendation/,2026-09-25,0,28,0,7.64
https://rodenlaw.com/blog/impact-of-surgery-recommendation/,2026-09-26,0,19,0,5.21
https://rodenlaw.com/blog/impact-of-surgery-recommendation/,2026-09-27,0,14,0,4.86
https://rodenlaw.com/blog/impact-of-surgery-recommendation/,2026-09-30,0,30,0,8
https://rodenlaw.com/blog/impact-of-surgery-recommendation/,2026-10-01,0,14,0,12
https://rodenlaw.com/blog/impact-of-surgery-recommendation/,2026-10-02,0,17,0,4.59
https://rodenlaw.com/blog/impact-of-surgery-recommendation/,2026-10-03,0,4,0,7
https://rodenlaw.com/blog/impact-of-surgery-recommendation/,2026-10-05,0,3,0,4
https://rodenlaw.com/blog/impaired-driving-caused-by-prescription-medications/,2026-09-15,0,7,0,18.57
https://rodenlaw.com/blog/impaired-driving-caused-by-prescription-medications/,2026-09-16,0,4,0,6.5
https://rodenlaw.com/blog/impaired-driving-caused-by-prescription-medications/,2026-09-17,0,1,0,2
https://rodenlaw.com/blog/impaired-driving-caused-by-prescription-medications/,2026-09-18,0,4,0,8.5
https://rodenlaw.com/blog/impaired-driving-caused-by-prescription-medications/,2026-09-19,0,3,0,17
https://rodenlaw.com/blog/impaired-driving-caused-by-prescription-medications/,2026-09-20,0,2,0,42.5
https://rodenlaw.com/blog/impaired-driving-caused-by-prescription-medications/,2026-09-21,0,4,0,48.25
https://rodenlaw.com/blog/impaired-driving-caused-by-prescription-medications/,2026-09-22,0,4,0,9.25
https://rodenlaw.com/blog/impaired-driving-caused-by-prescription-medications/,2026-09-23,0,3,0,47.67
https://rodenlaw.com/blog/impaired-driving-caused-by-prescription-medications/,2026-09-24,0,4,0,13
https://rodenlaw.com/blog/impaired-driving-caused-by-prescription-medications/,2026-09-25,0,1,0,4
https://rodenlaw.com/blog/impaired-driving-caused-by-prescription-medications/,2026-09-26,0,2,0,10.5
https://rodenlaw.com/blog/impaired-driving-caused-by-prescription-medications/,2026-09-27,0,3,0,32.33
https://rodenlaw.com/blog/impaired-driving-caused-by-prescription-medications/,2026-09-28,0,4,0,11.25
https://rodenlaw.com/blog/impaired-driving-caused-by-prescription-medications/,2026-09-29,0,4,0,17.75
https://rodenlaw.com/blog/impaired-driving-caused-by-prescription-medications/,2026-09-30,0,1,0,2
https://rodenlaw.com/blog/impaired-driving-caused-by-prescription-medications/,2026-10-01,0,4,0,22
https://rodenlaw.com/blog/impaired-driving-caused-by-prescription-medications/,2026-10-02,0,2,0,5
https://rodenlaw.com/blog/impaired-driving-caused-by-prescription-medications/,2026-10-03,0,4,0,14.75
https://rodenlaw.com/blog/impaired-driving-caused-by-prescription-medications/,2026-10-04,0,3,0,7
https://rodenlaw.com/blog/impaired-driving-caused-by-prescription-medications/,2026-10-05,0,1,0,1
https://rodenlaw.com/blog/importance-of-eyewitness-testimony/,2026-09-15,0,4,0,6.75
https://rodenlaw.com/blog/importance-of-eyewitness-testimony/,2026-09-17,0,1,0,39
https://rodenlaw.com/blog/importance-of-eyewitness-testimony/,2026-09-18,0,1,0,12
https://rodenlaw.com/blog/importance-of-eyewitness-testimony/,2026-09-20,0,1,0,5
https://rodenlaw.com/blog/importance-of-eyewitness-testimony/,2026-09-21,0,2,0,10
https://rodenlaw.com/blog/importance-of-eyewitness-testimony/,2026-09-23,0,2,0,7.5
https://rodenlaw.com/blog/importance-of-eyewitness-testimony/,2026-09-24,0,2,0,7
https://rodenlaw.com/blog/importance-of-eyewitness-testimony/,2026-09-25,0,2,0,7.5
https://rodenlaw.com/blog/importance-of-eyewitness-testimony/,2026-09-26,0,2,0,9
https://rodenlaw.com/blog/importance-of-eyewitness-testimony/,2026-09-27,0,1,0,4
https://rodenlaw.com/blog/importance-of-eyewitness-testimony/,2026-09-28,0,2,0,2
https://rodenlaw.com/blog/importance-of-eyewitness-testimony/,2026-09-29,0,3,0,9
https://rodenlaw.com/blog/importance-of-eyewitness-testimony/,2026-10-02,0,1,0,11
https://rodenlaw.com/blog/importance-of-eyewitness-testimony/,2026-10-04,0,1,0,9
https://rodenlaw.com/blog/independent-medical-examination/,2026-09-21,0,1,0,1
https://rodenlaw.com/blog/independent-medical-exams/,2026-09-15,0,26,0,17.77
https://rodenlaw.com/blog/independent-medical-exams/,2026-09-16,0,38,0,9.89
https://rodenlaw.com/blog/independent-medical-exams/,2026-09-17,0,37,0,19.11
https://rodenlaw.com/blog/independent-medical-exams/,2026-09-18,0,26,0,16.27
https://rodenlaw.com/blog/independent-medical-exams/,2026-09-19,0,30,0,20.63
https://rodenlaw.com/blog/independent-medical-exams/,2026-09-20,0,13,0,20.46
https://rodenlaw.com/blog/independent-medical-exams/,2026-09-21,0,32,0,12.81
https://rodenlaw.com/blog/independent-medical-exams/,2026-09-22,0,41,0,17.54
https://rodenlaw.com/blog/independent-medical-exams/,2026-09-23,0,30,0,7.87
https://rodenlaw.com/blog/independent-medical-exams/,2026-09-24,0,38,0,12.21
https://rodenlaw.com/blog/independent-medical-exams/,2026-09-25,0,25,0,21
https://rodenlaw.com/blog/independent-medical-exams/,2026-09-26,0,5,0,21
https://rodenlaw.com/blog/independent-medical-exams/,2026-09-27,0,20,0,26.5
https://rodenlaw.com/blog/independent-medical-exams/,2026-09-28,0,37,0,13.86
https://rodenlaw.com/blog/independent-medical-exams/,2026-09-29,0,23,0,27.57
https://rodenlaw.com/blog/independent-medical-exams/,2026-09-30,0,18,0,16.44
https://rodenlaw.com/blog/independent-medical-exams/,2026-10-01,0,25,0,20.2
https://rodenlaw.com/blog/independent-medical-exams/,2026-10-02,0,22,0,17.5
https://rodenlaw.com/blog/independent-medical-exams/,2026-10-03,0,17,0,30.65
https://rodenlaw.com/blog/independent-medical-exams/,2026-10-04,0,1,0,65
https://rodenlaw.com/blog/independent-medical-exams/,2026-10-05,0,8,0,7.88
https://rodenlaw.com/blog/independent-medical-exams/#are-ime-doctors-independent,2026-09-28,0,1,0,2
https://rodenlaw.com/blog/independent-medical-exams/#ime-rules-georgia,2026-09-19,0,1,0,9
https://rodenlaw.com/blog/independent-medical-exams/#refuse-an-ime,2026-09-19,0,1,0,9
https://rodenlaw.com/blog/independent-medical-exams/#refuse-an-ime,2026-09-28,0,1,0,2
https://rodenlaw.com/blog/independent-medical-exams/#what-is-an-ime,2026-09-19,0,1,0,9
https://rodenlaw.com/blog/independent-medical-exams/#what-is-an-ime,2026-09-28,0,1,0,2
https://rodenlaw.com/blog/informed-consent/,2026-09-15,0,24,0,7.04
https://rodenlaw.com/blog/informed-consent/,2026-09-16,0,30,0,7.7
https://rodenlaw.com/blog/informed-consent/,2026-09-17,0,18,0,7.61
https://rodenlaw.com/blog/informed-consent/,2026-09-18,0,19,0,7.42
https://rodenlaw.com/blog/informed-consent/,2026-09-19,0,16,0,7.81
https://rodenlaw.com/blog/informed-consent/,2026-09-20,0,4,0,8.25
https://rodenlaw.com/blog/informed-consent/,2026-09-21,0,25,0,6.36
https://rodenlaw.com/blog/informed-consent/,2026-09-22,0,17,0,5.71
https://rodenlaw.com/blog/informed-consent/,2026-09-23,0,30,0,6.2
https://rodenlaw.com/blog/informed-consent/,2026-09-24,0,20,0,7.25
https://rodenlaw.com/blog/informed-consent/,2026-09-25,0,10,0,7.1
https://rodenlaw.com/blog/informed-consent/,2026-09-26,0,8,0,7
https://rodenlaw.com/blog/informed-consent/,2026-09-27,0,9,0,6.44
https://rodenlaw.com/blog/informed-consent/,2026-09-28,0,21,0,6.67
https://rodenlaw.com/blog/informed-consent/,2026-09-29,0,18,0,8.22
https://rodenlaw.com/blog/informed-consent/,2026-10-01,0,18,0,9.28
https://rodenlaw.com/blog/informed-consent/,2026-10-02,0,11,0,6.36
https://rodenlaw.com/blog/informed-consent/,2026-10-03,0,4,0,6.5
https://rodenlaw.com/blog/informed-consent/,2026-10-04,0,5,0,4.2
https://rodenlaw.com/blog/informed-consent/,2026-10-05,0,6,0,7.17
https://rodenlaw.com/blog/insurance-company-ignoring-demand-letter/,2026-09-19,0,30,0,10.4
https://rodenlaw.com/blog/insurance-company-ignoring-demand-letter/,2026-09-20,0,35,0,11.2
https://rodenlaw.com/blog/insurance-company-ignoring-demand-letter/,2026-09-24,0,50,0,6.28
https://rodenlaw.com/blog/insurance-company-ignoring-demand-letter/,2026-09-27,0,26,0,14.92
https://rodenlaw.com/blog/insurance-company-ignoring-demand-letter/,2026-09-29,0,57,0,8.74
https://rodenlaw.com/blog/insurance-company-ignoring-demand-letter/,2026-09-30,0,61,0,8.52
https://rodenlaw.com/blog/insurance-company-ignoring-demand-letter/,2026-10-01,0,56,0,9.73
https://rodenlaw.com/blog/insurance-company-ignoring-demand-letter/,2026-10-04,0,22,0,16.32
https://rodenlaw.com/blog/is-hipaa-violation-medical-malpractice/,2026-09-15,0,12,0,7.5
https://rodenlaw.com/blog/is-hipaa-violation-medical-malpractice/,2026-09-16,0,17,0,13.35
https://rodenlaw.com/blog/is-hipaa-violation-medical-malpractice/,2026-09-18,0,14,0,5.86
https://rodenlaw.com/blog/is-hipaa-violation-medical-malpractice/,2026-09-19,0,3,0,6.67
https://rodenlaw.com/blog/is-hipaa-violation-medical-malpractice/,2026-09-20,0,7,0,7
https://rodenlaw.com/blog/is-hipaa-violation-medical-malpractice/,2026-09-21,0,8,0,6
https://rodenlaw.com/blog/is-hipaa-violation-medical-malpractice/,2026-09-22,0,14,0,11.14
https://rodenlaw.com/blog/is-hipaa-violation-medical-malpractice/,2026-09-23,0,9,0,5.44
https://rodenlaw.com/blog/is-hipaa-violation-medical-malpractice/,2026-09-24,0,9,0,8.11
https://rodenlaw.com/blog/is-hipaa-violation-medical-malpractice/,2026-09-25,0,7,0,4.71
https://rodenlaw.com/blog/is-hipaa-violation-medical-malpractice/,2026-09-27,0,6,0,21.5
https://rodenlaw.com/blog/is-hipaa-violation-medical-malpractice/,2026-09-28,0,10,0,12.7
https://rodenlaw.com/blog/is-hipaa-violation-medical-malpractice/,2026-09-29,0,18,0,15.5
https://rodenlaw.com/blog/is-hipaa-violation-medical-malpractice/,2026-09-30,0,9,0,9.67
https://rodenlaw.com/blog/is-hipaa-violation-medical-malpractice/,2026-10-01,0,43,0,4.6
https://rodenlaw.com/blog/is-hipaa-violation-medical-malpractice/,2026-10-02,0,6,0,6.17
https://rodenlaw.com/blog/is-hipaa-violation-medical-malpractice/,2026-10-03,0,4,0,25.75
https://rodenlaw.com/blog/is-hipaa-violation-medical-malpractice/,2026-10-04,0,4,0,7.75
https://rodenlaw.com/blog/is-hipaa-violation-medical-malpractice/,2026-10-05,0,2,0,3.5
https://rodenlaw.com/blog/is-workers-compensation-an-employee-benefit/,2026-09-15,0,28,0,37.86
https://rodenlaw.com/blog/is-workers-compensation-an-employee-benefit/,2026-09-16,0,17,0,34.88
https://rodenlaw.com/blog/is-workers-compensation-an-employee-benefit/,2026-09-17,0,21,0,23.62
https://rodenlaw.com/blog/is-workers-compensation-an-employee-benefit/,2026-09-18,0,28,0,32.68
https://rodenlaw.com/blog/is-workers-compensation-an-employee-benefit/,2026-09-19,0,14,0,52.5
https://rodenlaw.com/blog/is-workers-compensation-an-employee-benefit/,2026-09-20,0,18,0,42.94
https://rodenlaw.com/blog/is-workers-compensation-an-employee-benefit/,2026-09-23,0,24,0,13.38
https://rodenlaw.com/blog/is-workers-compensation-an-employee-benefit/,2026-09-24,0,32,0,30.06
https://rodenlaw.com/blog/is-workers-compensation-an-employee-benefit/,2026-09-25,0,23,0,31.09
https://rodenlaw.com/blog/is-workers-compensation-an-employee-benefit/,2026-09-26,0,4,0,73.25
https://rodenlaw.com/blog/is-workers-compensation-an-employee-benefit/,2026-09-27,0,7,0,25.86
https://rodenlaw.com/blog/is-workers-compensation-an-employee-benefit/,2026-09-28,0,18,0,6.72
https://rodenlaw.com/blog/is-workers-compensation-an-employee-benefit/,2026-10-01,0,23,0,19.61
https://rodenlaw.com/blog/is-workers-compensation-an-employee-benefit/,2026-10-02,0,19,0,8.68
https://rodenlaw.com/blog/is-workers-compensation-an-employee-benefit/,2026-10-03,0,5,0,16.6
https://rodenlaw.com/blog/is-workers-compensation-an-employee-benefit/,2026-10-04,0,6,0,3.5
https://rodenlaw.com/blog/is-workers-compensation-an-employee-benefit/,2026-10-05,0,16,0,3.06
https://rodenlaw.com/blog/is-workers-compensation-an-employee-benefit/#benefit-or-legal-right,2026-09-15,0,8,0,5.12
https://rodenlaw.com/blog/is-workers-compensation-an-employee-benefit/#benefit-or-legal-right,2026-09-16,0,4,0,6
https://rodenlaw.com/blog/is-workers-compensation-an-employee-benefit/#benefit-or-legal-right,2026-09-17,0,6,0,6.83
https://rodenlaw.com/blog/is-workers-compensation-an-employee-benefit/#benefit-or-legal-right,2026-09-18,0,8,0,5.25
https://rodenlaw.com/blog/is-workers-compensation-an-employee-benefit/#benefit-or-legal-right,2026-09-19,0,1,0,8
https://rodenlaw.com/blog/is-workers-compensation-an-employee-benefit/#benefit-or-legal-right,2026-09-20,0,3,0,4.33
https://rodenlaw.com/blog/is-workers-compensation-an-employee-benefit/#benefit-or-legal-right,2026-09-21,0,9,0,5.11
https://rodenlaw.com/blog/is-workers-compensation-an-employee-benefit/#benefit-or-legal-right,2026-09-22,0,7,0,3.71
https://rodenlaw.com/blog/is-workers-compensation-an-employee-benefit/#benefit-or-legal-right,2026-09-23,0,9,0,4.33
https://rodenlaw.com/blog/is-workers-compensation-an-employee-benefit/#benefit-or-legal-right,2026-09-24,0,9,0,6.11
https://rodenlaw.com/blog/is-workers-compensation-an-employee-benefit/#benefit-or-legal-right,2026-09-25,0,5,0,6.4
https://rodenlaw.com/blog/is-workers-compensation-an-employee-benefit/#benefit-or-legal-right,2026-09-27,0,3,0,4.33
https://rodenlaw.com/blog/is-workers-compensation-an-employee-benefit/#benefit-or-legal-right,2026-09-28,0,5,0,4.2
https://rodenlaw.com/blog/is-workers-compensation-an-employee-benefit/#benefit-or-legal-right,2026-09-29,0,2,0,5
https://rodenlaw.com/blog/is-workers-compensation-an-employee-benefit/#benefit-or-legal-right,2026-09-30,0,8,0,7
https://rodenlaw.com/blog/is-workers-compensation-an-employee-benefit/#benefit-or-legal-right,2026-10-01,0,7,0,7.29
https://rodenlaw.com/blog/is-workers-compensation-an-employee-benefit/#benefit-or-legal-right,2026-10-02,0,6,0,5.67
https://rodenlaw.com/blog/is-workers-compensation-an-employee-benefit/#benefit-or-legal-right,2026-10-04,0,3,0,5.67
https://rodenlaw.com/blog/is-workers-compensation-an-employee-benefit/#benefit-or-legal-right,2026-10-05,0,4,0,4
https://rodenlaw.com/blog/is-workers-compensation-an-employee-benefit/#ga-sc-requirements,2026-09-15,0,6,0,4.83
https://rodenlaw.com/blog/is-workers-compensation-an-employee-benefit/#ga-sc-requirements,2026-09-16,0,3,0,6.33
https://rodenlaw.com/blog/is-workers-compensation-an-employee-benefit/#ga-sc-requirements,2026-09-17,0,6,0,6.83
https://rodenlaw.com/blog/is-workers-compensation-an-employee-benefit/#ga-sc-requirements,2026-09-18,0,5,0,4.4
https://rodenlaw.com/blog/is-workers-compensation-an-employee-benefit/#ga-sc-requirements,2026-09-19,0,1,0,8
https://rodenlaw.com/blog/is-workers-compensation-an-employee-benefit/#ga-sc-requirements,2026-09-20,0,2,0,4.5
https://rodenlaw.com/blog/is-workers-compensation-an-employee-benefit/#ga-sc-requirements,2026-09-21,0,9,0,5.11
https://rodenlaw.com/blog/is-workers-compensation-an-employee-benefit/#ga-sc-requirements,2026-09-22,0,6,0,5
https://rodenlaw.com/blog/is-workers-compensation-an-employee-benefit/#ga-sc-requirements,2026-09-23,0,9,0,4.33
https://rodenlaw.com/blog/is-workers-compensation-an-employee-benefit/#ga-sc-requirements,2026-09-24,0,9,0,6.11
https://rodenlaw.com/blog/is-workers-compensation-an-employee-benefit/#ga-sc-requirements,2026-09-25,0,5,0,6.4
https://rodenlaw.com/blog/is-workers-compensation-an-employee-benefit/#ga-sc-requirements,2026-09-27,0,2,0,5.5
https://rodenlaw.com/blog/is-workers-compensation-an-employee-benefit/#ga-sc-requirements,2026-09-28,0,4,0,3.25
https://rodenlaw.com/blog/is-workers-compensation-an-employee-benefit/#ga-sc-requirements,2026-09-29,0,2,0,5
https://rodenlaw.com/blog/is-workers-compensation-an-employee-benefit/#ga-sc-requirements,2026-09-30,0,8,0,7
https://rodenlaw.com/blog/is-workers-compensation-an-employee-benefit/#ga-sc-requirements,2026-10-01,0,7,0,7.29
https://rodenlaw.com/blog/is-workers-compensation-an-employee-benefit/#ga-sc-requirements,2026-10-02,0,6,0,5.67
https://rodenlaw.com/blog/is-workers-compensation-an-employee-benefit/#ga-sc-requirements,2026-10-04,0,3,0,5.67
https://rodenlaw.com/blog/is-workers-compensation-an-employee-benefit/#what-benefits-are-available,2026-09-15,0,3,0,4
https://rodenlaw.com/blog/is-workers-compensation-an-employee-benefit/#what-benefits-are-available,2026-09-16,0,1,0,5
https://rodenlaw.com/blog/is-workers-compensation-an-employee-benefit/#what-benefits-are-available,2026-09-17,0,1,0,4
https://rodenlaw.com/blog/is-workers-compensation-an-employee-benefit/#what-benefits-are-available,2026-09-18,0,3,0,3.33
https://rodenlaw.com/blog/is-workers-compensation-an-employee-benefit/#what-benefits-are-available,2026-09-20,0,1,0,4
https://rodenlaw.com/blog/is-workers-compensation-an-employee-benefit/#what-benefits-are-available,2026-09-21,0,2,0,6.5
https://rodenlaw.com/blog/is-workers-compensation-an-employee-benefit/#what-benefits-are-available,2026-09-22,0,3,0,2.67
https://rodenlaw.com/blog/is-workers-compensation-an-employee-benefit/#what-benefits-are-available,2026-09-24,0,1,0,4
https://rodenlaw.com/blog/is-workers-compensation-an-employee-benefit/#what-benefits-are-available,2026-09-25,0,2,0,5
https://rodenlaw.com/blog/is-workers-compensation-an-employee-benefit/#what-benefits-are-available,2026-09-27,0,1,0,6
https://rodenlaw.com/blog/is-workers-compensation-an-employee-benefit/#what-benefits-are-available,2026-09-28,0,1,0,8
https://rodenlaw.com/blog/is-workers-compensation-an-employee-benefit/#what-benefits-are-available,2026-10-01,0,3,0,6.33
https://rodenlaw.com/blog/is-workers-compensation-an-employee-benefit/#what-benefits-are-available,2026-10-04,0,2,0,5
https://rodenlaw.com/blog/is-workers-compensation-an-employee-benefit/#what-is-workers-comp,2026-09-15,0,3,0,5.33
https://rodenlaw.com/blog/is-workers-compensation-an-employee-benefit/#what-is-workers-comp,2026-09-17,0,1,0,4
https://rodenlaw.com/blog/is-workers-compensation-an-employee-benefit/#what-is-workers-comp,2026-09-18,0,4,0,5.5
https://rodenlaw.com/blog/is-workers-compensation-an-employee-benefit/#what-is-workers-comp,2026-09-21,0,2,0,6.5
https://rodenlaw.com/blog/is-workers-compensation-an-employee-benefit/#what-is-workers-comp,2026-09-22,0,4,0,5.5
https://rodenlaw.com/blog/is-workers-compensation-an-employee-benefit/#what-is-workers-comp,2026-09-23,0,2,0,8
https://rodenlaw.com/blog/is-workers-compensation-an-employee-benefit/#what-is-workers-comp,2026-09-24,0,1,0,4
https://rodenlaw.com/blog/is-workers-compensation-an-employee-benefit/#what-is-workers-comp,2026-09-25,0,2,0,5
https://rodenlaw.com/blog/is-workers-compensation-an-employee-benefit/#what-is-workers-comp,2026-09-27,0,2,0,4
https://rodenlaw.com/blog/is-workers-compensation-an-employee-benefit/#what-is-workers-comp,2026-10-01,0,3,0,6.33
https://rodenlaw.com/blog/is-workers-compensation-an-employee-benefit/#what-is-workers-comp,2026-10-04,0,2,0,5
https://rodenlaw.com/blog/is-workers-compensation-an-employee-benefit/#what-is-workers-comp,2026-10-05,0,3,0,4.67
https://rodenlaw.com/blog/is-workers-compensation-an-employee-benefit/#who-is-covered,2026-09-15,0,2,0,4
https://rodenlaw.com/blog/is-workers-compensation-an-employee-benefit/#who-is-covered,2026-09-17,0,1,0,4
https://rodenlaw.com/blog/is-workers-compensation-an-employee-benefit/#who-is-covered,2026-09-18,0,2,0,3
https://rodenlaw.com/blog/is-workers-compensation-an-employee-benefit/#who-is-covered,2026-09-21,0,2,0,6.5
https://rodenlaw.com/blog/is-workers-compensation-an-employee-benefit/#who-is-covered,2026-09-22,0,2,0,3
https://rodenlaw.com/blog/is-workers-compensation-an-employee-benefit/#who-is-covered,2026-09-24,0,1,0,4
https://rodenlaw.com/blog/is-workers-compensation-an-employee-benefit/#who-is-covered,2026-09-25,0,2,0,5
https://rodenlaw.com/blog/is-workers-compensation-an-employee-benefit/#who-is-covered,2026-09-27,0,1,0,6
https://rodenlaw.com/blog/is-workers-compensation-an-employee-benefit/#who-is-covered,2026-10-01,0,3,0,6.33
https://rodenlaw.com/blog/is-workers-compensation-an-employee-benefit/#who-is-covered,2026-10-04,0,2,0,5
https://rodenlaw.com/blog/islands-expressway-whitemarsh-island-motorcycle-accident-chatham-county/,2026-09-24,0,2,0,5
https://rodenlaw.com/blog/islands-expressway-whitemarsh-island-motorcycle-accident-chatham-county/,2026-09-25,0,1,0,10
https://rodenlaw.com/blog/islands-expressway-whitemarsh-island-motorcycle-accident-chatham-county/,2026-09-26,0,1,0,23
https://rodenlaw.com/blog/islands-expressway-whitemarsh-island-motorcycle-accident-chatham-county/,2026-09-28,0,2,0,8.5
https://rodenlaw.com/blog/islands-expressway-whitemarsh-island-motorcycle-accident-chatham-county/,2026-09-30,0,2,0,12.5
https://rodenlaw.com/blog/jet-ski-personal-watercraft-accidents-charleston/,2026-09-16,0,13,0,6.15
https://rodenlaw.com/blog/jet-ski-personal-watercraft-accidents-charleston/,2026-09-18,0,1,0,8
https://rodenlaw.com/blog/jet-ski-personal-watercraft-accidents-charleston/,2026-09-19,0,1,0,7
https://rodenlaw.com/blog/jet-ski-personal-watercraft-accidents-charleston/,2026-09-20,0,3,0,8.33
https://rodenlaw.com/blog/jet-ski-personal-watercraft-accidents-charleston/,2026-09-22,0,6,0,8.5
https://rodenlaw.com/blog/jet-ski-personal-watercraft-accidents-charleston/,2026-09-23,0,14,0,6.43
https://rodenlaw.com/blog/jet-ski-personal-watercraft-accidents-charleston/,2026-09-24,0,5,0,3.2
https://rodenlaw.com/blog/jet-ski-personal-watercraft-accidents-charleston/,2026-09-25,0,8,0,9
https://rodenlaw.com/blog/jet-ski-personal-watercraft-accidents-charleston/,2026-09-26,0,7,0,12.86
https://rodenlaw.com/blog/jet-ski-personal-watercraft-accidents-charleston/,2026-09-27,0,13,0,12.54
https://rodenlaw.com/blog/jet-ski-personal-watercraft-accidents-charleston/,2026-09-28,0,14,0,13.93
https://rodenlaw.com/blog/jet-ski-personal-watercraft-accidents-charleston/,2026-09-29,0,9,0,12.22
https://rodenlaw.com/blog/jet-ski-personal-watercraft-accidents-charleston/,2026-09-30,0,20,0,6.8
https://rodenlaw.com/blog/jet-ski-personal-watercraft-accidents-charleston/,2026-10-01,0,9,0,13.56
https://rodenlaw.com/blog/jet-ski-personal-watercraft-accidents-charleston/,2026-10-02,0,4,0,4.25
https://rodenlaw.com/blog/jet-ski-personal-watercraft-accidents-charleston/,2026-10-03,0,9,0,13.78
https://rodenlaw.com/blog/jet-ski-personal-watercraft-accidents-charleston/,2026-10-04,0,5,0,12
https://rodenlaw.com/blog/jet-ski-personal-watercraft-accidents-charleston/,2026-10-05,0,3,0,3
https://rodenlaw.com/blog/johns-island-accidents-no-hospital-emergency-room/,2026-09-17,0,2,0,10
https://rodenlaw.com/blog/johns-island-accidents-no-hospital-emergency-room/,2026-09-19,0,1,0,10
https://rodenlaw.com/blog/johns-island-accidents-no-hospital-emergency-room/,2026-09-20,0,1,0,8
https://rodenlaw.com/blog/johns-island-accidents-no-hospital-emergency-room/,2026-09-21,0,2,0,8.5
https://rodenlaw.com/blog/johns-island-accidents-no-hospital-emergency-room/,2026-09-22,0,2,0,18.5
https://rodenlaw.com/blog/johns-island-accidents-no-hospital-emergency-room/,2026-09-23,0,1,0,7
https://rodenlaw.com/blog/johns-island-accidents-no-hospital-emergency-room/,2026-09-25,0,1,0,10
https://rodenlaw.com/blog/johns-island-accidents-no-hospital-emergency-room/,2026-09-26,0,2,0,8
https://rodenlaw.com/blog/johns-island-accidents-no-hospital-emergency-room/,2026-09-27,0,1,0,9
https://rodenlaw.com/blog/johns-island-accidents-no-hospital-emergency-room/,2026-09-28,0,2,0,5.5
https://rodenlaw.com/blog/johns-island-accidents-no-hospital-emergency-room/,2026-09-29,0,4,0,4.5
https://rodenlaw.com/blog/jones-act-claims-south-carolina-maritime-worker-rights/,2026-09-15,0,9,0,7.33
https://rodenlaw.com/blog/jones-act-claims-south-carolina-maritime-worker-rights/,2026-09-16,0,7,0,6
https://rodenlaw.com/blog/jones-act-claims-south-carolina-maritime-worker-rights/,2026-09-17,0,3,0,5.67
https://rodenlaw.com/blog/jones-act-claims-south-carolina-maritime-worker-rights/,2026-09-18,0,1,0,4
https://rodenlaw.com/blog/jones-act-claims-south-carolina-maritime-worker-rights/,2026-09-19,0,1,0,1
https://rodenlaw.com/blog/jones-act-claims-south-carolina-maritime-worker-rights/,2026-09-20,0,1,0,2
https://rodenlaw.com/blog/jones-act-claims-south-carolina-maritime-worker-rights/,2026-09-21,0,6,0,8
https://rodenlaw.com/blog/jones-act-claims-south-carolina-maritime-worker-rights/,2026-09-22,0,9,0,6.89
https://rodenlaw.com/blog/jones-act-claims-south-carolina-maritime-worker-rights/,2026-09-23,0,2,0,5.5
https://rodenlaw.com/blog/jones-act-claims-south-carolina-maritime-worker-rights/,2026-09-24,0,14,0,20.86
https://rodenlaw.com/blog/jones-act-claims-south-carolina-maritime-worker-rights/,2026-09-25,0,4,0,9.5
https://rodenlaw.com/blog/jones-act-claims-south-carolina-maritime-worker-rights/,2026-09-26,0,5,0,10.2
https://rodenlaw.com/blog/jones-act-claims-south-carolina-maritime-worker-rights/,2026-09-27,0,4,0,35.5
https://rodenlaw.com/blog/jones-act-claims-south-carolina-maritime-worker-rights/,2026-09-28,0,9,0,34.44
https://rodenlaw.com/blog/jones-act-claims-south-carolina-maritime-worker-rights/,2026-09-29,0,16,0,28.5
https://rodenlaw.com/blog/jones-act-claims-south-carolina-maritime-worker-rights/,2026-09-30,0,10,0,27.6
https://rodenlaw.com/blog/jones-act-claims-south-carolina-maritime-worker-rights/,2026-10-01,0,5,0,8.4
https://rodenlaw.com/blog/jones-act-claims-south-carolina-maritime-worker-rights/,2026-10-02,0,10,0,7.8
https://rodenlaw.com/blog/jones-act-claims-south-carolina-maritime-worker-rights/,2026-10-03,0,8,0,21.5
https://rodenlaw.com/blog/jones-act-claims-south-carolina-maritime-worker-rights/,2026-10-04,0,12,0,6.25
https://rodenlaw.com/blog/jones-act-claims-south-carolina-maritime-worker-rights/,2026-10-05,0,1,0,7
https://rodenlaw.com/blog/kemira-plant-drive-savannah-fatal-truck-accident-lawyer/,2026-09-17,0,1,0,43
https://rodenlaw.com/blog/kemira-plant-drive-savannah-fatal-truck-accident-lawyer/,2026-09-18,0,2,0,12.5
https://rodenlaw.com/blog/kemira-plant-drive-savannah-fatal-truck-accident-lawyer/,2026-09-19,0,1,0,7
https://rodenlaw.com/blog/kemira-plant-drive-savannah-fatal-truck-accident-lawyer/,2026-09-22,0,1,0,18
https://rodenlaw.com/blog/kemira-plant-drive-savannah-fatal-truck-accident-lawyer/,2026-09-23,0,2,0,8.5
https://rodenlaw.com/blog/kemira-plant-drive-savannah-fatal-truck-accident-lawyer/,2026-09-24,0,8,0,7.5
https://rodenlaw.com/blog/kemira-plant-drive-savannah-fatal-truck-accident-lawyer/,2026-09-25,0,26,0,8.35
https://rodenlaw.com/blog/kemira-plant-drive-savannah-fatal-truck-accident-lawyer/,2026-09-26,0,24,0,8.46
https://rodenlaw.com/blog/kemira-plant-drive-savannah-fatal-truck-accident-lawyer/,2026-09-27,0,7,0,6.86
https://rodenlaw.com/blog/kemira-plant-drive-savannah-fatal-truck-accident-lawyer/,2026-09-28,0,6,0,25.83
https://rodenlaw.com/blog/kemira-plant-drive-savannah-fatal-truck-accident-lawyer/,2026-09-29,0,3,0,6.67
https://rodenlaw.com/blog/kemira-plant-drive-savannah-fatal-truck-accident-lawyer/,2026-09-30,0,5,0,9.2
https://rodenlaw.com/blog/kemira-plant-drive-savannah-fatal-truck-accident-lawyer/,2026-10-01,0,1,0,4
https://rodenlaw.com/blog/kemira-plant-drive-savannah-fatal-truck-accident-lawyer/,2026-10-02,0,2,0,26.5
https://rodenlaw.com/blog/kemira-plant-drive-savannah-fatal-truck-accident-lawyer/,2026-10-03,0,2,0,10.5
https://rodenlaw.com/blog/kemira-plant-drive-savannah-fatal-truck-accident-lawyer/,2026-10-04,0,3,0,14
https://rodenlaw.com/blog/kemira-plant-drive-savannah-fatal-truck-accident-lawyer/,2026-10-05,0,1,0,1
https://rodenlaw.com/blog/king-calhoun-intersection-car-collisions/,2026-10-01,0,5,0,8.6
https://rodenlaw.com/blog/knee-injuries-after-georgia-car-crash/,2026-09-15,0,1,0,8
https://rodenlaw.com/blog/knee-injuries-after-georgia-car-crash/,2026-09-19,0,2,0,46.5
https://rodenlaw.com/blog/knee-injuries-after-georgia-car-crash/,2026-09-20,0,3,0,18.33
https://rodenlaw.com/blog/knee-injuries-after-georgia-car-crash/,2026-09-22,0,3,0,83.67
https://rodenlaw.com/blog/knee-injuries-after-georgia-car-crash/,2026-09-24,0,1,0,96
https://rodenlaw.com/blog/knee-injuries-after-georgia-car-crash/,2026-09-25,0,1,0,7
https://rodenlaw.com/blog/knee-injuries-after-georgia-car-crash/,2026-09-29,0,1,0,9
https://rodenlaw.com/blog/knee-injuries-after-georgia-car-crash/,2026-09-30,0,1,0,2
https://rodenlaw.com/blog/knee-injuries-after-georgia-car-crash/,2026-10-02,0,2,0,58.5
https://rodenlaw.com/blog/knee-injuries-after-georgia-car-crash/,2026-10-03,0,2,0,90
https://rodenlaw.com/blog/lane-change-accident-liability/,2026-09-15,0,1,0,11
https://rodenlaw.com/blog/lane-change-accident-liability/,2026-09-17,0,2,0,29.5
https://rodenlaw.com/blog/lane-change-accident-liability/,2026-09-18,0,1,0,10
https://rodenlaw.com/blog/lane-change-accident-liability/,2026-09-23,0,1,0,2
https://rodenlaw.com/blog/lane-change-accident-liability/,2026-09-25,0,1,0,4
https://rodenlaw.com/blog/lane-change-accident-liability/,2026-10-02,0,1,0,5
https://rodenlaw.com/blog/leg-pain-and-leg-injuries-from-crash/,2026-09-15,0,6,0,5.83
https://rodenlaw.com/blog/leg-pain-and-leg-injuries-from-crash/,2026-09-16,0,13,0,6
https://rodenlaw.com/blog/leg-pain-and-leg-injuries-from-crash/,2026-09-17,0,9,0,9.56
https://rodenlaw.com/blog/leg-pain-and-leg-injuries-from-crash/,2026-09-18,0,4,0,11.25
https://rodenlaw.com/blog/leg-pain-and-leg-injuries-from-crash/,2026-09-19,0,12,0,12.58
https://rodenlaw.com/blog/leg-pain-and-leg-injuries-from-crash/,2026-09-21,0,6,0,6.5
https://rodenlaw.com/blog/leg-pain-and-leg-injuries-from-crash/,2026-09-22,0,7,0,14.29
https://rodenlaw.com/blog/leg-pain-and-leg-injuries-from-crash/,2026-09-23,0,4,0,28
https://rodenlaw.com/blog/leg-pain-and-leg-injuries-from-crash/,2026-09-24,0,8,0,7.62
https://rodenlaw.com/blog/leg-pain-and-leg-injuries-from-crash/,2026-09-25,0,7,0,8.29
https://rodenlaw.com/blog/leg-pain-and-leg-injuries-from-crash/,2026-09-26,0,8,0,12.62
https://rodenlaw.com/blog/leg-pain-and-leg-injuries-from-crash/,2026-09-27,0,3,0,8
https://rodenlaw.com/blog/leg-pain-and-leg-injuries-from-crash/,2026-09-28,0,8,0,7.88
https://rodenlaw.com/blog/leg-pain-and-leg-injuries-from-crash/,2026-09-29,0,4,0,23.25
https://rodenlaw.com/blog/leg-pain-and-leg-injuries-from-crash/,2026-09-30,0,4,0,6.25
https://rodenlaw.com/blog/leg-pain-and-leg-injuries-from-crash/,2026-10-01,0,6,0,9.33
https://rodenlaw.com/blog/leg-pain-and-leg-injuries-from-crash/,2026-10-02,0,3,0,35.33
https://rodenlaw.com/blog/leg-pain-and-leg-injuries-from-crash/,2026-10-03,0,1,0,55
https://rodenlaw.com/blog/leg-pain-and-leg-injuries-from-crash/,2026-10-04,0,1,0,5
https://rodenlaw.com/blog/leg-pain-and-leg-injuries-from-crash/,2026-10-05,0,2,0,26
https://rodenlaw.com/blog/legal-rights-after-memory-loss-savannah-crash/,2026-09-16,0,1,0,8
https://rodenlaw.com/blog/legal-rights-after-memory-loss-savannah-crash/,2026-09-17,0,1,0,11
https://rodenlaw.com/blog/legal-rights-after-memory-loss-savannah-crash/,2026-09-19,0,1,0,57
https://rodenlaw.com/blog/legal-rights-after-memory-loss-savannah-crash/,2026-09-20,0,1,0,9
https://rodenlaw.com/blog/legal-rights-after-memory-loss-savannah-crash/,2026-09-23,0,1,0,6
https://rodenlaw.com/blog/legal-rights-after-memory-loss-savannah-crash/,2026-09-25,0,1,0,4
https://rodenlaw.com/blog/legal-rights-after-memory-loss-savannah-crash/,2026-09-26,0,1,0,9
https://rodenlaw.com/blog/legal-rights-after-memory-loss-savannah-crash/,2026-09-29,0,1,0,8
https://rodenlaw.com/blog/legal-rights-after-memory-loss-savannah-crash/,2026-09-30,0,2,0,1
https://rodenlaw.com/blog/legal-rights-after-memory-loss-savannah-crash/,2026-10-01,0,2,0,15
https://rodenlaw.com/blog/legal-rights-after-memory-loss-savannah-crash/,2026-10-02,0,2,0,3
https://rodenlaw.com/blog/legal-rights-after-memory-loss-savannah-crash/,2026-10-05,0,1,0,7
https://rodenlaw.com/blog/legal-rights-if-hit-by-driver-in-company-car-charleston/,2026-09-15,0,4,0,50.5
https://rodenlaw.com/blog/legal-rights-if-hit-by-driver-in-company-car-charleston/,2026-09-16,0,4,0,34.25
https://rodenlaw.com/blog/legal-rights-if-hit-by-driver-in-company-car-charleston/,2026-09-17,0,2,0,57.5
https://rodenlaw.com/blog/legal-rights-if-hit-by-driver-in-company-car-charleston/,2026-09-18,0,6,0,19
https://rodenlaw.com/blog/legal-rights-if-hit-by-driver-in-company-car-charleston/,2026-09-19,0,4,0,31.5
https://rodenlaw.com/blog/legal-rights-if-hit-by-driver-in-company-car-charleston/,2026-09-20,0,4,0,16.5
https://rodenlaw.com/blog/legal-rights-if-hit-by-driver-in-company-car-charleston/,2026-09-21,0,7,0,20
https://rodenlaw.com/blog/legal-rights-if-hit-by-driver-in-company-car-charleston/,2026-09-22,0,5,0,27
https://rodenlaw.com/blog/legal-rights-if-hit-by-driver-in-company-car-charleston/,2026-09-23,0,1,0,52
https://rodenlaw.com/blog/legal-rights-if-hit-by-driver-in-company-car-charleston/,2026-09-25,0,2,0,21
https://rodenlaw.com/blog/legal-rights-if-hit-by-driver-in-company-car-charleston/,2026-09-27,0,1,0,8
https://rodenlaw.com/blog/legal-rights-if-hit-by-driver-in-company-car-charleston/,2026-09-30,0,1,0,5
https://rodenlaw.com/blog/letters-of-protection-for-injury-victims/,2026-09-15,0,21,0,29.1
https://rodenlaw.com/blog/letters-of-protection-for-injury-victims/,2026-09-17,0,98,0,63.22
https://rodenlaw.com/blog/letters-of-protection-for-injury-victims/,2026-09-18,0,30,0,14.3
https://rodenlaw.com/blog/letters-of-protection-for-injury-victims/,2026-09-19,0,3,0,58.67
https://rodenlaw.com/blog/letters-of-protection-for-injury-victims/,2026-09-20,0,9,0,33.78
https://rodenlaw.com/blog/letters-of-protection-for-injury-victims/,2026-09-21,0,13,0,27.77
https://rodenlaw.com/blog/letters-of-protection-for-injury-victims/,2026-09-22,0,18,0,38.17
https://rodenlaw.com/blog/letters-of-protection-for-injury-victims/,2026-09-23,0,12,0,13.42
https://rodenlaw.com/blog/letters-of-protection-for-injury-victims/,2026-09-24,0,11,0,25.27
https://rodenlaw.com/blog/letters-of-protection-for-injury-victims/,2026-09-25,0,3,0,7
https://rodenlaw.com/blog/letters-of-protection-for-injury-victims/,2026-09-26,0,1,0,83
https://rodenlaw.com/blog/letters-of-protection-for-injury-victims/,2026-09-27,0,3,0,51.67
https://rodenlaw.com/blog/letters-of-protection-for-injury-victims/,2026-09-28,0,6,0,19
https://rodenlaw.com/blog/letters-of-protection-for-injury-victims/,2026-09-29,0,6,0,32.33
https://rodenlaw.com/blog/letters-of-protection-for-injury-victims/,2026-09-30,0,9,0,38.67
https://rodenlaw.com/blog/letters-of-protection-for-injury-victims/,2026-10-01,0,43,0,75.6
https://rodenlaw.com/blog/letters-of-protection-for-injury-victims/,2026-10-02,0,15,0,63.87
https://rodenlaw.com/blog/letters-of-protection-for-injury-victims/,2026-10-03,0,12,0,71.92
https://rodenlaw.com/blog/letters-of-protection-for-injury-victims/,2026-10-04,0,13,0,54.31
https://rodenlaw.com/blog/letters-of-protection-for-injury-victims/,2026-10-05,0,7,0,64.86
https://rodenlaw.com/blog/letters-of-protection-for-injury-victims/#letters-of-protection-in-georgia,2026-09-16,0,1,0,6
https://rodenlaw.com/blog/letters-of-protection-for-injury-victims/#letters-of-protection-in-georgia,2026-09-22,0,1,0,5
https://rodenlaw.com/blog/letters-of-protection-for-injury-victims/#when-you-may-need-a-letter-of-protection,2026-09-16,0,1,0,6
https://rodenlaw.com/blog/letters-of-protection-for-injury-victims/#when-you-may-need-a-letter-of-protection,2026-09-22,0,1,0,5
https://rodenlaw.com/blog/liability-and-causes-for-backing-up-crashes-in-charleston/,2026-09-15,0,4,0,8.5
https://rodenlaw.com/blog/liability-and-causes-for-backing-up-crashes-in-charleston/,2026-09-16,0,7,0,12.29
https://rodenlaw.com/blog/liability-and-causes-for-backing-up-crashes-in-charleston/,2026-09-17,0,6,0,18.33
https://rodenlaw.com/blog/liability-and-causes-for-backing-up-crashes-in-charleston/,2026-09-18,0,12,0,14.67
https://rodenlaw.com/blog/liability-and-causes-for-backing-up-crashes-in-charleston/,2026-09-19,0,2,0,9.5
https://rodenlaw.com/blog/liability-and-causes-for-backing-up-crashes-in-charleston/,2026-09-20,0,2,0,9
https://rodenlaw.com/blog/liability-and-causes-for-backing-up-crashes-in-charleston/,2026-09-21,0,8,0,6.38
https://rodenlaw.com/blog/liability-and-causes-for-backing-up-crashes-in-charleston/,2026-09-22,0,7,0,8
https://rodenlaw.com/blog/liability-and-causes-for-backing-up-crashes-in-charleston/,2026-09-23,0,8,0,8.38
https://rodenlaw.com/blog/liability-and-causes-for-backing-up-crashes-in-charleston/,2026-09-24,0,9,0,8
https://rodenlaw.com/blog/liability-and-causes-for-backing-up-crashes-in-charleston/,2026-09-25,0,5,0,9.8
https://rodenlaw.com/blog/liability-and-causes-for-backing-up-crashes-in-charleston/,2026-09-26,0,14,0,6.57
https://rodenlaw.com/blog/liability-and-causes-for-backing-up-crashes-in-charleston/,2026-09-27,0,8,0,4.88
https://rodenlaw.com/blog/liability-and-causes-for-backing-up-crashes-in-charleston/,2026-09-28,0,7,0,8.43
https://rodenlaw.com/blog/liability-and-causes-for-backing-up-crashes-in-charleston/,2026-09-29,0,6,0,5
https://rodenlaw.com/blog/liability-and-causes-for-backing-up-crashes-in-charleston/,2026-09-30,0,8,0,6
https://rodenlaw.com/blog/liability-and-causes-for-backing-up-crashes-in-charleston/,2026-10-01,0,6,0,8.17
https://rodenlaw.com/blog/liability-and-causes-for-backing-up-crashes-in-charleston/,2026-10-02,0,3,0,8
https://rodenlaw.com/blog/liability-and-causes-for-backing-up-crashes-in-charleston/,2026-10-03,0,2,0,8
https://rodenlaw.com/blog/liability-and-causes-for-backing-up-crashes-in-charleston/,2026-10-04,0,1,0,10
https://rodenlaw.com/blog/liability-and-causes-for-backing-up-crashes-in-charleston/,2026-10-05,0,2,0,3.5
https://rodenlaw.com/blog/liability-for-accidents-with-borrowed-vehicles/,2026-09-15,0,13,0,40.69
https://rodenlaw.com/blog/liability-for-accidents-with-borrowed-vehicles/,2026-09-16,0,10,0,48.9
https://rodenlaw.com/blog/liability-for-accidents-with-borrowed-vehicles/,2026-09-17,0,8,0,65.88
https://rodenlaw.com/blog/liability-for-accidents-with-borrowed-vehicles/,2026-09-18,0,16,0,65.75
https://rodenlaw.com/blog/liability-for-accidents-with-borrowed-vehicles/,2026-09-19,0,10,0,66.9
https://rodenlaw.com/blog/liability-for-accidents-with-borrowed-vehicles/,2026-09-20,0,14,0,64.21
https://rodenlaw.com/blog/liability-for-accidents-with-borrowed-vehicles/,2026-09-21,0,10,0,68.1
https://rodenlaw.com/blog/liability-for-accidents-with-borrowed-vehicles/,2026-09-22,0,11,0,63.45
https://rodenlaw.com/blog/liability-for-accidents-with-borrowed-vehicles/,2026-09-23,0,11,0,56.09
https://rodenlaw.com/blog/liability-for-accidents-with-borrowed-vehicles/,2026-09-24,0,16,0,74.5
https://rodenlaw.com/blog/liability-for-accidents-with-borrowed-vehicles/,2026-09-25,0,15,0,61.13
https://rodenlaw.com/blog/liability-for-accidents-with-borrowed-vehicles/,2026-09-26,0,12,0,60.67
https://rodenlaw.com/blog/liability-for-accidents-with-borrowed-vehicles/,2026-09-27,0,9,0,63.11
https://rodenlaw.com/blog/liability-for-accidents-with-borrowed-vehicles/,2026-09-28,0,16,0,67.88
https://rodenlaw.com/blog/liability-for-accidents-with-borrowed-vehicles/,2026-09-29,0,15,0,81.67
https://rodenlaw.com/blog/liability-for-accidents-with-borrowed-vehicles/,2026-09-30,0,13,0,72.15
https://rodenlaw.com/blog/liability-for-accidents-with-borrowed-vehicles/,2026-10-01,0,14,0,79
https://rodenlaw.com/blog/liability-for-accidents-with-borrowed-vehicles/,2026-10-02,0,19,0,68.11
https://rodenlaw.com/blog/liability-for-accidents-with-borrowed-vehicles/,2026-10-03,0,18,0,61.5
https://rodenlaw.com/blog/liability-for-accidents-with-borrowed-vehicles/,2026-10-04,0,12,0,74.25
https://rodenlaw.com/blog/liability-for-accidents-with-borrowed-vehicles/,2026-10-05,0,10,0,72.2
https://rodenlaw.com/blog/liability-for-brake-checking-crashes-charleston/,2026-09-15,0,1,0,71
https://rodenlaw.com/blog/liability-for-brake-checking-crashes-charleston/,2026-09-16,0,2,0,13.5
https://rodenlaw.com/blog/liability-for-brake-checking-crashes-charleston/,2026-09-18,0,2,0,7.5
https://rodenlaw.com/blog/liability-for-brake-checking-crashes-charleston/,2026-09-19,0,1,0,5
https://rodenlaw.com/blog/liability-for-brake-checking-crashes-charleston/,2026-09-20,0,1,0,8
https://rodenlaw.com/blog/liability-for-brake-checking-crashes-charleston/,2026-09-23,0,1,0,2
https://rodenlaw.com/blog/liability-for-brake-checking-crashes-charleston/,2026-09-25,0,1,0,4
https://rodenlaw.com/blog/liability-for-brake-checking-crashes-charleston/,2026-09-26,0,3,0,6.33
https://rodenlaw.com/blog/liability-for-brake-checking-crashes-charleston/,2026-09-27,0,3,0,24.33
https://rodenlaw.com/blog/liability-for-brake-checking-crashes-charleston/,2026-09-28,0,2,0,12
https://rodenlaw.com/blog/liability-for-brake-checking-crashes-charleston/,2026-09-30,0,4,0,19.5
https://rodenlaw.com/blog/liability-for-brake-checking-crashes-charleston/,2026-10-02,0,2,0,4
https://rodenlaw.com/blog/liability-for-brake-checking-crashes-charleston/,2026-10-03,0,1,0,2
https://rodenlaw.com/blog/liability-for-brake-checking-crashes-charleston/,2026-10-04,0,1,0,7
https://rodenlaw.com/blog/liability-for-charleston-underride-truck-crashes/,2026-09-25,0,2,0,17
https://rodenlaw.com/blog/liability-for-charleston-underride-truck-crashes/,2026-09-27,0,3,0,58.33
https://rodenlaw.com/blog/liability-for-charleston-underride-truck-crashes/,2026-10-03,0,1,0,35
https://rodenlaw.com/blog/liability-for-crash-due-to-tire-blowout-in-savannah/,2026-09-15,0,10,0,6.8
https://rodenlaw.com/blog/liability-for-crash-due-to-tire-blowout-in-savannah/,2026-09-16,0,4,0,7
https://rodenlaw.com/blog/liability-for-crash-due-to-tire-blowout-in-savannah/,2026-09-17,0,8,0,6.62
https://rodenlaw.com/blog/liability-for-crash-due-to-tire-blowout-in-savannah/,2026-09-18,0,3,0,2.67
https://rodenlaw.com/blog/liability-for-crash-due-to-tire-blowout-in-savannah/,2026-09-19,0,3,0,8
https://rodenlaw.com/blog/liability-for-crash-due-to-tire-blowout-in-savannah/,2026-09-20,0,4,0,5.5
https://rodenlaw.com/blog/liability-for-crash-due-to-tire-blowout-in-savannah/,2026-09-21,0,3,0,6.33
https://rodenlaw.com/blog/liability-for-crash-due-to-tire-blowout-in-savannah/,2026-09-22,0,13,0,7.23
https://rodenlaw.com/blog/liability-for-crash-due-to-tire-blowout-in-savannah/,2026-09-23,0,2,0,9.5
https://rodenlaw.com/blog/liability-for-crash-due-to-tire-blowout-in-savannah/,2026-09-24,0,3,0,3
https://rodenlaw.com/blog/liability-for-crash-due-to-tire-blowout-in-savannah/,2026-09-25,0,5,0,18.2
https://rodenlaw.com/blog/liability-for-crash-due-to-tire-blowout-in-savannah/,2026-09-26,0,1,0,11
https://rodenlaw.com/blog/liability-for-crash-due-to-tire-blowout-in-savannah/,2026-09-27,0,5,0,5.4
https://rodenlaw.com/blog/liability-for-crash-due-to-tire-blowout-in-savannah/,2026-09-28,0,3,0,8
https://rodenlaw.com/blog/liability-for-crash-due-to-tire-blowout-in-savannah/,2026-09-29,0,5,0,7.8
https://rodenlaw.com/blog/liability-for-crash-due-to-tire-blowout-in-savannah/,2026-09-30,0,3,0,7
https://rodenlaw.com/blog/liability-for-crash-due-to-tire-blowout-in-savannah/,2026-10-01,0,1,0,10
https://rodenlaw.com/blog/liability-for-crash-due-to-tire-blowout-in-savannah/,2026-10-02,0,1,0,4
https://rodenlaw.com/blog/liability-for-crash-due-to-tire-blowout-in-savannah/,2026-10-03,0,1,0,8
https://rodenlaw.com/blog/liability-for-crash-due-to-tire-blowout-in-savannah/,2026-10-04,0,2,0,3.5
https://rodenlaw.com/blog/liability-for-crash-due-to-tire-blowout-in-savannah/,2026-10-05,0,3,0,5.67
https://rodenlaw.com/blog/liability-for-crashes-caused-by-not-using-turn-signal/,2026-09-15,0,35,0,5.91
https://rodenlaw.com/blog/liability-for-crashes-caused-by-not-using-turn-signal/,2026-09-17,0,28,0,9.86
https://rodenlaw.com/blog/liability-for-crashes-caused-by-not-using-turn-signal/,2026-09-18,0,20,0,7.9
https://rodenlaw.com/blog/liability-for-crashes-caused-by-not-using-turn-signal/,2026-09-20,0,16,0,7.94
https://rodenlaw.com/blog/liability-for-crashes-caused-by-not-using-turn-signal/,2026-09-21,0,22,0,6.27
https://rodenlaw.com/blog/liability-for-crashes-caused-by-not-using-turn-signal/,2026-09-22,0,21,0,8.57
https://rodenlaw.com/blog/liability-for-crashes-caused-by-not-using-turn-signal/,2026-09-23,0,27,0,7.59
https://rodenlaw.com/blog/liability-for-crashes-caused-by-not-using-turn-signal/,2026-09-24,0,24,0,10.75
https://rodenlaw.com/blog/liability-for-crashes-caused-by-not-using-turn-signal/,2026-09-26,0,13,0,5.69
https://rodenlaw.com/blog/liability-for-crashes-caused-by-not-using-turn-signal/,2026-09-27,0,10,0,3.6
https://rodenlaw.com/blog/liability-for-crashes-caused-by-not-using-turn-signal/,2026-09-28,0,12,0,4.75
https://rodenlaw.com/blog/liability-for-crashes-caused-by-not-using-turn-signal/,2026-09-29,0,8,0,5.62
https://rodenlaw.com/blog/liability-for-crashes-caused-by-not-using-turn-signal/,2026-09-30,0,8,0,11.5
https://rodenlaw.com/blog/liability-for-crashes-caused-by-not-using-turn-signal/,2026-10-01,0,16,0,5.69
https://rodenlaw.com/blog/liability-for-crashes-caused-by-not-using-turn-signal/,2026-10-02,0,18,0,7.67
https://rodenlaw.com/blog/liability-for-crashes-caused-by-not-using-turn-signal/,2026-10-03,0,12,0,5.17
https://rodenlaw.com/blog/liability-for-crashes-caused-by-not-using-turn-signal/,2026-10-04,0,7,0,4.29
https://rodenlaw.com/blog/liability-for-crashes-caused-by-not-using-turn-signal/,2026-10-05,0,4,0,4
https://rodenlaw.com/blog/liability-for-crashes-caused-by-teen-drivers/,2026-09-15,0,2,0,6.5
https://rodenlaw.com/blog/liability-for-crashes-caused-by-teen-drivers/,2026-09-16,0,13,0,31.54
https://rodenlaw.com/blog/liability-for-crashes-caused-by-teen-drivers/,2026-09-17,0,5,0,5
https://rodenlaw.com/blog/liability-for-crashes-caused-by-teen-drivers/,2026-09-18,0,4,0,3.75
https://rodenlaw.com/blog/liability-for-crashes-caused-by-teen-drivers/,2026-09-19,0,1,0,8
https://rodenlaw.com/blog/liability-for-crashes-caused-by-teen-drivers/,2026-09-20,0,4,0,6.75
https://rodenlaw.com/blog/liability-for-crashes-caused-by-teen-drivers/,2026-09-21,0,3,0,7.33
https://rodenlaw.com/blog/liability-for-crashes-caused-by-teen-drivers/,2026-09-22,0,2,0,5.5
https://rodenlaw.com/blog/liability-for-crashes-caused-by-teen-drivers/,2026-09-23,0,5,0,7.4
https://rodenlaw.com/blog/liability-for-crashes-caused-by-teen-drivers/,2026-09-24,0,4,0,5.5
https://rodenlaw.com/blog/liability-for-crashes-caused-by-teen-drivers/,2026-09-26,0,5,0,34.8
https://rodenlaw.com/blog/liability-for-crashes-caused-by-teen-drivers/,2026-09-27,0,1,0,6
https://rodenlaw.com/blog/liability-for-crashes-caused-by-teen-drivers/,2026-09-28,0,4,0,5.75
https://rodenlaw.com/blog/liability-for-crashes-caused-by-teen-drivers/,2026-09-29,0,4,0,4.75
https://rodenlaw.com/blog/liability-for-crashes-caused-by-teen-drivers/,2026-09-30,0,7,0,7.86
https://rodenlaw.com/blog/liability-for-crashes-caused-by-teen-drivers/,2026-10-01,0,4,0,3
https://rodenlaw.com/blog/liability-for-crashes-caused-by-teen-drivers/,2026-10-02,0,4,0,5.75
https://rodenlaw.com/blog/liability-for-crashes-caused-by-teen-drivers/,2026-10-03,0,4,0,6.25
https://rodenlaw.com/blog/liability-for-crashes-caused-by-teen-drivers/,2026-10-04,0,4,0,4
https://rodenlaw.com/blog/liability-for-crashes-caused-by-teen-drivers/,2026-10-05,0,2,0,4
https://rodenlaw.com/blog/liability-for-crashes-in-heavy-rainfall/,2026-09-15,0,5,0,2.8
https://rodenlaw.com/blog/liability-for-crashes-in-heavy-rainfall/,2026-09-16,0,7,0,3.57
https://rodenlaw.com/blog/liability-for-crashes-in-heavy-rainfall/,2026-09-17,0,9,0,8
https://rodenlaw.com/blog/liability-for-crashes-in-heavy-rainfall/,2026-09-18,0,4,0,5.75
https://rodenlaw.com/blog/liability-for-crashes-in-heavy-rainfall/,2026-09-19,0,12,0,5.92
https://rodenlaw.com/blog/liability-for-crashes-in-heavy-rainfall/,2026-09-20,0,3,0,26
https://rodenlaw.com/blog/liability-for-crashes-in-heavy-rainfall/,2026-09-21,0,8,0,4.75
https://rodenlaw.com/blog/liability-for-crashes-in-heavy-rainfall/,2026-09-22,0,6,0,3.67
https://rodenlaw.com/blog/liability-for-crashes-in-heavy-rainfall/,2026-09-23,0,6,0,5.5
https://rodenlaw.com/blog/liability-for-crashes-in-heavy-rainfall/,2026-09-24,0,1,0,6
https://rodenlaw.com/blog/liability-for-crashes-in-heavy-rainfall/,2026-09-25,0,9,0,5.11
https://rodenlaw.com/blog/liability-for-crashes-in-heavy-rainfall/,2026-09-26,0,6,0,4.5
https://rodenlaw.com/blog/liability-for-crashes-in-heavy-rainfall/,2026-09-27,0,9,0,5.22
https://rodenlaw.com/blog/liability-for-crashes-in-heavy-rainfall/,2026-09-28,0,8,0,4.38
https://rodenlaw.com/blog/liability-for-crashes-in-heavy-rainfall/,2026-09-29,0,5,0,2.6
https://rodenlaw.com/blog/liability-for-crashes-in-heavy-rainfall/,2026-09-30,0,8,0,16.38
https://rodenlaw.com/blog/liability-for-crashes-in-heavy-rainfall/,2026-10-01,0,9,0,2.33
https://rodenlaw.com/blog/liability-for-crashes-in-heavy-rainfall/,2026-10-02,0,5,0,10.2
https://rodenlaw.com/blog/liability-for-crashes-in-heavy-rainfall/,2026-10-03,0,6,0,5
https://rodenlaw.com/blog/liability-for-crashes-in-heavy-rainfall/,2026-10-04,0,3,0,6.67
https://rodenlaw.com/blog/liability-for-crashes-in-heavy-rainfall/,2026-10-05,0,3,0,1
https://rodenlaw.com/blog/liability-for-epilepsy-related-car-accidents/,2026-09-15,0,40,0,6.42
https://rodenlaw.com/blog/liability-for-epilepsy-related-car-accidents/,2026-09-17,0,44,0,7.89
https://rodenlaw.com/blog/liability-for-epilepsy-related-car-accidents/,2026-09-20,0,63,0,4.71
https://rodenlaw.com/blog/liability-for-epilepsy-related-car-accidents/,2026-09-22,0,52,0,5.56
https://rodenlaw.com/blog/liability-for-epilepsy-related-car-accidents/,2026-09-25,0,50,0,5.42
https://rodenlaw.com/blog/liability-for-epilepsy-related-car-accidents/,2026-09-26,0,18,0,8.06
https://rodenlaw.com/blog/liability-for-epilepsy-related-car-accidents/,2026-09-27,0,23,0,6.09
https://rodenlaw.com/blog/liability-for-epilepsy-related-car-accidents/,2026-09-28,0,35,0,8.77
https://rodenlaw.com/blog/liability-for-epilepsy-related-car-accidents/,2026-09-29,0,25,0,7.2
https://rodenlaw.com/blog/liability-for-epilepsy-related-car-accidents/,2026-09-30,0,27,0,7.56
https://rodenlaw.com/blog/liability-for-epilepsy-related-car-accidents/,2026-10-01,0,25,0,9.36
https://rodenlaw.com/blog/liability-for-epilepsy-related-car-accidents/,2026-10-02,0,16,0,6.62
https://rodenlaw.com/blog/liability-for-epilepsy-related-car-accidents/,2026-10-03,0,10,0,8.6
https://rodenlaw.com/blog/liability-for-epilepsy-related-car-accidents/,2026-10-04,0,19,0,7.21
https://rodenlaw.com/blog/liability-for-epilepsy-related-car-accidents/,2026-10-05,0,3,0,5.33
https://rodenlaw.com/blog/liability-for-roundabout-crashes-in-charleston/,2026-09-16,0,1,0,8
https://rodenlaw.com/blog/liability-for-roundabout-crashes-in-charleston/,2026-09-17,0,1,0,9
https://rodenlaw.com/blog/liability-for-roundabout-crashes-in-charleston/,2026-09-20,0,2,0,17.5
https://rodenlaw.com/blog/liability-for-roundabout-crashes-in-charleston/,2026-09-21,0,1,0,6
https://rodenlaw.com/blog/liability-for-roundabout-crashes-in-charleston/,2026-09-22,0,1,0,8
https://rodenlaw.com/blog/liability-for-roundabout-crashes-in-charleston/,2026-09-25,0,1,0,23
https://rodenlaw.com/blog/liability-for-roundabout-crashes-in-charleston/,2026-09-27,0,6,0,7.33
https://rodenlaw.com/blog/liability-for-roundabout-crashes-in-charleston/,2026-09-29,0,1,0,11
https://rodenlaw.com/blog/liability-for-roundabout-crashes-in-charleston/,2026-10-01,0,1,0,10
https://rodenlaw.com/blog/liability-for-roundabout-crashes-in-charleston/,2026-10-02,0,1,0,8
https://rodenlaw.com/blog/liability-for-roundabout-crashes-in-charleston/,2026-10-03,0,1,0,25
https://rodenlaw.com/blog/liability-for-roundabout-crashes-in-charleston/,2026-10-04,0,4,0,7.5
https://rodenlaw.com/blog/liability-for-school-bus-crash/,2026-09-15,0,5,0,6.6
https://rodenlaw.com/blog/liability-for-school-bus-crash/,2026-09-16,0,5,0,8.2
https://rodenlaw.com/blog/liability-for-school-bus-crash/,2026-09-17,0,2,0,7.5
https://rodenlaw.com/blog/liability-for-school-bus-crash/,2026-09-18,0,5,0,3.6
https://rodenlaw.com/blog/liability-for-school-bus-crash/,2026-09-20,0,1,0,5
https://rodenlaw.com/blog/liability-for-school-bus-crash/,2026-09-21,0,2,0,53
https://rodenlaw.com/blog/liability-for-school-bus-crash/,2026-09-22,0,6,0,6.33
https://rodenlaw.com/blog/liability-for-school-bus-crash/,2026-09-24,0,12,0,6.25
https://rodenlaw.com/blog/liability-for-school-bus-crash/,2026-09-25,0,14,0,9
https://rodenlaw.com/blog/liability-for-school-bus-crash/,2026-09-26,0,23,0,6.52
https://rodenlaw.com/blog/liability-for-school-bus-crash/,2026-09-27,0,15,0,11
https://rodenlaw.com/blog/liability-for-school-bus-crash/,2026-09-28,0,10,0,17.2
https://rodenlaw.com/blog/liability-for-school-bus-crash/,2026-09-29,0,17,0,8
https://rodenlaw.com/blog/liability-for-school-bus-crash/,2026-09-30,0,8,0,15.62
https://rodenlaw.com/blog/liability-for-school-bus-crash/,2026-10-01,0,17,0,18.59
https://rodenlaw.com/blog/liability-for-school-bus-crash/,2026-10-02,0,10,0,27.3
https://rodenlaw.com/blog/liability-for-school-bus-crash/,2026-10-03,0,8,0,7.25
https://rodenlaw.com/blog/liability-for-school-bus-crash/,2026-10-04,0,1,0,5
https://rodenlaw.com/blog/liability-for-school-bus-crash/,2026-10-05,0,7,0,21.71
https://rodenlaw.com/blog/liability-for-sudden-emergency-accidents/,2026-09-15,0,19,0,9.37
https://rodenlaw.com/blog/liability-for-sudden-emergency-accidents/,2026-09-17,0,26,0,13.35
https://rodenlaw.com/blog/liability-for-sudden-emergency-accidents/,2026-09-18,0,12,0,19.58
https://rodenlaw.com/blog/liability-for-sudden-emergency-accidents/,2026-09-19,0,5,0,13.2
https://rodenlaw.com/blog/liability-for-sudden-emergency-accidents/,2026-09-20,0,4,0,11.75
https://rodenlaw.com/blog/liability-for-sudden-emergency-accidents/,2026-09-21,0,17,0,8.18
https://rodenlaw.com/blog/liability-for-sudden-emergency-accidents/,2026-09-22,0,10,0,7.2
https://rodenlaw.com/blog/liability-for-sudden-emergency-accidents/,2026-09-23,0,11,0,7.45
https://rodenlaw.com/blog/liability-for-sudden-emergency-accidents/,2026-09-24,0,15,0,13
https://rodenlaw.com/blog/liability-for-sudden-emergency-accidents/,2026-09-25,0,16,0,11.06
https://rodenlaw.com/blog/liability-for-sudden-emergency-accidents/,2026-09-26,0,10,0,8.4
https://rodenlaw.com/blog/liability-for-sudden-emergency-accidents/,2026-09-27,0,8,0,15.25
https://rodenlaw.com/blog/liability-for-sudden-emergency-accidents/,2026-09-28,0,7,0,12.71
https://rodenlaw.com/blog/liability-for-sudden-emergency-accidents/,2026-09-29,0,11,0,10.27
https://rodenlaw.com/blog/liability-for-sudden-emergency-accidents/,2026-09-30,0,12,0,7.25
https://rodenlaw.com/blog/liability-for-sudden-emergency-accidents/,2026-10-01,0,11,0,14.09
https://rodenlaw.com/blog/liability-for-sudden-emergency-accidents/,2026-10-02,0,11,0,9.45
https://rodenlaw.com/blog/liability-for-sudden-emergency-accidents/,2026-10-03,0,6,0,11.67
https://rodenlaw.com/blog/liability-for-sudden-emergency-accidents/,2026-10-04,0,1,0,7
https://rodenlaw.com/blog/liability-for-sudden-emergency-accidents/,2026-10-05,0,4,0,4.5
https://rodenlaw.com/blog/liability-for-sudden-emergency-accidents/#common-medical-emergencies-causing-crashes,2026-09-16,0,2,0,8
https://rodenlaw.com/blog/liability-for-sudden-emergency-accidents/#common-medical-emergencies-causing-crashes,2026-09-17,0,2,0,8.5
https://rodenlaw.com/blog/liability-for-sudden-emergency-accidents/#common-medical-emergencies-causing-crashes,2026-09-22,0,2,0,7.5
https://rodenlaw.com/blog/liability-for-sudden-emergency-accidents/#common-medical-emergencies-causing-crashes,2026-09-23,0,2,0,7
https://rodenlaw.com/blog/liability-for-sudden-emergency-accidents/#common-medical-emergencies-causing-crashes,2026-09-25,0,1,0,4
https://rodenlaw.com/blog/liability-for-sudden-emergency-accidents/#common-medical-emergencies-causing-crashes,2026-09-28,0,1,0,10
https://rodenlaw.com/blog/liability-for-sudden-emergency-accidents/#common-medical-emergencies-causing-crashes,2026-09-30,0,1,0,5
https://rodenlaw.com/blog/liability-for-sudden-emergency-accidents/#common-medical-emergencies-causing-crashes,2026-10-02,0,1,0,10
https://rodenlaw.com/blog/liability-for-sudden-emergency-accidents/#georgia-sudden-emergency-defense,2026-09-16,0,2,0,8
https://rodenlaw.com/blog/liability-for-sudden-emergency-accidents/#georgia-sudden-emergency-defense,2026-09-17,0,2,0,8.5
https://rodenlaw.com/blog/liability-for-sudden-emergency-accidents/#georgia-sudden-emergency-defense,2026-09-22,0,2,0,7.5
https://rodenlaw.com/blog/liability-for-sudden-emergency-accidents/#georgia-sudden-emergency-defense,2026-09-23,0,2,0,7
https://rodenlaw.com/blog/liability-for-sudden-emergency-accidents/#georgia-sudden-emergency-defense,2026-09-25,0,1,0,4
https://rodenlaw.com/blog/liability-for-sudden-emergency-accidents/#georgia-sudden-emergency-defense,2026-09-28,0,1,0,10
https://rodenlaw.com/blog/liability-for-sudden-emergency-accidents/#georgia-sudden-emergency-defense,2026-09-30,0,1,0,5
https://rodenlaw.com/blog/liability-for-sudden-emergency-accidents/#georgia-vs-south-carolina-comparison,2026-09-16,0,2,0,8
https://rodenlaw.com/blog/liability-for-sudden-emergency-accidents/#georgia-vs-south-carolina-comparison,2026-09-17,0,2,0,8.5
https://rodenlaw.com/blog/liability-for-sudden-emergency-accidents/#georgia-vs-south-carolina-comparison,2026-09-22,0,1,0,6
https://rodenlaw.com/blog/liability-for-sudden-emergency-accidents/#georgia-vs-south-carolina-comparison,2026-09-25,0,1,0,4
https://rodenlaw.com/blog/liability-for-sudden-emergency-accidents/#georgia-vs-south-carolina-comparison,2026-09-28,0,1,0,10
https://rodenlaw.com/blog/liability-for-sudden-emergency-accidents/#georgia-vs-south-carolina-comparison,2026-09-30,0,1,0,5
https://rodenlaw.com/blog/liability-for-sudden-emergency-accidents/#south-carolina-sudden-emergency-defense,2026-09-16,0,2,0,8
https://rodenlaw.com/blog/liability-for-sudden-emergency-accidents/#south-carolina-sudden-emergency-defense,2026-09-17,0,2,0,8.5
https://rodenlaw.com/blog/liability-for-sudden-emergency-accidents/#south-carolina-sudden-emergency-defense,2026-09-21,0,1,0,11
https://rodenlaw.com/blog/liability-for-sudden-emergency-accidents/#south-carolina-sudden-emergency-defense,2026-09-22,0,2,0,7.5
https://rodenlaw.com/blog/liability-for-sudden-emergency-accidents/#south-carolina-sudden-emergency-defense,2026-09-23,0,2,0,10
https://rodenlaw.com/blog/liability-for-sudden-emergency-accidents/#south-carolina-sudden-emergency-defense,2026-09-25,0,1,0,4
https://rodenlaw.com/blog/liability-for-sudden-emergency-accidents/#south-carolina-sudden-emergency-defense,2026-09-28,0,1,0,10
https://rodenlaw.com/blog/liability-for-sudden-emergency-accidents/#south-carolina-sudden-emergency-defense,2026-09-29,0,1,0,8
https://rodenlaw.com/blog/liability-for-sudden-emergency-accidents/#south-carolina-sudden-emergency-defense,2026-09-30,0,1,0,5
https://rodenlaw.com/blog/liability-for-sudden-emergency-accidents/#what-is-sudden-medical-emergency-defense,2026-09-16,0,2,0,8
https://rodenlaw.com/blog/liability-for-sudden-emergency-accidents/#what-is-sudden-medical-emergency-defense,2026-09-17,0,2,0,8.5
https://rodenlaw.com/blog/liability-for-sudden-emergency-accidents/#what-is-sudden-medical-emergency-defense,2026-09-21,0,1,0,11
https://rodenlaw.com/blog/liability-for-sudden-emergency-accidents/#what-is-sudden-medical-emergency-defense,2026-09-22,0,1,0,6
https://rodenlaw.com/blog/liability-for-sudden-emergency-accidents/#what-is-sudden-medical-emergency-defense,2026-09-23,0,1,0,11
https://rodenlaw.com/blog/liability-for-sudden-emergency-accidents/#what-is-sudden-medical-emergency-defense,2026-09-25,0,1,0,4
https://rodenlaw.com/blog/liability-for-sudden-emergency-accidents/#what-is-sudden-medical-emergency-defense,2026-09-28,0,1,0,10
https://rodenlaw.com/blog/liability-for-sudden-emergency-accidents/#what-is-sudden-medical-emergency-defense,2026-09-29,0,1,0,8
https://rodenlaw.com/blog/liability-for-sudden-emergency-accidents/#what-is-sudden-medical-emergency-defense,2026-09-30,0,1,0,5
https://rodenlaw.com/blog/liability-for-sudden-emergency-accidents/#what-is-sudden-medical-emergency-defense,2026-10-02,0,1,0,10
https://rodenlaw.com/blog/liability-for-sudden-emergency-accidents/#when-the-defense-fails,2026-09-16,0,2,0,8
https://rodenlaw.com/blog/liability-for-sudden-emergency-accidents/#when-the-defense-fails,2026-09-17,0,2,0,8.5
https://rodenlaw.com/blog/liability-for-sudden-emergency-accidents/#when-the-defense-fails,2026-09-22,0,1,0,6
https://rodenlaw.com/blog/liability-for-sudden-emergency-accidents/#when-the-defense-fails,2026-09-23,0,1,0,5
https://rodenlaw.com/blog/liability-for-sudden-emergency-accidents/#when-the-defense-fails,2026-09-25,0,1,0,4
https://rodenlaw.com/blog/liability-for-sudden-emergency-accidents/#when-the-defense-fails,2026-09-28,0,1,0,10
https://rodenlaw.com/blog/liability-for-sudden-emergency-accidents/#when-the-defense-fails,2026-09-30,0,1,0,5
https://rodenlaw.com/blog/liability-for-sudden-emergency-accidents/#when-the-defense-fails,2026-10-02,0,1,0,10
https://rodenlaw.com/blog/liability-for-sudden-emergency-accidents/#who-else-may-be-liable,2026-09-16,0,2,0,8
https://rodenlaw.com/blog/liability-for-sudden-emergency-accidents/#who-else-may-be-liable,2026-09-17,0,2,0,8.5
https://rodenlaw.com/blog/liability-for-sudden-emergency-accidents/#who-else-may-be-liable,2026-09-22,0,1,0,6
https://rodenlaw.com/blog/liability-for-sudden-emergency-accidents/#who-else-may-be-liable,2026-09-25,0,1,0,4
https://rodenlaw.com/blog/liability-for-sudden-emergency-accidents/#who-else-may-be-liable,2026-09-28,0,1,0,10
https://rodenlaw.com/blog/liability-for-sudden-emergency-accidents/#who-else-may-be-liable,2026-09-30,0,1,0,5
https://rodenlaw.com/blog/liability-in-a-driverless-car-crash/,2026-09-15,0,2,0,26
https://rodenlaw.com/blog/liability-in-a-driverless-car-crash/,2026-09-16,0,1,0,2
https://rodenlaw.com/blog/liability-in-a-driverless-car-crash/,2026-09-17,0,2,0,9
https://rodenlaw.com/blog/liability-in-a-driverless-car-crash/,2026-09-18,0,1,0,40
https://rodenlaw.com/blog/liability-in-a-driverless-car-crash/,2026-09-21,0,4,0,11.25
https://rodenlaw.com/blog/liability-in-a-driverless-car-crash/,2026-09-22,0,7,0,9.71
https://rodenlaw.com/blog/liability-in-a-driverless-car-crash/,2026-09-23,0,8,0,21.75
https://rodenlaw.com/blog/liability-in-a-driverless-car-crash/,2026-09-24,0,4,0,22.75
https://rodenlaw.com/blog/liability-in-a-driverless-car-crash/,2026-09-25,0,3,0,9.67
https://rodenlaw.com/blog/liability-in-a-driverless-car-crash/,2026-09-26,0,1,0,2
https://rodenlaw.com/blog/liability-in-a-driverless-car-crash/,2026-09-27,0,4,0,16.75
https://rodenlaw.com/blog/liability-in-a-driverless-car-crash/,2026-09-28,0,3,0,6.33
https://rodenlaw.com/blog/liability-in-a-driverless-car-crash/,2026-09-29,0,2,0,16.5
https://rodenlaw.com/blog/liability-in-a-driverless-car-crash/,2026-09-30,0,2,0,15.5
https://rodenlaw.com/blog/liability-in-a-driverless-car-crash/,2026-10-01,0,4,0,28.75
https://rodenlaw.com/blog/liability-in-a-driverless-car-crash/,2026-10-02,0,3,0,19.33
https://rodenlaw.com/blog/liability-in-a-driverless-car-crash/,2026-10-03,0,2,0,28
https://rodenlaw.com/blog/liability-in-a-driverless-car-crash/,2026-10-04,0,2,0,12.5
https://rodenlaw.com/blog/liability-in-a-driverless-car-crash/,2026-10-05,0,1,0,5
https://rodenlaw.com/blog/liability-in-head-on-collisions-savannah-ga/,2026-09-25,0,1,0,11
https://rodenlaw.com/blog/liability-in-head-on-collisions-savannah-ga/,2026-09-27,0,1,0,10
https://rodenlaw.com/blog/liability-in-head-on-collisions-savannah-ga/,2026-10-03,0,1,0,6
https://rodenlaw.com/blog/liability-in-head-on-collisions-savannah-ga/,2026-10-04,0,1,0,9
https://rodenlaw.com/blog/liability-waivers-and-injury-lawsuits/,2026-09-15,0,21,0,6.52
https://rodenlaw.com/blog/liability-waivers-and-injury-lawsuits/,2026-09-16,0,18,0,9.61
https://rodenlaw.com/blog/liability-waivers-and-injury-lawsuits/,2026-09-17,0,17,0,7.12
https://rodenlaw.com/blog/liability-waivers-and-injury-lawsuits/,2026-09-18,0,13,0,6.85
https://rodenlaw.com/blog/liability-waivers-and-injury-lawsuits/,2026-09-19,0,4,0,5.5
https://rodenlaw.com/blog/liability-waivers-and-injury-lawsuits/,2026-09-20,0,2,0,9.5
https://rodenlaw.com/blog/liability-waivers-and-injury-lawsuits/,2026-09-21,0,14,0,6.57
https://rodenlaw.com/blog/liability-waivers-and-injury-lawsuits/,2026-09-22,0,10,0,6.5
https://rodenlaw.com/blog/liability-waivers-and-injury-lawsuits/,2026-09-23,0,10,0,6.2
https://rodenlaw.com/blog/liability-waivers-and-injury-lawsuits/,2026-09-24,0,44,0,5.89
https://rodenlaw.com/blog/liability-waivers-and-injury-lawsuits/,2026-09-25,0,5,0,9.8
https://rodenlaw.com/blog/liability-waivers-and-injury-lawsuits/,2026-09-26,0,9,0,7.78
https://rodenlaw.com/blog/liability-waivers-and-injury-lawsuits/,2026-09-27,0,7,0,5.71
https://rodenlaw.com/blog/liability-waivers-and-injury-lawsuits/,2026-09-28,0,17,0,6.71
https://rodenlaw.com/blog/liability-waivers-and-injury-lawsuits/,2026-09-29,0,5,0,4.6
https://rodenlaw.com/blog/liability-waivers-and-injury-lawsuits/,2026-09-30,0,10,0,6.2
https://rodenlaw.com/blog/liability-waivers-and-injury-lawsuits/,2026-10-01,0,5,0,6.2
https://rodenlaw.com/blog/liability-waivers-and-injury-lawsuits/,2026-10-02,0,8,0,6.75
https://rodenlaw.com/blog/liability-waivers-and-injury-lawsuits/,2026-10-03,0,5,0,6.4
https://rodenlaw.com/blog/liability-waivers-and-injury-lawsuits/,2026-10-04,0,1,0,2
https://rodenlaw.com/blog/liability-waivers-and-injury-lawsuits/,2026-10-05,0,3,0,6.67
https://rodenlaw.com/blog/liens-and-your-personal-injury-claims/,2026-09-15,0,18,0,30.11
https://rodenlaw.com/blog/liens-and-your-personal-injury-claims/,2026-09-16,0,20,0,15.1
https://rodenlaw.com/blog/liens-and-your-personal-injury-claims/,2026-09-17,0,25,0,19.84
https://rodenlaw.com/blog/liens-and-your-personal-injury-claims/,2026-09-18,0,11,0,12.64
https://rodenlaw.com/blog/liens-and-your-personal-injury-claims/,2026-09-19,0,9,0,24
https://rodenlaw.com/blog/liens-and-your-personal-injury-claims/,2026-09-20,0,7,0,44.57
https://rodenlaw.com/blog/liens-and-your-personal-injury-claims/,2026-09-21,0,10,0,15
https://rodenlaw.com/blog/liens-and-your-personal-injury-claims/,2026-09-23,0,19,0,30.11
https://rodenlaw.com/blog/liens-and-your-personal-injury-claims/,2026-09-24,0,15,0,15
https://rodenlaw.com/blog/liens-and-your-personal-injury-claims/,2026-09-25,0,14,0,16.64
https://rodenlaw.com/blog/liens-and-your-personal-injury-claims/,2026-09-26,0,1,0,79
https://rodenlaw.com/blog/liens-and-your-personal-injury-claims/,2026-09-27,0,12,0,49.33
https://rodenlaw.com/blog/liens-and-your-personal-injury-claims/,2026-09-28,0,10,0,25.1
https://rodenlaw.com/blog/liens-and-your-personal-injury-claims/,2026-09-30,0,3,0,6
https://rodenlaw.com/blog/liens-and-your-personal-injury-claims/,2026-10-02,0,13,0,65.77
https://rodenlaw.com/blog/liens-and-your-personal-injury-claims/,2026-10-03,0,19,0,62.42
https://rodenlaw.com/blog/liens-and-your-personal-injury-claims/,2026-10-04,0,4,0,76.25
https://rodenlaw.com/blog/liens-and-your-personal-injury-claims/,2026-10-05,0,4,0,27
https://rodenlaw.com/blog/litchfield-beach-pawleys-island-us-17-car-accident-georgetown-county/,2026-09-15,0,8,0,7.38
https://rodenlaw.com/blog/litchfield-beach-pawleys-island-us-17-car-accident-georgetown-county/,2026-09-16,0,3,0,13.33
https://rodenlaw.com/blog/litchfield-beach-pawleys-island-us-17-car-accident-georgetown-county/,2026-09-17,0,1,0,8
https://rodenlaw.com/blog/litchfield-beach-pawleys-island-us-17-car-accident-georgetown-county/,2026-09-18,0,4,0,5.25
https://rodenlaw.com/blog/litchfield-beach-pawleys-island-us-17-car-accident-georgetown-county/,2026-09-19,0,6,0,9.33
https://rodenlaw.com/blog/litchfield-beach-pawleys-island-us-17-car-accident-georgetown-county/,2026-09-20,0,49,0,8.57
https://rodenlaw.com/blog/litchfield-beach-pawleys-island-us-17-car-accident-georgetown-county/,2026-09-21,0,10,0,8.1
https://rodenlaw.com/blog/litchfield-beach-pawleys-island-us-17-car-accident-georgetown-county/,2026-09-22,0,4,0,7
https://rodenlaw.com/blog/litchfield-beach-pawleys-island-us-17-car-accident-georgetown-county/,2026-09-24,0,3,0,7.67
https://rodenlaw.com/blog/litchfield-beach-pawleys-island-us-17-car-accident-georgetown-county/,2026-09-25,0,1,0,11
https://rodenlaw.com/blog/litchfield-beach-pawleys-island-us-17-car-accident-georgetown-county/,2026-09-27,0,24,0,7.67
https://rodenlaw.com/blog/litchfield-beach-pawleys-island-us-17-car-accident-georgetown-county/,2026-09-28,0,8,0,8
https://rodenlaw.com/blog/litchfield-beach-pawleys-island-us-17-car-accident-georgetown-county/,2026-09-29,0,5,0,5.8
https://rodenlaw.com/blog/litchfield-beach-pawleys-island-us-17-car-accident-georgetown-county/,2026-10-01,0,5,0,6.8
https://rodenlaw.com/blog/litchfield-beach-pawleys-island-us-17-car-accident-georgetown-county/,2026-10-02,0,1,0,15
https://rodenlaw.com/blog/litchfield-beach-pawleys-island-us-17-car-accident-georgetown-county/,2026-10-03,0,1,0,7
https://rodenlaw.com/blog/litchfield-pawleys-island-golf-cart-accident-lawyer-georgetown-county/,2026-09-20,0,2,0,5.5
https://rodenlaw.com/blog/litchfield-pawleys-island-golf-cart-accident-lawyer-georgetown-county/,2026-09-25,0,1,0,7
https://rodenlaw.com/blog/litchfield-pawleys-island-golf-cart-accident-lawyer-georgetown-county/,2026-09-26,0,2,0,14
https://rodenlaw.com/blog/litchfield-pawleys-island-golf-cart-accident-lawyer-georgetown-county/,2026-09-30,0,1,0,5
https://rodenlaw.com/blog/litchfield-pawleys-island-golf-cart-accident-lawyer-georgetown-county/,2026-10-02,0,1,0,9
https://rodenlaw.com/blog/longshoreman-injury-claims/,2026-09-18,0,3,0,33
https://rodenlaw.com/blog/longshoreman-injury-claims/,2026-09-20,0,2,0,35
https://rodenlaw.com/blog/longshoreman-injury-claims/,2026-09-23,0,1,0,10
https://rodenlaw.com/blog/longshoreman-injury-claims/,2026-09-24,0,13,0,10.92
https://rodenlaw.com/blog/longshoreman-injury-claims/,2026-09-25,0,21,0,15.48
https://rodenlaw.com/blog/longshoreman-injury-claims/,2026-09-26,0,25,0,18.24
https://rodenlaw.com/blog/lower-king-street-pedestrian-safety/,2026-09-15,0,13,0,6.62
https://rodenlaw.com/blog/lower-king-street-pedestrian-safety/,2026-09-16,0,10,0,8.1
https://rodenlaw.com/blog/lower-king-street-pedestrian-safety/,2026-09-18,0,15,0,18.33
https://rodenlaw.com/blog/lower-king-street-pedestrian-safety/,2026-09-19,0,7,0,7.86
https://rodenlaw.com/blog/lower-king-street-pedestrian-safety/,2026-09-20,0,6,0,8.83
https://rodenlaw.com/blog/lower-king-street-pedestrian-safety/,2026-09-21,0,11,0,8.45
https://rodenlaw.com/blog/lower-king-street-pedestrian-safety/,2026-09-22,0,6,0,6.67
https://rodenlaw.com/blog/lower-king-street-pedestrian-safety/,2026-09-23,0,11,0,8.18
https://rodenlaw.com/blog/lower-king-street-pedestrian-safety/,2026-09-24,0,8,0,8.12
https://rodenlaw.com/blog/lower-king-street-pedestrian-safety/,2026-09-25,0,8,0,8.62
https://rodenlaw.com/blog/lower-king-street-pedestrian-safety/,2026-09-26,0,6,0,7.5
https://rodenlaw.com/blog/lower-king-street-pedestrian-safety/,2026-09-27,0,13,0,8.38
https://rodenlaw.com/blog/lower-king-street-pedestrian-safety/,2026-09-28,0,12,0,9.17
https://rodenlaw.com/blog/lower-king-street-pedestrian-safety/,2026-09-29,0,3,0,8.33
https://rodenlaw.com/blog/lower-king-street-pedestrian-safety/,2026-09-30,0,8,0,8.38
https://rodenlaw.com/blog/lower-king-street-pedestrian-safety/,2026-10-01,0,15,0,6.87
https://rodenlaw.com/blog/lower-king-street-pedestrian-safety/,2026-10-02,0,25,0,7.44
https://rodenlaw.com/blog/lower-king-street-pedestrian-safety/,2026-10-03,0,10,0,16.5
https://rodenlaw.com/blog/lower-king-street-pedestrian-safety/,2026-10-04,0,12,0,6.75
https://rodenlaw.com/blog/lower-king-street-pedestrian-safety/,2026-10-05,0,6,0,35.83
https://rodenlaw.com/blog/major-injuries-from-minor-car-accidents/,2026-09-15,0,29,0,22.41
https://rodenlaw.com/blog/major-injuries-from-minor-car-accidents/,2026-09-16,0,12,0,25.75
https://rodenlaw.com/blog/major-injuries-from-minor-car-accidents/,2026-09-17,0,5,0,23.4
https://rodenlaw.com/blog/major-injuries-from-minor-car-accidents/,2026-09-18,0,7,0,17.71
https://rodenlaw.com/blog/major-injuries-from-minor-car-accidents/,2026-09-19,0,14,0,20.07
https://rodenlaw.com/blog/major-injuries-from-minor-car-accidents/,2026-09-20,0,16,0,17.62
https://rodenlaw.com/blog/major-injuries-from-minor-car-accidents/,2026-09-21,0,24,0,12.62
https://rodenlaw.com/blog/major-injuries-from-minor-car-accidents/,2026-09-22,0,40,0,15.4
https://rodenlaw.com/blog/major-injuries-from-minor-car-accidents/,2026-09-23,0,36,0,14.39
https://rodenlaw.com/blog/major-injuries-from-minor-car-accidents/,2026-09-24,0,35,0,15.34
https://rodenlaw.com/blog/major-injuries-from-minor-car-accidents/,2026-09-25,0,24,0,16.62
https://rodenlaw.com/blog/major-injuries-from-minor-car-accidents/,2026-09-26,0,24,0,20.62
https://rodenlaw.com/blog/major-injuries-from-minor-car-accidents/,2026-09-27,0,35,0,15.74
https://rodenlaw.com/blog/major-injuries-from-minor-car-accidents/,2026-09-28,0,42,0,13.38
https://rodenlaw.com/blog/major-injuries-from-minor-car-accidents/,2026-09-29,0,27,0,15.33
https://rodenlaw.com/blog/major-injuries-from-minor-car-accidents/,2026-10-01,0,36,0,21
https://rodenlaw.com/blog/major-injuries-from-minor-car-accidents/,2026-10-03,0,38,0,21.42
https://rodenlaw.com/blog/major-injuries-from-minor-car-accidents/,2026-10-04,0,19,0,22.42
https://rodenlaw.com/blog/major-injuries-from-minor-car-accidents/,2026-10-05,0,20,0,20.9
https://rodenlaw.com/blog/mark-clark-expressway-i-526-18-wheeler-accident-lawyer-north-charleston/,2026-09-15,0,1,0,11
https://rodenlaw.com/blog/mark-clark-expressway-i-526-18-wheeler-accident-lawyer-north-charleston/,2026-09-24,0,3,0,10.33
https://rodenlaw.com/blog/mark-clark-expressway-i-526-18-wheeler-accident-lawyer-north-charleston/,2026-09-25,0,3,0,9.67
https://rodenlaw.com/blog/mark-clark-expressway-i-526-18-wheeler-accident-lawyer-north-charleston/,2026-09-26,0,3,0,6
https://rodenlaw.com/blog/mark-clark-expressway-i-526-18-wheeler-accident-lawyer-north-charleston/,2026-09-27,0,3,0,11.67
https://rodenlaw.com/blog/mark-clark-expressway-i-526-18-wheeler-accident-lawyer-north-charleston/,2026-09-28,0,3,0,11.67
https://rodenlaw.com/blog/mark-clark-expressway-i-526-18-wheeler-accident-lawyer-north-charleston/,2026-09-29,0,4,0,13.5
https://rodenlaw.com/blog/mark-clark-expressway-i-526-18-wheeler-accident-lawyer-north-charleston/,2026-09-30,0,7,0,14.86
https://rodenlaw.com/blog/mark-clark-expressway-i-526-18-wheeler-accident-lawyer-north-charleston/,2026-10-01,0,1,0,6
https://rodenlaw.com/blog/maximum-medical-improvement-in-an-injury-claim/,2026-09-16,0,12,0,11
https://rodenlaw.com/blog/maximum-medical-improvement-in-an-injury-claim/,2026-09-17,0,6,0,12.5
https://rodenlaw.com/blog/maximum-medical-improvement-in-an-injury-claim/,2026-09-18,0,10,0,18.8
https://rodenlaw.com/blog/maximum-medical-improvement-in-an-injury-claim/,2026-09-19,0,2,0,4.5
https://rodenlaw.com/blog/maximum-medical-improvement-in-an-injury-claim/,2026-09-20,0,2,0,3.5
https://rodenlaw.com/blog/maximum-medical-improvement-in-an-injury-claim/,2026-09-21,0,18,0,5.22
https://rodenlaw.com/blog/maximum-medical-improvement-in-an-injury-claim/,2026-09-22,0,23,0,5.91
https://rodenlaw.com/blog/maximum-medical-improvement-in-an-injury-claim/,2026-09-23,0,9,0,10.22
https://rodenlaw.com/blog/maximum-medical-improvement-in-an-injury-claim/,2026-09-24,0,8,0,5.25
https://rodenlaw.com/blog/maximum-medical-improvement-in-an-injury-claim/,2026-09-25,0,10,0,7.7
https://rodenlaw.com/blog/maximum-medical-improvement-in-an-injury-claim/,2026-09-26,0,3,0,5.67
https://rodenlaw.com/blog/maximum-medical-improvement-in-an-injury-claim/,2026-09-27,0,2,0,6.5
https://rodenlaw.com/blog/maximum-medical-improvement-in-an-injury-claim/,2026-09-28,0,9,0,3.78
https://rodenlaw.com/blog/maximum-medical-improvement-in-an-injury-claim/,2026-09-29,0,6,0,7
https://rodenlaw.com/blog/maximum-medical-improvement-in-an-injury-claim/,2026-09-30,0,2,0,7.5
https://rodenlaw.com/blog/maximum-medical-improvement-in-an-injury-claim/,2026-10-01,0,5,0,5.6
https://rodenlaw.com/blog/maximum-medical-improvement-in-an-injury-claim/,2026-10-02,0,9,0,7.11
https://rodenlaw.com/blog/maximum-medical-improvement-in-an-injury-claim/,2026-10-03,0,1,0,5
https://rodenlaw.com/blog/maximum-medical-improvement-in-an-injury-claim/,2026-10-04,0,4,0,6.25
https://rodenlaw.com/blog/maximum-medical-improvement-in-an-injury-claim/,2026-10-05,0,2,0,6
https://rodenlaw.com/blog/maybank-highway-car-accidents-johns-island/,2026-09-15,0,4,0,9.25
https://rodenlaw.com/blog/maybank-highway-car-accidents-johns-island/,2026-09-16,0,4,0,7.25
https://rodenlaw.com/blog/maybank-highway-car-accidents-johns-island/,2026-09-17,0,6,0,8.33
https://rodenlaw.com/blog/maybank-highway-car-accidents-johns-island/,2026-09-19,0,1,0,11
https://rodenlaw.com/blog/maybank-highway-car-accidents-johns-island/,2026-09-21,0,1,0,11
https://rodenlaw.com/blog/maybank-highway-car-accidents-johns-island/,2026-09-22,0,4,0,7.25
https://rodenlaw.com/blog/maybank-highway-car-accidents-johns-island/,2026-09-23,0,1,0,8
https://rodenlaw.com/blog/maybank-highway-car-accidents-johns-island/,2026-09-24,0,4,0,16
https://rodenlaw.com/blog/maybank-highway-car-accidents-johns-island/,2026-09-25,0,4,0,18.75
https://rodenlaw.com/blog/maybank-highway-car-accidents-johns-island/,2026-09-26,0,6,0,16.33
https://rodenlaw.com/blog/maybank-highway-car-accidents-johns-island/,2026-09-27,0,1,0,9
https://rodenlaw.com/blog/maybank-highway-car-accidents-johns-island/,2026-09-28,0,8,0,16.62
https://rodenlaw.com/blog/maybank-highway-car-accidents-johns-island/,2026-09-29,0,6,0,35
https://rodenlaw.com/blog/maybank-highway-car-accidents-johns-island/,2026-10-01,0,6,0,19.5
https://rodenlaw.com/blog/maybank-highway-car-accidents-johns-island/,2026-10-02,0,3,0,8
https://rodenlaw.com/blog/maybank-highway-car-accidents-johns-island/,2026-10-03,0,3,0,43
https://rodenlaw.com/blog/maybank-highway-car-accidents-johns-island/,2026-10-04,0,3,0,5.33
https://rodenlaw.com/blog/mcintosh-county-drunk-driver-accident-lawyer/,2026-09-24,0,3,0,17
https://rodenlaw.com/blog/mcintosh-county-drunk-driver-accident-lawyer/,2026-09-27,0,11,0,6.09
https://rodenlaw.com/blog/mcintosh-county-drunk-driver-accident-lawyer/,2026-09-28,0,8,0,14.5
https://rodenlaw.com/blog/mcintosh-county-drunk-driver-accident-lawyer/,2026-09-29,0,3,0,8.33
https://rodenlaw.com/blog/mcintosh-county-drunk-driver-accident-lawyer/,2026-10-04,0,2,0,4.5
https://rodenlaw.com/blog/mediation-for-a-personal-injury-claim/,2026-09-17,0,1,0,11
https://rodenlaw.com/blog/mediation-for-a-personal-injury-claim/,2026-09-25,0,1,0,11
https://rodenlaw.com/blog/mediation-for-a-personal-injury-claim/,2026-09-26,0,1,0,12
https://rodenlaw.com/blog/mediation-for-a-personal-injury-claim/,2026-09-28,0,1,0,12
https://rodenlaw.com/blog/medical-malpractice-examples/,2026-09-23,0,1,0,8
https://rodenlaw.com/blog/medical-malpractice-examples/,2026-09-28,0,1,0,10
https://rodenlaw.com/blog/medical-malpractice-examples/,2026-09-29,0,1,0,6
https://rodenlaw.com/blog/medical-malpractice-limits-georgia/,2026-09-15,0,40,0,17
https://rodenlaw.com/blog/medical-malpractice-limits-georgia/,2026-09-16,0,44,0,23.39
https://rodenlaw.com/blog/medical-malpractice-limits-georgia/,2026-09-17,0,18,0,29.44
https://rodenlaw.com/blog/medical-malpractice-limits-georgia/,2026-09-18,0,26,0,16.04
https://rodenlaw.com/blog/medical-malpractice-limits-georgia/,2026-09-19,0,15,0,22.6
https://rodenlaw.com/blog/medical-malpractice-limits-georgia/,2026-09-20,0,38,0,13.92
https://rodenlaw.com/blog/medical-malpractice-limits-georgia/,2026-09-21,0,28,0,14.64
https://rodenlaw.com/blog/medical-malpractice-limits-georgia/,2026-09-23,0,22,0,21.82
https://rodenlaw.com/blog/medical-malpractice-limits-georgia/,2026-09-24,0,30,0,15.27
https://rodenlaw.com/blog/medical-malpractice-limits-georgia/,2026-09-25,0,31,0,13.61
https://rodenlaw.com/blog/medical-malpractice-limits-georgia/,2026-09-26,0,31,0,13.84
https://rodenlaw.com/blog/medical-malpractice-limits-georgia/,2026-09-27,0,23,0,24.78
https://rodenlaw.com/blog/medical-malpractice-limits-georgia/,2026-09-28,0,21,0,14.05
https://rodenlaw.com/blog/medical-malpractice-limits-georgia/,2026-09-30,0,26,0,16.81
https://rodenlaw.com/blog/medical-malpractice-limits-georgia/,2026-10-01,0,30,0,19.37
https://rodenlaw.com/blog/medical-malpractice-limits-georgia/,2026-10-02,0,16,0,19.5
https://rodenlaw.com/blog/medical-malpractice-limits-georgia/,2026-10-03,0,15,0,25.4
https://rodenlaw.com/blog/medical-malpractice-limits-georgia/,2026-10-04,0,8,0,32
https://rodenlaw.com/blog/medical-malpractice-limits-georgia/,2026-10-05,0,10,0,28.7
https://rodenlaw.com/blog/medical-malpractice-limits-south-carolina/,2026-09-17,0,85,0,7.99
https://rodenlaw.com/blog/medical-malpractice-limits-south-carolina/,2026-09-19,0,48,0,10.62
https://rodenlaw.com/blog/medical-malpractice-limits-south-carolina/,2026-09-21,0,75,0,7.36
https://rodenlaw.com/blog/medical-malpractice-limits-south-carolina/,2026-09-22,0,121,0,9.64
https://rodenlaw.com/blog/medical-malpractice-limits-south-carolina/,2026-09-23,0,112,0,10.35
https://rodenlaw.com/blog/medical-malpractice-limits-south-carolina/,2026-09-26,0,31,0,10.48
https://rodenlaw.com/blog/medical-malpractice-limits-south-carolina/,2026-09-27,0,39,0,11.15
https://rodenlaw.com/blog/medical-malpractice-limits-south-carolina/,2026-09-28,0,56,0,8.04
https://rodenlaw.com/blog/medical-malpractice-limits-south-carolina/,2026-10-01,0,57,0,17.02
https://rodenlaw.com/blog/medical-malpractice-limits-south-carolina/,2026-10-03,0,30,0,10.03
https://rodenlaw.com/blog/medical-malpractice-limits-south-carolina/,2026-10-04,0,24,0,9.58
https://rodenlaw.com/blog/medical-malpractice-limits-south-carolina/#common-claims,2026-09-15,0,3,0,3.67
https://rodenlaw.com/blog/medical-malpractice-limits-south-carolina/#common-claims,2026-09-16,0,3,0,5.33
https://rodenlaw.com/blog/medical-malpractice-limits-south-carolina/#common-claims,2026-09-17,0,3,0,2
https://rodenlaw.com/blog/medical-malpractice-limits-south-carolina/#common-claims,2026-09-18,0,5,0,4.4
https://rodenlaw.com/blog/medical-malpractice-limits-south-carolina/#common-claims,2026-09-19,0,4,0,5.5
https://rodenlaw.com/blog/medical-malpractice-limits-south-carolina/#common-claims,2026-09-20,0,7,0,2.43
https://rodenlaw.com/blog/medical-malpractice-limits-south-carolina/#common-claims,2026-09-21,0,1,0,8
https://rodenlaw.com/blog/medical-malpractice-limits-south-carolina/#common-claims,2026-09-22,0,6,0,3.5
https://rodenlaw.com/blog/medical-malpractice-limits-south-carolina/#common-claims,2026-09-23,0,5,0,4
https://rodenlaw.com/blog/medical-malpractice-limits-south-carolina/#common-claims,2026-09-24,0,4,0,5
https://rodenlaw.com/blog/medical-malpractice-limits-south-carolina/#common-claims,2026-09-25,0,2,0,3
https://rodenlaw.com/blog/medical-malpractice-limits-south-carolina/#common-claims,2026-09-26,0,1,0,7
https://rodenlaw.com/blog/medical-malpractice-limits-south-carolina/#common-claims,2026-09-27,0,3,0,4.67
https://rodenlaw.com/blog/medical-malpractice-limits-south-carolina/#common-claims,2026-09-28,0,4,0,4.75
https://rodenlaw.com/blog/medical-malpractice-limits-south-carolina/#common-claims,2026-09-29,0,2,0,3
https://rodenlaw.com/blog/medical-malpractice-limits-south-carolina/#common-claims,2026-09-30,0,1,0,2
https://rodenlaw.com/blog/medical-malpractice-limits-south-carolina/#common-claims,2026-10-01,0,1,0,10
https://rodenlaw.com/blog/medical-malpractice-limits-south-carolina/#common-claims,2026-10-02,0,5,0,6.8
https://rodenlaw.com/blog/medical-malpractice-limits-south-carolina/#common-claims,2026-10-03,0,2,0,3.5
https://rodenlaw.com/blog/medical-malpractice-limits-south-carolina/#common-claims,2026-10-04,0,1,0,2
https://rodenlaw.com/blog/medical-malpractice-limits-south-carolina/#common-claims,2026-10-05,0,2,0,3.5
https://rodenlaw.com/blog/medical-malpractice-limits-south-carolina/#damages-caps,2026-09-15,0,9,0,4.22
https://rodenlaw.com/blog/medical-malpractice-limits-south-carolina/#damages-caps,2026-09-16,0,9,0,5
https://rodenlaw.com/blog/medical-malpractice-limits-south-carolina/#damages-caps,2026-09-17,0,10,0,2.2
https://rodenlaw.com/blog/medical-malpractice-limits-south-carolina/#damages-caps,2026-09-18,0,5,0,4.4
https://rodenlaw.com/blog/medical-malpractice-limits-south-carolina/#damages-caps,2026-09-19,0,4,0,5.5
https://rodenlaw.com/blog/medical-malpractice-limits-south-carolina/#damages-caps,2026-09-20,0,9,0,3.11
https://rodenlaw.com/blog/medical-malpractice-limits-south-carolina/#damages-caps,2026-09-21,0,4,0,6.5
https://rodenlaw.com/blog/medical-malpractice-limits-south-carolina/#damages-caps,2026-09-22,0,9,0,3.78
https://rodenlaw.com/blog/medical-malpractice-limits-south-carolina/#damages-caps,2026-09-23,0,7,0,4.86
https://rodenlaw.com/blog/medical-malpractice-limits-south-carolina/#damages-caps,2026-09-24,0,14,0,4.36
https://rodenlaw.com/blog/medical-malpractice-limits-south-carolina/#damages-caps,2026-09-25,0,8,0,6.25
https://rodenlaw.com/blog/medical-malpractice-limits-south-carolina/#damages-caps,2026-09-26,0,1,0,7
https://rodenlaw.com/blog/medical-malpractice-limits-south-carolina/#damages-caps,2026-09-27,0,5,0,5.4
https://rodenlaw.com/blog/medical-malpractice-limits-south-carolina/#damages-caps,2026-09-28,0,8,0,5.12
https://rodenlaw.com/blog/medical-malpractice-limits-south-carolina/#damages-caps,2026-09-29,0,7,0,5.29
https://rodenlaw.com/blog/medical-malpractice-limits-south-carolina/#damages-caps,2026-09-30,0,11,0,6.36
https://rodenlaw.com/blog/medical-malpractice-limits-south-carolina/#damages-caps,2026-10-01,0,4,0,6.5
https://rodenlaw.com/blog/medical-malpractice-limits-south-carolina/#damages-caps,2026-10-02,0,15,0,5.87
https://rodenlaw.com/blog/medical-malpractice-limits-south-carolina/#damages-caps,2026-10-03,0,3,0,5.33
https://rodenlaw.com/blog/medical-malpractice-limits-south-carolina/#damages-caps,2026-10-04,0,2,0,3
https://rodenlaw.com/blog/medical-malpractice-limits-south-carolina/#damages-caps,2026-10-05,0,2,0,3.5
https://rodenlaw.com/blog/medical-malpractice-limits-south-carolina/#discovery-rule,2026-09-16,0,2,0,4.5
https://rodenlaw.com/blog/medical-malpractice-limits-south-carolina/#discovery-rule,2026-09-17,0,3,0,2
https://rodenlaw.com/blog/medical-malpractice-limits-south-carolina/#discovery-rule,2026-09-18,0,3,0,5
https://rodenlaw.com/blog/medical-malpractice-limits-south-carolina/#discovery-rule,2026-09-19,0,4,0,5.5
https://rodenlaw.com/blog/medical-malpractice-limits-south-carolina/#discovery-rule,2026-09-20,0,3,0,2
https://rodenlaw.com/blog/medical-malpractice-limits-south-carolina/#discovery-rule,2026-09-21,0,1,0,8
https://rodenlaw.com/blog/medical-malpractice-limits-south-carolina/#discovery-rule,2026-09-22,0,3,0,4.33
https://rodenlaw.com/blog/medical-malpractice-limits-south-carolina/#discovery-rule,2026-09-23,0,5,0,4
https://rodenlaw.com/blog/medical-malpractice-limits-south-carolina/#discovery-rule,2026-09-24,0,4,0,5
https://rodenlaw.com/blog/medical-malpractice-limits-south-carolina/#discovery-rule,2026-09-25,0,2,0,3
https://rodenlaw.com/blog/medical-malpractice-limits-south-carolina/#discovery-rule,2026-09-26,0,1,0,7
https://rodenlaw.com/blog/medical-malpractice-limits-south-carolina/#discovery-rule,2026-09-28,0,4,0,4.75
https://rodenlaw.com/blog/medical-malpractice-limits-south-carolina/#discovery-rule,2026-09-29,0,2,0,3
https://rodenlaw.com/blog/medical-malpractice-limits-south-carolina/#discovery-rule,2026-10-01,0,1,0,10
https://rodenlaw.com/blog/medical-malpractice-limits-south-carolina/#discovery-rule,2026-10-02,0,4,0,7
https://rodenlaw.com/blog/medical-malpractice-limits-south-carolina/#discovery-rule,2026-10-03,0,1,0,5
https://rodenlaw.com/blog/medical-malpractice-limits-south-carolina/#discovery-rule,2026-10-04,0,1,0,2
https://rodenlaw.com/blog/medical-malpractice-limits-south-carolina/#discovery-rule,2026-10-05,0,1,0,5
https://rodenlaw.com/blog/medical-malpractice-limits-south-carolina/#mediation-requirement,2026-09-15,0,3,0,3.67
https://rodenlaw.com/blog/medical-malpractice-limits-south-carolina/#mediation-requirement,2026-09-16,0,1,0,7
https://rodenlaw.com/blog/medical-malpractice-limits-south-carolina/#mediation-requirement,2026-09-18,0,2,0,3.5
https://rodenlaw.com/blog/medical-malpractice-limits-south-carolina/#mediation-requirement,2026-09-20,0,4,0,2.75
https://rodenlaw.com/blog/medical-malpractice-limits-south-carolina/#mediation-requirement,2026-09-22,0,3,0,2.67
https://rodenlaw.com/blog/medical-malpractice-limits-south-carolina/#mediation-requirement,2026-09-27,0,3,0,4.67
https://rodenlaw.com/blog/medical-malpractice-limits-south-carolina/#mediation-requirement,2026-09-30,0,1,0,2
https://rodenlaw.com/blog/medical-malpractice-limits-south-carolina/#mediation-requirement,2026-10-02,0,1,0,6
https://rodenlaw.com/blog/medical-malpractice-limits-south-carolina/#mediation-requirement,2026-10-03,0,1,0,2
https://rodenlaw.com/blog/medical-malpractice-limits-south-carolina/#mediation-requirement,2026-10-05,0,1,0,2
https://rodenlaw.com/blog/medical-malpractice-limits-south-carolina/#notice-of-intent,2026-09-15,0,3,0,3.67
https://rodenlaw.com/blog/medical-malpractice-limits-south-carolina/#notice-of-intent,2026-09-16,0,3,0,5.33
https://rodenlaw.com/blog/medical-malpractice-limits-south-carolina/#notice-of-intent,2026-09-17,0,3,0,2
https://rodenlaw.com/blog/medical-malpractice-limits-south-carolina/#notice-of-intent,2026-09-18,0,5,0,4.4
https://rodenlaw.com/blog/medical-malpractice-limits-south-carolina/#notice-of-intent,2026-09-19,0,4,0,5.5
https://rodenlaw.com/blog/medical-malpractice-limits-south-carolina/#notice-of-intent,2026-09-20,0,7,0,2.43
https://rodenlaw.com/blog/medical-malpractice-limits-south-carolina/#notice-of-intent,2026-09-21,0,1,0,8
https://rodenlaw.com/blog/medical-malpractice-limits-south-carolina/#notice-of-intent,2026-09-22,0,6,0,3.5
https://rodenlaw.com/blog/medical-malpractice-limits-south-carolina/#notice-of-intent,2026-09-23,0,5,0,4
https://rodenlaw.com/blog/medical-malpractice-limits-south-carolina/#notice-of-intent,2026-09-24,0,4,0,5
https://rodenlaw.com/blog/medical-malpractice-limits-south-carolina/#notice-of-intent,2026-09-25,0,2,0,3
https://rodenlaw.com/blog/medical-malpractice-limits-south-carolina/#notice-of-intent,2026-09-26,0,1,0,7
https://rodenlaw.com/blog/medical-malpractice-limits-south-carolina/#notice-of-intent,2026-09-27,0,3,0,4.67
https://rodenlaw.com/blog/medical-malpractice-limits-south-carolina/#notice-of-intent,2026-09-28,0,4,0,4.75
https://rodenlaw.com/blog/medical-malpractice-limits-south-carolina/#notice-of-intent,2026-09-29,0,2,0,3
https://rodenlaw.com/blog/medical-malpractice-limits-south-carolina/#notice-of-intent,2026-09-30,0,1,0,2
https://rodenlaw.com/blog/medical-malpractice-limits-south-carolina/#notice-of-intent,2026-10-01,0,1,0,10
https://rodenlaw.com/blog/medical-malpractice-limits-south-carolina/#notice-of-intent,2026-10-02,0,5,0,6.8
https://rodenlaw.com/blog/medical-malpractice-limits-south-carolina/#notice-of-intent,2026-10-03,0,2,0,3.5
https://rodenlaw.com/blog/medical-malpractice-limits-south-carolina/#notice-of-intent,2026-10-04,0,1,0,2
https://rodenlaw.com/blog/medical-malpractice-limits-south-carolina/#notice-of-intent,2026-10-05,0,2,0,3.5
https://rodenlaw.com/blog/medical-malpractice-limits-south-carolina/#statute-of-limitations,2026-09-15,0,3,0,3.67
https://rodenlaw.com/blog/medical-malpractice-limits-south-carolina/#statute-of-limitations,2026-09-16,0,3,0,5.33
https://rodenlaw.com/blog/medical-malpractice-limits-south-carolina/#statute-of-limitations,2026-09-17,0,3,0,2
https://rodenlaw.com/blog/medical-malpractice-limits-south-carolina/#statute-of-limitations,2026-09-18,0,5,0,4.4
https://rodenlaw.com/blog/medical-malpractice-limits-south-carolina/#statute-of-limitations,2026-09-19,0,4,0,5.5
https://rodenlaw.com/blog/medical-malpractice-limits-south-carolina/#statute-of-limitations,2026-09-20,0,7,0,2.43
https://rodenlaw.com/blog/medical-malpractice-limits-south-carolina/#statute-of-limitations,2026-09-21,0,1,0,8
https://rodenlaw.com/blog/medical-malpractice-limits-south-carolina/#statute-of-limitations,2026-09-22,0,6,0,3.5
https://rodenlaw.com/blog/medical-malpractice-limits-south-carolina/#statute-of-limitations,2026-09-23,0,5,0,4
https://rodenlaw.com/blog/medical-malpractice-limits-south-carolina/#statute-of-limitations,2026-09-24,0,6,0,4
https://rodenlaw.com/blog/medical-malpractice-limits-south-carolina/#statute-of-limitations,2026-09-25,0,2,0,3
https://rodenlaw.com/blog/medical-malpractice-limits-south-carolina/#statute-of-limitations,2026-09-26,0,1,0,7
https://rodenlaw.com/blog/medical-malpractice-limits-south-carolina/#statute-of-limitations,2026-09-27,0,3,0,4.67
https://rodenlaw.com/blog/medical-malpractice-limits-south-carolina/#statute-of-limitations,2026-09-28,0,4,0,4.75
https://rodenlaw.com/blog/medical-malpractice-limits-south-carolina/#statute-of-limitations,2026-09-29,0,2,0,3
https://rodenlaw.com/blog/medical-malpractice-limits-south-carolina/#statute-of-limitations,2026-09-30,0,1,0,2
https://rodenlaw.com/blog/medical-malpractice-limits-south-carolina/#statute-of-limitations,2026-10-01,0,1,0,10
https://rodenlaw.com/blog/medical-malpractice-limits-south-carolina/#statute-of-limitations,2026-10-02,0,5,0,6.8
https://rodenlaw.com/blog/medical-malpractice-limits-south-carolina/#statute-of-limitations,2026-10-03,0,2,0,3.5
https://rodenlaw.com/blog/medical-malpractice-limits-south-carolina/#statute-of-limitations,2026-10-04,0,1,0,2
https://rodenlaw.com/blog/medical-malpractice-limits-south-carolina/#statute-of-limitations,2026-10-05,0,2,0,3.5
https://rodenlaw.com/blog/medical-malpractice-limits-south-carolina/#statute-of-repose,2026-09-15,0,3,0,3.67
https://rodenlaw.com/blog/medical-malpractice-limits-south-carolina/#statute-of-repose,2026-09-16,0,3,0,5.33
https://rodenlaw.com/blog/medical-malpractice-limits-south-carolina/#statute-of-repose,2026-09-17,0,3,0,2
https://rodenlaw.com/blog/medical-malpractice-limits-south-carolina/#statute-of-repose,2026-09-18,0,5,0,4.4
https://rodenlaw.com/blog/medical-malpractice-limits-south-carolina/#statute-of-repose,2026-09-19,0,4,0,5.5
https://rodenlaw.com/blog/medical-malpractice-limits-south-carolina/#statute-of-repose,2026-09-20,0,7,0,2.43
https://rodenlaw.com/blog/medical-malpractice-limits-south-carolina/#statute-of-repose,2026-09-21,0,1,0,8
https://rodenlaw.com/blog/medical-malpractice-limits-south-carolina/#statute-of-repose,2026-09-22,0,6,0,3.5
https://rodenlaw.com/blog/medical-malpractice-limits-south-carolina/#statute-of-repose,2026-09-23,0,5,0,4
https://rodenlaw.com/blog/medical-malpractice-limits-south-carolina/#statute-of-repose,2026-09-24,0,4,0,5
https://rodenlaw.com/blog/medical-malpractice-limits-south-carolina/#statute-of-repose,2026-09-25,0,2,0,3
https://rodenlaw.com/blog/medical-malpractice-limits-south-carolina/#statute-of-repose,2026-09-26,0,1,0,7
https://rodenlaw.com/blog/medical-malpractice-limits-south-carolina/#statute-of-repose,2026-09-27,0,3,0,4.67
https://rodenlaw.com/blog/medical-malpractice-limits-south-carolina/#statute-of-repose,2026-09-28,0,4,0,4.75
https://rodenlaw.com/blog/medical-malpractice-limits-south-carolina/#statute-of-repose,2026-09-29,0,2,0,3
https://rodenlaw.com/blog/medical-malpractice-limits-south-carolina/#statute-of-repose,2026-09-30,0,1,0,2
https://rodenlaw.com/blog/medical-malpractice-limits-south-carolina/#statute-of-repose,2026-10-01,0,1,0,10
https://rodenlaw.com/blog/medical-malpractice-limits-south-carolina/#statute-of-repose,2026-10-02,0,5,0,6.8
https://rodenlaw.com/blog/medical-malpractice-limits-south-carolina/#statute-of-repose,2026-10-03,0,2,0,3.5
https://rodenlaw.com/blog/medical-malpractice-limits-south-carolina/#statute-of-repose,2026-10-04,0,1,0,2
https://rodenlaw.com/blog/medical-malpractice-limits-south-carolina/#statute-of-repose,2026-10-05,0,2,0,3.5
https://rodenlaw.com/blog/medical-malpractice-limits-south-carolina/#types-of-damages,2026-09-15,0,9,0,4.22
https://rodenlaw.com/blog/medical-malpractice-limits-south-carolina/#types-of-damages,2026-09-16,0,9,0,5
https://rodenlaw.com/blog/medical-malpractice-limits-south-carolina/#types-of-damages,2026-09-17,0,10,0,2.2
https://rodenlaw.com/blog/medical-malpractice-limits-south-carolina/#types-of-damages,2026-09-18,0,5,0,4.4
https://rodenlaw.com/blog/medical-malpractice-limits-south-carolina/#types-of-damages,2026-09-19,0,4,0,5.5
https://rodenlaw.com/blog/medical-malpractice-limits-south-carolina/#types-of-damages,2026-09-20,0,9,0,3.11
https://rodenlaw.com/blog/medical-malpractice-limits-south-carolina/#types-of-damages,2026-09-21,0,4,0,6.5
https://rodenlaw.com/blog/medical-malpractice-limits-south-carolina/#types-of-damages,2026-09-22,0,9,0,3.78
https://rodenlaw.com/blog/medical-malpractice-limits-south-carolina/#types-of-damages,2026-09-23,0,7,0,4.86
https://rodenlaw.com/blog/medical-malpractice-limits-south-carolina/#types-of-damages,2026-09-24,0,16,0,4.06
https://rodenlaw.com/blog/medical-malpractice-limits-south-carolina/#types-of-damages,2026-09-25,0,8,0,6.25
https://rodenlaw.com/blog/medical-malpractice-limits-south-carolina/#types-of-damages,2026-09-26,0,1,0,7
https://rodenlaw.com/blog/medical-malpractice-limits-south-carolina/#types-of-damages,2026-09-27,0,5,0,5.4
https://rodenlaw.com/blog/medical-malpractice-limits-south-carolina/#types-of-damages,2026-09-28,0,8,0,5.12
https://rodenlaw.com/blog/medical-malpractice-limits-south-carolina/#types-of-damages,2026-09-29,0,7,0,5.29
https://rodenlaw.com/blog/medical-malpractice-limits-south-carolina/#types-of-damages,2026-09-30,0,11,0,6.36
https://rodenlaw.com/blog/medical-malpractice-limits-south-carolina/#types-of-damages,2026-10-01,0,4,0,6.5
https://rodenlaw.com/blog/medical-malpractice-limits-south-carolina/#types-of-damages,2026-10-02,0,15,0,5.87
https://rodenlaw.com/blog/medical-malpractice-limits-south-carolina/#types-of-damages,2026-10-03,0,3,0,5.33
https://rodenlaw.com/blog/medical-malpractice-limits-south-carolina/#types-of-damages,2026-10-04,0,2,0,3
https://rodenlaw.com/blog/medical-malpractice-limits-south-carolina/#types-of-damages,2026-10-05,0,2,0,3.5
https://rodenlaw.com/blog/medical-treatment-after-accident/,2026-09-17,0,2,0,2
https://rodenlaw.com/blog/military-base-accidents-joint-base-charleston-rights/,2026-09-15,0,7,0,12
https://rodenlaw.com/blog/military-base-accidents-joint-base-charleston-rights/,2026-09-16,0,11,0,6.27
https://rodenlaw.com/blog/military-base-accidents-joint-base-charleston-rights/,2026-09-17,0,6,0,7.5
https://rodenlaw.com/blog/military-base-accidents-joint-base-charleston-rights/,2026-09-18,0,5,0,10.4
https://rodenlaw.com/blog/military-base-accidents-joint-base-charleston-rights/,2026-09-19,0,2,0,7.5
https://rodenlaw.com/blog/military-base-accidents-joint-base-charleston-rights/,2026-09-20,0,5,0,6.2
https://rodenlaw.com/blog/military-base-accidents-joint-base-charleston-rights/,2026-09-21,0,10,0,11.8
https://rodenlaw.com/blog/military-base-accidents-joint-base-charleston-rights/,2026-09-22,0,9,0,9.78
https://rodenlaw.com/blog/military-base-accidents-joint-base-charleston-rights/,2026-09-23,0,14,0,6.5
https://rodenlaw.com/blog/military-base-accidents-joint-base-charleston-rights/,2026-09-24,0,7,0,7.86
https://rodenlaw.com/blog/military-base-accidents-joint-base-charleston-rights/,2026-09-25,0,6,0,6.5
https://rodenlaw.com/blog/military-base-accidents-joint-base-charleston-rights/,2026-09-26,0,4,0,8.5
https://rodenlaw.com/blog/military-base-accidents-joint-base-charleston-rights/,2026-09-27,0,2,0,10
https://rodenlaw.com/blog/military-base-accidents-joint-base-charleston-rights/,2026-09-28,0,3,0,7.33
https://rodenlaw.com/blog/military-base-accidents-joint-base-charleston-rights/,2026-09-29,0,8,0,24.5
https://rodenlaw.com/blog/military-base-accidents-joint-base-charleston-rights/,2026-09-30,0,4,0,9.25
https://rodenlaw.com/blog/military-base-accidents-joint-base-charleston-rights/,2026-10-01,0,2,0,8.5
https://rodenlaw.com/blog/military-base-accidents-joint-base-charleston-rights/,2026-10-02,0,2,0,20
https://rodenlaw.com/blog/military-base-accidents-joint-base-charleston-rights/,2026-10-03,0,8,0,27.25
https://rodenlaw.com/blog/military-base-accidents-joint-base-charleston-rights/,2026-10-04,0,3,0,9
https://rodenlaw.com/blog/military-base-accidents-joint-base-charleston-rights/,2026-10-05,0,5,0,6.4
https://rodenlaw.com/blog/mistakes-charleston-slip-and-fall-victims-make/,2026-09-24,0,1,0,11
https://rodenlaw.com/blog/mistakes-charleston-slip-and-fall-victims-make/,2026-09-25,0,2,0,6.5
https://rodenlaw.com/blog/mistakes-charleston-slip-and-fall-victims-make/,2026-09-26,0,5,0,59.8
https://rodenlaw.com/blog/mistakes-charleston-slip-and-fall-victims-make/,2026-09-27,0,1,0,9
https://rodenlaw.com/blog/mistakes-charleston-slip-and-fall-victims-make/,2026-09-28,0,2,0,32.5
https://rodenlaw.com/blog/mistakes-charleston-slip-and-fall-victims-make/,2026-09-29,0,3,0,64
https://rodenlaw.com/blog/mistakes-charleston-slip-and-fall-victims-make/,2026-09-30,0,3,0,6
https://rodenlaw.com/blog/mistakes-charleston-slip-and-fall-victims-make/,2026-10-01,0,1,0,59
https://rodenlaw.com/blog/mistakes-charleston-slip-and-fall-victims-make/,2026-10-02,0,2,0,17
https://rodenlaw.com/blog/mistakes-charleston-slip-and-fall-victims-make/,2026-10-03,0,9,0,43.78
https://rodenlaw.com/blog/mistakes-charleston-slip-and-fall-victims-make/,2026-10-04,0,1,0,24
https://rodenlaw.com/blog/mistakes-charleston-slip-and-fall-victims-make/,2026-10-05,0,1,0,3
https://rodenlaw.com/blog/motorcycle-accident-i-95-glynn-county-brunswick-darien/,2026-09-15,0,6,0,7.33
https://rodenlaw.com/blog/motorcycle-accident-i-95-glynn-county-brunswick-darien/,2026-09-16,0,3,0,95.67
https://rodenlaw.com/blog/motorcycle-accident-i-95-glynn-county-brunswick-darien/,2026-09-17,0,4,0,8.25
https://rodenlaw.com/blog/motorcycle-accident-i-95-glynn-county-brunswick-darien/,2026-09-18,0,16,0,11.19
https://rodenlaw.com/blog/motorcycle-accident-i-95-glynn-county-brunswick-darien/,2026-09-19,0,6,0,6.67
https://rodenlaw.com/blog/motorcycle-accident-i-95-glynn-county-brunswick-darien/,2026-09-20,0,5,0,12.2
https://rodenlaw.com/blog/motorcycle-accident-i-95-glynn-county-brunswick-darien/,2026-09-21,0,6,0,11
https://rodenlaw.com/blog/motorcycle-accident-i-95-glynn-county-brunswick-darien/,2026-09-22,0,4,0,4.5
https://rodenlaw.com/blog/motorcycle-accident-i-95-glynn-county-brunswick-darien/,2026-09-23,0,2,0,7
https://rodenlaw.com/blog/motorcycle-accident-i-95-glynn-county-brunswick-darien/,2026-09-24,0,2,0,9.5
https://rodenlaw.com/blog/motorcycle-accident-i-95-glynn-county-brunswick-darien/,2026-09-25,0,17,0,20.35
https://rodenlaw.com/blog/motorcycle-accident-i-95-glynn-county-brunswick-darien/,2026-09-26,0,4,0,9.25
https://rodenlaw.com/blog/motorcycle-accident-i-95-glynn-county-brunswick-darien/,2026-09-27,0,3,0,11
https://rodenlaw.com/blog/motorcycle-accident-i-95-glynn-county-brunswick-darien/,2026-09-28,0,5,0,5.6
https://rodenlaw.com/blog/motorcycle-accident-i-95-glynn-county-brunswick-darien/,2026-09-29,0,8,0,7
https://rodenlaw.com/blog/motorcycle-accident-i-95-glynn-county-brunswick-darien/,2026-09-30,0,1,0,94
https://rodenlaw.com/blog/motorcycle-accident-i-95-glynn-county-brunswick-darien/,2026-10-01,0,5,0,10.8
https://rodenlaw.com/blog/motorcycle-accident-i-95-glynn-county-brunswick-darien/,2026-10-02,0,5,0,32
https://rodenlaw.com/blog/motorcycle-accident-i-95-glynn-county-brunswick-darien/,2026-10-03,0,3,0,8
https://rodenlaw.com/blog/motorcycle-accidents-dorchester-road-data/,2026-09-15,0,1,0,11
https://rodenlaw.com/blog/motorcycle-accidents-dorchester-road-data/,2026-09-17,0,1,0,8
https://rodenlaw.com/blog/motorcycle-accidents-dorchester-road-data/,2026-09-18,0,3,0,5.67
https://rodenlaw.com/blog/motorcycle-accidents-dorchester-road-data/,2026-09-19,0,1,0,6
https://rodenlaw.com/blog/motorcycle-accidents-dorchester-road-data/,2026-09-21,0,3,0,6.33
https://rodenlaw.com/blog/motorcycle-accidents-dorchester-road-data/,2026-09-22,0,3,0,6.67
https://rodenlaw.com/blog/motorcycle-accidents-dorchester-road-data/,2026-09-23,0,2,0,6.5
https://rodenlaw.com/blog/motorcycle-accidents-dorchester-road-data/,2026-09-27,0,1,0,55
https://rodenlaw.com/blog/motorcycle-accidents-dorchester-road-data/,2026-09-28,0,2,0,6.5
https://rodenlaw.com/blog/motorcycle-accidents-dorchester-road-data/,2026-09-29,0,1,0,11
https://rodenlaw.com/blog/motorcycle-accidents-dorchester-road-data/,2026-09-30,0,3,0,5.67
https://rodenlaw.com/blog/motorcycle-accidents-dorchester-road-data/,2026-10-02,0,1,0,8
https://rodenlaw.com/blog/motorcycle-accidents-dorchester-road-data/,2026-10-03,0,1,0,5
https://rodenlaw.com/blog/motorcycle-accidents-dorchester-road-data/,2026-10-04,0,1,0,12
https://rodenlaw.com/blog/mount-pleasant-johnnie-dodds-us-17-uninsured-motorist-lawyer/,2026-09-15,0,1,0,11
https://rodenlaw.com/blog/mount-pleasant-johnnie-dodds-us-17-uninsured-motorist-lawyer/,2026-09-22,0,1,0,9
https://rodenlaw.com/blog/mount-pleasant-johnnie-dodds-us-17-uninsured-motorist-lawyer/,2026-09-25,0,2,0,5.5
https://rodenlaw.com/blog/mount-pleasant-johnnie-dodds-us-17-uninsured-motorist-lawyer/,2026-09-27,0,1,0,95
https://rodenlaw.com/blog/mount-pleasant-johnnie-dodds-us-17-uninsured-motorist-lawyer/,2026-09-28,0,4,0,15.5
https://rodenlaw.com/blog/mount-pleasant-johnnie-dodds-us-17-uninsured-motorist-lawyer/,2026-10-01,0,1,0,9
https://rodenlaw.com/blog/mount-pleasant-johnnie-dodds-us-17-uninsured-motorist-lawyer/,2026-10-03,0,1,0,4
https://rodenlaw.com/blog/mount-pleasant-johnnie-dodds-us-17-uninsured-motorist-lawyer/,2026-10-04,0,1,0,4
https://rodenlaw.com/blog/mount-pleasant-johnnie-dodds-us-17-wrongful-death-car-accident-lawyer/,2026-09-15,0,1,0,8
https://rodenlaw.com/blog/mount-pleasant-johnnie-dodds-us-17-wrongful-death-car-accident-lawyer/,2026-09-19,0,1,0,7
https://rodenlaw.com/blog/mount-pleasant-johnnie-dodds-us-17-wrongful-death-car-accident-lawyer/,2026-09-26,0,2,0,10
https://rodenlaw.com/blog/mount-pleasant-johnnie-dodds-us-17-wrongful-death-car-accident-lawyer/,2026-09-29,0,2,0,6.5
https://rodenlaw.com/blog/mount-pleasant-johnnie-dodds-us-17-wrongful-death-car-accident-lawyer/,2026-10-01,0,1,0,12
https://rodenlaw.com/blog/mount-pleasant-mark-clark-expressway-i-526-motorcycle-accident-lawyer/,2026-09-15,0,2,0,5
https://rodenlaw.com/blog/mount-pleasant-mark-clark-expressway-i-526-motorcycle-accident-lawyer/,2026-09-21,0,1,0,10
https://rodenlaw.com/blog/mount-pleasant-mark-clark-expressway-i-526-motorcycle-accident-lawyer/,2026-09-22,0,1,0,8
https://rodenlaw.com/blog/mount-pleasant-mark-clark-expressway-i-526-motorcycle-accident-lawyer/,2026-09-26,0,1,0,2
https://rodenlaw.com/blog/mount-pleasant-mark-clark-expressway-i-526-motorcycle-accident-lawyer/,2026-09-29,0,1,0,9
https://rodenlaw.com/blog/mount-pleasant-mark-clark-expressway-i-526-motorcycle-accident-lawyer/,2026-09-30,0,1,0,10
https://rodenlaw.com/blog/mount-pleasant-mark-clark-expressway-i-526-motorcycle-accident-lawyer/,2026-10-03,0,1,0,6
https://rodenlaw.com/blog/much-worth-ga-worker-compared-states/,2026-09-15,0,15,0,33.67
https://rodenlaw.com/blog/much-worth-ga-worker-compared-states/,2026-09-16,0,14,0,17.64
https://rodenlaw.com/blog/much-worth-ga-worker-compared-states/,2026-09-17,0,14,0,27
https://rodenlaw.com/blog/much-worth-ga-worker-compared-states/,2026-09-18,0,8,0,33.62
https://rodenlaw.com/blog/much-worth-ga-worker-compared-states/,2026-09-19,0,8,0,36.62
https://rodenlaw.com/blog/much-worth-ga-worker-compared-states/,2026-09-20,0,9,0,27.78
https://rodenlaw.com/blog/much-worth-ga-worker-compared-states/,2026-09-21,0,9,0,34.33
https://rodenlaw.com/blog/much-worth-ga-worker-compared-states/,2026-09-22,0,21,0,36.19
https://rodenlaw.com/blog/much-worth-ga-worker-compared-states/,2026-09-23,0,4,0,42.5
https://rodenlaw.com/blog/much-worth-ga-worker-compared-states/,2026-09-24,0,6,0,32.33
https://rodenlaw.com/blog/much-worth-ga-worker-compared-states/,2026-09-25,0,7,0,34.14
https://rodenlaw.com/blog/much-worth-ga-worker-compared-states/,2026-09-26,0,4,0,48.5
https://rodenlaw.com/blog/much-worth-ga-worker-compared-states/,2026-09-27,0,6,0,30.17
https://rodenlaw.com/blog/much-worth-ga-worker-compared-states/,2026-09-28,0,7,0,24.29
https://rodenlaw.com/blog/much-worth-ga-worker-compared-states/,2026-09-29,0,5,0,35
https://rodenlaw.com/blog/much-worth-ga-worker-compared-states/,2026-09-30,0,6,0,20.5
https://rodenlaw.com/blog/much-worth-ga-worker-compared-states/,2026-10-01,0,7,0,29.71
https://rodenlaw.com/blog/much-worth-ga-worker-compared-states/,2026-10-02,0,5,0,41.4
https://rodenlaw.com/blog/much-worth-ga-worker-compared-states/,2026-10-03,0,9,0,39.44
https://rodenlaw.com/blog/much-worth-ga-worker-compared-states/,2026-10-04,0,1,0,65
https://rodenlaw.com/blog/much-worth-ga-worker-compared-states/,2026-10-05,0,1,0,58
https://rodenlaw.com/blog/murrells-inlet-jet-ski-accident-lawyer/,2026-09-16,0,14,0,17.36
https://rodenlaw.com/blog/murrells-inlet-jet-ski-accident-lawyer/,2026-09-20,0,1,0,19
https://rodenlaw.com/blog/murrells-inlet-jet-ski-accident-lawyer/,2026-09-22,0,1,0,19
https://rodenlaw.com/blog/murrells-inlet-jet-ski-accident-lawyer/,2026-09-27,0,2,0,9
https://rodenlaw.com/blog/murrells-inlet-jet-ski-accident-lawyer/,2026-09-29,0,1,0,44
https://rodenlaw.com/blog/murrells-inlet-jet-ski-accident-lawyer/,2026-09-30,0,1,0,10
https://rodenlaw.com/blog/myrtle-beach-dangerous-roads-intersections/,2026-09-18,0,98,0,9.13
https://rodenlaw.com/blog/myrtle-beach-dangerous-roads-intersections/,2026-09-20,0,127,0,10.05
https://rodenlaw.com/blog/myrtle-beach-dangerous-roads-intersections/,2026-09-21,0,119,0,10.03
https://rodenlaw.com/blog/myrtle-beach-dangerous-roads-intersections/,2026-09-22,0,123,0,9.63
https://rodenlaw.com/blog/myrtle-beach-dangerous-roads-intersections/,2026-09-25,0,127,0,9.48
https://rodenlaw.com/blog/myrtle-beach-dangerous-roads-intersections/,2026-09-28,0,132,0,9.4
https://rodenlaw.com/blog/myrtle-beach-dangerous-roads-intersections/,2026-09-29,0,113,0,9.71
https://rodenlaw.com/blog/myrtle-beach-dangerous-roads-intersections/,2026-09-30,0,128,0,9.87
https://rodenlaw.com/blog/myrtle-beach-dangerous-roads-intersections/,2026-10-01,0,123,0,9.88
https://rodenlaw.com/blog/myrtle-beach-dangerous-roads-intersections/,2026-10-02,0,123,0,10.28
https://rodenlaw.com/blog/myrtle-beach-dangerous-roads-intersections/,2026-10-04,0,113,0,10.18
https://rodenlaw.com/blog/myrtle-beach-dangerous-roads-intersections/,2026-10-05,0,44,0,10.23
https://rodenlaw.com/blog/myrtle-beach-dangerous-roads-intersections/#common-causes,2026-09-19,0,2,0,4
https://rodenlaw.com/blog/myrtle-beach-dangerous-roads-intersections/#common-causes,2026-09-26,0,1,0,6
https://rodenlaw.com/blog/myrtle-beach-dangerous-roads-intersections/#common-causes,2026-09-27,0,1,0,10
https://rodenlaw.com/blog/myrtle-beach-dangerous-roads-intersections/#dangerous-highways,2026-09-19,0,2,0,4
https://rodenlaw.com/blog/myrtle-beach-dangerous-roads-intersections/#dangerous-highways,2026-09-26,0,1,0,6
https://rodenlaw.com/blog/myrtle-beach-dangerous-roads-intersections/#dangerous-highways,2026-09-27,0,1,0,10
https://rodenlaw.com/blog/myrtle-beach-dangerous-roads-intersections/#dangerous-intersections,2026-09-19,0,2,0,4
https://rodenlaw.com/blog/myrtle-beach-dangerous-roads-intersections/#dangerous-intersections,2026-09-26,0,1,0,6
https://rodenlaw.com/blog/myrtle-beach-dangerous-roads-intersections/#dangerous-intersections,2026-09-27,0,1,0,10
https://rodenlaw.com/blog/myrtle-beach-dangerous-roads-intersections/#seasonal-risks,2026-09-19,0,2,0,4
https://rodenlaw.com/blog/myrtle-beach-dangerous-roads-intersections/#seasonal-risks,2026-09-26,0,1,0,6
https://rodenlaw.com/blog/myrtle-beach-dangerous-roads-intersections/#seasonal-risks,2026-09-27,0,1,0,10
https://rodenlaw.com/blog/myrtle-beach-dangerous-roads-intersections/#why-myrtle-beach,2026-09-19,0,2,0,4
https://rodenlaw.com/blog/myrtle-beach-dangerous-roads-intersections/#why-myrtle-beach,2026-09-26,0,1,0,6
https://rodenlaw.com/blog/myrtle-beach-dangerous-roads-intersections/#why-myrtle-beach,2026-09-27,0,1,0,10
https://rodenlaw.com/blog/n-lake-drive-dick-pond-road-sc-544-underinsured-motorist-lawyer/,2026-09-17,0,1,0,4
https://rodenlaw.com/blog/n-lake-drive-dick-pond-road-sc-544-underinsured-motorist-lawyer/,2026-09-20,0,1,0,11
https://rodenlaw.com/blog/n-lake-drive-dick-pond-road-sc-544-underinsured-motorist-lawyer/,2026-09-21,0,2,0,3.5
https://rodenlaw.com/blog/n-lake-drive-dick-pond-road-sc-544-underinsured-motorist-lawyer/,2026-09-24,0,1,0,11
https://rodenlaw.com/blog/n-lake-drive-dick-pond-road-sc-544-underinsured-motorist-lawyer/,2026-09-28,0,1,0,5
https://rodenlaw.com/blog/n-lake-drive-dick-pond-road-sc-544-underinsured-motorist-lawyer/,2026-09-30,0,2,0,13.5
https://rodenlaw.com/blog/n-lake-drive-dick-pond-road-sc-544-underinsured-motorist-lawyer/,2026-10-03,0,4,0,9.25
https://rodenlaw.com/blog/n-lake-drive-us-17-business-best-car-accident-lawyer/,2026-09-24,0,7,0,25.43
https://rodenlaw.com/blog/n-lake-drive-us-17-business-best-car-accident-lawyer/,2026-09-25,0,10,0,8
https://rodenlaw.com/blog/n-lake-drive-us-17-business-best-car-accident-lawyer/,2026-09-26,0,8,0,24.25
https://rodenlaw.com/blog/n-lake-drive-us-17-business-best-car-accident-lawyer/,2026-09-27,0,5,0,15.2
https://rodenlaw.com/blog/n-lake-drive-us-17-business-best-car-accident-lawyer/,2026-09-28,0,13,0,21.85
https://rodenlaw.com/blog/n-lake-drive-us-17-business-best-car-accident-lawyer/,2026-09-29,0,17,0,13.29
https://rodenlaw.com/blog/n-lake-drive-us-17-business-best-car-accident-lawyer/,2026-09-30,0,7,0,12
https://rodenlaw.com/blog/n-lake-drive-us-17-business-best-car-accident-lawyer/,2026-10-01,0,2,0,22
https://rodenlaw.com/blog/n-lake-drive-us-17-business-best-car-accident-lawyer/,2026-10-02,0,2,0,6.5
https://rodenlaw.com/blog/n-lake-drive-us-17-business-best-car-accident-lawyer/,2026-10-03,0,5,0,8.2
https://rodenlaw.com/blog/n-lake-drive-us-17-business-best-car-accident-lawyer/,2026-10-04,0,6,0,7.33
https://rodenlaw.com/blog/n-lake-drive-us-17-business-best-car-accident-lawyer/,2026-10-05,0,1,0,3
https://rodenlaw.com/blog/negligence-vs-gross-negligence/,2026-09-15,0,33,0,15.09
https://rodenlaw.com/blog/negligence-vs-gross-negligence/,2026-09-16,0,15,0,18.2
https://rodenlaw.com/blog/negligence-vs-gross-negligence/,2026-09-17,0,12,0,18.08
https://rodenlaw.com/blog/negligence-vs-gross-negligence/,2026-09-18,0,10,0,9.7
https://rodenlaw.com/blog/negligence-vs-gross-negligence/,2026-09-19,0,9,0,24
https://rodenlaw.com/blog/negligence-vs-gross-negligence/,2026-09-20,0,15,0,9.93
https://rodenlaw.com/blog/negligence-vs-gross-negligence/,2026-09-21,0,11,0,8.36
https://rodenlaw.com/blog/negligence-vs-gross-negligence/,2026-09-22,0,16,0,10.75
https://rodenlaw.com/blog/negligence-vs-gross-negligence/,2026-09-23,0,11,0,13.45
https://rodenlaw.com/blog/negligence-vs-gross-negligence/,2026-09-25,0,9,0,9.11
https://rodenlaw.com/blog/negligence-vs-gross-negligence/,2026-09-26,0,9,0,15.78
https://rodenlaw.com/blog/negligence-vs-gross-negligence/,2026-09-27,0,9,0,9.33
https://rodenlaw.com/blog/negligence-vs-gross-negligence/,2026-09-28,0,12,0,12.08
https://rodenlaw.com/blog/negligence-vs-gross-negligence/,2026-09-29,0,8,0,16.75
https://rodenlaw.com/blog/negligence-vs-gross-negligence/,2026-09-30,0,5,0,10
https://rodenlaw.com/blog/negligence-vs-gross-negligence/,2026-10-01,0,16,0,26
https://rodenlaw.com/blog/negligence-vs-gross-negligence/,2026-10-02,0,5,0,11.2
https://rodenlaw.com/blog/negligence-vs-gross-negligence/,2026-10-03,0,4,0,71.75
https://rodenlaw.com/blog/negligence-vs-gross-negligence/,2026-10-04,0,1,0,5
https://rodenlaw.com/blog/negligence-vs-gross-negligence/,2026-10-05,0,2,0,8
https://rodenlaw.com/blog/negligence-vs-gross-negligence/#four-elements,2026-09-15,0,6,0,8.33
https://rodenlaw.com/blog/negligence-vs-gross-negligence/#four-elements,2026-09-16,0,2,0,7.5
https://rodenlaw.com/blog/negligence-vs-gross-negligence/#four-elements,2026-09-17,0,2,0,9
https://rodenlaw.com/blog/negligence-vs-gross-negligence/#four-elements,2026-09-18,0,1,0,4
https://rodenlaw.com/blog/negligence-vs-gross-negligence/#four-elements,2026-09-19,0,2,0,6.5
https://rodenlaw.com/blog/negligence-vs-gross-negligence/#four-elements,2026-09-20,0,3,0,7
https://rodenlaw.com/blog/negligence-vs-gross-negligence/#four-elements,2026-09-22,0,6,0,7.5
https://rodenlaw.com/blog/negligence-vs-gross-negligence/#four-elements,2026-09-23,0,3,0,10.67
https://rodenlaw.com/blog/negligence-vs-gross-negligence/#four-elements,2026-09-24,0,2,0,5.5
https://rodenlaw.com/blog/negligence-vs-gross-negligence/#four-elements,2026-09-25,0,2,0,7.5
https://rodenlaw.com/blog/negligence-vs-gross-negligence/#four-elements,2026-09-27,0,3,0,4.67
https://rodenlaw.com/blog/negligence-vs-gross-negligence/#four-elements,2026-09-28,0,4,0,5.5
https://rodenlaw.com/blog/negligence-vs-gross-negligence/#four-elements,2026-09-29,0,1,0,9
https://rodenlaw.com/blog/negligence-vs-gross-negligence/#four-elements,2026-10-01,0,1,0,7
https://rodenlaw.com/blog/negligence-vs-gross-negligence/#four-elements,2026-10-04,0,1,0,5
https://rodenlaw.com/blog/negligence-vs-gross-negligence/#negligence-vs-gross,2026-09-15,0,6,0,8.33
https://rodenlaw.com/blog/negligence-vs-gross-negligence/#negligence-vs-gross,2026-09-16,0,2,0,7.5
https://rodenlaw.com/blog/negligence-vs-gross-negligence/#negligence-vs-gross,2026-09-17,0,2,0,9
https://rodenlaw.com/blog/negligence-vs-gross-negligence/#negligence-vs-gross,2026-09-18,0,1,0,4
https://rodenlaw.com/blog/negligence-vs-gross-negligence/#negligence-vs-gross,2026-09-19,0,2,0,6.5
https://rodenlaw.com/blog/negligence-vs-gross-negligence/#negligence-vs-gross,2026-09-20,0,3,0,7
https://rodenlaw.com/blog/negligence-vs-gross-negligence/#negligence-vs-gross,2026-09-22,0,6,0,7.5
https://rodenlaw.com/blog/negligence-vs-gross-negligence/#negligence-vs-gross,2026-09-23,0,3,0,10.67
https://rodenlaw.com/blog/negligence-vs-gross-negligence/#negligence-vs-gross,2026-09-24,0,2,0,5.5
https://rodenlaw.com/blog/negligence-vs-gross-negligence/#negligence-vs-gross,2026-09-25,0,2,0,7.5
https://rodenlaw.com/blog/negligence-vs-gross-negligence/#negligence-vs-gross,2026-09-27,0,3,0,4.67
https://rodenlaw.com/blog/negligence-vs-gross-negligence/#negligence-vs-gross,2026-09-28,0,4,0,5.5
https://rodenlaw.com/blog/negligence-vs-gross-negligence/#negligence-vs-gross,2026-09-29,0,1,0,9
https://rodenlaw.com/blog/negligence-vs-gross-negligence/#negligence-vs-gross,2026-10-01,0,1,0,7
https://rodenlaw.com/blog/negligence-vs-gross-negligence/#negligence-vs-gross,2026-10-04,0,1,0,5
https://rodenlaw.com/blog/negligence-vs-gross-negligence/#what-is-gross-negligence,2026-09-15,0,4,0,8
https://rodenlaw.com/blog/negligence-vs-gross-negligence/#what-is-gross-negligence,2026-09-16,0,1,0,7
https://rodenlaw.com/blog/negligence-vs-gross-negligence/#what-is-gross-negligence,2026-09-17,0,1,0,7
https://rodenlaw.com/blog/negligence-vs-gross-negligence/#what-is-gross-negligence,2026-09-18,0,2,0,4
https://rodenlaw.com/blog/negligence-vs-gross-negligence/#what-is-gross-negligence,2026-09-19,0,1,0,3
https://rodenlaw.com/blog/negligence-vs-gross-negligence/#what-is-gross-negligence,2026-09-20,0,3,0,7
https://rodenlaw.com/blog/negligence-vs-gross-negligence/#what-is-gross-negligence,2026-09-22,0,6,0,7
https://rodenlaw.com/blog/negligence-vs-gross-negligence/#what-is-gross-negligence,2026-09-23,0,1,0,10
https://rodenlaw.com/blog/negligence-vs-gross-negligence/#what-is-gross-negligence,2026-09-24,0,2,0,5.5
https://rodenlaw.com/blog/negligence-vs-gross-negligence/#what-is-gross-negligence,2026-09-25,0,2,0,7.5
https://rodenlaw.com/blog/negligence-vs-gross-negligence/#what-is-gross-negligence,2026-09-27,0,4,0,4.5
https://rodenlaw.com/blog/negligence-vs-gross-negligence/#what-is-gross-negligence,2026-09-28,0,3,0,7
https://rodenlaw.com/blog/negligence-vs-gross-negligence/#what-is-gross-negligence,2026-09-29,0,1,0,9
https://rodenlaw.com/blog/negligence-vs-gross-negligence/#what-is-gross-negligence,2026-10-01,0,1,0,7
https://rodenlaw.com/blog/negligence-vs-gross-negligence/#what-is-gross-negligence,2026-10-02,0,1,0,7
https://rodenlaw.com/blog/negligence-vs-gross-negligence/#what-is-gross-negligence,2026-10-04,0,1,0,5
https://rodenlaw.com/blog/negligence-vs-gross-negligence/#what-is-negligence,2026-09-15,0,6,0,8.33
https://rodenlaw.com/blog/negligence-vs-gross-negligence/#what-is-negligence,2026-09-16,0,2,0,7.5
https://rodenlaw.com/blog/negligence-vs-gross-negligence/#what-is-negligence,2026-09-17,0,2,0,9
https://rodenlaw.com/blog/negligence-vs-gross-negligence/#what-is-negligence,2026-09-18,0,2,0,4
https://rodenlaw.com/blog/negligence-vs-gross-negligence/#what-is-negligence,2026-09-19,0,2,0,6.5
https://rodenlaw.com/blog/negligence-vs-gross-negligence/#what-is-negligence,2026-09-20,0,3,0,7
https://rodenlaw.com/blog/negligence-vs-gross-negligence/#what-is-negligence,2026-09-22,0,6,0,7.67
https://rodenlaw.com/blog/negligence-vs-gross-negligence/#what-is-negligence,2026-09-23,0,2,0,11
https://rodenlaw.com/blog/negligence-vs-gross-negligence/#what-is-negligence,2026-09-24,0,2,0,5.5
https://rodenlaw.com/blog/negligence-vs-gross-negligence/#what-is-negligence,2026-09-25,0,1,0,5
https://rodenlaw.com/blog/negligence-vs-gross-negligence/#what-is-negligence,2026-09-27,0,4,0,4.5
https://rodenlaw.com/blog/negligence-vs-gross-negligence/#what-is-negligence,2026-09-28,0,3,0,4
https://rodenlaw.com/blog/negligence-vs-gross-negligence/#what-is-negligence,2026-10-01,0,1,0,7
https://rodenlaw.com/blog/negligence-vs-gross-negligence/#what-is-negligence,2026-10-02,0,1,0,7
https://rodenlaw.com/blog/negligence-vs-gross-negligence/#what-is-negligence,2026-10-04,0,1,0,5
https://rodenlaw.com/blog/nerve-damage-after-charleston-car-crash/,2026-09-15,0,6,0,28.67
https://rodenlaw.com/blog/nerve-damage-after-charleston-car-crash/,2026-09-16,0,1,0,23
https://rodenlaw.com/blog/nerve-damage-after-charleston-car-crash/,2026-09-20,0,3,0,6
https://rodenlaw.com/blog/nerve-damage-after-charleston-car-crash/,2026-09-21,0,6,0,47
https://rodenlaw.com/blog/nerve-damage-after-charleston-car-crash/,2026-09-23,0,2,0,7.5
https://rodenlaw.com/blog/nerve-damage-after-charleston-car-crash/,2026-09-24,0,4,0,23
https://rodenlaw.com/blog/nerve-damage-after-charleston-car-crash/,2026-09-27,0,2,0,9
https://rodenlaw.com/blog/nerve-damage-after-charleston-car-crash/,2026-09-29,0,1,0,10
https://rodenlaw.com/blog/nerve-damage-after-charleston-car-crash/,2026-10-01,0,1,0,96
https://rodenlaw.com/blog/nerve-damage-after-charleston-car-crash/,2026-10-03,0,1,0,92
https://rodenlaw.com/blog/nerve-damage-after-charleston-car-crash/,2026-10-04,0,1,0,92
https://rodenlaw.com/blog/north-charleston-crime-rate-hit-and-run/,2026-09-15,0,2,0,9.5
https://rodenlaw.com/blog/north-charleston-crime-rate-hit-and-run/,2026-09-16,0,1,0,9
https://rodenlaw.com/blog/north-charleston-crime-rate-hit-and-run/,2026-09-17,0,1,0,5
https://rodenlaw.com/blog/north-charleston-crime-rate-hit-and-run/,2026-09-18,0,3,0,10.33
https://rodenlaw.com/blog/north-charleston-crime-rate-hit-and-run/,2026-09-19,0,3,0,9
https://rodenlaw.com/blog/north-charleston-crime-rate-hit-and-run/,2026-09-20,0,1,0,10
https://rodenlaw.com/blog/north-charleston-crime-rate-hit-and-run/,2026-09-21,0,2,0,9.5
https://rodenlaw.com/blog/north-charleston-crime-rate-hit-and-run/,2026-09-22,0,3,0,7.33
https://rodenlaw.com/blog/north-charleston-crime-rate-hit-and-run/,2026-09-23,0,1,0,7
https://rodenlaw.com/blog/north-charleston-crime-rate-hit-and-run/,2026-09-24,0,5,0,9
https://rodenlaw.com/blog/north-charleston-crime-rate-hit-and-run/,2026-09-25,0,3,0,6.33
https://rodenlaw.com/blog/north-charleston-crime-rate-hit-and-run/,2026-09-26,0,8,0,10.12
https://rodenlaw.com/blog/north-charleston-crime-rate-hit-and-run/,2026-09-27,0,5,0,7
https://rodenlaw.com/blog/north-charleston-crime-rate-hit-and-run/,2026-09-28,0,1,0,5
https://rodenlaw.com/blog/north-charleston-crime-rate-hit-and-run/,2026-09-29,0,7,0,10.29
https://rodenlaw.com/blog/north-charleston-crime-rate-hit-and-run/,2026-09-30,0,4,0,8
https://rodenlaw.com/blog/north-charleston-crime-rate-hit-and-run/,2026-10-01,0,3,0,9.67
https://rodenlaw.com/blog/north-charleston-crime-rate-hit-and-run/,2026-10-02,0,1,0,8
https://rodenlaw.com/blog/north-charleston-crime-rate-hit-and-run/,2026-10-04,0,1,0,8
https://rodenlaw.com/blog/north-rhett-avenue-truck-accident-hanahan-berkeley-county/,2026-09-15,0,5,0,8
https://rodenlaw.com/blog/north-rhett-avenue-truck-accident-hanahan-berkeley-county/,2026-09-16,0,5,0,8
https://rodenlaw.com/blog/north-rhett-avenue-truck-accident-hanahan-berkeley-county/,2026-09-17,0,5,0,8
https://rodenlaw.com/blog/north-rhett-avenue-truck-accident-hanahan-berkeley-county/,2026-09-19,0,3,0,9
https://rodenlaw.com/blog/north-rhett-avenue-truck-accident-hanahan-berkeley-county/,2026-09-20,0,2,0,7.5
https://rodenlaw.com/blog/north-rhett-avenue-truck-accident-hanahan-berkeley-county/,2026-09-21,0,3,0,4.33
https://rodenlaw.com/blog/north-rhett-avenue-truck-accident-hanahan-berkeley-county/,2026-09-22,0,4,0,5.75
https://rodenlaw.com/blog/north-rhett-avenue-truck-accident-hanahan-berkeley-county/,2026-09-24,0,4,0,8.75
https://rodenlaw.com/blog/north-rhett-avenue-truck-accident-hanahan-berkeley-county/,2026-09-26,0,2,0,31.5
https://rodenlaw.com/blog/north-rhett-avenue-truck-accident-hanahan-berkeley-county/,2026-09-27,0,2,0,7.5
https://rodenlaw.com/blog/north-rhett-avenue-truck-accident-hanahan-berkeley-county/,2026-09-29,0,11,0,8.73
https://rodenlaw.com/blog/north-rhett-avenue-truck-accident-hanahan-berkeley-county/,2026-09-30,0,4,0,9.25
https://rodenlaw.com/blog/north-rhett-avenue-truck-accident-hanahan-berkeley-county/,2026-10-02,0,3,0,11
https://rodenlaw.com/blog/north-rhett-avenue-truck-accident-hanahan-berkeley-county/,2026-10-03,0,2,0,51
https://rodenlaw.com/blog/nursing-home-abuse-charleston-signs-families/,2026-09-15,0,4,0,7
https://rodenlaw.com/blog/nursing-home-abuse-charleston-signs-families/,2026-09-16,0,2,0,7
https://rodenlaw.com/blog/nursing-home-abuse-charleston-signs-families/,2026-09-17,0,3,0,6.67
https://rodenlaw.com/blog/nursing-home-abuse-charleston-signs-families/,2026-09-19,0,3,0,6.67
https://rodenlaw.com/blog/nursing-home-abuse-charleston-signs-families/,2026-09-21,0,5,0,6.8
https://rodenlaw.com/blog/nursing-home-abuse-charleston-signs-families/,2026-09-23,0,1,0,7
https://rodenlaw.com/blog/nursing-home-abuse-charleston-signs-families/,2026-09-25,0,3,0,7
https://rodenlaw.com/blog/nursing-home-abuse-charleston-signs-families/,2026-09-26,0,2,0,7.5
https://rodenlaw.com/blog/nursing-home-abuse-charleston-signs-families/,2026-09-27,0,4,0,6.25
https://rodenlaw.com/blog/nursing-home-abuse-charleston-signs-families/,2026-09-29,0,4,0,7.5
https://rodenlaw.com/blog/nursing-home-abuse-warning-signs/,2026-09-15,0,2,0,10.5
https://rodenlaw.com/blog/nursing-home-abuse-warning-signs/,2026-09-16,0,1,0,7
https://rodenlaw.com/blog/nursing-home-abuse-warning-signs/,2026-09-17,0,1,0,4
https://rodenlaw.com/blog/nursing-home-abuse-warning-signs/,2026-09-18,0,1,0,4
https://rodenlaw.com/blog/nursing-home-abuse-warning-signs/,2026-09-19,0,1,0,7
https://rodenlaw.com/blog/nursing-home-abuse-warning-signs/,2026-09-20,0,1,0,7
https://rodenlaw.com/blog/nursing-home-abuse-warning-signs/,2026-09-21,0,1,0,4
https://rodenlaw.com/blog/nursing-home-abuse-warning-signs/,2026-09-22,0,2,0,5
https://rodenlaw.com/blog/nursing-home-abuse-warning-signs/,2026-09-23,0,1,0,6
https://rodenlaw.com/blog/nursing-home-abuse-warning-signs/,2026-09-24,0,3,0,2
https://rodenlaw.com/blog/nursing-home-abuse-warning-signs/,2026-09-25,0,1,0,5
https://rodenlaw.com/blog/nursing-home-abuse-warning-signs/,2026-09-26,0,1,0,10
https://rodenlaw.com/blog/nursing-home-abuse-warning-signs/,2026-09-29,0,2,0,5
https://rodenlaw.com/blog/nursing-home-abuse-warning-signs/,2026-09-30,0,1,0,4
https://rodenlaw.com/blog/nursing-home-abuse-warning-signs/,2026-10-01,0,2,0,10
https://rodenlaw.com/blog/nursing-home-abuse-warning-signs/,2026-10-02,0,1,0,5
https://rodenlaw.com/blog/nursing-home-abuse-warning-signs/,2026-10-03,0,1,0,9
https://rodenlaw.com/blog/nursing-home-liability/,2026-09-15,0,60,0,16
https://rodenlaw.com/blog/nursing-home-liability/,2026-09-16,0,5,0,16.2
https://rodenlaw.com/blog/nursing-home-liability/,2026-09-17,0,2,0,11.5
https://rodenlaw.com/blog/nursing-home-liability/,2026-09-19,0,1,0,20
https://rodenlaw.com/blog/nursing-home-liability/,2026-09-20,0,2,0,14
https://rodenlaw.com/blog/nursing-home-liability/,2026-09-21,0,41,0,16.98
https://rodenlaw.com/blog/nursing-home-liability/,2026-09-22,0,12,0,17.5
https://rodenlaw.com/blog/nursing-home-liability/,2026-09-23,0,2,0,15
https://rodenlaw.com/blog/nursing-home-liability/,2026-09-24,0,3,0,10.33
https://rodenlaw.com/blog/nursing-home-liability/,2026-09-25,0,4,0,14.25
https://rodenlaw.com/blog/nursing-home-liability/,2026-09-26,0,2,0,12.5
https://rodenlaw.com/blog/nursing-home-liability/,2026-09-27,0,3,0,16.33
https://rodenlaw.com/blog/nursing-home-liability/,2026-09-28,0,12,0,13.33
https://rodenlaw.com/blog/nursing-home-liability/,2026-09-29,0,8,0,15.12
https://rodenlaw.com/blog/nursing-home-liability/,2026-09-30,0,2,0,11
https://rodenlaw.com/blog/nursing-home-liability/,2026-10-01,0,3,0,14.33
https://rodenlaw.com/blog/nursing-home-liability/,2026-10-02,0,1,0,11
https://rodenlaw.com/blog/nursing-home-liability/,2026-10-03,0,3,0,19.33
https://rodenlaw.com/blog/nursing-home-liability/,2026-10-04,0,1,0,15
https://rodenlaw.com/blog/nursing-home-liability/,2026-10-05,0,9,0,12.89
https://rodenlaw.com/blog/old-fort-jackson-savannah-fatal-truck-accident-lawyer/,2026-09-19,0,1,0,1
https://rodenlaw.com/blog/old-fort-jackson-savannah-fatal-truck-accident-lawyer/,2026-09-24,0,8,0,7.62
https://rodenlaw.com/blog/old-fort-jackson-savannah-fatal-truck-accident-lawyer/,2026-09-25,0,19,0,8.37
https://rodenlaw.com/blog/old-fort-jackson-savannah-fatal-truck-accident-lawyer/,2026-09-26,0,19,0,9.11
https://rodenlaw.com/blog/old-fort-jackson-savannah-fatal-truck-accident-lawyer/,2026-09-27,0,5,0,9
https://rodenlaw.com/blog/old-fort-jackson-savannah-fatal-truck-accident-lawyer/,2026-09-29,0,3,0,10.67
https://rodenlaw.com/blog/old-fort-jackson-savannah-fatal-truck-accident-lawyer/,2026-09-30,0,6,0,10.5
https://rodenlaw.com/blog/old-fort-jackson-savannah-fatal-truck-accident-lawyer/,2026-10-01,0,2,0,6.5
https://rodenlaw.com/blog/options-for-denied-injury-claims/,2026-09-15,0,16,0,14.81
https://rodenlaw.com/blog/options-for-denied-injury-claims/,2026-09-16,0,26,0,19.5
https://rodenlaw.com/blog/options-for-denied-injury-claims/,2026-09-17,0,23,0,11.7
https://rodenlaw.com/blog/options-for-denied-injury-claims/,2026-09-18,0,14,0,11.36
https://rodenlaw.com/blog/options-for-denied-injury-claims/,2026-09-19,0,9,0,17.67
https://rodenlaw.com/blog/options-for-denied-injury-claims/,2026-09-20,0,11,0,16.36
https://rodenlaw.com/blog/options-for-denied-injury-claims/,2026-09-21,0,30,0,12.97
https://rodenlaw.com/blog/options-for-denied-injury-claims/,2026-09-22,0,32,0,10.25
https://rodenlaw.com/blog/options-for-denied-injury-claims/,2026-09-23,0,29,0,11.86
https://rodenlaw.com/blog/options-for-denied-injury-claims/,2026-09-24,0,37,0,10.76
https://rodenlaw.com/blog/options-for-denied-injury-claims/,2026-09-25,0,29,0,15.31
https://rodenlaw.com/blog/options-for-denied-injury-claims/,2026-09-26,0,16,0,12.19
https://rodenlaw.com/blog/options-for-denied-injury-claims/,2026-09-27,0,22,0,17.55
https://rodenlaw.com/blog/options-for-denied-injury-claims/,2026-09-28,0,31,0,9.1
https://rodenlaw.com/blog/options-for-denied-injury-claims/,2026-09-29,0,31,0,12
https://rodenlaw.com/blog/options-for-denied-injury-claims/,2026-09-30,0,19,0,10.53
https://rodenlaw.com/blog/options-for-denied-injury-claims/,2026-10-01,0,34,0,14.32
https://rodenlaw.com/blog/options-for-denied-injury-claims/,2026-10-02,0,16,0,12
https://rodenlaw.com/blog/options-for-denied-injury-claims/,2026-10-03,0,12,0,20.33
https://rodenlaw.com/blog/options-for-denied-injury-claims/,2026-10-04,0,20,0,14.1
https://rodenlaw.com/blog/options-for-denied-injury-claims/#common-reasons-denied,2026-09-17,0,1,0,6
https://rodenlaw.com/blog/options-for-denied-injury-claims/#common-reasons-denied,2026-09-21,0,1,0,11
https://rodenlaw.com/blog/options-for-denied-injury-claims/#common-reasons-denied,2026-09-22,0,2,0,7
https://rodenlaw.com/blog/options-for-denied-injury-claims/#common-reasons-denied,2026-09-25,0,1,0,4
https://rodenlaw.com/blog/options-for-denied-injury-claims/#common-reasons-denied,2026-09-27,0,1,0,6
https://rodenlaw.com/blog/options-for-denied-injury-claims/#common-reasons-denied,2026-10-05,0,1,0,2
https://rodenlaw.com/blog/options-for-denied-injury-claims/#file-lawsuit,2026-09-17,0,1,0,6
https://rodenlaw.com/blog/options-for-denied-injury-claims/#file-lawsuit,2026-09-21,0,1,0,11
https://rodenlaw.com/blog/options-for-denied-injury-claims/#file-lawsuit,2026-09-22,0,2,0,7
https://rodenlaw.com/blog/options-for-denied-injury-claims/#file-lawsuit,2026-09-25,0,1,0,4
https://rodenlaw.com/blog/options-for-denied-injury-claims/#file-lawsuit,2026-09-27,0,1,0,6
https://rodenlaw.com/blog/options-for-denied-injury-claims/#file-lawsuit,2026-10-05,0,1,0,2
https://rodenlaw.com/blog/options-for-recovering-more-than-policy-limits/,2026-09-16,0,18,0,17.22
https://rodenlaw.com/blog/options-for-recovering-more-than-policy-limits/,2026-09-17,0,18,0,6.5
https://rodenlaw.com/blog/options-for-recovering-more-than-policy-limits/,2026-09-18,0,17,0,21.65
https://rodenlaw.com/blog/options-for-recovering-more-than-policy-limits/,2026-09-19,0,2,0,2
https://rodenlaw.com/blog/options-for-recovering-more-than-policy-limits/,2026-09-20,0,9,0,28.89
https://rodenlaw.com/blog/options-for-recovering-more-than-policy-limits/,2026-09-21,0,12,0,10.67
https://rodenlaw.com/blog/options-for-recovering-more-than-policy-limits/,2026-09-22,0,8,0,13.38
https://rodenlaw.com/blog/options-for-recovering-more-than-policy-limits/,2026-09-24,0,5,0,8
https://rodenlaw.com/blog/options-for-recovering-more-than-policy-limits/,2026-09-25,0,2,0,6.5
https://rodenlaw.com/blog/options-for-recovering-more-than-policy-limits/,2026-09-26,0,5,0,21.4
https://rodenlaw.com/blog/options-for-recovering-more-than-policy-limits/,2026-09-27,0,9,0,18.56
https://rodenlaw.com/blog/options-for-recovering-more-than-policy-limits/,2026-09-29,0,4,0,8.75
https://rodenlaw.com/blog/options-for-recovering-more-than-policy-limits/,2026-09-30,0,8,0,19.75
https://rodenlaw.com/blog/options-for-recovering-more-than-policy-limits/,2026-10-01,0,3,0,37.67
https://rodenlaw.com/blog/options-for-recovering-more-than-policy-limits/,2026-10-02,0,5,0,11.4
https://rodenlaw.com/blog/options-for-recovering-more-than-policy-limits/,2026-10-03,0,3,0,6.33
https://rodenlaw.com/blog/options-for-recovering-more-than-policy-limits/,2026-10-04,0,2,0,3.5
https://rodenlaw.com/blog/options-for-recovering-more-than-policy-limits/,2026-10-05,0,5,0,7.2
https://rodenlaw.com/blog/overview-georgia-distracted-driving-laws/,2026-09-15,0,1,0,10
https://rodenlaw.com/blog/overview-georgia-distracted-driving-laws/,2026-09-26,0,1,0,6
https://rodenlaw.com/blog/overview-georgia-distracted-driving-laws/,2026-09-29,0,4,0,30.5
https://rodenlaw.com/blog/overview-georgia-distracted-driving-laws/,2026-09-30,0,1,0,11
https://rodenlaw.com/blog/overview-georgia-distracted-driving-laws/,2026-10-01,0,2,0,5
https://rodenlaw.com/blog/overview-georgia-distracted-driving-laws/,2026-10-03,0,4,0,38
https://rodenlaw.com/blog/page/2/,2026-09-24,0,3,0,35.33
https://rodenlaw.com/blog/page/2/,2026-09-25,0,7,0,32.14
https://rodenlaw.com/blog/page/2/,2026-09-26,0,10,0,19.1
https://rodenlaw.com/blog/page/2/,2026-09-27,0,8,0,16.88
https://rodenlaw.com/blog/page/2/,2026-09-28,0,10,0,26.3
https://rodenlaw.com/blog/page/2/,2026-09-29,0,14,0,21.86
https://rodenlaw.com/blog/page/2/,2026-09-30,0,5,0,40.6
https://rodenlaw.com/blog/page/2/,2026-10-01,0,4,0,10.75
https://rodenlaw.com/blog/page/2/,2026-10-02,0,1,0,40
https://rodenlaw.com/blog/page/2/,2026-10-03,0,14,0,22.5
https://rodenlaw.com/blog/page/2/,2026-10-04,0,5,0,19
https://rodenlaw.com/blog/page/21/,2026-09-15,0,1,0,6
https://rodenlaw.com/blog/page/21/,2026-09-23,0,1,0,6
https://rodenlaw.com/blog/page/21/,2026-09-27,0,3,0,2.67
https://rodenlaw.com/blog/page/21/,2026-09-28,0,4,0,5.25
https://rodenlaw.com/blog/page/21/,2026-10-02,0,1,0,7
https://rodenlaw.com/blog/page/21/,2026-10-03,0,2,0,7.5
https://rodenlaw.com/blog/page/21/,2026-10-05,0,1,0,3
https://rodenlaw.com/blog/page/25/,2026-09-15,0,1,0,5
https://rodenlaw.com/blog/page/25/,2026-10-03,0,1,0,18
https://rodenlaw.com/blog/page/3/,2026-09-26,0,1,0,7
https://rodenlaw.com/blog/page/3/,2026-09-27,0,1,0,20
https://rodenlaw.com/blog/page/3/,2026-09-28,0,1,0,10
https://rodenlaw.com/blog/page/3/,2026-09-30,0,2,0,5
https://rodenlaw.com/blog/page/3/,2026-10-03,0,2,0,8
https://rodenlaw.com/blog/page/34/,2026-09-27,0,1,0,7
https://rodenlaw.com/blog/page/34/,2026-09-30,0,1,0,7
https://rodenlaw.com/blog/page/38/,2026-09-23,0,1,0,2
https://rodenlaw.com/blog/page/38/,2026-09-27,0,2,0,4
https://rodenlaw.com/blog/page/38/,2026-09-28,0,2,0,1
https://rodenlaw.com/blog/page/38/,2026-10-01,0,1,0,7
https://rodenlaw.com/blog/page/38/,2026-10-04,0,1,0,6
https://rodenlaw.com/blog/page/39/,2026-09-28,0,1,0,6
https://rodenlaw.com/blog/page/42/,2026-09-23,0,1,0,3
https://rodenlaw.com/blog/page/42/,2026-09-28,0,2,0,5.5
https://rodenlaw.com/blog/page/42/,2026-10-05,0,1,0,5
https://rodenlaw.com/blog/page/46/,2026-09-20,0,2,0,8
https://rodenlaw.com/blog/page/46/,2026-10-03,0,2,0,1
https://rodenlaw.com/blog/page/46/,2026-10-05,0,1,0,6
https://rodenlaw.com/blog/park-circle-east-montague-drunk-driving-accident-lawyer-north-charleston/,2026-09-15,0,2,0,12
https://rodenlaw.com/blog/park-circle-east-montague-drunk-driving-accident-lawyer-north-charleston/,2026-09-17,0,1,0,28
https://rodenlaw.com/blog/park-circle-east-montague-drunk-driving-accident-lawyer-north-charleston/,2026-09-18,0,1,0,17
https://rodenlaw.com/blog/park-circle-east-montague-drunk-driving-accident-lawyer-north-charleston/,2026-09-21,0,1,0,5
https://rodenlaw.com/blog/park-circle-east-montague-drunk-driving-accident-lawyer-north-charleston/,2026-09-22,0,4,0,18
https://rodenlaw.com/blog/park-circle-east-montague-drunk-driving-accident-lawyer-north-charleston/,2026-09-24,0,7,0,22
https://rodenlaw.com/blog/park-circle-east-montague-drunk-driving-accident-lawyer-north-charleston/,2026-09-25,0,52,0,10.58
https://rodenlaw.com/blog/park-circle-east-montague-drunk-driving-accident-lawyer-north-charleston/,2026-09-26,0,28,0,14.21
https://rodenlaw.com/blog/park-circle-east-montague-drunk-driving-accident-lawyer-north-charleston/,2026-09-27,0,29,0,10.45
https://rodenlaw.com/blog/park-circle-east-montague-drunk-driving-accident-lawyer-north-charleston/,2026-09-28,0,36,0,15.06
https://rodenlaw.com/blog/park-circle-east-montague-drunk-driving-accident-lawyer-north-charleston/,2026-09-29,0,24,0,12.12
https://rodenlaw.com/blog/park-circle-east-montague-drunk-driving-accident-lawyer-north-charleston/,2026-09-30,0,21,0,20.19
https://rodenlaw.com/blog/park-circle-east-montague-drunk-driving-accident-lawyer-north-charleston/,2026-10-01,0,12,0,9.83
https://rodenlaw.com/blog/park-circle-east-montague-drunk-driving-accident-lawyer-north-charleston/,2026-10-02,0,7,0,41.29
https://rodenlaw.com/blog/park-circle-east-montague-drunk-driving-accident-lawyer-north-charleston/,2026-10-03,0,7,0,19.14
https://rodenlaw.com/blog/park-circle-east-montague-drunk-driving-accident-lawyer-north-charleston/,2026-10-04,0,11,0,18.18
https://rodenlaw.com/blog/park-circle-east-montague-drunk-driving-accident-lawyer-north-charleston/,2026-10-05,0,6,0,9.17
https://rodenlaw.com/blog/passenger-car-accident-claim/,2026-09-24,0,1,0,7
https://rodenlaw.com/blog/passenger-car-accident-claim/,2026-09-25,0,4,0,32.75
https://rodenlaw.com/blog/passenger-car-accident-claim/,2026-09-26,0,6,0,27
https://rodenlaw.com/blog/passenger-car-accident-claim/,2026-09-27,0,6,0,28.83
https://rodenlaw.com/blog/passenger-car-accident-claim/,2026-09-28,0,6,0,37.83
https://rodenlaw.com/blog/passenger-car-accident-claim/,2026-09-29,0,5,0,29.8
https://rodenlaw.com/blog/passenger-car-accident-claim/,2026-10-01,0,4,0,29.25
https://rodenlaw.com/blog/passenger-car-accident-claim/,2026-10-02,0,1,0,6
https://rodenlaw.com/blog/passenger-car-accident-claim/,2026-10-03,0,1,0,61
https://rodenlaw.com/blog/paying-medical-bills-during-a-claim/,2026-09-15,0,5,0,4.2
https://rodenlaw.com/blog/paying-medical-bills-during-a-claim/,2026-09-16,0,3,0,11.67
https://rodenlaw.com/blog/paying-medical-bills-during-a-claim/,2026-09-17,0,1,0,4
https://rodenlaw.com/blog/paying-medical-bills-during-a-claim/,2026-09-18,0,2,0,4.5
https://rodenlaw.com/blog/paying-medical-bills-during-a-claim/,2026-09-20,0,1,0,28
https://rodenlaw.com/blog/paying-medical-bills-during-a-claim/,2026-09-21,0,3,0,7.67
https://rodenlaw.com/blog/paying-medical-bills-during-a-claim/,2026-09-23,0,3,0,7.67
https://rodenlaw.com/blog/paying-medical-bills-during-a-claim/,2026-09-24,0,8,0,7.12
https://rodenlaw.com/blog/paying-medical-bills-during-a-claim/,2026-09-25,0,4,0,7
https://rodenlaw.com/blog/paying-medical-bills-during-a-claim/,2026-09-26,0,1,0,7
https://rodenlaw.com/blog/paying-medical-bills-during-a-claim/,2026-09-27,0,3,0,65
https://rodenlaw.com/blog/paying-medical-bills-during-a-claim/,2026-09-28,0,4,0,23.5
https://rodenlaw.com/blog/paying-medical-bills-during-a-claim/,2026-09-29,0,2,0,7
https://rodenlaw.com/blog/paying-medical-bills-during-a-claim/,2026-09-30,0,1,0,6
https://rodenlaw.com/blog/paying-medical-bills-during-a-claim/,2026-10-01,0,4,0,22.25
https://rodenlaw.com/blog/paying-medical-bills-during-a-claim/,2026-10-02,0,1,0,20
https://rodenlaw.com/blog/pedestrian-accident-dorchester-road-school-zone-29418-north-charleston/,2026-09-15,0,1,0,8
https://rodenlaw.com/blog/pedestrian-accident-dorchester-road-school-zone-29418-north-charleston/,2026-09-16,0,2,0,15
https://rodenlaw.com/blog/pedestrian-accident-dorchester-road-school-zone-29418-north-charleston/,2026-09-19,0,1,0,42
https://rodenlaw.com/blog/pedestrian-accident-dorchester-road-school-zone-29418-north-charleston/,2026-09-20,0,1,0,5
https://rodenlaw.com/blog/pedestrian-accident-dorchester-road-school-zone-29418-north-charleston/,2026-09-21,0,3,0,7.67
https://rodenlaw.com/blog/pedestrian-accident-dorchester-road-school-zone-29418-north-charleston/,2026-09-22,0,1,0,1
https://rodenlaw.com/blog/pedestrian-accidents-musc-charleston-medical-district/,2026-09-15,0,3,0,9
https://rodenlaw.com/blog/pedestrian-accidents-musc-charleston-medical-district/,2026-09-17,0,1,0,8
https://rodenlaw.com/blog/pedestrian-accidents-musc-charleston-medical-district/,2026-09-18,0,3,0,6.67
https://rodenlaw.com/blog/pedestrian-accidents-musc-charleston-medical-district/,2026-09-19,0,1,0,8
https://rodenlaw.com/blog/pedestrian-accidents-musc-charleston-medical-district/,2026-09-20,0,2,0,8
https://rodenlaw.com/blog/pedestrian-accidents-musc-charleston-medical-district/,2026-09-21,0,4,0,5.5
https://rodenlaw.com/blog/pedestrian-accidents-musc-charleston-medical-district/,2026-09-22,0,4,0,5
https://rodenlaw.com/blog/pedestrian-accidents-musc-charleston-medical-district/,2026-09-23,0,4,0,8.75
https://rodenlaw.com/blog/pedestrian-accidents-musc-charleston-medical-district/,2026-09-24,0,5,0,6.6
https://rodenlaw.com/blog/pedestrian-accidents-musc-charleston-medical-district/,2026-09-25,0,13,0,7.69
https://rodenlaw.com/blog/pedestrian-accidents-musc-charleston-medical-district/,2026-09-26,0,12,0,6.25
https://rodenlaw.com/blog/pedestrian-accidents-musc-charleston-medical-district/,2026-09-27,0,14,0,14.57
https://rodenlaw.com/blog/pedestrian-accidents-musc-charleston-medical-district/,2026-09-28,0,7,0,7.14
https://rodenlaw.com/blog/pedestrian-accidents-musc-charleston-medical-district/,2026-09-29,0,13,0,20.62
https://rodenlaw.com/blog/pedestrian-accidents-musc-charleston-medical-district/,2026-09-30,0,6,0,6
https://rodenlaw.com/blog/pedestrian-accidents-musc-charleston-medical-district/,2026-10-01,0,10,0,9.2
https://rodenlaw.com/blog/pedestrian-accidents-musc-charleston-medical-district/,2026-10-02,0,5,0,7.2
https://rodenlaw.com/blog/pedestrian-accidents-musc-charleston-medical-district/,2026-10-03,0,7,0,6.57
https://rodenlaw.com/blog/pedestrian-accidents-musc-charleston-medical-district/,2026-10-04,0,5,0,3
https://rodenlaw.com/blog/pedestrian-accidents-musc-charleston-medical-district/,2026-10-05,0,6,0,46.17
https://rodenlaw.com/blog/pedestrian-accidents-musc-charleston-medical-district/#common-crash-types,2026-09-15,0,1,0,9
https://rodenlaw.com/blog/pedestrian-accidents-musc-charleston-medical-district/#common-crash-types,2026-09-21,0,2,0,5
https://rodenlaw.com/blog/pedestrian-accidents-musc-charleston-medical-district/#common-crash-types,2026-09-24,0,1,0,4
https://rodenlaw.com/blog/pedestrian-accidents-musc-charleston-medical-district/#dangerous-corridors,2026-09-15,0,1,0,9
https://rodenlaw.com/blog/pedestrian-accidents-musc-charleston-medical-district/#dangerous-corridors,2026-09-21,0,2,0,5
https://rodenlaw.com/blog/pedestrian-accidents-musc-charleston-medical-district/#dangerous-corridors,2026-09-24,0,1,0,4
https://rodenlaw.com/blog/pedestrian-accidents-musc-charleston-medical-district/#injuries,2026-09-15,0,1,0,9
https://rodenlaw.com/blog/pedestrian-accidents-musc-charleston-medical-district/#injuries,2026-09-21,0,2,0,5
https://rodenlaw.com/blog/pedestrian-accidents-musc-charleston-medical-district/#injuries,2026-09-24,0,1,0,4
https://rodenlaw.com/blog/pedestrian-accidents-musc-charleston-medical-district/#musc-medical-district,2026-09-15,0,1,0,9
https://rodenlaw.com/blog/pedestrian-accidents-musc-charleston-medical-district/#musc-medical-district,2026-09-21,0,2,0,5
https://rodenlaw.com/blog/pedestrian-accidents-musc-charleston-medical-district/#musc-medical-district,2026-09-24,0,1,0,4
https://rodenlaw.com/blog/pedestrian-accidents-musc-charleston-medical-district/#sc-pedestrian-laws,2026-09-15,0,1,0,9
https://rodenlaw.com/blog/pedestrian-accidents-musc-charleston-medical-district/#sc-pedestrian-laws,2026-09-21,0,2,0,5
https://rodenlaw.com/blog/pedestrian-accidents-musc-charleston-medical-district/#sc-pedestrian-laws,2026-09-24,0,1,0,4
https://rodenlaw.com/blog/pedestrian-accidents-musc-charleston-medical-district/#who-is-liable,2026-09-15,0,1,0,9
https://rodenlaw.com/blog/pedestrian-accidents-musc-charleston-medical-district/#who-is-liable,2026-09-21,0,2,0,5
https://rodenlaw.com/blog/pedestrian-accidents-musc-charleston-medical-district/#who-is-liable,2026-09-24,0,1,0,4
https://rodenlaw.com/blog/pedestrian-accidents-musc-charleston-medical-district/#why-dangerous,2026-09-15,0,1,0,9
https://rodenlaw.com/blog/pedestrian-accidents-musc-charleston-medical-district/#why-dangerous,2026-09-21,0,2,0,5
https://rodenlaw.com/blog/pedestrian-accidents-musc-charleston-medical-district/#why-dangerous,2026-09-24,0,1,0,4
https://rodenlaw.com/blog/pedestrian-liability-for-car-accidents/,2026-09-16,0,1,0,97
https://rodenlaw.com/blog/pedestrian-liability-for-car-accidents/,2026-09-17,0,1,0,10
https://rodenlaw.com/blog/pedestrian-liability-for-car-accidents/,2026-09-20,0,1,0,56
https://rodenlaw.com/blog/pedestrian-liability-for-car-accidents/,2026-09-22,0,1,0,54
https://rodenlaw.com/blog/pedestrian-liability-for-car-accidents/,2026-09-24,0,1,0,3
https://rodenlaw.com/blog/pedestrian-liability-for-car-accidents/,2026-09-25,0,2,0,4.5
https://rodenlaw.com/blog/pedestrian-liability-for-car-accidents/,2026-09-27,0,7,0,31
https://rodenlaw.com/blog/pedestrian-liability-for-car-accidents/,2026-09-28,0,20,0,2.65
https://rodenlaw.com/blog/pedestrian-liability-for-car-accidents/,2026-09-29,0,2,0,3
https://rodenlaw.com/blog/pedestrian-liability-for-car-accidents/,2026-09-30,0,2,0,2.5
https://rodenlaw.com/blog/pedestrian-liability-for-car-accidents/,2026-10-02,0,5,0,4.2
https://rodenlaw.com/blog/pedestrian-safety-georgia/,2026-09-15,0,1,0,9
https://rodenlaw.com/blog/pedestrian-safety-georgia/,2026-09-16,0,1,0,43
https://rodenlaw.com/blog/pedestrian-safety-georgia/,2026-09-17,0,2,0,13
https://rodenlaw.com/blog/pedestrian-safety-georgia/,2026-09-21,0,4,0,8.25
https://rodenlaw.com/blog/pedestrian-safety-georgia/,2026-09-23,0,1,0,10
https://rodenlaw.com/blog/pedestrian-safety-georgia/,2026-09-24,0,3,0,9
https://rodenlaw.com/blog/pedestrian-safety-georgia/,2026-09-25,0,2,0,9.5
https://rodenlaw.com/blog/pedestrian-safety-georgia/,2026-09-26,0,1,0,11
https://rodenlaw.com/blog/pedestrian-safety-georgia/,2026-09-27,0,4,0,8
https://rodenlaw.com/blog/pedestrian-safety-georgia/,2026-09-28,0,4,0,8.25
https://rodenlaw.com/blog/pedestrian-safety-georgia/,2026-09-29,0,6,0,11.5
https://rodenlaw.com/blog/pedestrian-safety-georgia/,2026-09-30,0,3,0,8.67
https://rodenlaw.com/blog/pedestrian-safety-georgia/,2026-10-02,0,5,0,26.2
https://rodenlaw.com/blog/pedestrian-safety-georgia/,2026-10-03,0,1,0,10
https://rodenlaw.com/blog/pedestrian-safety-georgia/,2026-10-04,0,2,0,6
https://rodenlaw.com/blog/pedestrian-safety-georgia/,2026-10-05,0,1,0,6
https://rodenlaw.com/blog/pedestrian-safety-park-circle-north-charleston/,2026-09-16,0,1,0,10
https://rodenlaw.com/blog/pedestrian-safety-park-circle-north-charleston/,2026-09-21,0,3,0,6.67
https://rodenlaw.com/blog/pedestrian-safety-park-circle-north-charleston/,2026-09-23,0,1,0,7
https://rodenlaw.com/blog/pedestrian-safety-park-circle-north-charleston/,2026-09-28,0,1,0,8
https://rodenlaw.com/blog/personal-injury-calculating-loss-of-earning-capacity/,2026-09-15,0,14,0,9.64
https://rodenlaw.com/blog/personal-injury-calculating-loss-of-earning-capacity/,2026-09-16,0,22,0,11.45
https://rodenlaw.com/blog/personal-injury-calculating-loss-of-earning-capacity/,2026-09-17,0,38,0,11.05
https://rodenlaw.com/blog/personal-injury-calculating-loss-of-earning-capacity/,2026-09-18,0,14,0,11.57
https://rodenlaw.com/blog/personal-injury-calculating-loss-of-earning-capacity/,2026-09-19,0,26,0,14.88
https://rodenlaw.com/blog/personal-injury-calculating-loss-of-earning-capacity/,2026-09-20,0,15,0,15.93
https://rodenlaw.com/blog/personal-injury-calculating-loss-of-earning-capacity/,2026-09-21,0,19,0,9.26
https://rodenlaw.com/blog/personal-injury-calculating-loss-of-earning-capacity/,2026-09-22,0,3,0,9.67
https://rodenlaw.com/blog/personal-injury-calculating-loss-of-earning-capacity/,2026-09-23,0,11,0,7.82
https://rodenlaw.com/blog/personal-injury-calculating-loss-of-earning-capacity/,2026-09-24,0,6,0,12.83
https://rodenlaw.com/blog/personal-injury-calculating-loss-of-earning-capacity/,2026-09-25,0,10,0,8.4
https://rodenlaw.com/blog/personal-injury-calculating-loss-of-earning-capacity/,2026-09-26,0,7,0,27
https://rodenlaw.com/blog/personal-injury-calculating-loss-of-earning-capacity/,2026-09-27,0,9,0,9.56
https://rodenlaw.com/blog/personal-injury-calculating-loss-of-earning-capacity/,2026-09-28,0,7,0,7.14
https://rodenlaw.com/blog/personal-injury-calculating-loss-of-earning-capacity/,2026-09-29,0,12,0,15.83
https://rodenlaw.com/blog/personal-injury-calculating-loss-of-earning-capacity/,2026-09-30,0,2,0,8
https://rodenlaw.com/blog/personal-injury-calculating-loss-of-earning-capacity/,2026-10-01,0,6,0,11.67
https://rodenlaw.com/blog/personal-injury-calculating-loss-of-earning-capacity/,2026-10-02,0,9,0,9.44
https://rodenlaw.com/blog/personal-injury-calculating-loss-of-earning-capacity/,2026-10-03,0,10,0,29.3
https://rodenlaw.com/blog/personal-injury-calculating-loss-of-earning-capacity/,2026-10-05,0,1,0,5
https://rodenlaw.com/blog/personal-injury-claim-charleston-berkeley-dorchester-county/,2026-09-15,0,4,0,5.75
https://rodenlaw.com/blog/personal-injury-claim-charleston-berkeley-dorchester-county/,2026-09-16,0,7,0,6.57
https://rodenlaw.com/blog/personal-injury-claim-charleston-berkeley-dorchester-county/,2026-09-17,0,7,0,6.29
https://rodenlaw.com/blog/personal-injury-claim-charleston-berkeley-dorchester-county/,2026-09-18,0,1,0,9
https://rodenlaw.com/blog/personal-injury-claim-charleston-berkeley-dorchester-county/,2026-09-19,0,1,0,2
https://rodenlaw.com/blog/personal-injury-claim-charleston-berkeley-dorchester-county/,2026-09-20,0,1,0,11
https://rodenlaw.com/blog/personal-injury-claim-charleston-berkeley-dorchester-county/,2026-09-21,0,9,0,8.11
https://rodenlaw.com/blog/personal-injury-claim-charleston-berkeley-dorchester-county/,2026-09-22,0,6,0,7.83
https://rodenlaw.com/blog/personal-injury-claim-charleston-berkeley-dorchester-county/,2026-09-23,0,4,0,6
https://rodenlaw.com/blog/personal-injury-claim-charleston-berkeley-dorchester-county/,2026-09-24,0,10,0,7.2
https://rodenlaw.com/blog/personal-injury-claim-charleston-berkeley-dorchester-county/,2026-09-26,0,1,0,9
https://rodenlaw.com/blog/personal-injury-claim-charleston-berkeley-dorchester-county/,2026-09-27,0,5,0,5
https://rodenlaw.com/blog/personal-injury-claim-charleston-berkeley-dorchester-county/,2026-09-28,0,7,0,7.14
https://rodenlaw.com/blog/personal-injury-claim-charleston-berkeley-dorchester-county/,2026-09-29,0,4,0,6.25
https://rodenlaw.com/blog/personal-injury-claim-charleston-berkeley-dorchester-county/,2026-09-30,0,8,0,8.12
https://rodenlaw.com/blog/personal-injury-claim-charleston-berkeley-dorchester-county/,2026-10-01,0,7,0,12.43
https://rodenlaw.com/blog/personal-injury-claim-charleston-berkeley-dorchester-county/,2026-10-02,0,10,0,12.9
https://rodenlaw.com/blog/personal-injury-claim-charleston-berkeley-dorchester-county/,2026-10-03,0,9,0,12
https://rodenlaw.com/blog/personal-injury-claim-charleston-berkeley-dorchester-county/,2026-10-04,0,2,0,9
https://rodenlaw.com/blog/personal-injury-claim-charleston-berkeley-dorchester-county/,2026-10-05,0,5,0,47.4
https://rodenlaw.com/blog/personal-injury-lawsuit-steps/,2026-09-21,0,1,0,9
https://rodenlaw.com/blog/personal-injury-lawsuit-steps/,2026-09-22,0,1,0,4
https://rodenlaw.com/blog/personal-injury-lawsuit-steps/,2026-10-01,0,1,0,6
https://rodenlaw.com/blog/personal-injury-lawsuit-steps/,2026-10-02,0,1,0,11
https://rodenlaw.com/blog/personal-injury-lawsuit-vs-insurance-claim/,2026-09-15,0,1,0,4
https://rodenlaw.com/blog/personal-injury-lawsuit-vs-insurance-claim/,2026-09-21,0,1,0,10
https://rodenlaw.com/blog/personal-injury-lawsuit-vs-insurance-claim/,2026-09-22,0,1,0,8
https://rodenlaw.com/blog/personal-injury-lawsuit-vs-insurance-claim/,2026-09-23,0,3,0,7.33
https://rodenlaw.com/blog/personal-injury-lawsuit-vs-insurance-claim/,2026-09-24,0,1,0,9
https://rodenlaw.com/blog/personal-injury-lawsuit-vs-insurance-claim/,2026-09-29,0,1,0,7
https://rodenlaw.com/blog/police-report-as-proof-of-liability/,2026-09-15,0,2,0,6.5
https://rodenlaw.com/blog/police-report-as-proof-of-liability/,2026-09-16,0,4,0,5
https://rodenlaw.com/blog/police-report-as-proof-of-liability/,2026-09-17,0,1,0,5
https://rodenlaw.com/blog/police-report-as-proof-of-liability/,2026-09-18,0,1,0,5
https://rodenlaw.com/blog/police-report-as-proof-of-liability/,2026-09-21,0,4,0,8
https://rodenlaw.com/blog/police-report-as-proof-of-liability/,2026-09-22,0,4,0,7
https://rodenlaw.com/blog/police-report-as-proof-of-liability/,2026-09-23,0,2,0,8.5
https://rodenlaw.com/blog/police-report-as-proof-of-liability/,2026-09-24,0,4,0,7.25
https://rodenlaw.com/blog/police-report-as-proof-of-liability/,2026-09-25,0,3,0,4
https://rodenlaw.com/blog/police-report-as-proof-of-liability/,2026-09-26,0,3,0,6.67
https://rodenlaw.com/blog/police-report-as-proof-of-liability/,2026-09-29,0,3,0,5.67
https://rodenlaw.com/blog/police-report-as-proof-of-liability/,2026-09-30,0,3,0,6.67
https://rodenlaw.com/blog/police-report-as-proof-of-liability/,2026-10-01,0,5,0,4.2
https://rodenlaw.com/blog/police-report-as-proof-of-liability/,2026-10-02,0,1,0,10
https://rodenlaw.com/blog/police-report-as-proof-of-liability/,2026-10-03,0,5,0,4.2
https://rodenlaw.com/blog/police-report-as-proof-of-liability/,2026-10-05,0,2,0,11
https://rodenlaw.com/blog/port-of-charleston-injury-claims-longshoremen-dock-workers/,2026-09-15,0,3,0,6.67
https://rodenlaw.com/blog/port-of-charleston-injury-claims-longshoremen-dock-workers/,2026-09-17,0,1,0,6
https://rodenlaw.com/blog/port-of-charleston-injury-claims-longshoremen-dock-workers/,2026-09-19,0,1,0,3
https://rodenlaw.com/blog/port-of-charleston-injury-claims-longshoremen-dock-workers/,2026-09-21,0,2,0,6
https://rodenlaw.com/blog/port-of-charleston-injury-claims-longshoremen-dock-workers/,2026-09-23,0,1,0,11
https://rodenlaw.com/blog/port-of-charleston-injury-claims-longshoremen-dock-workers/,2026-09-24,0,3,0,11.67
https://rodenlaw.com/blog/port-of-charleston-injury-claims-longshoremen-dock-workers/,2026-09-25,0,7,0,28
https://rodenlaw.com/blog/port-of-charleston-injury-claims-longshoremen-dock-workers/,2026-09-26,0,5,0,11.6
https://rodenlaw.com/blog/port-of-charleston-injury-claims-longshoremen-dock-workers/,2026-09-27,0,1,0,11
https://rodenlaw.com/blog/port-of-charleston-injury-claims-longshoremen-dock-workers/,2026-09-28,0,5,0,6.2
https://rodenlaw.com/blog/port-of-charleston-injury-claims-longshoremen-dock-workers/,2026-09-29,0,11,0,29.09
https://rodenlaw.com/blog/port-of-charleston-injury-claims-longshoremen-dock-workers/,2026-09-30,0,4,0,27.5
https://rodenlaw.com/blog/port-of-charleston-injury-claims-longshoremen-dock-workers/,2026-10-01,0,3,0,8.67
https://rodenlaw.com/blog/port-of-charleston-injury-claims-longshoremen-dock-workers/,2026-10-02,0,3,0,16
https://rodenlaw.com/blog/port-truck-accidents-charleston-liability/,2026-09-23,0,1,0,11
https://rodenlaw.com/blog/port-truck-accidents-charleston-liability/,2026-09-27,0,1,0,5
https://rodenlaw.com/blog/port-truck-accidents-charleston-liability/,2026-09-29,0,1,0,4
https://rodenlaw.com/blog/protect-child-dog-bite-injury/,2026-09-26,0,3,0,3.67
https://rodenlaw.com/blog/protect-child-dog-bite-injury/,2026-09-28,0,1,0,5
https://rodenlaw.com/blog/protect-child-dog-bite-injury/,2026-09-29,0,2,0,8
https://rodenlaw.com/blog/protecting-child-burn-injuries-home/,2026-09-22,0,1,0,10
https://rodenlaw.com/blog/protecting-child-burn-injuries-home/,2026-09-24,0,1,0,9
https://rodenlaw.com/blog/protecting-your-rights-after-a-myrtle-beach-car-accident/,2026-09-15,0,1,0,10
https://rodenlaw.com/blog/protecting-your-rights-after-a-myrtle-beach-car-accident/,2026-09-24,0,3,0,25.33
https://rodenlaw.com/blog/protecting-your-rights-after-a-myrtle-beach-car-accident/,2026-09-25,0,2,0,26.5
https://rodenlaw.com/blog/protecting-your-rights-after-a-myrtle-beach-car-accident/,2026-09-26,0,5,0,14.6
https://rodenlaw.com/blog/protecting-your-rights-after-a-myrtle-beach-car-accident/,2026-09-27,0,8,0,29.12
https://rodenlaw.com/blog/protecting-your-rights-after-a-myrtle-beach-car-accident/,2026-09-28,0,3,0,21
https://rodenlaw.com/blog/protecting-your-rights-after-a-myrtle-beach-car-accident/,2026-09-29,0,3,0,16.33
https://rodenlaw.com/blog/protecting-your-rights-after-a-myrtle-beach-car-accident/,2026-09-30,0,7,0,21.57
https://rodenlaw.com/blog/protecting-your-rights-after-a-myrtle-beach-car-accident/,2026-10-01,0,2,0,6.5
https://rodenlaw.com/blog/protecting-your-rights-after-a-myrtle-beach-car-accident/,2026-10-02,0,3,0,46
https://rodenlaw.com/blog/protecting-your-rights-after-a-myrtle-beach-car-accident/,2026-10-03,0,1,0,26
https://rodenlaw.com/blog/protecting-your-rights-after-a-myrtle-beach-car-accident/,2026-10-04,0,5,0,28
https://rodenlaw.com/blog/proving-a-tourist-was-at-fault-in-your-charleston-accident/,2026-09-28,0,1,0,5
https://rodenlaw.com/blog/proving-a-tourist-was-at-fault-in-your-charleston-accident/,2026-09-30,0,1,0,10
https://rodenlaw.com/blog/proving-back-pain-after-savannah-car-crash/,2026-09-24,0,1,0,14
https://rodenlaw.com/blog/proving-back-pain-after-savannah-car-crash/,2026-09-25,0,1,0,4
https://rodenlaw.com/blog/proving-back-pain-after-savannah-car-crash/,2026-09-27,0,1,0,11
https://rodenlaw.com/blog/proving-back-pain-after-savannah-car-crash/,2026-09-28,0,4,0,10
https://rodenlaw.com/blog/proving-back-pain-after-savannah-car-crash/,2026-09-29,0,4,0,13.5
https://rodenlaw.com/blog/proving-back-pain-after-savannah-car-crash/,2026-09-30,0,3,0,28
https://rodenlaw.com/blog/proving-back-pain-after-savannah-car-crash/,2026-10-03,0,1,0,36
https://rodenlaw.com/blog/proving-negligence-personal-injury/,2026-09-18,0,2,0,7
https://rodenlaw.com/blog/proving-negligence-personal-injury/,2026-09-20,0,2,0,6
https://rodenlaw.com/blog/proving-negligence-personal-injury/,2026-09-21,0,1,0,5
https://rodenlaw.com/blog/proving-negligence-personal-injury/,2026-09-22,0,1,0,2
https://rodenlaw.com/blog/proving-negligence-personal-injury/,2026-09-23,0,1,0,4
https://rodenlaw.com/blog/proving-negligence-personal-injury/,2026-09-24,0,5,0,5
https://rodenlaw.com/blog/proving-negligence-personal-injury/,2026-09-26,0,1,0,9
https://rodenlaw.com/blog/proving-negligence-personal-injury/,2026-09-27,0,1,0,18
https://rodenlaw.com/blog/proving-negligence-personal-injury/,2026-09-28,0,3,0,6
https://rodenlaw.com/blog/proving-negligence-personal-injury/,2026-09-29,0,3,0,4.33
https://rodenlaw.com/blog/proving-negligence-personal-injury/,2026-09-30,0,3,0,3.67
https://rodenlaw.com/blog/proving-negligence-personal-injury/,2026-10-01,0,1,0,6
https://rodenlaw.com/blog/proving-negligence-personal-injury/,2026-10-02,0,6,0,7.5
https://rodenlaw.com/blog/proving-negligence-personal-injury/,2026-10-03,0,5,0,7.8
https://rodenlaw.com/blog/proving-negligence-personal-injury/,2026-10-04,0,3,0,6.33
https://rodenlaw.com/blog/proving-negligence-personal-injury/,2026-10-05,0,2,0,6
https://rodenlaw.com/blog/proving-your-pain-after-a-charleston-car-accident/,2026-09-18,0,1,0,95
https://rodenlaw.com/blog/proving-your-pain-after-a-charleston-car-accident/,2026-09-22,0,2,0,6.5
https://rodenlaw.com/blog/proving-your-pain-after-a-charleston-car-accident/,2026-09-24,0,3,0,6.33
https://rodenlaw.com/blog/proving-your-pain-after-a-charleston-car-accident/,2026-09-28,0,1,0,7
https://rodenlaw.com/blog/proving-your-pain-after-a-charleston-car-accident/,2026-09-30,0,1,0,4
https://rodenlaw.com/blog/proving-your-pain-after-a-charleston-car-accident/,2026-10-01,0,2,0,7
https://rodenlaw.com/blog/ptsd-after-car-accident-compensation/,2026-09-15,0,14,0,24.57
https://rodenlaw.com/blog/ptsd-after-car-accident-compensation/,2026-09-16,0,7,0,26.71
https://rodenlaw.com/blog/ptsd-after-car-accident-compensation/,2026-09-17,0,8,0,21.5
https://rodenlaw.com/blog/ptsd-after-car-accident-compensation/,2026-09-18,0,6,0,21
https://rodenlaw.com/blog/ptsd-after-car-accident-compensation/,2026-09-19,0,9,0,24.33
https://rodenlaw.com/blog/ptsd-after-car-accident-compensation/,2026-09-20,0,7,0,21.71
https://rodenlaw.com/blog/ptsd-after-car-accident-compensation/,2026-09-21,0,6,0,26.33
https://rodenlaw.com/blog/ptsd-after-car-accident-compensation/,2026-09-22,0,14,0,21.43
https://rodenlaw.com/blog/ptsd-after-car-accident-compensation/,2026-09-23,0,9,0,21.67
https://rodenlaw.com/blog/ptsd-after-car-accident-compensation/,2026-09-24,0,17,0,19.35
https://rodenlaw.com/blog/ptsd-after-car-accident-compensation/,2026-09-25,0,19,0,29.68
https://rodenlaw.com/blog/ptsd-after-car-accident-compensation/,2026-09-26,0,30,0,28.1
https://rodenlaw.com/blog/ptsd-after-car-accident-compensation/,2026-09-27,0,25,0,26.88
https://rodenlaw.com/blog/ptsd-after-car-accident-compensation/,2026-09-28,0,31,0,27.94
https://rodenlaw.com/blog/ptsd-after-car-accident-compensation/,2026-09-29,0,22,0,31.59
https://rodenlaw.com/blog/ptsd-after-car-accident-compensation/,2026-09-30,0,9,0,22.67
https://rodenlaw.com/blog/ptsd-after-car-accident-compensation/,2026-10-01,0,10,0,42.3
https://rodenlaw.com/blog/ptsd-after-car-accident-compensation/,2026-10-02,0,13,0,29.92
https://rodenlaw.com/blog/ptsd-after-car-accident-compensation/,2026-10-03,0,9,0,28.44
https://rodenlaw.com/blog/ptsd-after-car-accident-compensation/,2026-10-04,0,3,0,5.67
https://rodenlaw.com/blog/punitive-damages-in-drunk-driving-accident/,2026-09-15,0,2,0,64.5
https://rodenlaw.com/blog/punitive-damages-in-drunk-driving-accident/,2026-09-16,0,2,0,65
https://rodenlaw.com/blog/punitive-damages-in-drunk-driving-accident/,2026-09-17,0,3,0,54.67
https://rodenlaw.com/blog/punitive-damages-in-drunk-driving-accident/,2026-09-18,0,1,0,39
https://rodenlaw.com/blog/punitive-damages-in-drunk-driving-accident/,2026-09-19,0,2,0,65.5
https://rodenlaw.com/blog/punitive-damages-in-drunk-driving-accident/,2026-09-20,0,2,0,67.5
https://rodenlaw.com/blog/punitive-damages-in-drunk-driving-accident/,2026-09-22,0,1,0,69
https://rodenlaw.com/blog/punitive-damages-in-drunk-driving-accident/,2026-09-25,0,2,0,74
https://rodenlaw.com/blog/punitive-damages-in-drunk-driving-accident/,2026-09-26,0,2,0,76
https://rodenlaw.com/blog/punitive-damages-in-drunk-driving-accident/,2026-09-27,0,2,0,74.5
https://rodenlaw.com/blog/punitive-damages-in-drunk-driving-accident/,2026-09-28,0,2,0,75.5
https://rodenlaw.com/blog/punitive-damages-in-drunk-driving-accident/,2026-09-29,0,2,0,73.5
https://rodenlaw.com/blog/punitive-damages-in-drunk-driving-accident/,2026-09-30,0,1,0,72
https://rodenlaw.com/blog/punitive-damages-in-drunk-driving-accident/,2026-10-01,0,1,0,64
https://rodenlaw.com/blog/punitive-damages-in-drunk-driving-accident/,2026-10-02,0,1,0,70
https://rodenlaw.com/blog/punitive-damages-in-drunk-driving-accident/,2026-10-03,0,3,0,72.67
https://rodenlaw.com/blog/qualifications-for-car-accident-witnesses/,2026-09-15,0,4,0,6.5
https://rodenlaw.com/blog/qualifications-for-car-accident-witnesses/,2026-09-16,0,8,0,5.12
https://rodenlaw.com/blog/qualifications-for-car-accident-witnesses/,2026-09-17,0,4,0,44.75
https://rodenlaw.com/blog/qualifications-for-car-accident-witnesses/,2026-09-19,0,7,0,7
https://rodenlaw.com/blog/qualifications-for-car-accident-witnesses/,2026-09-20,0,2,0,3
https://rodenlaw.com/blog/qualifications-for-car-accident-witnesses/,2026-09-21,0,1,0,1
https://rodenlaw.com/blog/qualifications-for-car-accident-witnesses/,2026-09-23,0,4,0,9
https://rodenlaw.com/blog/qualifications-for-car-accident-witnesses/,2026-09-24,0,2,0,10
https://rodenlaw.com/blog/qualifications-for-car-accident-witnesses/,2026-09-25,0,1,0,11
https://rodenlaw.com/blog/qualifications-for-car-accident-witnesses/,2026-09-26,0,1,0,1
https://rodenlaw.com/blog/qualifications-for-car-accident-witnesses/,2026-09-27,0,2,0,5.5
https://rodenlaw.com/blog/qualifications-for-car-accident-witnesses/,2026-09-29,0,2,0,7
https://rodenlaw.com/blog/qualifications-for-car-accident-witnesses/,2026-09-30,0,4,0,5.25
https://rodenlaw.com/blog/qualifications-for-car-accident-witnesses/,2026-10-01,0,4,0,24.25
https://rodenlaw.com/blog/qualifications-for-car-accident-witnesses/,2026-10-03,0,2,0,44
https://rodenlaw.com/blog/qualifications-for-car-accident-witnesses/,2026-10-04,0,1,0,10
https://rodenlaw.com/blog/rear-end-accident-injuries/,2026-09-15,0,32,0,14.28
https://rodenlaw.com/blog/rear-end-accident-injuries/,2026-09-16,0,25,0,5.28
https://rodenlaw.com/blog/rear-end-accident-injuries/,2026-09-17,0,58,0,10.76
https://rodenlaw.com/blog/rear-end-accident-injuries/,2026-09-18,0,33,0,11.36
https://rodenlaw.com/blog/rear-end-accident-injuries/,2026-09-19,0,27,0,17.44
https://rodenlaw.com/blog/rear-end-accident-injuries/,2026-09-20,0,18,0,19.22
https://rodenlaw.com/blog/rear-end-accident-injuries/,2026-09-21,0,24,0,7.92
https://rodenlaw.com/blog/rear-end-accident-injuries/,2026-09-22,0,20,0,27
https://rodenlaw.com/blog/rear-end-accident-injuries/,2026-09-23,0,17,0,7.53
https://rodenlaw.com/blog/rear-end-accident-injuries/,2026-09-24,0,12,0,6.83
https://rodenlaw.com/blog/rear-end-accident-injuries/,2026-09-25,0,15,0,10.53
https://rodenlaw.com/blog/rear-end-accident-injuries/,2026-09-26,0,8,0,31.12
https://rodenlaw.com/blog/rear-end-accident-injuries/,2026-09-27,0,22,0,12.5
https://rodenlaw.com/blog/rear-end-accident-injuries/,2026-09-28,0,27,0,20.59
https://rodenlaw.com/blog/rear-end-accident-injuries/,2026-09-29,0,10,0,7.8
https://rodenlaw.com/blog/rear-end-accident-injuries/,2026-09-30,0,13,0,4.62
https://rodenlaw.com/blog/rear-end-accident-injuries/,2026-10-01,0,13,0,21.38
https://rodenlaw.com/blog/rear-end-accident-injuries/,2026-10-02,0,12,0,39.83
https://rodenlaw.com/blog/rear-end-accident-injuries/,2026-10-03,0,19,0,21.53
https://rodenlaw.com/blog/rear-end-accident-injuries/,2026-10-04,0,11,0,19.27
https://rodenlaw.com/blog/rear-end-accident-injuries/,2026-10-05,0,12,0,10
https://rodenlaw.com/blog/rear-end-collision-liability/,2026-09-15,0,16,0,5.94
https://rodenlaw.com/blog/rear-end-collision-liability/,2026-09-16,0,21,0,7.24
https://rodenlaw.com/blog/rear-end-collision-liability/,2026-09-17,0,21,0,7.05
https://rodenlaw.com/blog/rear-end-collision-liability/,2026-09-18,0,8,0,13.62
https://rodenlaw.com/blog/rear-end-collision-liability/,2026-09-19,0,12,0,4.33
https://rodenlaw.com/blog/rear-end-collision-liability/,2026-09-20,0,8,0,6.38
https://rodenlaw.com/blog/rear-end-collision-liability/,2026-09-21,0,12,0,5.08
https://rodenlaw.com/blog/rear-end-collision-liability/,2026-09-22,0,16,0,4.81
https://rodenlaw.com/blog/rear-end-collision-liability/,2026-09-23,0,13,0,6.38
https://rodenlaw.com/blog/rear-end-collision-liability/,2026-09-24,0,20,0,7.2
https://rodenlaw.com/blog/rear-end-collision-liability/,2026-09-25,0,9,0,5.22
https://rodenlaw.com/blog/rear-end-collision-liability/,2026-09-26,0,3,0,3
https://rodenlaw.com/blog/rear-end-collision-liability/,2026-09-27,0,3,0,6.33
https://rodenlaw.com/blog/rear-end-collision-liability/,2026-09-28,0,2,0,1
https://rodenlaw.com/blog/rear-end-collision-liability/,2026-09-29,0,6,0,5.67
https://rodenlaw.com/blog/rear-end-collision-liability/,2026-09-30,0,9,0,4.89
https://rodenlaw.com/blog/rear-end-collision-liability/,2026-10-01,0,3,0,39.33
https://rodenlaw.com/blog/rear-end-collision-liability/,2026-10-02,0,4,0,25
https://rodenlaw.com/blog/rear-end-collision-liability/,2026-10-03,0,3,0,5.33
https://rodenlaw.com/blog/rear-end-collision-liability/,2026-10-05,0,2,0,1
https://rodenlaw.com/blog/reasons-for-workers-comp-claim-denial/,2026-09-16,0,1,0,6
https://rodenlaw.com/blog/reasons-for-workers-comp-claim-denial/,2026-09-20,0,1,0,70
https://rodenlaw.com/blog/reasons-for-workers-comp-claim-denial/,2026-09-24,0,9,0,4.56
https://rodenlaw.com/blog/reasons-for-workers-comp-claim-denial/,2026-09-25,0,2,0,6.5
https://rodenlaw.com/blog/reasons-for-workers-comp-claim-denial/,2026-09-26,0,3,0,4
https://rodenlaw.com/blog/reasons-for-workers-comp-claim-denial/,2026-09-27,0,1,0,4
https://rodenlaw.com/blog/reasons-for-workers-comp-claim-denial/,2026-09-28,0,9,0,4.78
https://rodenlaw.com/blog/reasons-for-workers-comp-claim-denial/,2026-09-29,0,5,0,2.4
https://rodenlaw.com/blog/reasons-for-workers-comp-claim-denial/,2026-09-30,0,1,0,2
https://rodenlaw.com/blog/reasons-for-workers-comp-claim-denial/,2026-10-01,0,3,0,51
https://rodenlaw.com/blog/reasons-for-workers-comp-claim-denial/,2026-10-02,0,2,0,3
https://rodenlaw.com/blog/reasons-for-workers-comp-claim-denial/,2026-10-04,0,2,0,5
https://rodenlaw.com/blog/reasons-for-workers-comp-claim-denial/,2026-10-05,0,1,0,2
https://rodenlaw.com/blog/recovering-damages-with-pre-existing-injuries/,2026-09-15,0,21,0,7.14
https://rodenlaw.com/blog/recovering-damages-with-pre-existing-injuries/,2026-09-16,0,13,0,17.31
https://rodenlaw.com/blog/recovering-damages-with-pre-existing-injuries/,2026-09-17,0,20,0,14.45
https://rodenlaw.com/blog/recovering-damages-with-pre-existing-injuries/,2026-09-18,0,9,0,30
https://rodenlaw.com/blog/recovering-damages-with-pre-existing-injuries/,2026-09-19,0,3,0,31.67
https://rodenlaw.com/blog/recovering-damages-with-pre-existing-injuries/,2026-09-20,0,2,0,40
https://rodenlaw.com/blog/recovering-damages-with-pre-existing-injuries/,2026-09-21,0,11,0,5.09
https://rodenlaw.com/blog/recovering-damages-with-pre-existing-injuries/,2026-09-22,0,10,0,14.1
https://rodenlaw.com/blog/recovering-damages-with-pre-existing-injuries/,2026-09-23,0,7,0,40.29
https://rodenlaw.com/blog/recovering-damages-with-pre-existing-injuries/,2026-09-24,0,6,0,11.67
https://rodenlaw.com/blog/recovering-damages-with-pre-existing-injuries/,2026-09-25,0,3,0,20.67
https://rodenlaw.com/blog/recovering-damages-with-pre-existing-injuries/,2026-09-26,0,4,0,17.5
https://rodenlaw.com/blog/recovering-damages-with-pre-existing-injuries/,2026-09-27,0,3,0,21.67
https://rodenlaw.com/blog/recovering-damages-with-pre-existing-injuries/,2026-09-28,0,4,0,18.5
https://rodenlaw.com/blog/recovering-damages-with-pre-existing-injuries/,2026-09-29,0,3,0,9.67
https://rodenlaw.com/blog/recovering-damages-with-pre-existing-injuries/,2026-09-30,0,3,0,46
https://rodenlaw.com/blog/recovering-damages-with-pre-existing-injuries/,2026-10-01,0,5,0,15.2
https://rodenlaw.com/blog/recovering-damages-with-pre-existing-injuries/,2026-10-02,0,4,0,40
https://rodenlaw.com/blog/recovering-damages-with-pre-existing-injuries/,2026-10-03,0,2,0,34.5
https://rodenlaw.com/blog/recovering-damages-with-pre-existing-injuries/,2026-10-04,0,3,0,5.67
https://rodenlaw.com/blog/recovering-damages-with-pre-existing-injuries/,2026-10-05,0,1,0,4
https://rodenlaw.com/blog/recovering-damages-with-pre-existing-injuries/#common-pre-existing-conditions,2026-09-17,0,1,0,7
https://rodenlaw.com/blog/recovering-damages-with-pre-existing-injuries/#what-is-pre-existing-injury,2026-09-17,0,1,0,7
https://rodenlaw.com/blog/refusing-opioid-prescription-in-workers-comp-claim/,2026-09-15,0,1,0,2
https://rodenlaw.com/blog/refusing-opioid-prescription-in-workers-comp-claim/,2026-09-16,0,14,0,25.86
https://rodenlaw.com/blog/refusing-opioid-prescription-in-workers-comp-claim/,2026-09-17,0,4,0,6.75
https://rodenlaw.com/blog/refusing-opioid-prescription-in-workers-comp-claim/,2026-09-18,0,3,0,13.33
https://rodenlaw.com/blog/refusing-opioid-prescription-in-workers-comp-claim/,2026-09-19,0,2,0,3.5
https://rodenlaw.com/blog/refusing-opioid-prescription-in-workers-comp-claim/,2026-09-20,0,3,0,7
https://rodenlaw.com/blog/refusing-opioid-prescription-in-workers-comp-claim/,2026-09-21,0,2,0,2
https://rodenlaw.com/blog/refusing-opioid-prescription-in-workers-comp-claim/,2026-09-22,0,6,0,6
https://rodenlaw.com/blog/refusing-opioid-prescription-in-workers-comp-claim/,2026-09-23,0,8,0,11.25
https://rodenlaw.com/blog/refusing-opioid-prescription-in-workers-comp-claim/,2026-09-24,0,4,0,13.5
https://rodenlaw.com/blog/refusing-opioid-prescription-in-workers-comp-claim/,2026-09-25,0,6,0,7.5
https://rodenlaw.com/blog/refusing-opioid-prescription-in-workers-comp-claim/,2026-09-26,0,12,0,8.92
https://rodenlaw.com/blog/refusing-opioid-prescription-in-workers-comp-claim/,2026-09-27,0,4,0,11
https://rodenlaw.com/blog/refusing-opioid-prescription-in-workers-comp-claim/,2026-09-28,0,5,0,25.8
https://rodenlaw.com/blog/refusing-opioid-prescription-in-workers-comp-claim/,2026-09-29,0,6,0,12.33
https://rodenlaw.com/blog/refusing-opioid-prescription-in-workers-comp-claim/,2026-09-30,0,19,0,17.58
https://rodenlaw.com/blog/refusing-opioid-prescription-in-workers-comp-claim/,2026-10-01,0,6,0,6
https://rodenlaw.com/blog/refusing-opioid-prescription-in-workers-comp-claim/,2026-10-02,0,8,0,10.25
https://rodenlaw.com/blog/refusing-opioid-prescription-in-workers-comp-claim/,2026-10-03,0,4,0,11.75
https://rodenlaw.com/blog/refusing-opioid-prescription-in-workers-comp-claim/,2026-10-04,0,4,0,7.5
https://rodenlaw.com/blog/releasing-medical-records/,2026-09-15,0,5,0,49.2
https://rodenlaw.com/blog/releasing-medical-records/,2026-09-16,0,2,0,54.5
https://rodenlaw.com/blog/releasing-medical-records/,2026-09-17,0,3,0,59.33
https://rodenlaw.com/blog/releasing-medical-records/,2026-09-18,0,3,0,5
https://rodenlaw.com/blog/releasing-medical-records/,2026-09-19,0,1,0,11
https://rodenlaw.com/blog/releasing-medical-records/,2026-09-21,0,2,0,7
https://rodenlaw.com/blog/releasing-medical-records/,2026-09-22,0,1,0,2
https://rodenlaw.com/blog/releasing-medical-records/,2026-09-23,0,3,0,4.33
https://rodenlaw.com/blog/releasing-medical-records/,2026-09-24,0,2,0,38
https://rodenlaw.com/blog/releasing-medical-records/,2026-09-25,0,2,0,36.5
https://rodenlaw.com/blog/releasing-medical-records/,2026-09-26,0,2,0,8.5
https://rodenlaw.com/blog/releasing-medical-records/,2026-09-27,0,1,0,76
https://rodenlaw.com/blog/releasing-medical-records/,2026-09-28,0,2,0,12
https://rodenlaw.com/blog/releasing-medical-records/,2026-09-29,0,1,0,78
https://rodenlaw.com/blog/releasing-medical-records/,2026-09-30,0,2,0,9
https://rodenlaw.com/blog/releasing-medical-records/,2026-10-01,0,2,0,42.5
https://rodenlaw.com/blog/releasing-medical-records/,2026-10-02,0,5,0,4
https://rodenlaw.com/blog/releasing-medical-records/,2026-10-03,0,4,0,3.5
https://rodenlaw.com/blog/releasing-medical-records/,2026-10-04,0,1,0,5
https://rodenlaw.com/blog/resolving-claims-through-arbitration/,2026-09-15,0,13,0,26.92
https://rodenlaw.com/blog/resolving-claims-through-arbitration/,2026-09-16,0,9,0,32.33
https://rodenlaw.com/blog/resolving-claims-through-arbitration/,2026-09-17,0,18,0,29.56
https://rodenlaw.com/blog/resolving-claims-through-arbitration/,2026-09-18,0,7,0,37.43
https://rodenlaw.com/blog/resolving-claims-through-arbitration/,2026-09-19,0,7,0,35.57
https://rodenlaw.com/blog/resolving-claims-through-arbitration/,2026-09-20,0,7,0,29
https://rodenlaw.com/blog/resolving-claims-through-arbitration/,2026-09-21,0,6,0,6.5
https://rodenlaw.com/blog/resolving-claims-through-arbitration/,2026-09-23,0,9,0,10.22
https://rodenlaw.com/blog/resolving-claims-through-arbitration/,2026-09-24,0,17,0,34.06
https://rodenlaw.com/blog/resolving-claims-through-arbitration/,2026-09-25,0,5,0,47.2
https://rodenlaw.com/blog/resolving-claims-through-arbitration/,2026-09-26,0,8,0,43.88
https://rodenlaw.com/blog/resolving-claims-through-arbitration/,2026-09-27,0,6,0,19.5
https://rodenlaw.com/blog/resolving-claims-through-arbitration/,2026-09-28,0,9,0,30.67
https://rodenlaw.com/blog/resolving-claims-through-arbitration/,2026-09-29,0,14,0,30
https://rodenlaw.com/blog/resolving-claims-through-arbitration/,2026-09-30,0,6,0,24
https://rodenlaw.com/blog/resolving-claims-through-arbitration/,2026-10-02,0,4,0,19.5
https://rodenlaw.com/blog/resolving-claims-through-arbitration/,2026-10-03,0,2,0,83
https://rodenlaw.com/blog/resolving-claims-through-arbitration/,2026-10-05,0,2,0,77.5
https://rodenlaw.com/blog/resolving-claims-through-arbitration/#arbitration-georgia,2026-09-16,0,1,0,7
https://rodenlaw.com/blog/resolving-claims-through-arbitration/#arbitration-georgia,2026-09-18,0,1,0,7
https://rodenlaw.com/blog/resolving-claims-through-arbitration/#arbitration-process,2026-09-18,0,1,0,7
https://rodenlaw.com/blog/resolving-claims-through-arbitration/#arbitration-south-carolina,2026-09-16,0,1,0,7
https://rodenlaw.com/blog/resolving-claims-through-arbitration/#arbitration-south-carolina,2026-09-18,0,1,0,7
https://rodenlaw.com/blog/resolving-claims-through-arbitration/#binding-vs-non-binding,2026-09-16,0,1,0,7
https://rodenlaw.com/blog/resolving-claims-through-arbitration/#binding-vs-non-binding,2026-09-18,0,1,0,7
https://rodenlaw.com/blog/resolving-claims-through-arbitration/#ga-vs-sc-comparison,2026-09-18,0,1,0,7
https://rodenlaw.com/blog/resolving-claims-through-arbitration/#what-is-arbitration,2026-09-18,0,1,0,7
https://rodenlaw.com/blog/resolving-claims-through-arbitration/#when-arbitration-required,2026-09-18,0,1,0,7
https://rodenlaw.com/blog/returning-to-work-too-soon-charleston-crash/,2026-09-15,0,3,0,31.33
https://rodenlaw.com/blog/returning-to-work-too-soon-charleston-crash/,2026-09-16,0,2,0,38
https://rodenlaw.com/blog/returning-to-work-too-soon-charleston-crash/,2026-09-18,0,2,0,11
https://rodenlaw.com/blog/returning-to-work-too-soon-charleston-crash/,2026-09-24,0,1,0,6
https://rodenlaw.com/blog/returning-to-work-too-soon-charleston-crash/,2026-09-26,0,1,0,7
https://rodenlaw.com/blog/returning-to-work-too-soon-charleston-crash/,2026-09-28,0,1,0,13
https://rodenlaw.com/blog/returning-to-work-too-soon-charleston-crash/,2026-09-29,0,1,0,39
https://rodenlaw.com/blog/returning-to-work-too-soon-charleston-crash/,2026-09-30,0,1,0,7
https://rodenlaw.com/blog/returning-to-work-too-soon-charleston-crash/,2026-10-03,0,1,0,7
https://rodenlaw.com/blog/rideshare-accident-i-26-tenmile-north-charleston/,2026-09-21,0,1,0,10
https://rodenlaw.com/blog/rifle-range-road-mount-pleasant-car-accident-heritage-park-west/,2026-09-15,0,1,0,16
https://rodenlaw.com/blog/rifle-range-road-mount-pleasant-car-accident-heritage-park-west/,2026-09-16,0,1,0,7
https://rodenlaw.com/blog/rifle-range-road-mount-pleasant-car-accident-heritage-park-west/,2026-09-17,0,8,0,4
https://rodenlaw.com/blog/rifle-range-road-mount-pleasant-car-accident-heritage-park-west/,2026-09-18,0,2,0,7.5
https://rodenlaw.com/blog/rifle-range-road-mount-pleasant-car-accident-heritage-park-west/,2026-09-19,0,1,0,7
https://rodenlaw.com/blog/rifle-range-road-mount-pleasant-car-accident-heritage-park-west/,2026-09-21,0,2,0,7.5
https://rodenlaw.com/blog/rifle-range-road-mount-pleasant-car-accident-heritage-park-west/,2026-09-22,0,8,0,9.88
https://rodenlaw.com/blog/rifle-range-road-mount-pleasant-car-accident-heritage-park-west/,2026-09-24,0,1,0,2
https://rodenlaw.com/blog/rifle-range-road-mount-pleasant-car-accident-heritage-park-west/,2026-09-25,0,2,0,15
https://rodenlaw.com/blog/rifle-range-road-mount-pleasant-car-accident-heritage-park-west/,2026-09-26,0,6,0,25.83
https://rodenlaw.com/blog/rifle-range-road-mount-pleasant-car-accident-heritage-park-west/,2026-09-27,0,6,0,16.33
https://rodenlaw.com/blog/rifle-range-road-mount-pleasant-car-accident-heritage-park-west/,2026-09-28,0,16,0,16.75
https://rodenlaw.com/blog/rifle-range-road-mount-pleasant-car-accident-heritage-park-west/,2026-09-29,0,1,0,50
https://rodenlaw.com/blog/rifle-range-road-mount-pleasant-car-accident-heritage-park-west/,2026-09-30,0,8,0,18.25
https://rodenlaw.com/blog/rifle-range-road-mount-pleasant-car-accident-heritage-park-west/,2026-10-01,0,1,0,20
https://rodenlaw.com/blog/rifle-range-road-mount-pleasant-car-accident-heritage-park-west/,2026-10-02,0,3,0,9.33
https://rodenlaw.com/blog/rifle-range-road-mount-pleasant-car-accident-heritage-park-west/,2026-10-03,0,3,0,10.33
https://rodenlaw.com/blog/rifle-range-road-mount-pleasant-car-accident-heritage-park-west/,2026-10-04,0,2,0,11.5
https://rodenlaw.com/blog/rifle-range-road-mount-pleasant-car-accident-heritage-park-west/,2026-10-05,0,18,0,36.67
https://rodenlaw.com/blog/risk-of-refusing-medical-care-after-car-crash-charleston/,2026-09-16,0,1,0,8
https://rodenlaw.com/blog/risk-of-refusing-medical-care-after-car-crash-charleston/,2026-09-19,0,2,0,1.5
https://rodenlaw.com/blog/risk-of-refusing-medical-care-after-car-crash-charleston/,2026-09-20,0,1,0,39
https://rodenlaw.com/blog/risk-of-refusing-medical-care-after-car-crash-charleston/,2026-09-21,0,2,0,3.5
https://rodenlaw.com/blog/risk-of-refusing-medical-care-after-car-crash-charleston/,2026-09-22,0,1,0,2
https://rodenlaw.com/blog/risk-of-refusing-medical-care-after-car-crash-charleston/,2026-09-24,0,2,0,4.5
https://rodenlaw.com/blog/rivers-avenue-northwoods-bus-accident-lawyer-north-charleston/,2026-09-26,0,2,0,7
https://rodenlaw.com/blog/rivers-avenue-northwoods-bus-accident-lawyer-north-charleston/,2026-09-28,0,8,0,7.62
https://rodenlaw.com/blog/rivers-avenue-northwoods-bus-accident-lawyer-north-charleston/,2026-10-05,0,6,0,7
https://rodenlaw.com/blog/rivers-avenue-pedestrian-deaths-north-charleston/,2026-09-15,0,2,0,7
https://rodenlaw.com/blog/rivers-avenue-pedestrian-deaths-north-charleston/,2026-09-17,0,1,0,7
https://rodenlaw.com/blog/rivers-avenue-pedestrian-deaths-north-charleston/,2026-09-18,0,2,0,1.5
https://rodenlaw.com/blog/rivers-avenue-pedestrian-deaths-north-charleston/,2026-09-22,0,1,0,6
https://rodenlaw.com/blog/rivers-avenue-pedestrian-deaths-north-charleston/,2026-09-26,0,1,0,54
https://rodenlaw.com/blog/rivers-avenue-pedestrian-deaths-north-charleston/,2026-09-28,0,4,0,10
https://rodenlaw.com/blog/road-hazard-car-accident-liability/,2026-09-25,0,1,0,16
https://rodenlaw.com/blog/road-hazard-car-accident-liability/,2026-09-27,0,1,0,46
https://rodenlaw.com/blog/road-hazard-car-accident-liability/,2026-09-29,0,1,0,10
https://rodenlaw.com/blog/road-hazard-car-accident-liability/,2026-09-30,0,1,0,5
https://rodenlaw.com/blog/roadway-hazard-auto-accident/,2026-09-16,0,2,0,7.5
https://rodenlaw.com/blog/roadway-hazard-auto-accident/,2026-09-18,0,1,0,7
https://rodenlaw.com/blog/roadway-hazard-auto-accident/,2026-09-21,0,1,0,11
https://rodenlaw.com/blog/roadway-hazard-auto-accident/,2026-09-22,0,1,0,5
https://rodenlaw.com/blog/roadway-hazard-auto-accident/,2026-09-24,0,1,0,4
https://rodenlaw.com/blog/roadway-hazard-auto-accident/,2026-09-25,0,1,0,6
https://rodenlaw.com/blog/roadway-hazard-auto-accident/,2026-09-26,0,1,0,10
https://rodenlaw.com/blog/roadway-hazard-auto-accident/,2026-09-29,0,1,0,11
https://rodenlaw.com/blog/rollover-crashes-and-what-they-do-to-body/,2026-09-20,0,1,0,1
https://rodenlaw.com/blog/rollover-crashes-and-what-they-do-to-your-body/,2026-09-15,0,149,0,23.28
https://rodenlaw.com/blog/rollover-crashes-and-what-they-do-to-your-body/,2026-09-16,0,127,0,22.93
https://rodenlaw.com/blog/rollover-crashes-and-what-they-do-to-your-body/,2026-09-17,0,129,0,20.25
https://rodenlaw.com/blog/rollover-crashes-and-what-they-do-to-your-body/,2026-09-18,0,152,0,18.73
https://rodenlaw.com/blog/rollover-crashes-and-what-they-do-to-your-body/,2026-09-19,0,131,0,21.32
https://rodenlaw.com/blog/rollover-crashes-and-what-they-do-to-your-body/,2026-09-20,0,114,0,21.84
https://rodenlaw.com/blog/rollover-crashes-and-what-they-do-to-your-body/,2026-09-21,0,137,0,19.44
https://rodenlaw.com/blog/rollover-crashes-and-what-they-do-to-your-body/,2026-09-22,0,135,0,21.97
https://rodenlaw.com/blog/rollover-crashes-and-what-they-do-to-your-body/,2026-09-23,0,115,0,16.47
https://rodenlaw.com/blog/rollover-crashes-and-what-they-do-to-your-body/,2026-09-24,0,142,0,19.87
https://rodenlaw.com/blog/rollover-crashes-and-what-they-do-to-your-body/,2026-09-26,0,113,0,21.14
https://rodenlaw.com/blog/rollover-crashes-and-what-they-do-to-your-body/,2026-09-27,0,102,0,17.82
https://rodenlaw.com/blog/rollover-crashes-and-what-they-do-to-your-body/,2026-09-28,0,150,0,17.67
https://rodenlaw.com/blog/rollover-crashes-and-what-they-do-to-your-body/,2026-09-29,0,143,0,18.26
https://rodenlaw.com/blog/rollover-crashes-and-what-they-do-to-your-body/,2026-09-30,0,109,0,20.85
https://rodenlaw.com/blog/rollover-crashes-and-what-they-do-to-your-body/,2026-10-01,0,145,0,23.86
https://rodenlaw.com/blog/rollover-crashes-and-what-they-do-to-your-body/,2026-10-02,0,119,0,28.23
https://rodenlaw.com/blog/rollover-crashes-and-what-they-do-to-your-body/,2026-10-03,0,85,0,38.07
https://rodenlaw.com/blog/rollover-crashes-and-what-they-do-to-your-body/,2026-10-05,0,81,0,27.09
https://rodenlaw.com/blog/rollover-crashes-and-what-they-do-to-your-body/#common-injuries,2026-09-15,0,6,0,7.5
https://rodenlaw.com/blog/rollover-crashes-and-what-they-do-to-your-body/#common-injuries,2026-09-16,0,1,0,10
https://rodenlaw.com/blog/rollover-crashes-and-what-they-do-to-your-body/#common-injuries,2026-09-17,0,3,0,10.33
https://rodenlaw.com/blog/rollover-crashes-and-what-they-do-to-your-body/#common-injuries,2026-09-18,0,4,0,7
https://rodenlaw.com/blog/rollover-crashes-and-what-they-do-to-your-body/#common-injuries,2026-09-19,0,6,0,6.17
https://rodenlaw.com/blog/rollover-crashes-and-what-they-do-to-your-body/#common-injuries,2026-09-20,0,2,0,7.5
https://rodenlaw.com/blog/rollover-crashes-and-what-they-do-to-your-body/#common-injuries,2026-09-21,0,5,0,7.8
https://rodenlaw.com/blog/rollover-crashes-and-what-they-do-to-your-body/#common-injuries,2026-09-22,0,3,0,8
https://rodenlaw.com/blog/rollover-crashes-and-what-they-do-to-your-body/#common-injuries,2026-09-23,0,3,0,7
https://rodenlaw.com/blog/rollover-crashes-and-what-they-do-to-your-body/#common-injuries,2026-09-24,0,5,0,7.2
https://rodenlaw.com/blog/rollover-crashes-and-what-they-do-to-your-body/#common-injuries,2026-09-25,0,3,0,6.33
https://rodenlaw.com/blog/rollover-crashes-and-what-they-do-to-your-body/#common-injuries,2026-09-26,0,5,0,7.6
https://rodenlaw.com/blog/rollover-crashes-and-what-they-do-to-your-body/#common-injuries,2026-09-27,0,3,0,6
https://rodenlaw.com/blog/rollover-crashes-and-what-they-do-to-your-body/#common-injuries,2026-09-28,0,4,0,7
https://rodenlaw.com/blog/rollover-crashes-and-what-they-do-to-your-body/#common-injuries,2026-09-29,0,6,0,7.83
https://rodenlaw.com/blog/rollover-crashes-and-what-they-do-to-your-body/#common-injuries,2026-09-30,0,1,0,7
https://rodenlaw.com/blog/rollover-crashes-and-what-they-do-to-your-body/#common-injuries,2026-10-01,0,1,0,6
https://rodenlaw.com/blog/rollover-crashes-and-what-they-do-to-your-body/#common-injuries,2026-10-02,0,1,0,11
https://rodenlaw.com/blog/rollover-crashes-and-what-they-do-to-your-body/#comparative-fault,2026-09-15,0,5,0,8
https://rodenlaw.com/blog/rollover-crashes-and-what-they-do-to-your-body/#comparative-fault,2026-09-16,0,1,0,10
https://rodenlaw.com/blog/rollover-crashes-and-what-they-do-to-your-body/#comparative-fault,2026-09-17,0,3,0,10.33
https://rodenlaw.com/blog/rollover-crashes-and-what-they-do-to-your-body/#comparative-fault,2026-09-18,0,2,0,9
https://rodenlaw.com/blog/rollover-crashes-and-what-they-do-to-your-body/#comparative-fault,2026-09-19,0,5,0,6
https://rodenlaw.com/blog/rollover-crashes-and-what-they-do-to-your-body/#comparative-fault,2026-09-20,0,2,0,7.5
https://rodenlaw.com/blog/rollover-crashes-and-what-they-do-to-your-body/#comparative-fault,2026-09-21,0,4,0,8.5
https://rodenlaw.com/blog/rollover-crashes-and-what-they-do-to-your-body/#comparative-fault,2026-09-22,0,3,0,8
https://rodenlaw.com/blog/rollover-crashes-and-what-they-do-to-your-body/#comparative-fault,2026-09-23,0,3,0,7
https://rodenlaw.com/blog/rollover-crashes-and-what-they-do-to-your-body/#comparative-fault,2026-09-24,0,5,0,7.2
https://rodenlaw.com/blog/rollover-crashes-and-what-they-do-to-your-body/#comparative-fault,2026-09-25,0,3,0,6.33
https://rodenlaw.com/blog/rollover-crashes-and-what-they-do-to-your-body/#comparative-fault,2026-09-26,0,5,0,7.6
https://rodenlaw.com/blog/rollover-crashes-and-what-they-do-to-your-body/#comparative-fault,2026-09-27,0,3,0,6
https://rodenlaw.com/blog/rollover-crashes-and-what-they-do-to-your-body/#comparative-fault,2026-09-28,0,4,0,7
https://rodenlaw.com/blog/rollover-crashes-and-what-they-do-to-your-body/#comparative-fault,2026-09-29,0,6,0,7.83
https://rodenlaw.com/blog/rollover-crashes-and-what-they-do-to-your-body/#comparative-fault,2026-09-30,0,1,0,7
https://rodenlaw.com/blog/rollover-crashes-and-what-they-do-to-your-body/#comparative-fault,2026-10-01,0,1,0,6
https://rodenlaw.com/blog/rollover-crashes-and-what-they-do-to-your-body/#comparative-fault,2026-10-02,0,1,0,11
https://rodenlaw.com/blog/rollover-crashes-and-what-they-do-to-your-body/#damages-you-can-recover,2026-09-15,0,7,0,7.71
https://rodenlaw.com/blog/rollover-crashes-and-what-they-do-to-your-body/#damages-you-can-recover,2026-09-16,0,1,0,10
https://rodenlaw.com/blog/rollover-crashes-and-what-they-do-to-your-body/#damages-you-can-recover,2026-09-17,0,4,0,10.25
https://rodenlaw.com/blog/rollover-crashes-and-what-they-do-to-your-body/#damages-you-can-recover,2026-09-18,0,4,0,9.5
https://rodenlaw.com/blog/rollover-crashes-and-what-they-do-to-your-body/#damages-you-can-recover,2026-09-19,0,5,0,6
https://rodenlaw.com/blog/rollover-crashes-and-what-they-do-to-your-body/#damages-you-can-recover,2026-09-20,0,2,0,7.5
https://rodenlaw.com/blog/rollover-crashes-and-what-they-do-to-your-body/#damages-you-can-recover,2026-09-21,0,6,0,8.83
https://rodenlaw.com/blog/rollover-crashes-and-what-they-do-to-your-body/#damages-you-can-recover,2026-09-22,0,3,0,8
https://rodenlaw.com/blog/rollover-crashes-and-what-they-do-to-your-body/#damages-you-can-recover,2026-09-23,0,3,0,7
https://rodenlaw.com/blog/rollover-crashes-and-what-they-do-to-your-body/#damages-you-can-recover,2026-09-24,0,5,0,7.2
https://rodenlaw.com/blog/rollover-crashes-and-what-they-do-to-your-body/#damages-you-can-recover,2026-09-25,0,3,0,6.33
https://rodenlaw.com/blog/rollover-crashes-and-what-they-do-to-your-body/#damages-you-can-recover,2026-09-26,0,5,0,7.6
https://rodenlaw.com/blog/rollover-crashes-and-what-they-do-to-your-body/#damages-you-can-recover,2026-09-27,0,3,0,6
https://rodenlaw.com/blog/rollover-crashes-and-what-they-do-to-your-body/#damages-you-can-recover,2026-09-28,0,4,0,7
https://rodenlaw.com/blog/rollover-crashes-and-what-they-do-to-your-body/#damages-you-can-recover,2026-09-29,0,6,0,7.83
https://rodenlaw.com/blog/rollover-crashes-and-what-they-do-to-your-body/#damages-you-can-recover,2026-09-30,0,1,0,7
https://rodenlaw.com/blog/rollover-crashes-and-what-they-do-to-your-body/#damages-you-can-recover,2026-10-01,0,1,0,6
https://rodenlaw.com/blog/rollover-crashes-and-what-they-do-to-your-body/#damages-you-can-recover,2026-10-02,0,1,0,11
https://rodenlaw.com/blog/rollover-crashes-and-what-they-do-to-your-body/#how-rollovers-happen,2026-09-15,0,5,0,8
https://rodenlaw.com/blog/rollover-crashes-and-what-they-do-to-your-body/#how-rollovers-happen,2026-09-16,0,1,0,10
https://rodenlaw.com/blog/rollover-crashes-and-what-they-do-to-your-body/#how-rollovers-happen,2026-09-17,0,4,0,10
https://rodenlaw.com/blog/rollover-crashes-and-what-they-do-to-your-body/#how-rollovers-happen,2026-09-18,0,3,0,7.67
https://rodenlaw.com/blog/rollover-crashes-and-what-they-do-to-your-body/#how-rollovers-happen,2026-09-19,0,6,0,6.17
https://rodenlaw.com/blog/rollover-crashes-and-what-they-do-to-your-body/#how-rollovers-happen,2026-09-20,0,2,0,7.5
https://rodenlaw.com/blog/rollover-crashes-and-what-they-do-to-your-body/#how-rollovers-happen,2026-09-21,0,5,0,7.8
https://rodenlaw.com/blog/rollover-crashes-and-what-they-do-to-your-body/#how-rollovers-happen,2026-09-22,0,3,0,8
https://rodenlaw.com/blog/rollover-crashes-and-what-they-do-to-your-body/#how-rollovers-happen,2026-09-23,0,3,0,7
https://rodenlaw.com/blog/rollover-crashes-and-what-they-do-to-your-body/#how-rollovers-happen,2026-09-24,0,6,0,7.67
https://rodenlaw.com/blog/rollover-crashes-and-what-they-do-to-your-body/#how-rollovers-happen,2026-09-25,0,3,0,6.33
https://rodenlaw.com/blog/rollover-crashes-and-what-they-do-to-your-body/#how-rollovers-happen,2026-09-26,0,5,0,7.6
https://rodenlaw.com/blog/rollover-crashes-and-what-they-do-to-your-body/#how-rollovers-happen,2026-09-27,0,3,0,6
https://rodenlaw.com/blog/rollover-crashes-and-what-they-do-to-your-body/#how-rollovers-happen,2026-09-28,0,4,0,7
https://rodenlaw.com/blog/rollover-crashes-and-what-they-do-to-your-body/#how-rollovers-happen,2026-09-29,0,6,0,7.83
https://rodenlaw.com/blog/rollover-crashes-and-what-they-do-to-your-body/#how-rollovers-happen,2026-09-30,0,1,0,7
https://rodenlaw.com/blog/rollover-crashes-and-what-they-do-to-your-body/#how-rollovers-happen,2026-10-01,0,1,0,6
https://rodenlaw.com/blog/rollover-crashes-and-what-they-do-to-your-body/#how-rollovers-happen,2026-10-02,0,1,0,11
https://rodenlaw.com/blog/rollover-crashes-and-what-they-do-to-your-body/#what-happens-to-your-body,2026-09-15,0,7,0,7.71
https://rodenlaw.com/blog/rollover-crashes-and-what-they-do-to-your-body/#what-happens-to-your-body,2026-09-16,0,1,0,10
https://rodenlaw.com/blog/rollover-crashes-and-what-they-do-to-your-body/#what-happens-to-your-body,2026-09-17,0,3,0,10.33
https://rodenlaw.com/blog/rollover-crashes-and-what-they-do-to-your-body/#what-happens-to-your-body,2026-09-18,0,4,0,9.5
https://rodenlaw.com/blog/rollover-crashes-and-what-they-do-to-your-body/#what-happens-to-your-body,2026-09-19,0,5,0,6
https://rodenlaw.com/blog/rollover-crashes-and-what-they-do-to-your-body/#what-happens-to-your-body,2026-09-20,0,2,0,7.5
https://rodenlaw.com/blog/rollover-crashes-and-what-they-do-to-your-body/#what-happens-to-your-body,2026-09-21,0,5,0,8.2
https://rodenlaw.com/blog/rollover-crashes-and-what-they-do-to-your-body/#what-happens-to-your-body,2026-09-22,0,3,0,8
https://rodenlaw.com/blog/rollover-crashes-and-what-they-do-to-your-body/#what-happens-to-your-body,2026-09-23,0,3,0,7
https://rodenlaw.com/blog/rollover-crashes-and-what-they-do-to-your-body/#what-happens-to-your-body,2026-09-24,0,5,0,7.2
https://rodenlaw.com/blog/rollover-crashes-and-what-they-do-to-your-body/#what-happens-to-your-body,2026-09-25,0,3,0,6.33
https://rodenlaw.com/blog/rollover-crashes-and-what-they-do-to-your-body/#what-happens-to-your-body,2026-09-26,0,5,0,7.6
https://rodenlaw.com/blog/rollover-crashes-and-what-they-do-to-your-body/#what-happens-to-your-body,2026-09-27,0,3,0,6
https://rodenlaw.com/blog/rollover-crashes-and-what-they-do-to-your-body/#what-happens-to-your-body,2026-09-28,0,4,0,7
https://rodenlaw.com/blog/rollover-crashes-and-what-they-do-to-your-body/#what-happens-to-your-body,2026-09-29,0,6,0,7.83
https://rodenlaw.com/blog/rollover-crashes-and-what-they-do-to-your-body/#what-happens-to-your-body,2026-09-30,0,1,0,7
https://rodenlaw.com/blog/rollover-crashes-and-what-they-do-to-your-body/#what-happens-to-your-body,2026-10-01,0,1,0,6
https://rodenlaw.com/blog/rollover-crashes-and-what-they-do-to-your-body/#what-happens-to-your-body,2026-10-02,0,1,0,11
https://rodenlaw.com/blog/rollover-crashes-and-what-they-do-to-your-body/#what-is-rollover-crash,2026-09-15,0,6,0,7.5
https://rodenlaw.com/blog/rollover-crashes-and-what-they-do-to-your-body/#what-is-rollover-crash,2026-09-16,0,1,0,10
https://rodenlaw.com/blog/rollover-crashes-and-what-they-do-to-your-body/#what-is-rollover-crash,2026-09-17,0,4,0,10
https://rodenlaw.com/blog/rollover-crashes-and-what-they-do-to-your-body/#what-is-rollover-crash,2026-09-18,0,3,0,9.67
https://rodenlaw.com/blog/rollover-crashes-and-what-they-do-to-your-body/#what-is-rollover-crash,2026-09-19,0,5,0,6
https://rodenlaw.com/blog/rollover-crashes-and-what-they-do-to-your-body/#what-is-rollover-crash,2026-09-20,0,2,0,7.5
https://rodenlaw.com/blog/rollover-crashes-and-what-they-do-to-your-body/#what-is-rollover-crash,2026-09-21,0,4,0,8.5
https://rodenlaw.com/blog/rollover-crashes-and-what-they-do-to-your-body/#what-is-rollover-crash,2026-09-22,0,3,0,8
https://rodenlaw.com/blog/rollover-crashes-and-what-they-do-to-your-body/#what-is-rollover-crash,2026-09-23,0,3,0,7
https://rodenlaw.com/blog/rollover-crashes-and-what-they-do-to-your-body/#what-is-rollover-crash,2026-09-24,0,5,0,7.2
https://rodenlaw.com/blog/rollover-crashes-and-what-they-do-to-your-body/#what-is-rollover-crash,2026-09-25,0,5,0,8
https://rodenlaw.com/blog/rollover-crashes-and-what-they-do-to-your-body/#what-is-rollover-crash,2026-09-26,0,5,0,7.6
https://rodenlaw.com/blog/rollover-crashes-and-what-they-do-to-your-body/#what-is-rollover-crash,2026-09-27,0,3,0,6
https://rodenlaw.com/blog/rollover-crashes-and-what-they-do-to-your-body/#what-is-rollover-crash,2026-09-28,0,5,0,7.8
https://rodenlaw.com/blog/rollover-crashes-and-what-they-do-to-your-body/#what-is-rollover-crash,2026-09-29,0,7,0,7.43
https://rodenlaw.com/blog/rollover-crashes-and-what-they-do-to-your-body/#what-is-rollover-crash,2026-09-30,0,3,0,6
https://rodenlaw.com/blog/rollover-crashes-and-what-they-do-to-your-body/#what-is-rollover-crash,2026-10-01,0,1,0,6
https://rodenlaw.com/blog/rollover-crashes-and-what-they-do-to-your-body/#what-is-rollover-crash,2026-10-02,0,1,0,11
https://rodenlaw.com/blog/rollover-crashes-and-what-they-do-to-your-body/#who-is-liable,2026-09-15,0,7,0,7.14
https://rodenlaw.com/blog/rollover-crashes-and-what-they-do-to-your-body/#who-is-liable,2026-09-16,0,1,0,10
https://rodenlaw.com/blog/rollover-crashes-and-what-they-do-to-your-body/#who-is-liable,2026-09-17,0,4,0,10.25
https://rodenlaw.com/blog/rollover-crashes-and-what-they-do-to-your-body/#who-is-liable,2026-09-18,0,4,0,8.5
https://rodenlaw.com/blog/rollover-crashes-and-what-they-do-to-your-body/#who-is-liable,2026-09-19,0,5,0,6
https://rodenlaw.com/blog/rollover-crashes-and-what-they-do-to-your-body/#who-is-liable,2026-09-20,0,2,0,7.5
https://rodenlaw.com/blog/rollover-crashes-and-what-they-do-to-your-body/#who-is-liable,2026-09-21,0,7,0,8.57
https://rodenlaw.com/blog/rollover-crashes-and-what-they-do-to-your-body/#who-is-liable,2026-09-22,0,3,0,8
https://rodenlaw.com/blog/rollover-crashes-and-what-they-do-to-your-body/#who-is-liable,2026-09-23,0,3,0,7
https://rodenlaw.com/blog/rollover-crashes-and-what-they-do-to-your-body/#who-is-liable,2026-09-24,0,6,0,7.67
https://rodenlaw.com/blog/rollover-crashes-and-what-they-do-to-your-body/#who-is-liable,2026-09-25,0,5,0,8
https://rodenlaw.com/blog/rollover-crashes-and-what-they-do-to-your-body/#who-is-liable,2026-09-26,0,5,0,7.6
https://rodenlaw.com/blog/rollover-crashes-and-what-they-do-to-your-body/#who-is-liable,2026-09-27,0,3,0,6
https://rodenlaw.com/blog/rollover-crashes-and-what-they-do-to-your-body/#who-is-liable,2026-09-28,0,5,0,7.8
https://rodenlaw.com/blog/rollover-crashes-and-what-they-do-to-your-body/#who-is-liable,2026-09-29,0,7,0,7.43
https://rodenlaw.com/blog/rollover-crashes-and-what-they-do-to-your-body/#who-is-liable,2026-09-30,0,3,0,6
https://rodenlaw.com/blog/rollover-crashes-and-what-they-do-to-your-body/#who-is-liable,2026-10-01,0,1,0,6
https://rodenlaw.com/blog/rollover-crashes-and-what-they-do-to-your-body/#who-is-liable,2026-10-02,0,1,0,11
https://rodenlaw.com/blog/safe-bike-riding-georgias-roadways/,2026-09-15,0,2,0,6.5
https://rodenlaw.com/blog/safe-bike-riding-georgias-roadways/,2026-09-16,0,1,0,8
https://rodenlaw.com/blog/safe-bike-riding-georgias-roadways/,2026-09-29,0,1,0,11
https://rodenlaw.com/blog/safe-bike-riding-georgias-roadways/,2026-09-30,0,2,0,10
https://rodenlaw.com/blog/safe-bike-riding-georgias-roadways/,2026-10-02,0,1,0,2
https://rodenlaw.com/blog/safe-driving-in-construction-zones/,2026-09-15,0,1,0,11
https://rodenlaw.com/blog/safe-driving-in-construction-zones/,2026-09-19,0,2,0,10
https://rodenlaw.com/blog/safe-driving-in-construction-zones/,2026-09-22,0,4,0,6.75
https://rodenlaw.com/blog/safe-driving-in-construction-zones/,2026-09-23,0,2,0,7
https://rodenlaw.com/blog/safe-driving-in-construction-zones/,2026-09-25,0,1,0,8
https://rodenlaw.com/blog/safe-driving-in-construction-zones/,2026-09-27,0,1,0,6
https://rodenlaw.com/blog/safe-driving-in-construction-zones/,2026-09-29,0,1,0,12
https://rodenlaw.com/blog/safe-driving-in-construction-zones/,2026-10-03,0,1,0,3
https://rodenlaw.com/blog/safest-hospitals-georgia/,2026-09-16,0,1,0,9
https://rodenlaw.com/blog/safest-hospitals-georgia/,2026-09-22,0,1,0,29
https://rodenlaw.com/blog/safest-hospitals-georgia/,2026-09-23,0,1,0,4
https://rodenlaw.com/blog/safest-hospitals-georgia/,2026-09-25,0,1,0,12
https://rodenlaw.com/blog/safest-hospitals-georgia/,2026-09-27,0,1,0,3
https://rodenlaw.com/blog/safest-hospitals-georgia/,2026-09-28,0,2,0,43
https://rodenlaw.com/blog/safest-hospitals-georgia/,2026-09-30,0,1,0,9
https://rodenlaw.com/blog/safest-hospitals-georgia/,2026-10-01,0,1,0,10
https://rodenlaw.com/blog/safety-tips-driving-work-zones-georgia/,2026-09-17,0,2,0,10.5
https://rodenlaw.com/blog/safety-tips-driving-work-zones-georgia/,2026-09-23,0,1,0,11
https://rodenlaw.com/blog/safety-tips-driving-work-zones-georgia/,2026-09-24,0,1,0,6
https://rodenlaw.com/blog/safety-tips-driving-work-zones-georgia/,2026-09-25,0,1,0,24
https://rodenlaw.com/blog/safety-tips-driving-work-zones-georgia/,2026-09-28,0,1,0,8
https://rodenlaw.com/blog/safety-tips-driving-work-zones-georgia/,2026-10-01,0,4,0,9
https://rodenlaw.com/blog/safety-tips-driving-work-zones-georgia/,2026-10-04,0,3,0,17.33
https://rodenlaw.com/blog/savannah-dangerous-highways-i16-i95-abercorn/,2026-09-15,0,20,0,7.8
https://rodenlaw.com/blog/savannah-dangerous-highways-i16-i95-abercorn/,2026-09-16,0,12,0,6.75
https://rodenlaw.com/blog/savannah-dangerous-highways-i16-i95-abercorn/,2026-09-17,0,11,0,8
https://rodenlaw.com/blog/savannah-dangerous-highways-i16-i95-abercorn/,2026-09-18,0,19,0,8.05
https://rodenlaw.com/blog/savannah-dangerous-highways-i16-i95-abercorn/,2026-09-19,0,15,0,10.6
https://rodenlaw.com/blog/savannah-dangerous-highways-i16-i95-abercorn/,2026-09-20,0,7,0,5.43
https://rodenlaw.com/blog/savannah-dangerous-highways-i16-i95-abercorn/,2026-09-21,0,13,0,6.69
https://rodenlaw.com/blog/savannah-dangerous-highways-i16-i95-abercorn/,2026-09-22,0,15,0,5.87
https://rodenlaw.com/blog/savannah-dangerous-highways-i16-i95-abercorn/,2026-09-23,0,24,0,8.71
https://rodenlaw.com/blog/savannah-dangerous-highways-i16-i95-abercorn/,2026-09-25,0,17,0,8.59
https://rodenlaw.com/blog/savannah-dangerous-highways-i16-i95-abercorn/,2026-09-26,0,9,0,9
https://rodenlaw.com/blog/savannah-dangerous-highways-i16-i95-abercorn/,2026-09-27,0,13,0,9.38
https://rodenlaw.com/blog/savannah-dangerous-highways-i16-i95-abercorn/,2026-09-28,0,10,0,8.2
https://rodenlaw.com/blog/savannah-dangerous-highways-i16-i95-abercorn/,2026-09-30,0,15,0,4.33
https://rodenlaw.com/blog/savannah-dangerous-highways-i16-i95-abercorn/,2026-10-01,0,15,0,5.87
https://rodenlaw.com/blog/savannah-dangerous-highways-i16-i95-abercorn/,2026-10-03,0,10,0,9.3
https://rodenlaw.com/blog/savannah-dangerous-highways-i16-i95-abercorn/,2026-10-04,0,3,0,7
https://rodenlaw.com/blog/savannah-dangerous-highways-i16-i95-abercorn/,2026-10-05,0,2,0,5
https://rodenlaw.com/blog/savannah-dangerous-highways-i16-i95-abercorn/#abercorn-street,2026-09-20,0,1,0,6
https://rodenlaw.com/blog/savannah-dangerous-highways-i16-i95-abercorn/#abercorn-street,2026-10-03,0,1,0,10
https://rodenlaw.com/blog/savannah-dangerous-highways-i16-i95-abercorn/#common-causes,2026-09-20,0,1,0,6
https://rodenlaw.com/blog/savannah-dangerous-highways-i16-i95-abercorn/#common-causes,2026-09-29,0,1,0,3
https://rodenlaw.com/blog/savannah-dangerous-highways-i16-i95-abercorn/#common-causes,2026-10-03,0,1,0,10
https://rodenlaw.com/blog/savannah-dangerous-highways-i16-i95-abercorn/#derenne-avenue,2026-09-20,0,1,0,6
https://rodenlaw.com/blog/savannah-dangerous-highways-i16-i95-abercorn/#derenne-avenue,2026-10-03,0,1,0,10
https://rodenlaw.com/blog/savannah-dangerous-highways-i16-i95-abercorn/#i-16,2026-09-20,0,1,0,6
https://rodenlaw.com/blog/savannah-dangerous-highways-i16-i95-abercorn/#i-16,2026-09-29,0,1,0,3
https://rodenlaw.com/blog/savannah-dangerous-highways-i16-i95-abercorn/#i-16,2026-10-03,0,1,0,10
https://rodenlaw.com/blog/savannah-dangerous-highways-i16-i95-abercorn/#i-516,2026-09-20,0,1,0,6
https://rodenlaw.com/blog/savannah-dangerous-highways-i16-i95-abercorn/#i-516,2026-10-03,0,1,0,10
https://rodenlaw.com/blog/savannah-dangerous-highways-i16-i95-abercorn/#i-95,2026-09-20,0,1,0,6
https://rodenlaw.com/blog/savannah-dangerous-highways-i16-i95-abercorn/#i-95,2026-10-03,0,1,0,10
https://rodenlaw.com/blog/savannah-dangerous-highways-i16-i95-abercorn/#savannah-highway-danger,2026-09-20,0,1,0,6
https://rodenlaw.com/blog/savannah-dangerous-highways-i16-i95-abercorn/#savannah-highway-danger,2026-10-03,0,1,0,10
https://rodenlaw.com/blog/savannah-highway-truck-accidents-west-ashley-us-17/,2026-09-15,0,2,0,5.5
https://rodenlaw.com/blog/savannah-highway-truck-accidents-west-ashley-us-17/,2026-09-16,0,2,0,5.5
https://rodenlaw.com/blog/savannah-highway-truck-accidents-west-ashley-us-17/,2026-09-17,0,1,0,5
https://rodenlaw.com/blog/savannah-highway-truck-accidents-west-ashley-us-17/,2026-09-20,0,1,0,11
https://rodenlaw.com/blog/savannah-highway-truck-accidents-west-ashley-us-17/,2026-09-21,0,1,0,4
https://rodenlaw.com/blog/savannah-highway-truck-accidents-west-ashley-us-17/,2026-09-22,0,1,0,10
https://rodenlaw.com/blog/savannah-highway-truck-accidents-west-ashley-us-17/,2026-09-24,0,1,0,8
https://rodenlaw.com/blog/savannah-highway-truck-accidents-west-ashley-us-17/,2026-09-25,0,3,0,5.33
https://rodenlaw.com/blog/savannah-highway-truck-accidents-west-ashley-us-17/,2026-09-26,0,1,0,16
https://rodenlaw.com/blog/savannah-highway-truck-accidents-west-ashley-us-17/,2026-09-27,0,1,0,6
https://rodenlaw.com/blog/savannah-highway-truck-accidents-west-ashley-us-17/,2026-09-28,0,1,0,11
https://rodenlaw.com/blog/savannah-highway-truck-accidents-west-ashley-us-17/,2026-10-02,0,2,0,3.5
https://rodenlaw.com/blog/savannah-highway-truck-accidents-west-ashley-us-17/,2026-10-04,0,1,0,7
https://rodenlaw.com/blog/savannah-veterans-parkway-car-accident-lawyer/,2026-09-28,0,1,0,9
https://rodenlaw.com/blog/savannah-veterans-parkway-car-accident-lawyer/,2026-09-30,0,2,0,8
https://rodenlaw.com/blog/second-opinion-for-charleston-car-crash-injuries/,2026-09-20,0,1,0,9
https://rodenlaw.com/blog/second-opinion-for-charleston-car-crash-injuries/,2026-09-25,0,5,0,16.6
https://rodenlaw.com/blog/second-opinion-for-charleston-car-crash-injuries/,2026-09-29,0,4,0,40.5
https://rodenlaw.com/blog/settle-workers-comp-case/,2026-09-15,0,11,0,25
https://rodenlaw.com/blog/settle-workers-comp-case/,2026-09-16,0,9,0,32.44
https://rodenlaw.com/blog/settle-workers-comp-case/,2026-09-17,0,1,0,25
https://rodenlaw.com/blog/settle-workers-comp-case/,2026-09-18,0,5,0,26.8
https://rodenlaw.com/blog/settle-workers-comp-case/,2026-09-19,0,3,0,16.33
https://rodenlaw.com/blog/settle-workers-comp-case/,2026-09-20,0,3,0,34.67
https://rodenlaw.com/blog/settle-workers-comp-case/,2026-09-21,0,4,0,29.5
https://rodenlaw.com/blog/settle-workers-comp-case/,2026-09-22,0,4,0,31.5
https://rodenlaw.com/blog/settle-workers-comp-case/,2026-09-23,0,3,0,33.33
https://rodenlaw.com/blog/settle-workers-comp-case/,2026-09-24,0,9,0,30
https://rodenlaw.com/blog/settle-workers-comp-case/,2026-09-25,0,6,0,22.5
https://rodenlaw.com/blog/settle-workers-comp-case/,2026-09-26,0,4,0,26.5
https://rodenlaw.com/blog/settle-workers-comp-case/,2026-09-27,0,4,0,12.5
https://rodenlaw.com/blog/settle-workers-comp-case/,2026-09-28,0,2,0,37
https://rodenlaw.com/blog/settle-workers-comp-case/,2026-09-29,0,5,0,25.4
https://rodenlaw.com/blog/settle-workers-comp-case/,2026-09-30,0,2,0,32.5
https://rodenlaw.com/blog/settle-workers-comp-case/,2026-10-01,0,3,0,28
https://rodenlaw.com/blog/settle-workers-comp-case/,2026-10-02,0,5,0,23.6
https://rodenlaw.com/blog/settle-workers-comp-case/,2026-10-03,0,10,0,20.5
https://rodenlaw.com/blog/settle-workers-comp-case/,2026-10-04,0,3,0,31.33
https://rodenlaw.com/blog/settle-workers-comp-case/,2026-10-05,0,3,0,24
https://rodenlaw.com/blog/shem-creek-boating-dock-injuries-mount-pleasant/,2026-09-15,0,6,0,7.67
https://rodenlaw.com/blog/shem-creek-boating-dock-injuries-mount-pleasant/,2026-09-16,0,2,0,6
https://rodenlaw.com/blog/shem-creek-boating-dock-injuries-mount-pleasant/,2026-09-17,0,3,0,4.33
https://rodenlaw.com/blog/shem-creek-boating-dock-injuries-mount-pleasant/,2026-09-18,0,4,0,4.75
https://rodenlaw.com/blog/shem-creek-boating-dock-injuries-mount-pleasant/,2026-09-19,0,1,0,19
https://rodenlaw.com/blog/shem-creek-boating-dock-injuries-mount-pleasant/,2026-09-20,0,5,0,8.6
https://rodenlaw.com/blog/shem-creek-boating-dock-injuries-mount-pleasant/,2026-09-21,0,7,0,7.57
https://rodenlaw.com/blog/shem-creek-boating-dock-injuries-mount-pleasant/,2026-09-23,0,5,0,11.2
https://rodenlaw.com/blog/shem-creek-boating-dock-injuries-mount-pleasant/,2026-09-24,0,9,0,8.78
https://rodenlaw.com/blog/shem-creek-boating-dock-injuries-mount-pleasant/,2026-09-25,0,15,0,8.2
https://rodenlaw.com/blog/shem-creek-boating-dock-injuries-mount-pleasant/,2026-09-26,0,17,0,8.71
https://rodenlaw.com/blog/shem-creek-boating-dock-injuries-mount-pleasant/,2026-09-27,0,14,0,9.36
https://rodenlaw.com/blog/shem-creek-boating-dock-injuries-mount-pleasant/,2026-09-28,0,6,0,8.83
https://rodenlaw.com/blog/shem-creek-boating-dock-injuries-mount-pleasant/,2026-09-29,0,14,0,13.93
https://rodenlaw.com/blog/shem-creek-boating-dock-injuries-mount-pleasant/,2026-09-30,0,9,0,8.11
https://rodenlaw.com/blog/shem-creek-boating-dock-injuries-mount-pleasant/,2026-10-01,0,10,0,8.5
https://rodenlaw.com/blog/shem-creek-boating-dock-injuries-mount-pleasant/,2026-10-02,0,10,0,16.7
https://rodenlaw.com/blog/shem-creek-boating-dock-injuries-mount-pleasant/,2026-10-03,0,7,0,11.29
https://rodenlaw.com/blog/shem-creek-boating-dock-injuries-mount-pleasant/,2026-10-04,0,8,0,9.12
https://rodenlaw.com/blog/shem-creek-boating-dock-injuries-mount-pleasant/,2026-10-05,0,1,0,6
https://rodenlaw.com/blog/shem-creek-boating-dock-injuries-mount-pleasant/#bui-south-carolina,2026-09-15,0,1,0,5
https://rodenlaw.com/blog/shem-creek-boating-dock-injuries-mount-pleasant/#bui-south-carolina,2026-09-17,0,1,0,6
https://rodenlaw.com/blog/shem-creek-boating-dock-injuries-mount-pleasant/#bui-south-carolina,2026-09-21,0,1,0,7
https://rodenlaw.com/blog/shem-creek-boating-dock-injuries-mount-pleasant/#bui-south-carolina,2026-09-22,0,1,0,5
https://rodenlaw.com/blog/shem-creek-boating-dock-injuries-mount-pleasant/#bui-south-carolina,2026-09-26,0,1,0,6
https://rodenlaw.com/blog/shem-creek-boating-dock-injuries-mount-pleasant/#bui-south-carolina,2026-10-01,0,2,0,8.5
https://rodenlaw.com/blog/shem-creek-boating-dock-injuries-mount-pleasant/#common-injuries,2026-09-15,0,1,0,5
https://rodenlaw.com/blog/shem-creek-boating-dock-injuries-mount-pleasant/#common-injuries,2026-09-17,0,1,0,6
https://rodenlaw.com/blog/shem-creek-boating-dock-injuries-mount-pleasant/#common-injuries,2026-09-21,0,1,0,7
https://rodenlaw.com/blog/shem-creek-boating-dock-injuries-mount-pleasant/#common-injuries,2026-09-22,0,1,0,5
https://rodenlaw.com/blog/shem-creek-boating-dock-injuries-mount-pleasant/#common-injuries,2026-09-26,0,1,0,6
https://rodenlaw.com/blog/shem-creek-boating-dock-injuries-mount-pleasant/#common-injuries,2026-10-01,0,2,0,8.5
https://rodenlaw.com/blog/shem-creek-boating-dock-injuries-mount-pleasant/#comparative-fault,2026-09-15,0,1,0,5
https://rodenlaw.com/blog/shem-creek-boating-dock-injuries-mount-pleasant/#comparative-fault,2026-09-17,0,1,0,6
https://rodenlaw.com/blog/shem-creek-boating-dock-injuries-mount-pleasant/#comparative-fault,2026-09-21,0,1,0,7
https://rodenlaw.com/blog/shem-creek-boating-dock-injuries-mount-pleasant/#comparative-fault,2026-09-22,0,1,0,5
https://rodenlaw.com/blog/shem-creek-boating-dock-injuries-mount-pleasant/#comparative-fault,2026-09-26,0,1,0,6
https://rodenlaw.com/blog/shem-creek-boating-dock-injuries-mount-pleasant/#comparative-fault,2026-10-01,0,2,0,8.5
https://rodenlaw.com/blog/shem-creek-boating-dock-injuries-mount-pleasant/#maritime-law,2026-09-15,0,1,0,5
https://rodenlaw.com/blog/shem-creek-boating-dock-injuries-mount-pleasant/#maritime-law,2026-09-17,0,1,0,6
https://rodenlaw.com/blog/shem-creek-boating-dock-injuries-mount-pleasant/#maritime-law,2026-09-21,0,1,0,7
https://rodenlaw.com/blog/shem-creek-boating-dock-injuries-mount-pleasant/#maritime-law,2026-09-22,0,1,0,5
https://rodenlaw.com/blog/shem-creek-boating-dock-injuries-mount-pleasant/#maritime-law,2026-09-26,0,1,0,6
https://rodenlaw.com/blog/shem-creek-boating-dock-injuries-mount-pleasant/#maritime-law,2026-10-01,0,2,0,8.5
https://rodenlaw.com/blog/shem-creek-boating-dock-injuries-mount-pleasant/#premises-liability,2026-09-15,0,1,0,5
https://rodenlaw.com/blog/shem-creek-boating-dock-injuries-mount-pleasant/#premises-liability,2026-09-17,0,1,0,6
https://rodenlaw.com/blog/shem-creek-boating-dock-injuries-mount-pleasant/#premises-liability,2026-09-21,0,1,0,7
https://rodenlaw.com/blog/shem-creek-boating-dock-injuries-mount-pleasant/#premises-liability,2026-09-22,0,1,0,5
https://rodenlaw.com/blog/shem-creek-boating-dock-injuries-mount-pleasant/#premises-liability,2026-09-26,0,1,0,6
https://rodenlaw.com/blog/shem-creek-boating-dock-injuries-mount-pleasant/#premises-liability,2026-10-01,0,2,0,8.5
https://rodenlaw.com/blog/shem-creek-boating-dock-injuries-mount-pleasant/#shem-creek-overview,2026-09-15,0,1,0,5
https://rodenlaw.com/blog/shem-creek-boating-dock-injuries-mount-pleasant/#shem-creek-overview,2026-09-17,0,1,0,6
https://rodenlaw.com/blog/shem-creek-boating-dock-injuries-mount-pleasant/#shem-creek-overview,2026-09-21,0,1,0,7
https://rodenlaw.com/blog/shem-creek-boating-dock-injuries-mount-pleasant/#shem-creek-overview,2026-09-22,0,1,0,5
https://rodenlaw.com/blog/shem-creek-boating-dock-injuries-mount-pleasant/#shem-creek-overview,2026-09-26,0,1,0,6
https://rodenlaw.com/blog/shem-creek-boating-dock-injuries-mount-pleasant/#shem-creek-overview,2026-10-01,0,2,0,8.5
https://rodenlaw.com/blog/shem-creek-boating-dock-injuries-mount-pleasant/#waterway-hazards,2026-09-15,0,1,0,5
https://rodenlaw.com/blog/shem-creek-boating-dock-injuries-mount-pleasant/#waterway-hazards,2026-09-17,0,1,0,6
https://rodenlaw.com/blog/shem-creek-boating-dock-injuries-mount-pleasant/#waterway-hazards,2026-09-21,0,1,0,7
https://rodenlaw.com/blog/shem-creek-boating-dock-injuries-mount-pleasant/#waterway-hazards,2026-09-22,0,1,0,5
https://rodenlaw.com/blog/shem-creek-boating-dock-injuries-mount-pleasant/#waterway-hazards,2026-09-26,0,1,0,6
https://rodenlaw.com/blog/shem-creek-boating-dock-injuries-mount-pleasant/#waterway-hazards,2026-10-01,0,2,0,8.5
https://rodenlaw.com/blog/shoulder-injuries-after-charleston-car-crash/,2026-09-15,0,2,0,33.5
https://rodenlaw.com/blog/shoulder-injuries-after-charleston-car-crash/,2026-09-16,0,1,0,7
https://rodenlaw.com/blog/shoulder-injuries-after-charleston-car-crash/,2026-09-17,0,3,0,36.33
https://rodenlaw.com/blog/shoulder-injuries-after-charleston-car-crash/,2026-09-21,0,1,0,7
https://rodenlaw.com/blog/shoulder-injuries-after-charleston-car-crash/,2026-09-22,0,2,0,33.5
https://rodenlaw.com/blog/shoulder-injuries-after-charleston-car-crash/,2026-09-24,0,1,0,40
https://rodenlaw.com/blog/shoulder-injuries-after-charleston-car-crash/,2026-09-27,0,4,0,84.5
https://rodenlaw.com/blog/shoulder-injuries-after-charleston-car-crash/,2026-09-29,0,1,0,68
https://rodenlaw.com/blog/shoulder-injuries-after-charleston-car-crash/,2026-10-01,0,3,0,26.67
https://rodenlaw.com/blog/shoulder-injuries-after-charleston-car-crash/,2026-10-02,0,2,0,9
https://rodenlaw.com/blog/shoulder-injuries-after-charleston-car-crash/,2026-10-04,0,3,0,23
https://rodenlaw.com/blog/shoulder-injuries-after-charleston-car-crash/#common,2026-09-21,0,1,0,7
https://rodenlaw.com/blog/shoulder-injuries-after-charleston-car-crash/#evidence,2026-09-21,0,1,0,7
https://rodenlaw.com/blog/shoulder-injuries-after-charleston-car-crash/#shoulder,2026-09-21,0,1,0,7
https://rodenlaw.com/blog/signs-of-concussion-from-car-crash/,2026-09-15,0,2,0,14
https://rodenlaw.com/blog/signs-of-concussion-from-car-crash/,2026-09-16,0,2,0,12
https://rodenlaw.com/blog/signs-of-concussion-from-car-crash/,2026-09-17,0,4,0,10.25
https://rodenlaw.com/blog/signs-of-concussion-from-car-crash/,2026-09-18,0,1,0,2
https://rodenlaw.com/blog/signs-of-concussion-from-car-crash/,2026-09-20,0,1,0,11
https://rodenlaw.com/blog/signs-of-concussion-from-car-crash/,2026-09-21,0,3,0,8.33
https://rodenlaw.com/blog/signs-of-concussion-from-car-crash/,2026-09-22,0,2,0,14.5
https://rodenlaw.com/blog/signs-of-concussion-from-car-crash/,2026-09-23,0,5,0,7.4
https://rodenlaw.com/blog/signs-of-concussion-from-car-crash/,2026-09-24,0,1,0,4
https://rodenlaw.com/blog/signs-of-concussion-from-car-crash/,2026-09-25,0,1,0,2
https://rodenlaw.com/blog/signs-of-concussion-from-car-crash/,2026-09-26,0,1,0,4
https://rodenlaw.com/blog/signs-of-concussion-from-car-crash/,2026-09-27,0,1,0,8
https://rodenlaw.com/blog/signs-of-concussion-from-car-crash/,2026-09-28,0,2,0,5
https://rodenlaw.com/blog/signs-of-concussion-from-car-crash/,2026-09-29,0,1,0,9
https://rodenlaw.com/blog/signs-of-concussion-from-car-crash/,2026-09-30,0,2,0,4
https://rodenlaw.com/blog/signs-of-concussion-from-car-crash/,2026-10-01,0,1,0,10
https://rodenlaw.com/blog/signs-of-concussion-from-car-crash/,2026-10-03,0,1,0,13
https://rodenlaw.com/blog/signs-of-concussion-from-car-crash/,2026-10-04,0,2,0,3
https://rodenlaw.com/blog/signs-of-concussion-from-car-crash/,2026-10-05,0,1,0,9
https://rodenlaw.com/blog/slip-and-fall-negligence-elements/,2026-09-15,0,1,0,68
https://rodenlaw.com/blog/slip-and-fall-negligence-elements/,2026-09-19,0,1,0,68
https://rodenlaw.com/blog/slip-and-fall-negligence-elements/,2026-09-21,0,2,0,62
https://rodenlaw.com/blog/slip-and-fall-negligence-elements/,2026-09-22,0,1,0,59
https://rodenlaw.com/blog/slip-and-fall-negligence-elements/,2026-09-23,0,1,0,63
https://rodenlaw.com/blog/slip-and-fall-negligence-elements/,2026-09-24,0,5,0,3.4
https://rodenlaw.com/blog/slip-and-fall-negligence-elements/,2026-09-25,0,3,0,5.67
https://rodenlaw.com/blog/slip-and-fall-negligence-elements/,2026-09-26,0,2,0,15
https://rodenlaw.com/blog/slip-and-fall-negligence-elements/,2026-09-27,0,1,0,5
https://rodenlaw.com/blog/slip-and-fall-negligence-elements/,2026-09-28,0,13,0,9.46
https://rodenlaw.com/blog/slip-and-fall-negligence-elements/,2026-09-29,0,2,0,13
https://rodenlaw.com/blog/slip-and-fall-negligence-elements/,2026-09-30,0,6,0,12.33
https://rodenlaw.com/blog/slip-and-fall-negligence-elements/,2026-10-01,0,4,0,64
https://rodenlaw.com/blog/slip-and-fall-negligence-elements/,2026-10-02,0,5,0,43.4
https://rodenlaw.com/blog/slip-and-fall-negligence-elements/,2026-10-03,0,2,0,87
https://rodenlaw.com/blog/socastee-holmestown-road-underinsured-motorist-lawyer/,2026-09-30,0,1,0,10
https://rodenlaw.com/blog/socastee-holmestown-road-underinsured-motorist-lawyer/,2026-10-02,0,1,0,96
https://rodenlaw.com/blog/social-media-personal-injury-claim/,2026-10-03,0,2,0,4
https://rodenlaw.com/blog/south-carolina-comparative-fault-partially-at-fault/,2026-09-15,0,4,0,16.75
https://rodenlaw.com/blog/south-carolina-comparative-fault-partially-at-fault/,2026-09-16,0,4,0,46.75
https://rodenlaw.com/blog/south-carolina-comparative-fault-partially-at-fault/,2026-09-17,0,6,0,11.83
https://rodenlaw.com/blog/south-carolina-comparative-fault-partially-at-fault/,2026-09-18,0,2,0,13
https://rodenlaw.com/blog/south-carolina-comparative-fault-partially-at-fault/,2026-09-20,0,2,0,1.5
https://rodenlaw.com/blog/south-carolina-comparative-fault-partially-at-fault/,2026-09-21,0,3,0,8
https://rodenlaw.com/blog/south-carolina-comparative-fault-partially-at-fault/,2026-09-22,0,7,0,5.29
https://rodenlaw.com/blog/south-carolina-comparative-fault-partially-at-fault/,2026-09-23,0,13,0,6.92
https://rodenlaw.com/blog/south-carolina-comparative-fault-partially-at-fault/,2026-09-24,0,9,0,5.11
https://rodenlaw.com/blog/south-carolina-comparative-fault-partially-at-fault/,2026-09-25,0,5,0,8.2
https://rodenlaw.com/blog/south-carolina-comparative-fault-partially-at-fault/,2026-09-26,0,6,0,31
https://rodenlaw.com/blog/south-carolina-comparative-fault-partially-at-fault/,2026-09-27,0,5,0,7.6
https://rodenlaw.com/blog/south-carolina-comparative-fault-partially-at-fault/,2026-09-28,0,4,0,7.75
https://rodenlaw.com/blog/south-carolina-comparative-fault-partially-at-fault/,2026-09-29,0,3,0,9.33
https://rodenlaw.com/blog/south-carolina-comparative-fault-partially-at-fault/,2026-09-30,0,6,0,49.33
https://rodenlaw.com/blog/south-carolina-comparative-fault-partially-at-fault/,2026-10-01,0,4,0,47.5
https://rodenlaw.com/blog/south-carolina-comparative-fault-partially-at-fault/,2026-10-02,0,7,0,32.14
https://rodenlaw.com/blog/south-carolina-comparative-fault-partially-at-fault/,2026-10-03,0,3,0,90
https://rodenlaw.com/blog/south-carolina-comparative-fault-partially-at-fault/,2026-10-04,0,1,0,10
https://rodenlaw.com/blog/south-carolina-comparative-fault-partially-at-fault/,2026-10-05,0,2,0,3
https://rodenlaw.com/blog/south-carolina-pedestrian-right-of-way-laws/,2026-09-15,0,53,0,8.57
https://rodenlaw.com/blog/south-carolina-pedestrian-right-of-way-laws/,2026-09-16,0,51,0,7.35
https://rodenlaw.com/blog/south-carolina-pedestrian-right-of-way-laws/,2026-09-18,0,36,0,6.72
https://rodenlaw.com/blog/south-carolina-pedestrian-right-of-way-laws/,2026-09-19,0,30,0,7.73
https://rodenlaw.com/blog/south-carolina-pedestrian-right-of-way-laws/,2026-09-20,0,31,0,7
https://rodenlaw.com/blog/south-carolina-pedestrian-right-of-way-laws/,2026-09-21,0,44,0,8.2
https://rodenlaw.com/blog/south-carolina-pedestrian-right-of-way-laws/,2026-09-22,0,61,0,7.85
https://rodenlaw.com/blog/south-carolina-pedestrian-right-of-way-laws/,2026-09-23,0,48,0,7.46
https://rodenlaw.com/blog/south-carolina-pedestrian-right-of-way-laws/,2026-09-24,0,54,0,6.35
https://rodenlaw.com/blog/south-carolina-pedestrian-right-of-way-laws/,2026-09-25,0,47,0,6.72
https://rodenlaw.com/blog/south-carolina-pedestrian-right-of-way-laws/,2026-09-26,0,28,0,6.86
https://rodenlaw.com/blog/south-carolina-pedestrian-right-of-way-laws/,2026-09-27,0,32,0,6.72
https://rodenlaw.com/blog/south-carolina-pedestrian-right-of-way-laws/,2026-09-28,0,53,0,8.02
https://rodenlaw.com/blog/south-carolina-pedestrian-right-of-way-laws/,2026-09-29,0,52,0,9.35
https://rodenlaw.com/blog/south-carolina-pedestrian-right-of-way-laws/,2026-09-30,0,39,0,8
https://rodenlaw.com/blog/south-carolina-pedestrian-right-of-way-laws/,2026-10-01,0,26,0,7.19
https://rodenlaw.com/blog/south-carolina-pedestrian-right-of-way-laws/,2026-10-03,0,26,0,8.31
https://rodenlaw.com/blog/south-carolina-pedestrian-right-of-way-laws/,2026-10-04,0,13,0,8.23
https://rodenlaw.com/blog/south-carolina-pedestrian-right-of-way-laws/,2026-10-05,0,6,0,36.17
https://rodenlaw.com/blog/south-carolina-pedestrian-right-of-way-laws/#common-violations,2026-09-15,0,1,0,9
https://rodenlaw.com/blog/south-carolina-pedestrian-right-of-way-laws/#common-violations,2026-09-19,0,2,0,9
https://rodenlaw.com/blog/south-carolina-pedestrian-right-of-way-laws/#common-violations,2026-09-25,0,1,0,10
https://rodenlaw.com/blog/south-carolina-pedestrian-right-of-way-laws/#common-violations,2026-09-27,0,1,0,8
https://rodenlaw.com/blog/south-carolina-pedestrian-right-of-way-laws/#comparative-fault,2026-09-15,0,1,0,9
https://rodenlaw.com/blog/south-carolina-pedestrian-right-of-way-laws/#comparative-fault,2026-09-19,0,2,0,9
https://rodenlaw.com/blog/south-carolina-pedestrian-right-of-way-laws/#comparative-fault,2026-09-25,0,1,0,10
https://rodenlaw.com/blog/south-carolina-pedestrian-right-of-way-laws/#comparative-fault,2026-09-27,0,1,0,8
https://rodenlaw.com/blog/south-carolina-pedestrian-right-of-way-laws/#driver-duties,2026-09-15,0,1,0,9
https://rodenlaw.com/blog/south-carolina-pedestrian-right-of-way-laws/#driver-duties,2026-09-19,0,2,0,9
https://rodenlaw.com/blog/south-carolina-pedestrian-right-of-way-laws/#driver-duties,2026-09-25,0,1,0,10
https://rodenlaw.com/blog/south-carolina-pedestrian-right-of-way-laws/#driver-duties,2026-09-27,0,1,0,8
https://rodenlaw.com/blog/south-carolina-pedestrian-right-of-way-laws/#marked-vs-unmarked,2026-09-15,0,1,0,9
https://rodenlaw.com/blog/south-carolina-pedestrian-right-of-way-laws/#marked-vs-unmarked,2026-09-19,0,2,0,9
https://rodenlaw.com/blog/south-carolina-pedestrian-right-of-way-laws/#marked-vs-unmarked,2026-09-25,0,1,0,10
https://rodenlaw.com/blog/south-carolina-pedestrian-right-of-way-laws/#marked-vs-unmarked,2026-09-27,0,1,0,8
https://rodenlaw.com/blog/south-carolina-pedestrian-right-of-way-laws/#pedestrian-duties,2026-09-15,0,1,0,9
https://rodenlaw.com/blog/south-carolina-pedestrian-right-of-way-laws/#pedestrian-duties,2026-09-19,0,2,0,9
https://rodenlaw.com/blog/south-carolina-pedestrian-right-of-way-laws/#pedestrian-duties,2026-09-25,0,1,0,10
https://rodenlaw.com/blog/south-carolina-pedestrian-right-of-way-laws/#pedestrian-duties,2026-09-27,0,1,0,8
https://rodenlaw.com/blog/south-carolina-pedestrian-right-of-way-laws/#sc-statutes,2026-09-15,0,1,0,9
https://rodenlaw.com/blog/south-carolina-pedestrian-right-of-way-laws/#sc-statutes,2026-09-19,0,2,0,9
https://rodenlaw.com/blog/south-carolina-pedestrian-right-of-way-laws/#sc-statutes,2026-09-25,0,1,0,10
https://rodenlaw.com/blog/south-carolina-pedestrian-right-of-way-laws/#sc-statutes,2026-09-27,0,1,0,8
https://rodenlaw.com/blog/south-carolina-pedestrian-right-of-way-laws/#what-is-right-of-way,2026-09-15,0,1,0,9
https://rodenlaw.com/blog/south-carolina-pedestrian-right-of-way-laws/#what-is-right-of-way,2026-09-19,0,2,0,9
https://rodenlaw.com/blog/south-carolina-pedestrian-right-of-way-laws/#what-is-right-of-way,2026-09-25,0,1,0,10
https://rodenlaw.com/blog/south-carolina-pedestrian-right-of-way-laws/#what-is-right-of-way,2026-09-27,0,1,0,8
https://rodenlaw.com/blog/south-carolina-statute-of-limitations-personal-injury/,2026-09-15,0,82,0,9.89
https://rodenlaw.com/blog/south-carolina-statute-of-limitations-personal-injury/,2026-09-16,0,88,0,6.19
https://rodenlaw.com/blog/south-carolina-statute-of-limitations-personal-injury/,2026-09-17,0,145,0,7.57
https://rodenlaw.com/blog/south-carolina-statute-of-limitations-personal-injury/,2026-09-18,0,72,0,7.38
https://rodenlaw.com/blog/south-carolina-statute-of-limitations-personal-injury/,2026-09-19,0,52,0,7.5
https://rodenlaw.com/blog/south-carolina-statute-of-limitations-personal-injury/,2026-09-20,0,42,0,15.79
https://rodenlaw.com/blog/south-carolina-statute-of-limitations-personal-injury/,2026-09-23,0,93,0,5.63
https://rodenlaw.com/blog/south-carolina-statute-of-limitations-personal-injury/,2026-09-24,0,71,0,5.55
https://rodenlaw.com/blog/south-carolina-statute-of-limitations-personal-injury/,2026-09-26,0,46,0,12.85
https://rodenlaw.com/blog/south-carolina-statute-of-limitations-personal-injury/,2026-10-01,0,33,0,8.85
https://rodenlaw.com/blog/south-carolina-statute-of-limitations-personal-injury/,2026-10-02,0,40,0,6.75
https://rodenlaw.com/blog/south-carolina-statute-of-limitations-personal-injury/,2026-10-04,0,28,0,16.68
https://rodenlaw.com/blog/south-kings-highway-us-17-business-underinsured-motorist-lawyer/,2026-09-25,0,1,0,3
https://rodenlaw.com/blog/southover-mills-b-lane-motorcycle-accident-lawyer/,2026-09-18,0,1,0,2
https://rodenlaw.com/blog/southover-mills-b-lane-motorcycle-accident-lawyer/,2026-09-22,0,2,0,14
https://rodenlaw.com/blog/southover-mills-b-lane-motorcycle-accident-lawyer/,2026-09-26,0,5,0,15.4
https://rodenlaw.com/blog/southover-mills-b-lane-motorcycle-accident-lawyer/,2026-09-30,0,1,0,15
https://rodenlaw.com/blog/st-andrews-road-widewater-18-wheeler-accident-lawyer-richland-county/,2026-09-26,0,1,0,6
https://rodenlaw.com/blog/st-andrews-road-widewater-18-wheeler-accident-lawyer-richland-county/,2026-09-29,0,4,0,10
https://rodenlaw.com/blog/st-andrews-road-widewater-18-wheeler-accident-lawyer-richland-county/,2026-09-30,0,1,0,48
https://rodenlaw.com/blog/st-andrews-road-widewater-18-wheeler-accident-lawyer-richland-county/,2026-10-01,0,1,0,5
https://rodenlaw.com/blog/st-simons-island-kings-way-motorcycle-accident-lawyer/,2026-09-15,0,4,0,6
https://rodenlaw.com/blog/st-simons-island-kings-way-motorcycle-accident-lawyer/,2026-09-16,0,5,0,5.2
https://rodenlaw.com/blog/st-simons-island-kings-way-motorcycle-accident-lawyer/,2026-09-17,0,1,0,5
https://rodenlaw.com/blog/st-simons-island-kings-way-motorcycle-accident-lawyer/,2026-09-18,0,2,0,5.5
https://rodenlaw.com/blog/st-simons-island-kings-way-motorcycle-accident-lawyer/,2026-09-19,0,2,0,5.5
https://rodenlaw.com/blog/st-simons-island-kings-way-motorcycle-accident-lawyer/,2026-09-20,0,2,0,5.5
https://rodenlaw.com/blog/st-simons-island-kings-way-motorcycle-accident-lawyer/,2026-09-21,0,2,0,5
https://rodenlaw.com/blog/st-simons-island-kings-way-motorcycle-accident-lawyer/,2026-09-22,0,2,0,4.5
https://rodenlaw.com/blog/st-simons-island-kings-way-motorcycle-accident-lawyer/,2026-09-23,0,4,0,3.75
https://rodenlaw.com/blog/st-simons-island-kings-way-motorcycle-accident-lawyer/,2026-09-24,0,1,0,2
https://rodenlaw.com/blog/st-simons-island-kings-way-motorcycle-accident-lawyer/,2026-09-25,0,5,0,4.6
https://rodenlaw.com/blog/st-simons-island-kings-way-motorcycle-accident-lawyer/,2026-09-26,0,6,0,14.83
https://rodenlaw.com/blog/st-simons-island-kings-way-motorcycle-accident-lawyer/,2026-09-27,0,6,0,10.33
https://rodenlaw.com/blog/st-simons-island-kings-way-motorcycle-accident-lawyer/,2026-09-28,0,7,0,29.14
https://rodenlaw.com/blog/st-simons-island-kings-way-motorcycle-accident-lawyer/,2026-09-29,0,4,0,9.25
https://rodenlaw.com/blog/st-simons-island-kings-way-motorcycle-accident-lawyer/,2026-09-30,0,4,0,4
https://rodenlaw.com/blog/st-simons-island-kings-way-motorcycle-accident-lawyer/,2026-10-01,0,2,0,5.5
https://rodenlaw.com/blog/st-simons-island-kings-way-motorcycle-accident-lawyer/,2026-10-02,0,20,0,21.15
https://rodenlaw.com/blog/st-simons-island-kings-way-motorcycle-accident-lawyer/,2026-10-03,0,2,0,4.5
https://rodenlaw.com/blog/st-simons-island-kings-way-motorcycle-accident-lawyer/,2026-10-04,0,9,0,5.78
https://rodenlaw.com/blog/st-simons-island-kings-way-motorcycle-accident-lawyer/,2026-10-05,0,2,0,6
https://rodenlaw.com/blog/steps-after-dog-bite/,2026-09-24,0,1,0,6
https://rodenlaw.com/blog/steps-after-dog-bite/,2026-09-25,0,2,0,29
https://rodenlaw.com/blog/steps-after-dog-bite/,2026-09-27,0,1,0,26
https://rodenlaw.com/blog/steps-after-dog-bite/,2026-09-28,0,2,0,32
https://rodenlaw.com/blog/steps-after-dog-bite/,2026-09-29,0,1,0,9
https://rodenlaw.com/blog/steps-after-dog-bite/,2026-09-30,0,4,0,13.25
https://rodenlaw.com/blog/steps-after-dog-bite/,2026-10-03,0,1,0,71
https://rodenlaw.com/blog/steps-after-hit-and-run-accident/,2026-09-15,0,23,0,14.74
https://rodenlaw.com/blog/steps-after-hit-and-run-accident/,2026-09-16,0,28,0,34.79
https://rodenlaw.com/blog/steps-after-hit-and-run-accident/,2026-09-17,0,12,0,18.08
https://rodenlaw.com/blog/steps-after-hit-and-run-accident/,2026-09-18,0,18,0,18.72
https://rodenlaw.com/blog/steps-after-hit-and-run-accident/,2026-09-19,0,20,0,11.4
https://rodenlaw.com/blog/steps-after-hit-and-run-accident/,2026-09-20,0,38,0,19.26
https://rodenlaw.com/blog/steps-after-hit-and-run-accident/,2026-09-21,0,24,0,21.46
https://rodenlaw.com/blog/steps-after-hit-and-run-accident/,2026-09-22,0,32,0,21.09
https://rodenlaw.com/blog/steps-after-hit-and-run-accident/,2026-09-23,0,33,0,30.18
https://rodenlaw.com/blog/steps-after-hit-and-run-accident/,2026-09-24,0,27,0,20.37
https://rodenlaw.com/blog/steps-after-hit-and-run-accident/,2026-09-25,0,18,0,26
https://rodenlaw.com/blog/steps-after-hit-and-run-accident/,2026-09-26,0,30,0,21.37
https://rodenlaw.com/blog/steps-after-hit-and-run-accident/,2026-09-27,0,31,0,18.35
https://rodenlaw.com/blog/steps-after-hit-and-run-accident/,2026-09-28,0,19,0,19.47
https://rodenlaw.com/blog/steps-after-hit-and-run-accident/,2026-09-29,0,29,0,18.66
https://rodenlaw.com/blog/steps-after-hit-and-run-accident/,2026-09-30,0,16,0,32.38
https://rodenlaw.com/blog/steps-after-hit-and-run-accident/,2026-10-01,0,19,0,27.47
https://rodenlaw.com/blog/steps-after-hit-and-run-accident/,2026-10-02,0,19,0,35.53
https://rodenlaw.com/blog/steps-after-hit-and-run-accident/,2026-10-03,0,11,0,25.55
https://rodenlaw.com/blog/steps-after-hit-and-run-accident/,2026-10-04,0,2,0,9
https://rodenlaw.com/blog/steps-after-hit-and-run-accident/,2026-10-05,0,3,0,44
https://rodenlaw.com/blog/steps-after-slip-and-fall-injury/,2026-09-27,0,1,0,4
https://rodenlaw.com/blog/steps-after-slip-and-fall-injury/,2026-09-29,0,1,0,1
https://rodenlaw.com/blog/steps-after-work-injury/,2026-09-15,0,11,0,16.55
https://rodenlaw.com/blog/steps-after-work-injury/,2026-09-16,0,8,0,13.38
https://rodenlaw.com/blog/steps-after-work-injury/,2026-09-17,0,12,0,7.17
https://rodenlaw.com/blog/steps-after-work-injury/,2026-09-18,0,8,0,5.25
https://rodenlaw.com/blog/steps-after-work-injury/,2026-09-19,0,1,0,2
https://rodenlaw.com/blog/steps-after-work-injury/,2026-09-20,0,1,0,6
https://rodenlaw.com/blog/steps-after-work-injury/,2026-09-22,0,8,0,18.75
https://rodenlaw.com/blog/steps-after-work-injury/,2026-09-23,0,8,0,21.88
https://rodenlaw.com/blog/steps-after-work-injury/,2026-09-24,0,6,0,8.33
https://rodenlaw.com/blog/steps-after-work-injury/,2026-09-25,0,3,0,7.67
https://rodenlaw.com/blog/steps-after-work-injury/,2026-09-26,0,1,0,6
https://rodenlaw.com/blog/steps-after-work-injury/,2026-09-27,0,4,0,6
https://rodenlaw.com/blog/steps-after-work-injury/,2026-09-28,0,4,0,5
https://rodenlaw.com/blog/steps-after-work-injury/,2026-09-29,0,16,0,9.5
https://rodenlaw.com/blog/steps-after-work-injury/,2026-09-30,0,6,0,6
https://rodenlaw.com/blog/steps-after-work-injury/,2026-10-01,0,8,0,12.75
https://rodenlaw.com/blog/steps-after-work-injury/,2026-10-02,0,4,0,33.75
https://rodenlaw.com/blog/steps-after-work-injury/,2026-10-03,0,4,0,45.75
https://rodenlaw.com/blog/steps-after-work-injury/,2026-10-04,0,4,0,18.75
https://rodenlaw.com/blog/steps-of-a-burn-injury-case/,2026-09-15,0,8,0,12.5
https://rodenlaw.com/blog/steps-of-a-burn-injury-case/,2026-09-16,0,13,0,7.54
https://rodenlaw.com/blog/steps-of-a-burn-injury-case/,2026-09-17,0,23,0,10.22
https://rodenlaw.com/blog/steps-of-a-burn-injury-case/,2026-09-19,0,6,0,21.67
https://rodenlaw.com/blog/steps-of-a-burn-injury-case/,2026-09-20,0,10,0,16.5
https://rodenlaw.com/blog/steps-of-a-burn-injury-case/,2026-09-21,0,9,0,14.44
https://rodenlaw.com/blog/steps-of-a-burn-injury-case/,2026-09-22,0,7,0,5
https://rodenlaw.com/blog/steps-of-a-burn-injury-case/,2026-09-23,0,7,0,18.29
https://rodenlaw.com/blog/steps-of-a-burn-injury-case/,2026-09-24,0,7,0,7.86
https://rodenlaw.com/blog/steps-of-a-burn-injury-case/,2026-09-25,0,4,0,23.5
https://rodenlaw.com/blog/steps-of-a-burn-injury-case/,2026-09-26,0,6,0,31.67
https://rodenlaw.com/blog/steps-of-a-burn-injury-case/,2026-09-27,0,4,0,18
https://rodenlaw.com/blog/steps-of-a-burn-injury-case/,2026-09-28,0,5,0,22
https://rodenlaw.com/blog/steps-of-a-burn-injury-case/,2026-09-29,0,4,0,5.5
https://rodenlaw.com/blog/steps-of-a-burn-injury-case/,2026-09-30,0,7,0,14
https://rodenlaw.com/blog/steps-of-a-burn-injury-case/,2026-10-01,0,1,0,9
https://rodenlaw.com/blog/steps-of-a-burn-injury-case/,2026-10-02,0,6,0,21.67
https://rodenlaw.com/blog/steps-of-a-burn-injury-case/,2026-10-03,0,2,0,9.5
https://rodenlaw.com/blog/steps-of-a-burn-injury-case/,2026-10-04,0,5,0,30
https://rodenlaw.com/blog/steps-of-a-burn-injury-case/,2026-10-05,0,3,0,6
https://rodenlaw.com/blog/steps-take-slip-fall-accident-georgia/,2026-09-26,0,1,0,6
https://rodenlaw.com/blog/steps-take-slip-fall-accident-georgia/,2026-09-28,0,2,0,5.5
https://rodenlaw.com/blog/steps-take-slip-fall-accident-georgia/,2026-09-30,0,3,0,8
https://rodenlaw.com/blog/steps-take-slip-fall-accident-georgia/,2026-10-01,0,1,0,6
https://rodenlaw.com/blog/steps-take-slip-fall-accident-georgia/,2026-10-02,0,3,0,28.33
https://rodenlaw.com/blog/steps-take-slip-fall-accident-georgia/,2026-10-03,0,1,0,3
https://rodenlaw.com/blog/steps-take-slip-fall-accident-georgia/,2026-10-05,0,1,0,6
https://rodenlaw.com/blog/steps-to-take-if-you-are-involved-in-a-bicycle-hit-and-run/,2026-09-15,0,2,0,9
https://rodenlaw.com/blog/steps-to-take-if-you-are-involved-in-a-bicycle-hit-and-run/,2026-09-16,0,6,0,4.67
https://rodenlaw.com/blog/steps-to-take-if-you-are-involved-in-a-bicycle-hit-and-run/,2026-09-17,0,7,0,6.86
https://rodenlaw.com/blog/steps-to-take-if-you-are-involved-in-a-bicycle-hit-and-run/,2026-09-18,0,1,0,11
https://rodenlaw.com/blog/steps-to-take-if-you-are-involved-in-a-bicycle-hit-and-run/,2026-09-20,0,1,0,6
https://rodenlaw.com/blog/steps-to-take-if-you-are-involved-in-a-bicycle-hit-and-run/,2026-09-21,0,2,0,5
https://rodenlaw.com/blog/steps-to-take-if-you-are-involved-in-a-bicycle-hit-and-run/,2026-09-22,0,3,0,4.67
https://rodenlaw.com/blog/steps-to-take-if-you-are-involved-in-a-bicycle-hit-and-run/,2026-09-23,0,1,0,4
https://rodenlaw.com/blog/steps-to-take-if-you-are-involved-in-a-bicycle-hit-and-run/,2026-09-24,0,1,0,14
https://rodenlaw.com/blog/steps-to-take-if-you-are-involved-in-a-bicycle-hit-and-run/,2026-09-25,0,6,0,22
https://rodenlaw.com/blog/steps-to-take-if-you-are-involved-in-a-bicycle-hit-and-run/,2026-09-26,0,7,0,8.43
https://rodenlaw.com/blog/steps-to-take-if-you-are-involved-in-a-bicycle-hit-and-run/,2026-09-27,0,3,0,7
https://rodenlaw.com/blog/steps-to-take-if-you-are-involved-in-a-bicycle-hit-and-run/,2026-09-28,0,5,0,7.6
https://rodenlaw.com/blog/steps-to-take-if-you-are-involved-in-a-bicycle-hit-and-run/,2026-09-29,0,6,0,5.83
https://rodenlaw.com/blog/steps-to-take-if-you-are-involved-in-a-bicycle-hit-and-run/,2026-09-30,0,9,0,10.11
https://rodenlaw.com/blog/steps-to-take-if-you-are-involved-in-a-bicycle-hit-and-run/,2026-10-02,0,2,0,12
https://rodenlaw.com/blog/steps-to-take-if-you-are-involved-in-a-bicycle-hit-and-run/,2026-10-04,0,2,0,8
https://rodenlaw.com/blog/summer-driving-safety-tips/,2026-09-30,0,1,0,34
https://rodenlaw.com/blog/summer-dui-accidents-charleston-memorial-day-labor-day/,2026-09-15,0,3,0,8.67
https://rodenlaw.com/blog/summer-dui-accidents-charleston-memorial-day-labor-day/,2026-09-16,0,1,0,57
https://rodenlaw.com/blog/summer-dui-accidents-charleston-memorial-day-labor-day/,2026-09-17,0,1,0,7
https://rodenlaw.com/blog/summer-dui-accidents-charleston-memorial-day-labor-day/,2026-09-20,0,1,0,11
https://rodenlaw.com/blog/summer-dui-accidents-charleston-memorial-day-labor-day/,2026-09-22,0,1,0,8
https://rodenlaw.com/blog/summer-dui-accidents-charleston-memorial-day-labor-day/,2026-09-24,0,9,0,7.33
https://rodenlaw.com/blog/summer-dui-accidents-charleston-memorial-day-labor-day/,2026-09-26,0,2,0,8
https://rodenlaw.com/blog/summer-dui-accidents-charleston-memorial-day-labor-day/,2026-09-28,0,1,0,7
https://rodenlaw.com/blog/summer-dui-accidents-charleston-memorial-day-labor-day/,2026-09-30,0,1,0,11
https://rodenlaw.com/blog/summer-dui-accidents-charleston-memorial-day-labor-day/,2026-10-01,0,1,0,10
https://rodenlaw.com/blog/summer-dui-accidents-charleston-memorial-day-labor-day/,2026-10-02,0,1,0,7
https://rodenlaw.com/blog/summer-dui-accidents-charleston-memorial-day-labor-day/,2026-10-03,0,1,0,4
https://rodenlaw.com/blog/summerville-i-26-18-wheeler-accident-lawyer-dorchester-county/,2026-09-21,0,1,0,10
https://rodenlaw.com/blog/summerville-i-26-18-wheeler-accident-lawyer-dorchester-county/,2026-09-24,0,1,0,9
https://rodenlaw.com/blog/summerville-i-26-18-wheeler-accident-lawyer-dorchester-county/,2026-09-29,0,1,0,49
https://rodenlaw.com/blog/sunset-boulevard-us-378-lexington-medical-center-accident/,2026-09-15,0,6,0,4.17
https://rodenlaw.com/blog/sunset-boulevard-us-378-lexington-medical-center-accident/,2026-09-16,0,6,0,13.5
https://rodenlaw.com/blog/sunset-boulevard-us-378-lexington-medical-center-accident/,2026-09-17,0,1,0,3
https://rodenlaw.com/blog/sunset-boulevard-us-378-lexington-medical-center-accident/,2026-09-18,0,3,0,5.67
https://rodenlaw.com/blog/sunset-boulevard-us-378-lexington-medical-center-accident/,2026-09-19,0,8,0,8.12
https://rodenlaw.com/blog/sunset-boulevard-us-378-lexington-medical-center-accident/,2026-09-20,0,25,0,8.84
https://rodenlaw.com/blog/sunset-boulevard-us-378-lexington-medical-center-accident/,2026-09-21,0,17,0,7.47
https://rodenlaw.com/blog/sunset-boulevard-us-378-lexington-medical-center-accident/,2026-09-22,0,9,0,8
https://rodenlaw.com/blog/sunset-boulevard-us-378-lexington-medical-center-accident/,2026-09-23,0,5,0,21.2
https://rodenlaw.com/blog/sunset-boulevard-us-378-lexington-medical-center-accident/,2026-09-24,0,5,0,6
https://rodenlaw.com/blog/sunset-boulevard-us-378-lexington-medical-center-accident/,2026-09-25,0,1,0,3
https://rodenlaw.com/blog/sunset-boulevard-us-378-lexington-medical-center-accident/,2026-09-26,0,4,0,19.75
https://rodenlaw.com/blog/sunset-boulevard-us-378-lexington-medical-center-accident/,2026-09-27,0,1,0,10
https://rodenlaw.com/blog/sunset-boulevard-us-378-lexington-medical-center-accident/,2026-09-28,0,8,0,4.62
https://rodenlaw.com/blog/sunset-boulevard-us-378-lexington-medical-center-accident/,2026-09-30,0,6,0,9
https://rodenlaw.com/blog/sunset-boulevard-us-378-lexington-medical-center-accident/,2026-10-02,0,2,0,9
https://rodenlaw.com/blog/sunset-boulevard-us-378-lexington-medical-center-accident/,2026-10-03,0,6,0,5.67
https://rodenlaw.com/blog/sunset-boulevard-us-378-lexington-medical-center-accident/,2026-10-04,0,1,0,22
https://rodenlaw.com/blog/sunset-boulevard-west-columbia-drunk-driver-accident-lawyer/,2026-09-21,0,1,0,7
https://rodenlaw.com/blog/sunset-boulevard-west-columbia-drunk-driver-accident-lawyer/,2026-09-25,0,1,0,3
https://rodenlaw.com/blog/sunset-boulevard-west-columbia-drunk-driver-accident-lawyer/,2026-09-26,0,1,0,13
https://rodenlaw.com/blog/sunset-boulevard-west-columbia-drunk-driver-accident-lawyer/,2026-09-30,0,1,0,5
https://rodenlaw.com/blog/supporting-a-whiplash-claim/,2026-09-15,0,25,0,27.48
https://rodenlaw.com/blog/supporting-a-whiplash-claim/,2026-09-16,0,19,0,36.47
https://rodenlaw.com/blog/supporting-a-whiplash-claim/,2026-09-17,0,22,0,31.77
https://rodenlaw.com/blog/supporting-a-whiplash-claim/,2026-09-18,0,13,0,36.69
https://rodenlaw.com/blog/supporting-a-whiplash-claim/,2026-09-19,0,29,0,26.55
https://rodenlaw.com/blog/supporting-a-whiplash-claim/,2026-09-20,0,28,0,41.89
https://rodenlaw.com/blog/supporting-a-whiplash-claim/,2026-09-21,0,18,0,24.89
https://rodenlaw.com/blog/supporting-a-whiplash-claim/,2026-09-22,0,22,0,27.73
https://rodenlaw.com/blog/supporting-a-whiplash-claim/,2026-09-23,0,19,0,24.89
https://rodenlaw.com/blog/supporting-a-whiplash-claim/,2026-09-24,0,25,0,34.76
https://rodenlaw.com/blog/supporting-a-whiplash-claim/,2026-09-25,0,10,0,18.9
https://rodenlaw.com/blog/supporting-a-whiplash-claim/,2026-09-26,0,14,0,23.93
https://rodenlaw.com/blog/supporting-a-whiplash-claim/,2026-09-27,0,14,0,27.14
https://rodenlaw.com/blog/supporting-a-whiplash-claim/,2026-09-28,0,16,0,26.12
https://rodenlaw.com/blog/supporting-a-whiplash-claim/,2026-09-29,0,15,0,26.07
https://rodenlaw.com/blog/supporting-a-whiplash-claim/,2026-09-30,0,12,0,27.83
https://rodenlaw.com/blog/supporting-a-whiplash-claim/,2026-10-01,0,28,0,37.96
https://rodenlaw.com/blog/supporting-a-whiplash-claim/,2026-10-02,0,101,0,39.6
https://rodenlaw.com/blog/supporting-a-whiplash-claim/,2026-10-03,0,12,0,33.17
https://rodenlaw.com/blog/supporting-a-whiplash-claim/,2026-10-04,0,13,0,44.62
https://rodenlaw.com/blog/supporting-a-whiplash-claim/,2026-10-05,0,6,0,36.5
https://rodenlaw.com/blog/surfside-beach-golf-colony-golf-cart-accident-lawyer/,2026-09-21,0,1,0,7
https://rodenlaw.com/blog/surfside-beach-golf-colony-golf-cart-accident-lawyer/,2026-09-25,0,1,0,10
https://rodenlaw.com/blog/surfside-beach-golf-colony-golf-cart-accident-lawyer/,2026-09-29,0,1,0,2
https://rodenlaw.com/blog/surfside-beach-golf-colony-golf-cart-accident-lawyer/,2026-09-30,0,1,0,8
https://rodenlaw.com/blog/surfside-beach-golf-colony-golf-cart-accident-lawyer/,2026-10-01,0,1,0,11
https://rodenlaw.com/blog/surfside-beach-golf-colony-golf-cart-accident-lawyer/,2026-10-02,0,1,0,9
https://rodenlaw.com/blog/surfside-beach-golf-colony-golf-cart-accident-lawyer/,2026-10-04,0,1,0,28
https://rodenlaw.com/blog/surfside-beach-golf-colony-golf-cart-accident-lawyer/,2026-10-05,0,1,0,22
https://rodenlaw.com/blog/switching-lawyers-during-a-case/,2026-09-15,0,47,0,13.38
https://rodenlaw.com/blog/switching-lawyers-during-a-case/,2026-09-16,0,48,0,8.85
https://rodenlaw.com/blog/switching-lawyers-during-a-case/,2026-09-17,0,34,0,8.76
https://rodenlaw.com/blog/switching-lawyers-during-a-case/,2026-09-18,0,23,0,11
https://rodenlaw.com/blog/switching-lawyers-during-a-case/,2026-09-19,0,18,0,7.89
https://rodenlaw.com/blog/switching-lawyers-during-a-case/,2026-09-20,0,14,0,9.64
https://rodenlaw.com/blog/switching-lawyers-during-a-case/,2026-09-21,0,18,0,9.56
https://rodenlaw.com/blog/switching-lawyers-during-a-case/,2026-09-23,0,38,0,7.42
https://rodenlaw.com/blog/switching-lawyers-during-a-case/,2026-09-24,0,42,0,9.4
https://rodenlaw.com/blog/switching-lawyers-during-a-case/,2026-09-26,0,11,0,15.18
https://rodenlaw.com/blog/switching-lawyers-during-a-case/,2026-09-27,0,8,0,15.62
https://rodenlaw.com/blog/switching-lawyers-during-a-case/,2026-09-29,0,20,0,8.2
https://rodenlaw.com/blog/switching-lawyers-during-a-case/,2026-09-30,0,17,0,9.18
https://rodenlaw.com/blog/switching-lawyers-during-a-case/,2026-10-01,0,15,0,14.73
https://rodenlaw.com/blog/switching-lawyers-during-a-case/,2026-10-02,0,16,0,12.88
https://rodenlaw.com/blog/switching-lawyers-during-a-case/,2026-10-03,0,8,0,9.62
https://rodenlaw.com/blog/switching-lawyers-during-a-case/,2026-10-04,0,6,0,15.5
https://rodenlaw.com/blog/switching-lawyers-during-a-case/,2026-10-05,0,4,0,15.75
https://rodenlaw.com/blog/tactics-insurers-use-to-deny-crash-claims-charleston/,2026-09-15,0,1,0,19
https://rodenlaw.com/blog/tactics-insurers-use-to-deny-crash-claims-charleston/,2026-09-16,0,1,0,7
https://rodenlaw.com/blog/tactics-insurers-use-to-deny-crash-claims-charleston/,2026-09-18,0,1,0,7
https://rodenlaw.com/blog/tactics-insurers-use-to-deny-crash-claims-charleston/,2026-09-20,0,1,0,7
https://rodenlaw.com/blog/tactics-insurers-use-to-deny-crash-claims-charleston/,2026-09-21,0,1,0,33
https://rodenlaw.com/blog/tactics-insurers-use-to-deny-crash-claims-charleston/,2026-09-22,0,1,0,7
https://rodenlaw.com/blog/tactics-insurers-use-to-deny-crash-claims-charleston/,2026-09-23,0,1,0,1
https://rodenlaw.com/blog/tactics-insurers-use-to-deny-crash-claims-charleston/,2026-09-24,0,4,0,7.5
https://rodenlaw.com/blog/tactics-insurers-use-to-deny-crash-claims-charleston/,2026-09-25,0,5,0,6
https://rodenlaw.com/blog/tactics-insurers-use-to-deny-crash-claims-charleston/,2026-09-26,0,5,0,10.2
https://rodenlaw.com/blog/tactics-insurers-use-to-deny-crash-claims-charleston/,2026-09-27,0,9,0,13.56
https://rodenlaw.com/blog/tactics-insurers-use-to-deny-crash-claims-charleston/,2026-09-28,0,4,0,14.5
https://rodenlaw.com/blog/tactics-insurers-use-to-deny-crash-claims-charleston/,2026-09-29,0,1,0,17
https://rodenlaw.com/blog/tactics-insurers-use-to-deny-crash-claims-charleston/,2026-09-30,0,3,0,11
https://rodenlaw.com/blog/tactics-insurers-use-to-deny-crash-claims-charleston/,2026-10-02,0,3,0,3.67
https://rodenlaw.com/blog/tactics-insurers-use-to-deny-crash-claims-charleston/,2026-10-03,0,2,0,8.5
https://rodenlaw.com/blog/tactics-insurers-use-to-deny-crash-claims-charleston/,2026-10-04,0,1,0,8
https://rodenlaw.com/blog/taxes-on-car-crash-settlement-in-georgia/,2026-09-15,0,25,0,5.32
https://rodenlaw.com/blog/taxes-on-car-crash-settlement-in-georgia/,2026-09-16,0,20,0,7.05
https://rodenlaw.com/blog/taxes-on-car-crash-settlement-in-georgia/,2026-09-17,0,22,0,6.14
https://rodenlaw.com/blog/taxes-on-car-crash-settlement-in-georgia/,2026-09-18,0,14,0,6.57
https://rodenlaw.com/blog/taxes-on-car-crash-settlement-in-georgia/,2026-09-19,0,8,0,5.38
https://rodenlaw.com/blog/taxes-on-car-crash-settlement-in-georgia/,2026-09-20,0,11,0,8.09
https://rodenlaw.com/blog/taxes-on-car-crash-settlement-in-georgia/,2026-09-21,0,22,0,6
https://rodenlaw.com/blog/taxes-on-car-crash-settlement-in-georgia/,2026-09-22,0,10,0,5.8
https://rodenlaw.com/blog/taxes-on-car-crash-settlement-in-georgia/,2026-09-23,0,14,0,16.5
https://rodenlaw.com/blog/taxes-on-car-crash-settlement-in-georgia/,2026-09-24,0,32,0,6.53
https://rodenlaw.com/blog/taxes-on-car-crash-settlement-in-georgia/,2026-09-25,0,17,0,6
https://rodenlaw.com/blog/taxes-on-car-crash-settlement-in-georgia/,2026-09-27,0,5,0,5.4
https://rodenlaw.com/blog/taxes-on-car-crash-settlement-in-georgia/,2026-09-28,0,12,0,6.58
https://rodenlaw.com/blog/taxes-on-car-crash-settlement-in-georgia/,2026-09-29,0,7,0,6
https://rodenlaw.com/blog/taxes-on-car-crash-settlement-in-georgia/,2026-09-30,0,14,0,11.14
https://rodenlaw.com/blog/taxes-on-car-crash-settlement-in-georgia/,2026-10-01,0,11,0,7.64
https://rodenlaw.com/blog/taxes-on-car-crash-settlement-in-georgia/,2026-10-02,0,13,0,6.85
https://rodenlaw.com/blog/taxes-on-car-crash-settlement-in-georgia/,2026-10-03,0,7,0,7
https://rodenlaw.com/blog/taxes-on-car-crash-settlement-in-georgia/,2026-10-04,0,6,0,26.17
https://rodenlaw.com/blog/taxes-on-car-crash-settlement-in-georgia/,2026-10-05,0,9,0,7
https://rodenlaw.com/blog/taxes-on-car-crash-settlement-in-georgia/#general-rule,2026-09-29,0,1,0,7
https://rodenlaw.com/blog/taxes-on-car-crash-settlement-in-georgia/#general-rule,2026-10-01,0,1,0,7
https://rodenlaw.com/blog/taxes-on-car-crash-settlement-in-georgia/#non-taxable,2026-09-29,0,1,0,7
https://rodenlaw.com/blog/taxes-on-car-crash-settlement-in-georgia/#non-taxable,2026-10-01,0,1,0,7
https://rodenlaw.com/blog/taxes-on-car-crash-settlement-in-georgia/#structuring,2026-09-29,0,1,0,7
https://rodenlaw.com/blog/taxes-on-car-crash-settlement-in-georgia/#structuring,2026-10-01,0,1,0,7
https://rodenlaw.com/blog/taxes-on-car-crash-settlement-in-georgia/#taxable,2026-09-29,0,1,0,7
https://rodenlaw.com/blog/taxes-on-car-crash-settlement-in-georgia/#taxable,2026-10-01,0,1,0,7
https://rodenlaw.com/blog/teenagers-and-driving-distracted/,2026-09-27,0,1,0,39
https://rodenlaw.com/blog/tenmile-i-26-best-car-accident-lawyer-north-charleston/,2026-09-15,0,4,0,48.5
https://rodenlaw.com/blog/tenmile-i-26-best-car-accident-lawyer-north-charleston/,2026-09-19,0,1,0,28
https://rodenlaw.com/blog/tenmile-i-26-best-car-accident-lawyer-north-charleston/,2026-09-20,0,1,0,2
https://rodenlaw.com/blog/tenmile-i-26-best-car-accident-lawyer-north-charleston/,2026-09-21,0,1,0,2
https://rodenlaw.com/blog/tenmile-i-26-best-car-accident-lawyer-north-charleston/,2026-09-22,0,6,0,50.33
https://rodenlaw.com/blog/tenmile-i-26-best-car-accident-lawyer-north-charleston/,2026-09-24,0,10,0,8.5
https://rodenlaw.com/blog/tenmile-i-26-best-car-accident-lawyer-north-charleston/,2026-09-25,0,69,0,10.26
https://rodenlaw.com/blog/tenmile-i-26-best-car-accident-lawyer-north-charleston/,2026-09-26,0,37,0,10.46
https://rodenlaw.com/blog/tenmile-i-26-best-car-accident-lawyer-north-charleston/,2026-09-27,0,43,0,10.37
https://rodenlaw.com/blog/tenmile-i-26-best-car-accident-lawyer-north-charleston/,2026-09-28,0,102,0,10.51
https://rodenlaw.com/blog/tenmile-i-26-best-car-accident-lawyer-north-charleston/,2026-09-29,0,66,0,10.38
https://rodenlaw.com/blog/tenmile-i-26-best-car-accident-lawyer-north-charleston/,2026-09-30,0,51,0,8.16
https://rodenlaw.com/blog/tenmile-i-26-best-car-accident-lawyer-north-charleston/,2026-10-01,0,15,0,15.53
https://rodenlaw.com/blog/tenmile-i-26-best-car-accident-lawyer-north-charleston/,2026-10-02,0,15,0,12.13
https://rodenlaw.com/blog/tenmile-i-26-best-car-accident-lawyer-north-charleston/,2026-10-03,0,23,0,10.39
https://rodenlaw.com/blog/tenmile-i-26-best-car-accident-lawyer-north-charleston/,2026-10-04,0,20,0,11.45
https://rodenlaw.com/blog/tenmile-i-26-best-car-accident-lawyer-north-charleston/,2026-10-05,0,23,0,10.91
https://rodenlaw.com/blog/the-importance-of-gathering-evidence-after-a-motorcycle-accident/,2026-09-15,0,1,0,45
https://rodenlaw.com/blog/the-importance-of-gathering-evidence-after-a-motorcycle-accident/,2026-09-16,0,2,0,22.5
https://rodenlaw.com/blog/the-importance-of-gathering-evidence-after-a-motorcycle-accident/,2026-09-17,0,1,0,5
https://rodenlaw.com/blog/the-importance-of-gathering-evidence-after-a-motorcycle-accident/,2026-09-18,0,1,0,2
https://rodenlaw.com/blog/the-importance-of-gathering-evidence-after-a-motorcycle-accident/,2026-09-19,0,1,0,9
https://rodenlaw.com/blog/the-importance-of-gathering-evidence-after-a-motorcycle-accident/,2026-09-21,0,2,0,9
https://rodenlaw.com/blog/the-importance-of-gathering-evidence-after-a-motorcycle-accident/,2026-09-23,0,3,0,15.67
https://rodenlaw.com/blog/the-importance-of-gathering-evidence-after-a-motorcycle-accident/,2026-09-24,0,2,0,6.5
https://rodenlaw.com/blog/the-importance-of-gathering-evidence-after-a-motorcycle-accident/,2026-09-25,0,1,0,6
https://rodenlaw.com/blog/the-importance-of-gathering-evidence-after-a-motorcycle-accident/,2026-09-26,0,3,0,6.67
https://rodenlaw.com/blog/the-importance-of-gathering-evidence-after-a-motorcycle-accident/,2026-09-27,0,3,0,8
https://rodenlaw.com/blog/the-importance-of-gathering-evidence-after-a-motorcycle-accident/,2026-09-28,0,3,0,6
https://rodenlaw.com/blog/the-importance-of-gathering-evidence-after-a-motorcycle-accident/,2026-09-29,0,2,0,6.5
https://rodenlaw.com/blog/the-importance-of-gathering-evidence-after-a-motorcycle-accident/,2026-09-30,0,2,0,16
https://rodenlaw.com/blog/the-importance-of-gathering-evidence-after-a-motorcycle-accident/,2026-10-01,0,5,0,11.6
https://rodenlaw.com/blog/the-importance-of-gathering-evidence-after-a-motorcycle-accident/,2026-10-02,0,3,0,11
https://rodenlaw.com/blog/the-importance-of-gathering-evidence-after-a-motorcycle-accident/,2026-10-03,0,4,0,9
https://rodenlaw.com/blog/the-most-common-causes-of-truck-accidents/,2026-09-16,0,1,0,8
https://rodenlaw.com/blog/the-most-common-causes-of-truck-accidents/,2026-09-21,0,1,0,4
https://rodenlaw.com/blog/the-most-common-causes-of-truck-accidents/,2026-09-23,0,1,0,7
https://rodenlaw.com/blog/the-role-of-vocational-rehabilitation-in-workers-compensation-cases/,2026-09-15,0,1,0,3
https://rodenlaw.com/blog/the-role-of-vocational-rehabilitation-in-workers-compensation-cases/,2026-09-16,0,1,0,10
https://rodenlaw.com/blog/the-role-of-vocational-rehabilitation-in-workers-compensation-cases/,2026-09-17,0,4,0,6.75
https://rodenlaw.com/blog/the-role-of-vocational-rehabilitation-in-workers-compensation-cases/,2026-09-18,0,5,0,14.4
https://rodenlaw.com/blog/the-role-of-vocational-rehabilitation-in-workers-compensation-cases/,2026-09-19,0,1,0,1
https://rodenlaw.com/blog/the-role-of-vocational-rehabilitation-in-workers-compensation-cases/,2026-09-20,0,2,0,28
https://rodenlaw.com/blog/the-role-of-vocational-rehabilitation-in-workers-compensation-cases/,2026-09-21,0,9,0,14.67
https://rodenlaw.com/blog/the-role-of-vocational-rehabilitation-in-workers-compensation-cases/,2026-09-22,0,13,0,8.31
https://rodenlaw.com/blog/the-role-of-vocational-rehabilitation-in-workers-compensation-cases/,2026-09-23,0,9,0,19.33
https://rodenlaw.com/blog/the-role-of-vocational-rehabilitation-in-workers-compensation-cases/,2026-09-24,0,7,0,20.29
https://rodenlaw.com/blog/the-role-of-vocational-rehabilitation-in-workers-compensation-cases/,2026-09-25,0,6,0,20.67
https://rodenlaw.com/blog/the-role-of-vocational-rehabilitation-in-workers-compensation-cases/,2026-09-26,0,4,0,13
https://rodenlaw.com/blog/the-role-of-vocational-rehabilitation-in-workers-compensation-cases/,2026-09-27,0,4,0,35.75
https://rodenlaw.com/blog/the-role-of-vocational-rehabilitation-in-workers-compensation-cases/,2026-09-28,0,5,0,21.8
https://rodenlaw.com/blog/the-role-of-vocational-rehabilitation-in-workers-compensation-cases/,2026-09-29,0,8,0,7.25
https://rodenlaw.com/blog/the-role-of-vocational-rehabilitation-in-workers-compensation-cases/,2026-09-30,0,10,0,5.6
https://rodenlaw.com/blog/the-role-of-vocational-rehabilitation-in-workers-compensation-cases/,2026-10-01,0,9,0,11.44
https://rodenlaw.com/blog/the-role-of-vocational-rehabilitation-in-workers-compensation-cases/,2026-10-02,0,13,0,30.31
https://rodenlaw.com/blog/the-role-of-vocational-rehabilitation-in-workers-compensation-cases/,2026-10-03,0,6,0,13.83
https://rodenlaw.com/blog/the-role-of-vocational-rehabilitation-in-workers-compensation-cases/,2026-10-04,0,4,0,23.5
https://rodenlaw.com/blog/the-role-of-vocational-rehabilitation-in-workers-compensation-cases/#how-vocational-rehab-works,2026-09-19,0,1,0,1
https://rodenlaw.com/blog/the-role-of-vocational-rehabilitation-in-workers-compensation-cases/#how-vocational-rehab-works,2026-09-27,0,1,0,9
https://rodenlaw.com/blog/the-role-of-vocational-rehabilitation-in-workers-compensation-cases/#how-vocational-rehab-works,2026-09-29,0,1,0,1
https://rodenlaw.com/blog/the-role-of-vocational-rehabilitation-in-workers-compensation-cases/#how-vocational-rehab-works,2026-10-01,0,1,0,2
https://rodenlaw.com/blog/the-role-of-vocational-rehabilitation-in-workers-compensation-cases/#how-vocational-rehab-works,2026-10-04,0,1,0,2
https://rodenlaw.com/blog/the-role-of-vocational-rehabilitation-in-workers-compensation-cases/#types-of-services,2026-09-19,0,1,0,1
https://rodenlaw.com/blog/the-role-of-vocational-rehabilitation-in-workers-compensation-cases/#types-of-services,2026-09-27,0,1,0,9
https://rodenlaw.com/blog/the-role-of-vocational-rehabilitation-in-workers-compensation-cases/#types-of-services,2026-09-29,0,1,0,1
https://rodenlaw.com/blog/the-role-of-vocational-rehabilitation-in-workers-compensation-cases/#types-of-services,2026-10-01,0,1,0,2
https://rodenlaw.com/blog/the-role-of-vocational-rehabilitation-in-workers-compensation-cases/#types-of-services,2026-10-04,0,1,0,2
https://rodenlaw.com/blog/the-role-of-vocational-rehabilitation-in-workers-compensation-cases/#what-is-vocational-rehab,2026-09-19,0,1,0,1
https://rodenlaw.com/blog/the-role-of-vocational-rehabilitation-in-workers-compensation-cases/#what-is-vocational-rehab,2026-09-27,0,1,0,9
https://rodenlaw.com/blog/the-role-of-vocational-rehabilitation-in-workers-compensation-cases/#what-is-vocational-rehab,2026-09-29,0,1,0,1
https://rodenlaw.com/blog/the-role-of-vocational-rehabilitation-in-workers-compensation-cases/#what-is-vocational-rehab,2026-10-01,0,1,0,2
https://rodenlaw.com/blog/the-role-of-vocational-rehabilitation-in-workers-compensation-cases/#what-is-vocational-rehab,2026-10-04,0,1,0,2
https://rodenlaw.com/blog/third-party-fault-for-work-injuries/,2026-09-15,0,59,0,9.46
https://rodenlaw.com/blog/third-party-fault-for-work-injuries/,2026-09-17,0,74,0,13.19
https://rodenlaw.com/blog/third-party-fault-for-work-injuries/,2026-09-18,0,49,0,11.39
https://rodenlaw.com/blog/third-party-fault-for-work-injuries/,2026-09-19,0,18,0,7
https://rodenlaw.com/blog/third-party-fault-for-work-injuries/,2026-09-20,0,10,0,15.4
https://rodenlaw.com/blog/third-party-fault-for-work-injuries/,2026-09-21,0,44,0,7.66
https://rodenlaw.com/blog/third-party-fault-for-work-injuries/,2026-09-22,0,49,0,8.73
https://rodenlaw.com/blog/third-party-fault-for-work-injuries/,2026-09-24,0,14,0,8.43
https://rodenlaw.com/blog/third-party-fault-for-work-injuries/,2026-09-25,0,5,0,17.8
https://rodenlaw.com/blog/third-party-fault-for-work-injuries/,2026-09-26,0,5,0,10.8
https://rodenlaw.com/blog/third-party-fault-for-work-injuries/,2026-09-27,0,3,0,25.67
https://rodenlaw.com/blog/third-party-fault-for-work-injuries/,2026-09-28,0,7,0,13.14
https://rodenlaw.com/blog/third-party-fault-for-work-injuries/,2026-09-29,0,10,0,8.1
https://rodenlaw.com/blog/third-party-fault-for-work-injuries/,2026-09-30,0,6,0,8.33
https://rodenlaw.com/blog/third-party-fault-for-work-injuries/,2026-10-01,0,7,0,14.86
https://rodenlaw.com/blog/third-party-fault-for-work-injuries/,2026-10-02,0,11,0,25
https://rodenlaw.com/blog/third-party-fault-for-work-injuries/,2026-10-03,0,7,0,18.14
https://rodenlaw.com/blog/third-party-fault-for-work-injuries/,2026-10-04,0,3,0,6.33
https://rodenlaw.com/blog/third-party-fault-for-work-injuries/,2026-10-05,0,2,0,5
https://rodenlaw.com/blog/third-party-liability-for-work-injury/,2026-09-20,0,1,0,85
https://rodenlaw.com/blog/third-party-liability-for-work-injury/,2026-10-01,0,2,0,84
https://rodenlaw.com/blog/third-party-liability-for-work-injury/,2026-10-02,0,3,0,81.33
https://rodenlaw.com/blog/tips-for-choosing-a-motor-vehicle-accident-attorney/,2026-09-15,0,2,0,4.5
https://rodenlaw.com/blog/tips-for-choosing-a-motor-vehicle-accident-attorney/,2026-09-22,0,1,0,30
https://rodenlaw.com/blog/tips-for-choosing-a-motor-vehicle-accident-attorney/,2026-09-24,0,1,0,9
https://rodenlaw.com/blog/tips-for-choosing-a-motor-vehicle-accident-attorney/,2026-10-01,0,1,0,5
https://rodenlaw.com/blog/traffic-tickets-and-car-accident-claims/,2026-09-16,0,38,0,9.53
https://rodenlaw.com/blog/traffic-tickets-and-car-accident-claims/,2026-09-17,0,45,0,14.6
https://rodenlaw.com/blog/traffic-tickets-and-car-accident-claims/,2026-09-18,0,31,0,7.48
https://rodenlaw.com/blog/traffic-tickets-and-car-accident-claims/,2026-09-19,0,21,0,8.52
https://rodenlaw.com/blog/traffic-tickets-and-car-accident-claims/,2026-09-20,0,22,0,12.41
https://rodenlaw.com/blog/traffic-tickets-and-car-accident-claims/,2026-09-21,0,25,0,7.4
https://rodenlaw.com/blog/traffic-tickets-and-car-accident-claims/,2026-09-22,0,31,0,11.94
https://rodenlaw.com/blog/traffic-tickets-and-car-accident-claims/,2026-09-23,0,16,0,5.12
https://rodenlaw.com/blog/traffic-tickets-and-car-accident-claims/,2026-09-24,0,20,0,24.35
https://rodenlaw.com/blog/traffic-tickets-and-car-accident-claims/,2026-09-25,0,16,0,4.94
https://rodenlaw.com/blog/traffic-tickets-and-car-accident-claims/,2026-09-26,0,11,0,13.55
https://rodenlaw.com/blog/traffic-tickets-and-car-accident-claims/,2026-09-27,0,7,0,10.43
https://rodenlaw.com/blog/traffic-tickets-and-car-accident-claims/,2026-09-28,0,21,0,11.76
https://rodenlaw.com/blog/traffic-tickets-and-car-accident-claims/,2026-09-29,0,20,0,17.35
https://rodenlaw.com/blog/traffic-tickets-and-car-accident-claims/,2026-09-30,0,7,0,12.86
https://rodenlaw.com/blog/traffic-tickets-and-car-accident-claims/,2026-10-01,0,21,0,28.95
https://rodenlaw.com/blog/traffic-tickets-and-car-accident-claims/,2026-10-02,0,16,0,8
https://rodenlaw.com/blog/traffic-tickets-and-car-accident-claims/,2026-10-03,0,3,0,3.33
https://rodenlaw.com/blog/traffic-tickets-and-car-accident-claims/,2026-10-05,0,6,0,4.83
https://rodenlaw.com/blog/traffic-tickets-and-car-accident-claims/#common-citations,2026-09-29,0,1,0,11
https://rodenlaw.com/blog/traffic-tickets-and-car-accident-claims/#georgia-traffic-ticket-rules,2026-09-29,0,1,0,11
https://rodenlaw.com/blog/traffic-tickets-and-car-accident-claims/#negligence-per-se,2026-09-29,0,1,0,11
https://rodenlaw.com/blog/traffic-tickets-and-car-accident-claims/#south-carolina-traffic-ticket-rules,2026-09-29,0,1,0,11
https://rodenlaw.com/blog/traffic-tickets-and-car-accident-claims/#ticket-as-evidence,2026-09-29,0,1,0,11
https://rodenlaw.com/blog/traffic-tickets-and-car-accident-claims/#traffic-tickets-and-fault,2026-09-29,0,1,0,11
https://rodenlaw.com/blog/traffic-tickets-and-car-accident-claims/#what-if-you-got-ticket,2026-09-29,0,1,0,11
https://rodenlaw.com/blog/truck-accident-injuries/,2026-09-15,0,16,0,47.88
https://rodenlaw.com/blog/truck-accident-injuries/,2026-09-16,0,14,0,56.36
https://rodenlaw.com/blog/truck-accident-injuries/,2026-09-17,0,8,0,57.12
https://rodenlaw.com/blog/truck-accident-injuries/,2026-09-18,0,7,0,57.57
https://rodenlaw.com/blog/truck-accident-injuries/,2026-09-19,0,3,0,42.33
https://rodenlaw.com/blog/truck-accident-injuries/,2026-09-20,0,11,0,51.82
https://rodenlaw.com/blog/truck-accident-injuries/,2026-09-21,0,8,0,58.12
https://rodenlaw.com/blog/truck-accident-injuries/,2026-09-22,0,7,0,65.29
https://rodenlaw.com/blog/truck-accident-injuries/,2026-09-23,0,4,0,50
https://rodenlaw.com/blog/truck-accident-injuries/,2026-09-24,0,11,0,45.27
https://rodenlaw.com/blog/truck-accident-injuries/,2026-09-25,0,6,0,68.17
https://rodenlaw.com/blog/truck-accident-injuries/,2026-09-26,0,9,0,33.33
https://rodenlaw.com/blog/truck-accident-injuries/,2026-09-27,0,8,0,33
https://rodenlaw.com/blog/truck-accident-injuries/,2026-09-28,0,20,0,29.9
https://rodenlaw.com/blog/truck-accident-injuries/,2026-09-29,0,6,0,6.33
https://rodenlaw.com/blog/truck-accident-injuries/,2026-09-30,0,20,0,11.5
https://rodenlaw.com/blog/truck-accident-injuries/,2026-10-01,0,13,0,24.08
https://rodenlaw.com/blog/truck-accident-injuries/,2026-10-02,0,7,0,18.29
https://rodenlaw.com/blog/truck-accident-injuries/,2026-10-03,0,8,0,21.5
https://rodenlaw.com/blog/truck-accident-injuries/,2026-10-04,0,13,0,9.85
https://rodenlaw.com/blog/truck-accident-injuries/,2026-10-05,0,2,0,10.5
https://rodenlaw.com/blog/truck-accident-liability/,2026-09-23,0,1,0,9
https://rodenlaw.com/blog/truck-accident-liability/,2026-09-25,0,2,0,2
https://rodenlaw.com/blog/truck-accident-liability/,2026-09-26,0,1,0,8
https://rodenlaw.com/blog/truck-accident-liability/,2026-09-29,0,1,0,7
https://rodenlaw.com/blog/truck-accident-liability/,2026-09-30,0,3,0,8
https://rodenlaw.com/blog/truck-accident-reconstruction/,2026-09-15,0,13,0,10.23
https://rodenlaw.com/blog/truck-accident-reconstruction/,2026-09-16,0,26,0,14.35
https://rodenlaw.com/blog/truck-accident-reconstruction/,2026-09-17,0,3,0,21
https://rodenlaw.com/blog/truck-accident-reconstruction/,2026-09-18,0,12,0,24.58
https://rodenlaw.com/blog/truck-accident-reconstruction/,2026-09-19,0,4,0,22.75
https://rodenlaw.com/blog/truck-accident-reconstruction/,2026-09-20,0,11,0,16.73
https://rodenlaw.com/blog/truck-accident-reconstruction/,2026-09-21,0,12,0,8.92
https://rodenlaw.com/blog/truck-accident-reconstruction/,2026-09-22,0,19,0,6.26
https://rodenlaw.com/blog/truck-accident-reconstruction/,2026-09-23,0,41,0,13.34
https://rodenlaw.com/blog/truck-accident-reconstruction/,2026-09-24,0,16,0,11.31
https://rodenlaw.com/blog/truck-accident-reconstruction/,2026-09-25,0,16,0,13.44
https://rodenlaw.com/blog/truck-accident-reconstruction/,2026-09-26,0,34,0,14.76
https://rodenlaw.com/blog/truck-accident-reconstruction/,2026-09-27,0,26,0,17.42
https://rodenlaw.com/blog/truck-accident-reconstruction/,2026-09-28,0,19,0,15.37
https://rodenlaw.com/blog/truck-accident-reconstruction/,2026-09-29,0,26,0,8.81
https://rodenlaw.com/blog/truck-accident-reconstruction/,2026-09-30,0,15,0,14.2
https://rodenlaw.com/blog/truck-accident-reconstruction/,2026-10-01,0,19,0,32.95
https://rodenlaw.com/blog/truck-accident-reconstruction/,2026-10-02,0,19,0,31.74
https://rodenlaw.com/blog/truck-accident-reconstruction/,2026-10-03,0,17,0,31.82
https://rodenlaw.com/blog/truck-accident-reconstruction/,2026-10-04,0,12,0,27.5
https://rodenlaw.com/blog/truck-accident-reconstruction/,2026-10-05,0,8,0,35.12
https://rodenlaw.com/blog/turkey-fryer-injury-claims/,2026-09-17,0,1,0,10
https://rodenlaw.com/blog/turkey-fryer-injury-claims/,2026-09-21,0,1,0,3
https://rodenlaw.com/blog/turkey-fryer-injury-claims/,2026-09-23,0,2,0,5
https://rodenlaw.com/blog/turkey-fryer-injury-claims/,2026-09-25,0,1,0,11
https://rodenlaw.com/blog/turkey-fryer-injury-claims/,2026-09-27,0,2,0,10.5
https://rodenlaw.com/blog/turkey-fryer-injury-claims/,2026-09-28,0,1,0,37
https://rodenlaw.com/blog/turkey-fryer-injury-claims/,2026-09-29,0,1,0,6
https://rodenlaw.com/blog/turkey-fryer-injury-claims/,2026-09-30,0,1,0,2
https://rodenlaw.com/blog/turkey-fryer-injury-claims/,2026-10-03,0,1,0,3
https://rodenlaw.com/blog/turkey-fryer-injury-claims/,2026-10-05,0,1,0,11
https://rodenlaw.com/blog/understanding-eye-injuries-after-a-savannah-car-accident/,2026-09-15,0,1,0,11
https://rodenlaw.com/blog/understanding-eye-injuries-after-a-savannah-car-accident/,2026-09-16,0,2,0,6.5
https://rodenlaw.com/blog/understanding-eye-injuries-after-a-savannah-car-accident/,2026-09-17,0,2,0,7
https://rodenlaw.com/blog/understanding-eye-injuries-after-a-savannah-car-accident/,2026-09-18,0,2,0,8
https://rodenlaw.com/blog/understanding-eye-injuries-after-a-savannah-car-accident/,2026-09-19,0,3,0,6.33
https://rodenlaw.com/blog/understanding-eye-injuries-after-a-savannah-car-accident/,2026-09-21,0,3,0,9.67
https://rodenlaw.com/blog/understanding-eye-injuries-after-a-savannah-car-accident/,2026-09-23,0,2,0,4.5
https://rodenlaw.com/blog/understanding-eye-injuries-after-a-savannah-car-accident/,2026-09-25,0,6,0,21.17
https://rodenlaw.com/blog/understanding-eye-injuries-after-a-savannah-car-accident/,2026-09-26,0,9,0,7.44
https://rodenlaw.com/blog/understanding-eye-injuries-after-a-savannah-car-accident/,2026-09-27,0,9,0,9
https://rodenlaw.com/blog/understanding-eye-injuries-after-a-savannah-car-accident/,2026-09-28,0,2,0,5
https://rodenlaw.com/blog/understanding-eye-injuries-after-a-savannah-car-accident/,2026-09-29,0,4,0,17
https://rodenlaw.com/blog/understanding-eye-injuries-after-a-savannah-car-accident/,2026-09-30,0,3,0,5.33
https://rodenlaw.com/blog/understanding-eye-injuries-after-a-savannah-car-accident/,2026-10-01,0,2,0,23.5
https://rodenlaw.com/blog/understanding-eye-injuries-after-a-savannah-car-accident/,2026-10-02,0,1,0,8
https://rodenlaw.com/blog/understanding-eye-injuries-after-a-savannah-car-accident/,2026-10-04,0,1,0,7
https://rodenlaw.com/blog/understanding-vicarious-liability/,2026-09-15,0,9,0,19.89
https://rodenlaw.com/blog/understanding-vicarious-liability/,2026-09-16,0,20,0,14.55
https://rodenlaw.com/blog/understanding-vicarious-liability/,2026-09-17,0,19,0,22.42
https://rodenlaw.com/blog/understanding-vicarious-liability/,2026-09-18,0,26,0,20.38
https://rodenlaw.com/blog/understanding-vicarious-liability/,2026-09-19,0,12,0,21.83
https://rodenlaw.com/blog/understanding-vicarious-liability/,2026-09-20,0,4,0,7
https://rodenlaw.com/blog/understanding-vicarious-liability/,2026-09-21,0,25,0,9.72
https://rodenlaw.com/blog/understanding-vicarious-liability/,2026-09-22,0,20,0,10.1
https://rodenlaw.com/blog/understanding-vicarious-liability/,2026-09-23,0,18,0,15.39
https://rodenlaw.com/blog/understanding-vicarious-liability/,2026-09-24,0,10,0,8.7
https://rodenlaw.com/blog/understanding-vicarious-liability/,2026-09-25,0,9,0,8
https://rodenlaw.com/blog/understanding-vicarious-liability/,2026-09-26,0,8,0,9.38
https://rodenlaw.com/blog/understanding-vicarious-liability/,2026-09-27,0,5,0,18
https://rodenlaw.com/blog/understanding-vicarious-liability/,2026-09-28,0,10,0,11.6
https://rodenlaw.com/blog/understanding-vicarious-liability/,2026-09-29,0,10,0,8.1
https://rodenlaw.com/blog/understanding-vicarious-liability/,2026-09-30,0,18,0,9.61
https://rodenlaw.com/blog/understanding-vicarious-liability/,2026-10-01,0,9,0,20.44
https://rodenlaw.com/blog/understanding-vicarious-liability/,2026-10-02,0,7,0,24
https://rodenlaw.com/blog/understanding-vicarious-liability/,2026-10-03,0,5,0,19.8
https://rodenlaw.com/blog/understanding-vicarious-liability/,2026-10-04,0,6,0,8
https://rodenlaw.com/blog/understanding-vicarious-liability/,2026-10-05,0,3,0,5.67
https://rodenlaw.com/blog/us-17-i-95-darien-wrongful-death-mcintosh-county/,2026-09-15,0,3,0,7
https://rodenlaw.com/blog/us-17-i-95-darien-wrongful-death-mcintosh-county/,2026-09-16,0,2,0,7.5
https://rodenlaw.com/blog/us-17-i-95-darien-wrongful-death-mcintosh-county/,2026-09-17,0,1,0,10
https://rodenlaw.com/blog/us-17-i-95-darien-wrongful-death-mcintosh-county/,2026-09-18,0,12,0,6.75
https://rodenlaw.com/blog/us-17-i-95-darien-wrongful-death-mcintosh-county/,2026-09-19,0,9,0,6.44
https://rodenlaw.com/blog/us-17-i-95-darien-wrongful-death-mcintosh-county/,2026-09-20,0,8,0,9.62
https://rodenlaw.com/blog/us-17-i-95-darien-wrongful-death-mcintosh-county/,2026-09-21,0,3,0,7.33
https://rodenlaw.com/blog/us-17-i-95-darien-wrongful-death-mcintosh-county/,2026-09-22,0,3,0,17.67
https://rodenlaw.com/blog/us-17-i-95-darien-wrongful-death-mcintosh-county/,2026-09-23,0,10,0,7.4
https://rodenlaw.com/blog/us-17-i-95-darien-wrongful-death-mcintosh-county/,2026-09-24,0,6,0,8.83
https://rodenlaw.com/blog/us-17-i-95-darien-wrongful-death-mcintosh-county/,2026-09-25,0,5,0,11
https://rodenlaw.com/blog/us-17-i-95-darien-wrongful-death-mcintosh-county/,2026-09-26,0,4,0,10.25
https://rodenlaw.com/blog/us-17-i-95-darien-wrongful-death-mcintosh-county/,2026-09-27,0,7,0,4.43
https://rodenlaw.com/blog/us-17-i-95-darien-wrongful-death-mcintosh-county/,2026-09-28,0,27,0,8.26
https://rodenlaw.com/blog/us-17-i-95-darien-wrongful-death-mcintosh-county/,2026-09-29,0,3,0,11
https://rodenlaw.com/blog/us-17-i-95-darien-wrongful-death-mcintosh-county/,2026-09-30,0,4,0,10.5
https://rodenlaw.com/blog/us-17-i-95-darien-wrongful-death-mcintosh-county/,2026-10-01,0,3,0,8
https://rodenlaw.com/blog/us-17-i-95-darien-wrongful-death-mcintosh-county/,2026-10-02,0,1,0,9
https://rodenlaw.com/blog/us-17-i-95-darien-wrongful-death-mcintosh-county/,2026-10-03,0,2,0,9
https://rodenlaw.com/blog/us-17-i-95-darien-wrongful-death-mcintosh-county/,2026-10-04,0,81,0,7.44
https://rodenlaw.com/blog/us-17-truck-accident-broadfield-glynn-county/,2026-09-15,0,2,0,4.5
https://rodenlaw.com/blog/us-17-truck-accident-broadfield-glynn-county/,2026-09-16,0,1,0,14
https://rodenlaw.com/blog/us-17-truck-accident-broadfield-glynn-county/,2026-09-17,0,2,0,6.5
https://rodenlaw.com/blog/us-17-truck-accident-broadfield-glynn-county/,2026-09-18,0,3,0,18.67
https://rodenlaw.com/blog/us-17-truck-accident-broadfield-glynn-county/,2026-09-21,0,2,0,7
https://rodenlaw.com/blog/us-17-truck-accident-broadfield-glynn-county/,2026-09-22,0,3,0,5.67
https://rodenlaw.com/blog/us-17-truck-accident-broadfield-glynn-county/,2026-09-24,0,3,0,7.67
https://rodenlaw.com/blog/us-17-truck-accident-broadfield-glynn-county/,2026-09-25,0,10,0,10.7
https://rodenlaw.com/blog/us-17-truck-accident-broadfield-glynn-county/,2026-09-26,0,7,0,7.43
https://rodenlaw.com/blog/us-17-truck-accident-broadfield-glynn-county/,2026-09-28,0,6,0,11.83
https://rodenlaw.com/blog/us-17-truck-accident-broadfield-glynn-county/,2026-10-02,0,9,0,28.11
https://rodenlaw.com/blog/us-17-truck-accident-broadfield-glynn-county/,2026-10-04,0,1,0,5
https://rodenlaw.com/blog/us-17-truck-accident-broadfield-glynn-county/,2026-10-05,0,1,0,10
https://rodenlaw.com/blog/using-dashcams-as-evidence-of-fault-in-a-car-accident/,2026-09-15,0,11,0,26.82
https://rodenlaw.com/blog/using-dashcams-as-evidence-of-fault-in-a-car-accident/,2026-09-16,0,12,0,30.58
https://rodenlaw.com/blog/using-dashcams-as-evidence-of-fault-in-a-car-accident/,2026-09-17,0,16,0,21.12
https://rodenlaw.com/blog/using-dashcams-as-evidence-of-fault-in-a-car-accident/,2026-09-18,0,10,0,15.2
https://rodenlaw.com/blog/using-dashcams-as-evidence-of-fault-in-a-car-accident/,2026-09-19,0,10,0,29.4
https://rodenlaw.com/blog/using-dashcams-as-evidence-of-fault-in-a-car-accident/,2026-09-20,0,7,0,25.43
https://rodenlaw.com/blog/using-dashcams-as-evidence-of-fault-in-a-car-accident/,2026-09-21,0,16,0,16.69
https://rodenlaw.com/blog/using-dashcams-as-evidence-of-fault-in-a-car-accident/,2026-09-22,0,11,0,21.73
https://rodenlaw.com/blog/using-dashcams-as-evidence-of-fault-in-a-car-accident/,2026-09-23,0,12,0,18.75
https://rodenlaw.com/blog/using-dashcams-as-evidence-of-fault-in-a-car-accident/,2026-09-24,0,13,0,20.15
https://rodenlaw.com/blog/using-dashcams-as-evidence-of-fault-in-a-car-accident/,2026-09-25,0,11,0,14.18
https://rodenlaw.com/blog/using-dashcams-as-evidence-of-fault-in-a-car-accident/,2026-09-26,0,6,0,34
https://rodenlaw.com/blog/using-dashcams-as-evidence-of-fault-in-a-car-accident/,2026-09-27,0,8,0,21.12
https://rodenlaw.com/blog/using-dashcams-as-evidence-of-fault-in-a-car-accident/,2026-09-28,0,8,0,32.88
https://rodenlaw.com/blog/using-dashcams-as-evidence-of-fault-in-a-car-accident/,2026-09-29,0,8,0,25.38
https://rodenlaw.com/blog/using-dashcams-as-evidence-of-fault-in-a-car-accident/,2026-09-30,0,14,0,31.64
https://rodenlaw.com/blog/using-dashcams-as-evidence-of-fault-in-a-car-accident/,2026-10-01,0,6,0,34.83
https://rodenlaw.com/blog/using-dashcams-as-evidence-of-fault-in-a-car-accident/,2026-10-02,0,10,0,22.7
https://rodenlaw.com/blog/using-dashcams-as-evidence-of-fault-in-a-car-accident/,2026-10-03,0,9,0,18.22
https://rodenlaw.com/blog/using-dashcams-as-evidence-of-fault-in-a-car-accident/,2026-10-04,0,4,0,14.5
https://rodenlaw.com/blog/using-dashcams-as-evidence-of-fault-in-a-car-accident/,2026-10-05,0,6,0,12
https://rodenlaw.com/blog/using-uninsured-underinsured-motorist-coverage-in-georgia/,2026-09-15,0,52,0,10.56
https://rodenlaw.com/blog/using-uninsured-underinsured-motorist-coverage-in-georgia/,2026-09-16,0,47,0,9.53
https://rodenlaw.com/blog/using-uninsured-underinsured-motorist-coverage-in-georgia/,2026-09-17,0,55,0,7.95
https://rodenlaw.com/blog/using-uninsured-underinsured-motorist-coverage-in-georgia/,2026-09-18,0,35,0,10.26
https://rodenlaw.com/blog/using-uninsured-underinsured-motorist-coverage-in-georgia/,2026-09-19,0,16,0,15.25
https://rodenlaw.com/blog/using-uninsured-underinsured-motorist-coverage-in-georgia/,2026-09-20,0,5,0,14.6
https://rodenlaw.com/blog/using-uninsured-underinsured-motorist-coverage-in-georgia/,2026-09-21,0,44,0,10.02
https://rodenlaw.com/blog/using-uninsured-underinsured-motorist-coverage-in-georgia/,2026-09-23,0,23,0,16.3
https://rodenlaw.com/blog/using-uninsured-underinsured-motorist-coverage-in-georgia/,2026-09-24,0,24,0,15.42
https://rodenlaw.com/blog/using-uninsured-underinsured-motorist-coverage-in-georgia/,2026-09-25,0,46,0,25.3
https://rodenlaw.com/blog/using-uninsured-underinsured-motorist-coverage-in-georgia/,2026-09-26,0,37,0,29.43
https://rodenlaw.com/blog/using-uninsured-underinsured-motorist-coverage-in-georgia/,2026-09-27,0,104,0,30.12
https://rodenlaw.com/blog/using-uninsured-underinsured-motorist-coverage-in-georgia/,2026-09-28,0,82,0,27.54
https://rodenlaw.com/blog/using-uninsured-underinsured-motorist-coverage-in-georgia/,2026-09-29,0,47,0,26.28
https://rodenlaw.com/blog/using-uninsured-underinsured-motorist-coverage-in-georgia/,2026-09-30,0,16,0,32.56
https://rodenlaw.com/blog/using-uninsured-underinsured-motorist-coverage-in-georgia/,2026-10-02,0,11,0,19.91
https://rodenlaw.com/blog/using-uninsured-underinsured-motorist-coverage-in-georgia/,2026-10-03,0,5,0,22.8
https://rodenlaw.com/blog/using-uninsured-underinsured-motorist-coverage-in-georgia/,2026-10-04,0,4,0,45.5
https://rodenlaw.com/blog/using-uninsured-underinsured-motorist-coverage-in-georgia/,2026-10-05,0,3,0,37
https://rodenlaw.com/blog/using-uninsured-underinsured-motorist-coverage-in-georgia/#georgia-um-uim-laws,2026-09-15,0,2,0,9
https://rodenlaw.com/blog/using-uninsured-underinsured-motorist-coverage-in-georgia/#georgia-um-uim-laws,2026-09-16,0,1,0,8
https://rodenlaw.com/blog/using-uninsured-underinsured-motorist-coverage-in-georgia/#georgia-um-uim-laws,2026-09-18,0,2,0,5.5
https://rodenlaw.com/blog/using-uninsured-underinsured-motorist-coverage-in-georgia/#georgia-um-uim-laws,2026-09-22,0,1,0,4
https://rodenlaw.com/blog/using-uninsured-underinsured-motorist-coverage-in-georgia/#georgia-um-uim-laws,2026-09-23,0,1,0,9
https://rodenlaw.com/blog/using-uninsured-underinsured-motorist-coverage-in-georgia/#georgia-um-uim-laws,2026-09-24,0,2,0,8
https://rodenlaw.com/blog/using-uninsured-underinsured-motorist-coverage-in-georgia/#georgia-um-uim-laws,2026-09-25,0,2,0,5
https://rodenlaw.com/blog/using-uninsured-underinsured-motorist-coverage-in-georgia/#south-carolina-um-uim-laws,2026-09-15,0,1,0,11
https://rodenlaw.com/blog/using-uninsured-underinsured-motorist-coverage-in-georgia/#south-carolina-um-uim-laws,2026-09-16,0,1,0,8
https://rodenlaw.com/blog/using-uninsured-underinsured-motorist-coverage-in-georgia/#south-carolina-um-uim-laws,2026-09-23,0,1,0,9
https://rodenlaw.com/blog/using-uninsured-underinsured-motorist-coverage-in-georgia/#south-carolina-um-uim-laws,2026-09-24,0,1,0,10
https://rodenlaw.com/blog/using-uninsured-underinsured-motorist-coverage-in-georgia/#south-carolina-um-uim-laws,2026-09-25,0,2,0,5
https://rodenlaw.com/blog/using-uninsured-underinsured-motorist-coverage-in-georgia/#stacking-coverage,2026-09-24,0,1,0,10
https://rodenlaw.com/blog/using-uninsured-underinsured-motorist-coverage-in-georgia/#stacking-coverage,2026-09-25,0,2,0,5
https://rodenlaw.com/blog/using-uninsured-underinsured-motorist-coverage-in-georgia/#um-vs-uim,2026-09-18,0,1,0,7
https://rodenlaw.com/blog/using-uninsured-underinsured-motorist-coverage-in-georgia/#um-vs-uim,2026-09-22,0,1,0,4
https://rodenlaw.com/blog/using-uninsured-underinsured-motorist-coverage-in-georgia/#um-vs-uim,2026-09-24,0,2,0,8
https://rodenlaw.com/blog/using-uninsured-underinsured-motorist-coverage-in-georgia/#um-vs-uim,2026-09-25,0,2,0,5
https://rodenlaw.com/blog/using-uninsured-underinsured-motorist-coverage-in-georgia/#what-is-um-uim,2026-09-15,0,1,0,7
https://rodenlaw.com/blog/using-uninsured-underinsured-motorist-coverage-in-georgia/#what-is-um-uim,2026-09-18,0,2,0,5.5
https://rodenlaw.com/blog/using-uninsured-underinsured-motorist-coverage-in-georgia/#what-is-um-uim,2026-09-22,0,1,0,4
https://rodenlaw.com/blog/using-uninsured-underinsured-motorist-coverage-in-georgia/#what-is-um-uim,2026-09-24,0,2,0,8
https://rodenlaw.com/blog/using-uninsured-underinsured-motorist-coverage-in-georgia/#what-is-um-uim,2026-09-25,0,2,0,5
https://rodenlaw.com/blog/using-uninsured-underinsured-motorist-coverage-in-georgia/#when-um-uim-applies,2026-09-15,0,1,0,7
https://rodenlaw.com/blog/using-uninsured-underinsured-motorist-coverage-in-georgia/#when-um-uim-applies,2026-09-18,0,1,0,4
https://rodenlaw.com/blog/using-uninsured-underinsured-motorist-coverage-in-georgia/#when-um-uim-applies,2026-09-24,0,1,0,10
https://rodenlaw.com/blog/using-uninsured-underinsured-motorist-coverage-in-georgia/#when-um-uim-applies,2026-09-25,0,2,0,5
https://rodenlaw.com/blog/uturn-crash-liability-in-charleston/,2026-09-15,0,26,0,6.81
https://rodenlaw.com/blog/uturn-crash-liability-in-charleston/,2026-09-16,0,11,0,7.45
https://rodenlaw.com/blog/uturn-crash-liability-in-charleston/,2026-09-17,0,25,0,7.8
https://rodenlaw.com/blog/uturn-crash-liability-in-charleston/,2026-09-18,0,21,0,7.95
https://rodenlaw.com/blog/uturn-crash-liability-in-charleston/,2026-09-20,0,15,0,7.73
https://rodenlaw.com/blog/uturn-crash-liability-in-charleston/,2026-09-21,0,18,0,7.11
https://rodenlaw.com/blog/uturn-crash-liability-in-charleston/,2026-09-22,0,11,0,7.82
https://rodenlaw.com/blog/uturn-crash-liability-in-charleston/,2026-09-23,0,20,0,7.1
https://rodenlaw.com/blog/uturn-crash-liability-in-charleston/,2026-09-25,0,22,0,7.18
https://rodenlaw.com/blog/uturn-crash-liability-in-charleston/,2026-09-26,0,16,0,11.81
https://rodenlaw.com/blog/uturn-crash-liability-in-charleston/,2026-09-27,0,19,0,7.05
https://rodenlaw.com/blog/uturn-crash-liability-in-charleston/,2026-09-28,0,9,0,7.44
https://rodenlaw.com/blog/uturn-crash-liability-in-charleston/,2026-09-29,0,15,0,12.13
https://rodenlaw.com/blog/uturn-crash-liability-in-charleston/,2026-09-30,0,13,0,7.08
https://rodenlaw.com/blog/uturn-crash-liability-in-charleston/,2026-10-01,0,20,0,7.45
https://rodenlaw.com/blog/uturn-crash-liability-in-charleston/,2026-10-02,0,15,0,8
https://rodenlaw.com/blog/uturn-crash-liability-in-charleston/,2026-10-03,0,19,0,6.26
https://rodenlaw.com/blog/uturn-crash-liability-in-charleston/,2026-10-04,0,8,0,6.5
https://rodenlaw.com/blog/uturn-crash-liability-in-charleston/,2026-10-05,0,8,0,7.75
https://rodenlaw.com/blog/uturn-crash-liability-in-charleston/#common,2026-09-15,0,5,0,7.4
https://rodenlaw.com/blog/uturn-crash-liability-in-charleston/#common,2026-09-16,0,7,0,7.86
https://rodenlaw.com/blog/uturn-crash-liability-in-charleston/#common,2026-09-17,0,12,0,7.25
https://rodenlaw.com/blog/uturn-crash-liability-in-charleston/#common,2026-09-18,0,7,0,6.71
https://rodenlaw.com/blog/uturn-crash-liability-in-charleston/#common,2026-09-19,0,6,0,7.5
https://rodenlaw.com/blog/uturn-crash-liability-in-charleston/#common,2026-09-20,0,7,0,7.29
https://rodenlaw.com/blog/uturn-crash-liability-in-charleston/#common,2026-09-21,0,11,0,6.91
https://rodenlaw.com/blog/uturn-crash-liability-in-charleston/#common,2026-09-22,0,4,0,7.25
https://rodenlaw.com/blog/uturn-crash-liability-in-charleston/#common,2026-09-23,0,11,0,7.18
https://rodenlaw.com/blog/uturn-crash-liability-in-charleston/#common,2026-09-24,0,22,0,7.23
https://rodenlaw.com/blog/uturn-crash-liability-in-charleston/#common,2026-09-25,0,7,0,6.71
https://rodenlaw.com/blog/uturn-crash-liability-in-charleston/#common,2026-09-26,0,8,0,5.88
https://rodenlaw.com/blog/uturn-crash-liability-in-charleston/#common,2026-09-27,0,7,0,6.71
https://rodenlaw.com/blog/uturn-crash-liability-in-charleston/#common,2026-09-28,0,4,0,6.75
https://rodenlaw.com/blog/uturn-crash-liability-in-charleston/#common,2026-09-29,0,7,0,7.71
https://rodenlaw.com/blog/uturn-crash-liability-in-charleston/#common,2026-09-30,0,3,0,6.67
https://rodenlaw.com/blog/uturn-crash-liability-in-charleston/#common,2026-10-01,0,9,0,7
https://rodenlaw.com/blog/uturn-crash-liability-in-charleston/#common,2026-10-02,0,3,0,7.33
https://rodenlaw.com/blog/uturn-crash-liability-in-charleston/#common,2026-10-03,0,8,0,6.75
https://rodenlaw.com/blog/uturn-crash-liability-in-charleston/#common,2026-10-04,0,4,0,6.25
https://rodenlaw.com/blog/uturn-crash-liability-in-charleston/#common,2026-10-05,0,2,0,7.5
https://rodenlaw.com/blog/uturn-crash-liability-in-charleston/#crashes,2026-09-15,0,5,0,7.4
https://rodenlaw.com/blog/uturn-crash-liability-in-charleston/#crashes,2026-09-16,0,6,0,7.67
https://rodenlaw.com/blog/uturn-crash-liability-in-charleston/#crashes,2026-09-17,0,13,0,7.38
https://rodenlaw.com/blog/uturn-crash-liability-in-charleston/#crashes,2026-09-18,0,6,0,6.5
https://rodenlaw.com/blog/uturn-crash-liability-in-charleston/#crashes,2026-09-19,0,6,0,7.5
https://rodenlaw.com/blog/uturn-crash-liability-in-charleston/#crashes,2026-09-20,0,8,0,7.62
https://rodenlaw.com/blog/uturn-crash-liability-in-charleston/#crashes,2026-09-21,0,11,0,6.91
https://rodenlaw.com/blog/uturn-crash-liability-in-charleston/#crashes,2026-09-22,0,4,0,7.25
https://rodenlaw.com/blog/uturn-crash-liability-in-charleston/#crashes,2026-09-23,0,10,0,7
https://rodenlaw.com/blog/uturn-crash-liability-in-charleston/#crashes,2026-09-24,0,20,0,6.9
https://rodenlaw.com/blog/uturn-crash-liability-in-charleston/#crashes,2026-09-25,0,7,0,6.71
https://rodenlaw.com/blog/uturn-crash-liability-in-charleston/#crashes,2026-09-26,0,8,0,5.88
https://rodenlaw.com/blog/uturn-crash-liability-in-charleston/#crashes,2026-09-27,0,7,0,6.71
https://rodenlaw.com/blog/uturn-crash-liability-in-charleston/#crashes,2026-09-28,0,4,0,6.75
https://rodenlaw.com/blog/uturn-crash-liability-in-charleston/#crashes,2026-09-29,0,7,0,7.71
https://rodenlaw.com/blog/uturn-crash-liability-in-charleston/#crashes,2026-09-30,0,3,0,6.67
https://rodenlaw.com/blog/uturn-crash-liability-in-charleston/#crashes,2026-10-01,0,9,0,7
https://rodenlaw.com/blog/uturn-crash-liability-in-charleston/#crashes,2026-10-02,0,3,0,7.33
https://rodenlaw.com/blog/uturn-crash-liability-in-charleston/#crashes,2026-10-03,0,8,0,6.75
https://rodenlaw.com/blog/uturn-crash-liability-in-charleston/#crashes,2026-10-04,0,4,0,6.25
https://rodenlaw.com/blog/uturn-crash-liability-in-charleston/#crashes,2026-10-05,0,2,0,7.5
https://rodenlaw.com/blog/uturn-crash-liability-in-charleston/#legal,2026-09-15,0,5,0,7.4
https://rodenlaw.com/blog/uturn-crash-liability-in-charleston/#legal,2026-09-16,0,6,0,7.67
https://rodenlaw.com/blog/uturn-crash-liability-in-charleston/#legal,2026-09-17,0,12,0,7.25
https://rodenlaw.com/blog/uturn-crash-liability-in-charleston/#legal,2026-09-18,0,6,0,6.5
https://rodenlaw.com/blog/uturn-crash-liability-in-charleston/#legal,2026-09-19,0,6,0,7.5
https://rodenlaw.com/blog/uturn-crash-liability-in-charleston/#legal,2026-09-20,0,7,0,7.29
https://rodenlaw.com/blog/uturn-crash-liability-in-charleston/#legal,2026-09-21,0,11,0,6.91
https://rodenlaw.com/blog/uturn-crash-liability-in-charleston/#legal,2026-09-22,0,4,0,7.25
https://rodenlaw.com/blog/uturn-crash-liability-in-charleston/#legal,2026-09-23,0,10,0,7
https://rodenlaw.com/blog/uturn-crash-liability-in-charleston/#legal,2026-09-24,0,21,0,7.19
https://rodenlaw.com/blog/uturn-crash-liability-in-charleston/#legal,2026-09-25,0,7,0,6.71
https://rodenlaw.com/blog/uturn-crash-liability-in-charleston/#legal,2026-09-26,0,8,0,5.88
https://rodenlaw.com/blog/uturn-crash-liability-in-charleston/#legal,2026-09-27,0,7,0,6.71
https://rodenlaw.com/blog/uturn-crash-liability-in-charleston/#legal,2026-09-28,0,4,0,6.75
https://rodenlaw.com/blog/uturn-crash-liability-in-charleston/#legal,2026-09-29,0,7,0,7.71
https://rodenlaw.com/blog/uturn-crash-liability-in-charleston/#legal,2026-09-30,0,3,0,6.67
https://rodenlaw.com/blog/uturn-crash-liability-in-charleston/#legal,2026-10-01,0,9,0,7
https://rodenlaw.com/blog/uturn-crash-liability-in-charleston/#legal,2026-10-02,0,3,0,7.33
https://rodenlaw.com/blog/uturn-crash-liability-in-charleston/#legal,2026-10-03,0,8,0,6.75
https://rodenlaw.com/blog/uturn-crash-liability-in-charleston/#legal,2026-10-04,0,4,0,6.25
https://rodenlaw.com/blog/uturn-crash-liability-in-charleston/#legal,2026-10-05,0,3,0,7
https://rodenlaw.com/blog/uturn-crash-liability-in-charleston/#right,2026-09-15,0,5,0,7.4
https://rodenlaw.com/blog/uturn-crash-liability-in-charleston/#right,2026-09-16,0,7,0,7.86
https://rodenlaw.com/blog/uturn-crash-liability-in-charleston/#right,2026-09-17,0,14,0,7.36
https://rodenlaw.com/blog/uturn-crash-liability-in-charleston/#right,2026-09-18,0,7,0,6.71
https://rodenlaw.com/blog/uturn-crash-liability-in-charleston/#right,2026-09-19,0,6,0,7.5
https://rodenlaw.com/blog/uturn-crash-liability-in-charleston/#right,2026-09-20,0,8,0,7.62
https://rodenlaw.com/blog/uturn-crash-liability-in-charleston/#right,2026-09-21,0,11,0,6.91
https://rodenlaw.com/blog/uturn-crash-liability-in-charleston/#right,2026-09-22,0,5,0,7
https://rodenlaw.com/blog/uturn-crash-liability-in-charleston/#right,2026-09-23,0,11,0,7.18
https://rodenlaw.com/blog/uturn-crash-liability-in-charleston/#right,2026-09-24,0,25,0,7.6
https://rodenlaw.com/blog/uturn-crash-liability-in-charleston/#right,2026-09-25,0,8,0,6.62
https://rodenlaw.com/blog/uturn-crash-liability-in-charleston/#right,2026-09-26,0,8,0,5.88
https://rodenlaw.com/blog/uturn-crash-liability-in-charleston/#right,2026-09-27,0,7,0,6.71
https://rodenlaw.com/blog/uturn-crash-liability-in-charleston/#right,2026-09-28,0,4,0,6.75
https://rodenlaw.com/blog/uturn-crash-liability-in-charleston/#right,2026-09-29,0,7,0,7.71
https://rodenlaw.com/blog/uturn-crash-liability-in-charleston/#right,2026-09-30,0,4,0,6.25
https://rodenlaw.com/blog/uturn-crash-liability-in-charleston/#right,2026-10-01,0,9,0,7
https://rodenlaw.com/blog/uturn-crash-liability-in-charleston/#right,2026-10-02,0,3,0,7.33
https://rodenlaw.com/blog/uturn-crash-liability-in-charleston/#right,2026-10-03,0,8,0,6.75
https://rodenlaw.com/blog/uturn-crash-liability-in-charleston/#right,2026-10-04,0,4,0,6.25
https://rodenlaw.com/blog/uturn-crash-liability-in-charleston/#right,2026-10-05,0,3,0,7
https://rodenlaw.com/blog/uturn-crash-liability-in-charleston/#share,2026-09-15,0,5,0,7.4
https://rodenlaw.com/blog/uturn-crash-liability-in-charleston/#share,2026-09-16,0,6,0,7.67
https://rodenlaw.com/blog/uturn-crash-liability-in-charleston/#share,2026-09-17,0,13,0,7.23
https://rodenlaw.com/blog/uturn-crash-liability-in-charleston/#share,2026-09-18,0,6,0,6.5
https://rodenlaw.com/blog/uturn-crash-liability-in-charleston/#share,2026-09-19,0,6,0,7.5
https://rodenlaw.com/blog/uturn-crash-liability-in-charleston/#share,2026-09-20,0,7,0,7.29
https://rodenlaw.com/blog/uturn-crash-liability-in-charleston/#share,2026-09-21,0,11,0,6.91
https://rodenlaw.com/blog/uturn-crash-liability-in-charleston/#share,2026-09-22,0,5,0,7
https://rodenlaw.com/blog/uturn-crash-liability-in-charleston/#share,2026-09-23,0,10,0,7
https://rodenlaw.com/blog/uturn-crash-liability-in-charleston/#share,2026-09-24,0,19,0,6.79
https://rodenlaw.com/blog/uturn-crash-liability-in-charleston/#share,2026-09-25,0,8,0,6.62
https://rodenlaw.com/blog/uturn-crash-liability-in-charleston/#share,2026-09-26,0,8,0,5.88
https://rodenlaw.com/blog/uturn-crash-liability-in-charleston/#share,2026-09-27,0,7,0,6.71
https://rodenlaw.com/blog/uturn-crash-liability-in-charleston/#share,2026-09-28,0,4,0,6.75
https://rodenlaw.com/blog/uturn-crash-liability-in-charleston/#share,2026-09-29,0,7,0,7.71
https://rodenlaw.com/blog/uturn-crash-liability-in-charleston/#share,2026-09-30,0,4,0,6.25
https://rodenlaw.com/blog/uturn-crash-liability-in-charleston/#share,2026-10-01,0,9,0,7
https://rodenlaw.com/blog/uturn-crash-liability-in-charleston/#share,2026-10-02,0,3,0,7.33
https://rodenlaw.com/blog/uturn-crash-liability-in-charleston/#share,2026-10-03,0,8,0,6.75
https://rodenlaw.com/blog/uturn-crash-liability-in-charleston/#share,2026-10-04,0,4,0,6.25
https://rodenlaw.com/blog/uturn-crash-liability-in-charleston/#share,2026-10-05,0,2,0,7.5
https://rodenlaw.com/blog/valid-premises-liability-claim-georgia/,2026-09-15,0,2,0,65
https://rodenlaw.com/blog/valid-premises-liability-claim-georgia/,2026-09-21,0,2,0,70.5
https://rodenlaw.com/blog/valid-premises-liability-claim-georgia/,2026-09-24,0,2,0,4
https://rodenlaw.com/blog/valid-premises-liability-claim-georgia/,2026-09-25,0,2,0,14
https://rodenlaw.com/blog/valid-premises-liability-claim-georgia/,2026-09-26,0,7,0,17.43
https://rodenlaw.com/blog/valid-premises-liability-claim-georgia/,2026-09-27,0,3,0,8.33
https://rodenlaw.com/blog/valid-premises-liability-claim-georgia/,2026-09-28,0,6,0,17.83
https://rodenlaw.com/blog/valid-premises-liability-claim-georgia/,2026-09-29,0,3,0,9.67
https://rodenlaw.com/blog/valid-premises-liability-claim-georgia/,2026-09-30,0,6,0,9.83
https://rodenlaw.com/blog/valid-premises-liability-claim-georgia/,2026-10-01,0,7,0,70.29
https://rodenlaw.com/blog/valid-premises-liability-claim-georgia/,2026-10-02,0,9,0,57.33
https://rodenlaw.com/blog/valid-premises-liability-claim-georgia/,2026-10-03,0,7,0,33.43
https://rodenlaw.com/blog/valid-premises-liability-claim-georgia/,2026-10-04,0,4,0,19.25
https://rodenlaw.com/blog/value-of-car-crash-claim-if-permanent-injuries/,2026-09-16,0,1,0,44
https://rodenlaw.com/blog/value-of-car-crash-claim-if-permanent-injuries/,2026-09-21,0,1,0,84
https://rodenlaw.com/blog/value-of-car-crash-claim-if-permanent-injuries/,2026-09-24,0,1,0,57
https://rodenlaw.com/blog/value-of-car-crash-claim-if-permanent-injuries/,2026-09-25,0,1,0,52
https://rodenlaw.com/blog/value-of-car-crash-claim-if-permanent-injuries/,2026-09-26,0,3,0,15
https://rodenlaw.com/blog/value-of-car-crash-claim-if-permanent-injuries/,2026-09-27,0,1,0,18
https://rodenlaw.com/blog/value-of-car-crash-claim-if-permanent-injuries/,2026-09-28,0,6,0,14.83
https://rodenlaw.com/blog/value-of-car-crash-claim-if-permanent-injuries/,2026-09-29,0,10,0,10.3
https://rodenlaw.com/blog/value-of-car-crash-claim-if-permanent-injuries/,2026-09-30,0,6,0,11.33
https://rodenlaw.com/blog/value-of-car-crash-claim-if-permanent-injuries/,2026-10-01,0,1,0,19
https://rodenlaw.com/blog/value-of-car-crash-claim-if-permanent-injuries/,2026-10-02,0,2,0,8
https://rodenlaw.com/blog/value-of-car-crash-claim-if-permanent-injuries/,2026-10-03,0,1,0,8
https://rodenlaw.com/blog/value-of-pain-and-suffering/,2026-09-15,0,120,0,21.77
https://rodenlaw.com/blog/value-of-pain-and-suffering/,2026-09-16,0,61,0,20.74
https://rodenlaw.com/blog/value-of-pain-and-suffering/,2026-09-17,0,61,0,20.15
https://rodenlaw.com/blog/value-of-pain-and-suffering/,2026-09-18,0,70,0,18.41
https://rodenlaw.com/blog/value-of-pain-and-suffering/,2026-09-19,0,55,0,18.8
https://rodenlaw.com/blog/value-of-pain-and-suffering/,2026-09-20,0,59,0,19.42
https://rodenlaw.com/blog/value-of-pain-and-suffering/,2026-09-21,0,49,0,19.2
https://rodenlaw.com/blog/value-of-pain-and-suffering/,2026-09-22,0,87,0,24.62
https://rodenlaw.com/blog/value-of-pain-and-suffering/,2026-09-23,0,53,0,27.74
https://rodenlaw.com/blog/value-of-pain-and-suffering/,2026-09-24,0,22,0,31.14
https://rodenlaw.com/blog/value-of-pain-and-suffering/,2026-09-25,0,25,0,33.64
https://rodenlaw.com/blog/value-of-pain-and-suffering/,2026-09-26,0,9,0,32.11
https://rodenlaw.com/blog/value-of-pain-and-suffering/,2026-09-27,0,12,0,38.83
https://rodenlaw.com/blog/value-of-pain-and-suffering/,2026-09-28,0,19,0,34.11
https://rodenlaw.com/blog/value-of-pain-and-suffering/,2026-09-29,0,19,0,27.11
https://rodenlaw.com/blog/value-of-pain-and-suffering/,2026-09-30,0,19,0,22.11
https://rodenlaw.com/blog/value-of-pain-and-suffering/,2026-10-01,0,48,0,38.44
https://rodenlaw.com/blog/value-of-pain-and-suffering/,2026-10-03,0,40,0,37.08
https://rodenlaw.com/blog/value-of-pain-and-suffering/,2026-10-04,0,27,0,33.81
https://rodenlaw.com/blog/value-of-pain-and-suffering/,2026-10-05,0,5,0,26.6
https://rodenlaw.com/blog/value-of-pain-and-suffering/#caps-georgia-south-carolina,2026-09-15,0,1,0,6
https://rodenlaw.com/blog/value-of-pain-and-suffering/#caps-georgia-south-carolina,2026-09-17,0,1,0,6
https://rodenlaw.com/blog/value-of-pain-and-suffering/#caps-georgia-south-carolina,2026-09-21,0,1,0,11
https://rodenlaw.com/blog/value-of-pain-and-suffering/#caps-georgia-south-carolina,2026-09-25,0,1,0,5
https://rodenlaw.com/blog/value-of-pain-and-suffering/#comparative-fault,2026-09-15,0,1,0,6
https://rodenlaw.com/blog/value-of-pain-and-suffering/#comparative-fault,2026-09-17,0,1,0,6
https://rodenlaw.com/blog/value-of-pain-and-suffering/#comparative-fault,2026-09-21,0,1,0,11
https://rodenlaw.com/blog/value-of-pain-and-suffering/#comparative-fault,2026-09-25,0,1,0,5
https://rodenlaw.com/blog/value-of-pain-and-suffering/#factors-that-affect-value,2026-09-15,0,1,0,6
https://rodenlaw.com/blog/value-of-pain-and-suffering/#factors-that-affect-value,2026-09-17,0,1,0,6
https://rodenlaw.com/blog/value-of-pain-and-suffering/#factors-that-affect-value,2026-09-21,0,1,0,11
https://rodenlaw.com/blog/value-of-pain-and-suffering/#factors-that-affect-value,2026-09-25,0,1,0,5
https://rodenlaw.com/blog/value-of-pain-and-suffering/#factors-that-affect-value,2026-09-30,0,1,0,6
https://rodenlaw.com/blog/value-of-pain-and-suffering/#factors-that-affect-value,2026-10-01,0,1,0,7
https://rodenlaw.com/blog/value-of-pain-and-suffering/#factors-that-affect-value,2026-10-04,0,1,0,11
https://rodenlaw.com/blog/value-of-pain-and-suffering/#how-pain-and-suffering-calculated,2026-09-15,0,1,0,6
https://rodenlaw.com/blog/value-of-pain-and-suffering/#how-pain-and-suffering-calculated,2026-09-17,0,1,0,6
https://rodenlaw.com/blog/value-of-pain-and-suffering/#how-pain-and-suffering-calculated,2026-09-21,0,1,0,11
https://rodenlaw.com/blog/value-of-pain-and-suffering/#how-pain-and-suffering-calculated,2026-09-25,0,1,0,5
https://rodenlaw.com/blog/value-of-pain-and-suffering/#how-pain-and-suffering-calculated,2026-09-30,0,1,0,6
https://rodenlaw.com/blog/value-of-pain-and-suffering/#how-pain-and-suffering-calculated,2026-10-01,0,1,0,7
https://rodenlaw.com/blog/value-of-pain-and-suffering/#how-pain-and-suffering-calculated,2026-10-04,0,1,0,11
https://rodenlaw.com/blog/value-of-pain-and-suffering/#types-of-pain-and-suffering,2026-09-15,0,1,0,6
https://rodenlaw.com/blog/value-of-pain-and-suffering/#types-of-pain-and-suffering,2026-09-17,0,1,0,6
https://rodenlaw.com/blog/value-of-pain-and-suffering/#types-of-pain-and-suffering,2026-09-21,0,1,0,11
https://rodenlaw.com/blog/value-of-pain-and-suffering/#types-of-pain-and-suffering,2026-09-25,0,1,0,5
https://rodenlaw.com/blog/value-of-pain-and-suffering/#what-is-pain-and-suffering,2026-09-15,0,1,0,6
https://rodenlaw.com/blog/value-of-pain-and-suffering/#what-is-pain-and-suffering,2026-09-17,0,1,0,6
https://rodenlaw.com/blog/value-of-pain-and-suffering/#what-is-pain-and-suffering,2026-09-21,0,1,0,11
https://rodenlaw.com/blog/value-of-pain-and-suffering/#what-is-pain-and-suffering,2026-09-25,0,1,0,5
https://rodenlaw.com/blog/valuing-compensation-for-a-personal-injury/,2026-09-15,0,2,0,5
https://rodenlaw.com/blog/valuing-compensation-for-a-personal-injury/,2026-09-16,0,3,0,4.67
https://rodenlaw.com/blog/valuing-compensation-for-a-personal-injury/,2026-09-17,0,3,0,15
https://rodenlaw.com/blog/valuing-compensation-for-a-personal-injury/,2026-09-18,0,1,0,9
https://rodenlaw.com/blog/valuing-compensation-for-a-personal-injury/,2026-09-19,0,4,0,14
https://rodenlaw.com/blog/valuing-compensation-for-a-personal-injury/,2026-09-20,0,1,0,11
https://rodenlaw.com/blog/valuing-compensation-for-a-personal-injury/,2026-09-21,0,1,0,9
https://rodenlaw.com/blog/valuing-compensation-for-a-personal-injury/,2026-09-22,0,1,0,7
https://rodenlaw.com/blog/valuing-compensation-for-a-personal-injury/,2026-09-23,0,2,0,8
https://rodenlaw.com/blog/valuing-compensation-for-a-personal-injury/,2026-09-25,0,3,0,16.33
https://rodenlaw.com/blog/valuing-compensation-for-a-personal-injury/,2026-09-26,0,1,0,32
https://rodenlaw.com/blog/valuing-compensation-for-a-personal-injury/,2026-09-29,0,1,0,9
https://rodenlaw.com/blog/valuing-compensation-for-a-personal-injury/,2026-09-30,0,2,0,3.5
https://rodenlaw.com/blog/valuing-compensation-for-a-personal-injury/,2026-10-01,0,1,0,8
https://rodenlaw.com/blog/valuing-compensation-for-a-personal-injury/,2026-10-02,0,2,0,3
https://rodenlaw.com/blog/wando-gardens-faber-place-drive-best-car-accident-lawyer-north-charleston/,2026-09-17,0,1,0,8
https://rodenlaw.com/blog/wando-gardens-faber-place-drive-best-car-accident-lawyer-north-charleston/,2026-09-22,0,1,0,10
https://rodenlaw.com/blog/wando-gardens-faber-place-drive-best-car-accident-lawyer-north-charleston/,2026-09-24,0,3,0,10.33
https://rodenlaw.com/blog/wando-gardens-faber-place-drive-best-car-accident-lawyer-north-charleston/,2026-09-25,0,24,0,14.21
https://rodenlaw.com/blog/wando-gardens-faber-place-drive-best-car-accident-lawyer-north-charleston/,2026-09-26,0,14,0,11.79
https://rodenlaw.com/blog/wando-gardens-faber-place-drive-best-car-accident-lawyer-north-charleston/,2026-09-27,0,16,0,13.75
https://rodenlaw.com/blog/wando-gardens-faber-place-drive-best-car-accident-lawyer-north-charleston/,2026-09-28,0,34,0,16.74
https://rodenlaw.com/blog/wando-gardens-faber-place-drive-best-car-accident-lawyer-north-charleston/,2026-09-29,0,11,0,16.73
https://rodenlaw.com/blog/wando-gardens-faber-place-drive-best-car-accident-lawyer-north-charleston/,2026-09-30,0,16,0,18.12
https://rodenlaw.com/blog/wando-gardens-faber-place-drive-best-car-accident-lawyer-north-charleston/,2026-10-01,0,2,0,4
https://rodenlaw.com/blog/wando-gardens-faber-place-drive-best-car-accident-lawyer-north-charleston/,2026-10-02,0,6,0,15.83
https://rodenlaw.com/blog/wando-gardens-faber-place-drive-best-car-accident-lawyer-north-charleston/,2026-10-03,0,8,0,13.5
https://rodenlaw.com/blog/wando-gardens-faber-place-drive-best-car-accident-lawyer-north-charleston/,2026-10-04,0,8,0,11.25
https://rodenlaw.com/blog/wando-gardens-faber-place-drive-best-car-accident-lawyer-north-charleston/,2026-10-05,0,9,0,11.67
https://rodenlaw.com/blog/wearing-headphones-while-driving-in-charleston/,2026-09-15,0,18,0,7.17
https://rodenlaw.com/blog/wearing-headphones-while-driving-in-charleston/,2026-09-16,0,25,0,6.84
https://rodenlaw.com/blog/wearing-headphones-while-driving-in-charleston/,2026-09-17,0,17,0,6.24
https://rodenlaw.com/blog/wearing-headphones-while-driving-in-charleston/,2026-09-18,0,10,0,7.4
https://rodenlaw.com/blog/wearing-headphones-while-driving-in-charleston/,2026-09-19,0,14,0,5.29
https://rodenlaw.com/blog/wearing-headphones-while-driving-in-charleston/,2026-09-20,0,7,0,4.86
https://rodenlaw.com/blog/wearing-headphones-while-driving-in-charleston/,2026-09-21,0,14,0,6.93
https://rodenlaw.com/blog/wearing-headphones-while-driving-in-charleston/,2026-09-23,0,19,0,7.32
https://rodenlaw.com/blog/wearing-headphones-while-driving-in-charleston/,2026-09-24,0,14,0,6.79
https://rodenlaw.com/blog/wearing-headphones-while-driving-in-charleston/,2026-09-25,0,18,0,6.61
https://rodenlaw.com/blog/wearing-headphones-while-driving-in-charleston/,2026-09-26,0,11,0,6.82
https://rodenlaw.com/blog/wearing-headphones-while-driving-in-charleston/,2026-09-27,0,17,0,7.06
https://rodenlaw.com/blog/wearing-headphones-while-driving-in-charleston/,2026-09-28,0,14,0,7.36
https://rodenlaw.com/blog/wearing-headphones-while-driving-in-charleston/,2026-09-29,0,16,0,6.94
https://rodenlaw.com/blog/wearing-headphones-while-driving-in-charleston/,2026-09-30,0,22,0,6.77
https://rodenlaw.com/blog/wearing-headphones-while-driving-in-charleston/,2026-10-01,0,21,0,7.48
https://rodenlaw.com/blog/wearing-headphones-while-driving-in-charleston/,2026-10-02,0,15,0,7.67
https://rodenlaw.com/blog/wearing-headphones-while-driving-in-charleston/,2026-10-03,0,16,0,6.44
https://rodenlaw.com/blog/wearing-headphones-while-driving-in-charleston/,2026-10-04,0,21,0,7.1
https://rodenlaw.com/blog/wearing-headphones-while-driving-in-charleston/,2026-10-05,0,2,0,7.5
https://rodenlaw.com/blog/wearing-headphones-while-driving-in-charleston/#difference,2026-09-15,0,9,0,6.89
https://rodenlaw.com/blog/wearing-headphones-while-driving-in-charleston/#difference,2026-09-16,0,8,0,7.5
https://rodenlaw.com/blog/wearing-headphones-while-driving-in-charleston/#difference,2026-09-17,0,4,0,5
https://rodenlaw.com/blog/wearing-headphones-while-driving-in-charleston/#difference,2026-09-18,0,7,0,7.14
https://rodenlaw.com/blog/wearing-headphones-while-driving-in-charleston/#difference,2026-09-19,0,5,0,7.2
https://rodenlaw.com/blog/wearing-headphones-while-driving-in-charleston/#difference,2026-09-20,0,3,0,6.33
https://rodenlaw.com/blog/wearing-headphones-while-driving-in-charleston/#difference,2026-09-21,0,3,0,8.33
https://rodenlaw.com/blog/wearing-headphones-while-driving-in-charleston/#difference,2026-09-22,0,6,0,7.67
https://rodenlaw.com/blog/wearing-headphones-while-driving-in-charleston/#difference,2026-09-23,0,7,0,7.43
https://rodenlaw.com/blog/wearing-headphones-while-driving-in-charleston/#difference,2026-09-24,0,6,0,6.33
https://rodenlaw.com/blog/wearing-headphones-while-driving-in-charleston/#difference,2026-09-25,0,6,0,6.67
https://rodenlaw.com/blog/wearing-headphones-while-driving-in-charleston/#difference,2026-09-26,0,5,0,6
https://rodenlaw.com/blog/wearing-headphones-while-driving-in-charleston/#difference,2026-09-27,0,7,0,5.86
https://rodenlaw.com/blog/wearing-headphones-while-driving-in-charleston/#difference,2026-09-28,0,3,0,6.67
https://rodenlaw.com/blog/wearing-headphones-while-driving-in-charleston/#difference,2026-09-29,0,4,0,8.5
https://rodenlaw.com/blog/wearing-headphones-while-driving-in-charleston/#difference,2026-09-30,0,3,0,6
https://rodenlaw.com/blog/wearing-headphones-while-driving-in-charleston/#difference,2026-10-01,0,7,0,7.14
https://rodenlaw.com/blog/wearing-headphones-while-driving-in-charleston/#difference,2026-10-02,0,4,0,6.25
https://rodenlaw.com/blog/wearing-headphones-while-driving-in-charleston/#difference,2026-10-03,0,8,0,7.88
https://rodenlaw.com/blog/wearing-headphones-while-driving-in-charleston/#difference,2026-10-04,0,6,0,7.67
https://rodenlaw.com/blog/wearing-headphones-while-driving-in-charleston/#headphones,2026-09-15,0,8,0,7
https://rodenlaw.com/blog/wearing-headphones-while-driving-in-charleston/#headphones,2026-09-16,0,9,0,7.22
https://rodenlaw.com/blog/wearing-headphones-while-driving-in-charleston/#headphones,2026-09-17,0,4,0,5
https://rodenlaw.com/blog/wearing-headphones-while-driving-in-charleston/#headphones,2026-09-18,0,7,0,7.14
https://rodenlaw.com/blog/wearing-headphones-while-driving-in-charleston/#headphones,2026-09-19,0,5,0,7.2
https://rodenlaw.com/blog/wearing-headphones-while-driving-in-charleston/#headphones,2026-09-20,0,3,0,6.33
https://rodenlaw.com/blog/wearing-headphones-while-driving-in-charleston/#headphones,2026-09-21,0,3,0,8.33
https://rodenlaw.com/blog/wearing-headphones-while-driving-in-charleston/#headphones,2026-09-22,0,6,0,7.67
https://rodenlaw.com/blog/wearing-headphones-while-driving-in-charleston/#headphones,2026-09-23,0,7,0,7.43
https://rodenlaw.com/blog/wearing-headphones-while-driving-in-charleston/#headphones,2026-09-24,0,6,0,6.33
https://rodenlaw.com/blog/wearing-headphones-while-driving-in-charleston/#headphones,2026-09-25,0,6,0,6.67
https://rodenlaw.com/blog/wearing-headphones-while-driving-in-charleston/#headphones,2026-09-26,0,5,0,6
https://rodenlaw.com/blog/wearing-headphones-while-driving-in-charleston/#headphones,2026-09-27,0,7,0,5.86
https://rodenlaw.com/blog/wearing-headphones-while-driving-in-charleston/#headphones,2026-09-28,0,3,0,6.67
https://rodenlaw.com/blog/wearing-headphones-while-driving-in-charleston/#headphones,2026-09-29,0,4,0,8.5
https://rodenlaw.com/blog/wearing-headphones-while-driving-in-charleston/#headphones,2026-09-30,0,3,0,6
https://rodenlaw.com/blog/wearing-headphones-while-driving-in-charleston/#headphones,2026-10-01,0,8,0,7.12
https://rodenlaw.com/blog/wearing-headphones-while-driving-in-charleston/#headphones,2026-10-02,0,5,0,5.8
https://rodenlaw.com/blog/wearing-headphones-while-driving-in-charleston/#headphones,2026-10-03,0,8,0,7.88
https://rodenlaw.com/blog/wearing-headphones-while-driving-in-charleston/#headphones,2026-10-04,0,6,0,7.67
https://rodenlaw.com/blog/wearing-headphones-while-driving-in-charleston/#penalties,2026-09-15,0,9,0,6.89
https://rodenlaw.com/blog/wearing-headphones-while-driving-in-charleston/#penalties,2026-09-16,0,10,0,7.3
https://rodenlaw.com/blog/wearing-headphones-while-driving-in-charleston/#penalties,2026-09-17,0,4,0,5
https://rodenlaw.com/blog/wearing-headphones-while-driving-in-charleston/#penalties,2026-09-18,0,8,0,7.12
https://rodenlaw.com/blog/wearing-headphones-while-driving-in-charleston/#penalties,2026-09-19,0,5,0,7.2
https://rodenlaw.com/blog/wearing-headphones-while-driving-in-charleston/#penalties,2026-09-20,0,3,0,6.33
https://rodenlaw.com/blog/wearing-headphones-while-driving-in-charleston/#penalties,2026-09-21,0,3,0,8.33
https://rodenlaw.com/blog/wearing-headphones-while-driving-in-charleston/#penalties,2026-09-22,0,8,0,7.5
https://rodenlaw.com/blog/wearing-headphones-while-driving-in-charleston/#penalties,2026-09-23,0,8,0,7.62
https://rodenlaw.com/blog/wearing-headphones-while-driving-in-charleston/#penalties,2026-09-24,0,7,0,6.43
https://rodenlaw.com/blog/wearing-headphones-while-driving-in-charleston/#penalties,2026-09-25,0,6,0,6.67
https://rodenlaw.com/blog/wearing-headphones-while-driving-in-charleston/#penalties,2026-09-26,0,5,0,6
https://rodenlaw.com/blog/wearing-headphones-while-driving-in-charleston/#penalties,2026-09-27,0,7,0,5.86
https://rodenlaw.com/blog/wearing-headphones-while-driving-in-charleston/#penalties,2026-09-28,0,3,0,6.67
https://rodenlaw.com/blog/wearing-headphones-while-driving-in-charleston/#penalties,2026-09-29,0,5,0,7.6
https://rodenlaw.com/blog/wearing-headphones-while-driving-in-charleston/#penalties,2026-09-30,0,6,0,5
https://rodenlaw.com/blog/wearing-headphones-while-driving-in-charleston/#penalties,2026-10-01,0,7,0,7.14
https://rodenlaw.com/blog/wearing-headphones-while-driving-in-charleston/#penalties,2026-10-02,0,4,0,6.25
https://rodenlaw.com/blog/wearing-headphones-while-driving-in-charleston/#penalties,2026-10-03,0,8,0,7.88
https://rodenlaw.com/blog/wearing-headphones-while-driving-in-charleston/#penalties,2026-10-04,0,6,0,7.67
https://rodenlaw.com/blog/wearing-headphones-while-driving-in-charleston/#wearing,2026-09-15,0,10,0,6.8
https://rodenlaw.com/blog/wearing-headphones-while-driving-in-charleston/#wearing,2026-09-16,0,11,0,7.09
https://rodenlaw.com/blog/wearing-headphones-while-driving-in-charleston/#wearing,2026-09-17,0,4,0,5
https://rodenlaw.com/blog/wearing-headphones-while-driving-in-charleston/#wearing,2026-09-18,0,8,0,7.12
https://rodenlaw.com/blog/wearing-headphones-while-driving-in-charleston/#wearing,2026-09-19,0,5,0,7.2
https://rodenlaw.com/blog/wearing-headphones-while-driving-in-charleston/#wearing,2026-09-20,0,3,0,6.33
https://rodenlaw.com/blog/wearing-headphones-while-driving-in-charleston/#wearing,2026-09-21,0,3,0,8.33
https://rodenlaw.com/blog/wearing-headphones-while-driving-in-charleston/#wearing,2026-09-22,0,8,0,7.5
https://rodenlaw.com/blog/wearing-headphones-while-driving-in-charleston/#wearing,2026-09-23,0,8,0,7.62
https://rodenlaw.com/blog/wearing-headphones-while-driving-in-charleston/#wearing,2026-09-24,0,7,0,6.43
https://rodenlaw.com/blog/wearing-headphones-while-driving-in-charleston/#wearing,2026-09-25,0,6,0,6.67
https://rodenlaw.com/blog/wearing-headphones-while-driving-in-charleston/#wearing,2026-09-26,0,5,0,6
https://rodenlaw.com/blog/wearing-headphones-while-driving-in-charleston/#wearing,2026-09-27,0,7,0,5.86
https://rodenlaw.com/blog/wearing-headphones-while-driving-in-charleston/#wearing,2026-09-28,0,3,0,6.67
https://rodenlaw.com/blog/wearing-headphones-while-driving-in-charleston/#wearing,2026-09-29,0,5,0,7.6
https://rodenlaw.com/blog/wearing-headphones-while-driving-in-charleston/#wearing,2026-09-30,0,6,0,5
https://rodenlaw.com/blog/wearing-headphones-while-driving-in-charleston/#wearing,2026-10-01,0,8,0,7.12
https://rodenlaw.com/blog/wearing-headphones-while-driving-in-charleston/#wearing,2026-10-02,0,5,0,5.8
https://rodenlaw.com/blog/wearing-headphones-while-driving-in-charleston/#wearing,2026-10-03,0,8,0,7.88
https://rodenlaw.com/blog/wearing-headphones-while-driving-in-charleston/#wearing,2026-10-04,0,6,0,7.67
https://rodenlaw.com/blog/west-ashley-sam-rittenberg-boulevard-motorcycle-accident-lawyer/,2026-09-19,0,1,0,8
https://rodenlaw.com/blog/west-ashley-sam-rittenberg-boulevard-motorcycle-accident-lawyer/,2026-09-29,0,1,0,8
https://rodenlaw.com/blog/west-ashley-sam-rittenberg-boulevard-motorcycle-accident-lawyer/,2026-09-30,0,2,0,24.5
https://rodenlaw.com/blog/west-ashley-vs-downtown-charleston-driving-risks/,2026-09-16,0,1,0,7
https://rodenlaw.com/blog/west-ashley-vs-downtown-charleston-driving-risks/,2026-09-24,0,1,0,3
https://rodenlaw.com/blog/west-ashley-vs-downtown-charleston-driving-risks/,2026-09-26,0,1,0,6
https://rodenlaw.com/blog/west-ashley-vs-downtown-charleston-driving-risks/,2026-09-27,0,1,0,8
https://rodenlaw.com/blog/west-ashley-vs-downtown-charleston-driving-risks/,2026-09-29,0,1,0,7
https://rodenlaw.com/blog/what-happens-if-i-resign-while-on-workers-compensation/,2026-09-15,0,31,0,12.48
https://rodenlaw.com/blog/what-happens-if-i-resign-while-on-workers-compensation/,2026-09-16,0,34,0,9.26
https://rodenlaw.com/blog/what-happens-if-i-resign-while-on-workers-compensation/,2026-09-17,0,39,0,6.79
https://rodenlaw.com/blog/what-happens-if-i-resign-while-on-workers-compensation/,2026-09-18,0,28,0,8.18
https://rodenlaw.com/blog/what-happens-if-i-resign-while-on-workers-compensation/,2026-09-19,0,13,0,14.23
https://rodenlaw.com/blog/what-happens-if-i-resign-while-on-workers-compensation/,2026-09-20,0,17,0,11.71
https://rodenlaw.com/blog/what-happens-if-i-resign-while-on-workers-compensation/,2026-09-21,0,46,0,9.13
https://rodenlaw.com/blog/what-happens-if-i-resign-while-on-workers-compensation/,2026-09-23,0,40,0,9.57
https://rodenlaw.com/blog/what-happens-if-i-resign-while-on-workers-compensation/,2026-09-24,0,31,0,7.97
https://rodenlaw.com/blog/what-happens-if-i-resign-while-on-workers-compensation/,2026-09-25,0,28,0,8.79
https://rodenlaw.com/blog/what-happens-if-i-resign-while-on-workers-compensation/,2026-09-26,0,7,0,24
https://rodenlaw.com/blog/what-happens-if-i-resign-while-on-workers-compensation/,2026-09-27,0,8,0,20.38
https://rodenlaw.com/blog/what-happens-if-i-resign-while-on-workers-compensation/,2026-09-28,0,13,0,6.85
https://rodenlaw.com/blog/what-happens-if-i-resign-while-on-workers-compensation/,2026-09-29,0,12,0,8.83
https://rodenlaw.com/blog/what-happens-if-i-resign-while-on-workers-compensation/,2026-09-30,0,9,0,8.22
https://rodenlaw.com/blog/what-happens-if-i-resign-while-on-workers-compensation/,2026-10-01,0,14,0,6.93
https://rodenlaw.com/blog/what-happens-if-i-resign-while-on-workers-compensation/,2026-10-02,0,14,0,10
https://rodenlaw.com/blog/what-happens-if-i-resign-while-on-workers-compensation/,2026-10-03,0,2,0,6
https://rodenlaw.com/blog/what-happens-if-i-resign-while-on-workers-compensation/,2026-10-04,0,4,0,5.5
https://rodenlaw.com/blog/what-happens-if-i-resign-while-on-workers-compensation/,2026-10-05,0,23,0,8.09
https://rodenlaw.com/blog/what-happens-if-i-resign-while-on-workers-compensation/#ga-rules,2026-09-15,0,5,0,8
https://rodenlaw.com/blog/what-happens-if-i-resign-while-on-workers-compensation/#ga-rules,2026-09-16,0,5,0,7.8
https://rodenlaw.com/blog/what-happens-if-i-resign-while-on-workers-compensation/#ga-rules,2026-09-17,0,4,0,6.75
https://rodenlaw.com/blog/what-happens-if-i-resign-while-on-workers-compensation/#ga-rules,2026-09-18,0,5,0,7.4
https://rodenlaw.com/blog/what-happens-if-i-resign-while-on-workers-compensation/#ga-rules,2026-09-19,0,1,0,9
https://rodenlaw.com/blog/what-happens-if-i-resign-while-on-workers-compensation/#ga-rules,2026-09-20,0,1,0,2
https://rodenlaw.com/blog/what-happens-if-i-resign-while-on-workers-compensation/#ga-rules,2026-09-21,0,4,0,6.25
https://rodenlaw.com/blog/what-happens-if-i-resign-while-on-workers-compensation/#ga-rules,2026-09-22,0,5,0,7.6
https://rodenlaw.com/blog/what-happens-if-i-resign-while-on-workers-compensation/#ga-rules,2026-09-23,0,5,0,7.4
https://rodenlaw.com/blog/what-happens-if-i-resign-while-on-workers-compensation/#ga-rules,2026-09-24,0,2,0,4.5
https://rodenlaw.com/blog/what-happens-if-i-resign-while-on-workers-compensation/#ga-rules,2026-09-25,0,1,0,8
https://rodenlaw.com/blog/what-happens-if-i-resign-while-on-workers-compensation/#ga-rules,2026-09-26,0,1,0,8
https://rodenlaw.com/blog/what-happens-if-i-resign-while-on-workers-compensation/#ga-rules,2026-09-27,0,1,0,8
https://rodenlaw.com/blog/what-happens-if-i-resign-while-on-workers-compensation/#ga-rules,2026-09-28,0,2,0,9.5
https://rodenlaw.com/blog/what-happens-if-i-resign-while-on-workers-compensation/#ga-rules,2026-09-29,0,1,0,8
https://rodenlaw.com/blog/what-happens-if-i-resign-while-on-workers-compensation/#ga-rules,2026-09-30,0,3,0,9
https://rodenlaw.com/blog/what-happens-if-i-resign-while-on-workers-compensation/#ga-rules,2026-10-01,0,4,0,7.75
https://rodenlaw.com/blog/what-happens-if-i-resign-while-on-workers-compensation/#ga-rules,2026-10-02,0,3,0,7.67
https://rodenlaw.com/blog/what-happens-if-i-resign-while-on-workers-compensation/#ga-rules,2026-10-04,0,1,0,4
https://rodenlaw.com/blog/what-happens-if-i-resign-while-on-workers-compensation/#light-duty,2026-09-15,0,4,0,8.5
https://rodenlaw.com/blog/what-happens-if-i-resign-while-on-workers-compensation/#light-duty,2026-09-16,0,2,0,8
https://rodenlaw.com/blog/what-happens-if-i-resign-while-on-workers-compensation/#light-duty,2026-09-17,0,4,0,6.75
https://rodenlaw.com/blog/what-happens-if-i-resign-while-on-workers-compensation/#light-duty,2026-09-18,0,5,0,7.4
https://rodenlaw.com/blog/what-happens-if-i-resign-while-on-workers-compensation/#light-duty,2026-09-19,0,1,0,9
https://rodenlaw.com/blog/what-happens-if-i-resign-while-on-workers-compensation/#light-duty,2026-09-20,0,1,0,2
https://rodenlaw.com/blog/what-happens-if-i-resign-while-on-workers-compensation/#light-duty,2026-09-21,0,1,0,11
https://rodenlaw.com/blog/what-happens-if-i-resign-while-on-workers-compensation/#light-duty,2026-09-22,0,5,0,7.6
https://rodenlaw.com/blog/what-happens-if-i-resign-while-on-workers-compensation/#light-duty,2026-09-23,0,5,0,7.4
https://rodenlaw.com/blog/what-happens-if-i-resign-while-on-workers-compensation/#light-duty,2026-09-24,0,2,0,4.5
https://rodenlaw.com/blog/what-happens-if-i-resign-while-on-workers-compensation/#light-duty,2026-09-25,0,1,0,8
https://rodenlaw.com/blog/what-happens-if-i-resign-while-on-workers-compensation/#light-duty,2026-09-26,0,1,0,8
https://rodenlaw.com/blog/what-happens-if-i-resign-while-on-workers-compensation/#light-duty,2026-09-27,0,1,0,8
https://rodenlaw.com/blog/what-happens-if-i-resign-while-on-workers-compensation/#light-duty,2026-09-28,0,2,0,9.5
https://rodenlaw.com/blog/what-happens-if-i-resign-while-on-workers-compensation/#light-duty,2026-09-29,0,1,0,8
https://rodenlaw.com/blog/what-happens-if-i-resign-while-on-workers-compensation/#light-duty,2026-09-30,0,3,0,9
https://rodenlaw.com/blog/what-happens-if-i-resign-while-on-workers-compensation/#light-duty,2026-10-01,0,4,0,7.75
https://rodenlaw.com/blog/what-happens-if-i-resign-while-on-workers-compensation/#light-duty,2026-10-02,0,2,0,8.5
https://rodenlaw.com/blog/what-happens-if-i-resign-while-on-workers-compensation/#medical-benefits,2026-09-15,0,4,0,8.5
https://rodenlaw.com/blog/what-happens-if-i-resign-while-on-workers-compensation/#medical-benefits,2026-09-16,0,2,0,8
https://rodenlaw.com/blog/what-happens-if-i-resign-while-on-workers-compensation/#medical-benefits,2026-09-17,0,4,0,6.75
https://rodenlaw.com/blog/what-happens-if-i-resign-while-on-workers-compensation/#medical-benefits,2026-09-18,0,5,0,7.4
https://rodenlaw.com/blog/what-happens-if-i-resign-while-on-workers-compensation/#medical-benefits,2026-09-19,0,1,0,9
https://rodenlaw.com/blog/what-happens-if-i-resign-while-on-workers-compensation/#medical-benefits,2026-09-20,0,1,0,2
https://rodenlaw.com/blog/what-happens-if-i-resign-while-on-workers-compensation/#medical-benefits,2026-09-21,0,1,0,11
https://rodenlaw.com/blog/what-happens-if-i-resign-while-on-workers-compensation/#medical-benefits,2026-09-22,0,5,0,7.6
https://rodenlaw.com/blog/what-happens-if-i-resign-while-on-workers-compensation/#medical-benefits,2026-09-23,0,5,0,7.4
https://rodenlaw.com/blog/what-happens-if-i-resign-while-on-workers-compensation/#medical-benefits,2026-09-24,0,2,0,4.5
https://rodenlaw.com/blog/what-happens-if-i-resign-while-on-workers-compensation/#medical-benefits,2026-09-25,0,1,0,8
https://rodenlaw.com/blog/what-happens-if-i-resign-while-on-workers-compensation/#medical-benefits,2026-09-26,0,1,0,8
https://rodenlaw.com/blog/what-happens-if-i-resign-while-on-workers-compensation/#medical-benefits,2026-09-27,0,1,0,8
https://rodenlaw.com/blog/what-happens-if-i-resign-while-on-workers-compensation/#medical-benefits,2026-09-28,0,2,0,9.5
https://rodenlaw.com/blog/what-happens-if-i-resign-while-on-workers-compensation/#medical-benefits,2026-09-29,0,1,0,8
https://rodenlaw.com/blog/what-happens-if-i-resign-while-on-workers-compensation/#medical-benefits,2026-09-30,0,3,0,9
https://rodenlaw.com/blog/what-happens-if-i-resign-while-on-workers-compensation/#medical-benefits,2026-10-01,0,4,0,7.75
https://rodenlaw.com/blog/what-happens-if-i-resign-while-on-workers-compensation/#medical-benefits,2026-10-02,0,2,0,8.5
https://rodenlaw.com/blog/what-happens-if-i-resign-while-on-workers-compensation/#sc-rules,2026-09-15,0,5,0,8
https://rodenlaw.com/blog/what-happens-if-i-resign-while-on-workers-compensation/#sc-rules,2026-09-16,0,5,0,7.8
https://rodenlaw.com/blog/what-happens-if-i-resign-while-on-workers-compensation/#sc-rules,2026-09-17,0,4,0,6.75
https://rodenlaw.com/blog/what-happens-if-i-resign-while-on-workers-compensation/#sc-rules,2026-09-18,0,5,0,7.4
https://rodenlaw.com/blog/what-happens-if-i-resign-while-on-workers-compensation/#sc-rules,2026-09-19,0,1,0,9
https://rodenlaw.com/blog/what-happens-if-i-resign-while-on-workers-compensation/#sc-rules,2026-09-20,0,1,0,2
https://rodenlaw.com/blog/what-happens-if-i-resign-while-on-workers-compensation/#sc-rules,2026-09-21,0,3,0,8
https://rodenlaw.com/blog/what-happens-if-i-resign-while-on-workers-compensation/#sc-rules,2026-09-22,0,5,0,7.6
https://rodenlaw.com/blog/what-happens-if-i-resign-while-on-workers-compensation/#sc-rules,2026-09-23,0,5,0,7.4
https://rodenlaw.com/blog/what-happens-if-i-resign-while-on-workers-compensation/#sc-rules,2026-09-24,0,2,0,4.5
https://rodenlaw.com/blog/what-happens-if-i-resign-while-on-workers-compensation/#sc-rules,2026-09-25,0,1,0,8
https://rodenlaw.com/blog/what-happens-if-i-resign-while-on-workers-compensation/#sc-rules,2026-09-26,0,1,0,8
https://rodenlaw.com/blog/what-happens-if-i-resign-while-on-workers-compensation/#sc-rules,2026-09-27,0,1,0,8
https://rodenlaw.com/blog/what-happens-if-i-resign-while-on-workers-compensation/#sc-rules,2026-09-28,0,2,0,9.5
https://rodenlaw.com/blog/what-happens-if-i-resign-while-on-workers-compensation/#sc-rules,2026-09-29,0,1,0,8
https://rodenlaw.com/blog/what-happens-if-i-resign-while-on-workers-compensation/#sc-rules,2026-09-30,0,3,0,9
https://rodenlaw.com/blog/what-happens-if-i-resign-while-on-workers-compensation/#sc-rules,2026-10-01,0,4,0,7.75
https://rodenlaw.com/blog/what-happens-if-i-resign-while-on-workers-compensation/#sc-rules,2026-10-02,0,3,0,7.67
https://rodenlaw.com/blog/what-happens-if-i-resign-while-on-workers-compensation/#sc-rules,2026-10-04,0,1,0,4
https://rodenlaw.com/blog/what-happens-if-i-resign-while-on-workers-compensation/#short-answer,2026-09-15,0,5,0,8
https://rodenlaw.com/blog/what-happens-if-i-resign-while-on-workers-compensation/#short-answer,2026-09-16,0,5,0,7.8
https://rodenlaw.com/blog/what-happens-if-i-resign-while-on-workers-compensation/#short-answer,2026-09-17,0,4,0,6.75
https://rodenlaw.com/blog/what-happens-if-i-resign-while-on-workers-compensation/#short-answer,2026-09-18,0,5,0,7.4
https://rodenlaw.com/blog/what-happens-if-i-resign-while-on-workers-compensation/#short-answer,2026-09-19,0,1,0,9
https://rodenlaw.com/blog/what-happens-if-i-resign-while-on-workers-compensation/#short-answer,2026-09-20,0,1,0,2
https://rodenlaw.com/blog/what-happens-if-i-resign-while-on-workers-compensation/#short-answer,2026-09-21,0,3,0,8
https://rodenlaw.com/blog/what-happens-if-i-resign-while-on-workers-compensation/#short-answer,2026-09-22,0,5,0,7.6
https://rodenlaw.com/blog/what-happens-if-i-resign-while-on-workers-compensation/#short-answer,2026-09-23,0,5,0,7.4
https://rodenlaw.com/blog/what-happens-if-i-resign-while-on-workers-compensation/#short-answer,2026-09-24,0,2,0,4.5
https://rodenlaw.com/blog/what-happens-if-i-resign-while-on-workers-compensation/#short-answer,2026-09-25,0,1,0,8
https://rodenlaw.com/blog/what-happens-if-i-resign-while-on-workers-compensation/#short-answer,2026-09-26,0,1,0,8
https://rodenlaw.com/blog/what-happens-if-i-resign-while-on-workers-compensation/#short-answer,2026-09-27,0,1,0,8
https://rodenlaw.com/blog/what-happens-if-i-resign-while-on-workers-compensation/#short-answer,2026-09-28,0,2,0,9.5
https://rodenlaw.com/blog/what-happens-if-i-resign-while-on-workers-compensation/#short-answer,2026-09-29,0,1,0,8
https://rodenlaw.com/blog/what-happens-if-i-resign-while-on-workers-compensation/#short-answer,2026-09-30,0,3,0,9
https://rodenlaw.com/blog/what-happens-if-i-resign-while-on-workers-compensation/#short-answer,2026-10-01,0,4,0,7.75
https://rodenlaw.com/blog/what-happens-if-i-resign-while-on-workers-compensation/#short-answer,2026-10-02,0,3,0,7.67
https://rodenlaw.com/blog/what-happens-if-i-resign-while-on-workers-compensation/#short-answer,2026-10-04,0,1,0,4
https://rodenlaw.com/blog/what-happens-if-i-resign-while-on-workers-compensation/#voluntary-vs-constructive,2026-09-15,0,4,0,8.5
https://rodenlaw.com/blog/what-happens-if-i-resign-while-on-workers-compensation/#voluntary-vs-constructive,2026-09-16,0,2,0,8
https://rodenlaw.com/blog/what-happens-if-i-resign-while-on-workers-compensation/#voluntary-vs-constructive,2026-09-17,0,4,0,6.75
https://rodenlaw.com/blog/what-happens-if-i-resign-while-on-workers-compensation/#voluntary-vs-constructive,2026-09-18,0,5,0,7.4
https://rodenlaw.com/blog/what-happens-if-i-resign-while-on-workers-compensation/#voluntary-vs-constructive,2026-09-19,0,1,0,9
https://rodenlaw.com/blog/what-happens-if-i-resign-while-on-workers-compensation/#voluntary-vs-constructive,2026-09-20,0,1,0,2
https://rodenlaw.com/blog/what-happens-if-i-resign-while-on-workers-compensation/#voluntary-vs-constructive,2026-09-21,0,2,0,6
https://rodenlaw.com/blog/what-happens-if-i-resign-while-on-workers-compensation/#voluntary-vs-constructive,2026-09-22,0,5,0,7.6
https://rodenlaw.com/blog/what-happens-if-i-resign-while-on-workers-compensation/#voluntary-vs-constructive,2026-09-23,0,5,0,7.4
https://rodenlaw.com/blog/what-happens-if-i-resign-while-on-workers-compensation/#voluntary-vs-constructive,2026-09-24,0,2,0,4.5
https://rodenlaw.com/blog/what-happens-if-i-resign-while-on-workers-compensation/#voluntary-vs-constructive,2026-09-25,0,1,0,8
https://rodenlaw.com/blog/what-happens-if-i-resign-while-on-workers-compensation/#voluntary-vs-constructive,2026-09-26,0,1,0,8
https://rodenlaw.com/blog/what-happens-if-i-resign-while-on-workers-compensation/#voluntary-vs-constructive,2026-09-27,0,1,0,8
https://rodenlaw.com/blog/what-happens-if-i-resign-while-on-workers-compensation/#voluntary-vs-constructive,2026-09-28,0,2,0,9.5
https://rodenlaw.com/blog/what-happens-if-i-resign-while-on-workers-compensation/#voluntary-vs-constructive,2026-09-29,0,1,0,8
https://rodenlaw.com/blog/what-happens-if-i-resign-while-on-workers-compensation/#voluntary-vs-constructive,2026-09-30,0,3,0,9
https://rodenlaw.com/blog/what-happens-if-i-resign-while-on-workers-compensation/#voluntary-vs-constructive,2026-10-01,0,4,0,7.75
https://rodenlaw.com/blog/what-happens-if-i-resign-while-on-workers-compensation/#voluntary-vs-constructive,2026-10-02,0,2,0,8.5
https://rodenlaw.com/blog/what-happens-if-i-resign-while-on-workers-compensation/#wage-benefits,2026-09-15,0,4,0,8.5
https://rodenlaw.com/blog/what-happens-if-i-resign-while-on-workers-compensation/#wage-benefits,2026-09-16,0,2,0,8
https://rodenlaw.com/blog/what-happens-if-i-resign-while-on-workers-compensation/#wage-benefits,2026-09-17,0,4,0,6.75
https://rodenlaw.com/blog/what-happens-if-i-resign-while-on-workers-compensation/#wage-benefits,2026-09-18,0,5,0,7.4
https://rodenlaw.com/blog/what-happens-if-i-resign-while-on-workers-compensation/#wage-benefits,2026-09-19,0,1,0,9
https://rodenlaw.com/blog/what-happens-if-i-resign-while-on-workers-compensation/#wage-benefits,2026-09-20,0,1,0,2
https://rodenlaw.com/blog/what-happens-if-i-resign-while-on-workers-compensation/#wage-benefits,2026-09-21,0,1,0,11
https://rodenlaw.com/blog/what-happens-if-i-resign-while-on-workers-compensation/#wage-benefits,2026-09-22,0,5,0,7.6
https://rodenlaw.com/blog/what-happens-if-i-resign-while-on-workers-compensation/#wage-benefits,2026-09-23,0,5,0,7.4
https://rodenlaw.com/blog/what-happens-if-i-resign-while-on-workers-compensation/#wage-benefits,2026-09-24,0,2,0,4.5
https://rodenlaw.com/blog/what-happens-if-i-resign-while-on-workers-compensation/#wage-benefits,2026-09-25,0,1,0,8
https://rodenlaw.com/blog/what-happens-if-i-resign-while-on-workers-compensation/#wage-benefits,2026-09-26,0,1,0,8
https://rodenlaw.com/blog/what-happens-if-i-resign-while-on-workers-compensation/#wage-benefits,2026-09-27,0,1,0,8
https://rodenlaw.com/blog/what-happens-if-i-resign-while-on-workers-compensation/#wage-benefits,2026-09-28,0,2,0,9.5
https://rodenlaw.com/blog/what-happens-if-i-resign-while-on-workers-compensation/#wage-benefits,2026-09-29,0,1,0,8
https://rodenlaw.com/blog/what-happens-if-i-resign-while-on-workers-compensation/#wage-benefits,2026-09-30,0,3,0,9
https://rodenlaw.com/blog/what-happens-if-i-resign-while-on-workers-compensation/#wage-benefits,2026-10-01,0,4,0,7.75
https://rodenlaw.com/blog/what-happens-if-i-resign-while-on-workers-compensation/#wage-benefits,2026-10-02,0,2,0,8.5
https://rodenlaw.com/blog/what-happens-to-workers-comp-if-employer-bankrupts/,2026-09-16,0,5,0,13.6
https://rodenlaw.com/blog/what-happens-to-workers-comp-if-employer-bankrupts/,2026-09-17,0,6,0,10.17
https://rodenlaw.com/blog/what-happens-to-workers-comp-if-employer-bankrupts/,2026-09-18,0,6,0,6
https://rodenlaw.com/blog/what-happens-to-workers-comp-if-employer-bankrupts/,2026-09-19,0,1,0,7
https://rodenlaw.com/blog/what-happens-to-workers-comp-if-employer-bankrupts/,2026-09-20,0,1,0,6
https://rodenlaw.com/blog/what-happens-to-workers-comp-if-employer-bankrupts/,2026-09-21,0,2,0,10.5
https://rodenlaw.com/blog/what-happens-to-workers-comp-if-employer-bankrupts/,2026-09-22,0,7,0,4.57
https://rodenlaw.com/blog/what-happens-to-workers-comp-if-employer-bankrupts/,2026-09-24,0,1,0,5
https://rodenlaw.com/blog/what-happens-to-workers-comp-if-employer-bankrupts/,2026-09-25,0,1,0,7
https://rodenlaw.com/blog/what-happens-to-workers-comp-if-employer-bankrupts/,2026-09-28,0,5,0,6.8
https://rodenlaw.com/blog/what-happens-to-workers-comp-if-employer-bankrupts/,2026-09-29,0,1,0,6
https://rodenlaw.com/blog/what-happens-to-workers-comp-if-employer-bankrupts/,2026-10-01,0,2,0,10.5
https://rodenlaw.com/blog/what-happens-to-workers-comp-if-employer-bankrupts/,2026-10-05,0,1,0,5
https://rodenlaw.com/blog/what-if-i-suspect-medical-malpractice/,2026-09-15,0,4,0,48.75
https://rodenlaw.com/blog/what-if-i-suspect-medical-malpractice/,2026-09-16,0,2,0,40
https://rodenlaw.com/blog/what-if-i-suspect-medical-malpractice/,2026-09-17,0,1,0,6
https://rodenlaw.com/blog/what-if-i-suspect-medical-malpractice/,2026-09-18,0,7,0,77
https://rodenlaw.com/blog/what-if-i-suspect-medical-malpractice/,2026-09-19,0,2,0,39.5
https://rodenlaw.com/blog/what-if-i-suspect-medical-malpractice/,2026-09-20,0,2,0,46
https://rodenlaw.com/blog/what-if-i-suspect-medical-malpractice/,2026-09-21,0,2,0,33.5
https://rodenlaw.com/blog/what-if-i-suspect-medical-malpractice/,2026-09-22,0,2,0,25
https://rodenlaw.com/blog/what-if-i-suspect-medical-malpractice/,2026-09-23,0,2,0,50
https://rodenlaw.com/blog/what-if-i-suspect-medical-malpractice/,2026-09-24,0,3,0,8.33
https://rodenlaw.com/blog/what-if-i-suspect-medical-malpractice/,2026-09-25,0,1,0,5
https://rodenlaw.com/blog/what-if-i-suspect-medical-malpractice/,2026-09-26,0,3,0,4.67
https://rodenlaw.com/blog/what-if-i-suspect-medical-malpractice/,2026-09-28,0,2,0,9
https://rodenlaw.com/blog/what-if-i-suspect-medical-malpractice/,2026-09-29,0,5,0,41.8
https://rodenlaw.com/blog/what-if-i-suspect-medical-malpractice/,2026-09-30,0,6,0,5.83
https://rodenlaw.com/blog/what-if-i-suspect-medical-malpractice/,2026-10-01,0,5,0,13.6
https://rodenlaw.com/blog/what-if-i-suspect-medical-malpractice/,2026-10-02,0,5,0,21
https://rodenlaw.com/blog/what-if-i-suspect-medical-malpractice/,2026-10-03,0,8,0,28.25
https://rodenlaw.com/blog/what-if-i-suspect-medical-malpractice/,2026-10-04,0,12,0,14.33
https://rodenlaw.com/blog/what-if-i-suspect-medical-malpractice/,2026-10-05,0,4,0,9.5
https://rodenlaw.com/blog/what-to-do-after-a-bike-crash-on-charlestons-ravenel-bridge/,2026-09-30,0,1,0,11
https://rodenlaw.com/blog/what-to-do-after-a-car-crash-on-savannah-highway/,2026-09-25,0,1,0,24
https://rodenlaw.com/blog/what-to-do-after-a-car-crash-on-savannah-highway/,2026-10-03,0,1,0,15
https://rodenlaw.com/blog/what-to-do-after-a-hit-and-run-in-downtown-charleston/,2026-09-15,0,2,0,20.5
https://rodenlaw.com/blog/what-to-do-after-a-hit-and-run-in-downtown-charleston/,2026-09-16,0,5,0,20.4
https://rodenlaw.com/blog/what-to-do-after-a-hit-and-run-in-downtown-charleston/,2026-09-17,0,4,0,38.5
https://rodenlaw.com/blog/what-to-do-after-a-hit-and-run-in-downtown-charleston/,2026-09-18,0,8,0,29.88
https://rodenlaw.com/blog/what-to-do-after-a-hit-and-run-in-downtown-charleston/,2026-09-19,0,4,0,31
https://rodenlaw.com/blog/what-to-do-after-a-hit-and-run-in-downtown-charleston/,2026-09-20,0,1,0,45
https://rodenlaw.com/blog/what-to-do-after-a-hit-and-run-in-downtown-charleston/,2026-09-21,0,2,0,21.5
https://rodenlaw.com/blog/what-to-do-after-a-hit-and-run-in-downtown-charleston/,2026-09-22,0,5,0,18.4
https://rodenlaw.com/blog/what-to-do-after-a-hit-and-run-in-downtown-charleston/,2026-09-23,0,2,0,62
https://rodenlaw.com/blog/what-to-do-after-a-hit-and-run-in-downtown-charleston/,2026-09-25,0,3,0,28.67
https://rodenlaw.com/blog/what-to-do-after-a-hit-and-run-in-downtown-charleston/,2026-09-27,0,2,0,8
https://rodenlaw.com/blog/what-to-do-after-a-hit-and-run-in-downtown-charleston/,2026-09-28,0,3,0,6.67
https://rodenlaw.com/blog/what-to-do-after-a-hit-and-run-in-downtown-charleston/,2026-09-29,0,3,0,10
https://rodenlaw.com/blog/what-to-do-after-a-hit-and-run-in-downtown-charleston/,2026-10-01,0,4,0,7.25
https://rodenlaw.com/blog/what-to-do-after-a-hit-and-run-in-downtown-charleston/,2026-10-02,0,4,0,24.5
https://rodenlaw.com/blog/what-to-do-after-a-hit-and-run-in-downtown-charleston/,2026-10-03,0,3,0,8.33
https://rodenlaw.com/blog/what-to-do-after-a-hit-and-run-in-downtown-charleston/,2026-10-04,0,6,0,9
https://rodenlaw.com/blog/what-to-do-after-a-hit-and-run-in-downtown-charleston/,2026-10-05,0,3,0,7.33
https://rodenlaw.com/blog/what-to-do-after-car-accident-georgia/,2026-09-15,0,29,0,11.66
https://rodenlaw.com/blog/what-to-do-after-car-accident-georgia/,2026-09-16,0,34,0,12.68
https://rodenlaw.com/blog/what-to-do-after-car-accident-georgia/,2026-09-17,0,42,0,8.05
https://rodenlaw.com/blog/what-to-do-after-car-accident-georgia/,2026-09-18,0,27,0,8.63
https://rodenlaw.com/blog/what-to-do-after-car-accident-georgia/,2026-09-19,0,51,0,12.27
https://rodenlaw.com/blog/what-to-do-after-car-accident-georgia/,2026-09-20,0,46,0,15.63
https://rodenlaw.com/blog/what-to-do-after-car-accident-georgia/,2026-09-21,0,98,0,17.46
https://rodenlaw.com/blog/what-to-do-after-car-accident-georgia/,2026-09-23,0,81,0,10.74
https://rodenlaw.com/blog/what-to-do-after-car-accident-georgia/,2026-09-24,0,83,0,9.28
https://rodenlaw.com/blog/what-to-do-after-car-accident-georgia/,2026-09-26,0,96,0,9.58
https://rodenlaw.com/blog/what-to-do-after-car-accident-georgia/,2026-09-27,0,60,0,11.32
https://rodenlaw.com/blog/what-to-do-after-car-accident-georgia/,2026-09-29,0,58,0,13.24
https://rodenlaw.com/blog/what-to-do-after-car-accident-georgia/,2026-09-30,0,71,0,11.61
https://rodenlaw.com/blog/what-to-do-after-car-accident-georgia/,2026-10-01,0,36,0,10.69
https://rodenlaw.com/blog/what-to-do-after-car-accident-georgia/,2026-10-03,0,24,0,21.46
https://rodenlaw.com/blog/what-to-do-after-car-accident-georgia/,2026-10-04,0,21,0,13
https://rodenlaw.com/blog/what-to-do-after-car-accident-georgia/,2026-10-05,0,9,0,9.33
https://rodenlaw.com/blog/what-to-do-after-car-accident-south-carolina/,2026-09-15,0,120,0,12.97
https://rodenlaw.com/blog/what-to-do-after-car-accident-south-carolina/,2026-09-18,0,81,0,11.01
https://rodenlaw.com/blog/what-to-do-after-car-accident-south-carolina/,2026-09-19,0,68,0,9.6
https://rodenlaw.com/blog/what-to-do-after-car-accident-south-carolina/,2026-09-20,0,92,0,9.87
https://rodenlaw.com/blog/what-to-do-after-car-accident-south-carolina/,2026-09-22,0,112,0,10.71
https://rodenlaw.com/blog/what-to-do-after-car-accident-south-carolina/,2026-09-23,0,136,0,9.97
https://rodenlaw.com/blog/what-to-do-after-car-accident-south-carolina/,2026-09-24,0,122,0,10.06
https://rodenlaw.com/blog/what-to-do-after-car-accident-south-carolina/,2026-09-26,0,105,0,9.79
https://rodenlaw.com/blog/what-to-do-after-car-accident-south-carolina/,2026-09-27,0,112,0,9.49
https://rodenlaw.com/blog/what-to-do-after-car-accident-south-carolina/,2026-09-28,0,104,0,9.45
https://rodenlaw.com/blog/what-to-do-after-car-accident-south-carolina/,2026-09-29,0,126,0,9.93
https://rodenlaw.com/blog/what-to-do-after-car-accident-south-carolina/,2026-09-30,0,139,0,10.81
https://rodenlaw.com/blog/what-to-do-after-car-accident-south-carolina/,2026-10-02,0,44,0,11.57
https://rodenlaw.com/blog/what-to-do-after-car-accident-south-carolina/,2026-10-03,0,24,0,11.17
https://rodenlaw.com/blog/what-to-do-after-car-accident-south-carolina/,2026-10-04,0,55,0,12.75
https://rodenlaw.com/blog/what-to-do-after-car-accident-south-carolina/,2026-10-05,0,31,0,12.39
https://rodenlaw.com/blog/what-to-do-after-car-accident-south-carolina/#after-leaving-the-scene,2026-09-18,0,1,0,4
https://rodenlaw.com/blog/what-to-do-after-car-accident-south-carolina/#after-leaving-the-scene,2026-09-19,0,1,0,4
https://rodenlaw.com/blog/what-to-do-after-car-accident-south-carolina/#after-leaving-the-scene,2026-09-22,0,3,0,5
https://rodenlaw.com/blog/what-to-do-after-car-accident-south-carolina/#after-leaving-the-scene,2026-09-23,0,1,0,8
https://rodenlaw.com/blog/what-to-do-after-car-accident-south-carolina/#after-leaving-the-scene,2026-09-26,0,1,0,10
https://rodenlaw.com/blog/what-to-do-after-car-accident-south-carolina/#after-leaving-the-scene,2026-09-27,0,1,0,4
https://rodenlaw.com/blog/what-to-do-after-car-accident-south-carolina/#after-leaving-the-scene,2026-09-30,0,2,0,9
https://rodenlaw.com/blog/what-to-do-after-car-accident-south-carolina/#after-leaving-the-scene,2026-10-03,0,1,0,10
https://rodenlaw.com/blog/what-to-do-after-car-accident-south-carolina/#at-the-scene,2026-09-18,0,1,0,4
https://rodenlaw.com/blog/what-to-do-after-car-accident-south-carolina/#at-the-scene,2026-09-19,0,1,0,4
https://rodenlaw.com/blog/what-to-do-after-car-accident-south-carolina/#at-the-scene,2026-09-22,0,3,0,5
https://rodenlaw.com/blog/what-to-do-after-car-accident-south-carolina/#at-the-scene,2026-09-23,0,1,0,8
https://rodenlaw.com/blog/what-to-do-after-car-accident-south-carolina/#at-the-scene,2026-09-26,0,1,0,10
https://rodenlaw.com/blog/what-to-do-after-car-accident-south-carolina/#at-the-scene,2026-09-27,0,1,0,4
https://rodenlaw.com/blog/what-to-do-after-car-accident-south-carolina/#at-the-scene,2026-09-30,0,2,0,9
https://rodenlaw.com/blog/what-to-do-after-car-accident-south-carolina/#at-the-scene,2026-10-03,0,1,0,10
https://rodenlaw.com/blog/what-to-do-after-car-accident-south-carolina/#comparative-fault,2026-09-18,0,1,0,4
https://rodenlaw.com/blog/what-to-do-after-car-accident-south-carolina/#comparative-fault,2026-09-19,0,1,0,4
https://rodenlaw.com/blog/what-to-do-after-car-accident-south-carolina/#comparative-fault,2026-09-22,0,3,0,5
https://rodenlaw.com/blog/what-to-do-after-car-accident-south-carolina/#comparative-fault,2026-09-23,0,1,0,8
https://rodenlaw.com/blog/what-to-do-after-car-accident-south-carolina/#comparative-fault,2026-09-26,0,1,0,10
https://rodenlaw.com/blog/what-to-do-after-car-accident-south-carolina/#comparative-fault,2026-09-27,0,1,0,4
https://rodenlaw.com/blog/what-to-do-after-car-accident-south-carolina/#comparative-fault,2026-09-30,0,2,0,9
https://rodenlaw.com/blog/what-to-do-after-car-accident-south-carolina/#comparative-fault,2026-10-03,0,1,0,10
https://rodenlaw.com/blog/what-to-do-after-car-accident-south-carolina/#damages,2026-09-18,0,1,0,4
https://rodenlaw.com/blog/what-to-do-after-car-accident-south-carolina/#damages,2026-09-19,0,1,0,4
https://rodenlaw.com/blog/what-to-do-after-car-accident-south-carolina/#damages,2026-09-22,0,3,0,5
https://rodenlaw.com/blog/what-to-do-after-car-accident-south-carolina/#damages,2026-09-23,0,1,0,8
https://rodenlaw.com/blog/what-to-do-after-car-accident-south-carolina/#damages,2026-09-26,0,1,0,10
https://rodenlaw.com/blog/what-to-do-after-car-accident-south-carolina/#damages,2026-09-27,0,1,0,4
https://rodenlaw.com/blog/what-to-do-after-car-accident-south-carolina/#damages,2026-09-30,0,2,0,9
https://rodenlaw.com/blog/what-to-do-after-car-accident-south-carolina/#damages,2026-10-03,0,1,0,10
https://rodenlaw.com/blog/what-to-do-after-car-accident-south-carolina/#filing-a-claim,2026-09-15,0,6,0,6
https://rodenlaw.com/blog/what-to-do-after-car-accident-south-carolina/#filing-a-claim,2026-09-16,0,4,0,5
https://rodenlaw.com/blog/what-to-do-after-car-accident-south-carolina/#filing-a-claim,2026-09-17,0,4,0,7
https://rodenlaw.com/blog/what-to-do-after-car-accident-south-carolina/#filing-a-claim,2026-09-18,0,3,0,4
https://rodenlaw.com/blog/what-to-do-after-car-accident-south-carolina/#filing-a-claim,2026-09-19,0,8,0,5.88
https://rodenlaw.com/blog/what-to-do-after-car-accident-south-carolina/#filing-a-claim,2026-09-20,0,2,0,3.5
https://rodenlaw.com/blog/what-to-do-after-car-accident-south-carolina/#filing-a-claim,2026-09-22,0,4,0,4.5
https://rodenlaw.com/blog/what-to-do-after-car-accident-south-carolina/#filing-a-claim,2026-09-23,0,2,0,6
https://rodenlaw.com/blog/what-to-do-after-car-accident-south-carolina/#filing-a-claim,2026-09-24,0,1,0,3
https://rodenlaw.com/blog/what-to-do-after-car-accident-south-carolina/#filing-a-claim,2026-09-26,0,3,0,6
https://rodenlaw.com/blog/what-to-do-after-car-accident-south-carolina/#filing-a-claim,2026-09-27,0,1,0,4
https://rodenlaw.com/blog/what-to-do-after-car-accident-south-carolina/#filing-a-claim,2026-09-28,0,3,0,4.33
https://rodenlaw.com/blog/what-to-do-after-car-accident-south-carolina/#filing-a-claim,2026-09-30,0,3,0,7
https://rodenlaw.com/blog/what-to-do-after-car-accident-south-carolina/#filing-a-claim,2026-10-02,0,1,0,3
https://rodenlaw.com/blog/what-to-do-after-car-accident-south-carolina/#filing-a-claim,2026-10-03,0,1,0,10
https://rodenlaw.com/blog/what-to-do-after-car-accident-south-carolina/#filing-a-claim,2026-10-04,0,1,0,3
https://rodenlaw.com/blog/what-to-do-after-car-accident-south-carolina/#south-carolina-car-accident-laws,2026-09-15,0,6,0,6
https://rodenlaw.com/blog/what-to-do-after-car-accident-south-carolina/#south-carolina-car-accident-laws,2026-09-16,0,4,0,5
https://rodenlaw.com/blog/what-to-do-after-car-accident-south-carolina/#south-carolina-car-accident-laws,2026-09-17,0,4,0,7
https://rodenlaw.com/blog/what-to-do-after-car-accident-south-carolina/#south-carolina-car-accident-laws,2026-09-18,0,3,0,4
https://rodenlaw.com/blog/what-to-do-after-car-accident-south-carolina/#south-carolina-car-accident-laws,2026-09-19,0,8,0,5.88
https://rodenlaw.com/blog/what-to-do-after-car-accident-south-carolina/#south-carolina-car-accident-laws,2026-09-20,0,2,0,3.5
https://rodenlaw.com/blog/what-to-do-after-car-accident-south-carolina/#south-carolina-car-accident-laws,2026-09-22,0,4,0,4.5
https://rodenlaw.com/blog/what-to-do-after-car-accident-south-carolina/#south-carolina-car-accident-laws,2026-09-23,0,2,0,6
https://rodenlaw.com/blog/what-to-do-after-car-accident-south-carolina/#south-carolina-car-accident-laws,2026-09-24,0,1,0,3
https://rodenlaw.com/blog/what-to-do-after-car-accident-south-carolina/#south-carolina-car-accident-laws,2026-09-26,0,3,0,6
https://rodenlaw.com/blog/what-to-do-after-car-accident-south-carolina/#south-carolina-car-accident-laws,2026-09-27,0,1,0,4
https://rodenlaw.com/blog/what-to-do-after-car-accident-south-carolina/#south-carolina-car-accident-laws,2026-09-28,0,3,0,4.33
https://rodenlaw.com/blog/what-to-do-after-car-accident-south-carolina/#south-carolina-car-accident-laws,2026-09-30,0,3,0,7
https://rodenlaw.com/blog/what-to-do-after-car-accident-south-carolina/#south-carolina-car-accident-laws,2026-10-02,0,1,0,3
https://rodenlaw.com/blog/what-to-do-after-car-accident-south-carolina/#south-carolina-car-accident-laws,2026-10-03,0,1,0,10
https://rodenlaw.com/blog/what-to-do-after-car-accident-south-carolina/#south-carolina-car-accident-laws,2026-10-04,0,1,0,3
https://rodenlaw.com/blog/what-to-do-if-your-georgia-police-report-is-wrong-or-has-mistakes/,2026-09-15,0,9,0,19.78
https://rodenlaw.com/blog/what-to-do-if-your-georgia-police-report-is-wrong-or-has-mistakes/,2026-09-16,0,8,0,5.75
https://rodenlaw.com/blog/what-to-do-if-your-georgia-police-report-is-wrong-or-has-mistakes/,2026-09-17,0,12,0,13.58
https://rodenlaw.com/blog/what-to-do-if-your-georgia-police-report-is-wrong-or-has-mistakes/,2026-09-18,0,10,0,8.2
https://rodenlaw.com/blog/what-to-do-if-your-georgia-police-report-is-wrong-or-has-mistakes/,2026-09-19,0,2,0,6
https://rodenlaw.com/blog/what-to-do-if-your-georgia-police-report-is-wrong-or-has-mistakes/,2026-09-20,0,5,0,8.8
https://rodenlaw.com/blog/what-to-do-if-your-georgia-police-report-is-wrong-or-has-mistakes/,2026-09-21,0,15,0,6.33
https://rodenlaw.com/blog/what-to-do-if-your-georgia-police-report-is-wrong-or-has-mistakes/,2026-09-22,0,5,0,9.4
https://rodenlaw.com/blog/what-to-do-if-your-georgia-police-report-is-wrong-or-has-mistakes/,2026-09-23,0,8,0,8
https://rodenlaw.com/blog/what-to-do-if-your-georgia-police-report-is-wrong-or-has-mistakes/,2026-09-24,0,5,0,28
https://rodenlaw.com/blog/what-to-do-if-your-georgia-police-report-is-wrong-or-has-mistakes/,2026-09-26,0,3,0,51
https://rodenlaw.com/blog/what-to-do-if-your-georgia-police-report-is-wrong-or-has-mistakes/,2026-09-27,0,3,0,4.67
https://rodenlaw.com/blog/what-to-do-if-your-georgia-police-report-is-wrong-or-has-mistakes/,2026-09-28,0,5,0,9.6
https://rodenlaw.com/blog/what-to-do-if-your-georgia-police-report-is-wrong-or-has-mistakes/,2026-09-29,0,2,0,42
https://rodenlaw.com/blog/what-to-do-if-your-georgia-police-report-is-wrong-or-has-mistakes/,2026-09-30,0,4,0,29.25
https://rodenlaw.com/blog/what-to-do-if-your-georgia-police-report-is-wrong-or-has-mistakes/,2026-10-01,0,6,0,5.33
https://rodenlaw.com/blog/what-to-do-if-your-georgia-police-report-is-wrong-or-has-mistakes/,2026-10-02,0,7,0,16.86
https://rodenlaw.com/blog/what-to-do-if-your-georgia-police-report-is-wrong-or-has-mistakes/,2026-10-03,0,7,0,9.29
https://rodenlaw.com/blog/what-to-do-if-your-georgia-police-report-is-wrong-or-has-mistakes/,2026-10-04,0,3,0,6.67
https://rodenlaw.com/blog/what-to-do-if-your-workers-compensation-claim-is-denied/,2026-09-19,0,1,0,6
https://rodenlaw.com/blog/what-to-do-if-your-workers-compensation-claim-is-denied/,2026-09-22,0,2,0,3.5
https://rodenlaw.com/blog/what-to-do-if-your-workers-compensation-claim-is-denied/,2026-09-28,0,1,0,9
https://rodenlaw.com/blog/what-to-do-if-your-workers-compensation-claim-is-denied/,2026-09-30,0,3,0,4.33
https://rodenlaw.com/blog/what-to-do-if-your-workers-compensation-claim-is-denied/,2026-10-02,0,1,0,5
https://rodenlaw.com/blog/what-to-do-if-your-workers-compensation-claim-is-denied/,2026-10-03,0,1,0,9
https://rodenlaw.com/blog/what-to-do-if-your-workers-compensation-claim-is-denied/,2026-10-04,0,1,0,7
https://rodenlaw.com/blog/what-to-do-when-you-are-in-a-car-accident/,2026-09-15,0,64,0,31.19
https://rodenlaw.com/blog/what-to-do-when-you-are-in-a-car-accident/,2026-09-16,0,46,0,24.22
https://rodenlaw.com/blog/what-to-do-when-you-are-in-a-car-accident/,2026-09-17,0,31,0,25.65
https://rodenlaw.com/blog/what-to-do-when-you-are-in-a-car-accident/,2026-09-18,0,34,0,30.82
https://rodenlaw.com/blog/what-to-do-when-you-are-in-a-car-accident/,2026-09-19,0,42,0,28.64
https://rodenlaw.com/blog/what-to-do-when-you-are-in-a-car-accident/,2026-09-20,0,59,0,37.59
https://rodenlaw.com/blog/what-to-do-when-you-are-in-a-car-accident/,2026-09-21,0,53,0,28.53
https://rodenlaw.com/blog/what-to-do-when-you-are-in-a-car-accident/,2026-09-22,0,59,0,38.75
https://rodenlaw.com/blog/what-to-do-when-you-are-in-a-car-accident/,2026-09-23,0,47,0,51
https://rodenlaw.com/blog/what-to-do-when-you-are-in-a-car-accident/,2026-09-24,0,27,0,51.67
https://rodenlaw.com/blog/what-to-do-when-you-are-in-a-car-accident/,2026-09-25,0,34,0,51.97
https://rodenlaw.com/blog/what-to-do-when-you-are-in-a-car-accident/,2026-09-26,0,32,0,42.28
https://rodenlaw.com/blog/what-to-do-when-you-are-in-a-car-accident/,2026-09-27,0,23,0,59
https://rodenlaw.com/blog/what-to-do-when-you-are-in-a-car-accident/,2026-09-28,0,23,0,49.74
https://rodenlaw.com/blog/what-to-do-when-you-are-in-a-car-accident/,2026-09-29,0,31,0,52.32
https://rodenlaw.com/blog/what-to-do-when-you-are-in-a-car-accident/,2026-09-30,0,30,0,62
https://rodenlaw.com/blog/what-to-do-when-you-are-in-a-car-accident/,2026-10-01,0,30,0,49.3
https://rodenlaw.com/blog/what-to-do-when-you-are-in-a-car-accident/,2026-10-02,0,44,0,40.11
https://rodenlaw.com/blog/what-to-do-when-you-are-in-a-car-accident/,2026-10-03,0,50,0,42.94
https://rodenlaw.com/blog/what-to-do-when-you-are-in-a-car-accident/,2026-10-04,0,52,0,33.46
https://rodenlaw.com/blog/what-to-do-when-you-are-in-a-car-accident/,2026-10-05,0,25,0,34.44
https://rodenlaw.com/blog/what-to-do-when-you-are-in-a-car-accident/#after-leaving,2026-09-29,0,1,0,7
https://rodenlaw.com/blog/what-to-do-when-you-are-in-a-car-accident/#at-the-scene,2026-09-17,0,1,0,8
https://rodenlaw.com/blog/what-to-do-when-you-are-in-a-car-accident/#at-the-scene,2026-09-21,0,6,0,9.83
https://rodenlaw.com/blog/what-to-do-when-you-are-in-a-car-accident/#at-the-scene,2026-09-29,0,1,0,7
https://rodenlaw.com/blog/what-to-do-when-you-are-in-a-car-accident/#georgia-specific,2026-09-17,0,1,0,8
https://rodenlaw.com/blog/what-to-do-when-you-are-in-a-car-accident/#georgia-specific,2026-09-21,0,6,0,9.83
https://rodenlaw.com/blog/what-to-do-when-you-are-in-a-car-accident/#georgia-specific,2026-09-29,0,1,0,7
https://rodenlaw.com/blog/what-to-do-when-you-are-in-a-car-accident/#mistakes-to-avoid,2026-09-29,0,1,0,7
https://rodenlaw.com/blog/what-to-do-when-you-are-in-a-car-accident/#south-carolina-specific,2026-09-29,0,1,0,7
https://rodenlaw.com/blog/what-to-do-when-you-are-in-a-car-accident/#why-checklist-matters,2026-09-29,0,1,0,7
https://rodenlaw.com/blog/what-to-know-about-chest-pain-after-a-savannah-car-crash/,2026-09-24,0,4,0,11.75
https://rodenlaw.com/blog/what-to-know-about-chest-pain-after-a-savannah-car-crash/,2026-09-28,0,2,0,5.5
https://rodenlaw.com/blog/what-to-know-about-chest-pain-after-a-savannah-car-crash/,2026-09-29,0,3,0,6.67
https://rodenlaw.com/blog/what-to-know-about-chest-pain-after-a-savannah-car-crash/,2026-10-02,0,1,0,9
https://rodenlaw.com/blog/what-to-know-about-chest-pain-after-a-savannah-car-crash/,2026-10-03,0,1,0,2
https://rodenlaw.com/blog/when-do-injury-claims-go-to-court/,2026-09-15,0,40,0,12.8
https://rodenlaw.com/blog/when-do-injury-claims-go-to-court/,2026-09-16,0,48,0,12.58
https://rodenlaw.com/blog/when-do-injury-claims-go-to-court/,2026-09-17,0,33,0,11.91
https://rodenlaw.com/blog/when-do-injury-claims-go-to-court/,2026-09-18,0,34,0,11.85
https://rodenlaw.com/blog/when-do-injury-claims-go-to-court/,2026-09-19,0,14,0,15.14
https://rodenlaw.com/blog/when-do-injury-claims-go-to-court/,2026-09-20,0,24,0,12.96
https://rodenlaw.com/blog/when-do-injury-claims-go-to-court/,2026-09-21,0,54,0,12.96
https://rodenlaw.com/blog/when-do-injury-claims-go-to-court/,2026-09-22,0,52,0,13.1
https://rodenlaw.com/blog/when-do-injury-claims-go-to-court/,2026-09-23,0,33,0,13.79
https://rodenlaw.com/blog/when-do-injury-claims-go-to-court/,2026-09-24,0,9,0,14.44
https://rodenlaw.com/blog/when-do-injury-claims-go-to-court/,2026-09-25,0,5,0,7.8
https://rodenlaw.com/blog/when-do-injury-claims-go-to-court/,2026-09-26,0,5,0,16.6
https://rodenlaw.com/blog/when-do-injury-claims-go-to-court/,2026-09-27,0,3,0,10.33
https://rodenlaw.com/blog/when-do-injury-claims-go-to-court/,2026-09-28,0,7,0,23
https://rodenlaw.com/blog/when-do-injury-claims-go-to-court/,2026-09-29,0,9,0,19.78
https://rodenlaw.com/blog/when-do-injury-claims-go-to-court/,2026-09-30,0,5,0,20
https://rodenlaw.com/blog/when-do-injury-claims-go-to-court/,2026-10-01,0,3,0,22.67
https://rodenlaw.com/blog/when-do-injury-claims-go-to-court/,2026-10-02,0,8,0,20.62
https://rodenlaw.com/blog/when-do-injury-claims-go-to-court/,2026-10-03,0,3,0,22.67
https://rodenlaw.com/blog/when-do-injury-claims-go-to-court/,2026-10-04,0,5,0,9.2
https://rodenlaw.com/blog/when-do-injury-claims-go-to-court/,2026-10-05,0,10,0,20.2
https://rodenlaw.com/blog/when-does-a-sprained-ankle-become-a-work-injury/,2026-09-15,0,42,0,7.62
https://rodenlaw.com/blog/when-does-a-sprained-ankle-become-a-work-injury/,2026-09-16,0,40,0,7.33
https://rodenlaw.com/blog/when-does-a-sprained-ankle-become-a-work-injury/,2026-09-18,0,45,0,7.58
https://rodenlaw.com/blog/when-does-a-sprained-ankle-become-a-work-injury/,2026-09-19,0,22,0,5.82
https://rodenlaw.com/blog/when-does-a-sprained-ankle-become-a-work-injury/,2026-09-20,0,16,0,4.69
https://rodenlaw.com/blog/when-does-a-sprained-ankle-become-a-work-injury/,2026-09-21,0,35,0,5.91
https://rodenlaw.com/blog/when-does-a-sprained-ankle-become-a-work-injury/,2026-09-24,0,40,0,9.15
https://rodenlaw.com/blog/when-does-a-sprained-ankle-become-a-work-injury/,2026-09-26,0,26,0,5.35
https://rodenlaw.com/blog/when-does-a-sprained-ankle-become-a-work-injury/,2026-09-27,0,22,0,7.91
https://rodenlaw.com/blog/when-does-a-sprained-ankle-become-a-work-injury/,2026-09-28,0,30,0,6.5
https://rodenlaw.com/blog/when-does-a-sprained-ankle-become-a-work-injury/,2026-09-29,0,35,0,5.06
https://rodenlaw.com/blog/when-does-a-sprained-ankle-become-a-work-injury/,2026-09-30,0,39,0,6.38
https://rodenlaw.com/blog/when-does-a-sprained-ankle-become-a-work-injury/,2026-10-01,0,44,0,4.64
https://rodenlaw.com/blog/when-does-a-sprained-ankle-become-a-work-injury/,2026-10-02,0,24,0,12.12
https://rodenlaw.com/blog/when-does-a-sprained-ankle-become-a-work-injury/,2026-10-03,0,20,0,5.55
https://rodenlaw.com/blog/when-does-a-sprained-ankle-become-a-work-injury/,2026-10-05,0,4,0,11
https://rodenlaw.com/blog/when-to-call-charleston-personal-injury-lawyer/,2026-09-15,0,3,0,25.33
https://rodenlaw.com/blog/when-to-call-charleston-personal-injury-lawyer/,2026-09-16,0,1,0,11
https://rodenlaw.com/blog/when-to-call-charleston-personal-injury-lawyer/,2026-09-17,0,1,0,70
https://rodenlaw.com/blog/when-to-call-charleston-personal-injury-lawyer/,2026-09-19,0,1,0,27
https://rodenlaw.com/blog/when-to-call-charleston-personal-injury-lawyer/,2026-09-20,0,7,0,24.71
https://rodenlaw.com/blog/when-to-call-charleston-personal-injury-lawyer/,2026-09-23,0,3,0,37
https://rodenlaw.com/blog/when-to-call-charleston-personal-injury-lawyer/,2026-09-24,0,6,0,21.33
https://rodenlaw.com/blog/when-to-call-charleston-personal-injury-lawyer/,2026-09-25,0,6,0,10
https://rodenlaw.com/blog/when-to-call-charleston-personal-injury-lawyer/,2026-09-26,0,9,0,12.33
https://rodenlaw.com/blog/when-to-call-charleston-personal-injury-lawyer/,2026-09-27,0,10,0,29.2
https://rodenlaw.com/blog/when-to-call-charleston-personal-injury-lawyer/,2026-09-28,0,8,0,29.38
https://rodenlaw.com/blog/when-to-call-charleston-personal-injury-lawyer/,2026-09-29,0,5,0,11
https://rodenlaw.com/blog/when-to-call-charleston-personal-injury-lawyer/,2026-09-30,0,4,0,12.25
https://rodenlaw.com/blog/when-to-call-charleston-personal-injury-lawyer/,2026-10-01,0,4,0,24
https://rodenlaw.com/blog/when-to-call-charleston-personal-injury-lawyer/,2026-10-02,0,4,0,23.25
https://rodenlaw.com/blog/when-to-call-charleston-personal-injury-lawyer/,2026-10-03,0,2,0,33.5
https://rodenlaw.com/blog/when-to-call-charleston-personal-injury-lawyer/,2026-10-04,0,4,0,20.5
https://rodenlaw.com/blog/when-to-consider-settling-a-claim/,2026-09-15,0,1,0,84
https://rodenlaw.com/blog/when-to-consider-settling-a-claim/,2026-09-26,0,1,0,4
https://rodenlaw.com/blog/who-pays-for-damages-from-t-bone-crashes-in-savannah/,2026-09-23,0,1,0,11
https://rodenlaw.com/blog/who-pays-for-damages-from-t-bone-crashes-in-savannah/,2026-09-24,0,2,0,26.5
https://rodenlaw.com/blog/who-pays-for-damages-from-t-bone-crashes-in-savannah/,2026-09-25,0,2,0,18
https://rodenlaw.com/blog/who-pays-for-damages-from-t-bone-crashes-in-savannah/,2026-10-03,0,1,0,26
https://rodenlaw.com/blog/why-car-crashes-happen-close-to-home-charleston/,2026-09-15,0,3,0,10.67
https://rodenlaw.com/blog/why-car-crashes-happen-close-to-home-charleston/,2026-09-16,0,1,0,42
https://rodenlaw.com/blog/why-car-crashes-happen-close-to-home-charleston/,2026-09-17,0,5,0,6
https://rodenlaw.com/blog/why-car-crashes-happen-close-to-home-charleston/,2026-09-18,0,1,0,1
https://rodenlaw.com/blog/why-car-crashes-happen-close-to-home-charleston/,2026-09-19,0,1,0,1
https://rodenlaw.com/blog/why-car-crashes-happen-close-to-home-charleston/,2026-09-21,0,2,0,4.5
https://rodenlaw.com/blog/why-car-crashes-happen-close-to-home-charleston/,2026-09-22,0,1,0,7
https://rodenlaw.com/blog/why-car-crashes-happen-close-to-home-charleston/,2026-09-23,0,1,0,1
https://rodenlaw.com/blog/why-car-crashes-happen-close-to-home-charleston/,2026-09-24,0,3,0,3
https://rodenlaw.com/blog/why-car-crashes-happen-close-to-home-charleston/,2026-09-25,0,4,0,13.5
https://rodenlaw.com/blog/why-car-crashes-happen-close-to-home-charleston/,2026-09-26,0,1,0,43
https://rodenlaw.com/blog/why-car-crashes-happen-close-to-home-charleston/,2026-09-27,0,5,0,14.6
https://rodenlaw.com/blog/why-car-crashes-happen-close-to-home-charleston/,2026-09-28,0,3,0,4.33
https://rodenlaw.com/blog/why-car-crashes-happen-close-to-home-charleston/,2026-09-29,0,2,0,8
https://rodenlaw.com/blog/why-car-crashes-happen-close-to-home-charleston/,2026-09-30,0,5,0,16.8
https://rodenlaw.com/blog/why-car-crashes-happen-close-to-home-charleston/,2026-10-01,0,1,0,33
https://rodenlaw.com/blog/why-car-crashes-happen-close-to-home-charleston/,2026-10-02,0,2,0,41.5
https://rodenlaw.com/blog/why-car-crashes-happen-close-to-home-charleston/,2026-10-03,0,5,0,25.6
https://rodenlaw.com/blog/why-car-crashes-happen-close-to-home-charleston/,2026-10-04,0,4,0,6.5
https://rodenlaw.com/blog/why-driving-while-hungover-is-a-dangerous-savannah-crash-risk/,2026-09-20,0,1,0,7
https://rodenlaw.com/blog/why-driving-while-hungover-is-a-dangerous-savannah-crash-risk/,2026-09-25,0,1,0,9
https://rodenlaw.com/blog/why-driving-while-hungover-is-a-dangerous-savannah-crash-risk/,2026-09-26,0,1,0,11
https://rodenlaw.com/blog/why-driving-while-hungover-is-a-dangerous-savannah-crash-risk/,2026-09-27,0,1,0,6
https://rodenlaw.com/blog/why-driving-while-hungover-is-a-dangerous-savannah-crash-risk/,2026-09-30,0,1,0,10
https://rodenlaw.com/blog/why-driving-while-hungover-is-a-dangerous-savannah-crash-risk/,2026-10-04,0,1,0,11
https://rodenlaw.com/blog/why-driving-while-hungover-is-a-dangerous-savannah-crash-risk/,2026-10-05,0,1,0,3
https://rodenlaw.com/blog/why-get-black-box-data-after-truck-crash-savannah/,2026-09-17,0,1,0,69
https://rodenlaw.com/blog/why-get-black-box-data-after-truck-crash-savannah/,2026-09-18,0,1,0,82
https://rodenlaw.com/blog/why-get-black-box-data-after-truck-crash-savannah/,2026-09-22,0,1,0,25
https://rodenlaw.com/blog/why-get-black-box-data-after-truck-crash-savannah/,2026-09-23,0,2,0,60.5
https://rodenlaw.com/blog/why-get-black-box-data-after-truck-crash-savannah/,2026-09-27,0,1,0,14
https://rodenlaw.com/blog/why-get-black-box-data-after-truck-crash-savannah/,2026-09-29,0,1,0,12
https://rodenlaw.com/blog/why-get-black-box-data-after-truck-crash-savannah/,2026-10-01,0,7,0,14.29
https://rodenlaw.com/blog/why-get-black-box-data-after-truck-crash-savannah/,2026-10-03,0,2,0,9
https://rodenlaw.com/blog/why-injury-claims-may-be-delayed/,2026-09-16,0,2,0,10
https://rodenlaw.com/blog/why-injury-claims-may-be-delayed/,2026-09-17,0,3,0,4.33
https://rodenlaw.com/blog/why-injury-claims-may-be-delayed/,2026-09-18,0,1,0,29
https://rodenlaw.com/blog/why-injury-claims-may-be-delayed/,2026-09-19,0,1,0,43
https://rodenlaw.com/blog/why-injury-claims-may-be-delayed/,2026-09-20,0,2,0,6.5
https://rodenlaw.com/blog/why-injury-claims-may-be-delayed/,2026-09-29,0,3,0,56
https://rodenlaw.com/blog/why-injury-claims-may-be-delayed/,2026-10-01,0,1,0,9
https://rodenlaw.com/blog/why-mitigate-damages-after-a-car-crash/,2026-09-15,0,18,0,6.5
https://rodenlaw.com/blog/why-mitigate-damages-after-a-car-crash/,2026-09-16,0,16,0,6.19
https://rodenlaw.com/blog/why-mitigate-damages-after-a-car-crash/,2026-09-17,0,7,0,5.43
https://rodenlaw.com/blog/why-mitigate-damages-after-a-car-crash/,2026-09-18,0,14,0,5.07
https://rodenlaw.com/blog/why-mitigate-damages-after-a-car-crash/,2026-09-20,0,3,0,4
https://rodenlaw.com/blog/why-mitigate-damages-after-a-car-crash/,2026-09-22,0,8,0,4.12
https://rodenlaw.com/blog/why-mitigate-damages-after-a-car-crash/,2026-09-24,0,10,0,4.1
https://rodenlaw.com/blog/why-mitigate-damages-after-a-car-crash/,2026-09-25,0,7,0,5.14
https://rodenlaw.com/blog/why-mitigate-damages-after-a-car-crash/,2026-09-26,0,5,0,4.4
https://rodenlaw.com/blog/why-mitigate-damages-after-a-car-crash/,2026-09-27,0,3,0,8.33
https://rodenlaw.com/blog/why-mitigate-damages-after-a-car-crash/,2026-09-28,0,13,0,4.23
https://rodenlaw.com/blog/why-mitigate-damages-after-a-car-crash/,2026-09-30,0,9,0,4.44
https://rodenlaw.com/blog/why-mitigate-damages-after-a-car-crash/,2026-10-01,0,8,0,13.25
https://rodenlaw.com/blog/why-mitigate-damages-after-a-car-crash/,2026-10-02,0,16,0,8.31
https://rodenlaw.com/blog/why-mitigate-damages-after-a-car-crash/,2026-10-03,0,3,0,27.33
https://rodenlaw.com/blog/why-mitigate-damages-after-a-car-crash/,2026-10-04,0,6,0,3
https://rodenlaw.com/blog/why-mitigate-damages-after-a-car-crash/,2026-10-05,0,3,0,7
https://rodenlaw.com/blog/why-wont-a-personal-lawyer-take-my-case/,2026-09-15,0,17,0,12.88
https://rodenlaw.com/blog/why-wont-a-personal-lawyer-take-my-case/,2026-09-16,0,10,0,7.5
https://rodenlaw.com/blog/why-wont-a-personal-lawyer-take-my-case/,2026-09-17,0,10,0,7.4
https://rodenlaw.com/blog/why-wont-a-personal-lawyer-take-my-case/,2026-09-18,0,6,0,13
https://rodenlaw.com/blog/why-wont-a-personal-lawyer-take-my-case/,2026-09-19,0,7,0,6.71
https://rodenlaw.com/blog/why-wont-a-personal-lawyer-take-my-case/,2026-09-20,0,2,0,12.5
https://rodenlaw.com/blog/why-wont-a-personal-lawyer-take-my-case/,2026-09-21,0,4,0,8.5
https://rodenlaw.com/blog/why-wont-a-personal-lawyer-take-my-case/,2026-09-22,0,14,0,9.86
https://rodenlaw.com/blog/why-wont-a-personal-lawyer-take-my-case/,2026-09-23,0,6,0,6
https://rodenlaw.com/blog/why-wont-a-personal-lawyer-take-my-case/,2026-09-24,0,7,0,8
https://rodenlaw.com/blog/why-wont-a-personal-lawyer-take-my-case/,2026-09-26,0,1,0,39
https://rodenlaw.com/blog/why-wont-a-personal-lawyer-take-my-case/,2026-09-27,0,5,0,6.2
https://rodenlaw.com/blog/why-wont-a-personal-lawyer-take-my-case/,2026-09-28,0,8,0,25.25
https://rodenlaw.com/blog/why-wont-a-personal-lawyer-take-my-case/,2026-09-29,0,9,0,11.56
https://rodenlaw.com/blog/why-wont-a-personal-lawyer-take-my-case/,2026-09-30,0,4,0,9.25
https://rodenlaw.com/blog/why-wont-a-personal-lawyer-take-my-case/,2026-10-01,0,1,0,9
https://rodenlaw.com/blog/why-wont-a-personal-lawyer-take-my-case/,2026-10-02,0,4,0,10
https://rodenlaw.com/blog/why-wont-a-personal-lawyer-take-my-case/,2026-10-03,0,12,0,7.17
https://rodenlaw.com/blog/why-wont-a-personal-lawyer-take-my-case/,2026-10-04,0,5,0,9.4
https://rodenlaw.com/blog/why-wont-a-personal-lawyer-take-my-case/,2026-10-05,0,1,0,6
https://rodenlaw.com/blog/work-zone-car-accident-liability/,2026-09-25,0,1,0,11
https://rodenlaw.com/blog/work-zone-car-accident-liability/,2026-10-01,0,2,0,3.5
https://rodenlaw.com/blog/work-zone-car-accident-liability/,2026-10-02,0,1,0,1
https://rodenlaw.com/blog/workers-comp-benefits-georgia-taxable/,2026-09-15,0,7,0,42.86
https://rodenlaw.com/blog/workers-comp-benefits-georgia-taxable/,2026-09-16,0,7,0,78.14
https://rodenlaw.com/blog/workers-comp-benefits-georgia-taxable/,2026-09-17,0,11,0,13.45
https://rodenlaw.com/blog/workers-comp-benefits-georgia-taxable/,2026-09-18,0,3,0,26
https://rodenlaw.com/blog/workers-comp-benefits-georgia-taxable/,2026-09-20,0,2,0,8
https://rodenlaw.com/blog/workers-comp-benefits-georgia-taxable/,2026-09-21,0,7,0,8.86
https://rodenlaw.com/blog/workers-comp-benefits-georgia-taxable/,2026-09-22,0,8,0,5.75
https://rodenlaw.com/blog/workers-comp-benefits-georgia-taxable/,2026-09-23,0,12,0,6.67
https://rodenlaw.com/blog/workers-comp-benefits-georgia-taxable/,2026-09-24,0,8,0,12.38
https://rodenlaw.com/blog/workers-comp-benefits-georgia-taxable/,2026-09-25,0,2,0,9
https://rodenlaw.com/blog/workers-comp-benefits-georgia-taxable/,2026-09-26,0,5,0,5.6
https://rodenlaw.com/blog/workers-comp-benefits-georgia-taxable/,2026-09-27,0,2,0,9
https://rodenlaw.com/blog/workers-comp-benefits-georgia-taxable/,2026-09-28,0,8,0,10.5
https://rodenlaw.com/blog/workers-comp-benefits-georgia-taxable/,2026-09-29,0,25,0,36.48
https://rodenlaw.com/blog/workers-comp-benefits-georgia-taxable/,2026-09-30,0,15,0,22.8
https://rodenlaw.com/blog/workers-comp-benefits-georgia-taxable/,2026-10-01,0,1,0,8
https://rodenlaw.com/blog/workers-comp-benefits-georgia-taxable/,2026-10-02,0,7,0,27.14
https://rodenlaw.com/blog/workers-comp-benefits-georgia-taxable/,2026-10-03,0,5,0,22.2
https://rodenlaw.com/blog/workers-comp-benefits-georgia-taxable/,2026-10-04,0,5,0,18
https://rodenlaw.com/blog/workers-comp-for-carpal-tunnel-syndrome/,2026-09-15,0,10,0,8.2
https://rodenlaw.com/blog/workers-comp-for-carpal-tunnel-syndrome/,2026-09-16,0,7,0,3.86
https://rodenlaw.com/blog/workers-comp-for-carpal-tunnel-syndrome/,2026-09-17,0,5,0,13.4
https://rodenlaw.com/blog/workers-comp-for-carpal-tunnel-syndrome/,2026-09-19,0,3,0,31.33
https://rodenlaw.com/blog/workers-comp-for-carpal-tunnel-syndrome/,2026-09-20,0,5,0,12
https://rodenlaw.com/blog/workers-comp-for-carpal-tunnel-syndrome/,2026-09-21,0,7,0,20.29
https://rodenlaw.com/blog/workers-comp-for-carpal-tunnel-syndrome/,2026-09-22,0,6,0,12.67
https://rodenlaw.com/blog/workers-comp-for-carpal-tunnel-syndrome/,2026-09-24,0,4,0,26.5
https://rodenlaw.com/blog/workers-comp-for-carpal-tunnel-syndrome/,2026-09-25,0,1,0,4
https://rodenlaw.com/blog/workers-comp-for-carpal-tunnel-syndrome/,2026-09-26,0,4,0,2.25
https://rodenlaw.com/blog/workers-comp-for-carpal-tunnel-syndrome/,2026-09-28,0,8,0,5.38
https://rodenlaw.com/blog/workers-comp-for-carpal-tunnel-syndrome/,2026-09-29,0,6,0,5.83
https://rodenlaw.com/blog/workers-comp-for-carpal-tunnel-syndrome/,2026-09-30,0,3,0,4.33
https://rodenlaw.com/blog/workers-comp-for-carpal-tunnel-syndrome/,2026-10-01,0,1,0,12
https://rodenlaw.com/blog/workers-comp-for-carpal-tunnel-syndrome/,2026-10-02,0,3,0,4.67
https://rodenlaw.com/blog/workers-comp-for-carpal-tunnel-syndrome/,2026-10-03,0,1,0,36
https://rodenlaw.com/blog/workers-comp-for-carpal-tunnel-syndrome/,2026-10-04,0,1,0,10
https://rodenlaw.com/blog/workers-comp-for-carpal-tunnel-syndrome/,2026-10-05,0,2,0,4
https://rodenlaw.com/blog/workers-comp-for-carpal-tunnel-syndrome/#benefits-available,2026-09-15,0,1,0,2
https://rodenlaw.com/blog/workers-comp-for-carpal-tunnel-syndrome/#benefits-available,2026-09-16,0,3,0,3.33
https://rodenlaw.com/blog/workers-comp-for-carpal-tunnel-syndrome/#benefits-available,2026-09-20,0,4,0,3.5
https://rodenlaw.com/blog/workers-comp-for-carpal-tunnel-syndrome/#benefits-available,2026-09-21,0,2,0,2
https://rodenlaw.com/blog/workers-comp-for-carpal-tunnel-syndrome/#benefits-available,2026-09-22,0,1,0,10
https://rodenlaw.com/blog/workers-comp-for-carpal-tunnel-syndrome/#benefits-available,2026-09-23,0,1,0,2
https://rodenlaw.com/blog/workers-comp-for-carpal-tunnel-syndrome/#benefits-available,2026-09-26,0,1,0,5
https://rodenlaw.com/blog/workers-comp-for-carpal-tunnel-syndrome/#benefits-available,2026-09-27,0,1,0,4
https://rodenlaw.com/blog/workers-comp-for-carpal-tunnel-syndrome/#benefits-available,2026-09-28,0,3,0,6.67
https://rodenlaw.com/blog/workers-comp-for-carpal-tunnel-syndrome/#benefits-available,2026-09-29,0,2,0,6
https://rodenlaw.com/blog/workers-comp-for-carpal-tunnel-syndrome/#benefits-available,2026-09-30,0,1,0,4
https://rodenlaw.com/blog/workers-comp-for-carpal-tunnel-syndrome/#carpal-tunnel-workplace-injury,2026-09-15,0,1,0,2
https://rodenlaw.com/blog/workers-comp-for-carpal-tunnel-syndrome/#carpal-tunnel-workplace-injury,2026-09-16,0,3,0,3.33
https://rodenlaw.com/blog/workers-comp-for-carpal-tunnel-syndrome/#carpal-tunnel-workplace-injury,2026-09-20,0,4,0,3.5
https://rodenlaw.com/blog/workers-comp-for-carpal-tunnel-syndrome/#carpal-tunnel-workplace-injury,2026-09-21,0,2,0,2
https://rodenlaw.com/blog/workers-comp-for-carpal-tunnel-syndrome/#carpal-tunnel-workplace-injury,2026-09-22,0,1,0,10
https://rodenlaw.com/blog/workers-comp-for-carpal-tunnel-syndrome/#carpal-tunnel-workplace-injury,2026-09-23,0,1,0,2
https://rodenlaw.com/blog/workers-comp-for-carpal-tunnel-syndrome/#carpal-tunnel-workplace-injury,2026-09-26,0,1,0,5
https://rodenlaw.com/blog/workers-comp-for-carpal-tunnel-syndrome/#carpal-tunnel-workplace-injury,2026-09-27,0,1,0,4
https://rodenlaw.com/blog/workers-comp-for-carpal-tunnel-syndrome/#carpal-tunnel-workplace-injury,2026-09-28,0,3,0,6.67
https://rodenlaw.com/blog/workers-comp-for-carpal-tunnel-syndrome/#carpal-tunnel-workplace-injury,2026-09-29,0,2,0,6
https://rodenlaw.com/blog/workers-comp-for-carpal-tunnel-syndrome/#carpal-tunnel-workplace-injury,2026-09-30,0,1,0,4
https://rodenlaw.com/blog/workers-comp-for-carpal-tunnel-syndrome/#proving-work-related,2026-09-15,0,1,0,2
https://rodenlaw.com/blog/workers-comp-for-carpal-tunnel-syndrome/#proving-work-related,2026-09-16,0,3,0,3.33
https://rodenlaw.com/blog/workers-comp-for-carpal-tunnel-syndrome/#proving-work-related,2026-09-20,0,4,0,3.5
https://rodenlaw.com/blog/workers-comp-for-carpal-tunnel-syndrome/#proving-work-related,2026-09-21,0,2,0,2
https://rodenlaw.com/blog/workers-comp-for-carpal-tunnel-syndrome/#proving-work-related,2026-09-22,0,1,0,10
https://rodenlaw.com/blog/workers-comp-for-carpal-tunnel-syndrome/#proving-work-related,2026-09-23,0,1,0,2
https://rodenlaw.com/blog/workers-comp-for-carpal-tunnel-syndrome/#proving-work-related,2026-09-26,0,1,0,5
https://rodenlaw.com/blog/workers-comp-for-carpal-tunnel-syndrome/#proving-work-related,2026-09-27,0,1,0,4
https://rodenlaw.com/blog/workers-comp-for-carpal-tunnel-syndrome/#proving-work-related,2026-09-28,0,3,0,6.67
https://rodenlaw.com/blog/workers-comp-for-carpal-tunnel-syndrome/#proving-work-related,2026-09-29,0,2,0,6
https://rodenlaw.com/blog/workers-comp-for-carpal-tunnel-syndrome/#proving-work-related,2026-09-30,0,1,0,4
https://rodenlaw.com/blog/workers-comp-for-carpal-tunnel-syndrome/#what-is-carpal-tunnel,2026-09-15,0,1,0,2
https://rodenlaw.com/blog/workers-comp-for-carpal-tunnel-syndrome/#what-is-carpal-tunnel,2026-09-16,0,3,0,3.33
https://rodenlaw.com/blog/workers-comp-for-carpal-tunnel-syndrome/#what-is-carpal-tunnel,2026-09-20,0,4,0,3.5
https://rodenlaw.com/blog/workers-comp-for-carpal-tunnel-syndrome/#what-is-carpal-tunnel,2026-09-21,0,2,0,2
https://rodenlaw.com/blog/workers-comp-for-carpal-tunnel-syndrome/#what-is-carpal-tunnel,2026-09-22,0,1,0,10
https://rodenlaw.com/blog/workers-comp-for-carpal-tunnel-syndrome/#what-is-carpal-tunnel,2026-09-23,0,1,0,2
https://rodenlaw.com/blog/workers-comp-for-carpal-tunnel-syndrome/#what-is-carpal-tunnel,2026-09-26,0,1,0,5
https://rodenlaw.com/blog/workers-comp-for-carpal-tunnel-syndrome/#what-is-carpal-tunnel,2026-09-27,0,1,0,4
https://rodenlaw.com/blog/workers-comp-for-carpal-tunnel-syndrome/#what-is-carpal-tunnel,2026-09-28,0,3,0,6.67
https://rodenlaw.com/blog/workers-comp-for-carpal-tunnel-syndrome/#what-is-carpal-tunnel,2026-09-29,0,2,0,6
https://rodenlaw.com/blog/workers-comp-for-carpal-tunnel-syndrome/#what-is-carpal-tunnel,2026-09-30,0,1,0,4
https://rodenlaw.com/blog/workers-comp-for-skin-cancer/,2026-09-16,0,2,0,9
https://rodenlaw.com/blog/workers-comp-for-skin-cancer/,2026-09-17,0,2,0,9
https://rodenlaw.com/blog/workers-comp-for-skin-cancer/,2026-09-18,0,1,0,2
https://rodenlaw.com/blog/workers-comp-for-skin-cancer/,2026-09-19,0,1,0,2
https://rodenlaw.com/blog/workers-comp-for-skin-cancer/,2026-09-20,0,1,0,4
https://rodenlaw.com/blog/workers-comp-for-skin-cancer/,2026-09-21,0,2,0,7.5
https://rodenlaw.com/blog/workers-comp-for-skin-cancer/,2026-09-23,0,2,0,6.5
https://rodenlaw.com/blog/workers-comp-for-skin-cancer/,2026-09-24,0,2,0,4.5
https://rodenlaw.com/blog/workers-comp-for-skin-cancer/,2026-09-26,0,1,0,25
https://rodenlaw.com/blog/workers-comp-for-skin-cancer/,2026-09-27,0,3,0,18.67
https://rodenlaw.com/blog/workers-comp-for-skin-cancer/,2026-09-29,0,2,0,3
https://rodenlaw.com/blog/workers-comp-for-skin-cancer/,2026-09-30,0,2,0,23
https://rodenlaw.com/blog/workers-comp-for-skin-cancer/,2026-10-01,0,2,0,9
https://rodenlaw.com/blog/workers-comp-for-skin-cancer/,2026-10-02,0,2,0,10.5
https://rodenlaw.com/blog/workers-comp-for-skin-cancer/,2026-10-03,0,1,0,35
https://rodenlaw.com/blog/workers-comp-medical-coverage/,2026-09-15,0,39,0,12.59
https://rodenlaw.com/blog/workers-comp-medical-coverage/,2026-09-16,0,45,0,19.38
https://rodenlaw.com/blog/workers-comp-medical-coverage/,2026-09-17,0,29,0,7.34
https://rodenlaw.com/blog/workers-comp-medical-coverage/,2026-09-18,0,20,0,16.6
https://rodenlaw.com/blog/workers-comp-medical-coverage/,2026-09-19,0,12,0,17.75
https://rodenlaw.com/blog/workers-comp-medical-coverage/,2026-09-20,0,4,0,17.75
https://rodenlaw.com/blog/workers-comp-medical-coverage/,2026-09-21,0,24,0,11.83
https://rodenlaw.com/blog/workers-comp-medical-coverage/,2026-09-22,0,21,0,7.95
https://rodenlaw.com/blog/workers-comp-medical-coverage/,2026-09-23,0,35,0,14
https://rodenlaw.com/blog/workers-comp-medical-coverage/,2026-09-24,0,19,0,12.53
https://rodenlaw.com/blog/workers-comp-medical-coverage/,2026-09-25,0,33,0,10.97
https://rodenlaw.com/blog/workers-comp-medical-coverage/,2026-09-26,0,40,0,13.05
https://rodenlaw.com/blog/workers-comp-medical-coverage/,2026-09-27,0,34,0,9.41
https://rodenlaw.com/blog/workers-comp-medical-coverage/,2026-09-28,0,23,0,8.61
https://rodenlaw.com/blog/workers-comp-medical-coverage/,2026-09-29,0,29,0,13.52
https://rodenlaw.com/blog/workers-comp-medical-coverage/,2026-09-30,0,18,0,14.56
https://rodenlaw.com/blog/workers-comp-medical-coverage/,2026-10-01,0,7,0,26.57
https://rodenlaw.com/blog/workers-comp-medical-coverage/,2026-10-02,0,12,0,17.33
https://rodenlaw.com/blog/workers-comp-medical-coverage/,2026-10-03,0,20,0,18.25
https://rodenlaw.com/blog/workers-comp-medical-coverage/,2026-10-04,0,8,0,7.88
https://rodenlaw.com/blog/workers-comp-medical-coverage/,2026-10-05,0,3,0,6.67
https://rodenlaw.com/blog/workers-compensation-2017/,2026-09-25,0,1,0,16
https://rodenlaw.com/blog/workers-compensation-2017/,2026-10-01,0,2,0,12.5
https://rodenlaw.com/blog/workers-compensation-2017/,2026-10-03,0,1,0,8
https://rodenlaw.com/blog/workers-compensation-car-accident/,2026-09-18,0,1,0,81
https://rodenlaw.com/blog/workers-compensation-car-accident/,2026-09-23,0,1,0,83
https://rodenlaw.com/blog/workers-compensation-car-accident/,2026-09-25,0,1,0,39
https://rodenlaw.com/blog/workers-compensation-car-accident/,2026-09-26,0,2,0,7
https://rodenlaw.com/blog/workers-compensation-car-accident/,2026-09-28,0,1,0,4
https://rodenlaw.com/blog/workers-compensation-car-accident/,2026-09-29,0,2,0,81.5
https://rodenlaw.com/blog/workers-compensation-car-accident/,2026-09-30,0,1,0,4
https://rodenlaw.com/blog/workers-compensation-car-accident/,2026-10-01,0,1,0,97
https://rodenlaw.com/blog/workers-compensation-claim-process-georgia/,2026-09-15,0,4,0,74.75
https://rodenlaw.com/blog/workers-compensation-claim-process-georgia/,2026-09-16,0,3,0,92.67
https://rodenlaw.com/blog/workers-compensation-claim-process-georgia/,2026-09-18,0,4,0,88.75
https://rodenlaw.com/blog/workers-compensation-claim-process-georgia/,2026-09-19,0,6,0,48.33
https://rodenlaw.com/blog/workers-compensation-claim-process-georgia/,2026-09-20,0,4,0,65.5
https://rodenlaw.com/blog/workers-compensation-claim-process-georgia/,2026-09-21,0,6,0,67
https://rodenlaw.com/blog/workers-compensation-claim-process-georgia/,2026-09-22,0,7,0,83.29
https://rodenlaw.com/blog/workers-compensation-claim-process-georgia/,2026-09-23,0,6,0,73.5
https://rodenlaw.com/blog/workers-compensation-claim-process-georgia/,2026-09-24,0,7,0,73
https://rodenlaw.com/blog/workers-compensation-claim-process-georgia/,2026-09-25,0,4,0,68.75
https://rodenlaw.com/blog/workers-compensation-claim-process-georgia/,2026-09-26,0,9,0,77.22
https://rodenlaw.com/blog/workers-compensation-claim-process-georgia/,2026-09-27,0,8,0,57.62
https://rodenlaw.com/blog/workers-compensation-claim-process-georgia/,2026-09-28,0,6,0,42.17
https://rodenlaw.com/blog/workers-compensation-claim-process-georgia/,2026-09-29,0,7,0,37.86
https://rodenlaw.com/blog/workers-compensation-claim-process-georgia/,2026-09-30,0,4,0,41
https://rodenlaw.com/blog/workers-compensation-claim-process-georgia/,2026-10-01,0,7,0,45
https://rodenlaw.com/blog/workers-compensation-claim-process-georgia/,2026-10-02,0,1,0,20
https://rodenlaw.com/blog/workers-compensation-claim-process-georgia/,2026-10-03,0,38,0,55.97
https://rodenlaw.com/blog/workers-compensation-claim-process-georgia/,2026-10-04,0,22,0,58
https://rodenlaw.com/blog/workers-compensation-claim-process-georgia/,2026-10-05,0,27,0,51.67
https://rodenlaw.com/blog/yamacraw-village-pedestrian-accident-lawyer/,2026-09-22,0,1,0,11
https://rodenlaw.com/blog/yamacraw-village-pedestrian-accident-lawyer/,2026-09-24,0,4,0,11.25
https://rodenlaw.com/blog/yamacraw-village-pedestrian-accident-lawyer/,2026-09-25,0,5,0,9.8
https://rodenlaw.com/blog/yamacraw-village-pedestrian-accident-lawyer/,2026-09-26,0,7,0,8.43
https://rodenlaw.com/blog/yamacraw-village-pedestrian-accident-lawyer/,2026-09-27,0,13,0,17.92
https://rodenlaw.com/blog/yamacraw-village-pedestrian-accident-lawyer/,2026-09-28,0,27,0,11.52
https://rodenlaw.com/blog/yamacraw-village-pedestrian-accident-lawyer/,2026-09-29,0,6,0,23.17
https://rodenlaw.com/blog/yamacraw-village-pedestrian-accident-lawyer/,2026-09-30,0,12,0,12.17
https://rodenlaw.com/blog/yamacraw-village-pedestrian-accident-lawyer/,2026-10-01,0,2,0,76.5
https://rodenlaw.com/blog/yamacraw-village-pedestrian-accident-lawyer/,2026-10-02,0,3,0,30.33
https://rodenlaw.com/blog/yamacraw-village-pedestrian-accident-lawyer/,2026-10-04,0,2,0,6.5
https://rodenlaw.com/blog/your-guide-to-documenting-a-james-island-parkway-car-accident/,2026-09-17,0,2,0,4
https://rodenlaw.com/blog/your-guide-to-documenting-a-james-island-parkway-car-accident/,2026-09-23,0,1,0,11
https://rodenlaw.com/blog/your-guide-to-documenting-a-james-island-parkway-car-accident/,2026-09-25,0,6,0,6.17
https://rodenlaw.com/blog/your-guide-to-documenting-a-james-island-parkway-car-accident/,2026-09-29,0,1,0,81
https://rodenlaw.com/blog/your-guide-to-documenting-a-james-island-parkway-car-accident/,2026-10-02,0,1,0,28
https://rodenlaw.com/blog/your-guide-to-recovering-lost-wages-after-a-charleston-car-accident/,2026-09-15,0,2,0,6
https://rodenlaw.com/blog/your-guide-to-recovering-lost-wages-after-a-charleston-car-accident/,2026-09-17,0,1,0,6
https://rodenlaw.com/blog/your-guide-to-recovering-lost-wages-after-a-charleston-car-accident/,2026-09-18,0,1,0,6
https://rodenlaw.com/blog/your-guide-to-recovering-lost-wages-after-a-charleston-car-accident/,2026-09-19,0,2,0,7.5
https://rodenlaw.com/blog/your-guide-to-recovering-lost-wages-after-a-charleston-car-accident/,2026-09-20,0,1,0,6
https://rodenlaw.com/blog/your-guide-to-recovering-lost-wages-after-a-charleston-car-accident/,2026-09-22,0,2,0,6
https://rodenlaw.com/blog/your-guide-to-recovering-lost-wages-after-a-charleston-car-accident/,2026-09-24,0,1,0,6
https://rodenlaw.com/blog/your-guide-to-recovering-lost-wages-after-a-charleston-car-accident/,2026-09-28,0,3,0,10.67
https://rodenlaw.com/blog/your-guide-to-recovering-lost-wages-after-a-charleston-car-accident/,2026-10-02,0,1,0,7
https://rodenlaw.com/es/blog/,2026-09-24,0,2,0,9.5
https://rodenlaw.com/es/blog/,2026-09-28,0,1,0,8
https://rodenlaw.com/es/blog/,2026-10-01,0,1,0,6
https://rodenlaw.com/es/blog/,2026-10-04,0,1,0,9
https://rodenlaw.com/es/blog/brunswick-ocean-highway-us-17-underinsured-motorist-lawyer-glynn-county/,2026-09-17,0,1,0,20
https://rodenlaw.com/es/blog/brunswick-ocean-highway-us-17-underinsured-motorist-lawyer-glynn-county/,2026-09-18,0,1,0,31
https://rodenlaw.com/es/blog/brunswick-ocean-highway-us-17-underinsured-motorist-lawyer-glynn-county/,2026-09-20,0,1,0,17
https://rodenlaw.com/es/blog/brunswick-ocean-highway-us-17-underinsured-motorist-lawyer-glynn-county/,2026-09-21,0,1,0,23
https://rodenlaw.com/es/blog/brunswick-ocean-highway-us-17-underinsured-motorist-lawyer-glynn-county/,2026-09-22,0,1,0,27
https://rodenlaw.com/es/blog/brunswick-ocean-highway-us-17-underinsured-motorist-lawyer-glynn-county/,2026-09-24,0,2,0,36.5
https://rodenlaw.com/es/blog/brunswick-ocean-highway-us-17-underinsured-motorist-lawyer-glynn-county/,2026-09-25,0,6,0,32.67
https://rodenlaw.com/es/blog/brunswick-ocean-highway-us-17-underinsured-motorist-lawyer-glynn-county/,2026-09-27,0,2,0,23
https://rodenlaw.com/es/blog/brunswick-ocean-highway-us-17-underinsured-motorist-lawyer-glynn-county/,2026-09-29,0,1,0,36
https://rodenlaw.com/es/blog/brunswick-ocean-highway-us-17-underinsured-motorist-lawyer-glynn-county/,2026-10-01,0,1,0,21
https://rodenlaw.com/es/blog/can-you-sue-hipaa-violation/,2026-09-16,0,1,0,11
https://rodenlaw.com/es/blog/can-you-sue-hipaa-violation/,2026-09-19,0,1,0,10
https://rodenlaw.com/es/blog/can-you-sue-hipaa-violation/,2026-09-26,0,2,0,4
https://rodenlaw.com/es/blog/can-you-sue-hipaa-violation/,2026-10-01,0,1,0,50
https://rodenlaw.com/es/blog/cayce-12th-street-uninsured-motorist-lawyer/,2026-09-25,0,1,0,14
https://rodenlaw.com/es/blog/cayce-12th-street-uninsured-motorist-lawyer/,2026-09-28,0,1,0,12
https://rodenlaw.com/es/blog/cayce-12th-street-uninsured-motorist-lawyer/,2026-10-02,0,1,0,20
https://rodenlaw.com/es/blog/chicora-cherokee-carner-avenue-us-52-car-accident-attorney-north-charleston/,2026-09-28,0,1,0,19
https://rodenlaw.com/es/blog/dick-pond-road-sc-544-truck-accident-lawyer-surfside-beach/,2026-09-22,0,2,0,1
https://rodenlaw.com/es/blog/dick-pond-road-sc-544-truck-accident-lawyer-surfside-beach/,2026-09-24,0,3,0,15.67
https://rodenlaw.com/es/blog/dick-pond-road-sc-544-truck-accident-lawyer-surfside-beach/,2026-09-25,0,1,0,13
https://rodenlaw.com/es/blog/dick-pond-road-sc-544-truck-accident-lawyer-surfside-beach/,2026-09-26,0,1,0,48
https://rodenlaw.com/es/blog/dick-pond-road-sc-544-truck-accident-lawyer-surfside-beach/,2026-09-28,0,1,0,27
https://rodenlaw.com/es/blog/dick-pond-road-sc-544-truck-accident-lawyer-surfside-beach/,2026-09-30,0,3,0,36.67
https://rodenlaw.com/es/blog/dick-pond-road-sc-544-truck-accident-lawyer-surfside-beach/,2026-10-02,0,3,0,20.67
https://rodenlaw.com/es/blog/dick-pond-road-sc-544-truck-accident-lawyer-surfside-beach/,2026-10-03,0,1,0,19
https://rodenlaw.com/es/blog/east-bay-street-savannah-pedestrian-accident-lawyer/,2026-09-28,0,1,0,4
https://rodenlaw.com/es/blog/east-bay-street-savannah-pedestrian-accident-lawyer/,2026-10-01,0,2,0,16.5
https://rodenlaw.com/es/blog/eastern-wharf-harbor-street-electric-scooter-accident-lawyer/,2026-09-15,0,2,0,1.5
https://rodenlaw.com/es/blog/eastern-wharf-harbor-street-electric-scooter-accident-lawyer/,2026-09-24,0,2,0,36.5
https://rodenlaw.com/es/blog/eastern-wharf-harbor-street-electric-scooter-accident-lawyer/,2026-09-25,0,2,0,16
https://rodenlaw.com/es/blog/eastern-wharf-harbor-street-electric-scooter-accident-lawyer/,2026-09-26,0,1,0,19
https://rodenlaw.com/es/blog/eastern-wharf-harbor-street-electric-scooter-accident-lawyer/,2026-09-27,0,1,0,16
https://rodenlaw.com/es/blog/eastern-wharf-harbor-street-electric-scooter-accident-lawyer/,2026-09-28,0,1,0,17
https://rodenlaw.com/es/blog/eastern-wharf-harbor-street-electric-scooter-accident-lawyer/,2026-09-30,0,1,0,18
https://rodenlaw.com/es/blog/eastern-wharf-harbor-street-electric-scooter-accident-lawyer/,2026-10-01,0,7,0,15.86
https://rodenlaw.com/es/blog/eastern-wharf-harbor-street-electric-scooter-accident-lawyer/,2026-10-05,0,1,0,7
https://rodenlaw.com/es/blog/eulonia-us-17-ocean-highway-rideshare-uber-accident-lawyer-mcintosh-county/,2026-09-24,0,1,0,5
https://rodenlaw.com/es/blog/garden-city-ga-21-augusta-road-car-accident-lawyer/,2026-09-23,0,1,0,4
https://rodenlaw.com/es/blog/garden-city-ga-21-augusta-road-car-accident-lawyer/,2026-09-24,0,2,0,12
https://rodenlaw.com/es/blog/garden-city-ga-21-augusta-road-car-accident-lawyer/,2026-09-25,0,1,0,10
https://rodenlaw.com/es/blog/garden-city-ga-21-augusta-road-car-accident-lawyer/,2026-09-26,0,3,0,11.67
https://rodenlaw.com/es/blog/garden-city-ga-21-augusta-road-car-accident-lawyer/,2026-09-27,0,2,0,11
https://rodenlaw.com/es/blog/garden-city-ga-21-augusta-road-car-accident-lawyer/,2026-09-28,0,1,0,11
https://rodenlaw.com/es/blog/garden-city-ga-21-augusta-road-car-accident-lawyer/,2026-09-29,0,3,0,11.33
https://rodenlaw.com/es/blog/garden-city-ga-21-augusta-road-car-accident-lawyer/,2026-09-30,0,3,0,13
https://rodenlaw.com/es/blog/green-grove-mark-clark-expressway-uninsured-motorist-lawyer-north-charleston/,2026-09-24,0,2,0,15.5
https://rodenlaw.com/es/blog/green-grove-mark-clark-expressway-uninsured-motorist-lawyer-north-charleston/,2026-09-25,0,3,0,9.67
https://rodenlaw.com/es/blog/green-grove-mark-clark-expressway-uninsured-motorist-lawyer-north-charleston/,2026-09-26,0,1,0,9
https://rodenlaw.com/es/blog/green-grove-mark-clark-expressway-uninsured-motorist-lawyer-north-charleston/,2026-09-27,0,3,0,9.33
https://rodenlaw.com/es/blog/green-grove-mark-clark-expressway-uninsured-motorist-lawyer-north-charleston/,2026-09-28,0,3,0,12
https://rodenlaw.com/es/blog/green-grove-mark-clark-expressway-uninsured-motorist-lawyer-north-charleston/,2026-09-29,0,4,0,10
https://rodenlaw.com/es/blog/green-grove-mark-clark-expressway-uninsured-motorist-lawyer-north-charleston/,2026-09-30,0,3,0,10.33
https://rodenlaw.com/es/blog/green-grove-mark-clark-expressway-uninsured-motorist-lawyer-north-charleston/,2026-10-02,0,1,0,11
https://rodenlaw.com/es/blog/green-grove-mark-clark-expressway-uninsured-motorist-lawyer-north-charleston/,2026-10-03,0,2,0,11
https://rodenlaw.com/es/blog/green-grove-mark-clark-expressway-uninsured-motorist-lawyer-north-charleston/,2026-10-04,0,1,0,11
https://rodenlaw.com/es/blog/i-20-bush-river-road-motorcycle-accident-lawyer-columbia/,2026-09-24,0,2,0,10
https://rodenlaw.com/es/blog/i-20-bush-river-road-motorcycle-accident-lawyer-columbia/,2026-09-25,0,1,0,11
https://rodenlaw.com/es/blog/i-20-bush-river-road-motorcycle-accident-lawyer-columbia/,2026-09-26,0,9,0,15.11
https://rodenlaw.com/es/blog/i-20-bush-river-road-motorcycle-accident-lawyer-columbia/,2026-09-27,0,3,0,12.33
https://rodenlaw.com/es/blog/i-20-bush-river-road-motorcycle-accident-lawyer-columbia/,2026-09-28,0,4,0,9.5
https://rodenlaw.com/es/blog/i-20-bush-river-road-motorcycle-accident-lawyer-columbia/,2026-09-29,0,4,0,9.5
https://rodenlaw.com/es/blog/i-20-bush-river-road-motorcycle-accident-lawyer-columbia/,2026-09-30,0,3,0,8.33
https://rodenlaw.com/es/blog/i-20-bush-river-road-motorcycle-accident-lawyer-columbia/,2026-10-02,0,2,0,8.5
https://rodenlaw.com/es/blog/is-hipaa-violation-medical-malpractice/,2026-09-15,0,8,0,7.5
https://rodenlaw.com/es/blog/is-hipaa-violation-medical-malpractice/,2026-09-16,0,3,0,4.33
https://rodenlaw.com/es/blog/is-hipaa-violation-medical-malpractice/,2026-09-17,0,6,0,5.5
https://rodenlaw.com/es/blog/is-hipaa-violation-medical-malpractice/,2026-09-18,0,10,0,8.7
https://rodenlaw.com/es/blog/is-hipaa-violation-medical-malpractice/,2026-09-20,0,6,0,8.17
https://rodenlaw.com/es/blog/is-hipaa-violation-medical-malpractice/,2026-09-22,0,17,0,6.24
https://rodenlaw.com/es/blog/is-hipaa-violation-medical-malpractice/,2026-09-23,0,14,0,7.21
https://rodenlaw.com/es/blog/is-hipaa-violation-medical-malpractice/,2026-09-24,0,19,0,8.11
https://rodenlaw.com/es/blog/is-hipaa-violation-medical-malpractice/,2026-09-26,0,17,0,9.35
https://rodenlaw.com/es/blog/is-hipaa-violation-medical-malpractice/,2026-09-27,0,8,0,15.38
https://rodenlaw.com/es/blog/is-hipaa-violation-medical-malpractice/,2026-09-28,0,18,0,6.44
https://rodenlaw.com/es/blog/is-hipaa-violation-medical-malpractice/,2026-09-29,0,31,0,4.84
https://rodenlaw.com/es/blog/is-hipaa-violation-medical-malpractice/,2026-09-30,0,12,0,6
https://rodenlaw.com/es/blog/is-hipaa-violation-medical-malpractice/,2026-10-01,0,16,0,6.62
https://rodenlaw.com/es/blog/is-hipaa-violation-medical-malpractice/,2026-10-02,0,10,0,5.5
https://rodenlaw.com/es/blog/is-hipaa-violation-medical-malpractice/,2026-10-03,0,7,0,11.57
https://rodenlaw.com/es/blog/is-hipaa-violation-medical-malpractice/,2026-10-04,0,5,0,11.4
https://rodenlaw.com/es/blog/is-hipaa-violation-medical-malpractice/,2026-10-05,0,4,0,10
https://rodenlaw.com/es/blog/kemira-plant-drive-savannah-fatal-truck-accident-lawyer/,2026-09-18,0,1,0,35
https://rodenlaw.com/es/blog/kemira-plant-drive-savannah-fatal-truck-accident-lawyer/,2026-09-22,0,1,0,37
https://rodenlaw.com/es/blog/kemira-plant-drive-savannah-fatal-truck-accident-lawyer/,2026-09-23,0,2,0,40.5
https://rodenlaw.com/es/blog/kemira-plant-drive-savannah-fatal-truck-accident-lawyer/,2026-09-24,0,1,0,44
https://rodenlaw.com/es/blog/kemira-plant-drive-savannah-fatal-truck-accident-lawyer/,2026-09-25,0,1,0,48
https://rodenlaw.com/es/blog/kemira-plant-drive-savannah-fatal-truck-accident-lawyer/,2026-09-28,0,3,0,6
https://rodenlaw.com/es/blog/litchfield-pawleys-island-golf-cart-accident-lawyer-georgetown-county/,2026-09-28,0,1,0,30
https://rodenlaw.com/es/blog/litchfield-pawleys-island-golf-cart-accident-lawyer-georgetown-county/,2026-09-29,0,1,0,64
https://rodenlaw.com/es/blog/litchfield-pawleys-island-golf-cart-accident-lawyer-georgetown-county/,2026-10-01,0,2,0,22
https://rodenlaw.com/es/blog/litchfield-pawleys-island-golf-cart-accident-lawyer-georgetown-county/,2026-10-02,0,1,0,7
https://rodenlaw.com/es/blog/mount-pleasant-johnnie-dodds-us-17-uninsured-motorist-lawyer/,2026-09-24,0,4,0,9.25
https://rodenlaw.com/es/blog/mount-pleasant-johnnie-dodds-us-17-uninsured-motorist-lawyer/,2026-09-27,0,2,0,43.5
https://rodenlaw.com/es/blog/mount-pleasant-johnnie-dodds-us-17-uninsured-motorist-lawyer/,2026-09-28,0,4,0,9.25
https://rodenlaw.com/es/blog/mount-pleasant-johnnie-dodds-us-17-uninsured-motorist-lawyer/,2026-09-29,0,5,0,59.6
https://rodenlaw.com/es/blog/mount-pleasant-johnnie-dodds-us-17-uninsured-motorist-lawyer/,2026-09-30,0,5,0,9.6
https://rodenlaw.com/es/blog/mount-pleasant-johnnie-dodds-us-17-uninsured-motorist-lawyer/,2026-10-03,0,1,0,11
https://rodenlaw.com/es/blog/mount-pleasant-mark-clark-expressway-i-526-motorcycle-accident-lawyer/,2026-09-25,0,2,0,43
https://rodenlaw.com/es/blog/mount-pleasant-mark-clark-expressway-i-526-motorcycle-accident-lawyer/,2026-09-26,0,3,0,6.67
https://rodenlaw.com/es/blog/mount-pleasant-mark-clark-expressway-i-526-motorcycle-accident-lawyer/,2026-09-30,0,1,0,17
https://rodenlaw.com/es/blog/mount-pleasant-mark-clark-expressway-i-526-motorcycle-accident-lawyer/,2026-10-04,0,1,0,14
https://rodenlaw.com/es/blog/murrells-inlet-jet-ski-accident-lawyer/,2026-09-16,0,2,0,12.5
https://rodenlaw.com/es/blog/murrells-inlet-jet-ski-accident-lawyer/,2026-09-17,0,5,0,12
https://rodenlaw.com/es/blog/murrells-inlet-jet-ski-accident-lawyer/,2026-09-23,0,1,0,9
https://rodenlaw.com/es/blog/murrells-inlet-jet-ski-accident-lawyer/,2026-09-24,0,2,0,11.5
https://rodenlaw.com/es/blog/murrells-inlet-jet-ski-accident-lawyer/,2026-09-26,0,1,0,10
https://rodenlaw.com/es/blog/murrells-inlet-jet-ski-accident-lawyer/,2026-09-29,0,2,0,21.5
https://rodenlaw.com/es/blog/murrells-inlet-jet-ski-accident-lawyer/,2026-10-01,0,1,0,11
https://rodenlaw.com/es/blog/n-lake-drive-dick-pond-road-sc-544-underinsured-motorist-lawyer/,2026-09-18,0,1,0,11
https://rodenlaw.com/es/blog/n-lake-drive-dick-pond-road-sc-544-underinsured-motorist-lawyer/,2026-09-21,0,3,0,5
https://rodenlaw.com/es/blog/n-lake-drive-dick-pond-road-sc-544-underinsured-motorist-lawyer/,2026-09-24,0,2,0,3
https://rodenlaw.com/es/blog/n-lake-drive-dick-pond-road-sc-544-underinsured-motorist-lawyer/,2026-09-25,0,3,0,11.67
https://rodenlaw.com/es/blog/n-lake-drive-dick-pond-road-sc-544-underinsured-motorist-lawyer/,2026-09-26,0,9,0,18
https://rodenlaw.com/es/blog/n-lake-drive-dick-pond-road-sc-544-underinsured-motorist-lawyer/,2026-09-28,0,7,0,28.29
https://rodenlaw.com/es/blog/n-lake-drive-dick-pond-road-sc-544-underinsured-motorist-lawyer/,2026-09-29,0,1,0,5
https://rodenlaw.com/es/blog/n-lake-drive-dick-pond-road-sc-544-underinsured-motorist-lawyer/,2026-09-30,0,9,0,15.89
https://rodenlaw.com/es/blog/n-lake-drive-dick-pond-road-sc-544-underinsured-motorist-lawyer/,2026-10-02,0,2,0,23
https://rodenlaw.com/es/blog/n-lake-drive-dick-pond-road-sc-544-underinsured-motorist-lawyer/,2026-10-03,0,3,0,19
https://rodenlaw.com/es/blog/n-lake-drive-dick-pond-road-sc-544-underinsured-motorist-lawyer/,2026-10-04,0,1,0,5
https://rodenlaw.com/es/blog/n-lake-drive-us-17-business-best-car-accident-lawyer/,2026-09-25,0,5,0,14.6
https://rodenlaw.com/es/blog/n-lake-drive-us-17-business-best-car-accident-lawyer/,2026-09-26,0,5,0,10.4
https://rodenlaw.com/es/blog/n-lake-drive-us-17-business-best-car-accident-lawyer/,2026-09-27,0,4,0,14.25
https://rodenlaw.com/es/blog/n-lake-drive-us-17-business-best-car-accident-lawyer/,2026-09-28,0,10,0,18
https://rodenlaw.com/es/blog/n-lake-drive-us-17-business-best-car-accident-lawyer/,2026-09-29,0,4,0,9.75
https://rodenlaw.com/es/blog/n-lake-drive-us-17-business-best-car-accident-lawyer/,2026-09-30,0,13,0,14.85
https://rodenlaw.com/es/blog/n-lake-drive-us-17-business-best-car-accident-lawyer/,2026-10-03,0,1,0,18
https://rodenlaw.com/es/blog/n-lake-drive-us-17-business-best-car-accident-lawyer/,2026-10-04,0,1,0,8
https://rodenlaw.com/es/blog/rivers-avenue-northwoods-bus-accident-lawyer-north-charleston/,2026-09-25,0,3,0,11
https://rodenlaw.com/es/blog/rivers-avenue-northwoods-bus-accident-lawyer-north-charleston/,2026-09-26,0,2,0,11.5
https://rodenlaw.com/es/blog/rivers-avenue-northwoods-bus-accident-lawyer-north-charleston/,2026-09-27,0,3,0,9.67
https://rodenlaw.com/es/blog/rivers-avenue-northwoods-bus-accident-lawyer-north-charleston/,2026-09-28,0,6,0,9.33
https://rodenlaw.com/es/blog/rivers-avenue-northwoods-bus-accident-lawyer-north-charleston/,2026-09-29,0,1,0,12
https://rodenlaw.com/es/blog/rivers-avenue-northwoods-bus-accident-lawyer-north-charleston/,2026-09-30,0,4,0,11.25
https://rodenlaw.com/es/blog/rivers-avenue-northwoods-bus-accident-lawyer-north-charleston/,2026-10-04,0,2,0,21
https://rodenlaw.com/es/blog/rivers-avenue-northwoods-bus-accident-lawyer-north-charleston/,2026-10-05,0,1,0,6
https://rodenlaw.com/es/blog/southover-mills-b-lane-motorcycle-accident-lawyer/,2026-09-24,0,1,0,26
https://rodenlaw.com/es/blog/southover-mills-b-lane-motorcycle-accident-lawyer/,2026-09-25,0,1,0,11
https://rodenlaw.com/es/blog/southover-mills-b-lane-motorcycle-accident-lawyer/,2026-09-26,0,1,0,39
https://rodenlaw.com/es/blog/southover-mills-b-lane-motorcycle-accident-lawyer/,2026-09-30,0,2,0,12
https://rodenlaw.com/es/blog/st-andrews-road-widewater-18-wheeler-accident-lawyer-richland-county/,2026-09-25,0,1,0,11
https://rodenlaw.com/es/blog/st-andrews-road-widewater-18-wheeler-accident-lawyer-richland-county/,2026-09-27,0,1,0,10
https://rodenlaw.com/es/blog/st-andrews-road-widewater-18-wheeler-accident-lawyer-richland-county/,2026-10-04,0,1,0,12
https://rodenlaw.com/es/blog/st-andrews-road-widewater-18-wheeler-accident-lawyer-richland-county/,2026-10-05,0,2,0,9
https://rodenlaw.com/es/blog/st-simons-island-kings-way-motorcycle-accident-lawyer/,2026-09-24,0,2,0,7
https://rodenlaw.com/es/blog/st-simons-island-kings-way-motorcycle-accident-lawyer/,2026-09-25,0,14,0,13.93
https://rodenlaw.com/es/blog/st-simons-island-kings-way-motorcycle-accident-lawyer/,2026-09-26,0,5,0,11.2
https://rodenlaw.com/es/blog/st-simons-island-kings-way-motorcycle-accident-lawyer/,2026-09-27,0,5,0,11
https://rodenlaw.com/es/blog/st-simons-island-kings-way-motorcycle-accident-lawyer/,2026-09-28,0,5,0,13.4
https://rodenlaw.com/es/blog/st-simons-island-kings-way-motorcycle-accident-lawyer/,2026-09-29,0,2,0,17.5
https://rodenlaw.com/es/blog/summerville-i-26-18-wheeler-accident-lawyer-dorchester-county/,2026-09-22,0,1,0,27
https://rodenlaw.com/es/blog/summerville-i-26-18-wheeler-accident-lawyer-dorchester-county/,2026-09-24,0,1,0,12
https://rodenlaw.com/es/blog/tenmile-i-26-best-car-accident-lawyer-north-charleston/,2026-09-23,0,1,0,9
https://rodenlaw.com/es/blog/tenmile-i-26-best-car-accident-lawyer-north-charleston/,2026-09-24,0,1,0,10
https://rodenlaw.com/es/blog/tenmile-i-26-best-car-accident-lawyer-north-charleston/,2026-09-25,0,3,0,9.33
https://rodenlaw.com/es/blog/tenmile-i-26-best-car-accident-lawyer-north-charleston/,2026-09-26,0,4,0,10
https://rodenlaw.com/es/blog/tenmile-i-26-best-car-accident-lawyer-north-charleston/,2026-09-27,0,3,0,10.33
https://rodenlaw.com/es/blog/tenmile-i-26-best-car-accident-lawyer-north-charleston/,2026-09-28,0,3,0,10
https://rodenlaw.com/es/blog/tenmile-i-26-best-car-accident-lawyer-north-charleston/,2026-09-29,0,5,0,27.4
https://rodenlaw.com/es/blog/tenmile-i-26-best-car-accident-lawyer-north-charleston/,2026-09-30,0,4,0,10.25
https://rodenlaw.com/es/blog/tenmile-i-26-best-car-accident-lawyer-north-charleston/,2026-10-02,0,1,0,16
https://rodenlaw.com/es/blog/tenmile-i-26-best-car-accident-lawyer-north-charleston/,2026-10-03,0,2,0,14
https://rodenlaw.com/es/blog/wando-gardens-faber-place-drive-best-car-accident-lawyer-north-charleston/,2026-09-15,0,1,0,50
https://rodenlaw.com/es/blog/wando-gardens-faber-place-drive-best-car-accident-lawyer-north-charleston/,2026-09-16,0,1,0,1
https://rodenlaw.com/es/blog/wando-gardens-faber-place-drive-best-car-accident-lawyer-north-charleston/,2026-09-19,0,1,0,46
https://rodenlaw.com/es/blog/wando-gardens-faber-place-drive-best-car-accident-lawyer-north-charleston/,2026-09-22,0,1,0,10
https://rodenlaw.com/es/blog/wando-gardens-faber-place-drive-best-car-accident-lawyer-north-charleston/,2026-09-24,0,2,0,19
https://rodenlaw.com/es/blog/wando-gardens-faber-place-drive-best-car-accident-lawyer-north-charleston/,2026-09-25,0,11,0,9.64
https://rodenlaw.com/es/blog/wando-gardens-faber-place-drive-best-car-accident-lawyer-north-charleston/,2026-09-26,0,4,0,8
https://rodenlaw.com/es/blog/wando-gardens-faber-place-drive-best-car-accident-lawyer-north-charleston/,2026-09-27,0,7,0,3
https://rodenlaw.com/es/blog/wando-gardens-faber-place-drive-best-car-accident-lawyer-north-charleston/,2026-09-28,0,15,0,10.6
https://rodenlaw.com/es/blog/wando-gardens-faber-place-drive-best-car-accident-lawyer-north-charleston/,2026-09-29,0,12,0,6.42
https://rodenlaw.com/es/blog/wando-gardens-faber-place-drive-best-car-accident-lawyer-north-charleston/,2026-09-30,0,15,0,11.67
https://rodenlaw.com/es/blog/wando-gardens-faber-place-drive-best-car-accident-lawyer-north-charleston/,2026-10-02,0,5,0,7.2
https://rodenlaw.com/es/blog/wando-gardens-faber-place-drive-best-car-accident-lawyer-north-charleston/,2026-10-03,0,7,0,6.43
https://rodenlaw.com/es/blog/wando-gardens-faber-place-drive-best-car-accident-lawyer-north-charleston/,2026-10-04,0,1,0,3
https://rodenlaw.com/es/blog/wando-gardens-faber-place-drive-best-car-accident-lawyer-north-charleston/,2026-10-05,0,6,0,6.33
