page,device,clicks,impressions,ctr,position
https://rodenlaw.com/blog/value-of-pain-and-suffering/,MOBILE,687,48922,0.01404,23.01
https://rodenlaw.com/blog/compensatory-damages-vs-punitive-damages/,MOBILE,220,81664,0.00269,9.83
https://rodenlaw.com/blog/compensatory-damages-vs-punitive-damages/,DESKTOP,205,133698,0.00153,13.28
https://rodenlaw.com/blog/value-of-pain-and-suffering/,DESKTOP,145,70965,0.00204,35.58
https://rodenlaw.com/blog/fault-vs-no-fault-car-insurance/,MOBILE,115,56021,0.00205,18.84
https://rodenlaw.com/blog/rollover-crashes-and-what-they-do-to-your-body/,MOBILE,77,30784,0.0025,15.96
https://rodenlaw.com/blog/blunt-force-trauma-after-savannah-car-crash/,MOBILE,64,67355,0.00095,11.04
https://rodenlaw.com/blog/fault-vs-no-fault-car-insurance/,DESKTOP,61,61068,0.001,25.75
https://rodenlaw.com/blog/calculating-compensation-for-whiplash-injuries/,MOBILE,59,40635,0.00145,28.44
http://rodenlaw.com/blog/value-of-pain-and-suffering/,MOBILE,55,3110,0.01768,13.6
https://rodenlaw.com/blog/liability-for-epilepsy-related-car-accidents/,MOBILE,54,3682,0.01467,14.81
https://rodenlaw.com/blog/supporting-a-whiplash-claim/,MOBILE,37,33107,0.00112,35.04
https://rodenlaw.com/blog/can-an-insurance-company-go-against-a-police-report/,MOBILE,35,8669,0.00404,15.81
https://rodenlaw.com/blog/claims-against-at-fault-drivers-who-died/,MOBILE,29,4129,0.00702,41.5
https://rodenlaw.com/blog/when-does-a-sprained-ankle-become-a-work-injury/,MOBILE,29,7980,0.00363,26.16
https://rodenlaw.com/blog/are-red-light-runners-always-liable-if-they-crash/,MOBILE,24,7574,0.00317,12.92
https://rodenlaw.com/blog/myrtle-beach-dangerous-roads-intersections/,MOBILE,21,17070,0.00123,8.91
https://rodenlaw.com/blog/2017-safest-college-campuses-in-georgia/,MOBILE,20,3229,0.00619,4.89
https://rodenlaw.com/blog/dangerous-tools-garage/,MOBILE,20,2979,0.00671,9.15
https://rodenlaw.com/blog/determining-liability-for-crash-at-four-way-stop-sign/,MOBILE,20,2236,0.00894,13.96
https://rodenlaw.com/blog/is-workers-compensation-an-employee-benefit/,DESKTOP,19,4492,0.00423,38.43
https://rodenlaw.com/blog/what-happens-if-i-resign-while-on-workers-compensation/,MOBILE,18,4146,0.00434,20.54
https://rodenlaw.com/blog/insurance-company-ignoring-demand-letter/,MOBILE,17,3232,0.00526,28.88
https://rodenlaw.com/blog/wearing-headphones-while-driving-in-charleston/,MOBILE,17,3587,0.00474,11.68
http://rodenlaw.com/blog/value-of-pain-and-suffering/,DESKTOP,15,4023,0.00373,26.41
https://rodenlaw.com/blog/georgia-super-speeder-law/,MOBILE,13,4987,0.00261,16.91
https://rodenlaw.com/blog/average-personal-injury-settlement-amounts/,MOBILE,12,2485,0.00483,17.27
https://rodenlaw.com/blog/independent-medical-exams/,MOBILE,12,2258,0.00531,24.02
https://rodenlaw.com/blog/value-of-pain-and-suffering/,TABLET,12,569,0.02109,6.7
https://rodenlaw.com/blog/why-mitigate-damages-after-a-car-crash/,MOBILE,12,1361,0.00882,13.01
https://rodenlaw.com/blog/calculating-compensation-for-whiplash-injuries/,DESKTOP,11,84912,0.00013,27.43
https://rodenlaw.com/blog/myrtle-beach-dangerous-roads-intersections/,DESKTOP,11,2536,0.00434,9.03
https://rodenlaw.com/blog/burn-injury-workers-compensation/,MOBILE,10,9171,0.00109,35.63
https://rodenlaw.com/blog/certification-of-permanent-injury/,MOBILE,10,2176,0.0046,9.45
https://rodenlaw.com/blog/negligence-vs-gross-negligence/,MOBILE,10,6606,0.00151,31.67
https://rodenlaw.com/blog/blunt-force-trauma-after-savannah-car-crash/,DESKTOP,9,28000,0.00032,18.69
https://rodenlaw.com/blog/liability-for-epilepsy-related-car-accidents/,DESKTOP,9,6456,0.00139,40.07
https://rodenlaw.com/blog/shem-creek-boating-dock-injuries-mount-pleasant/,MOBILE,9,1020,0.00882,8.64
https://rodenlaw.com/blog/south-carolina-golf-cart-laws/,MOBILE,9,1976,0.00455,11.44
https://rodenlaw.com/blog/dangerous-tools-garage/,DESKTOP,8,2841,0.00282,21.67
https://rodenlaw.com/blog/feeling-fatigued-after-charleston-car-accident/,MOBILE,8,1655,0.00483,8.81
https://rodenlaw.com/blog/highway-hypnosis-what-it-is-why-it-is-a-crash-risk/,MOBILE,8,11016,0.00073,9.05
https://rodenlaw.com/blog/motorcycle-accident-i-95-glynn-county-brunswick-darien/,MOBILE,8,260,0.03077,11.85
https://rodenlaw.com/blog/rollover-crashes-and-what-they-do-to-your-body/,DESKTOP,8,37269,0.00021,25.04
https://rodenlaw.com/blog/hipaa-violation-lawyer/,MOBILE,7,532,0.01316,17.84
https://rodenlaw.com/blog/maximum-medical-improvement-in-an-injury-claim/,MOBILE,7,1189,0.00589,30.79
https://rodenlaw.com/blog/negligence-vs-gross-negligence/,DESKTOP,7,11402,0.00061,34.51
https://rodenlaw.com/blog/supporting-a-whiplash-claim/,DESKTOP,7,70056,0.0001,39.76
https://rodenlaw.com/blog/leg-pain-and-leg-injuries-from-crash/,MOBILE,6,2996,0.002,25.86
https://rodenlaw.com/blog/maximum-medical-improvement-in-an-injury-claim/,DESKTOP,6,1613,0.00372,51.67
https://rodenlaw.com/blog/recovering-damages-with-pre-existing-injuries/,MOBILE,6,1828,0.00328,36.57
https://rodenlaw.com/blog/releasing-medical-records/,MOBILE,6,4196,0.00143,45.87
https://rodenlaw.com/blog/taxes-on-car-crash-settlement-in-georgia/,MOBILE,6,737,0.00814,12.52
https://rodenlaw.com/blog/traffic-tickets-and-car-accident-claims/,MOBILE,6,1084,0.00554,20.31
https://rodenlaw.com/blog/using-uninsured-underinsured-motorist-coverage-in-georgia/,MOBILE,6,5924,0.00101,44.83
https://rodenlaw.com/blog/uturn-crash-liability-in-charleston/,MOBILE,6,3808,0.00158,17.68
https://rodenlaw.com/blog/workers-comp-benefits-georgia-taxable/,MOBILE,6,3268,0.00184,36.2
http://rodenlaw.com/blog/compensatory-damages-vs-punitive-damages/,MOBILE,5,1584,0.00316,8.84
https://rodenlaw.com/blog/answering-insurance-questions-after-crash/,DESKTOP,5,4619,0.00108,42.62
https://rodenlaw.com/blog/answering-insurance-questions-after-crash/,MOBILE,5,4012,0.00125,35.33
https://rodenlaw.com/blog/calculating-compensation-for-whiplash-injuries/,TABLET,5,400,0.0125,16.17
https://rodenlaw.com/blog/claims-against-at-fault-drivers-who-died/,DESKTOP,5,9068,0.00055,48.76
https://rodenlaw.com/blog/compensatory-damages-vs-punitive-damages/,TABLET,5,1487,0.00336,7.63
https://rodenlaw.com/blog/gym-injury-liability/,MOBILE,5,2804,0.00178,42.61
https://rodenlaw.com/blog/hearing-loss-after-charleston-car-accident/,MOBILE,5,1897,0.00264,26.46
https://rodenlaw.com/blog/how-car-insurers-use-private-investigators/,MOBILE,5,2437,0.00205,43.87
https://rodenlaw.com/blog/how-to-get-your-charleston-police-accident-report/,MOBILE,5,1426,0.00351,8.93
https://rodenlaw.com/blog/impact-of-surgery-recommendation/,MOBILE,5,2664,0.00188,33.09
https://rodenlaw.com/blog/is-workers-compensation-an-employee-benefit/,MOBILE,5,1242,0.00403,36.21
https://rodenlaw.com/blog/myrtle-beach-golf-cart-laws/,DESKTOP,5,2479,0.00202,6.09
https://rodenlaw.com/blog/myrtle-beach-golf-cart-laws/,MOBILE,5,743,0.00673,11.34
https://rodenlaw.com/blog/why-mitigate-damages-after-a-car-crash/,DESKTOP,5,2902,0.00172,39.96
http://rodenlaw.com/blog/compensatory-damages-vs-punitive-damages/,DESKTOP,4,2083,0.00192,11.25
https://rodenlaw.com/blog/blunt-force-trauma-from-a-crash-what-you-need-to-know/,MOBILE,4,4915,0.00081,12.88
https://rodenlaw.com/blog/determining-liability-for-crash-at-four-way-stop-sign/,DESKTOP,4,3957,0.00101,22.32
https://rodenlaw.com/blog/drunk-pedestrian-injury-claims/,MOBILE,4,453,0.00883,12.07
https://rodenlaw.com/blog/highway-hypnosis-what-it-is-why-it-is-a-crash-risk/,DESKTOP,4,9176,0.00044,25.12
https://rodenlaw.com/blog/how-long-can-a-person-stay-on-workers-compensation/,MOBILE,4,794,0.00504,27.8
https://rodenlaw.com/blog/independent-medical-exams/,DESKTOP,4,4723,0.00085,31.29
https://rodenlaw.com/blog/insurance-company-ignoring-demand-letter/,DESKTOP,4,6698,0.0006,37.84
https://rodenlaw.com/blog/letters-of-protection-for-injury-victims/,DESKTOP,4,7248,0.00055,32.75
https://rodenlaw.com/blog/major-injuries-from-minor-car-accidents/,MOBILE,4,3122,0.00128,20.92
https://rodenlaw.com/blog/resolving-claims-through-arbitration/,MOBILE,4,2091,0.00191,21.12
https://rodenlaw.com/blog/shem-creek-boating-dock-injuries-mount-pleasant/,DESKTOP,4,238,0.01681,11.11
https://rodenlaw.com/blog/what-happens-if-i-resign-while-on-workers-compensation/,DESKTOP,4,5283,0.00076,30.07
https://rodenlaw.com/blog/what-to-do-if-your-georgia-police-report-is-wrong-or-has-mistakes/,MOBILE,4,1643,0.00243,34.97
https://rodenlaw.com/blog/2017-safest-college-campuses-in-georgia/,TABLET,3,82,0.03659,3.89
https://rodenlaw.com/blog/accident-claims-with-an-expired-license/,MOBILE,3,1949,0.00154,13.64
https://rodenlaw.com/blog/car-insurance-add-ons/,DESKTOP,3,6503,0.00046,19.35
https://rodenlaw.com/blog/certification-of-permanent-injury/,DESKTOP,3,1794,0.00167,16.43
https://rodenlaw.com/blog/contingency-fee-system/,MOBILE,3,4222,0.00071,30.14
https://rodenlaw.com/blog/damage-coverage-for-stolen-car/,MOBILE,3,7404,0.00041,35.05
https://rodenlaw.com/blog/does-worker-compensation-cover-employee-negligence/,MOBILE,3,819,0.00366,15.44
https://rodenlaw.com/blog/does-workers-compensation-cover-prescriptions/,MOBILE,3,3841,0.00078,25.8
https://rodenlaw.com/blog/dog-bite-laws-south-carolina-charleston/,MOBILE,3,224,0.01339,56.53
https://rodenlaw.com/blog/hipaa-violation-lawsuit-worth/,MOBILE,3,376,0.00798,6.96
https://rodenlaw.com/blog/how-to-get-your-charleston-police-accident-report/,DESKTOP,3,1344,0.00223,15.19
https://rodenlaw.com/blog/medical-malpractice-limits-south-carolina/,MOBILE,3,645,0.00465,32.62
https://rodenlaw.com/blog/nerve-damage-after-charleston-car-crash/,MOBILE,3,2898,0.00104,27.36
https://rodenlaw.com/blog/north-charleston-crime-rate-hit-and-run/,MOBILE,3,707,0.00424,8.37
https://rodenlaw.com/blog/steps-after-hit-and-run-accident/,MOBILE,3,4563,0.00066,44.28
https://rodenlaw.com/blog/using-uninsured-underinsured-motorist-coverage-in-georgia/,DESKTOP,3,7515,0.0004,46.27
https://rodenlaw.com/blog/wearing-headphones-while-driving-in-charleston/,DESKTOP,3,2902,0.00103,39.14
https://rodenlaw.com/blog/what-to-do-after-a-hit-and-run-in-downtown-charleston/,MOBILE,3,776,0.00387,18.48
https://rodenlaw.com/blog/what-to-do-after-car-accident-south-carolina/,MOBILE,3,1808,0.00166,12.79
https://rodenlaw.com/blog/what-to-do-when-you-are-in-a-car-accident/,DESKTOP,3,10597,0.00028,48.57
https://rodenlaw.com/blog/when-do-injury-claims-go-to-court/,MOBILE,3,1526,0.00197,33.16
https://rodenlaw.com/blog/workers-comp-for-carpal-tunnel-syndrome/,MOBILE,3,2565,0.00117,58.6
https://rodenlaw.com/blog/5-most-common-types-of-medical-malpractice-in-2023/,DESKTOP,2,1508,0.00133,52.98
https://rodenlaw.com/blog/5-most-common-types-of-medical-malpractice-in-2023/,MOBILE,2,989,0.00202,44.31
https://rodenlaw.com/blog/are-red-light-runners-always-liable-if-they-crash/,DESKTOP,2,8366,0.00024,22.67
https://rodenlaw.com/blog/blind-spot-accidents/,MOBILE,2,1416,0.00141,23.27
https://rodenlaw.com/blog/burn-injury-workers-compensation/,DESKTOP,2,10402,0.00019,30.82
https://rodenlaw.com/blog/car-accidents-on-i-26-in-north-charleston/,MOBILE,2,1488,0.00134,40.23
https://rodenlaw.com/blog/category/truck-accident/,DESKTOP,2,1014,0.00197,34.11
https://rodenlaw.com/blog/charleston-medical-malpractice-hospital-claim-south-carolina/,MOBILE,2,576,0.00347,49.81
https://rodenlaw.com/blog/dangers-of-emotional-driving-in-savannah-ga/,MOBILE,2,1475,0.00136,6.87
https://rodenlaw.com/blog/diminished-value-claims-after-car-accident/,MOBILE,2,4693,0.00043,39.18
https://rodenlaw.com/blog/discovery-process-in-personal-injury-cases/,MOBILE,2,920,0.00217,28.28
https://rodenlaw.com/blog/does-workers-compensation-cover-prescriptions/,DESKTOP,2,12033,0.00017,38.1
https://rodenlaw.com/blog/drunk-pedestrian-injury-claims/,DESKTOP,2,359,0.00557,31.21
https://rodenlaw.com/blog/fault-vs-no-fault-car-insurance/#fault-vs-no-fault,MOBILE,2,5829,0.00034,5.51
https://rodenlaw.com/blog/filing-an-emotional-distress-claim-after-a-ravenel-bridge-accident/,MOBILE,2,396,0.00505,11.53
https://rodenlaw.com/blog/filing-medication-error-lawsuit/,MOBILE,2,2570,0.00078,58.79
https://rodenlaw.com/blog/follow-doctors-orders-after-accident/,DESKTOP,2,713,0.00281,16.23
https://rodenlaw.com/blog/georgia-law-on-steps-after-car-accident/,MOBILE,2,6886,0.00029,12.74
https://rodenlaw.com/blog/georgia-pedestrian-right-of-way-laws/,MOBILE,2,981,0.00204,7.45
https://rodenlaw.com/blog/georgia-statute-of-limitations/,DESKTOP,2,8730,0.00023,22.87
https://rodenlaw.com/blog/georgia-statute-of-limitations/,MOBILE,2,2022,0.00099,26.24
https://rodenlaw.com/blog/how-much-is-my-car-accident-claim-worth/,MOBILE,2,570,0.00351,35.56
https://rodenlaw.com/blog/impaired-driving-caused-by-prescription-medications/,MOBILE,2,7020,0.00028,8.85
https://rodenlaw.com/blog/letters-of-protection-for-injury-victims/,MOBILE,2,2244,0.00089,37.18
https://rodenlaw.com/blog/liability-for-crash-due-to-tire-blowout-in-savannah/,MOBILE,2,3057,0.00065,31.98
https://rodenlaw.com/blog/liability-for-sudden-emergency-accidents/,MOBILE,2,990,0.00202,12.59
https://rodenlaw.com/blog/north-charleston-crime-rate-hit-and-run/,DESKTOP,2,170,0.01176,9.77
https://rodenlaw.com/blog/pedestrian-liability-for-car-accidents/,MOBILE,2,2131,0.00094,45.08
https://rodenlaw.com/blog/recovering-damages-with-pre-existing-injuries/,DESKTOP,2,5536,0.00036,32.08
https://rodenlaw.com/blog/rollover-crashes-and-what-they-do-to-your-body/,TABLET,2,1018,0.00196,12.58
https://rodenlaw.com/blog/south-carolina-golf-cart-laws/,DESKTOP,2,1172,0.00171,25.82
https://rodenlaw.com/blog/south-carolina-pedestrian-right-of-way-laws/,MOBILE,2,708,0.00282,9.81
https://rodenlaw.com/blog/steps-after-hit-and-run-accident/,DESKTOP,2,6682,0.0003,44.58
https://rodenlaw.com/blog/steps-of-a-burn-injury-case/,DESKTOP,2,8224,0.00024,37.59
https://rodenlaw.com/blog/stomach-pain-after-a-car-accident-in-charleston/,MOBILE,2,422,0.00474,40.84
https://rodenlaw.com/blog/understanding-vicarious-liability/,MOBILE,2,2226,0.0009,39.59
https://rodenlaw.com/blog/when-does-a-sprained-ankle-become-a-work-injury/,DESKTOP,2,8095,0.00025,34.16
http://rodenlaw.com/blog/calculating-compensation-for-whiplash-injuries/,MOBILE,1,564,0.00177,35.98
http://rodenlaw.com/blog/determining-liability-for-crash-at-four-way-stop-sign/,DESKTOP,1,48,0.02083,55.56
http://rodenlaw.com/blog/fault-vs-no-fault-car-insurance/,MOBILE,1,1034,0.00097,16.24
http://rodenlaw.com/blog/insurance-company-ignoring-demand-letter/,DESKTOP,1,211,0.00474,46.62
http://rodenlaw.com/blog/negligence-vs-gross-negligence/,DESKTOP,1,128,0.00781,58.35
http://rodenlaw.com/blog/value-of-pain-and-suffering/,TABLET,1,46,0.02174,5.09
https://rodenlaw.com/blog/18-wheeler-wrecks-on-the-arthur-ravenel-jr-bridge-us-17/,MOBILE,1,284,0.00352,9.99
https://rodenlaw.com/blog/2017-safest-college-campuses-in-georgia/,DESKTOP,1,952,0.00105,15.38
https://rodenlaw.com/blog/a-cyclists-guide-after-a-ravenel-bridge-accident/,MOBILE,1,484,0.00207,11.51
https://rodenlaw.com/blog/advantages-of-a-medical-malpractice-attorney/,DESKTOP,1,14389,7e-05,68.51
https://rodenlaw.com/blog/animal-accident-insurance-coverage/,MOBILE,1,3352,0.0003,49.59
https://rodenlaw.com/blog/answering-insurance-questions-after-crash/,TABLET,1,152,0.00658,43.47
https://rodenlaw.com/blog/are-red-light-runners-always-liable-if-they-crash/,TABLET,1,118,0.00847,10.87
https://rodenlaw.com/blog/ashley-phosphate-i-26-south-carolinas-deadliest-intersection/,DESKTOP,1,34,0.02941,28.79
https://rodenlaw.com/blog/ashley-phosphate-i-26-south-carolinas-deadliest-intersection/,MOBILE,1,55,0.01818,6.07
https://rodenlaw.com/blog/ashley-phosphate-road-i-26-dangerous-intersection-charleston/,TABLET,1,6,0.16667,8
https://rodenlaw.com/blog/benefits-for-workplace-violence/,MOBILE,1,1441,0.00069,49.55
https://rodenlaw.com/blog/benefits-of-hiring-personal-injury-lawyer/,DESKTOP,1,5374,0.00019,34.22
https://rodenlaw.com/blog/blunt-force-trauma-from-a-crash-what-you-need-to-know/,DESKTOP,1,4817,0.00021,31.71
https://rodenlaw.com/blog/can-an-insurance-company-go-against-a-police-report/,DESKTOP,1,8380,0.00012,27.4
https://rodenlaw.com/blog/can-someone-sue-me-for-a-car-accident/,MOBILE,1,708,0.00141,16.26
https://rodenlaw.com/blog/car-insurance-add-ons/,MOBILE,1,2323,0.00043,23.63
https://rodenlaw.com/blog/category/car-accident/,DESKTOP,1,1130,0.00088,34.95
https://rodenlaw.com/blog/category/motorcycle-accident/,TABLET,1,1,1,8
https://rodenlaw.com/blog/certification-of-permanent-injury/,TABLET,1,45,0.02222,4.96
https://rodenlaw.com/blog/changing-workers-comp-doctors-in-georgia/,DESKTOP,1,722,0.00139,54.38
https://rodenlaw.com/blog/charleston-car-crash-brain-injuries/,MOBILE,1,1963,0.00051,68.37
https://rodenlaw.com/blog/charleston-medical-malpractice-hospital-claim-south-carolina/,DESKTOP,1,1762,0.00057,58.01
https://rodenlaw.com/blog/charleston-parking-lot-car-accident-liability/,DESKTOP,1,1587,0.00063,42.92
https://rodenlaw.com/blog/charleston-parking-lot-car-accident-liability/,MOBILE,1,537,0.00186,48.62
https://rodenlaw.com/blog/charleston-parking-lot-parking-garage-accident/,MOBILE,1,288,0.00347,26.16
https://rodenlaw.com/blog/charlestons-crash-hotspots-to-avoid-in-2025/,MOBILE,1,149,0.00671,3.33
https://rodenlaw.com/blog/columbia-dangerous-intersections-roads/,MOBILE,1,454,0.0022,6.84
https://rodenlaw.com/blog/compensatory-damages-vs-punitive-damages/#what-are-compensatory-damages,MOBILE,1,3449,0.00029,5.2
https://rodenlaw.com/blog/contingency-fee-system/,DESKTOP,1,9119,0.00011,27.83
https://rodenlaw.com/blog/damage-coverage-for-stolen-car/,DESKTOP,1,7085,0.00014,43.47
https://rodenlaw.com/blog/dangers-of-emotional-driving-in-savannah-ga/,DESKTOP,1,2702,0.00037,16.21
https://rodenlaw.com/blog/darien-brunswick-dangerous-roads-i95-us17/,DESKTOP,1,281,0.00356,15.32
https://rodenlaw.com/blog/darien-brunswick-dangerous-roads-i95-us17/,MOBILE,1,356,0.00281,10.73
https://rodenlaw.com/blog/dealing-with-uber-lyft-accident/,DESKTOP,1,5096,0.0002,47.6
https://rodenlaw.com/blog/demand-letters-in-personal-injury-cases/,TABLET,1,7,0.14286,27.71
https://rodenlaw.com/blog/diminished-value-claims-after-car-accident/,DESKTOP,1,20211,5e-05,41.14
https://rodenlaw.com/blog/driving-tips-around-trucks/,MOBILE,1,1898,0.00053,21.72
https://rodenlaw.com/blog/fault-vs-no-fault-car-insurance/,TABLET,1,274,0.00365,8.62
https://rodenlaw.com/blog/filing-a-claim-for-an-injured-minor/,DESKTOP,1,3040,0.00033,42.94
https://rodenlaw.com/blog/financial-abuse-at-nursing-homes/,DESKTOP,1,976,0.00102,43.89
https://rodenlaw.com/blog/folly-road-car-accidents-james-island-charleston/,MOBILE,1,302,0.00331,9.94
https://rodenlaw.com/blog/four-common-construction-accidents/,DESKTOP,1,17084,6e-05,45.08
https://rodenlaw.com/blog/georgia-comparative-negligence-law/,DESKTOP,1,4843,0.00021,13.06
https://rodenlaw.com/blog/georgia-law-on-steps-after-car-accident/,TABLET,1,73,0.0137,11.44
https://rodenlaw.com/blog/georgia-pedestrian-right-of-way-laws/,DESKTOP,1,1559,0.00064,9.5
https://rodenlaw.com/blog/georgia-statute-of-limitations/,TABLET,1,34,0.02941,36.06
https://rodenlaw.com/blog/georgia-super-speeder-law/,DESKTOP,1,43313,2e-05,42.99
https://rodenlaw.com/blog/guide-after-a-car-accident-in-columbia-sc/,MOBILE,1,24,0.04167,7.92
https://rodenlaw.com/blog/gym-injury-liability/,DESKTOP,1,10375,0.0001,45.98
https://rodenlaw.com/blog/hearing-loss-after-charleston-car-accident/,DESKTOP,1,2700,0.00037,45.91
https://rodenlaw.com/blog/hearing-loss-after-charleston-car-accident/,TABLET,1,22,0.04545,8.27
https://rodenlaw.com/blog/hip-pain-after-car-accident-in-savannah/,MOBILE,1,1980,0.00051,33.62
https://rodenlaw.com/blog/hit-and-run-drunk-driver-crashes-ashley-river-road-sc-61-west-ashley-greenwood-park/,MOBILE,1,14,0.07143,5.93
https://rodenlaw.com/blog/how-car-insurers-use-private-investigators/,DESKTOP,1,7000,0.00014,46.84
https://rodenlaw.com/blog/how-to-maximize-your-car-accident-compensation-in-georgia/,DESKTOP,1,172,0.00581,33.9
https://rodenlaw.com/blog/how-to-maximize-your-car-accident-compensation-in-georgia/,MOBILE,1,102,0.0098,22.7
https://rodenlaw.com/blog/i-16-port-freight-truck-accident-garden-city-savannah/,DESKTOP,1,201,0.00498,11.52
https://rodenlaw.com/blog/independent-medical-exams/,TABLET,1,29,0.03448,18.97
https://rodenlaw.com/blog/informed-consent/,DESKTOP,1,1618,0.00062,50.29
https://rodenlaw.com/blog/jet-ski-personal-watercraft-accidents-charleston/,MOBILE,1,389,0.00257,6.25
https://rodenlaw.com/blog/johns-island-accidents-no-hospital-emergency-room/,DESKTOP,1,18,0.05556,10
https://rodenlaw.com/blog/knee-injuries-after-georgia-car-crash/,MOBILE,1,2833,0.00035,47.61
https://rodenlaw.com/blog/legal-help-shoulder-injuries-after-charleston-car-crash/,DESKTOP,1,3205,0.00031,42.76
https://rodenlaw.com/blog/liability-for-accidents-with-borrowed-vehicles/,DESKTOP,1,3974,0.00025,58.36
https://rodenlaw.com/blog/liability-for-accidents-with-borrowed-vehicles/,MOBILE,1,3153,0.00032,53.87
https://rodenlaw.com/blog/liability-for-crash-due-to-tire-blowout-in-savannah/,DESKTOP,1,4825,0.00021,43.02
https://rodenlaw.com/blog/liability-for-crash-due-to-tire-blowout-in-savannah/,TABLET,1,25,0.04,13.24
https://rodenlaw.com/blog/liability-for-epilepsy-related-car-accidents/,TABLET,1,94,0.01064,6.35
https://rodenlaw.com/blog/liability-for-roundabout-crashes-in-charleston/,MOBILE,1,1316,0.00076,27.19
https://rodenlaw.com/blog/liability-for-sudden-emergency-accidents/,DESKTOP,1,1801,0.00056,30.57
https://rodenlaw.com/blog/liability-waivers-and-injury-lawsuits/,MOBILE,1,447,0.00224,45.52
https://rodenlaw.com/blog/liens-and-your-personal-injury-claims/,MOBILE,1,1167,0.00086,46.95
https://rodenlaw.com/blog/litchfield-beach-pawleys-island-us-17-car-accident-georgetown-county/,DESKTOP,1,30,0.03333,26.3
https://rodenlaw.com/blog/litchfield-beach-pawleys-island-us-17-car-accident-georgetown-county/,MOBILE,1,148,0.00676,6.67
https://rodenlaw.com/blog/lower-king-street-pedestrian-safety/,DESKTOP,1,82,0.0122,21.74
https://rodenlaw.com/blog/maybank-highway-car-accidents-johns-island/,TABLET,1,1,1,5
https://rodenlaw.com/blog/motorcycle-accident-i-95-glynn-county-brunswick-darien/,DESKTOP,1,798,0.00125,14.56
https://rodenlaw.com/blog/motorcycle-accidents-dorchester-road-data/,MOBILE,1,48,0.02083,6.21
https://rodenlaw.com/blog/negligence-vs-gross-negligence/,TABLET,1,48,0.02083,10.06
https://rodenlaw.com/blog/options-for-denied-injury-claims/,MOBILE,1,1590,0.00063,27.63
https://rodenlaw.com/blog/options-for-recovering-more-than-policy-limits/,MOBILE,1,143,0.00699,14.8
https://rodenlaw.com/blog/passenger-car-accident-claim/,MOBILE,1,2691,0.00037,69.22
https://rodenlaw.com/blog/pedestrian-safety-park-circle-north-charleston/,DESKTOP,1,43,0.02326,10.58
https://rodenlaw.com/blog/ptsd-after-car-accident-compensation/,MOBILE,1,709,0.00141,40.72
https://rodenlaw.com/blog/rear-end-collision-liability/,MOBILE,1,4608,0.00022,42.7
https://rodenlaw.com/blog/reasons-for-workers-comp-claim-denial/,MOBILE,1,968,0.00103,64.18
https://rodenlaw.com/blog/recovering-damages-with-pre-existing-injuries/,TABLET,1,12,0.08333,33.42
https://rodenlaw.com/blog/releasing-medical-records/,DESKTOP,1,9430,0.00011,51.12
https://rodenlaw.com/blog/safest-hospitals-georgia/,MOBILE,1,64,0.01562,28.48
https://rodenlaw.com/blog/safety-tips-driving-work-zones-georgia/,MOBILE,1,132,0.00758,13.29
https://rodenlaw.com/blog/sapelo-island-ferry-dock-collapse-causing-fatality-and-serious-injuries/,DESKTOP,1,407,0.00246,39.15
https://rodenlaw.com/blog/sapelo-island-ferry-dock-collapse-causing-fatality-and-serious-injuries/,MOBILE,1,168,0.00595,15.72
https://rodenlaw.com/blog/south-carolina-statute-of-limitations-personal-injury/,MOBILE,1,1002,0.001,20.48
https://rodenlaw.com/blog/steps-after-work-injury/,DESKTOP,1,5336,0.00019,57.39
https://rodenlaw.com/blog/steps-of-a-burn-injury-case/,MOBILE,1,6711,0.00015,28.86
https://rodenlaw.com/blog/steps-take-slip-fall-accident-georgia/,DESKTOP,1,7028,0.00014,52.66
https://rodenlaw.com/blog/switching-lawyers-during-a-case/,MOBILE,1,1088,0.00092,31.12
https://rodenlaw.com/blog/tactics-insurers-use-to-deny-crash-claims-charleston/,MOBILE,1,477,0.0021,59.01
https://rodenlaw.com/blog/the-role-of-vocational-rehabilitation-in-workers-compensation-cases/,MOBILE,1,1189,0.00084,35.85
https://rodenlaw.com/blog/traffic-tickets-and-car-accident-claims/,DESKTOP,1,1038,0.00096,44.96
https://rodenlaw.com/blog/truck-accident-injuries/,MOBILE,1,7567,0.00013,31.12
https://rodenlaw.com/blog/what-to-do-after-a-bike-crash-on-charlestons-ravenel-bridge/,MOBILE,1,189,0.00529,10.84
https://rodenlaw.com/blog/what-to-do-after-a-hit-and-run-in-downtown-charleston/,DESKTOP,1,544,0.00184,35.23
https://rodenlaw.com/blog/what-to-do-after-car-accident-georgia/,MOBILE,1,4964,0.0002,12.73
https://rodenlaw.com/blog/what-to-do-after-car-accident-south-carolina/,DESKTOP,1,3774,0.00026,12.68
https://rodenlaw.com/blog/what-to-do-when-you-are-in-a-car-accident/,MOBILE,1,8271,0.00012,44.01
https://rodenlaw.com/blog/when-do-injury-claims-go-to-court/,DESKTOP,1,2772,0.00036,42.07
https://rodenlaw.com/blog/when-does-workers-compensation-stop-paying/,DESKTOP,1,372,0.00269,66.35
https://rodenlaw.com/blog/when-to-call-charleston-personal-injury-lawyer/,MOBILE,1,2269,0.00044,52.54
https://rodenlaw.com/blog/why-driving-while-hungover-is-a-dangerous-savannah-crash-risk/,MOBILE,1,369,0.00271,14.96
https://rodenlaw.com/blog/workers-comp-benefits-georgia-taxable/,DESKTOP,1,5642,0.00018,58.06
https://rodenlaw.com/blog/workers-compensation-claim-process-georgia/,MOBILE,1,799,0.00125,50.6
http://rodenlaw.com/blog/blind-spot-accidents/,DESKTOP,0,69,0,34.28
http://rodenlaw.com/blog/blind-spot-accidents/,MOBILE,0,41,0,17.02
http://rodenlaw.com/blog/calculating-compensation-for-whiplash-injuries/,DESKTOP,0,1048,0,36.02
http://rodenlaw.com/blog/calculating-compensation-for-whiplash-injuries/,TABLET,0,4,0,35.5
http://rodenlaw.com/blog/can-an-insurance-company-go-against-a-police-report/,DESKTOP,0,74,0,37.3
http://rodenlaw.com/blog/can-an-insurance-company-go-against-a-police-report/,MOBILE,0,115,0,10.64
http://rodenlaw.com/blog/can-an-insurance-company-go-against-a-police-report/,TABLET,0,1,0,2
http://rodenlaw.com/blog/claims-against-at-fault-drivers-who-died/,DESKTOP,0,78,0,63.49
http://rodenlaw.com/blog/claims-against-at-fault-drivers-who-died/,MOBILE,0,30,0,53.47
http://rodenlaw.com/blog/compensatory-damages-vs-punitive-damages/,TABLET,0,22,0,4.95
http://rodenlaw.com/blog/dangerous-tools-garage/,DESKTOP,0,62,0,29.15
http://rodenlaw.com/blog/dangerous-tools-garage/,MOBILE,0,34,0,7.18
http://rodenlaw.com/blog/dangerous-tools-garage/,TABLET,0,1,0,8
http://rodenlaw.com/blog/determining-liability-for-crash-at-four-way-stop-sign/,MOBILE,0,26,0,35.81
http://rodenlaw.com/blog/determining-liability-for-crash-at-four-way-stop-sign/,TABLET,0,1,0,2
http://rodenlaw.com/blog/fault-vs-no-fault-car-insurance/,DESKTOP,0,1503,0,22.73
http://rodenlaw.com/blog/fault-vs-no-fault-car-insurance/,TABLET,0,5,0,3.8
http://rodenlaw.com/blog/feeling-fatigued-after-charleston-car-accident/,DESKTOP,0,93,0,35.42
http://rodenlaw.com/blog/feeling-fatigued-after-charleston-car-accident/,MOBILE,0,88,0,9.64
http://rodenlaw.com/blog/filing-a-claim-for-an-injured-minor/,DESKTOP,0,526,0,58.19
http://rodenlaw.com/blog/filing-a-claim-for-an-injured-minor/,MOBILE,0,119,0,63.23
http://rodenlaw.com/blog/gym-injury-liability/,DESKTOP,0,117,0,68.41
http://rodenlaw.com/blog/gym-injury-liability/,MOBILE,0,24,0,85.71
http://rodenlaw.com/blog/highway-hypnosis-what-it-is-why-it-is-a-crash-risk/,DESKTOP,0,171,0,40.87
http://rodenlaw.com/blog/highway-hypnosis-what-it-is-why-it-is-a-crash-risk/,MOBILE,0,208,0,14.02
http://rodenlaw.com/blog/highway-hypnosis-what-it-is-why-it-is-a-crash-risk/,TABLET,0,2,0,5.5
http://rodenlaw.com/blog/highway-road-shoulder-accidents-in-charleston/,DESKTOP,0,24,0,58.08
http://rodenlaw.com/blog/highway-road-shoulder-accidents-in-charleston/,MOBILE,0,2,0,7
http://rodenlaw.com/blog/how-car-insurers-use-private-investigators/,DESKTOP,0,1072,0,32.42
http://rodenlaw.com/blog/how-car-insurers-use-private-investigators/,MOBILE,0,422,0,35.46
http://rodenlaw.com/blog/how-car-insurers-use-private-investigators/,TABLET,0,1,0,1
http://rodenlaw.com/blog/insurance-company-ignoring-demand-letter/,MOBILE,0,77,0,28.16
http://rodenlaw.com/blog/insurance-company-ignoring-demand-letter/,TABLET,0,1,0,56
http://rodenlaw.com/blog/liability-for-brake-checking-crashes-charleston/,DESKTOP,0,35,0,42.26
http://rodenlaw.com/blog/liability-for-brake-checking-crashes-charleston/,MOBILE,0,17,0,40.65
http://rodenlaw.com/blog/liability-for-brake-checking-crashes-charleston/#drivers,MOBILE,0,1,0,9
http://rodenlaw.com/blog/liability-for-brake-checking-crashes-charleston/#evidence,MOBILE,0,1,0,9
http://rodenlaw.com/blog/liability-for-brake-checking-crashes-charleston/#percent,MOBILE,0,1,0,9
http://rodenlaw.com/blog/liability-for-epilepsy-related-car-accidents/,DESKTOP,0,86,0,62.12
http://rodenlaw.com/blog/liability-for-epilepsy-related-car-accidents/,MOBILE,0,25,0,37.84
http://rodenlaw.com/blog/liability-for-epilepsy-related-car-accidents/,TABLET,0,1,0,1
http://rodenlaw.com/blog/negligence-vs-gross-negligence/,MOBILE,0,62,0,48.85
http://rodenlaw.com/blog/rollover-crashes-and-what-they-do-to-your-body/,DESKTOP,0,58,0,20.02
http://rodenlaw.com/blog/rollover-crashes-and-what-they-do-to-your-body/,MOBILE,0,17,0,11.53
http://rodenlaw.com/blog/wearing-headphones-while-driving-in-charleston/,DESKTOP,0,23,0,39.65
http://rodenlaw.com/blog/wearing-headphones-while-driving-in-charleston/,MOBILE,0,5,0,38
http://rodenlaw.com/blog/when-does-a-sprained-ankle-become-a-work-injury/,DESKTOP,0,53,0,65.47
http://rodenlaw.com/blog/when-does-a-sprained-ankle-become-a-work-injury/,MOBILE,0,48,0,66
https://rodenlaw.com/blog/,DESKTOP,0,305,0,28.72
https://rodenlaw.com/blog/,MOBILE,0,151,0,29.03
https://rodenlaw.com/blog/18-wheeler-wrecks-on-the-arthur-ravenel-jr-bridge-us-17/,DESKTOP,0,137,0,25.56
https://rodenlaw.com/blog/18-wheeler-wrecks-on-the-arthur-ravenel-jr-bridge-us-17/,TABLET,0,10,0,8.7
https://rodenlaw.com/blog/5-benefits-of-hiring-a-truck-accident-attorney-in-2023/,DESKTOP,0,336,0,12.7
https://rodenlaw.com/blog/5-benefits-of-hiring-a-truck-accident-attorney-in-2023/,MOBILE,0,85,0,15.72
https://rodenlaw.com/blog/5-most-common-types-of-medical-malpractice-in-2023/,TABLET,0,6,0,8.17
https://rodenlaw.com/blog/7-mistakes-to-avoid-after-a-motorcycle-accident/,DESKTOP,0,26,0,44.04
https://rodenlaw.com/blog/7-mistakes-to-avoid-after-a-motorcycle-accident/,MOBILE,0,7,0,41.43
https://rodenlaw.com/blog/?refPageViewId=PAGE_VIEW_ID,DESKTOP,0,16,0,45.81
https://rodenlaw.com/blog/a-cyclists-guide-after-a-ravenel-bridge-accident/,DESKTOP,0,353,0,23.06
https://rodenlaw.com/blog/a-cyclists-guide-after-a-ravenel-bridge-accident/,TABLET,0,11,0,11.64
https://rodenlaw.com/blog/a-drivers-guide-to-wildlife-accidents-near-charleston/,DESKTOP,0,2,0,79
https://rodenlaw.com/blog/a-guide-to-car-accident-claims-at-columbias-toughest-intersections-2/,DESKTOP,0,4,0,15.5
https://rodenlaw.com/blog/a-guide-to-car-accident-claims-at-columbias-toughest-intersections-2/,MOBILE,0,4,0,26.5
https://rodenlaw.com/blog/a-guide-to-car-accident-claims-at-columbias-toughest-intersections/,DESKTOP,0,14,0,16.21
https://rodenlaw.com/blog/a-guide-to-car-accident-claims-at-columbias-toughest-intersections/,MOBILE,0,2,0,4
https://rodenlaw.com/blog/a-guide-to-car-wrecks-on-aviation-avenue-near-charleston-airport/,DESKTOP,0,297,0,39.8
https://rodenlaw.com/blog/a-guide-to-car-wrecks-on-aviation-avenue-near-charleston-airport/,MOBILE,0,150,0,50.36
https://rodenlaw.com/blog/a-pedestrians-guide-to-claiming-lost-wages-in-charleston-2/,DESKTOP,0,2,0,55.5
https://rodenlaw.com/blog/a-pedestrians-guide-to-claiming-lost-wages-in-charleston/,DESKTOP,0,7,0,13.14
https://rodenlaw.com/blog/a-pedestrians-guide-to-proving-negligence-in-charleston-parking-lots/,DESKTOP,0,132,0,51.14
https://rodenlaw.com/blog/a-pedestrians-guide-to-proving-negligence-in-charleston-parking-lots/,MOBILE,0,15,0,34.8
https://rodenlaw.com/blog/a-step-by-step-guide-for-folly-road-car-accidents/,DESKTOP,0,627,0,8.83
https://rodenlaw.com/blog/a-step-by-step-guide-for-folly-road-car-accidents/,MOBILE,0,320,0,9.96
https://rodenlaw.com/blog/a-step-by-step-guide-for-folly-road-car-accidents/,TABLET,0,1,0,6
https://rodenlaw.com/blog/accepting-a-cash-offer-after-savannah-car-crash/,DESKTOP,0,1275,0,50.26
https://rodenlaw.com/blog/accepting-a-cash-offer-after-savannah-car-crash/,MOBILE,0,736,0,45.23
https://rodenlaw.com/blog/accepting-a-cash-offer-after-savannah-car-crash/,TABLET,0,20,0,62.55
https://rodenlaw.com/blog/accident-claims-with-an-expired-license/,DESKTOP,0,2590,0,34.91
https://rodenlaw.com/blog/accident-claims-with-an-expired-license/,TABLET,0,12,0,4.67
https://rodenlaw.com/blog/accident-claims-with-an-expired-license/#comparative-fault,MOBILE,0,47,0,9.11
https://rodenlaw.com/blog/accident-claims-with-an-expired-license/#expired-license-claims,MOBILE,0,47,0,9.11
https://rodenlaw.com/blog/accident-claims-with-an-expired-license/#expired-vs-suspended,DESKTOP,0,78,0,8.6
https://rodenlaw.com/blog/accident-claims-with-an-expired-license/#expired-vs-suspended,MOBILE,0,48,0,9.15
https://rodenlaw.com/blog/accident-claims-with-an-expired-license/#georgia-expired-license,DESKTOP,0,28,0,8.64
https://rodenlaw.com/blog/accident-claims-with-an-expired-license/#georgia-expired-license,MOBILE,0,47,0,9.11
https://rodenlaw.com/blog/accident-claims-with-an-expired-license/#insurance-company-tactics,DESKTOP,0,78,0,8.6
https://rodenlaw.com/blog/accident-claims-with-an-expired-license/#insurance-company-tactics,MOBILE,0,48,0,9.15
https://rodenlaw.com/blog/accident-claims-with-an-expired-license/#south-carolina-expired-license,DESKTOP,0,50,0,8.58
https://rodenlaw.com/blog/accident-claims-with-an-expired-license/#south-carolina-expired-license,MOBILE,0,47,0,9.11
https://rodenlaw.com/blog/accident-my-fault-can-i-receive-workers-comp/,DESKTOP,0,535,0,39.64
https://rodenlaw.com/blog/accident-my-fault-can-i-receive-workers-comp/,MOBILE,0,401,0,23.27
https://rodenlaw.com/blog/accidents-near-musc-and-calhoun-street/,DESKTOP,0,30,0,54.73
https://rodenlaw.com/blog/accidents-near-musc-and-calhoun-street/,MOBILE,0,5,0,10
https://rodenlaw.com/blog/advantages-of-a-medical-malpractice-attorney/,MOBILE,0,5697,0,72.55
https://rodenlaw.com/blog/advantages-of-a-medical-malpractice-attorney/,TABLET,0,90,0,82.9
https://rodenlaw.com/blog/after-boat-accident-guide/,DESKTOP,0,3617,0,48.48
https://rodenlaw.com/blog/after-boat-accident-guide/,MOBILE,0,1651,0,52.31
https://rodenlaw.com/blog/after-boat-accident-guide/,TABLET,0,10,0,39.2
https://rodenlaw.com/blog/aggressive-driving-in-georgia/,DESKTOP,0,155,0,37.68
https://rodenlaw.com/blog/aggressive-driving-in-georgia/,MOBILE,0,128,0,35.44
https://rodenlaw.com/blog/aggressive-driving-in-georgia/,TABLET,0,1,0,18
https://rodenlaw.com/blog/am-i-eligible-for-workers-compensation/,DESKTOP,0,285,0,51.58
https://rodenlaw.com/blog/am-i-eligible-for-workers-compensation/,MOBILE,0,243,0,63.53
https://rodenlaw.com/blog/am-i-eligible-for-workers-compensation/,TABLET,0,3,0,49
https://rodenlaw.com/blog/amazon-fedex-delivery-crashes/,DESKTOP,0,40,0,36.6
https://rodenlaw.com/blog/amazon-fedex-delivery-crashes/,MOBILE,0,15,0,5.53
https://rodenlaw.com/blog/animal-accident-insurance-coverage/,DESKTOP,0,4743,0,48.76
https://rodenlaw.com/blog/animal-accident-insurance-coverage/,TABLET,0,16,0,7.75
https://rodenlaw.com/blog/answering-insurance-questions-after-crash/#recorded-statements,MOBILE,0,9,0,5.11
https://rodenlaw.com/blog/answering-insurance-questions-after-crash/#types-of-questions,DESKTOP,0,2,0,3.5
https://rodenlaw.com/blog/answering-insurance-questions-after-crash/#types-of-questions,MOBILE,0,9,0,5.11
https://rodenlaw.com/blog/answering-insurance-questions-after-crash/#what-to-say,MOBILE,0,9,0,5.11
https://rodenlaw.com/blog/answering-insurance-questions-after-crash/#why-insurers-contact-you,DESKTOP,0,2,0,3.5
https://rodenlaw.com/blog/answering-insurance-questions-after-crash/#why-insurers-contact-you,MOBILE,0,9,0,5.11
https://rodenlaw.com/blog/appealing-a-denied-workers-compensation-claim/,DESKTOP,0,520,0,67.12
https://rodenlaw.com/blog/appealing-a-denied-workers-compensation-claim/,MOBILE,0,186,0,73.24
https://rodenlaw.com/blog/are-accident-lawyers-worth-it/,DESKTOP,0,384,0,51.66
https://rodenlaw.com/blog/are-accident-lawyers-worth-it/,MOBILE,0,67,0,20.82
https://rodenlaw.com/blog/are-red-light-runners-always-liable-if-they-crash/#are-red-light-runners-always-at-fault,DESKTOP,0,12,0,8.75
https://rodenlaw.com/blog/are-red-light-runners-always-liable-if-they-crash/#are-red-light-runners-always-at-fault,MOBILE,0,329,0,8.88
https://rodenlaw.com/blog/are-red-light-runners-always-liable-if-they-crash/#are-red-light-runners-always-at-fault,TABLET,0,47,0,7.96
https://rodenlaw.com/blog/are-red-light-runners-always-liable-if-they-crash/#comparative-fault-rules,MOBILE,0,329,0,8.88
https://rodenlaw.com/blog/are-red-light-runners-always-liable-if-they-crash/#comparative-fault-rules,TABLET,0,47,0,7.96
https://rodenlaw.com/blog/are-red-light-runners-always-liable-if-they-crash/#how-fault-determined,DESKTOP,0,337,0,8.45
https://rodenlaw.com/blog/are-red-light-runners-always-liable-if-they-crash/#how-fault-determined,MOBILE,0,329,0,8.88
https://rodenlaw.com/blog/are-red-light-runners-always-liable-if-they-crash/#how-fault-determined,TABLET,0,47,0,7.96
https://rodenlaw.com/blog/are-red-light-runners-always-liable-if-they-crash/#proving-red-light-violation,DESKTOP,0,349,0,8.46
https://rodenlaw.com/blog/are-red-light-runners-always-liable-if-they-crash/#proving-red-light-violation,MOBILE,0,329,0,8.88
https://rodenlaw.com/blog/are-red-light-runners-always-liable-if-they-crash/#proving-red-light-violation,TABLET,0,47,0,7.96
https://rodenlaw.com/blog/are-red-light-runners-always-liable-if-they-crash/#red-light-cameras,MOBILE,0,329,0,8.88
https://rodenlaw.com/blog/are-red-light-runners-always-liable-if-they-crash/#red-light-cameras,TABLET,0,47,0,7.96
https://rodenlaw.com/blog/are-red-light-runners-always-liable-if-they-crash/#traffic-signal-laws,MOBILE,0,329,0,8.88
https://rodenlaw.com/blog/are-red-light-runners-always-liable-if-they-crash/#traffic-signal-laws,TABLET,0,47,0,7.96
https://rodenlaw.com/blog/are-red-light-runners-always-liable-if-they-crash/#when-victim-shares-fault,MOBILE,0,329,0,8.88
https://rodenlaw.com/blog/are-red-light-runners-always-liable-if-they-crash/#when-victim-shares-fault,TABLET,0,47,0,7.96
https://rodenlaw.com/blog/ashley-phosphate-road-i-26-dangerous-intersection-charleston/,DESKTOP,0,377,0,14.47
https://rodenlaw.com/blog/ashley-phosphate-road-i-26-dangerous-intersection-charleston/,MOBILE,0,370,0,8.58
https://rodenlaw.com/blog/ashley-phosphate-road-i-26-dangerous-intersection-charleston/#common-accident-types,DESKTOP,0,33,0,7.85
https://rodenlaw.com/blog/ashley-phosphate-road-i-26-dangerous-intersection-charleston/#common-accident-types,MOBILE,0,79,0,8.87
https://rodenlaw.com/blog/ashley-phosphate-road-i-26-dangerous-intersection-charleston/#comparative-fault-sc,MOBILE,0,79,0,8.87
https://rodenlaw.com/blog/ashley-phosphate-road-i-26-dangerous-intersection-charleston/#crash-data,MOBILE,0,79,0,8.87
https://rodenlaw.com/blog/ashley-phosphate-road-i-26-dangerous-intersection-charleston/#injuries-from-high-speed,MOBILE,0,79,0,8.87
https://rodenlaw.com/blog/ashley-phosphate-road-i-26-dangerous-intersection-charleston/#who-is-liable,DESKTOP,0,2,0,8
https://rodenlaw.com/blog/ashley-phosphate-road-i-26-dangerous-intersection-charleston/#who-is-liable,MOBILE,0,79,0,8.87
https://rodenlaw.com/blog/ashley-phosphate-road-i-26-dangerous-intersection-charleston/#why-ashley-phosphate-dangerous,DESKTOP,0,35,0,7.86
https://rodenlaw.com/blog/ashley-phosphate-road-i-26-dangerous-intersection-charleston/#why-ashley-phosphate-dangerous,MOBILE,0,79,0,8.87
https://rodenlaw.com/blog/atlantic-coastal-highway-us-17-rideshare-uber-lyft-crash-savannah-intermodal-transit-center/,DESKTOP,0,62,0,16.44
https://rodenlaw.com/blog/atlantic-coastal-highway-us-17-rideshare-uber-lyft-crash-savannah-intermodal-transit-center/,MOBILE,0,18,0,20.33
https://rodenlaw.com/blog/atm-attack-liability/,DESKTOP,0,644,0,47.3
https://rodenlaw.com/blog/atm-attack-liability/,MOBILE,0,254,0,39.05
https://rodenlaw.com/blog/atm-attack-liability/,TABLET,0,5,0,4.8
https://rodenlaw.com/blog/average-personal-injury-settlement-amounts/,DESKTOP,0,3666,0,36.91
https://rodenlaw.com/blog/average-personal-injury-settlement-amounts/,TABLET,0,38,0,27.03
https://rodenlaw.com/blog/average-personal-injury-settlement-amounts/#factors-higher,DESKTOP,0,54,0,8.43
https://rodenlaw.com/blog/average-personal-injury-settlement-amounts/#factors-higher,MOBILE,0,377,0,7.01
https://rodenlaw.com/blog/average-personal-injury-settlement-amounts/#factors-higher,TABLET,0,2,0,5.5
https://rodenlaw.com/blog/average-personal-injury-settlement-amounts/#factors-lower,MOBILE,0,377,0,7.01
https://rodenlaw.com/blog/average-personal-injury-settlement-amounts/#factors-lower,TABLET,0,2,0,5.5
https://rodenlaw.com/blog/average-personal-injury-settlement-amounts/#georgia-law,MOBILE,0,377,0,7.01
https://rodenlaw.com/blog/average-personal-injury-settlement-amounts/#georgia-law,TABLET,0,2,0,5.5
https://rodenlaw.com/blog/average-personal-injury-settlement-amounts/#never-compare,MOBILE,0,377,0,7.01
https://rodenlaw.com/blog/average-personal-injury-settlement-amounts/#never-compare,TABLET,0,2,0,5.5
https://rodenlaw.com/blog/average-personal-injury-settlement-amounts/#no-average-settlement,MOBILE,0,377,0,7.01
https://rodenlaw.com/blog/average-personal-injury-settlement-amounts/#no-average-settlement,TABLET,0,2,0,5.5
https://rodenlaw.com/blog/average-personal-injury-settlement-amounts/#settlement-ranges-by-case-type,DESKTOP,0,54,0,8.43
https://rodenlaw.com/blog/average-personal-injury-settlement-amounts/#settlement-ranges-by-case-type,MOBILE,0,377,0,7.01
https://rodenlaw.com/blog/average-personal-injury-settlement-amounts/#settlement-ranges-by-case-type,TABLET,0,2,0,5.5
https://rodenlaw.com/blog/average-personal-injury-settlement-amounts/#south-carolina-law,MOBILE,0,377,0,7.01
https://rodenlaw.com/blog/average-personal-injury-settlement-amounts/#south-carolina-law,TABLET,0,2,0,5.5
https://rodenlaw.com/blog/avoid-dangerous-medication-errors/,DESKTOP,0,76,0,79.29
https://rodenlaw.com/blog/avoid-dangerous-medication-errors/,MOBILE,0,1,0,1
https://rodenlaw.com/blog/avoiding-bicycle-accidents/,DESKTOP,0,653,0,72.92
https://rodenlaw.com/blog/avoiding-bicycle-accidents/,MOBILE,0,164,0,66.09
https://rodenlaw.com/blog/avoiding-motorcycle-crash-injuries/,DESKTOP,0,764,0,37.21
https://rodenlaw.com/blog/avoiding-motorcycle-crash-injuries/,MOBILE,0,629,0,32.73
https://rodenlaw.com/blog/avoiding-motorcycle-crash-injuries/,TABLET,0,1,0,35
https://rodenlaw.com/blog/beginning-motorcycle-biker-risks/,DESKTOP,0,114,0,41.57
https://rodenlaw.com/blog/beginning-motorcycle-biker-risks/,MOBILE,0,213,0,6.92
https://rodenlaw.com/blog/beginning-motorcycle-biker-risks/,TABLET,0,2,0,2
https://rodenlaw.com/blog/ben-sawyer-boulevard-bridge-accidents-sullivans-island/,DESKTOP,0,106,0,13.54
https://rodenlaw.com/blog/ben-sawyer-boulevard-bridge-accidents-sullivans-island/,MOBILE,0,22,0,12.86
https://rodenlaw.com/blog/benefit-of-a-personal-injury-pain-diary/,DESKTOP,0,391,0,30.81
https://rodenlaw.com/blog/benefit-of-a-personal-injury-pain-diary/,MOBILE,0,61,0,19.05
https://rodenlaw.com/blog/benefits-for-workplace-violence/,DESKTOP,0,3898,0,38.05
https://rodenlaw.com/blog/benefits-for-workplace-violence/,TABLET,0,5,0,57.8
https://rodenlaw.com/blog/benefits-for-workplace-violence/#covered-scenarios,MOBILE,0,84,0,6.43
https://rodenlaw.com/blog/benefits-for-workplace-violence/#ga-rules,DESKTOP,0,3,0,11.33
https://rodenlaw.com/blog/benefits-for-workplace-violence/#ga-rules,MOBILE,0,84,0,6.43
https://rodenlaw.com/blog/benefits-for-workplace-violence/#not-covered,MOBILE,0,84,0,6.43
https://rodenlaw.com/blog/benefits-for-workplace-violence/#sc-rules,DESKTOP,0,182,0,3.65
https://rodenlaw.com/blog/benefits-for-workplace-violence/#sc-rules,MOBILE,0,84,0,6.43
https://rodenlaw.com/blog/benefits-for-workplace-violence/#short-answer,MOBILE,0,84,0,6.43
https://rodenlaw.com/blog/benefits-for-workplace-violence/#what-counts,DESKTOP,0,181,0,3.61
https://rodenlaw.com/blog/benefits-for-workplace-violence/#what-counts,MOBILE,0,84,0,6.43
https://rodenlaw.com/blog/benefits-for-workplace-violence/#work-connection,DESKTOP,0,183,0,3.69
https://rodenlaw.com/blog/benefits-for-workplace-violence/#work-connection,MOBILE,0,84,0,6.43
https://rodenlaw.com/blog/benefits-of-an-accident-reconstruction-expert/,DESKTOP,0,773,0,58.31
https://rodenlaw.com/blog/benefits-of-an-accident-reconstruction-expert/,MOBILE,0,62,0,46.92
https://rodenlaw.com/blog/benefits-of-an-accident-reconstructionist/,DESKTOP,0,359,0,48.68
https://rodenlaw.com/blog/benefits-of-an-accident-reconstructionist/,MOBILE,0,41,0,32.24
https://rodenlaw.com/blog/benefits-of-an-accident-reconstructionist/,TABLET,0,1,0,12
https://rodenlaw.com/blog/benefits-of-hiring-personal-injury-lawyer/,MOBILE,0,1640,0,36.8
https://rodenlaw.com/blog/best-car-accident-lawyer-ashley-river-road-greenwood-park-west-ashley/,DESKTOP,0,56,0,35.39
https://rodenlaw.com/blog/best-car-accident-lawyer-ashley-river-road-greenwood-park-west-ashley/,MOBILE,0,28,0,23.93
https://rodenlaw.com/blog/blind-spot-accidents/,DESKTOP,0,1906,0,37.42
https://rodenlaw.com/blog/blind-spot-accidents/,TABLET,0,136,0,22.48
https://rodenlaw.com/blog/blog-5-benefits-of-hiring-a-truck-accident-attorney-in-2023/,DESKTOP,0,91,0,9.51
https://rodenlaw.com/blog/blog-5-benefits-of-hiring-a-truck-accident-attorney-in-2023/,MOBILE,0,12,0,19.92
https://rodenlaw.com/blog/blog-am-i-eligible-for-workers-compensation/,DESKTOP,0,20,0,67.3
https://rodenlaw.com/blog/blog-am-i-eligible-for-workers-compensation/,MOBILE,0,56,0,73.95
https://rodenlaw.com/blog/blog-filing-soft-tissue-injury-claims-in-charleston/,DESKTOP,0,2505,0,60.62
https://rodenlaw.com/blog/blog-filing-soft-tissue-injury-claims-in-charleston/,MOBILE,0,1106,0,58.13
https://rodenlaw.com/blog/blog-filing-soft-tissue-injury-claims-in-charleston/,TABLET,0,1,0,80
https://rodenlaw.com/blog/blog-georgia-statute-of-limitations/,DESKTOP,0,581,0,10.48
https://rodenlaw.com/blog/blog-georgia-statute-of-limitations/,MOBILE,0,39,0,9.54
https://rodenlaw.com/blog/blog-savannah-ppi-attorney/,DESKTOP,0,2,0,15
https://rodenlaw.com/blog/blog-savannah-ppi-attorney/,MOBILE,0,4,0,28
https://rodenlaw.com/blog/blog-the-importance-of-gathering-evidence-after-a-motorcycle-accident/,DESKTOP,0,28,0,8.75
https://rodenlaw.com/blog/blog-the-importance-of-gathering-evidence-after-a-motorcycle-accident/,MOBILE,0,6,0,34.67
https://rodenlaw.com/blog/blog-the-role-of-vocational-rehabilitation-in-workers-compensation-cases/,DESKTOP,0,119,0,12.53
https://rodenlaw.com/blog/blog-the-role-of-vocational-rehabilitation-in-workers-compensation-cases/,MOBILE,0,6,0,10.83
https://rodenlaw.com/blog/blog-what-to-do-if-your-workers-compensation-claim-is-denied/,DESKTOP,0,105,0,18
https://rodenlaw.com/blog/blog-what-to-do-if-your-workers-compensation-claim-is-denied/,MOBILE,0,26,0,23.65
https://rodenlaw.com/blog/blog-when-does-workers-compensation-stop-paying/,DESKTOP,0,18,0,39.61
https://rodenlaw.com/blog/blog-when-does-workers-compensation-stop-paying/,MOBILE,0,7,0,8.14
https://rodenlaw.com/blog/blog-when-does-workers-compensation-stop-paying/,TABLET,0,1,0,8
https://rodenlaw.com/blog/blog-workers-comp-for-carpal-tunnel-syndrome/,DESKTOP,0,295,0,44.14
https://rodenlaw.com/blog/blog-workers-comp-for-carpal-tunnel-syndrome/,MOBILE,0,224,0,21.11
https://rodenlaw.com/blog/blog-workers-comp-for-carpal-tunnel-syndrome/,TABLET,0,2,0,42.5
https://rodenlaw.com/blog/blog-workers-compensation-benefit-types/,DESKTOP,0,8,0,39.38
https://rodenlaw.com/blog/blog-workers-compensation-benefit-types/,MOBILE,0,3,0,20
https://rodenlaw.com/blog/blunt-force-trauma-after-savannah-car-crash/,TABLET,0,1023,0,9.62
https://rodenlaw.com/blog/blunt-force-trauma-from-a-crash-what-you-need-to-know/,TABLET,0,79,0,11.59
https://rodenlaw.com/blog/boating-accidents-charleston-harbor-legal-rights/,DESKTOP,0,102,0,31.45
https://rodenlaw.com/blog/boating-accidents-charleston-harbor-legal-rights/,MOBILE,0,52,0,43.73
https://rodenlaw.com/blog/boating-safely-in-georgia/,DESKTOP,0,314,0,63.4
https://rodenlaw.com/blog/boating-safely-in-georgia/,MOBILE,0,202,0,71.57
https://rodenlaw.com/blog/boeing-north-charleston-workplace-injuries-workers-comp/,DESKTOP,0,69,0,35.43
https://rodenlaw.com/blog/boeing-north-charleston-workplace-injuries-workers-comp/,MOBILE,0,67,0,30.61
https://rodenlaw.com/blog/boys-estate-glynn-county-best-car-accident-lawyer/,DESKTOP,0,197,0,8.42
https://rodenlaw.com/blog/boys-estate-glynn-county-best-car-accident-lawyer/,MOBILE,0,2,0,10.5
https://rodenlaw.com/blog/brain-injury-claim/,DESKTOP,0,2819,0,51.22
https://rodenlaw.com/blog/brain-injury-claim/,MOBILE,0,1156,0,60.17
https://rodenlaw.com/blog/brain-injury-claim/,TABLET,0,9,0,69.78
https://rodenlaw.com/blog/broad-river-road-pedestrian-accident-lawyer-harbison-columbia/,DESKTOP,0,301,0,34.68
https://rodenlaw.com/blog/broad-river-road-pedestrian-accident-lawyer-harbison-columbia/,MOBILE,0,146,0,34.21
https://rodenlaw.com/blog/broad-river-road-pedestrian-accident-lawyer-harbison-columbia/,TABLET,0,16,0,30.31
https://rodenlaw.com/blog/brunswick-i-95-truck-accident-lawyer/,DESKTOP,0,441,0,13.72
https://rodenlaw.com/blog/brunswick-i-95-truck-accident-lawyer/,MOBILE,0,169,0,14.73
https://rodenlaw.com/blog/brunswick-ocean-highway-us-17-underinsured-motorist-lawyer-glynn-county/,DESKTOP,0,10,0,47.3
https://rodenlaw.com/blog/bucksport-marina-waccamaw-intracoastal-boating-accident-lawyer/,DESKTOP,0,1,0,13
https://rodenlaw.com/blog/burn-injury-workers-compensation/,TABLET,0,46,0,23.59
https://rodenlaw.com/blog/calculating-compensation-for-whiplash-injuries/#comparative-fault,MOBILE,0,281,0,9.31
https://rodenlaw.com/blog/calculating-compensation-for-whiplash-injuries/#comparative-fault,TABLET,0,12,0,10.67
https://rodenlaw.com/blog/calculating-compensation-for-whiplash-injuries/#how-damages-calculated,DESKTOP,0,276,0,8.77
https://rodenlaw.com/blog/calculating-compensation-for-whiplash-injuries/#how-damages-calculated,MOBILE,0,281,0,9.31
https://rodenlaw.com/blog/calculating-compensation-for-whiplash-injuries/#how-damages-calculated,TABLET,0,12,0,10.67
https://rodenlaw.com/blog/calculating-compensation-for-whiplash-injuries/#statute-of-limitations,MOBILE,0,281,0,9.31
https://rodenlaw.com/blog/calculating-compensation-for-whiplash-injuries/#statute-of-limitations,TABLET,0,12,0,10.67
https://rodenlaw.com/blog/calculating-compensation-for-whiplash-injuries/#types-of-compensation,DESKTOP,0,315,0,7.73
https://rodenlaw.com/blog/calculating-compensation-for-whiplash-injuries/#types-of-compensation,MOBILE,0,282,0,9.29
https://rodenlaw.com/blog/calculating-compensation-for-whiplash-injuries/#types-of-compensation,TABLET,0,12,0,10.67
https://rodenlaw.com/blog/calculating-compensation-for-whiplash-injuries/#what-is-whiplash,DESKTOP,0,255,0,9.03
https://rodenlaw.com/blog/calculating-compensation-for-whiplash-injuries/#what-is-whiplash,MOBILE,0,282,0,9.29
https://rodenlaw.com/blog/calculating-compensation-for-whiplash-injuries/#what-is-whiplash,TABLET,0,12,0,10.67
https://rodenlaw.com/blog/calculating-compensation-for-whiplash-injuries/#whiplash-grading,DESKTOP,0,54,0,7.3
https://rodenlaw.com/blog/calculating-compensation-for-whiplash-injuries/#whiplash-grading,MOBILE,0,281,0,9.31
https://rodenlaw.com/blog/calculating-compensation-for-whiplash-injuries/#whiplash-grading,TABLET,0,12,0,10.67
https://rodenlaw.com/blog/calculating-pain-and-suffering-after-a-charleston-pedestrian-accident/,DESKTOP,0,360,0,29.89
https://rodenlaw.com/blog/calculating-pain-and-suffering-after-a-charleston-pedestrian-accident/,MOBILE,0,85,0,53.89
https://rodenlaw.com/blog/calculating-pain-and-suffering-after-a-charleston-pedestrian-accident/,TABLET,0,1,0,49
https://rodenlaw.com/blog/can-a-witness-be-forced-to-testify-for-a-savannah-car-crash-case/,MOBILE,0,1,0,11
https://rodenlaw.com/blog/can-an-insurance-company-go-against-a-police-report/,TABLET,0,79,0,7.44
https://rodenlaw.com/blog/can-an-insurance-company-go-against-a-police-report/#police-report-as-evidence,MOBILE,0,155,0,8.67
https://rodenlaw.com/blog/can-an-insurance-company-go-against-a-police-report/#police-report-as-evidence,TABLET,0,1,0,2
https://rodenlaw.com/blog/can-an-insurance-company-go-against-a-police-report/#police-reports-georgia-sc,DESKTOP,0,1,0,6
https://rodenlaw.com/blog/can-an-insurance-company-go-against-a-police-report/#police-reports-georgia-sc,MOBILE,0,155,0,8.67
https://rodenlaw.com/blog/can-an-insurance-company-go-against-a-police-report/#police-reports-georgia-sc,TABLET,0,1,0,2
https://rodenlaw.com/blog/can-an-insurance-company-go-against-a-police-report/#short-answer,DESKTOP,0,3,0,8.33
https://rodenlaw.com/blog/can-an-insurance-company-go-against-a-police-report/#short-answer,MOBILE,0,155,0,8.67
https://rodenlaw.com/blog/can-an-insurance-company-go-against-a-police-report/#short-answer,TABLET,0,1,0,2
https://rodenlaw.com/blog/can-an-insurance-company-go-against-a-police-report/#what-if-report-wrong,MOBILE,0,155,0,8.67
https://rodenlaw.com/blog/can-an-insurance-company-go-against-a-police-report/#what-if-report-wrong,TABLET,0,1,0,2
https://rodenlaw.com/blog/can-an-insurance-company-go-against-a-police-report/#what-police-report-contains,MOBILE,0,155,0,8.67
https://rodenlaw.com/blog/can-an-insurance-company-go-against-a-police-report/#what-police-report-contains,TABLET,0,1,0,2
https://rodenlaw.com/blog/can-an-insurance-company-go-against-a-police-report/#why-insurers-dispute,DESKTOP,0,265,0,7.85
https://rodenlaw.com/blog/can-an-insurance-company-go-against-a-police-report/#why-insurers-dispute,MOBILE,0,155,0,8.67
https://rodenlaw.com/blog/can-an-insurance-company-go-against-a-police-report/#why-insurers-dispute,TABLET,0,1,0,2
https://rodenlaw.com/blog/can-an-insurance-company-go-against-a-police-report/#why-insurers-review,DESKTOP,0,261,0,7.85
https://rodenlaw.com/blog/can-an-insurance-company-go-against-a-police-report/#why-insurers-review,MOBILE,0,155,0,8.67
https://rodenlaw.com/blog/can-an-insurance-company-go-against-a-police-report/#why-insurers-review,TABLET,0,1,0,2
https://rodenlaw.com/blog/can-passengers-be-at-fault-for-a-crash/,DESKTOP,0,2,0,15.5
https://rodenlaw.com/blog/can-passengers-be-at-fault-for-a-savannah-crash/,DESKTOP,0,168,0,52.85
https://rodenlaw.com/blog/can-passengers-be-at-fault-for-a-savannah-crash/,MOBILE,0,49,0,15.29
https://rodenlaw.com/blog/can-passengers-be-at-fault-for-a-savannah-crash/,TABLET,0,1,0,8
https://rodenlaw.com/blog/can-someone-sue-me-for-a-car-accident/,DESKTOP,0,1957,0,27.2
https://rodenlaw.com/blog/can-someone-sue-me-for-a-car-accident/,TABLET,0,12,0,14.92
https://rodenlaw.com/blog/can-someone-sue-me-for-a-car-accident/#comparative-fault,MOBILE,0,86,0,10.4
https://rodenlaw.com/blog/can-someone-sue-me-for-a-car-accident/#comparative-fault,TABLET,0,1,0,11
https://rodenlaw.com/blog/can-someone-sue-me-for-a-car-accident/#fault-determination,MOBILE,0,86,0,10.4
https://rodenlaw.com/blog/can-someone-sue-me-for-a-car-accident/#fault-determination,TABLET,0,1,0,11
https://rodenlaw.com/blog/can-someone-sue-me-for-a-car-accident/#short-answer,DESKTOP,0,24,0,9.38
https://rodenlaw.com/blog/can-someone-sue-me-for-a-car-accident/#short-answer,MOBILE,0,86,0,10.4
https://rodenlaw.com/blog/can-someone-sue-me-for-a-car-accident/#short-answer,TABLET,0,1,0,11
https://rodenlaw.com/blog/can-someone-sue-me-for-a-car-accident/#statute-of-limitations,MOBILE,0,86,0,10.4
https://rodenlaw.com/blog/can-someone-sue-me-for-a-car-accident/#statute-of-limitations,TABLET,0,1,0,11
https://rodenlaw.com/blog/can-someone-sue-me-for-a-car-accident/#types-of-damages,MOBILE,0,86,0,10.4
https://rodenlaw.com/blog/can-someone-sue-me-for-a-car-accident/#types-of-damages,TABLET,0,1,0,11
https://rodenlaw.com/blog/can-someone-sue-me-for-a-car-accident/#when-insurance-covers,DESKTOP,0,38,0,9.89
https://rodenlaw.com/blog/can-someone-sue-me-for-a-car-accident/#when-insurance-covers,MOBILE,0,86,0,10.4
https://rodenlaw.com/blog/can-someone-sue-me-for-a-car-accident/#when-insurance-covers,TABLET,0,1,0,11
https://rodenlaw.com/blog/can-someone-sue-me-for-a-car-accident/#when-personal-assets,DESKTOP,0,14,0,10.79
https://rodenlaw.com/blog/can-someone-sue-me-for-a-car-accident/#when-personal-assets,MOBILE,0,86,0,10.4
https://rodenlaw.com/blog/can-someone-sue-me-for-a-car-accident/#when-personal-assets,TABLET,0,1,0,11
https://rodenlaw.com/blog/can-witnesses-be-forced-to-testify-in-car-crash-case/,DESKTOP,0,363,0,52.9
https://rodenlaw.com/blog/can-witnesses-be-forced-to-testify-in-car-crash-case/,MOBILE,0,272,0,54.54
https://rodenlaw.com/blog/can-you-sue-hipaa-violation/,DESKTOP,0,59,0,25.14
https://rodenlaw.com/blog/can-you-sue-hipaa-violation/,MOBILE,0,14,0,9.14
https://rodenlaw.com/blog/can-you-sue-hospital-negligence/,DESKTOP,0,624,0,45.37
https://rodenlaw.com/blog/can-you-sue-hospital-negligence/,MOBILE,0,247,0,38.85
https://rodenlaw.com/blog/can-you-sue-hospital-negligence/,TABLET,0,6,0,36.17
https://rodenlaw.com/blog/car-accident-attorney-near-me-west-ashley-citadel-mall/,DESKTOP,0,13,0,65.62
https://rodenlaw.com/blog/car-accident-attorney-near-me-west-ashley-citadel-mall/,MOBILE,0,1,0,18
https://rodenlaw.com/blog/car-accident-claim-evidence/,DESKTOP,0,1,0,71
https://rodenlaw.com/blog/car-accidents-and-daylight-savings-time/,DESKTOP,0,1217,0,30.87
https://rodenlaw.com/blog/car-accidents-and-daylight-savings-time/,MOBILE,0,240,0,43.67
https://rodenlaw.com/blog/car-accidents-ladson-i-26-exit-203-danger-zone/,DESKTOP,0,11,0,12.27
https://rodenlaw.com/blog/car-accidents-ladson-i-26-exit-203-danger-zone/,MOBILE,0,15,0,5.87
https://rodenlaw.com/blog/car-accidents-on-coleman-boulevard-in-mount-pleasant/,DESKTOP,0,155,0,62.72
https://rodenlaw.com/blog/car-accidents-on-coleman-boulevard-in-mount-pleasant/,MOBILE,0,117,0,61.94
https://rodenlaw.com/blog/car-accidents-on-coleman-boulevard/,DESKTOP,0,500,0,71.56
https://rodenlaw.com/blog/car-accidents-on-coleman-boulevard/,MOBILE,0,398,0,67.26
https://rodenlaw.com/blog/car-accidents-on-i-26-in-north-charleston/,DESKTOP,0,1521,0,51.89
https://rodenlaw.com/blog/car-accidents-on-i-26-in-north-charleston/,TABLET,0,3,0,8.33
https://rodenlaw.com/blog/car-crash-crush-injuries-in-charleston/,DESKTOP,0,210,0,29.83
https://rodenlaw.com/blog/car-crash-crush-injuries-in-charleston/,MOBILE,0,103,0,30.15
https://rodenlaw.com/blog/car-insurance-add-ons/,TABLET,0,83,0,29.7
https://rodenlaw.com/blog/car-insurance-add-ons/#collision-comprehensive,MOBILE,0,27,0,7.33
https://rodenlaw.com/blog/car-insurance-add-ons/#gap-insurance,DESKTOP,0,13,0,10.23
https://rodenlaw.com/blog/car-insurance-add-ons/#gap-insurance,MOBILE,0,27,0,7.33
https://rodenlaw.com/blog/car-insurance-add-ons/#medpay,MOBILE,0,27,0,7.33
https://rodenlaw.com/blog/car-insurance-add-ons/#minimum-requirements,DESKTOP,0,11,0,10.09
https://rodenlaw.com/blog/car-insurance-add-ons/#minimum-requirements,MOBILE,0,27,0,7.33
https://rodenlaw.com/blog/car-insurance-add-ons/#rental-roadside,DESKTOP,0,2,0,11
https://rodenlaw.com/blog/car-insurance-add-ons/#rental-roadside,MOBILE,0,27,0,7.33
https://rodenlaw.com/blog/car-insurance-add-ons/#underinsured-motorist,MOBILE,0,27,0,7.33
https://rodenlaw.com/blog/car-insurance-add-ons/#uninsured-motorist,MOBILE,0,27,0,7.33
https://rodenlaw.com/blog/car-insurance-claim-denial-tactics/,DESKTOP,0,755,0,31.49
https://rodenlaw.com/blog/car-insurance-claim-denial-tactics/,MOBILE,0,304,0,47.11
https://rodenlaw.com/blog/car-insurance-claim-denial-tactics/,TABLET,0,3,0,35
https://rodenlaw.com/blog/car-totaled-in-accident-what-to-do/,DESKTOP,0,162,0,55.02
https://rodenlaw.com/blog/car-totaled-in-accident-what-to-do/,MOBILE,0,24,0,40.33
https://rodenlaw.com/blog/car-totaled-in-accident-what-to-do/,TABLET,0,1,0,43
https://rodenlaw.com/blog/carriage-tour-accidents-downtown-charleston-liability/,DESKTOP,0,6,0,26.83
https://rodenlaw.com/blog/carriage-tour-accidents-downtown-charleston-liability/,MOBILE,0,1,0,3
https://rodenlaw.com/blog/category/accident-compensation/,DESKTOP,0,2,0,27
https://rodenlaw.com/blog/category/atv-accident/,DESKTOP,0,69,0,26.77
https://rodenlaw.com/blog/category/atv-accident/,MOBILE,0,18,0,49.28
https://rodenlaw.com/blog/category/bicycle-accident/,DESKTOP,0,112,0,45.51
https://rodenlaw.com/blog/category/bicycle-accident/,MOBILE,0,77,0,48.29
https://rodenlaw.com/blog/category/bicycle-accident/,TABLET,0,4,0,72.5
https://rodenlaw.com/blog/category/boating-accident/,DESKTOP,0,4,0,30.5
https://rodenlaw.com/blog/category/bus-accident/,DESKTOP,0,151,0,36.21
https://rodenlaw.com/blog/category/bus-accident/,MOBILE,0,38,0,26.16
https://rodenlaw.com/blog/category/car-accident-help/,DESKTOP,0,2,0,16
https://rodenlaw.com/blog/category/car-accident-help/,MOBILE,0,6,0,11.83
https://rodenlaw.com/blog/category/car-accident/,MOBILE,0,1450,0,25.68
https://rodenlaw.com/blog/category/car-accident/,TABLET,0,1,0,13
https://rodenlaw.com/blog/category/car-accident/page/10/,DESKTOP,0,3,0,113
https://rodenlaw.com/blog/category/car-accident/page/12/,DESKTOP,0,1,0,78
https://rodenlaw.com/blog/category/car-accident/page/14/,DESKTOP,0,1,0,146
https://rodenlaw.com/blog/category/car-accident/page/2/,DESKTOP,0,2,0,69
https://rodenlaw.com/blog/category/car-accident/page/3/,DESKTOP,0,1,0,69
https://rodenlaw.com/blog/category/car-accident/page/4/,DESKTOP,0,1,0,27
https://rodenlaw.com/blog/category/car-accident/page/5/,DESKTOP,0,9,0,66.67
https://rodenlaw.com/blog/category/car-accident/page/5/,MOBILE,0,8,0,72.88
https://rodenlaw.com/blog/category/car-accident/page/6/,DESKTOP,0,2,0,40.5
https://rodenlaw.com/blog/category/car-accident/page/8/,DESKTOP,0,1,0,96
https://rodenlaw.com/blog/category/car-accident/page/9/,DESKTOP,0,1,0,44
https://rodenlaw.com/blog/category/car-accidents/,DESKTOP,0,15,0,22.4
https://rodenlaw.com/blog/category/charleston/,DESKTOP,0,5,0,14.4
https://rodenlaw.com/blog/category/charleston/,MOBILE,0,1,0,11
https://rodenlaw.com/blog/category/consumer-alerts/,DESKTOP,0,6,0,93.33
https://rodenlaw.com/blog/category/free-case-review/,DESKTOP,0,14,0,60.57
https://rodenlaw.com/blog/category/free-case-review/,MOBILE,0,3,0,33.67
https://rodenlaw.com/blog/category/golf-cart-accident/,DESKTOP,0,160,0,20.18
https://rodenlaw.com/blog/category/golf-cart-accident/,MOBILE,0,82,0,20.3
https://rodenlaw.com/blog/category/labor-and-employment/,DESKTOP,0,92,0,81.87
https://rodenlaw.com/blog/category/labor-and-employment/,MOBILE,0,5,0,87.6
https://rodenlaw.com/blog/category/legal-guidance/,DESKTOP,0,46,0,6.72
https://rodenlaw.com/blog/category/legal-guidance/,MOBILE,0,12,0,5
https://rodenlaw.com/blog/category/lost-wages-support/,DESKTOP,0,5,0,75
https://rodenlaw.com/blog/category/medical-malpractice/,DESKTOP,0,131,0,73.97
https://rodenlaw.com/blog/category/medical-malpractice/,MOBILE,0,33,0,79.7
https://rodenlaw.com/blog/category/motorcycle-accident/,DESKTOP,0,28,0,10.86
https://rodenlaw.com/blog/category/motorcycle-accident/,MOBILE,0,4,0,11.25
https://rodenlaw.com/blog/category/myrtle-beach/,DESKTOP,0,6,0,33.83
https://rodenlaw.com/blog/category/north-charleston/,DESKTOP,0,11,0,8.55
https://rodenlaw.com/blog/category/north-charleston/,MOBILE,0,7,0,6.86
https://rodenlaw.com/blog/category/nursing-home-abuse/,DESKTOP,0,23,0,41.43
https://rodenlaw.com/blog/category/nursing-home-abuse/,MOBILE,0,7,0,11.14
https://rodenlaw.com/blog/category/nursing-home-abuse/,TABLET,0,2,0,10
https://rodenlaw.com/blog/category/pedestrian-accident/,DESKTOP,0,109,0,23.06
https://rodenlaw.com/blog/category/pedestrian-accident/,MOBILE,0,96,0,15.8
https://rodenlaw.com/blog/category/pedestrian-accident/,TABLET,0,2,0,7.5
https://rodenlaw.com/blog/category/personal-injury/,DESKTOP,0,116000,0,74.19
https://rodenlaw.com/blog/category/personal-injury/,MOBILE,0,69349,0,76.64
https://rodenlaw.com/blog/category/personal-injury/,TABLET,0,71,0,76.82
https://rodenlaw.com/blog/category/personal-injury/page/2/,DESKTOP,0,105,0,62.83
https://rodenlaw.com/blog/category/personal-injury/page/2/,MOBILE,0,40,0,70.53
https://rodenlaw.com/blog/category/personal-injury/page/3/,DESKTOP,0,2,0,80
https://rodenlaw.com/blog/category/personal-injury/page/3/,MOBILE,0,2,0,11
https://rodenlaw.com/blog/category/personal-injury/page/7/,DESKTOP,0,4,0,9.25
https://rodenlaw.com/blog/category/personal-injury/page/7/,MOBILE,0,3,0,9
https://rodenlaw.com/blog/category/personal-injury/page/9/,DESKTOP,0,1,0,98
https://rodenlaw.com/blog/category/rideshare-accident/,DESKTOP,0,16,0,15.44
https://rodenlaw.com/blog/category/scooter-accident/,DESKTOP,0,399,0,41.03
https://rodenlaw.com/blog/category/scooter-accident/,MOBILE,0,35,0,27.37
https://rodenlaw.com/blog/category/truck-accident/,MOBILE,0,207,0,56.58
https://rodenlaw.com/blog/category/truck-accident/,TABLET,0,1,0,83
https://rodenlaw.com/blog/category/truck-accident/page/2/,DESKTOP,0,3,0,37
https://rodenlaw.com/blog/category/uncategorized/,MOBILE,0,2,0,44
https://rodenlaw.com/blog/category/workers-compensation/,DESKTOP,0,10,0,70.5
https://rodenlaw.com/blog/category/workers-compensation/,MOBILE,0,2,0,49
https://rodenlaw.com/blog/category/workers-compensation/page/2/,DESKTOP,0,27,0,35.89
https://rodenlaw.com/blog/category/workers-compensation/page/3/,DESKTOP,0,14,0,82.43
https://rodenlaw.com/blog/category/workers-compensation/page/3/,MOBILE,0,1,0,81
https://rodenlaw.com/blog/cayce-12th-street-uninsured-motorist-lawyer/,DESKTOP,0,12,0,36.5
https://rodenlaw.com/blog/certification-of-permanent-injury/#ga-sc-rules,DESKTOP,0,5,0,11
https://rodenlaw.com/blog/certification-of-permanent-injury/#why-certification-matters,DESKTOP,0,5,0,11
https://rodenlaw.com/blog/changing-workers-comp-doctors-in-georgia/,MOBILE,0,238,0,53.38
https://rodenlaw.com/blog/changing-workers-comp-doctors-in-georgia/,TABLET,0,1,0,1
https://rodenlaw.com/blog/charleston-car-crash-brain-injuries/,DESKTOP,0,3579,0,68.94
https://rodenlaw.com/blog/charleston-car-crash-brain-injuries/,TABLET,0,7,0,23.86
https://rodenlaw.com/blog/charleston-car-crash-doctor-talk/,DESKTOP,0,185,0,61.17
https://rodenlaw.com/blog/charleston-car-crash-doctor-talk/,MOBILE,0,137,0,42.32
https://rodenlaw.com/blog/charleston-car-crash-facial-injuries/,DESKTOP,0,3556,0,56.25
https://rodenlaw.com/blog/charleston-car-crash-facial-injuries/,MOBILE,0,2953,0,50.15
https://rodenlaw.com/blog/charleston-car-crash-facial-injuries/,TABLET,0,4,0,1.25
https://rodenlaw.com/blog/charleston-delivery-truck-pedestrian-cyclist-accidents/,DESKTOP,0,220,0,31.26
https://rodenlaw.com/blog/charleston-delivery-truck-pedestrian-cyclist-accidents/,MOBILE,0,59,0,45.31
https://rodenlaw.com/blog/charleston-historic-sidewalk-slip-fall-city-liable/,DESKTOP,0,82,0,10.34
https://rodenlaw.com/blog/charleston-historic-sidewalk-slip-fall-city-liable/,MOBILE,0,109,0,3.41
https://rodenlaw.com/blog/charleston-historic-sidewalk-slip-fall-city-liable/,TABLET,0,4,0,2.25
https://rodenlaw.com/blog/charleston-lyft-driver-ran-red-light-and-hit-my-car/,DESKTOP,0,1668,0,45.93
https://rodenlaw.com/blog/charleston-lyft-driver-ran-red-light-and-hit-my-car/,MOBILE,0,1230,0,45.85
https://rodenlaw.com/blog/charleston-lyft-driver-ran-red-light-and-hit-my-car/,TABLET,0,7,0,20.43
https://rodenlaw.com/blog/charleston-medical-malpractice-hospital-claim-south-carolina/,TABLET,0,42,0,82.36
https://rodenlaw.com/blog/charleston-medical-malpractice-hospital-claim-south-carolina/#charleston-med-mal,MOBILE,0,2,0,11.5
https://rodenlaw.com/blog/charleston-medical-malpractice-hospital-claim-south-carolina/#common-types,MOBILE,0,2,0,11.5
https://rodenlaw.com/blog/charleston-medical-malpractice-hospital-claim-south-carolina/#damages-caps,MOBILE,0,2,0,11.5
https://rodenlaw.com/blog/charleston-medical-malpractice-hospital-claim-south-carolina/#expert-witness,MOBILE,0,2,0,11.5
https://rodenlaw.com/blog/charleston-medical-malpractice-hospital-claim-south-carolina/#hospital-vs-doctor,MOBILE,0,2,0,11.5
https://rodenlaw.com/blog/charleston-medical-malpractice-hospital-claim-south-carolina/#notice-of-intent,MOBILE,0,2,0,11.5
https://rodenlaw.com/blog/charleston-medical-malpractice-hospital-claim-south-carolina/#sc-med-mal-requirements,MOBILE,0,2,0,11.5
https://rodenlaw.com/blog/charleston-parking-lot-car-accident-liability/,TABLET,0,6,0,35.17
https://rodenlaw.com/blog/charleston-parking-lot-parking-garage-accident/,DESKTOP,0,819,0,35.18
https://rodenlaw.com/blog/charleston-parking-lot-parking-garage-accident/,TABLET,0,2,0,30.5
https://rodenlaw.com/blog/charleston-parking-lot-parking-garage-accident/#common-scenarios,DESKTOP,0,4,0,10.5
https://rodenlaw.com/blog/charleston-parking-lot-parking-garage-accident/#common-scenarios,MOBILE,0,3,0,9.33
https://rodenlaw.com/blog/charleston-parking-lot-parking-garage-accident/#fault-in-parking-lots,DESKTOP,0,3,0,11
https://rodenlaw.com/blog/charleston-parking-lot-parking-garage-accident/#fault-in-parking-lots,MOBILE,0,3,0,9.33
https://rodenlaw.com/blog/charleston-parking-lot-parking-garage-accident/#parking-lot-accidents-charleston,DESKTOP,0,1,0,9
https://rodenlaw.com/blog/charleston-parking-lot-parking-garage-accident/#parking-lot-accidents-charleston,MOBILE,0,3,0,9.33
https://rodenlaw.com/blog/charleston-parking-lot-parking-garage-accident/#pedestrian-strikes,MOBILE,0,3,0,9.33
https://rodenlaw.com/blog/charleston-parking-lot-parking-garage-accident/#police-reports,MOBILE,0,3,0,9.33
https://rodenlaw.com/blog/charleston-parking-lot-parking-garage-accident/#premises-liability,MOBILE,0,3,0,9.33
https://rodenlaw.com/blog/charleston-parking-lot-parking-garage-accident/#private-property-rules,MOBILE,0,3,0,9.33
https://rodenlaw.com/blog/charleston-reckless-driving-crash/,DESKTOP,0,1494,0,57.37
https://rodenlaw.com/blog/charleston-reckless-driving-crash/,MOBILE,0,943,0,56.24
https://rodenlaw.com/blog/charleston-reckless-driving-crash/,TABLET,0,27,0,75.26
https://rodenlaw.com/blog/charleston-rideshare-brake-failure-accident/,DESKTOP,0,398,0,83.6
https://rodenlaw.com/blog/charleston-rideshare-brake-failure-accident/,MOBILE,0,253,0,83.62
https://rodenlaw.com/blog/charleston-tourist-injuries-premises-liability-hotels-restaurants/,DESKTOP,0,8,0,45.88
https://rodenlaw.com/blog/charleston-tourist-injuries-premises-liability-hotels-restaurants/,MOBILE,0,17,0,51.94
https://rodenlaw.com/blog/charlestons-crash-hotspots-to-avoid-in-2025-2/,DESKTOP,0,7,0,6.14
https://rodenlaw.com/blog/charlestons-crash-hotspots-to-avoid-in-2025-2/,MOBILE,0,2,0,7
https://rodenlaw.com/blog/charlestons-crash-hotspots-to-avoid-in-2025/,DESKTOP,0,143,0,24.49
https://rodenlaw.com/blog/charlestons-crash-hotspots-to-avoid-in-2025/,TABLET,0,26,0,8.04
https://rodenlaw.com/blog/chicora-cherokee-carner-avenue-us-52-car-accident-attorney-north-charleston/,MOBILE,0,1,0,18
https://rodenlaw.com/blog/child-passenger-automobile-safety-georgia/,DESKTOP,0,146,0,61.79
https://rodenlaw.com/blog/child-passenger-automobile-safety-georgia/,MOBILE,0,22,0,34.23
https://rodenlaw.com/blog/choking-at-nursing-homes/,DESKTOP,0,1620,0,54.92
https://rodenlaw.com/blog/choking-at-nursing-homes/,MOBILE,0,586,0,37.66
https://rodenlaw.com/blog/choking-at-nursing-homes/,TABLET,0,3,0,20.33
https://rodenlaw.com/blog/choosing-the-right-nursing-home-for-your-loved-one/,DESKTOP,0,157,0,78.75
https://rodenlaw.com/blog/choosing-the-right-nursing-home-for-your-loved-one/,MOBILE,0,98,0,78.52
https://rodenlaw.com/blog/choosing-your-personal-injury-lawyer/,DESKTOP,0,225,0,57.66
https://rodenlaw.com/blog/choosing-your-personal-injury-lawyer/,MOBILE,0,92,0,50.11
https://rodenlaw.com/blog/claims-against-at-fault-drivers-who-died/,TABLET,0,76,0,8.93
https://rodenlaw.com/blog/claims-against-at-fault-drivers-who-died/#can-you-still-file,DESKTOP,0,97,0,4.69
https://rodenlaw.com/blog/claims-against-at-fault-drivers-who-died/#can-you-still-file,MOBILE,0,4,0,2
https://rodenlaw.com/blog/claims-against-at-fault-drivers-who-died/#can-you-still-file,TABLET,0,1,0,2
https://rodenlaw.com/blog/claims-against-at-fault-drivers-who-died/#insurance-claim,MOBILE,0,4,0,2
https://rodenlaw.com/blog/claims-against-at-fault-drivers-who-died/#insurance-claim,TABLET,0,1,0,2
https://rodenlaw.com/blog/claims-against-at-fault-drivers-who-died/#probate-process,MOBILE,0,4,0,2
https://rodenlaw.com/blog/claims-against-at-fault-drivers-who-died/#probate-process,TABLET,0,1,0,2
https://rodenlaw.com/blog/claims-against-at-fault-drivers-who-died/#statute-of-limitations,DESKTOP,0,97,0,4.69
https://rodenlaw.com/blog/claims-against-at-fault-drivers-who-died/#statute-of-limitations,MOBILE,0,4,0,2
https://rodenlaw.com/blog/claims-against-at-fault-drivers-who-died/#statute-of-limitations,TABLET,0,1,0,2
https://rodenlaw.com/blog/claims-against-at-fault-drivers-who-died/#suing-the-estate,MOBILE,0,4,0,2
https://rodenlaw.com/blog/claims-against-at-fault-drivers-who-died/#suing-the-estate,TABLET,0,1,0,2
https://rodenlaw.com/blog/claims-against-at-fault-drivers-who-died/#um-uim-coverage,MOBILE,0,4,0,2
https://rodenlaw.com/blog/claims-against-at-fault-drivers-who-died/#um-uim-coverage,TABLET,0,1,0,2
https://rodenlaw.com/blog/claims-against-at-fault-drivers-who-died/#wrongful-death-crossover,MOBILE,0,4,0,2
https://rodenlaw.com/blog/claims-against-at-fault-drivers-who-died/#wrongful-death-crossover,TABLET,0,1,0,2
https://rodenlaw.com/blog/claims-for-lost-wages/,DESKTOP,0,4070,0,34.21
https://rodenlaw.com/blog/claims-for-lost-wages/,MOBILE,0,2146,0,33.03
https://rodenlaw.com/blog/claims-for-lost-wages/,TABLET,0,8,0,24.12
https://rodenlaw.com/blog/college-campus-safety-tips-every-student-should-know/,DESKTOP,0,1563,0,60.42
https://rodenlaw.com/blog/college-campus-safety-tips-every-student-should-know/,MOBILE,0,416,0,17.84
https://rodenlaw.com/blog/college-campus-safety-tips-every-student-should-know/,TABLET,0,3,0,42
https://rodenlaw.com/blog/columbia-airport-expressway-us-378-truck-accident-springdale-lexington-county/,DESKTOP,0,44,0,41.8
https://rodenlaw.com/blog/columbia-airport-expressway-us-378-truck-accident-springdale-lexington-county/,MOBILE,0,13,0,15.38
https://rodenlaw.com/blog/columbia-dangerous-intersections-roads/,DESKTOP,0,185,0,17.31
https://rodenlaw.com/blog/columbia-dangerous-intersections-roads/,TABLET,0,22,0,6
https://rodenlaw.com/blog/commercial-truck-accidents-who-is-at-fault/,DESKTOP,0,341,0,53.31
https://rodenlaw.com/blog/commercial-truck-accidents-who-is-at-fault/,MOBILE,0,405,0,59.51
https://rodenlaw.com/blog/commercial-truck-accidents-who-is-at-fault/,TABLET,0,1,0,74
https://rodenlaw.com/blog/common-driver-distractions/,DESKTOP,0,1360,0,37.56
https://rodenlaw.com/blog/common-driver-distractions/,MOBILE,0,983,0,24.74
https://rodenlaw.com/blog/common-driver-distractions/,TABLET,0,3,0,7.33
https://rodenlaw.com/blog/common-workplace-injuries-georgia/,DESKTOP,0,1637,0,36.16
https://rodenlaw.com/blog/common-workplace-injuries-georgia/,MOBILE,0,1116,0,28.37
https://rodenlaw.com/blog/common-workplace-injuries-georgia/,TABLET,0,4,0,23
https://rodenlaw.com/blog/compensation-for-car-crash-facial-injuries-charleston/,DESKTOP,0,90,0,68.13
https://rodenlaw.com/blog/compensation-for-car-crash-facial-injuries-charleston/,MOBILE,0,40,0,72.28
https://rodenlaw.com/blog/compensation-for-chronic-pain-after-a-car-crash-in-charleston/,DESKTOP,0,3003,0,43.87
https://rodenlaw.com/blog/compensation-for-chronic-pain-after-a-car-crash-in-charleston/,MOBILE,0,1678,0,42.77
https://rodenlaw.com/blog/compensation-for-chronic-pain-after-a-car-crash-in-charleston/,TABLET,0,12,0,47.33
https://rodenlaw.com/blog/compensation-for-chronic-pain-after-a-car-crash-in-charleston/#claims,DESKTOP,0,2,0,9.5
https://rodenlaw.com/blog/compensation-for-chronic-pain-after-a-car-crash-in-charleston/#claims,MOBILE,0,2,0,6
https://rodenlaw.com/blog/compensation-for-chronic-pain-after-a-car-crash-in-charleston/#compensation,DESKTOP,0,1,0,9
https://rodenlaw.com/blog/compensation-for-chronic-pain-after-a-car-crash-in-charleston/#compensation,MOBILE,0,2,0,6
https://rodenlaw.com/blog/compensation-for-chronic-pain-after-a-car-crash-in-charleston/#long,DESKTOP,0,1,0,10
https://rodenlaw.com/blog/compensation-for-chronic-pain-after-a-car-crash-in-charleston/#long,MOBILE,0,2,0,6
https://rodenlaw.com/blog/compensation-for-chronic-pain-after-a-car-crash-in-charleston/#medical,MOBILE,0,2,0,6
https://rodenlaw.com/blog/compensation-while-not-wearing-seat-belt/,DESKTOP,0,678,0,64.98
https://rodenlaw.com/blog/compensation-while-not-wearing-seat-belt/,MOBILE,0,198,0,66.85
https://rodenlaw.com/blog/compensation-while-not-wearing-seat-belt/,TABLET,0,1,0,1
https://rodenlaw.com/blog/compensatory-damages-vs-punitive-damages/#key-differences,DESKTOP,0,8518,0,4.78
https://rodenlaw.com/blog/compensatory-damages-vs-punitive-damages/#key-differences,MOBILE,0,3463,0,5.21
https://rodenlaw.com/blog/compensatory-damages-vs-punitive-damages/#key-differences,TABLET,0,73,0,5.07
https://rodenlaw.com/blog/compensatory-damages-vs-punitive-damages/#punitive-damages-caps,DESKTOP,0,8556,0,4.78
https://rodenlaw.com/blog/compensatory-damages-vs-punitive-damages/#punitive-damages-caps,MOBILE,0,3463,0,5.21
https://rodenlaw.com/blog/compensatory-damages-vs-punitive-damages/#punitive-damages-caps,TABLET,0,73,0,5.07
https://rodenlaw.com/blog/compensatory-damages-vs-punitive-damages/#what-are-compensatory-damages,DESKTOP,0,210,0,6.5
https://rodenlaw.com/blog/compensatory-damages-vs-punitive-damages/#what-are-compensatory-damages,TABLET,0,66,0,5.14
https://rodenlaw.com/blog/compensatory-damages-vs-punitive-damages/#what-are-punitive-damages,DESKTOP,0,138,0,7.12
https://rodenlaw.com/blog/compensatory-damages-vs-punitive-damages/#what-are-punitive-damages,MOBILE,0,3449,0,5.2
https://rodenlaw.com/blog/compensatory-damages-vs-punitive-damages/#what-are-punitive-damages,TABLET,0,66,0,5.14
https://rodenlaw.com/blog/construction-worker-injuries-charleston-sc-rights/,DESKTOP,0,187,0,13.25
https://rodenlaw.com/blog/construction-worker-injuries-charleston-sc-rights/,MOBILE,0,225,0,15.56
https://rodenlaw.com/blog/contingency-fee-system/,TABLET,0,24,0,23
https://rodenlaw.com/blog/contingency-fee-system/#ga-sc-rules,DESKTOP,0,21,0,3.67
https://rodenlaw.com/blog/contingency-fee-system/#how-it-works,DESKTOP,0,21,0,3.67
https://rodenlaw.com/blog/continuing-post-accident-medical-treatment/,DESKTOP,0,2776,0,46.76
https://rodenlaw.com/blog/continuing-post-accident-medical-treatment/,MOBILE,0,897,0,42.11
https://rodenlaw.com/blog/continuing-post-accident-medical-treatment/,TABLET,0,16,0,59.62
https://rodenlaw.com/blog/credit-one-stadium-event-day-crashes-daniel-island-beekman-street/,DESKTOP,0,24,0,22.96
https://rodenlaw.com/blog/credit-one-stadium-event-day-crashes-daniel-island-beekman-street/,MOBILE,0,8,0,24.38
https://rodenlaw.com/blog/damage-coverage-for-stolen-car/,TABLET,0,26,0,14.31
https://rodenlaw.com/blog/dangerous-products-child-will-find-around-house/,DESKTOP,0,25,0,58.16
https://rodenlaw.com/blog/dangerous-products-child-will-find-around-house/,MOBILE,0,2,0,9
https://rodenlaw.com/blog/dangerous-rural-crashes-in-charleston/,DESKTOP,0,692,0,46.59
https://rodenlaw.com/blog/dangerous-rural-crashes-in-charleston/,MOBILE,0,688,0,44.56
https://rodenlaw.com/blog/dangerous-savannah-intersections/,DESKTOP,0,817,0,45.05
https://rodenlaw.com/blog/dangerous-savannah-intersections/,MOBILE,0,272,0,51.54
https://rodenlaw.com/blog/dangerous-savannah-intersections/,TABLET,0,19,0,54.42
https://rodenlaw.com/blog/dangerous-tools-garage/,TABLET,0,98,0,7.12
https://rodenlaw.com/blog/dangers-of-emotional-driving-in-savannah-ga/,TABLET,0,41,0,4.27
https://rodenlaw.com/blog/daniel-island-accidents-event-traffic-golf-carts/,DESKTOP,0,19,0,17.58
https://rodenlaw.com/blog/daniel-island-accidents-event-traffic-golf-carts/,MOBILE,0,3,0,27.33
https://rodenlaw.com/blog/daniel-island-i-526-wando-bridge-truck-accident-berkeley-county/,DESKTOP,0,8,0,28.88
https://rodenlaw.com/blog/daniel-island-i-526-wando-bridge-truck-accident-berkeley-county/,MOBILE,0,7,0,4.86
https://rodenlaw.com/blog/darien-brunswick-dangerous-roads-i95-us17/,TABLET,0,9,0,9.44
https://rodenlaw.com/blog/darien-brunswick-dangerous-roads-i95-us17/#common-causes,MOBILE,0,36,0,11.31
https://rodenlaw.com/blog/darien-brunswick-dangerous-roads-i95-us17/#i-95-corridor,MOBILE,0,36,0,11.31
https://rodenlaw.com/blog/darien-brunswick-dangerous-roads-i95-us17/#rural-road-dangers,MOBILE,0,36,0,11.31
https://rodenlaw.com/blog/darien-brunswick-dangerous-roads-i95-us17/#us-17,MOBILE,0,36,0,11.31
https://rodenlaw.com/blog/darien-brunswick-dangerous-roads-i95-us17/#us-82-341,MOBILE,0,36,0,11.31
https://rodenlaw.com/blog/darien-brunswick-dangerous-roads-i95-us17/#why-dangerous,MOBILE,0,36,0,11.31
https://rodenlaw.com/blog/darien-i-95-truck-accident-lawyer/,DESKTOP,0,266,0,12.13
https://rodenlaw.com/blog/darien-i-95-truck-accident-lawyer/,MOBILE,0,35,0,14.14
https://rodenlaw.com/blog/darien-river-boating-accident-lawyer/,DESKTOP,0,34,0,21.26
https://rodenlaw.com/blog/darien-river-boating-accident-lawyer/,MOBILE,0,5,0,12.6
https://rodenlaw.com/blog/dealing-with-uber-lyft-accident/,MOBILE,0,2150,0,45.16
https://rodenlaw.com/blog/dealing-with-uber-lyft-accident/,TABLET,0,21,0,54.1
https://rodenlaw.com/blog/demand-letters-in-personal-injury-cases/,DESKTOP,0,11526,0,54.51
https://rodenlaw.com/blog/demand-letters-in-personal-injury-cases/,MOBILE,0,1641,0,45.21
https://rodenlaw.com/blog/demand-letters-in-personal-injury-cases/#after-sending,DESKTOP,0,4,0,5
https://rodenlaw.com/blog/demand-letters-in-personal-injury-cases/#what-is-demand-letter,DESKTOP,0,1,0,11
https://rodenlaw.com/blog/demand-letters-in-personal-injury-cases/#what-to-include,DESKTOP,0,5,0,6.2
https://rodenlaw.com/blog/deposition-in-a-personal-injury-claim/,DESKTOP,0,2408,0,64.13
https://rodenlaw.com/blog/deposition-in-a-personal-injury-claim/,MOBILE,0,496,0,38.02
https://rodenlaw.com/blog/deposition-in-a-personal-injury-claim/,TABLET,0,7,0,3.57
https://rodenlaw.com/blog/determining-fault-in-a-charleston-golf-cart-accident/,DESKTOP,0,379,0,24.1
https://rodenlaw.com/blog/determining-fault-in-a-charleston-golf-cart-accident/,MOBILE,0,289,0,20.04
https://rodenlaw.com/blog/determining-fault-in-a-charleston-golf-cart-accident/,TABLET,0,1,0,65
https://rodenlaw.com/blog/determining-fault-in-multi-vehicle-accidents/,DESKTOP,0,2867,0,42.7
https://rodenlaw.com/blog/determining-fault-in-multi-vehicle-accidents/,MOBILE,0,629,0,44.03
https://rodenlaw.com/blog/determining-fault-in-multi-vehicle-accidents/,TABLET,0,7,0,19.71
https://rodenlaw.com/blog/determining-liability-for-crash-at-four-way-stop-sign/,TABLET,0,47,0,4.3
https://rodenlaw.com/blog/dick-pond-road-sc-544-truck-accident-lawyer-surfside-beach/,DESKTOP,0,8,0,14.88
https://rodenlaw.com/blog/dick-pond-road-sc-544-truck-accident-lawyer-surfside-beach/,MOBILE,0,8,0,14.62
https://rodenlaw.com/blog/diminished-value-claims-after-car-accident/,TABLET,0,207,0,47.83
https://rodenlaw.com/blog/diminished-value-claims-after-car-accident/#evidence-you-need,MOBILE,0,1,0,12
https://rodenlaw.com/blog/diminished-value-claims-after-car-accident/#georgia-vs-south-carolina,MOBILE,0,1,0,12
https://rodenlaw.com/blog/diminished-value-claims-after-car-accident/#how-diminished-value-calculated,DESKTOP,0,11,0,10.73
https://rodenlaw.com/blog/diminished-value-claims-after-car-accident/#how-diminished-value-calculated,MOBILE,0,1,0,12
https://rodenlaw.com/blog/diminished-value-claims-after-car-accident/#how-to-file,MOBILE,0,1,0,12
https://rodenlaw.com/blog/diminished-value-claims-after-car-accident/#what-is-diminished-value,DESKTOP,0,11,0,10.73
https://rodenlaw.com/blog/diminished-value-claims-after-car-accident/#what-is-diminished-value,MOBILE,0,1,0,12
https://rodenlaw.com/blog/discovery-process-in-personal-injury-cases/,DESKTOP,0,3117,0,38.91
https://rodenlaw.com/blog/discovery-process-in-personal-injury-cases/,TABLET,0,7,0,10
https://rodenlaw.com/blog/do-you-need-a-workers-compensation-lawyer/,DESKTOP,0,4974,0,45.68
https://rodenlaw.com/blog/do-you-need-a-workers-compensation-lawyer/,MOBILE,0,730,0,49.55
https://rodenlaw.com/blog/do-you-need-a-workers-compensation-lawyer/,TABLET,0,1,0,48
https://rodenlaw.com/blog/documents-for-personal-injury-claim/,DESKTOP,0,1129,0,34.75
https://rodenlaw.com/blog/documents-for-personal-injury-claim/,MOBILE,0,256,0,63.19
https://rodenlaw.com/blog/does-worker-compensation-cover-employee-negligence/,DESKTOP,0,2418,0,30.71
https://rodenlaw.com/blog/does-worker-compensation-cover-employee-negligence/,TABLET,0,8,0,13.88
https://rodenlaw.com/blog/does-worker-compensation-cover-employee-negligence/#examples,DESKTOP,0,12,0,3.83
https://rodenlaw.com/blog/does-worker-compensation-cover-employee-negligence/#exceptions,DESKTOP,0,12,0,3.83
https://rodenlaw.com/blog/does-worker-compensation-cover-employee-negligence/#no-fault-system,DESKTOP,0,8,0,7
https://rodenlaw.com/blog/does-worker-compensation-cover-employee-negligence/#short-answer,DESKTOP,0,8,0,7
https://rodenlaw.com/blog/does-workers-compensation-cover-prescriptions/,TABLET,0,16,0,11.88
https://rodenlaw.com/blog/does-workers-compensation-cover-prescriptions/#filling-prescriptions,DESKTOP,0,68,0,7.15
https://rodenlaw.com/blog/does-workers-compensation-cover-prescriptions/#filling-prescriptions,MOBILE,0,54,0,5.7
https://rodenlaw.com/blog/does-workers-compensation-cover-prescriptions/#ga-rules,DESKTOP,0,144,0,6.24
https://rodenlaw.com/blog/does-workers-compensation-cover-prescriptions/#ga-rules,MOBILE,0,54,0,5.7
https://rodenlaw.com/blog/does-workers-compensation-cover-prescriptions/#how-coverage-works,DESKTOP,0,76,0,5.42
https://rodenlaw.com/blog/does-workers-compensation-cover-prescriptions/#how-coverage-works,MOBILE,0,54,0,5.7
https://rodenlaw.com/blog/does-workers-compensation-cover-prescriptions/#opioid-restrictions,MOBILE,0,54,0,5.7
https://rodenlaw.com/blog/does-workers-compensation-cover-prescriptions/#sc-rules,DESKTOP,0,77,0,5.51
https://rodenlaw.com/blog/does-workers-compensation-cover-prescriptions/#sc-rules,MOBILE,0,54,0,5.7
https://rodenlaw.com/blog/does-workers-compensation-cover-prescriptions/#short-answer,DESKTOP,0,67,0,7.07
https://rodenlaw.com/blog/does-workers-compensation-cover-prescriptions/#short-answer,MOBILE,0,54,0,5.7
https://rodenlaw.com/blog/does-workers-compensation-cover-prescriptions/#what-is-covered,MOBILE,0,54,0,5.7
https://rodenlaw.com/blog/dog-bite-laws-south-carolina-charleston/,DESKTOP,0,927,0,63.88
https://rodenlaw.com/blog/dog-bite-laws-south-carolina-charleston/,TABLET,0,5,0,82.6
https://rodenlaw.com/blog/dog-bite-prevention-tips/,DESKTOP,0,701,0,44.78
https://rodenlaw.com/blog/dog-bite-prevention-tips/,MOBILE,0,303,0,21.81
https://rodenlaw.com/blog/dog-bite-prevention-tips/,TABLET,0,5,0,9
https://rodenlaw.com/blog/dog-bite-surfside-beach-29575/,DESKTOP,0,14,0,9.36
https://rodenlaw.com/blog/dog-bite-surfside-beach-29575/,MOBILE,0,6,0,8.33
https://rodenlaw.com/blog/driving-record-and-injury-claim/,DESKTOP,0,1535,0,50.01
https://rodenlaw.com/blog/driving-record-and-injury-claim/,MOBILE,0,906,0,50.63
https://rodenlaw.com/blog/driving-record-and-injury-claim/,TABLET,0,3,0,55
https://rodenlaw.com/blog/driving-tips-around-trucks/,DESKTOP,0,4436,0,23.65
https://rodenlaw.com/blog/driving-tips-around-trucks/,TABLET,0,27,0,23
https://rodenlaw.com/blog/driving-tips-around-trucks/#blind-spots,DESKTOP,0,8,0,7.5
https://rodenlaw.com/blog/driving-tips-around-trucks/#safe-driving-tips,DESKTOP,0,8,0,7.5
https://rodenlaw.com/blog/drowsy-driving-epidemic-georgia/,DESKTOP,0,215,0,56.75
https://rodenlaw.com/blog/drowsy-driving-epidemic-georgia/,MOBILE,0,84,0,16.52
https://rodenlaw.com/blog/drunk-driver-crash-south-kings-highway-us-17-business-surfside-beach-29575/,DESKTOP,0,29,0,14.79
https://rodenlaw.com/blog/drunk-driver-crash-south-kings-highway-us-17-business-surfside-beach-29575/,MOBILE,0,7,0,6.29
https://rodenlaw.com/blog/drunk-pedestrian-injury-claims/,TABLET,0,3,0,8.33
https://rodenlaw.com/blog/dui-accidents/,DESKTOP,0,920,0,32.23
https://rodenlaw.com/blog/dui-accidents/,MOBILE,0,397,0,35.69
https://rodenlaw.com/blog/dui-accidents/,TABLET,0,2,0,23.5
https://rodenlaw.com/blog/duty-of-care-personal-injury-claim/,DESKTOP,0,5742,0,52.05
https://rodenlaw.com/blog/duty-of-care-personal-injury-claim/,MOBILE,0,1695,0,51.49
https://rodenlaw.com/blog/duty-of-care-personal-injury-claim/,TABLET,0,5,0,20.4
https://rodenlaw.com/blog/east-bay-street-savannah-pedestrian-accident-lawyer/,DESKTOP,0,18,0,61.89
https://rodenlaw.com/blog/east-bay-street-savannah-pedestrian-accident-lawyer/,MOBILE,0,7,0,61
https://rodenlaw.com/blog/east-bay-street-savannah-pedestrian-accident-lawyer/,TABLET,0,2,0,70
https://rodenlaw.com/blog/eastern-wharf-harbor-street-electric-scooter-accident-lawyer/,DESKTOP,0,52,0,11.06
https://rodenlaw.com/blog/eastern-wharf-savannah-pedestrian-bike-accidents/,DESKTOP,0,17,0,13.41
https://rodenlaw.com/blog/eastern-wharf-savannah-pedestrian-bike-accidents/,MOBILE,0,1,0,10
https://rodenlaw.com/blog/edmund-highway-lexington-county-car-accident-lawyer/,DESKTOP,0,69,0,21.12
https://rodenlaw.com/blog/edmund-highway-lexington-county-car-accident-lawyer/,MOBILE,0,72,0,18.96
https://rodenlaw.com/blog/emergency-room-errors-charleston-misdiagnosis-malpractice/,DESKTOP,0,350,0,17.43
https://rodenlaw.com/blog/emergency-room-errors-charleston-misdiagnosis-malpractice/,MOBILE,0,95,0,14.03
https://rodenlaw.com/blog/emergency-room-errors-charleston-misdiagnosis-malpractice/,TABLET,0,3,0,3
https://rodenlaw.com/blog/eulonia-us-17-ocean-highway-rideshare-uber-accident-lawyer-mcintosh-county/,DESKTOP,0,146,0,9.77
https://rodenlaw.com/blog/eulonia-us-17-ocean-highway-rideshare-uber-accident-lawyer-mcintosh-county/,MOBILE,0,2,0,35
https://rodenlaw.com/blog/expert-witness-testimony/,DESKTOP,0,57,0,67.47
https://rodenlaw.com/blog/expert-witness-testimony/,MOBILE,0,11,0,73.64
https://rodenlaw.com/blog/fault-for-car-accident/,DESKTOP,0,980,0,64.83
https://rodenlaw.com/blog/fault-for-car-accident/,MOBILE,0,345,0,58.2
https://rodenlaw.com/blog/fault-for-car-accident/,TABLET,0,2,0,11
https://rodenlaw.com/blog/fault-vs-no-fault-car-insurance/#comparative-fault-rules,MOBILE,0,5820,0,5.51
https://rodenlaw.com/blog/fault-vs-no-fault-car-insurance/#comparative-fault-rules,TABLET,0,44,0,5.66
https://rodenlaw.com/blog/fault-vs-no-fault-car-insurance/#fault-vs-no-fault,DESKTOP,0,3020,0,5.15
https://rodenlaw.com/blog/fault-vs-no-fault-car-insurance/#fault-vs-no-fault,TABLET,0,44,0,5.66
https://rodenlaw.com/blog/fault-vs-no-fault-car-insurance/#georgia-fault-system,DESKTOP,0,2443,0,5.12
https://rodenlaw.com/blog/fault-vs-no-fault-car-insurance/#georgia-fault-system,MOBILE,0,5829,0,5.51
https://rodenlaw.com/blog/fault-vs-no-fault-car-insurance/#georgia-fault-system,TABLET,0,44,0,5.66
https://rodenlaw.com/blog/fault-vs-no-fault-car-insurance/#how-fault-states-work,DESKTOP,0,43,0,2.16
https://rodenlaw.com/blog/fault-vs-no-fault-car-insurance/#how-fault-states-work,MOBILE,0,5820,0,5.51
https://rodenlaw.com/blog/fault-vs-no-fault-car-insurance/#how-fault-states-work,TABLET,0,44,0,5.66
https://rodenlaw.com/blog/fault-vs-no-fault-car-insurance/#how-no-fault-states-work,DESKTOP,0,685,0,5.23
https://rodenlaw.com/blog/fault-vs-no-fault-car-insurance/#how-no-fault-states-work,MOBILE,0,5820,0,5.51
https://rodenlaw.com/blog/fault-vs-no-fault-car-insurance/#how-no-fault-states-work,TABLET,0,44,0,5.66
https://rodenlaw.com/blog/fault-vs-no-fault-car-insurance/#key-differences,DESKTOP,0,1,0,12
https://rodenlaw.com/blog/fault-vs-no-fault-car-insurance/#key-differences,MOBILE,0,5820,0,5.51
https://rodenlaw.com/blog/fault-vs-no-fault-car-insurance/#key-differences,TABLET,0,44,0,5.66
https://rodenlaw.com/blog/fault-vs-no-fault-car-insurance/#south-carolina-fault-system,MOBILE,0,5820,0,5.51
https://rodenlaw.com/blog/fault-vs-no-fault-car-insurance/#south-carolina-fault-system,TABLET,0,44,0,5.66
https://rodenlaw.com/blog/feeling-fatigued-after-charleston-car-accident/,DESKTOP,0,1602,0,34.48
https://rodenlaw.com/blog/feeling-fatigued-after-charleston-car-accident/,TABLET,0,45,0,2.2
https://rodenlaw.com/blog/filing-a-claim-after-a-hazmat-truck-crash-in-charleston/,DESKTOP,0,38,0,18.34
https://rodenlaw.com/blog/filing-a-claim-after-a-hazmat-truck-crash-in-charleston/,MOBILE,0,23,0,40.65
https://rodenlaw.com/blog/filing-a-claim-for-an-injured-minor/,MOBILE,0,1055,0,39.72
https://rodenlaw.com/blog/filing-a-claim-for-an-injured-minor/,TABLET,0,9,0,14.33
https://rodenlaw.com/blog/filing-an-emotional-distress-claim-after-a-ravenel-bridge-accident/,DESKTOP,0,312,0,20.12
https://rodenlaw.com/blog/filing-medication-error-lawsuit/,DESKTOP,0,10474,0,43.02
https://rodenlaw.com/blog/filing-medication-error-lawsuit/,TABLET,0,4,0,9.75
https://rodenlaw.com/blog/filing-soft-tissue-injury-claims-in-charleston/,DESKTOP,0,126,0,45.77
https://rodenlaw.com/blog/filing-soft-tissue-injury-claims-in-charleston/,MOBILE,0,71,0,45.38
https://rodenlaw.com/blog/financial-abuse-at-nursing-homes/,MOBILE,0,323,0,32.59
https://rodenlaw.com/blog/financial-abuse-at-nursing-homes/,TABLET,0,4,0,10
https://rodenlaw.com/blog/financial-abuse-at-nursing-homes/#ga-sc-laws,DESKTOP,0,36,0,7.5
https://rodenlaw.com/blog/financial-abuse-at-nursing-homes/#ga-sc-laws,MOBILE,0,22,0,8.27
https://rodenlaw.com/blog/financial-abuse-at-nursing-homes/#reporting,MOBILE,0,22,0,8.27
https://rodenlaw.com/blog/financial-abuse-at-nursing-homes/#types,MOBILE,0,22,0,8.27
https://rodenlaw.com/blog/financial-abuse-at-nursing-homes/#warning-signs,MOBILE,0,22,0,8.27
https://rodenlaw.com/blog/financial-abuse-at-nursing-homes/#what-is-elder-financial-abuse,DESKTOP,0,36,0,7.5
https://rodenlaw.com/blog/financial-abuse-at-nursing-homes/#what-is-elder-financial-abuse,MOBILE,0,22,0,8.27
https://rodenlaw.com/blog/financial-abuse-at-nursing-homes/#who-commits,MOBILE,0,22,0,8.27
https://rodenlaw.com/blog/first-steps-in-a-medical-malpractice-case/,DESKTOP,0,3072,0,57.06
https://rodenlaw.com/blog/first-steps-in-a-medical-malpractice-case/,MOBILE,0,1642,0,60.8
https://rodenlaw.com/blog/first-steps-in-a-medical-malpractice-case/,TABLET,0,94,0,60.79
https://rodenlaw.com/blog/five-points-columbia-uber-accident-lawyer/,DESKTOP,0,54,0,16.07
https://rodenlaw.com/blog/five-points-columbia-uber-accident-lawyer/,MOBILE,0,81,0,21.07
https://rodenlaw.com/blog/fmcsa-violations-truck-accident-claims/,DESKTOP,0,654,0,4.04
https://rodenlaw.com/blog/fmcsa-violations-truck-accident-claims/,MOBILE,0,3,0,38.33
https://rodenlaw.com/blog/follow-doctors-orders-after-accident/,MOBILE,0,666,0,7.93
https://rodenlaw.com/blog/follow-doctors-orders-after-accident/,TABLET,0,3,0,1.67
https://rodenlaw.com/blog/folly-road-car-accidents-james-island-charleston/,DESKTOP,0,131,0,14.03
https://rodenlaw.com/blog/folly-road-car-accidents-james-island-charleston/,TABLET,0,2,0,7.5
https://rodenlaw.com/blog/four-common-construction-accidents/,MOBILE,0,6938,0,40.17
https://rodenlaw.com/blog/four-common-construction-accidents/,TABLET,0,28,0,23.71
https://rodenlaw.com/blog/free-consultation-with-charleston-personal-injury-lawyer/,DESKTOP,0,1945,0,29.65
https://rodenlaw.com/blog/free-consultation-with-charleston-personal-injury-lawyer/,MOBILE,0,962,0,30.6
https://rodenlaw.com/blog/free-consultation-with-charleston-personal-injury-lawyer/,TABLET,0,1,0,13
https://rodenlaw.com/blog/garden-city-dean-forest-road-truck-accident-lawyer/,DESKTOP,0,84,0,12.86
https://rodenlaw.com/blog/garden-city-dean-forest-road-truck-accident-lawyer/,MOBILE,0,69,0,16.64
https://rodenlaw.com/blog/garden-city-eden-loop-truck-accident-lawyer/,DESKTOP,0,72,0,14.39
https://rodenlaw.com/blog/garden-city-eden-loop-truck-accident-lawyer/,MOBILE,0,19,0,18.74
https://rodenlaw.com/blog/garden-city-ga-21-augusta-road-car-accident-lawyer/,DESKTOP,0,58,0,25.29
https://rodenlaw.com/blog/garden-city-ga-21-augusta-road-car-accident-lawyer/,MOBILE,0,24,0,23.21
https://rodenlaw.com/blog/georgia-car-seat-law-overview/,DESKTOP,0,5850,0,38.46
https://rodenlaw.com/blog/georgia-car-seat-law-overview/,MOBILE,0,1362,0,36.53
https://rodenlaw.com/blog/georgia-car-seat-law-overview/,TABLET,0,5,0,11.6
https://rodenlaw.com/blog/georgia-comparative-negligence-law/,MOBILE,0,347,0,47.84
https://rodenlaw.com/blog/georgia-law-on-steps-after-car-accident/,DESKTOP,0,8529,0,27.8
https://rodenlaw.com/blog/georgia-law-on-tailgating-accident-liability/,DESKTOP,0,517,0,53.68
https://rodenlaw.com/blog/georgia-law-on-tailgating-accident-liability/,MOBILE,0,185,0,57.49
https://rodenlaw.com/blog/georgia-law-on-tailgating-accident-liability/,TABLET,0,1,0,5
https://rodenlaw.com/blog/georgia-pedestrian-right-of-way-laws/,TABLET,0,2,0,9.5
https://rodenlaw.com/blog/georgia-pedestrian-right-of-way-laws/#common-violations,MOBILE,0,46,0,9.74
https://rodenlaw.com/blog/georgia-pedestrian-right-of-way-laws/#comparative-fault,MOBILE,0,46,0,9.74
https://rodenlaw.com/blog/georgia-pedestrian-right-of-way-laws/#driver-duties,DESKTOP,0,2,0,11
https://rodenlaw.com/blog/georgia-pedestrian-right-of-way-laws/#driver-duties,MOBILE,0,46,0,9.74
https://rodenlaw.com/blog/georgia-pedestrian-right-of-way-laws/#georgia-statutes,DESKTOP,0,50,0,10.54
https://rodenlaw.com/blog/georgia-pedestrian-right-of-way-laws/#georgia-statutes,MOBILE,0,46,0,9.74
https://rodenlaw.com/blog/georgia-pedestrian-right-of-way-laws/#marked-vs-unmarked,MOBILE,0,46,0,9.74
https://rodenlaw.com/blog/georgia-pedestrian-right-of-way-laws/#pedestrian-duties,DESKTOP,0,48,0,10.52
https://rodenlaw.com/blog/georgia-pedestrian-right-of-way-laws/#pedestrian-duties,MOBILE,0,46,0,9.74
https://rodenlaw.com/blog/georgia-pedestrian-right-of-way-laws/#what-is-right-of-way,MOBILE,0,46,0,9.74
https://rodenlaw.com/blog/georgia-super-speeder-law/,TABLET,0,31,0,19.16
https://rodenlaw.com/blog/georgia-super-speeder-law/#how-it-works,DESKTOP,0,53,0,7.91
https://rodenlaw.com/blog/georgia-super-speeder-law/#how-it-works,MOBILE,0,74,0,7.97
https://rodenlaw.com/blog/georgia-super-speeder-law/#license-suspension,MOBILE,0,74,0,7.97
https://rodenlaw.com/blog/georgia-super-speeder-law/#out-of-state,MOBILE,0,74,0,7.97
https://rodenlaw.com/blog/georgia-super-speeder-law/#penalties,MOBILE,0,74,0,7.97
https://rodenlaw.com/blog/georgia-super-speeder-law/#sc-speeding,DESKTOP,0,4,0,9.25
https://rodenlaw.com/blog/georgia-super-speeder-law/#sc-speeding,MOBILE,0,74,0,7.97
https://rodenlaw.com/blog/georgia-super-speeder-law/#what-is,DESKTOP,0,53,0,8.04
https://rodenlaw.com/blog/georgia-super-speeder-law/#what-is,MOBILE,0,74,0,7.97
https://rodenlaw.com/blog/georgia-worker-injury-statistics-prevention/,DESKTOP,0,148,0,53.93
https://rodenlaw.com/blog/georgia-worker-injury-statistics-prevention/,MOBILE,0,9,0,47.22
https://rodenlaw.com/blog/georgia-wrongful-death-lawsuit/,DESKTOP,0,3765,0,58.88
https://rodenlaw.com/blog/georgia-wrongful-death-lawsuit/,MOBILE,0,1224,0,57.11
https://rodenlaw.com/blog/georgia-wrongful-death-lawsuit/,TABLET,0,2,0,84.5
https://rodenlaw.com/blog/get-auto-accident-claim-georgia/,DESKTOP,0,47,0,78.74
https://rodenlaw.com/blog/get-auto-accident-claim-georgia/,MOBILE,0,18,0,81.83
https://rodenlaw.com/blog/getting-the-full-compensation-you-deserve-after-a-car-accident/,DESKTOP,0,21,0,47.67
https://rodenlaw.com/blog/getting-the-full-compensation-you-deserve-after-a-car-accident/,MOBILE,0,16,0,3.69
https://rodenlaw.com/blog/golf-cart-accidents-charleston-island-resort-communities/,DESKTOP,0,193,0,10.91
https://rodenlaw.com/blog/golf-cart-accidents-charleston-island-resort-communities/,MOBILE,0,115,0,16.8
https://rodenlaw.com/blog/golf-colony-south-reindeer-road-underinsured-motorist-lawyer/,DESKTOP,0,3,0,31.33
https://rodenlaw.com/blog/goose-creek-car-accidents-military-traffic-us-52/,DESKTOP,0,8,0,40.12
https://rodenlaw.com/blog/goose-creek-car-accidents-military-traffic-us-52/,MOBILE,0,17,0,44.24
https://rodenlaw.com/blog/goose-creek-car-accidents-military-traffic-us-52/,TABLET,0,1,0,77
https://rodenlaw.com/blog/green-grove-dorchester-road-atv-accident-lawyer-north-charleston/,DESKTOP,0,21,0,59.71
https://rodenlaw.com/blog/green-grove-dorchester-road-atv-accident-lawyer-north-charleston/,MOBILE,0,2,0,6.5
https://rodenlaw.com/blog/green-grove-mark-clark-expressway-uninsured-motorist-lawyer-north-charleston/,DESKTOP,0,1,0,8
https://rodenlaw.com/blog/guide-after-a-car-accident-in-columbia-sc/,DESKTOP,0,62,0,23.58
https://rodenlaw.com/blog/gym-injury-liability/,TABLET,0,6,0,2.5
https://rodenlaw.com/blog/hanahan-murray-avenue-highland-park-bicycle-accident-lawyer/,DESKTOP,0,34,0,22
https://rodenlaw.com/blog/hanahan-murray-avenue-highland-park-bicycle-accident-lawyer/,MOBILE,0,1,0,14
https://rodenlaw.com/blog/hearing-loss-after-charleston-car-accident/#car,DESKTOP,0,48,0,10.56
https://rodenlaw.com/blog/hearing-loss-after-charleston-car-accident/#car,MOBILE,0,60,0,10.15
https://rodenlaw.com/blog/hearing-loss-after-charleston-car-accident/#car,TABLET,0,2,0,9
https://rodenlaw.com/blog/hearing-loss-after-charleston-car-accident/#proving,DESKTOP,0,28,0,11.04
https://rodenlaw.com/blog/hearing-loss-after-charleston-car-accident/#proving,MOBILE,0,59,0,10.2
https://rodenlaw.com/blog/hearing-loss-after-charleston-car-accident/#proving,TABLET,0,2,0,9
https://rodenlaw.com/blog/hearing-loss-after-charleston-car-accident/#type,DESKTOP,0,24,0,9.92
https://rodenlaw.com/blog/hearing-loss-after-charleston-car-accident/#type,MOBILE,0,61,0,10.13
https://rodenlaw.com/blog/hearing-loss-after-charleston-car-accident/#type,TABLET,0,2,0,9
https://rodenlaw.com/blog/help-teen-safer-driver/,DESKTOP,0,39,0,86.21
https://rodenlaw.com/blog/highway-41-accidents-mount-pleasant-development/,DESKTOP,0,10,0,62
https://rodenlaw.com/blog/highway-41-accidents-mount-pleasant-development/,MOBILE,0,3,0,57.33
https://rodenlaw.com/blog/highway-hypnosis-what-it-is-why-it-is-a-crash-risk/,TABLET,0,135,0,7.42
https://rodenlaw.com/blog/highway-road-shoulder-accidents-in-charleston/,DESKTOP,0,446,0,36.57
https://rodenlaw.com/blog/highway-road-shoulder-accidents-in-charleston/,MOBILE,0,208,0,14.35
https://rodenlaw.com/blog/highway-road-shoulder-accidents-in-charleston/,TABLET,0,4,0,10.25
https://rodenlaw.com/blog/hip-pain-after-car-accident-in-savannah/,DESKTOP,0,3710,0,38.77
https://rodenlaw.com/blog/hip-pain-after-car-accident-in-savannah/,TABLET,0,13,0,8.92
https://rodenlaw.com/blog/hipaa-violation-lawsuit-worth/,DESKTOP,0,200,0,23.12
https://rodenlaw.com/blog/hipaa-violation-lawsuit-worth/,TABLET,0,9,0,5.67
https://rodenlaw.com/blog/hipaa-violation-lawyer/,DESKTOP,0,804,0,25.67
https://rodenlaw.com/blog/hipaa-violation-lawyer/,TABLET,0,4,0,7.5
https://rodenlaw.com/blog/hit-and-run-drunk-driver-crashes-ashley-river-road-sc-61-west-ashley-greenwood-park/,DESKTOP,0,29,0,25.07
https://rodenlaw.com/blog/hospital-liability-for-medical-malpractice/,DESKTOP,0,3165,0,60.6
https://rodenlaw.com/blog/hospital-liability-for-medical-malpractice/,MOBILE,0,1039,0,57.86
https://rodenlaw.com/blog/hospital-liability-for-medical-malpractice/,TABLET,0,2,0,92
https://rodenlaw.com/blog/how-can-an-attorney-help-with-my-car-accident-claim/,DESKTOP,0,2,0,27.5
https://rodenlaw.com/blog/how-car-insurers-use-private-investigators/,TABLET,0,11,0,12.82
https://rodenlaw.com/blog/how-car-insurers-use-private-investigators/#ga-vs-sc-comparison,DESKTOP,0,17,0,7.76
https://rodenlaw.com/blog/how-car-insurers-use-private-investigators/#ga-vs-sc-comparison,MOBILE,0,3,0,2.67
https://rodenlaw.com/blog/how-car-insurers-use-private-investigators/#pi-evidence-against-you,DESKTOP,0,4,0,5
https://rodenlaw.com/blog/how-car-insurers-use-private-investigators/#pi-evidence-against-you,MOBILE,0,3,0,2.67
https://rodenlaw.com/blog/how-car-insurers-use-private-investigators/#why-insurers-hire-pis,DESKTOP,0,21,0,7.24
https://rodenlaw.com/blog/how-car-insurers-use-private-investigators/#why-insurers-hire-pis,MOBILE,0,3,0,2.67
https://rodenlaw.com/blog/how-covid-19-affects-a-workers-comp-claim/,DESKTOP,0,26,0,64.27
https://rodenlaw.com/blog/how-covid-19-affects-a-workers-comp-claim/,MOBILE,0,1,0,37
https://rodenlaw.com/blog/how-delayed-injuries-could-impact-your-charleston-car-crash-claim/,DESKTOP,0,334,0,42.57
https://rodenlaw.com/blog/how-delayed-injuries-could-impact-your-charleston-car-crash-claim/,MOBILE,0,237,0,46.26
https://rodenlaw.com/blog/how-do-i-know-if-i-have-a-medical-malpractice-case/,DESKTOP,0,955,0,45.06
https://rodenlaw.com/blog/how-do-i-know-if-i-have-a-medical-malpractice-case/,MOBILE,0,363,0,56.12
https://rodenlaw.com/blog/how-do-i-know-if-i-have-a-medical-malpractice-case/,TABLET,0,2,0,49
https://rodenlaw.com/blog/how-do-i-know-if-i-have-a-personal-injury-case/,DESKTOP,0,719,0,49.56
https://rodenlaw.com/blog/how-do-i-know-if-i-have-a-personal-injury-case/,MOBILE,0,246,0,26.72
https://rodenlaw.com/blog/how-do-i-know-if-i-have-a-personal-injury-case/,TABLET,0,1,0,7
https://rodenlaw.com/blog/how-is-pain-and-suffering-calculated-after-an-accident/,DESKTOP,0,69,0,56.86
https://rodenlaw.com/blog/how-is-pain-and-suffering-calculated-after-an-accident/,MOBILE,0,60,0,53.97
https://rodenlaw.com/blog/how-long-can-a-person-stay-on-workers-compensation/,DESKTOP,0,2301,0,44.16
https://rodenlaw.com/blog/how-long-can-a-person-stay-on-workers-compensation/,TABLET,0,2,0,18.5
https://rodenlaw.com/blog/how-long-can-a-person-stay-on-workers-compensation/#benefit-timelines,MOBILE,0,119,0,6.08
https://rodenlaw.com/blog/how-long-can-a-person-stay-on-workers-compensation/#benefit-timelines,TABLET,0,1,0,11
https://rodenlaw.com/blog/how-long-can-a-person-stay-on-workers-compensation/#extending-benefits,DESKTOP,0,156,0,5.69
https://rodenlaw.com/blog/how-long-can-a-person-stay-on-workers-compensation/#extending-benefits,MOBILE,0,119,0,6.08
https://rodenlaw.com/blog/how-long-can-a-person-stay-on-workers-compensation/#extending-benefits,TABLET,0,1,0,11
https://rodenlaw.com/blog/how-long-can-a-person-stay-on-workers-compensation/#factors-that-affect,MOBILE,0,119,0,6.08
https://rodenlaw.com/blog/how-long-can-a-person-stay-on-workers-compensation/#factors-that-affect,TABLET,0,1,0,11
https://rodenlaw.com/blog/how-long-can-a-person-stay-on-workers-compensation/#lump-sum-settlements,MOBILE,0,119,0,6.08
https://rodenlaw.com/blog/how-long-can-a-person-stay-on-workers-compensation/#lump-sum-settlements,TABLET,0,1,0,11
https://rodenlaw.com/blog/how-long-can-a-person-stay-on-workers-compensation/#short-answer,DESKTOP,0,155,0,5.69
https://rodenlaw.com/blog/how-long-can-a-person-stay-on-workers-compensation/#short-answer,MOBILE,0,119,0,6.08
https://rodenlaw.com/blog/how-long-can-a-person-stay-on-workers-compensation/#short-answer,TABLET,0,1,0,11
https://rodenlaw.com/blog/how-long-can-a-person-stay-on-workers-compensation/#transitioning-to-ssdi,MOBILE,0,119,0,6.08
https://rodenlaw.com/blog/how-long-can-a-person-stay-on-workers-compensation/#transitioning-to-ssdi,TABLET,0,1,0,11
https://rodenlaw.com/blog/how-long-can-a-person-stay-on-workers-compensation/#when-benefits-run-out,DESKTOP,0,1,0,5
https://rodenlaw.com/blog/how-long-can-a-person-stay-on-workers-compensation/#when-benefits-run-out,MOBILE,0,119,0,6.08
https://rodenlaw.com/blog/how-long-can-a-person-stay-on-workers-compensation/#when-benefits-run-out,TABLET,0,1,0,11
https://rodenlaw.com/blog/how-long-can-someone-sue-you-after-a-car-accident/,DESKTOP,0,103,0,62.71
https://rodenlaw.com/blog/how-long-can-someone-sue-you-after-a-car-accident/,MOBILE,0,141,0,45.96
https://rodenlaw.com/blog/how-long-personal-injury-case-charleston-sc/,DESKTOP,0,505,0,29.1
https://rodenlaw.com/blog/how-long-personal-injury-case-charleston-sc/,MOBILE,0,271,0,9.07
https://rodenlaw.com/blog/how-long-personal-injury-case-charleston-sc/,TABLET,0,4,0,11.5
https://rodenlaw.com/blog/how-loud-music-increases-crash-risk-charleston/,DESKTOP,0,1470,0,35.06
https://rodenlaw.com/blog/how-loud-music-increases-crash-risk-charleston/,MOBILE,0,1159,0,25.45
https://rodenlaw.com/blog/how-loud-music-increases-crash-risk-charleston/,TABLET,0,6,0,6.5
https://rodenlaw.com/blog/how-loud-music-increases-crash-risk-charleston/#driving,DESKTOP,0,3,0,7.67
https://rodenlaw.com/blog/how-loud-music-increases-crash-risk-charleston/#driving,MOBILE,0,21,0,9.67
https://rodenlaw.com/blog/how-loud-music-increases-crash-risk-charleston/#impact,MOBILE,0,21,0,9.67
https://rodenlaw.com/blog/how-loud-music-increases-crash-risk-charleston/#reduce,DESKTOP,0,3,0,7.67
https://rodenlaw.com/blog/how-loud-music-increases-crash-risk-charleston/#reduce,MOBILE,0,21,0,9.67
https://rodenlaw.com/blog/how-much-is-my-car-accident-claim-worth/,DESKTOP,0,2131,0,40.53
https://rodenlaw.com/blog/how-much-is-my-car-accident-claim-worth/,TABLET,0,18,0,29.17
https://rodenlaw.com/blog/how-pain-and-suffering-is-calculated-after-an-accident-in-georgia/,DESKTOP,0,95,0,8.26
https://rodenlaw.com/blog/how-pain-and-suffering-is-calculated-after-an-accident-in-georgia/,MOBILE,0,325,0,6.39
https://rodenlaw.com/blog/how-pain-and-suffering-is-calculated-after-an-accident-in-georgia/,TABLET,0,3,0,2.33
https://rodenlaw.com/blog/how-pain-and-suffering-is-calculated-after-an-accident-in-south-carolina/,DESKTOP,0,67,0,16.93
https://rodenlaw.com/blog/how-pain-and-suffering-is-calculated-after-an-accident-in-south-carolina/,MOBILE,0,90,0,20.03
https://rodenlaw.com/blog/how-poor-truck-maintenance-causes-charleston-accidents-2/,DESKTOP,0,9,0,53.22
https://rodenlaw.com/blog/how-poor-truck-maintenance-causes-charleston-accidents-2/,MOBILE,0,4,0,47.5
https://rodenlaw.com/blog/how-poor-truck-maintenance-causes-charleston-accidents/,DESKTOP,0,6,0,21
https://rodenlaw.com/blog/how-poor-truck-maintenance-causes-charleston-accidents/,MOBILE,0,8,0,13.25
https://rodenlaw.com/blog/how-spinal-cord-injuries-affect-you/,DESKTOP,0,2113,0,48.72
https://rodenlaw.com/blog/how-spinal-cord-injuries-affect-you/,MOBILE,0,942,0,46.27
https://rodenlaw.com/blog/how-spinal-cord-injuries-affect-you/,TABLET,0,29,0,29.9
https://rodenlaw.com/blog/how-to-get-your-charleston-police-accident-report/,TABLET,0,24,0,7.67
https://rodenlaw.com/blog/how-to-handle-calls-from-insurance-companies/,DESKTOP,0,1796,0,39.3
https://rodenlaw.com/blog/how-to-handle-calls-from-insurance-companies/,MOBILE,0,587,0,42.34
https://rodenlaw.com/blog/how-to-handle-calls-from-insurance-companies/,TABLET,0,6,0,1.67
https://rodenlaw.com/blog/how-to-maximize-your-car-accident-compensation-in-south-carolina/,DESKTOP,0,55,0,26.95
https://rodenlaw.com/blog/how-to-maximize-your-car-accident-compensation-in-south-carolina/,MOBILE,0,31,0,59.84
https://rodenlaw.com/blog/how-to-spot-distracted-drivers-ten-signs-savannah-ga/,DESKTOP,0,1164,0,27.82
https://rodenlaw.com/blog/how-to-spot-distracted-drivers-ten-signs-savannah-ga/,MOBILE,0,556,0,18.6
https://rodenlaw.com/blog/how-to-spot-distracted-drivers-ten-signs-savannah-ga/,TABLET,0,8,0,15.25
https://rodenlaw.com/blog/how-to-spot-distracted-drivers-ten-signs-savannah-ga/#dangerous,MOBILE,0,2,0,9.5
https://rodenlaw.com/blog/how-to-spot-distracted-drivers-ten-signs-savannah-ga/#injuries,MOBILE,0,2,0,9.5
https://rodenlaw.com/blog/how-to-spot-distracted-drivers-ten-signs-savannah-ga/#law,MOBILE,0,2,0,9.5
https://rodenlaw.com/blog/how-to-spot-distracted-drivers-ten-signs-savannah-ga/#warning,MOBILE,0,2,0,9.5
https://rodenlaw.com/blog/how-to-talk-to-your-doctor-about-your-charleston-car-accident-injuries/,DESKTOP,0,3,0,91
https://rodenlaw.com/blog/how-using-social-media-can-hurt-an-accident-claim/,DESKTOP,0,8,0,53.75
https://rodenlaw.com/blog/i-16-port-freight-truck-accident-garden-city-savannah/,MOBILE,0,165,0,9.12
https://rodenlaw.com/blog/i-20-bush-river-road-motorcycle-accident-lawyer-columbia/,DESKTOP,0,25,0,15.48
https://rodenlaw.com/blog/i-20-bush-river-road-motorcycle-accident-lawyer-columbia/,MOBILE,0,21,0,17.05
https://rodenlaw.com/blog/i-20-bush-river-road-motorcycle-accident-lawyer-columbia/,TABLET,0,1,0,14
https://rodenlaw.com/blog/i-26-i-526-truck-accidents-what-to-do-whos-liable/,DESKTOP,0,369,0,40.6
https://rodenlaw.com/blog/i-26-i-526-truck-accidents-what-to-do-whos-liable/,MOBILE,0,271,0,31.36
https://rodenlaw.com/blog/i-26-i-526-truck-accidents-what-to-do-whos-liable/,TABLET,0,4,0,10.75
https://rodenlaw.com/blog/i-526-expansion-construction-zone-accidents-charleston/,DESKTOP,0,32,0,54.53
https://rodenlaw.com/blog/i-526-expansion-construction-zone-accidents-charleston/,MOBILE,0,2,0,24.5
https://rodenlaw.com/blog/i-526-mount-pleasant-wando-bridge-accident/,DESKTOP,0,26,0,17.77
https://rodenlaw.com/blog/i-526-mount-pleasant-wando-bridge-accident/,MOBILE,0,19,0,11.32
https://rodenlaw.com/blog/i-526-mount-pleasant-wando-bridge-accident/,TABLET,0,1,0,11
https://rodenlaw.com/blog/i-77-truck-accident-northeast-columbia-richland-county/,DESKTOP,0,119,0,15.83
https://rodenlaw.com/blog/i-77-truck-accident-northeast-columbia-richland-county/,MOBILE,0,41,0,16.66
https://rodenlaw.com/blog/i-was-in-a-car-accident-should-i-pursue-a-personal-injury-claim/,DESKTOP,0,84,0,35.74
https://rodenlaw.com/blog/i-was-in-a-car-accident-should-i-pursue-a-personal-injury-claim/,MOBILE,0,21,0,25.14
https://rodenlaw.com/blog/impact-of-surgery-recommendation/,DESKTOP,0,4245,0,42.77
https://rodenlaw.com/blog/impact-of-surgery-recommendation/,TABLET,0,13,0,26.54
https://rodenlaw.com/blog/impaired-driving-caused-by-prescription-medications/,DESKTOP,0,6385,0,22.16
https://rodenlaw.com/blog/impaired-driving-caused-by-prescription-medications/,TABLET,0,156,0,5.54
https://rodenlaw.com/blog/impaired-driving-caused-by-prescription-medications/#illegal,DESKTOP,0,304,0,9.05
https://rodenlaw.com/blog/impaired-driving-caused-by-prescription-medications/#illegal,MOBILE,0,239,0,9.12
https://rodenlaw.com/blog/impaired-driving-caused-by-prescription-medications/#illegal,TABLET,0,6,0,10.5
https://rodenlaw.com/blog/impaired-driving-caused-by-prescription-medications/#lead,DESKTOP,0,304,0,9.05
https://rodenlaw.com/blog/impaired-driving-caused-by-prescription-medications/#lead,MOBILE,0,239,0,9.12
https://rodenlaw.com/blog/impaired-driving-caused-by-prescription-medications/#lead,TABLET,0,6,0,10.5
https://rodenlaw.com/blog/importance-of-eyewitness-testimony/,DESKTOP,0,916,0,21.33
https://rodenlaw.com/blog/importance-of-eyewitness-testimony/,MOBILE,0,352,0,14.84
https://rodenlaw.com/blog/importance-of-eyewitness-testimony/,TABLET,0,7,0,15.14
https://rodenlaw.com/blog/independent-medical-exams/#are-ime-doctors-independent,DESKTOP,0,131,0,2.78
https://rodenlaw.com/blog/independent-medical-exams/#are-ime-doctors-independent,MOBILE,0,2,0,8
https://rodenlaw.com/blog/independent-medical-exams/#ga-vs-sc-comparison,MOBILE,0,2,0,8
https://rodenlaw.com/blog/independent-medical-exams/#ime-rules-georgia,DESKTOP,0,85,0,2.87
https://rodenlaw.com/blog/independent-medical-exams/#ime-rules-georgia,MOBILE,0,2,0,8
https://rodenlaw.com/blog/independent-medical-exams/#ime-rules-south-carolina,MOBILE,0,2,0,8
https://rodenlaw.com/blog/independent-medical-exams/#refuse-an-ime,DESKTOP,0,46,0,2.61
https://rodenlaw.com/blog/independent-medical-exams/#refuse-an-ime,MOBILE,0,2,0,8
https://rodenlaw.com/blog/independent-medical-exams/#what-is-an-ime,DESKTOP,0,131,0,2.78
https://rodenlaw.com/blog/independent-medical-exams/#what-is-an-ime,MOBILE,0,2,0,8
https://rodenlaw.com/blog/independent-medical-exams/#why-insurance-companies-request-imes,MOBILE,0,2,0,8
https://rodenlaw.com/blog/informed-consent/,MOBILE,0,359,0,31.71
https://rodenlaw.com/blog/informed-consent/,TABLET,0,5,0,5.4
https://rodenlaw.com/blog/insurance-company-ignoring-demand-letter/,TABLET,0,83,0,40.18
https://rodenlaw.com/blog/international-boulevard-airport-rideshare-uber-lyft-crash-north-charleston/,DESKTOP,0,38,0,6.95
https://rodenlaw.com/blog/international-boulevard-airport-rideshare-uber-lyft-crash-north-charleston/,MOBILE,0,30,0,6.5
https://rodenlaw.com/blog/international-boulevard-airport-rideshare-uber-lyft-crash-north-charleston/,TABLET,0,1,0,13
https://rodenlaw.com/blog/is-hipaa-violation-medical-malpractice/,DESKTOP,0,48,0,41.69
https://rodenlaw.com/blog/is-hipaa-violation-medical-malpractice/,MOBILE,0,7,0,26.29
https://rodenlaw.com/blog/is-there-a-limit-for-medical-negligence-claims/,DESKTOP,0,2775,0,53.63
https://rodenlaw.com/blog/is-there-a-limit-for-medical-negligence-claims/,MOBILE,0,1344,0,43.82
https://rodenlaw.com/blog/is-there-a-limit-for-medical-negligence-claims/,TABLET,0,9,0,20.22
https://rodenlaw.com/blog/is-workers-compensation-an-employee-benefit/,TABLET,0,8,0,11
https://rodenlaw.com/blog/is-workers-compensation-an-employee-benefit/#benefit-or-legal-right,DESKTOP,0,451,0,4.76
https://rodenlaw.com/blog/is-workers-compensation-an-employee-benefit/#benefit-or-legal-right,MOBILE,0,46,0,4.98
https://rodenlaw.com/blog/is-workers-compensation-an-employee-benefit/#benefit-or-legal-right,TABLET,0,1,0,2
https://rodenlaw.com/blog/is-workers-compensation-an-employee-benefit/#ga-sc-requirements,DESKTOP,0,451,0,4.76
https://rodenlaw.com/blog/is-workers-compensation-an-employee-benefit/#ga-sc-requirements,MOBILE,0,46,0,4.98
https://rodenlaw.com/blog/is-workers-compensation-an-employee-benefit/#ga-sc-requirements,TABLET,0,1,0,2
https://rodenlaw.com/blog/is-workers-compensation-an-employee-benefit/#what-benefits-are-available,DESKTOP,0,17,0,6
https://rodenlaw.com/blog/is-workers-compensation-an-employee-benefit/#what-benefits-are-available,MOBILE,0,46,0,4.98
https://rodenlaw.com/blog/is-workers-compensation-an-employee-benefit/#what-benefits-are-available,TABLET,0,1,0,2
https://rodenlaw.com/blog/is-workers-compensation-an-employee-benefit/#what-is-workers-comp,DESKTOP,0,17,0,6
https://rodenlaw.com/blog/is-workers-compensation-an-employee-benefit/#what-is-workers-comp,MOBILE,0,46,0,4.98
https://rodenlaw.com/blog/is-workers-compensation-an-employee-benefit/#what-is-workers-comp,TABLET,0,1,0,2
https://rodenlaw.com/blog/is-workers-compensation-an-employee-benefit/#who-is-covered,MOBILE,0,46,0,4.98
https://rodenlaw.com/blog/is-workers-compensation-an-employee-benefit/#who-is-covered,TABLET,0,1,0,2
https://rodenlaw.com/blog/islands-expressway-whitemarsh-island-motorcycle-accident-chatham-county/,DESKTOP,0,11,0,34.82
https://rodenlaw.com/blog/islands-expressway-whitemarsh-island-motorcycle-accident-chatham-county/,MOBILE,0,1,0,13
https://rodenlaw.com/blog/jet-ski-personal-watercraft-accidents-charleston/,DESKTOP,0,269,0,8.36
https://rodenlaw.com/blog/jet-ski-personal-watercraft-accidents-charleston/,TABLET,0,1,0,3
https://rodenlaw.com/blog/jones-act-claims-south-carolina-maritime-worker-rights/,DESKTOP,0,108,0,33.75
https://rodenlaw.com/blog/jones-act-claims-south-carolina-maritime-worker-rights/,MOBILE,0,50,0,33.8
https://rodenlaw.com/blog/kemira-plant-drive-savannah-fatal-truck-accident-lawyer/,DESKTOP,0,47,0,18.26
https://rodenlaw.com/blog/kemira-plant-drive-savannah-fatal-truck-accident-lawyer/,MOBILE,0,15,0,11.4
https://rodenlaw.com/blog/king-calhoun-intersection-car-collisions/,DESKTOP,0,196,0,37.46
https://rodenlaw.com/blog/king-calhoun-intersection-car-collisions/,MOBILE,0,8,0,54.75
https://rodenlaw.com/blog/knee-injuries-after-georgia-car-crash/,DESKTOP,0,4829,0,49.11
https://rodenlaw.com/blog/knee-injuries-after-georgia-car-crash/,TABLET,0,4,0,27.25
https://rodenlaw.com/blog/lawsuit-for-work-injury/,DESKTOP,0,3077,0,58.41
https://rodenlaw.com/blog/lawsuit-for-work-injury/,MOBILE,0,3060,0,62.66
https://rodenlaw.com/blog/lawsuit-for-work-injury/,TABLET,0,1,0,27
https://rodenlaw.com/blog/leg-pain-and-leg-injuries-from-crash/,DESKTOP,0,4509,0,41.1
https://rodenlaw.com/blog/leg-pain-and-leg-injuries-from-crash/,TABLET,0,26,0,4.96
https://rodenlaw.com/blog/legal-help-shoulder-injuries-after-charleston-car-crash/,MOBILE,0,778,0,45.9
https://rodenlaw.com/blog/legal-options-after-rideshare-crash-in-charleston/,DESKTOP,0,1435,0,63.84
https://rodenlaw.com/blog/legal-options-after-rideshare-crash-in-charleston/,MOBILE,0,845,0,71.28
https://rodenlaw.com/blog/legal-options-after-rideshare-crash-in-charleston/,TABLET,0,1,0,66
https://rodenlaw.com/blog/legal-rights-after-memory-loss-savannah-crash/,DESKTOP,0,1899,0,40.79
https://rodenlaw.com/blog/legal-rights-after-memory-loss-savannah-crash/,MOBILE,0,1741,0,27.33
https://rodenlaw.com/blog/legal-rights-after-memory-loss-savannah-crash/,TABLET,0,22,0,14.27
https://rodenlaw.com/blog/legal-rights-if-hit-by-driver-in-company-car-charleston/,DESKTOP,0,660,0,36.17
https://rodenlaw.com/blog/legal-rights-if-hit-by-driver-in-company-car-charleston/,MOBILE,0,707,0,40.96
https://rodenlaw.com/blog/letters-of-protection-for-injury-victims/,TABLET,0,22,0,38.86
https://rodenlaw.com/blog/letters-of-protection-for-injury-victims/#benefits-of-using-a-letter-of-protection,MOBILE,0,5,0,7.2
https://rodenlaw.com/blog/letters-of-protection-for-injury-victims/#how-a-letter-of-protection-works,MOBILE,0,5,0,7.2
https://rodenlaw.com/blog/letters-of-protection-for-injury-victims/#how-insurance-companies-attack-letters-of-protection,MOBILE,0,5,0,7.2
https://rodenlaw.com/blog/letters-of-protection-for-injury-victims/#letters-of-protection-in-georgia,DESKTOP,0,3,0,4.67
https://rodenlaw.com/blog/letters-of-protection-for-injury-victims/#letters-of-protection-in-georgia,MOBILE,0,5,0,7.2
https://rodenlaw.com/blog/letters-of-protection-for-injury-victims/#risks-and-drawbacks-to-consider,MOBILE,0,5,0,7.2
https://rodenlaw.com/blog/letters-of-protection-for-injury-victims/#what-is-a-letter-of-protection,DESKTOP,0,4,0,6.25
https://rodenlaw.com/blog/letters-of-protection-for-injury-victims/#what-is-a-letter-of-protection,MOBILE,0,5,0,7.2
https://rodenlaw.com/blog/letters-of-protection-for-injury-victims/#when-you-may-need-a-letter-of-protection,DESKTOP,0,1,0,11
https://rodenlaw.com/blog/letters-of-protection-for-injury-victims/#when-you-may-need-a-letter-of-protection,MOBILE,0,5,0,7.2
https://rodenlaw.com/blog/liability-and-causes-for-backing-up-crashes-in-charleston/,DESKTOP,0,65,0,38.91
https://rodenlaw.com/blog/liability-and-causes-for-backing-up-crashes-in-charleston/,MOBILE,0,55,0,20.89
https://rodenlaw.com/blog/liability-and-causes-for-backing-up-crashes-in-charleston/,TABLET,0,1,0,5
https://rodenlaw.com/blog/liability-for-accidents-with-borrowed-vehicles/,TABLET,0,41,0,42.66
https://rodenlaw.com/blog/liability-for-backing-up-crashes-in-charleston/,DESKTOP,0,1548,0,56.57
https://rodenlaw.com/blog/liability-for-backing-up-crashes-in-charleston/,MOBILE,0,583,0,61.39
https://rodenlaw.com/blog/liability-for-backing-up-crashes-in-charleston/#backing,DESKTOP,0,6,0,11.83
https://rodenlaw.com/blog/liability-for-backing-up-crashes-in-charleston/#backing,MOBILE,0,8,0,9.5
https://rodenlaw.com/blog/liability-for-backing-up-crashes-in-charleston/#crashes,DESKTOP,0,6,0,11.83
https://rodenlaw.com/blog/liability-for-backing-up-crashes-in-charleston/#crashes,MOBILE,0,8,0,9.5
https://rodenlaw.com/blog/liability-for-backing-up-crashes-in-charleston/#happen,MOBILE,0,8,0,9.5
https://rodenlaw.com/blog/liability-for-brake-checking-crashes-charleston/,DESKTOP,0,432,0,48.36
https://rodenlaw.com/blog/liability-for-brake-checking-crashes-charleston/,MOBILE,0,269,0,38.64
https://rodenlaw.com/blog/liability-for-brake-checking-crashes-charleston/#drivers,MOBILE,0,10,0,9.1
https://rodenlaw.com/blog/liability-for-brake-checking-crashes-charleston/#evidence,MOBILE,0,10,0,9.1
https://rodenlaw.com/blog/liability-for-brake-checking-crashes-charleston/#percent,MOBILE,0,10,0,9.1
https://rodenlaw.com/blog/liability-for-charleston-underride-truck-crashes/,DESKTOP,0,1107,0,34.92
https://rodenlaw.com/blog/liability-for-charleston-underride-truck-crashes/,MOBILE,0,1124,0,35.64
https://rodenlaw.com/blog/liability-for-crashes-caused-by-not-using-turn-signal/,DESKTOP,0,1056,0,37.03
https://rodenlaw.com/blog/liability-for-crashes-caused-by-not-using-turn-signal/,MOBILE,0,629,0,18.43
https://rodenlaw.com/blog/liability-for-crashes-caused-by-not-using-turn-signal/,TABLET,0,4,0,10
https://rodenlaw.com/blog/liability-for-crashes-caused-by-teen-drivers/,DESKTOP,0,629,0,40.5
https://rodenlaw.com/blog/liability-for-crashes-caused-by-teen-drivers/,MOBILE,0,561,0,31.84
https://rodenlaw.com/blog/liability-for-crashes-caused-by-teen-drivers/,TABLET,0,2,0,1
https://rodenlaw.com/blog/liability-for-crashes-in-heavy-rainfall/,DESKTOP,0,498,0,45.96
https://rodenlaw.com/blog/liability-for-crashes-in-heavy-rainfall/,MOBILE,0,153,0,42.18
https://rodenlaw.com/blog/liability-for-crashes-in-heavy-rainfall/,TABLET,0,2,0,5
https://rodenlaw.com/blog/liability-for-roundabout-crashes-in-charleston/,DESKTOP,0,1618,0,30.25
https://rodenlaw.com/blog/liability-for-roundabout-crashes-in-charleston/,TABLET,0,1,0,54
https://rodenlaw.com/blog/liability-for-school-bus-crash/,DESKTOP,0,3636,0,62.35
https://rodenlaw.com/blog/liability-for-school-bus-crash/,MOBILE,0,2441,0,58.79
https://rodenlaw.com/blog/liability-for-school-bus-crash/,TABLET,0,14,0,81.43
https://rodenlaw.com/blog/liability-for-sudden-emergency-accidents/,TABLET,0,20,0,11.35
https://rodenlaw.com/blog/liability-for-sudden-emergency-accidents/#common-medical-emergencies-causing-crashes,MOBILE,0,7,0,4.57
https://rodenlaw.com/blog/liability-for-sudden-emergency-accidents/#georgia-sudden-emergency-defense,MOBILE,0,7,0,4.57
https://rodenlaw.com/blog/liability-for-sudden-emergency-accidents/#georgia-vs-south-carolina-comparison,MOBILE,0,7,0,4.57
https://rodenlaw.com/blog/liability-for-sudden-emergency-accidents/#south-carolina-sudden-emergency-defense,DESKTOP,0,6,0,8
https://rodenlaw.com/blog/liability-for-sudden-emergency-accidents/#south-carolina-sudden-emergency-defense,MOBILE,0,7,0,4.57
https://rodenlaw.com/blog/liability-for-sudden-emergency-accidents/#what-is-sudden-medical-emergency-defense,DESKTOP,0,6,0,8
https://rodenlaw.com/blog/liability-for-sudden-emergency-accidents/#what-is-sudden-medical-emergency-defense,MOBILE,0,7,0,4.57
https://rodenlaw.com/blog/liability-for-sudden-emergency-accidents/#when-the-defense-fails,MOBILE,0,7,0,4.57
https://rodenlaw.com/blog/liability-for-sudden-emergency-accidents/#who-else-may-be-liable,MOBILE,0,7,0,4.57
https://rodenlaw.com/blog/liability-in-a-driverless-car-crash/,DESKTOP,0,4275,0,34.49
https://rodenlaw.com/blog/liability-in-a-driverless-car-crash/,MOBILE,0,3123,0,31.1
https://rodenlaw.com/blog/liability-in-a-driverless-car-crash/,TABLET,0,9,0,8.44
https://rodenlaw.com/blog/liability-in-head-on-collisions-savannah-ga/,DESKTOP,0,537,0,56.95
https://rodenlaw.com/blog/liability-in-head-on-collisions-savannah-ga/,MOBILE,0,154,0,36.23
https://rodenlaw.com/blog/liability-in-head-on-collisions-savannah-ga/,TABLET,0,1,0,11
https://rodenlaw.com/blog/liability-waivers-and-injury-lawsuits/,DESKTOP,0,2923,0,58.23
https://rodenlaw.com/blog/liability-waivers-and-injury-lawsuits/,TABLET,0,2,0,5
https://rodenlaw.com/blog/liens-and-your-personal-injury-claims/,DESKTOP,0,3212,0,60.21
https://rodenlaw.com/blog/liens-and-your-personal-injury-claims/,TABLET,0,15,0,43.67
https://rodenlaw.com/blog/litchfield-beach-pawleys-island-us-17-car-accident-georgetown-county/,TABLET,0,4,0,9
https://rodenlaw.com/blog/litchfield-pawleys-island-golf-cart-accident-lawyer-georgetown-county/,DESKTOP,0,11,0,31.09
https://rodenlaw.com/blog/litchfield-pawleys-island-golf-cart-accident-lawyer-georgetown-county/,MOBILE,0,7,0,39
https://rodenlaw.com/blog/longshoreman-injury-claims/,DESKTOP,0,15691,0,63.11
https://rodenlaw.com/blog/longshoreman-injury-claims/,MOBILE,0,6532,0,57.55
https://rodenlaw.com/blog/longshoreman-injury-claims/,TABLET,0,1,0,49
https://rodenlaw.com/blog/lower-king-street-pedestrian-safety/,MOBILE,0,296,0,10.57
https://rodenlaw.com/blog/lower-king-street-pedestrian-safety/,TABLET,0,4,0,7.25
https://rodenlaw.com/blog/major-injuries-from-minor-car-accidents/,DESKTOP,0,6293,0,42.2
https://rodenlaw.com/blog/major-injuries-from-minor-car-accidents/,TABLET,0,19,0,9.11
https://rodenlaw.com/blog/mark-clark-expressway-i-526-18-wheeler-accident-lawyer-north-charleston/,DESKTOP,0,28,0,65.5
https://rodenlaw.com/blog/mark-clark-expressway-i-526-18-wheeler-accident-lawyer-north-charleston/,MOBILE,0,23,0,13.96
https://rodenlaw.com/blog/maximum-medical-improvement-in-an-injury-claim/,TABLET,0,11,0,4.91
https://rodenlaw.com/blog/maximum-medical-improvement-in-an-injury-claim/#mmi-personal-injury,DESKTOP,0,6,0,6.83
https://rodenlaw.com/blog/maximum-medical-improvement-in-an-injury-claim/#what-is-mmi,DESKTOP,0,6,0,6.83
https://rodenlaw.com/blog/maximum-medical-improvement-in-an-injury-claim/#who-determines,DESKTOP,0,6,0,6.83
https://rodenlaw.com/blog/maybank-highway-car-accidents-johns-island/,DESKTOP,0,64,0,20.75
https://rodenlaw.com/blog/maybank-highway-car-accidents-johns-island/,MOBILE,0,41,0,9.44
https://rodenlaw.com/blog/mcintosh-county-drunk-driver-accident-lawyer/,DESKTOP,0,81,0,10.77
https://rodenlaw.com/blog/mcintosh-county-drunk-driver-accident-lawyer/,MOBILE,0,4,0,11
https://rodenlaw.com/blog/mediation-for-a-personal-injury-claim/,DESKTOP,0,154,0,72.66
https://rodenlaw.com/blog/mediation-for-a-personal-injury-claim/,MOBILE,0,127,0,72.17
https://rodenlaw.com/blog/medical-malpractice-examples/,DESKTOP,0,35,0,22.71
https://rodenlaw.com/blog/medical-malpractice-examples/,MOBILE,0,4,0,16.5
https://rodenlaw.com/blog/medical-malpractice-limits-georgia/,DESKTOP,0,1276,0,32.35
https://rodenlaw.com/blog/medical-malpractice-limits-georgia/,MOBILE,0,424,0,35.5
https://rodenlaw.com/blog/medical-malpractice-limits-georgia/,TABLET,0,2,0,2.5
https://rodenlaw.com/blog/medical-malpractice-limits-south-carolina/,DESKTOP,0,1952,0,32.92
https://rodenlaw.com/blog/medical-malpractice-limits-south-carolina/,TABLET,0,5,0,37.8
https://rodenlaw.com/blog/medical-malpractice-limits-south-carolina/#common-claims,MOBILE,0,7,0,7.14
https://rodenlaw.com/blog/medical-malpractice-limits-south-carolina/#damages-caps,DESKTOP,0,29,0,7.45
https://rodenlaw.com/blog/medical-malpractice-limits-south-carolina/#damages-caps,MOBILE,0,7,0,7.14
https://rodenlaw.com/blog/medical-malpractice-limits-south-carolina/#discovery-rule,MOBILE,0,2,0,10.5
https://rodenlaw.com/blog/medical-malpractice-limits-south-carolina/#mediation-requirement,MOBILE,0,5,0,5.8
https://rodenlaw.com/blog/medical-malpractice-limits-south-carolina/#notice-of-intent,MOBILE,0,7,0,7.14
https://rodenlaw.com/blog/medical-malpractice-limits-south-carolina/#statute-of-limitations,MOBILE,0,7,0,7.14
https://rodenlaw.com/blog/medical-malpractice-limits-south-carolina/#statute-of-repose,MOBILE,0,7,0,7.14
https://rodenlaw.com/blog/medical-malpractice-limits-south-carolina/#types-of-damages,DESKTOP,0,29,0,7.45
https://rodenlaw.com/blog/medical-malpractice-limits-south-carolina/#types-of-damages,MOBILE,0,7,0,7.14
https://rodenlaw.com/blog/medical-treatment-after-accident/,DESKTOP,0,8,0,69.88
https://rodenlaw.com/blog/medical-treatment-after-accident/,MOBILE,0,12,0,51.25
https://rodenlaw.com/blog/military-base-accidents-joint-base-charleston-rights/,DESKTOP,0,130,0,13.74
https://rodenlaw.com/blog/military-base-accidents-joint-base-charleston-rights/,MOBILE,0,25,0,17.16
https://rodenlaw.com/blog/military-base-accidents-joint-base-charleston-rights/,TABLET,0,1,0,52
https://rodenlaw.com/blog/mistakes-charleston-slip-and-fall-victims-make/,DESKTOP,0,9223,0,38.99
https://rodenlaw.com/blog/mistakes-charleston-slip-and-fall-victims-make/,MOBILE,0,5565,0,36.3
https://rodenlaw.com/blog/mistakes-charleston-slip-and-fall-victims-make/,TABLET,0,1,0,46
https://rodenlaw.com/blog/motorcycle-accident-i-95-glynn-county-brunswick-darien/,TABLET,0,1,0,1
https://rodenlaw.com/blog/motorcycle-accidents-dorchester-road-data/,DESKTOP,0,24,0,19.42
https://rodenlaw.com/blog/motorcycle-accidents-dorchester-road-data/,TABLET,0,3,0,1
https://rodenlaw.com/blog/mount-pleasant-johnnie-dodds-us-17-uninsured-motorist-lawyer/,DESKTOP,0,12,0,22.25
https://rodenlaw.com/blog/mount-pleasant-johnnie-dodds-us-17-uninsured-motorist-lawyer/,MOBILE,0,4,0,5.5
https://rodenlaw.com/blog/mount-pleasant-johnnie-dodds-us-17-wrongful-death-car-accident-lawyer/,DESKTOP,0,23,0,13.57
https://rodenlaw.com/blog/mount-pleasant-johnnie-dodds-us-17-wrongful-death-car-accident-lawyer/,MOBILE,0,5,0,8.2
https://rodenlaw.com/blog/mount-pleasant-mark-clark-expressway-i-526-motorcycle-accident-lawyer/,DESKTOP,0,3,0,14.33
https://rodenlaw.com/blog/mount-pleasant-mark-clark-expressway-i-526-motorcycle-accident-lawyer/,MOBILE,0,3,0,7.67
https://rodenlaw.com/blog/much-worth-ga-worker-compared-states/,DESKTOP,0,10082,0,51.62
https://rodenlaw.com/blog/much-worth-ga-worker-compared-states/,MOBILE,0,2882,0,45.78
https://rodenlaw.com/blog/much-worth-ga-worker-compared-states/,TABLET,0,2,0,58.5
https://rodenlaw.com/blog/murrells-inlet-jet-ski-accident-lawyer/,DESKTOP,0,115,0,16.79
https://rodenlaw.com/blog/murrells-inlet-jet-ski-accident-lawyer/,MOBILE,0,120,0,15.19
https://rodenlaw.com/blog/murrells-inlet-jet-ski-accident-lawyer/,TABLET,0,1,0,55
https://rodenlaw.com/blog/myrtle-beach-dangerous-roads-intersections/,TABLET,0,597,0,8.89
https://rodenlaw.com/blog/myrtle-beach-golf-cart-laws/,TABLET,0,25,0,5.8
https://rodenlaw.com/blog/n-lake-drive-dick-pond-road-sc-544-underinsured-motorist-lawyer/,DESKTOP,0,1,0,16
https://rodenlaw.com/blog/n-lake-drive-dick-pond-road-sc-544-underinsured-motorist-lawyer/,MOBILE,0,1,0,37
https://rodenlaw.com/blog/n-lake-drive-us-17-business-best-car-accident-lawyer/,DESKTOP,0,50,0,28.7
https://rodenlaw.com/blog/n-lake-drive-us-17-business-best-car-accident-lawyer/,MOBILE,0,40,0,10.7
https://rodenlaw.com/blog/n-lake-drive-us-17-business-best-car-accident-lawyer/,TABLET,0,1,0,6
https://rodenlaw.com/blog/negligence-and-18-wheeler-accidents/,DESKTOP,0,158,0,60.19
https://rodenlaw.com/blog/negligence-and-18-wheeler-accidents/,MOBILE,0,60,0,70.95
https://rodenlaw.com/blog/negligence-vs-gross-negligence/#examples,DESKTOP,0,1,0,11
https://rodenlaw.com/blog/negligence-vs-gross-negligence/#examples,MOBILE,0,8,0,7.88
https://rodenlaw.com/blog/negligence-vs-gross-negligence/#examples,TABLET,0,1,0,8
https://rodenlaw.com/blog/negligence-vs-gross-negligence/#four-elements,DESKTOP,0,99,0,7.43
https://rodenlaw.com/blog/negligence-vs-gross-negligence/#four-elements,MOBILE,0,77,0,8.17
https://rodenlaw.com/blog/negligence-vs-gross-negligence/#four-elements,TABLET,0,1,0,8
https://rodenlaw.com/blog/negligence-vs-gross-negligence/#negligence-vs-gross,DESKTOP,0,97,0,7.36
https://rodenlaw.com/blog/negligence-vs-gross-negligence/#negligence-vs-gross,MOBILE,0,68,0,8.26
https://rodenlaw.com/blog/negligence-vs-gross-negligence/#punitive-damages,DESKTOP,0,2,0,11
https://rodenlaw.com/blog/negligence-vs-gross-negligence/#punitive-damages,MOBILE,0,8,0,7.88
https://rodenlaw.com/blog/negligence-vs-gross-negligence/#punitive-damages,TABLET,0,1,0,8
https://rodenlaw.com/blog/negligence-vs-gross-negligence/#what-is-gross-negligence,DESKTOP,0,1,0,2
https://rodenlaw.com/blog/negligence-vs-gross-negligence/#what-is-gross-negligence,MOBILE,0,76,0,8.22
https://rodenlaw.com/blog/negligence-vs-gross-negligence/#what-is-gross-negligence,TABLET,0,1,0,8
https://rodenlaw.com/blog/negligence-vs-gross-negligence/#what-is-negligence,DESKTOP,0,97,0,7.45
https://rodenlaw.com/blog/negligence-vs-gross-negligence/#what-is-negligence,MOBILE,0,77,0,8.17
https://rodenlaw.com/blog/negligence-vs-gross-negligence/#what-is-negligence,TABLET,0,1,0,8
https://rodenlaw.com/blog/nerve-damage-after-charleston-car-crash/,DESKTOP,0,2408,0,45.0
https://rodenlaw.com/blog/nerve-damage-after-charleston-car-crash/,TABLET,0,35,0,4.94
https://rodenlaw.com/blog/north-charleston-crime-rate-hit-and-run/,TABLET,0,7,0,10.14
https://rodenlaw.com/blog/north-rhett-avenue-truck-accident-hanahan-berkeley-county/,DESKTOP,0,28,0,27.11
https://rodenlaw.com/blog/north-rhett-avenue-truck-accident-hanahan-berkeley-county/,MOBILE,0,13,0,15.08
https://rodenlaw.com/blog/nursing-home-abuse-charleston-signs-families/,DESKTOP,0,251,0,11.1
https://rodenlaw.com/blog/nursing-home-abuse-charleston-signs-families/,MOBILE,0,247,0,9.45
https://rodenlaw.com/blog/nursing-home-abuse-charleston-signs-families/,TABLET,0,1,0,9
https://rodenlaw.com/blog/nursing-home-abuse-warning-signs/,DESKTOP,0,915,0,62.79
https://rodenlaw.com/blog/nursing-home-abuse-warning-signs/,MOBILE,0,95,0,57.47
https://rodenlaw.com/blog/nursing-home-abuse-warning-signs/,TABLET,0,1,0,34
https://rodenlaw.com/blog/nursing-home-liability/,DESKTOP,0,785,0,29.94
https://rodenlaw.com/blog/nursing-home-liability/,MOBILE,0,540,0,21.14
https://rodenlaw.com/blog/old-fort-jackson-savannah-fatal-truck-accident-lawyer/,DESKTOP,0,67,0,14.96
https://rodenlaw.com/blog/old-fort-jackson-savannah-fatal-truck-accident-lawyer/,MOBILE,0,5,0,22.6
https://rodenlaw.com/blog/options-for-denied-injury-claims/,DESKTOP,0,4516,0,29.89
https://rodenlaw.com/blog/options-for-denied-injury-claims/,TABLET,0,18,0,9.28
https://rodenlaw.com/blog/options-for-denied-injury-claims/#bad-faith-complaint,MOBILE,0,73,0,9.18
https://rodenlaw.com/blog/options-for-denied-injury-claims/#bad-faith-georgia,MOBILE,0,73,0,9.18
https://rodenlaw.com/blog/options-for-denied-injury-claims/#common-reasons-denied,DESKTOP,0,134,0,9.49
https://rodenlaw.com/blog/options-for-denied-injury-claims/#common-reasons-denied,MOBILE,0,73,0,9.18
https://rodenlaw.com/blog/options-for-denied-injury-claims/#file-appeal,DESKTOP,0,2,0,11
https://rodenlaw.com/blog/options-for-denied-injury-claims/#file-appeal,MOBILE,0,73,0,9.18
https://rodenlaw.com/blog/options-for-denied-injury-claims/#file-lawsuit,DESKTOP,0,125,0,9.67
https://rodenlaw.com/blog/options-for-denied-injury-claims/#file-lawsuit,MOBILE,0,73,0,9.18
https://rodenlaw.com/blog/options-for-denied-injury-claims/#gather-evidence,DESKTOP,0,3,0,5.33
https://rodenlaw.com/blog/options-for-denied-injury-claims/#gather-evidence,MOBILE,0,73,0,9.18
https://rodenlaw.com/blog/options-for-denied-injury-claims/#review-denial-letter,DESKTOP,0,8,0,8.62
https://rodenlaw.com/blog/options-for-denied-injury-claims/#review-denial-letter,MOBILE,0,73,0,9.18
https://rodenlaw.com/blog/options-for-recovering-more-than-policy-limits/,DESKTOP,0,1294,0,34.23
https://rodenlaw.com/blog/options-for-recovering-more-than-policy-limits/,TABLET,0,2,0,3
https://rodenlaw.com/blog/overloaded-semi-trucks-accidents-on-charleston-highways/,DESKTOP,0,204,0,22.91
https://rodenlaw.com/blog/overloaded-semi-trucks-accidents-on-charleston-highways/,MOBILE,0,72,0,27.57
https://rodenlaw.com/blog/overview-georgia-distracted-driving-laws/,DESKTOP,0,1223,0,43.29
https://rodenlaw.com/blog/overview-georgia-distracted-driving-laws/,MOBILE,0,253,0,43.36
https://rodenlaw.com/blog/page/18/,DESKTOP,0,5,0,29.2
https://rodenlaw.com/blog/page/19/,DESKTOP,0,5,0,58.4
https://rodenlaw.com/blog/page/2/,DESKTOP,0,120,0,23.15
https://rodenlaw.com/blog/page/2/,MOBILE,0,24,0,15.04
https://rodenlaw.com/blog/page/20/,DESKTOP,0,59,0,21.61
https://rodenlaw.com/blog/page/20/,MOBILE,0,1,0,10
https://rodenlaw.com/blog/page/21/,DESKTOP,0,196,0,9.87
https://rodenlaw.com/blog/page/21/,MOBILE,0,2,0,11.5
https://rodenlaw.com/blog/page/22/,DESKTOP,0,167,0,79.08
https://rodenlaw.com/blog/page/23/,DESKTOP,0,8,0,75
https://rodenlaw.com/blog/page/24/,DESKTOP,0,37,0,23.08
https://rodenlaw.com/blog/page/24/,MOBILE,0,2,0,9
https://rodenlaw.com/blog/page/25/,DESKTOP,0,7,0,20.43
https://rodenlaw.com/blog/page/26/,DESKTOP,0,2,0,28
https://rodenlaw.com/blog/page/3/,DESKTOP,0,107,0,12.36
https://rodenlaw.com/blog/page/3/,MOBILE,0,3,0,14
https://rodenlaw.com/blog/page/34/,DESKTOP,0,3,0,12.67
https://rodenlaw.com/blog/page/38/,DESKTOP,0,22,0,5.68
https://rodenlaw.com/blog/page/38/,MOBILE,0,3,0,10.33
https://rodenlaw.com/blog/page/4/,DESKTOP,0,6,0,37.83
https://rodenlaw.com/blog/page/4/,MOBILE,0,1,0,8
https://rodenlaw.com/blog/page/41/,DESKTOP,0,2,0,14
https://rodenlaw.com/blog/page/42/,DESKTOP,0,13,0,14.54
https://rodenlaw.com/blog/page/44/,DESKTOP,0,4,0,18.5
https://rodenlaw.com/blog/park-circle-east-montague-drunk-driving-accident-lawyer-north-charleston/,DESKTOP,0,175,0,17.74
https://rodenlaw.com/blog/park-circle-east-montague-drunk-driving-accident-lawyer-north-charleston/,MOBILE,0,106,0,10.66
https://rodenlaw.com/blog/park-circle-east-montague-drunk-driving-accident-lawyer-north-charleston/,TABLET,0,12,0,13.5
https://rodenlaw.com/blog/passenger-car-accident-claim/,DESKTOP,0,8567,0,56.63
https://rodenlaw.com/blog/passenger-car-accident-claim/,TABLET,0,5,0,64.4
https://rodenlaw.com/blog/paying-medical-bills-during-a-claim/,DESKTOP,0,979,0,59.41
https://rodenlaw.com/blog/paying-medical-bills-during-a-claim/,MOBILE,0,281,0,51.43
https://rodenlaw.com/blog/pedestrian-accident-dorchester-road-school-zone-29418-north-charleston/,DESKTOP,0,4,0,14.25
https://rodenlaw.com/blog/pedestrian-accident-dorchester-road-school-zone-29418-north-charleston/,MOBILE,0,5,0,17.4
https://rodenlaw.com/blog/pedestrian-accidents-musc-charleston-medical-district/,DESKTOP,0,53,0,15.92
https://rodenlaw.com/blog/pedestrian-accidents-musc-charleston-medical-district/,MOBILE,0,36,0,6.47
https://rodenlaw.com/blog/pedestrian-liability-for-car-accidents/,DESKTOP,0,3829,0,48.86
https://rodenlaw.com/blog/pedestrian-liability-for-car-accidents/,TABLET,0,4,0,26
https://rodenlaw.com/blog/pedestrian-safety-georgia/,DESKTOP,0,96,0,33.14
https://rodenlaw.com/blog/pedestrian-safety-georgia/,MOBILE,0,36,0,23.33
https://rodenlaw.com/blog/pedestrian-safety-park-circle-north-charleston/,MOBILE,0,95,0,8.47
https://rodenlaw.com/blog/personal-injury-calculating-loss-of-earning-capacity/,DESKTOP,0,4758,0,45.22
https://rodenlaw.com/blog/personal-injury-calculating-loss-of-earning-capacity/,MOBILE,0,891,0,36.32
https://rodenlaw.com/blog/personal-injury-calculating-loss-of-earning-capacity/,TABLET,0,5,0,8.8
https://rodenlaw.com/blog/personal-injury-claim-charleston-berkeley-dorchester-county/,DESKTOP,0,156,0,29.38
https://rodenlaw.com/blog/personal-injury-claim-charleston-berkeley-dorchester-county/,MOBILE,0,89,0,34.31
https://rodenlaw.com/blog/personal-injury-claim-charleston-berkeley-dorchester-county/,TABLET,0,9,0,54.11
https://rodenlaw.com/blog/personal-injury-lawsuit-steps/,DESKTOP,0,1083,0,58.38
https://rodenlaw.com/blog/personal-injury-lawsuit-steps/,MOBILE,0,791,0,63.03
https://rodenlaw.com/blog/personal-injury-lawsuit-steps/,TABLET,0,14,0,47.07
https://rodenlaw.com/blog/personal-injury-lawsuit-vs-insurance-claim/,DESKTOP,0,115,0,17.77
https://rodenlaw.com/blog/personal-injury-lawsuit-vs-insurance-claim/,MOBILE,0,31,0,72.65
https://rodenlaw.com/blog/police-report-as-proof-of-liability/,DESKTOP,0,48,0,75.75
https://rodenlaw.com/blog/police-report-as-proof-of-liability/,MOBILE,0,24,0,7.79
https://rodenlaw.com/blog/police-report-as-proof-of-liability/,TABLET,0,2,0,1
https://rodenlaw.com/blog/port-of-charleston-injury-claims-longshoremen-dock-workers/,DESKTOP,0,50,0,41.32
https://rodenlaw.com/blog/port-of-charleston-injury-claims-longshoremen-dock-workers/,MOBILE,0,33,0,41.36
https://rodenlaw.com/blog/port-truck-accidents-charleston-liability/,DESKTOP,0,2,0,27.5
https://rodenlaw.com/blog/port-truck-accidents-charleston-liability/,MOBILE,0,1,0,8
https://rodenlaw.com/blog/protect-child-dog-bite-injury/,DESKTOP,0,48,0,67.52
https://rodenlaw.com/blog/protect-child-dog-bite-injury/,MOBILE,0,9,0,50.11
https://rodenlaw.com/blog/protecting-child-burn-injuries-home/,DESKTOP,0,156,0,27.9
https://rodenlaw.com/blog/protecting-child-burn-injuries-home/,MOBILE,0,78,0,21.35
https://rodenlaw.com/blog/protecting-your-rights-after-a-myrtle-beach-car-accident-2/,DESKTOP,0,8,0,29.25
https://rodenlaw.com/blog/protecting-your-rights-after-a-myrtle-beach-car-accident-2/,MOBILE,0,1,0,3
https://rodenlaw.com/blog/protecting-your-rights-after-a-myrtle-beach-car-accident-3/,DESKTOP,0,12,0,20.5
https://rodenlaw.com/blog/protecting-your-rights-after-a-myrtle-beach-car-accident-3/,MOBILE,0,4,0,16.75
https://rodenlaw.com/blog/protecting-your-rights-after-a-myrtle-beach-car-accident/,DESKTOP,0,117,0,14.79
https://rodenlaw.com/blog/protecting-your-rights-after-a-myrtle-beach-car-accident/,MOBILE,0,58,0,18.1
https://rodenlaw.com/blog/proving-a-tourist-was-at-fault-in-your-charleston-accident/,DESKTOP,0,28,0,32.39
https://rodenlaw.com/blog/proving-a-tourist-was-at-fault-in-your-charleston-accident/,MOBILE,0,8,0,11.88
https://rodenlaw.com/blog/proving-back-pain-after-savannah-car-crash/,DESKTOP,0,7492,0,43.02
https://rodenlaw.com/blog/proving-back-pain-after-savannah-car-crash/,MOBILE,0,5934,0,42.89
https://rodenlaw.com/blog/proving-negligence-personal-injury/,DESKTOP,0,230,0,59.03
https://rodenlaw.com/blog/proving-negligence-personal-injury/,MOBILE,0,41,0,56.41
https://rodenlaw.com/blog/proving-pain-and-suffering-after-an-ashley-river-road-accident/,DESKTOP,0,20,0,28.2
https://rodenlaw.com/blog/proving-pain-and-suffering-after-an-ashley-river-road-accident/,MOBILE,0,33,0,14.97
https://rodenlaw.com/blog/proving-pain-and-suffering-after-an-ashley-river-road-accident/,TABLET,0,1,0,8
https://rodenlaw.com/blog/proving-your-pain-after-a-charleston-car-accident/,DESKTOP,0,34,0,38.38
https://rodenlaw.com/blog/proving-your-pain-after-a-charleston-car-accident/,MOBILE,0,7,0,13.14
https://rodenlaw.com/blog/ptsd-after-car-accident-compensation/,DESKTOP,0,1539,0,43.38
https://rodenlaw.com/blog/ptsd-after-car-accident-compensation/,TABLET,0,37,0,44.81
https://rodenlaw.com/blog/punitive-damages-in-drunk-driving-accident/,DESKTOP,0,311,0,64.98
https://rodenlaw.com/blog/punitive-damages-in-drunk-driving-accident/,MOBILE,0,195,0,58.14
https://rodenlaw.com/blog/punitive-damages-in-drunk-driving-accident/,TABLET,0,1,0,65
https://rodenlaw.com/blog/qualifications-for-car-accident-witnesses/,DESKTOP,0,1218,0,45.41
https://rodenlaw.com/blog/qualifications-for-car-accident-witnesses/,MOBILE,0,466,0,46.55
https://rodenlaw.com/blog/qualifications-for-car-accident-witnesses/,TABLET,0,5,0,57.6
https://rodenlaw.com/blog/questions-about-filing-a-lawsuit/,DESKTOP,0,15,0,47.07
https://rodenlaw.com/blog/questions-about-filing-a-lawsuit/,MOBILE,0,5,0,10.4
https://rodenlaw.com/blog/rear-end-accident-injuries/,DESKTOP,0,1201,0,46.77
https://rodenlaw.com/blog/rear-end-accident-injuries/,MOBILE,0,493,0,27.18
https://rodenlaw.com/blog/rear-end-accident-injuries/,TABLET,0,3,0,28.33
https://rodenlaw.com/blog/rear-end-collision-liability/,DESKTOP,0,7826,0,50.36
https://rodenlaw.com/blog/rear-end-collision-liability/,TABLET,0,3,0,6.67
https://rodenlaw.com/blog/reasons-for-workers-comp-claim-denial/,DESKTOP,0,2347,0,58.22
https://rodenlaw.com/blog/recovering-damages-with-pre-existing-injuries/#common-pre-existing-conditions,DESKTOP,0,3,0,9.33
https://rodenlaw.com/blog/recovering-damages-with-pre-existing-injuries/#what-is-pre-existing-injury,DESKTOP,0,3,0,9.33
https://rodenlaw.com/blog/recovering-lost-wages-after-a-truck-accident-on-i-526/,DESKTOP,0,38,0,13.66
https://rodenlaw.com/blog/recovering-lost-wages-after-a-truck-accident-on-i-526/,MOBILE,0,14,0,13.43
https://rodenlaw.com/blog/refusing-opioid-prescription-in-workers-comp-claim/,DESKTOP,0,1414,0,50.06
https://rodenlaw.com/blog/refusing-opioid-prescription-in-workers-comp-claim/,MOBILE,0,1701,0,22.41
https://rodenlaw.com/blog/releasing-medical-records/,TABLET,0,17,0,15.41
https://rodenlaw.com/blog/resolving-claims-through-arbitration/,DESKTOP,0,4433,0,45
https://rodenlaw.com/blog/resolving-claims-through-arbitration/,TABLET,0,21,0,20.57
https://rodenlaw.com/blog/resolving-claims-through-arbitration/#arbitration-georgia,DESKTOP,0,52,0,10.37
https://rodenlaw.com/blog/resolving-claims-through-arbitration/#arbitration-georgia,MOBILE,0,99,0,9.33
https://rodenlaw.com/blog/resolving-claims-through-arbitration/#arbitration-process,DESKTOP,0,29,0,10.03
https://rodenlaw.com/blog/resolving-claims-through-arbitration/#arbitration-process,MOBILE,0,99,0,9.33
https://rodenlaw.com/blog/resolving-claims-through-arbitration/#arbitration-south-carolina,DESKTOP,0,6,0,9.67
https://rodenlaw.com/blog/resolving-claims-through-arbitration/#arbitration-south-carolina,MOBILE,0,99,0,9.33
https://rodenlaw.com/blog/resolving-claims-through-arbitration/#binding-vs-non-binding,DESKTOP,0,1,0,11
https://rodenlaw.com/blog/resolving-claims-through-arbitration/#binding-vs-non-binding,MOBILE,0,99,0,9.33
https://rodenlaw.com/blog/resolving-claims-through-arbitration/#ga-vs-sc-comparison,MOBILE,0,99,0,9.33
https://rodenlaw.com/blog/resolving-claims-through-arbitration/#what-is-arbitration,DESKTOP,0,46,0,10.46
https://rodenlaw.com/blog/resolving-claims-through-arbitration/#what-is-arbitration,MOBILE,0,99,0,9.33
https://rodenlaw.com/blog/resolving-claims-through-arbitration/#when-arbitration-required,DESKTOP,0,22,0,10.77
https://rodenlaw.com/blog/resolving-claims-through-arbitration/#when-arbitration-required,MOBILE,0,99,0,9.33
https://rodenlaw.com/blog/returning-to-work-too-soon-charleston-crash/,DESKTOP,0,443,0,40.14
https://rodenlaw.com/blog/returning-to-work-too-soon-charleston-crash/,MOBILE,0,234,0,23.71
https://rodenlaw.com/blog/rideshare-accident-i-26-tenmile-north-charleston/,DESKTOP,0,60,0,12.9
https://rodenlaw.com/blog/rideshare-accident-i-26-tenmile-north-charleston/,MOBILE,0,10,0,33.4
https://rodenlaw.com/blog/rifle-range-road-mount-pleasant-car-accident-heritage-park-west/,DESKTOP,0,128,0,23.38
https://rodenlaw.com/blog/rifle-range-road-mount-pleasant-car-accident-heritage-park-west/,MOBILE,0,40,0,10.47
https://rodenlaw.com/blog/risk-of-refusing-medical-care-after-car-crash-charleston/,DESKTOP,0,98,0,50.47
https://rodenlaw.com/blog/risk-of-refusing-medical-care-after-car-crash-charleston/,MOBILE,0,29,0,45.31
https://rodenlaw.com/blog/rivers-avenue-northwoods-bus-accident-lawyer-north-charleston/,DESKTOP,0,46,0,15.67
https://rodenlaw.com/blog/rivers-avenue-northwoods-bus-accident-lawyer-north-charleston/,MOBILE,0,10,0,8.9
https://rodenlaw.com/blog/rivers-avenue-pedestrian-deaths-north-charleston/,DESKTOP,0,10,0,48.5
https://rodenlaw.com/blog/rivers-avenue-pedestrian-deaths-north-charleston/,MOBILE,0,13,0,23.46
https://rodenlaw.com/blog/road-hazard-car-accident-liability/,DESKTOP,0,1091,0,53.69
https://rodenlaw.com/blog/road-hazard-car-accident-liability/,MOBILE,0,245,0,77.94
https://rodenlaw.com/blog/road-hazard-car-accident-liability/,TABLET,0,1,0,19
https://rodenlaw.com/blog/roadway-hazard-auto-accident/,DESKTOP,0,895,0,32.88
https://rodenlaw.com/blog/roadway-hazard-auto-accident/,MOBILE,0,398,0,43.26
https://rodenlaw.com/blog/roadway-hazard-auto-accident/,TABLET,0,7,0,10.43
https://rodenlaw.com/blog/rollover-crashes-and-what-they-do-to-body/,MOBILE,0,1,0,1
https://rodenlaw.com/blog/rollover-crashes-and-what-they-do-to-your-body/#common-injuries,DESKTOP,0,13,0,8.08
https://rodenlaw.com/blog/rollover-crashes-and-what-they-do-to-your-body/#common-injuries,MOBILE,0,421,0,7.22
https://rodenlaw.com/blog/rollover-crashes-and-what-they-do-to-your-body/#common-injuries,TABLET,0,18,0,9.22
https://rodenlaw.com/blog/rollover-crashes-and-what-they-do-to-your-body/#comparative-fault,MOBILE,0,421,0,7.22
https://rodenlaw.com/blog/rollover-crashes-and-what-they-do-to-your-body/#comparative-fault,TABLET,0,18,0,9.22
https://rodenlaw.com/blog/rollover-crashes-and-what-they-do-to-your-body/#damages-you-can-recover,DESKTOP,0,21,0,7.29
https://rodenlaw.com/blog/rollover-crashes-and-what-they-do-to-your-body/#damages-you-can-recover,MOBILE,0,421,0,7.22
https://rodenlaw.com/blog/rollover-crashes-and-what-they-do-to-your-body/#damages-you-can-recover,TABLET,0,18,0,9.22
https://rodenlaw.com/blog/rollover-crashes-and-what-they-do-to-your-body/#how-rollovers-happen,DESKTOP,0,28,0,6.43
https://rodenlaw.com/blog/rollover-crashes-and-what-they-do-to-your-body/#how-rollovers-happen,MOBILE,0,421,0,7.22
https://rodenlaw.com/blog/rollover-crashes-and-what-they-do-to-your-body/#how-rollovers-happen,TABLET,0,18,0,9.22
https://rodenlaw.com/blog/rollover-crashes-and-what-they-do-to-your-body/#what-happens-to-your-body,MOBILE,0,421,0,7.22
https://rodenlaw.com/blog/rollover-crashes-and-what-they-do-to-your-body/#what-happens-to-your-body,TABLET,0,18,0,9.22
https://rodenlaw.com/blog/rollover-crashes-and-what-they-do-to-your-body/#what-is-rollover-crash,DESKTOP,0,35,0,10.83
https://rodenlaw.com/blog/rollover-crashes-and-what-they-do-to-your-body/#what-is-rollover-crash,MOBILE,0,423,0,7.22
https://rodenlaw.com/blog/rollover-crashes-and-what-they-do-to-your-body/#what-is-rollover-crash,TABLET,0,18,0,9.22
https://rodenlaw.com/blog/rollover-crashes-and-what-they-do-to-your-body/#who-is-liable,DESKTOP,0,87,0,8.31
https://rodenlaw.com/blog/rollover-crashes-and-what-they-do-to-your-body/#who-is-liable,MOBILE,0,423,0,7.22
https://rodenlaw.com/blog/rollover-crashes-and-what-they-do-to-your-body/#who-is-liable,TABLET,0,18,0,9.22
https://rodenlaw.com/blog/safe-bike-riding-georgias-roadways/,DESKTOP,0,419,0,60.26
https://rodenlaw.com/blog/safe-bike-riding-georgias-roadways/,MOBILE,0,173,0,48.26
https://rodenlaw.com/blog/safe-bike-riding-georgias-roadways/,TABLET,0,1,0,11
https://rodenlaw.com/blog/safe-driving-in-construction-zones/,DESKTOP,0,1184,0,28.07
https://rodenlaw.com/blog/safe-driving-in-construction-zones/,MOBILE,0,464,0,8.53
https://rodenlaw.com/blog/safe-driving-in-construction-zones/,TABLET,0,6,0,10
https://rodenlaw.com/blog/safest-hospitals-georgia/,DESKTOP,0,115,0,63.82
https://rodenlaw.com/blog/safest-hospitals-georgia/,TABLET,0,3,0,11
https://rodenlaw.com/blog/safety-tips-driving-work-zones-georgia/,DESKTOP,0,1011,0,50.05
https://rodenlaw.com/blog/safety-tips-driving-work-zones-georgia/,TABLET,0,2,0,10
https://rodenlaw.com/blog/sapelo-island-ferry-dock-collapse-causing-fatality-and-serious-injuries/,TABLET,0,3,0,10.67
https://rodenlaw.com/blog/savannah-dangerous-highways-i16-i95-abercorn/,DESKTOP,0,93,0,27.89
https://rodenlaw.com/blog/savannah-dangerous-highways-i16-i95-abercorn/,MOBILE,0,46,0,9.89
https://rodenlaw.com/blog/savannah-dangerous-highways-i16-i95-abercorn/,TABLET,0,1,0,11
https://rodenlaw.com/blog/savannah-highway-truck-accidents-west-ashley-us-17/,DESKTOP,0,20,0,14.9
https://rodenlaw.com/blog/savannah-highway-truck-accidents-west-ashley-us-17/,MOBILE,0,33,0,9.15
https://rodenlaw.com/blog/savannah-ppi-attorney/,DESKTOP,0,293,0,41.88
https://rodenlaw.com/blog/savannah-ppi-attorney/,MOBILE,0,139,0,34.76
https://rodenlaw.com/blog/savannah-veterans-parkway-car-accident-lawyer/,DESKTOP,0,9,0,19.44
https://rodenlaw.com/blog/savannah-veterans-parkway-car-accident-lawyer/,MOBILE,0,7,0,38.71
https://rodenlaw.com/blog/second-opinion-for-charleston-car-crash-injuries/,DESKTOP,0,629,0,46.02
https://rodenlaw.com/blog/second-opinion-for-charleston-car-crash-injuries/,MOBILE,0,257,0,41.95
https://rodenlaw.com/blog/seeking-justice-after-a-fatigued-trucker-accident-on-i-26/,DESKTOP,0,47,0,34.53
https://rodenlaw.com/blog/seeking-justice-after-a-fatigued-trucker-accident-on-i-26/,MOBILE,0,24,0,22.67
https://rodenlaw.com/blog/settle-workers-comp-case/,DESKTOP,0,3802,0,54.17
https://rodenlaw.com/blog/settle-workers-comp-case/,MOBILE,0,2091,0,52.43
https://rodenlaw.com/blog/settle-workers-comp-case/,TABLET,0,7,0,48
https://rodenlaw.com/blog/seven-safe-driving-tips/,DESKTOP,0,128,0,76.05
https://rodenlaw.com/blog/seven-safe-driving-tips/,MOBILE,0,6,0,78.67
https://rodenlaw.com/blog/shem-creek-boating-dock-injuries-mount-pleasant/,TABLET,0,18,0,9
https://rodenlaw.com/blog/shem-creek-boating-dock-injuries-mount-pleasant/#bui-south-carolina,MOBILE,0,1,0,7
https://rodenlaw.com/blog/shem-creek-boating-dock-injuries-mount-pleasant/#common-injuries,MOBILE,0,1,0,7
https://rodenlaw.com/blog/shem-creek-boating-dock-injuries-mount-pleasant/#comparative-fault,MOBILE,0,1,0,7
https://rodenlaw.com/blog/shem-creek-boating-dock-injuries-mount-pleasant/#maritime-law,MOBILE,0,1,0,7
https://rodenlaw.com/blog/shem-creek-boating-dock-injuries-mount-pleasant/#premises-liability,MOBILE,0,1,0,7
https://rodenlaw.com/blog/shem-creek-boating-dock-injuries-mount-pleasant/#shem-creek-overview,MOBILE,0,1,0,7
https://rodenlaw.com/blog/shem-creek-boating-dock-injuries-mount-pleasant/#waterway-hazards,MOBILE,0,1,0,7
https://rodenlaw.com/blog/should-i-file-a-personal-injury-or-a-workers-compensation-claim/,DESKTOP,0,410,0,65.89
https://rodenlaw.com/blog/should-i-file-a-personal-injury-or-a-workers-compensation-claim/,MOBILE,0,411,0,63.77
https://rodenlaw.com/blog/should-i-worry-if-i-have-stomach-pain-after-a-car-accident-in-charleston/,DESKTOP,0,17,0,36.35
https://rodenlaw.com/blog/should-i-worry-if-i-have-stomach-pain-after-a-car-accident-in-charleston/,MOBILE,0,12,0,23.25
https://rodenlaw.com/blog/shoulder-injuries-after-charleston-car-crash/,DESKTOP,0,171,0,41.73
https://rodenlaw.com/blog/shoulder-injuries-after-charleston-car-crash/,MOBILE,0,18,0,32.44
https://rodenlaw.com/blog/signs-of-concussion-from-car-crash/,DESKTOP,0,2655,0,50.79
https://rodenlaw.com/blog/signs-of-concussion-from-car-crash/,MOBILE,0,621,0,37.97
https://rodenlaw.com/blog/signs-of-concussion-from-car-crash/,TABLET,0,3,0,1
https://rodenlaw.com/blog/slip-and-fall-negligence-elements/,DESKTOP,0,2312,0,56.18
https://rodenlaw.com/blog/slip-and-fall-negligence-elements/,MOBILE,0,1010,0,55.16
https://rodenlaw.com/blog/slip-and-fall-negligence-elements/,TABLET,0,1,0,1
https://rodenlaw.com/blog/socastee-holmestown-road-underinsured-motorist-lawyer/,DESKTOP,0,12,0,46.42
https://rodenlaw.com/blog/social-media-personal-injury-claim/,DESKTOP,0,57,0,67.49
https://rodenlaw.com/blog/social-media-personal-injury-claim/,MOBILE,0,16,0,88.25
https://rodenlaw.com/blog/south-carolina-car-accident-settlement-amounts/,DESKTOP,0,247,0,11.64
https://rodenlaw.com/blog/south-carolina-car-accident-settlement-amounts/,MOBILE,0,164,0,9.74
https://rodenlaw.com/blog/south-carolina-comparative-fault-partially-at-fault/,DESKTOP,0,106,0,55.25
https://rodenlaw.com/blog/south-carolina-comparative-fault-partially-at-fault/,MOBILE,0,37,0,52.19
https://rodenlaw.com/blog/south-carolina-comparative-fault-partially-at-fault/,TABLET,0,1,0,97
https://rodenlaw.com/blog/south-carolina-golf-cart-laws/,TABLET,0,33,0,7.73
https://rodenlaw.com/blog/south-carolina-pedestrian-right-of-way-laws/,DESKTOP,0,365,0,27.28
https://rodenlaw.com/blog/south-carolina-pedestrian-right-of-way-laws/,TABLET,0,6,0,7.17
https://rodenlaw.com/blog/south-carolina-statute-of-limitations-personal-injury/,DESKTOP,0,1323,0,33.62
https://rodenlaw.com/blog/south-carolina-statute-of-limitations-personal-injury/,TABLET,0,1,0,53
https://rodenlaw.com/blog/south-kings-highway-us-17-business-underinsured-motorist-lawyer/,DESKTOP,0,6,0,34.33
https://rodenlaw.com/blog/south-kings-highway-us-17-business-underinsured-motorist-lawyer/,MOBILE,0,1,0,17
https://rodenlaw.com/blog/southover-mills-b-lane-motorcycle-accident-lawyer/,DESKTOP,0,15,0,15.47
https://rodenlaw.com/blog/southover-mills-b-lane-motorcycle-accident-lawyer/,MOBILE,0,3,0,16
https://rodenlaw.com/blog/st-andrews-road-widewater-18-wheeler-accident-lawyer-richland-county/,DESKTOP,0,8,0,18.75
https://rodenlaw.com/blog/st-andrews-road-widewater-18-wheeler-accident-lawyer-richland-county/,MOBILE,0,2,0,17
https://rodenlaw.com/blog/st-simons-island-kings-way-motorcycle-accident-lawyer/,DESKTOP,0,149,0,11.01
https://rodenlaw.com/blog/st-simons-island-kings-way-motorcycle-accident-lawyer/,MOBILE,0,10,0,12
https://rodenlaw.com/blog/start-personal-injury-claim-from-home/,DESKTOP,0,25,0,41.28
https://rodenlaw.com/blog/start-personal-injury-claim-from-home/,MOBILE,0,27,0,9.67
https://rodenlaw.com/blog/steps-after-dog-bite/,DESKTOP,0,652,0,44.05
https://rodenlaw.com/blog/steps-after-dog-bite/,MOBILE,0,465,0,48.59
https://rodenlaw.com/blog/steps-after-dog-bite/,TABLET,0,4,0,1
https://rodenlaw.com/blog/steps-after-hit-and-run-accident/,TABLET,0,43,0,62.33
https://rodenlaw.com/blog/steps-after-slip-and-fall-injury/,DESKTOP,0,387,0,73.01
https://rodenlaw.com/blog/steps-after-slip-and-fall-injury/,MOBILE,0,42,0,73.64
https://rodenlaw.com/blog/steps-after-truck-accident/,DESKTOP,0,585,0,43.62
https://rodenlaw.com/blog/steps-after-truck-accident/,MOBILE,0,95,0,30.98
https://rodenlaw.com/blog/steps-after-work-injury/,MOBILE,0,1712,0,56.12
https://rodenlaw.com/blog/steps-after-work-injury/,TABLET,0,2,0,10
https://rodenlaw.com/blog/steps-of-a-burn-injury-case/,TABLET,0,12,0,26.33
https://rodenlaw.com/blog/steps-take-slip-fall-accident-georgia/,MOBILE,0,4950,0,47.71
https://rodenlaw.com/blog/steps-take-slip-fall-accident-georgia/,TABLET,0,8,0,53.88
https://rodenlaw.com/blog/steps-to-secure-fair-compensation-after-a-car-accident/,DESKTOP,0,372,0,31.25
https://rodenlaw.com/blog/steps-to-secure-fair-compensation-after-a-car-accident/,MOBILE,0,194,0,16.7
https://rodenlaw.com/blog/steps-to-take-if-you-are-involved-in-a-bicycle-hit-and-run/,DESKTOP,0,178,0,33.42
https://rodenlaw.com/blog/steps-to-take-if-you-are-involved-in-a-bicycle-hit-and-run/,MOBILE,0,27,0,43.7
https://rodenlaw.com/blog/steps-to-take-if-you-are-involved-in-a-bicycle-hit-and-run/,TABLET,0,1,0,1
https://rodenlaw.com/blog/stomach-pain-after-a-car-accident-in-charleston/,DESKTOP,0,494,0,43.73
https://rodenlaw.com/blog/stomach-pain-after-a-car-accident-in-charleston/,TABLET,0,1,0,58
https://rodenlaw.com/blog/summer-driving-safety-tips/,DESKTOP,0,1747,0,15.1
https://rodenlaw.com/blog/summer-driving-safety-tips/,MOBILE,0,1333,0,16.25
https://rodenlaw.com/blog/summer-driving-safety-tips/,TABLET,0,27,0,16.78
https://rodenlaw.com/blog/summer-dui-accidents-charleston-memorial-day-labor-day/,DESKTOP,0,1,0,141
https://rodenlaw.com/blog/summer-road-trip-safety/,DESKTOP,0,121,0,62.68
https://rodenlaw.com/blog/summer-road-trip-safety/,MOBILE,0,41,0,57.22
https://rodenlaw.com/blog/summerville-i-26-18-wheeler-accident-lawyer-dorchester-county/,DESKTOP,0,12,0,14.17
https://rodenlaw.com/blog/summerville-i-26-18-wheeler-accident-lawyer-dorchester-county/,MOBILE,0,18,0,29.33
https://rodenlaw.com/blog/sunset-boulevard-us-378-lexington-medical-center-accident/,DESKTOP,0,17,0,23.47
https://rodenlaw.com/blog/sunset-boulevard-us-378-lexington-medical-center-accident/,MOBILE,0,16,0,5.12
https://rodenlaw.com/blog/sunset-boulevard-west-columbia-drunk-driver-accident-lawyer/,DESKTOP,0,39,0,26.49
https://rodenlaw.com/blog/sunset-boulevard-west-columbia-drunk-driver-accident-lawyer/,MOBILE,0,14,0,18.71
https://rodenlaw.com/blog/supporting-a-whiplash-claim/,TABLET,0,463,0,9.27
https://rodenlaw.com/blog/surfside-beach-golf-colony-golf-cart-accident-lawyer/,DESKTOP,0,31,0,15.32
https://rodenlaw.com/blog/surfside-beach-golf-colony-golf-cart-accident-lawyer/,MOBILE,0,7,0,30.86
https://rodenlaw.com/blog/switching-lawyers-during-a-case/,DESKTOP,0,3100,0,49.75
https://rodenlaw.com/blog/switching-lawyers-during-a-case/,TABLET,0,6,0,11.17
https://rodenlaw.com/blog/tactics-insurers-use-to-deny-crash-claims-charleston/,DESKTOP,0,1180,0,43.9
https://rodenlaw.com/blog/taxes-on-car-crash-settlement-in-georgia/,DESKTOP,0,985,0,49.43
https://rodenlaw.com/blog/taxes-on-car-crash-settlement-in-georgia/,TABLET,0,7,0,26.71
https://rodenlaw.com/blog/taxes-on-car-crash-settlement-in-georgia/#general-rule,MOBILE,0,40,0,6.75
https://rodenlaw.com/blog/taxes-on-car-crash-settlement-in-georgia/#georgia-state-taxes,MOBILE,0,5,0,3.2
https://rodenlaw.com/blog/taxes-on-car-crash-settlement-in-georgia/#non-taxable,DESKTOP,0,2,0,8
https://rodenlaw.com/blog/taxes-on-car-crash-settlement-in-georgia/#non-taxable,MOBILE,0,35,0,7.26
https://rodenlaw.com/blog/taxes-on-car-crash-settlement-in-georgia/#settlement-structure,MOBILE,0,5,0,3.2
https://rodenlaw.com/blog/taxes-on-car-crash-settlement-in-georgia/#south-carolina-state-taxes,MOBILE,0,5,0,3.2
https://rodenlaw.com/blog/taxes-on-car-crash-settlement-in-georgia/#structuring,MOBILE,0,35,0,7.26
https://rodenlaw.com/blog/taxes-on-car-crash-settlement-in-georgia/#taxable,DESKTOP,0,2,0,8
https://rodenlaw.com/blog/taxes-on-car-crash-settlement-in-georgia/#taxable,MOBILE,0,35,0,7.26
https://rodenlaw.com/blog/taxes-on-car-crash-settlement-in-georgia/#what-is-excluded,MOBILE,0,5,0,3.2
https://rodenlaw.com/blog/taxes-on-car-crash-settlement-in-georgia/#what-is-taxable,MOBILE,0,5,0,3.2
https://rodenlaw.com/blog/taxes-on-car-crash-settlement-in-georgia/#workers-comp-taxes,MOBILE,0,5,0,3.2
https://rodenlaw.com/blog/teenagers-and-driving-distracted/,DESKTOP,0,456,0,55.27
https://rodenlaw.com/blog/teenagers-and-driving-distracted/,MOBILE,0,165,0,68.58
https://rodenlaw.com/blog/teenagers-and-driving-distracted/,TABLET,0,2,0,43
https://rodenlaw.com/blog/tenmile-i-26-best-car-accident-lawyer-north-charleston/,DESKTOP,0,222,0,16.91
https://rodenlaw.com/blog/tenmile-i-26-best-car-accident-lawyer-north-charleston/,MOBILE,0,273,0,15.08
https://rodenlaw.com/blog/tenmile-i-26-best-car-accident-lawyer-north-charleston/,TABLET,0,4,0,9.75
https://rodenlaw.com/blog/the-importance-of-gathering-evidence-after-a-motorcycle-accident/,DESKTOP,0,443,0,20.63
https://rodenlaw.com/blog/the-importance-of-gathering-evidence-after-a-motorcycle-accident/,MOBILE,0,28,0,34.36
https://rodenlaw.com/blog/the-most-common-causes-of-truck-accidents/,DESKTOP,0,422,0,65.03
https://rodenlaw.com/blog/the-most-common-causes-of-truck-accidents/,MOBILE,0,451,0,68.19
https://rodenlaw.com/blog/the-most-common-causes-of-truck-accidents/,TABLET,0,18,0,57.94
https://rodenlaw.com/blog/the-role-of-vocational-rehabilitation-in-workers-compensation-cases/,DESKTOP,0,6710,0,41.28
https://rodenlaw.com/blog/the-role-of-vocational-rehabilitation-in-workers-compensation-cases/,TABLET,0,24,0,17.5
https://rodenlaw.com/blog/the-role-of-vocational-rehabilitation-in-workers-compensation-cases/#how-it-works,DESKTOP,0,6,0,9.67
https://rodenlaw.com/blog/the-role-of-vocational-rehabilitation-in-workers-compensation-cases/#how-it-works,MOBILE,0,5,0,8.4
https://rodenlaw.com/blog/the-role-of-vocational-rehabilitation-in-workers-compensation-cases/#types-of-services,DESKTOP,0,6,0,9.67
https://rodenlaw.com/blog/the-role-of-vocational-rehabilitation-in-workers-compensation-cases/#types-of-services,MOBILE,0,5,0,8.4
https://rodenlaw.com/blog/the-role-of-vocational-rehabilitation-in-workers-compensation-cases/#what-is-vocational-rehab,DESKTOP,0,6,0,9.67
https://rodenlaw.com/blog/the-role-of-vocational-rehabilitation-in-workers-compensation-cases/#what-is-vocational-rehab,MOBILE,0,5,0,8.4
https://rodenlaw.com/blog/the-role-of-vocational-rehabilitation-in-workers-compensation-cases/#when-required,MOBILE,0,5,0,8.4
https://rodenlaw.com/blog/third-party-fault-for-work-injuries/,DESKTOP,0,879,0,42.03
https://rodenlaw.com/blog/third-party-fault-for-work-injuries/,MOBILE,0,552,0,37.85
https://rodenlaw.com/blog/third-party-fault-for-work-injuries/,TABLET,0,2,0,13.5
https://rodenlaw.com/blog/third-party-liability-for-work-injury/,DESKTOP,0,885,0,60.8
https://rodenlaw.com/blog/third-party-liability-for-work-injury/,MOBILE,0,275,0,57.99
https://rodenlaw.com/blog/tips-for-choosing-a-motor-vehicle-accident-attorney/,DESKTOP,0,309,0,18.68
https://rodenlaw.com/blog/tips-for-choosing-a-motor-vehicle-accident-attorney/,MOBILE,0,16,0,27.06
https://rodenlaw.com/blog/traffic-tickets-and-car-accident-claims/,TABLET,0,8,0,7
https://rodenlaw.com/blog/traffic-tickets-and-car-accident-claims/#common-citations,DESKTOP,0,10,0,8.2
https://rodenlaw.com/blog/traffic-tickets-and-car-accident-claims/#common-citations,MOBILE,0,59,0,7.98
https://rodenlaw.com/blog/traffic-tickets-and-car-accident-claims/#common-citations,TABLET,0,1,0,9
https://rodenlaw.com/blog/traffic-tickets-and-car-accident-claims/#georgia-traffic-ticket-rules,DESKTOP,0,2,0,4.5
https://rodenlaw.com/blog/traffic-tickets-and-car-accident-claims/#georgia-traffic-ticket-rules,MOBILE,0,59,0,7.98
https://rodenlaw.com/blog/traffic-tickets-and-car-accident-claims/#georgia-traffic-ticket-rules,TABLET,0,1,0,9
https://rodenlaw.com/blog/traffic-tickets-and-car-accident-claims/#negligence-per-se,MOBILE,0,59,0,7.98
https://rodenlaw.com/blog/traffic-tickets-and-car-accident-claims/#negligence-per-se,TABLET,0,1,0,9
https://rodenlaw.com/blog/traffic-tickets-and-car-accident-claims/#south-carolina-traffic-ticket-rules,DESKTOP,0,2,0,4.5
https://rodenlaw.com/blog/traffic-tickets-and-car-accident-claims/#south-carolina-traffic-ticket-rules,MOBILE,0,59,0,7.98
https://rodenlaw.com/blog/traffic-tickets-and-car-accident-claims/#south-carolina-traffic-ticket-rules,TABLET,0,1,0,9
https://rodenlaw.com/blog/traffic-tickets-and-car-accident-claims/#ticket-as-evidence,MOBILE,0,59,0,7.98
https://rodenlaw.com/blog/traffic-tickets-and-car-accident-claims/#ticket-as-evidence,TABLET,0,1,0,9
https://rodenlaw.com/blog/traffic-tickets-and-car-accident-claims/#traffic-tickets-and-fault,DESKTOP,0,13,0,8.08
https://rodenlaw.com/blog/traffic-tickets-and-car-accident-claims/#traffic-tickets-and-fault,MOBILE,0,59,0,7.98
https://rodenlaw.com/blog/traffic-tickets-and-car-accident-claims/#traffic-tickets-and-fault,TABLET,0,1,0,9
https://rodenlaw.com/blog/traffic-tickets-and-car-accident-claims/#what-if-you-got-ticket,DESKTOP,0,5,0,6.4
https://rodenlaw.com/blog/traffic-tickets-and-car-accident-claims/#what-if-you-got-ticket,MOBILE,0,59,0,7.98
https://rodenlaw.com/blog/traffic-tickets-and-car-accident-claims/#what-if-you-got-ticket,TABLET,0,1,0,9
https://rodenlaw.com/blog/truck-accident-injuries/,DESKTOP,0,17208,0,22.21
https://rodenlaw.com/blog/truck-accident-injuries/,TABLET,0,159,0,29.33
https://rodenlaw.com/blog/truck-accident-liability/,DESKTOP,0,688,0,55.25
https://rodenlaw.com/blog/truck-accident-liability/,MOBILE,0,386,0,62.53
https://rodenlaw.com/blog/truck-accident-liability/,TABLET,0,13,0,69.46
https://rodenlaw.com/blog/truck-accident-reconstruction/,DESKTOP,0,10328,0,41.66
https://rodenlaw.com/blog/truck-accident-reconstruction/,MOBILE,0,2971,0,47.22
https://rodenlaw.com/blog/truck-accident-reconstruction/,TABLET,0,62,0,28.81
https://rodenlaw.com/blog/trucking-regulations-and-accident-cases/,DESKTOP,0,51,0,68.92
https://rodenlaw.com/blog/trucking-regulations-and-accident-cases/,MOBILE,0,19,0,59.42
https://rodenlaw.com/blog/turkey-fryer-injury-claims/,DESKTOP,0,524,0,48.32
https://rodenlaw.com/blog/turkey-fryer-injury-claims/,MOBILE,0,79,0,13.05
https://rodenlaw.com/blog/turkey-fryer-injury-claims/,TABLET,0,3,0,1
https://rodenlaw.com/blog/understanding-eye-injuries-after-a-savannah-car-accident/,DESKTOP,0,62,0,31
https://rodenlaw.com/blog/understanding-eye-injuries-after-a-savannah-car-accident/,MOBILE,0,28,0,23.82
https://rodenlaw.com/blog/understanding-vicarious-liability/,DESKTOP,0,9167,0,47.11
https://rodenlaw.com/blog/understanding-vicarious-liability/,TABLET,0,10,0,7.3
https://rodenlaw.com/blog/us-17-i-95-darien-wrongful-death-mcintosh-county/,DESKTOP,0,62,0,21.19
https://rodenlaw.com/blog/us-17-i-95-darien-wrongful-death-mcintosh-county/,MOBILE,0,9,0,24.56
https://rodenlaw.com/blog/us-17-truck-accident-broadfield-glynn-county/,DESKTOP,0,282,0,26.76
https://rodenlaw.com/blog/us-17-truck-accident-broadfield-glynn-county/,MOBILE,0,12,0,22.33
https://rodenlaw.com/blog/us-17-truck-accident-broadfield-glynn-county/,TABLET,0,1,0,98
https://rodenlaw.com/blog/using-dashcams-as-evidence-of-fault-in-a-car-accident/,DESKTOP,0,1396,0,52.8
https://rodenlaw.com/blog/using-dashcams-as-evidence-of-fault-in-a-car-accident/,MOBILE,0,303,0,48.38
https://rodenlaw.com/blog/using-dashcams-as-evidence-of-fault-in-a-car-accident/,TABLET,0,1,0,12
https://rodenlaw.com/blog/using-uninsured-underinsured-motorist-coverage-in-georgia/,TABLET,0,46,0,28.83
https://rodenlaw.com/blog/using-uninsured-underinsured-motorist-coverage-in-georgia/#comparison-table,DESKTOP,0,3,0,9.67
https://rodenlaw.com/blog/using-uninsured-underinsured-motorist-coverage-in-georgia/#comparison-table,MOBILE,0,21,0,11.33
https://rodenlaw.com/blog/using-uninsured-underinsured-motorist-coverage-in-georgia/#georgia-um-uim-laws,DESKTOP,0,38,0,8.39
https://rodenlaw.com/blog/using-uninsured-underinsured-motorist-coverage-in-georgia/#georgia-um-uim-laws,MOBILE,0,11,0,12.27
https://rodenlaw.com/blog/using-uninsured-underinsured-motorist-coverage-in-georgia/#south-carolina-um-uim-laws,MOBILE,0,11,0,12.27
https://rodenlaw.com/blog/using-uninsured-underinsured-motorist-coverage-in-georgia/#stacking,MOBILE,0,21,0,11.33
https://rodenlaw.com/blog/using-uninsured-underinsured-motorist-coverage-in-georgia/#stacking-coverage,MOBILE,0,11,0,12.27
https://rodenlaw.com/blog/using-uninsured-underinsured-motorist-coverage-in-georgia/#um-vs-uim,DESKTOP,0,1,0,11
https://rodenlaw.com/blog/using-uninsured-underinsured-motorist-coverage-in-georgia/#um-vs-uim,MOBILE,0,11,0,12.27
https://rodenlaw.com/blog/using-uninsured-underinsured-motorist-coverage-in-georgia/#what-is-um-uim,DESKTOP,0,61,0,9.16
https://rodenlaw.com/blog/using-uninsured-underinsured-motorist-coverage-in-georgia/#what-is-um-uim,MOBILE,0,32,0,11.66
https://rodenlaw.com/blog/using-uninsured-underinsured-motorist-coverage-in-georgia/#when-um-applies,DESKTOP,0,20,0,10.55
https://rodenlaw.com/blog/using-uninsured-underinsured-motorist-coverage-in-georgia/#when-um-applies,MOBILE,0,21,0,11.33
https://rodenlaw.com/blog/using-uninsured-underinsured-motorist-coverage-in-georgia/#when-um-uim-applies,DESKTOP,0,37,0,8.32
https://rodenlaw.com/blog/using-uninsured-underinsured-motorist-coverage-in-georgia/#when-um-uim-applies,MOBILE,0,11,0,12.27
https://rodenlaw.com/blog/using-uninsured-underinsured-motorist-coverage-in-georgia/#why-you-need-it,DESKTOP,0,23,0,10.43
https://rodenlaw.com/blog/using-uninsured-underinsured-motorist-coverage-in-georgia/#why-you-need-it,MOBILE,0,21,0,11.33
https://rodenlaw.com/blog/uturn-crash-liability-in-charleston/,DESKTOP,0,2902,0,41.64
https://rodenlaw.com/blog/uturn-crash-liability-in-charleston/,TABLET,0,28,0,10.43
https://rodenlaw.com/blog/uturn-crash-liability-in-charleston/#common,DESKTOP,0,23,0,7.13
https://rodenlaw.com/blog/uturn-crash-liability-in-charleston/#common,MOBILE,0,967,0,6.62
https://rodenlaw.com/blog/uturn-crash-liability-in-charleston/#common,TABLET,0,1,0,8
https://rodenlaw.com/blog/uturn-crash-liability-in-charleston/#crashes,DESKTOP,0,29,0,6.79
https://rodenlaw.com/blog/uturn-crash-liability-in-charleston/#crashes,MOBILE,0,967,0,6.62
https://rodenlaw.com/blog/uturn-crash-liability-in-charleston/#crashes,TABLET,0,1,0,8
https://rodenlaw.com/blog/uturn-crash-liability-in-charleston/#legal,DESKTOP,0,2,0,7
https://rodenlaw.com/blog/uturn-crash-liability-in-charleston/#legal,MOBILE,0,967,0,6.62
https://rodenlaw.com/blog/uturn-crash-liability-in-charleston/#legal,TABLET,0,1,0,8
https://rodenlaw.com/blog/uturn-crash-liability-in-charleston/#right,DESKTOP,0,54,0,6.94
https://rodenlaw.com/blog/uturn-crash-liability-in-charleston/#right,MOBILE,0,967,0,6.62
https://rodenlaw.com/blog/uturn-crash-liability-in-charleston/#right,TABLET,0,1,0,8
https://rodenlaw.com/blog/uturn-crash-liability-in-charleston/#share,MOBILE,0,967,0,6.62
https://rodenlaw.com/blog/uturn-crash-liability-in-charleston/#share,TABLET,0,1,0,8
https://rodenlaw.com/blog/valid-premises-liability-claim-georgia/,DESKTOP,0,1759,0,47.72
https://rodenlaw.com/blog/valid-premises-liability-claim-georgia/,MOBILE,0,591,0,57.9
https://rodenlaw.com/blog/valid-premises-liability-claim-georgia/,TABLET,0,4,0,9.5
https://rodenlaw.com/blog/value-of-car-crash-claim-if-permanent-injuries/,DESKTOP,0,3742,0,52.85
https://rodenlaw.com/blog/value-of-car-crash-claim-if-permanent-injuries/,MOBILE,0,2722,0,47.54
https://rodenlaw.com/blog/value-of-car-crash-claim-if-permanent-injuries/,TABLET,0,13,0,26.62
https://rodenlaw.com/blog/value-of-pain-and-suffering/#caps-georgia-south-carolina,DESKTOP,0,24,0,6.62
https://rodenlaw.com/blog/value-of-pain-and-suffering/#caps-georgia-south-carolina,MOBILE,0,312,0,8.06
https://rodenlaw.com/blog/value-of-pain-and-suffering/#caps-georgia-south-carolina,TABLET,0,4,0,8
https://rodenlaw.com/blog/value-of-pain-and-suffering/#comparative-fault,MOBILE,0,312,0,8.06
https://rodenlaw.com/blog/value-of-pain-and-suffering/#comparative-fault,TABLET,0,4,0,8
https://rodenlaw.com/blog/value-of-pain-and-suffering/#factors-that-affect-value,DESKTOP,0,279,0,7.33
https://rodenlaw.com/blog/value-of-pain-and-suffering/#factors-that-affect-value,MOBILE,0,312,0,8.06
https://rodenlaw.com/blog/value-of-pain-and-suffering/#factors-that-affect-value,TABLET,0,4,0,8
https://rodenlaw.com/blog/value-of-pain-and-suffering/#how-pain-and-suffering-calculated,DESKTOP,0,355,0,7.53
https://rodenlaw.com/blog/value-of-pain-and-suffering/#how-pain-and-suffering-calculated,MOBILE,0,312,0,8.06
https://rodenlaw.com/blog/value-of-pain-and-suffering/#how-pain-and-suffering-calculated,TABLET,0,4,0,8
https://rodenlaw.com/blog/value-of-pain-and-suffering/#types-of-pain-and-suffering,DESKTOP,0,52,0,9.15
https://rodenlaw.com/blog/value-of-pain-and-suffering/#types-of-pain-and-suffering,MOBILE,0,312,0,8.06
https://rodenlaw.com/blog/value-of-pain-and-suffering/#types-of-pain-and-suffering,TABLET,0,4,0,8
https://rodenlaw.com/blog/value-of-pain-and-suffering/#what-is-pain-and-suffering,DESKTOP,0,6,0,4
https://rodenlaw.com/blog/value-of-pain-and-suffering/#what-is-pain-and-suffering,MOBILE,0,312,0,8.06
https://rodenlaw.com/blog/value-of-pain-and-suffering/#what-is-pain-and-suffering,TABLET,0,4,0,8
https://rodenlaw.com/blog/valuing-compensation-for-a-personal-injury/,DESKTOP,0,309,0,65.25
https://rodenlaw.com/blog/valuing-compensation-for-a-personal-injury/,MOBILE,0,150,0,61.39
https://rodenlaw.com/blog/wando-gardens-faber-place-drive-best-car-accident-lawyer-north-charleston/,DESKTOP,0,74,0,16.04
https://rodenlaw.com/blog/wando-gardens-faber-place-drive-best-car-accident-lawyer-north-charleston/,MOBILE,0,76,0,16.41
https://rodenlaw.com/blog/wando-gardens-faber-place-drive-best-car-accident-lawyer-north-charleston/,TABLET,0,2,0,6.5
https://rodenlaw.com/blog/wearing-headphones-while-driving-in-charleston/,TABLET,0,23,0,6.26
https://rodenlaw.com/blog/wearing-headphones-while-driving-in-charleston/#difference,MOBILE,0,375,0,6.45
https://rodenlaw.com/blog/wearing-headphones-while-driving-in-charleston/#headphones,DESKTOP,0,13,0,6
https://rodenlaw.com/blog/wearing-headphones-while-driving-in-charleston/#headphones,MOBILE,0,375,0,6.45
https://rodenlaw.com/blog/wearing-headphones-while-driving-in-charleston/#penalties,DESKTOP,0,27,0,4.59
https://rodenlaw.com/blog/wearing-headphones-while-driving-in-charleston/#penalties,MOBILE,0,375,0,6.45
https://rodenlaw.com/blog/wearing-headphones-while-driving-in-charleston/#wearing,DESKTOP,0,40,0,5.05
https://rodenlaw.com/blog/wearing-headphones-while-driving-in-charleston/#wearing,MOBILE,0,375,0,6.45
https://rodenlaw.com/blog/west-ashley-sam-rittenberg-boulevard-motorcycle-accident-lawyer/,DESKTOP,0,35,0,19.91
https://rodenlaw.com/blog/west-ashley-sam-rittenberg-boulevard-motorcycle-accident-lawyer/,MOBILE,0,3,0,19.67
https://rodenlaw.com/blog/west-ashley-vs-downtown-charleston-driving-risks/,DESKTOP,0,3,0,16.33
https://rodenlaw.com/blog/west-ashley-vs-downtown-charleston-driving-risks/,MOBILE,0,12,0,8.33
https://rodenlaw.com/blog/what-are-my-legal-options-after-a-rideshare-crash-in-charleston/,DESKTOP,0,182,0,48.64
https://rodenlaw.com/blog/what-are-my-legal-options-after-a-rideshare-crash-in-charleston/,MOBILE,0,78,0,57.26
https://rodenlaw.com/blog/what-are-my-legal-options-after-a-rideshare-crash-in-charleston/,TABLET,0,8,0,59.5
https://rodenlaw.com/blog/what-are-the-benefits-of-hiring-a-workers-compensation-lawyer/,DESKTOP,0,178,0,26.15
https://rodenlaw.com/blog/what-are-the-benefits-of-hiring-a-workers-compensation-lawyer/,MOBILE,0,187,0,23.97
https://rodenlaw.com/blog/what-are-the-benefits-of-workers-compensation-claims/,DESKTOP,0,358,0,57.99
https://rodenlaw.com/blog/what-are-the-benefits-of-workers-compensation-claims/,MOBILE,0,62,0,35.15
https://rodenlaw.com/blog/what-are-the-upsides-of-filing-a-personal-injury-lawsuit/,DESKTOP,0,43,0,9.14
https://rodenlaw.com/blog/what-happens-if-i-resign-while-on-workers-compensation/,TABLET,0,19,0,14.37
https://rodenlaw.com/blog/what-happens-if-i-resign-while-on-workers-compensation/#ga-rules,DESKTOP,0,211,0,6.98
https://rodenlaw.com/blog/what-happens-if-i-resign-while-on-workers-compensation/#ga-rules,MOBILE,0,379,0,7.66
https://rodenlaw.com/blog/what-happens-if-i-resign-while-on-workers-compensation/#ga-rules,TABLET,0,4,0,5.75
https://rodenlaw.com/blog/what-happens-if-i-resign-while-on-workers-compensation/#light-duty,MOBILE,0,378,0,7.67
https://rodenlaw.com/blog/what-happens-if-i-resign-while-on-workers-compensation/#light-duty,TABLET,0,4,0,5.75
https://rodenlaw.com/blog/what-happens-if-i-resign-while-on-workers-compensation/#medical-benefits,DESKTOP,0,11,0,6.18
https://rodenlaw.com/blog/what-happens-if-i-resign-while-on-workers-compensation/#medical-benefits,MOBILE,0,378,0,7.67
https://rodenlaw.com/blog/what-happens-if-i-resign-while-on-workers-compensation/#medical-benefits,TABLET,0,4,0,5.75
https://rodenlaw.com/blog/what-happens-if-i-resign-while-on-workers-compensation/#sc-rules,DESKTOP,0,211,0,6.98
https://rodenlaw.com/blog/what-happens-if-i-resign-while-on-workers-compensation/#sc-rules,MOBILE,0,378,0,7.67
https://rodenlaw.com/blog/what-happens-if-i-resign-while-on-workers-compensation/#sc-rules,TABLET,0,4,0,5.75
https://rodenlaw.com/blog/what-happens-if-i-resign-while-on-workers-compensation/#short-answer,DESKTOP,0,200,0,7.03
https://rodenlaw.com/blog/what-happens-if-i-resign-while-on-workers-compensation/#short-answer,MOBILE,0,379,0,7.66
https://rodenlaw.com/blog/what-happens-if-i-resign-while-on-workers-compensation/#short-answer,TABLET,0,4,0,5.75
https://rodenlaw.com/blog/what-happens-if-i-resign-while-on-workers-compensation/#voluntary-vs-constructive,MOBILE,0,378,0,7.67
https://rodenlaw.com/blog/what-happens-if-i-resign-while-on-workers-compensation/#voluntary-vs-constructive,TABLET,0,4,0,5.75
https://rodenlaw.com/blog/what-happens-if-i-resign-while-on-workers-compensation/#wage-benefits,MOBILE,0,378,0,7.67
https://rodenlaw.com/blog/what-happens-if-i-resign-while-on-workers-compensation/#wage-benefits,TABLET,0,4,0,5.75
https://rodenlaw.com/blog/what-happens-to-workers-comp-if-employer-bankrupts/,DESKTOP,0,61,0,36.03
https://rodenlaw.com/blog/what-happens-to-workers-comp-if-employer-bankrupts/,MOBILE,0,59,0,19.71
https://rodenlaw.com/blog/what-if-i-suspect-medical-malpractice/,DESKTOP,0,1272,0,43.97
https://rodenlaw.com/blog/what-if-i-suspect-medical-malpractice/,MOBILE,0,477,0,34.57
https://rodenlaw.com/blog/what-if-i-suspect-medical-malpractice/,TABLET,0,5,0,22.6
https://rodenlaw.com/blog/what-is-the-role-of-a-personal-injury-lawyer-in-a-case/,DESKTOP,0,910,0,51.88
https://rodenlaw.com/blog/what-is-the-role-of-a-personal-injury-lawyer-in-a-case/,MOBILE,0,277,0,48.25
https://rodenlaw.com/blog/what-to-do-after-a-bike-crash-on-charlestons-ravenel-bridge/,DESKTOP,0,161,0,33.58
https://rodenlaw.com/blog/what-to-do-after-a-bike-crash-on-charlestons-ravenel-bridge/,TABLET,0,1,0,10
https://rodenlaw.com/blog/what-to-do-after-a-car-crash-on-savannah-highway/,DESKTOP,0,496,0,18.74
https://rodenlaw.com/blog/what-to-do-after-a-car-crash-on-savannah-highway/,MOBILE,0,376,0,10.16
https://rodenlaw.com/blog/what-to-do-after-a-car-crash-on-savannah-highway/,TABLET,0,5,0,11
https://rodenlaw.com/blog/what-to-do-after-a-hit-and-run-in-downtown-charleston/,TABLET,0,9,0,22.89
https://rodenlaw.com/blog/what-to-do-after-a-truck-accident-on-i-526-in-charleston/,DESKTOP,0,189,0,27.96
https://rodenlaw.com/blog/what-to-do-after-a-truck-accident-on-i-526-in-charleston/,MOBILE,0,42,0,11.07
https://rodenlaw.com/blog/what-to-do-after-car-accident-georgia/,DESKTOP,0,6915,0,16.69
https://rodenlaw.com/blog/what-to-do-after-car-accident-georgia/,TABLET,0,29,0,42.48
https://rodenlaw.com/blog/what-to-do-after-car-accident-south-carolina/,TABLET,0,3,0,18.67
https://rodenlaw.com/blog/what-to-do-after-car-accident-south-carolina/#after-leaving-the-scene,MOBILE,0,16,0,6.19
https://rodenlaw.com/blog/what-to-do-after-car-accident-south-carolina/#at-the-scene,MOBILE,0,16,0,6.19
https://rodenlaw.com/blog/what-to-do-after-car-accident-south-carolina/#comparative-fault,MOBILE,0,16,0,6.19
https://rodenlaw.com/blog/what-to-do-after-car-accident-south-carolina/#damages,MOBILE,0,16,0,6.19
https://rodenlaw.com/blog/what-to-do-after-car-accident-south-carolina/#filing-a-claim,DESKTOP,0,152,0,4.91
https://rodenlaw.com/blog/what-to-do-after-car-accident-south-carolina/#filing-a-claim,MOBILE,0,16,0,6.19
https://rodenlaw.com/blog/what-to-do-after-car-accident-south-carolina/#south-carolina-car-accident-laws,DESKTOP,0,152,0,4.91
https://rodenlaw.com/blog/what-to-do-after-car-accident-south-carolina/#south-carolina-car-accident-laws,MOBILE,0,16,0,6.19
https://rodenlaw.com/blog/what-to-do-if-your-georgia-police-report-is-wrong-or-has-mistakes/,DESKTOP,0,5396,0,45.32
https://rodenlaw.com/blog/what-to-do-if-your-georgia-police-report-is-wrong-or-has-mistakes/,TABLET,0,15,0,12.8
https://rodenlaw.com/blog/what-to-do-if-your-workers-compensation-claim-is-denied/,DESKTOP,0,1461,0,57.58
https://rodenlaw.com/blog/what-to-do-if-your-workers-compensation-claim-is-denied/,MOBILE,0,626,0,54.42
https://rodenlaw.com/blog/what-to-do-when-you-are-in-a-car-accident/,TABLET,0,39,0,37.18
https://rodenlaw.com/blog/what-to-do-when-you-are-in-a-car-accident/#after-leaving,MOBILE,0,5,0,8.8
https://rodenlaw.com/blog/what-to-do-when-you-are-in-a-car-accident/#at-the-scene,DESKTOP,0,21,0,7.48
https://rodenlaw.com/blog/what-to-do-when-you-are-in-a-car-accident/#at-the-scene,MOBILE,0,5,0,8.8
https://rodenlaw.com/blog/what-to-do-when-you-are-in-a-car-accident/#georgia-specific,DESKTOP,0,21,0,7.48
https://rodenlaw.com/blog/what-to-do-when-you-are-in-a-car-accident/#georgia-specific,MOBILE,0,5,0,8.8
https://rodenlaw.com/blog/what-to-do-when-you-are-in-a-car-accident/#mistakes-to-avoid,MOBILE,0,5,0,8.8
https://rodenlaw.com/blog/what-to-do-when-you-are-in-a-car-accident/#south-carolina-specific,MOBILE,0,5,0,8.8
https://rodenlaw.com/blog/what-to-do-when-you-are-in-a-car-accident/#why-checklist-matters,MOBILE,0,5,0,8.8
https://rodenlaw.com/blog/what-to-know-about-chest-pain-after-a-savannah-car-crash/,DESKTOP,0,193,0,80.04
https://rodenlaw.com/blog/what-to-know-about-chest-pain-after-a-savannah-car-crash/,MOBILE,0,152,0,81.34
https://rodenlaw.com/blog/when-do-injury-claims-go-to-court/,TABLET,0,7,0,17.14
https://rodenlaw.com/blog/when-does-a-sprained-ankle-become-a-work-injury/,TABLET,0,19,0,9.05
https://rodenlaw.com/blog/when-does-a-sprained-ankle-become-a-work-related-injury/,DESKTOP,0,1,0,1
https://rodenlaw.com/blog/when-does-workers-compensation-stop-paying/,MOBILE,0,159,0,68.04
https://rodenlaw.com/blog/when-is-the-right-time-to-hire-a-personal-injury-lawyer/,DESKTOP,0,155,0,10.85
https://rodenlaw.com/blog/when-should-you-hire-an-attorney-after-being-in-an-accident/,DESKTOP,0,162,0,66.62
https://rodenlaw.com/blog/when-should-you-hire-an-attorney-after-being-in-an-accident/,MOBILE,0,35,0,80.26
https://rodenlaw.com/blog/when-to-call-charleston-personal-injury-lawyer/,DESKTOP,0,7666,0,39.77
https://rodenlaw.com/blog/when-to-call-charleston-personal-injury-lawyer/,TABLET,0,6,0,18.17
https://rodenlaw.com/blog/when-to-call-charleston-personal-injury-lawyer/#reasons,DESKTOP,0,42,0,8.88
https://rodenlaw.com/blog/when-to-call-charleston-personal-injury-lawyer/#reasons,MOBILE,0,1,0,9
https://rodenlaw.com/blog/when-to-call-charleston-personal-injury-lawyer/#reasons,TABLET,0,1,0,8
https://rodenlaw.com/blog/when-to-call-charleston-personal-injury-lawyer/#standard,DESKTOP,0,16,0,8.25
https://rodenlaw.com/blog/when-to-call-charleston-personal-injury-lawyer/#standard,MOBILE,0,1,0,9
https://rodenlaw.com/blog/when-to-call-charleston-personal-injury-lawyer/#standard,TABLET,0,1,0,8
https://rodenlaw.com/blog/when-to-call-charleston-personal-injury-lawyer/#timing,DESKTOP,0,26,0,9.27
https://rodenlaw.com/blog/when-to-call-charleston-personal-injury-lawyer/#timing,MOBILE,0,1,0,9
https://rodenlaw.com/blog/when-to-call-charleston-personal-injury-lawyer/#timing,TABLET,0,1,0,8
https://rodenlaw.com/blog/when-to-consider-settling-a-claim/,DESKTOP,0,184,0,43.84
https://rodenlaw.com/blog/when-to-consider-settling-a-claim/,MOBILE,0,106,0,39.31
https://rodenlaw.com/blog/who-is-at-fault-in-a-charleston-merge-accident-2/,DESKTOP,0,1,0,29
https://rodenlaw.com/blog/who-may-be-liable-for-a-parking-lot-car-accident-in-charleston/,DESKTOP,0,110,0,46.79
https://rodenlaw.com/blog/who-may-be-liable-for-a-parking-lot-car-accident-in-charleston/,MOBILE,0,58,0,41.66
https://rodenlaw.com/blog/who-pays-for-damages-from-t-bone-crashes-in-savannah/,DESKTOP,0,1537,0,64.42
https://rodenlaw.com/blog/who-pays-for-damages-from-t-bone-crashes-in-savannah/,MOBILE,0,913,0,63.34
https://rodenlaw.com/blog/who-pays-for-damages-from-t-bone-crashes-in-savannah/,TABLET,0,1,0,1
https://rodenlaw.com/blog/why-are-highway-road-shoulder-accidents-in-charleston-dangerous/,DESKTOP,0,115,0,44.72
https://rodenlaw.com/blog/why-are-highway-road-shoulder-accidents-in-charleston-dangerous/,MOBILE,0,27,0,37.67
https://rodenlaw.com/blog/why-car-crashes-happen-close-to-home-charleston/,DESKTOP,0,2063,0,41.67
https://rodenlaw.com/blog/why-car-crashes-happen-close-to-home-charleston/,MOBILE,0,669,0,37.52
https://rodenlaw.com/blog/why-car-crashes-happen-close-to-home-charleston/,TABLET,0,5,0,9
https://rodenlaw.com/blog/why-driving-while-hungover-is-a-dangerous-savannah-crash-risk/,DESKTOP,0,244,0,37.37
https://rodenlaw.com/blog/why-federal-rules-matter-in-your-port-of-charleston-truck-accident-2/,DESKTOP,0,8,0,5.25
https://rodenlaw.com/blog/why-federal-rules-matter-in-your-port-of-charleston-truck-accident/,DESKTOP,0,33,0,41.97
https://rodenlaw.com/blog/why-federal-rules-matter-in-your-port-of-charleston-truck-accident/,MOBILE,0,4,0,28.25
https://rodenlaw.com/blog/why-get-black-box-data-after-truck-crash-savannah/,DESKTOP,0,595,0,62.8
https://rodenlaw.com/blog/why-get-black-box-data-after-truck-crash-savannah/,MOBILE,0,500,0,60.08
https://rodenlaw.com/blog/why-get-black-box-data-after-truck-crash-savannah/,TABLET,0,1,0,1
https://rodenlaw.com/blog/why-injury-claims-may-be-delayed/,DESKTOP,0,699,0,52.46
https://rodenlaw.com/blog/why-injury-claims-may-be-delayed/,MOBILE,0,545,0,38.97
https://rodenlaw.com/blog/why-injury-claims-may-be-delayed/,TABLET,0,1,0,12
https://rodenlaw.com/blog/why-is-having-a-personal-injury-lawyer-important/,DESKTOP,0,90,0,49.42
https://rodenlaw.com/blog/why-is-having-a-personal-injury-lawyer-important/,MOBILE,0,14,0,30.93
https://rodenlaw.com/blog/why-is-workers-compensation-so-important-to-have/,DESKTOP,0,297,0,34.66
https://rodenlaw.com/blog/why-is-workers-compensation-so-important-to-have/,MOBILE,0,168,0,45.74
https://rodenlaw.com/blog/why-mitigate-damages-after-a-car-crash/,TABLET,0,16,0,2.81
https://rodenlaw.com/blog/why-should-i-consult-a-personal-injury-lawyer-for-my-accident/,DESKTOP,0,30,0,38.03
https://rodenlaw.com/blog/why-should-i-consult-a-personal-injury-lawyer-for-my-accident/,MOBILE,0,12,0,1.67
https://rodenlaw.com/blog/why-should-i-hire-an-accident-lawyer-after-an-accident/,DESKTOP,0,677,0,71.27
https://rodenlaw.com/blog/why-should-i-hire-an-accident-lawyer-after-an-accident/,MOBILE,0,135,0,64.65
https://rodenlaw.com/blog/why-wont-a-personal-lawyer-take-my-case/,DESKTOP,0,525,0,18.15
https://rodenlaw.com/blog/why-wont-a-personal-lawyer-take-my-case/,MOBILE,0,149,0,17.31
https://rodenlaw.com/blog/witness-testimony/,DESKTOP,0,248,0,71.74
https://rodenlaw.com/blog/witness-testimony/,MOBILE,0,48,0,64.9
https://rodenlaw.com/blog/work-zone-car-accident-liability/,DESKTOP,0,807,0,63.13
https://rodenlaw.com/blog/work-zone-car-accident-liability/,MOBILE,0,407,0,65.43
https://rodenlaw.com/blog/work-zone-car-accident-liability/,TABLET,0,3,0,4.67
https://rodenlaw.com/blog/workers-comp-benefits-georgia-taxable/,TABLET,0,42,0,18.33
https://rodenlaw.com/blog/workers-comp-for-carpal-tunnel-syndrome/,DESKTOP,0,6143,0,61.73
https://rodenlaw.com/blog/workers-comp-for-carpal-tunnel-syndrome/,TABLET,0,28,0,58.21
https://rodenlaw.com/blog/workers-comp-for-carpal-tunnel-syndrome/#benefits-available,MOBILE,0,12,0,6.5
https://rodenlaw.com/blog/workers-comp-for-carpal-tunnel-syndrome/#carpal-tunnel-workplace-injury,MOBILE,0,12,0,6.5
https://rodenlaw.com/blog/workers-comp-for-carpal-tunnel-syndrome/#proving-work-related,MOBILE,0,12,0,6.5
https://rodenlaw.com/blog/workers-comp-for-carpal-tunnel-syndrome/#what-is-carpal-tunnel,MOBILE,0,12,0,6.5
https://rodenlaw.com/blog/workers-comp-for-skin-cancer/,DESKTOP,0,1375,0,62.71
https://rodenlaw.com/blog/workers-comp-for-skin-cancer/,MOBILE,0,833,0,68.36
https://rodenlaw.com/blog/workers-comp-medical-coverage/,DESKTOP,0,1451,0,57.53
https://rodenlaw.com/blog/workers-comp-medical-coverage/,MOBILE,0,720,0,52.07
https://rodenlaw.com/blog/workers-compensation-2017/,DESKTOP,0,65,0,61.86
https://rodenlaw.com/blog/workers-compensation-2017/,MOBILE,0,2,0,50
https://rodenlaw.com/blog/workers-compensation-benefit-types/,DESKTOP,0,340,0,57.41
https://rodenlaw.com/blog/workers-compensation-benefit-types/,MOBILE,0,79,0,54.97
https://rodenlaw.com/blog/workers-compensation-benefit-types/,TABLET,0,1,0,19
https://rodenlaw.com/blog/workers-compensation-car-accident/,DESKTOP,0,682,0,71.2
https://rodenlaw.com/blog/workers-compensation-car-accident/,MOBILE,0,129,0,64.35
https://rodenlaw.com/blog/workers-compensation-claim-process-georgia/,DESKTOP,0,2035,0,59.49
https://rodenlaw.com/blog/workers-compensation-claim-process-georgia/,TABLET,0,4,0,84.5
https://rodenlaw.com/blog/workers-compensation-faqs/,DESKTOP,0,36,0,60.69
https://rodenlaw.com/blog/workers-compensation-faqs/,MOBILE,0,53,0,50.28
https://rodenlaw.com/blog/yamacraw-village-pedestrian-accident-lawyer/,DESKTOP,0,43,0,21.7
https://rodenlaw.com/blog/yamacraw-village-pedestrian-accident-lawyer/,MOBILE,0,33,0,9.45
https://rodenlaw.com/blog/your-first-steps-after-a-truck-accident-in-downtown-columbia-sc/,DESKTOP,0,4,0,64
https://rodenlaw.com/blog/your-first-steps-after-a-truck-accident-in-downtown-columbia-sc/,MOBILE,0,1,0,74
https://rodenlaw.com/blog/your-guide-to-documenting-a-james-island-parkway-car-accident/,DESKTOP,0,126,0,23.74
https://rodenlaw.com/blog/your-guide-to-documenting-a-james-island-parkway-car-accident/,MOBILE,0,88,0,14.53
https://rodenlaw.com/blog/your-guide-to-justice-after-a-charleston-truck-accident-2/,DESKTOP,0,8,0,28.62
https://rodenlaw.com/blog/your-guide-to-justice-after-a-charleston-truck-accident-2/,MOBILE,0,5,0,50.2
https://rodenlaw.com/blog/your-guide-to-justice-after-a-charleston-truck-accident/,DESKTOP,0,185,0,25.87
https://rodenlaw.com/blog/your-guide-to-justice-after-a-charleston-truck-accident/,MOBILE,0,24,0,57.5
https://rodenlaw.com/blog/your-guide-to-justice-after-a-charleston-truck-accident/,TABLET,0,1,0,100
https://rodenlaw.com/blog/your-guide-to-recovering-lost-wages-after-a-charleston-car-accident/,DESKTOP,0,10,0,23.2
https://rodenlaw.com/blog/your-guide-to-recovering-lost-wages-after-a-charleston-car-accident/,MOBILE,0,5,0,23.2
https://rodenlaw.com/blog/your-guide-to-rideshare-accidents-in-downtown-charleston/,DESKTOP,0,154,0,43.6
https://rodenlaw.com/blog/your-guide-to-rideshare-accidents-in-downtown-charleston/,MOBILE,0,79,0,55.52
https://rodenlaw.com/blog/your-step-by-step-guide-after-a-car-accident-in-columbia-sc/,DESKTOP,0,208,0,26.0
https://rodenlaw.com/blog/your-step-by-step-guide-after-a-car-accident-in-columbia-sc/,MOBILE,0,165,0,10.15
https://rodenlaw.com/blog/your-step-by-step-guide-after-a-car-accident-in-columbia-sc/,TABLET,0,2,0,8
https://rodenlaw.com/blog/your-step-by-step-guide-after-a-downtown-columbia-truck-accident/,DESKTOP,0,36,0,44.47
https://rodenlaw.com/blog/your-step-by-step-guide-after-a-downtown-columbia-truck-accident/,MOBILE,0,60,0,19.05
https://rodenlaw.com/es/blog/,DESKTOP,0,25,0,5.44
https://rodenlaw.com/es/blog/,MOBILE,0,2,0,26.5
https://rodenlaw.com/es/blog/brunswick-ocean-highway-us-17-underinsured-motorist-lawyer-glynn-county/,DESKTOP,0,2,0,63.5
https://rodenlaw.com/es/blog/brunswick-ocean-highway-us-17-underinsured-motorist-lawyer-glynn-county/,MOBILE,0,9,0,27.11
https://rodenlaw.com/es/blog/can-you-sue-hipaa-violation/,DESKTOP,0,1,0,9
https://rodenlaw.com/es/blog/can-you-sue-hipaa-violation/,MOBILE,0,1,0,50
https://rodenlaw.com/es/blog/cayce-12th-street-uninsured-motorist-lawyer/,MOBILE,0,6,0,17
https://rodenlaw.com/es/blog/chicora-cherokee-carner-avenue-us-52-car-accident-attorney-north-charleston/,DESKTOP,0,3,0,52.67
https://rodenlaw.com/es/blog/chicora-cherokee-carner-avenue-us-52-car-accident-attorney-north-charleston/,MOBILE,0,3,0,40
https://rodenlaw.com/es/blog/dick-pond-road-sc-544-truck-accident-lawyer-surfside-beach/,DESKTOP,0,3,0,54
https://rodenlaw.com/es/blog/dick-pond-road-sc-544-truck-accident-lawyer-surfside-beach/,MOBILE,0,17,0,16.88
https://rodenlaw.com/es/blog/east-bay-street-savannah-pedestrian-accident-lawyer/,DESKTOP,0,4,0,9.5
https://rodenlaw.com/es/blog/eastern-wharf-harbor-street-electric-scooter-accident-lawyer/,DESKTOP,0,29,0,31.45
https://rodenlaw.com/es/blog/eastern-wharf-harbor-street-electric-scooter-accident-lawyer/,MOBILE,0,1,0,24
https://rodenlaw.com/es/blog/eulonia-us-17-ocean-highway-rideshare-uber-accident-lawyer-mcintosh-county/,DESKTOP,0,16,0,17.12
https://rodenlaw.com/es/blog/eulonia-us-17-ocean-highway-rideshare-uber-accident-lawyer-mcintosh-county/,MOBILE,0,7,0,13.14
https://rodenlaw.com/es/blog/garden-city-ga-21-augusta-road-car-accident-lawyer/,DESKTOP,0,6,0,11.5
https://rodenlaw.com/es/blog/garden-city-ga-21-augusta-road-car-accident-lawyer/,MOBILE,0,10,0,11.1
https://rodenlaw.com/es/blog/green-grove-mark-clark-expressway-uninsured-motorist-lawyer-north-charleston/,DESKTOP,0,2,0,13.5
https://rodenlaw.com/es/blog/green-grove-mark-clark-expressway-uninsured-motorist-lawyer-north-charleston/,MOBILE,0,48,0,10.94
https://rodenlaw.com/es/blog/i-20-bush-river-road-motorcycle-accident-lawyer-columbia/,DESKTOP,0,19,0,11.26
https://rodenlaw.com/es/blog/i-20-bush-river-road-motorcycle-accident-lawyer-columbia/,MOBILE,0,120,0,8.96
https://rodenlaw.com/es/blog/is-hipaa-violation-medical-malpractice/,DESKTOP,0,4,0,32.25
https://rodenlaw.com/es/blog/is-hipaa-violation-medical-malpractice/,MOBILE,0,5,0,11.6
https://rodenlaw.com/es/blog/kemira-plant-drive-savannah-fatal-truck-accident-lawyer/,DESKTOP,0,15,0,28.87
https://rodenlaw.com/es/blog/kemira-plant-drive-savannah-fatal-truck-accident-lawyer/,MOBILE,0,1,0,19
https://rodenlaw.com/es/blog/litchfield-pawleys-island-golf-cart-accident-lawyer-georgetown-county/,DESKTOP,0,1,0,42
https://rodenlaw.com/es/blog/litchfield-pawleys-island-golf-cart-accident-lawyer-georgetown-county/,MOBILE,0,3,0,35.33
https://rodenlaw.com/es/blog/mount-pleasant-johnnie-dodds-us-17-uninsured-motorist-lawyer/,DESKTOP,0,11,0,43.73
https://rodenlaw.com/es/blog/mount-pleasant-johnnie-dodds-us-17-uninsured-motorist-lawyer/,MOBILE,0,8,0,17.62
https://rodenlaw.com/es/blog/mount-pleasant-mark-clark-expressway-i-526-motorcycle-accident-lawyer/,DESKTOP,0,6,0,55.83
https://rodenlaw.com/es/blog/murrells-inlet-jet-ski-accident-lawyer/,DESKTOP,0,4,0,37
https://rodenlaw.com/es/blog/murrells-inlet-jet-ski-accident-lawyer/,MOBILE,0,1,0,33
https://rodenlaw.com/es/blog/n-lake-drive-dick-pond-road-sc-544-underinsured-motorist-lawyer/,DESKTOP,0,4,0,63.25
https://rodenlaw.com/es/blog/n-lake-drive-dick-pond-road-sc-544-underinsured-motorist-lawyer/,MOBILE,0,37,0,16.97
https://rodenlaw.com/es/blog/n-lake-drive-dick-pond-road-sc-544-underinsured-motorist-lawyer/,TABLET,0,2,0,3.5
https://rodenlaw.com/es/blog/n-lake-drive-us-17-business-best-car-accident-lawyer/,DESKTOP,0,20,0,47.25
https://rodenlaw.com/es/blog/n-lake-drive-us-17-business-best-car-accident-lawyer/,MOBILE,0,44,0,14.18
https://rodenlaw.com/es/blog/rivers-avenue-northwoods-bus-accident-lawyer-north-charleston/,DESKTOP,0,4,0,6.5
https://rodenlaw.com/es/blog/rivers-avenue-northwoods-bus-accident-lawyer-north-charleston/,MOBILE,0,25,0,13.08
https://rodenlaw.com/es/blog/southover-mills-b-lane-motorcycle-accident-lawyer/,DESKTOP,0,21,0,19.29
https://rodenlaw.com/es/blog/southover-mills-b-lane-motorcycle-accident-lawyer/,MOBILE,0,8,0,16.38
https://rodenlaw.com/es/blog/st-andrews-road-widewater-18-wheeler-accident-lawyer-richland-county/,DESKTOP,0,7,0,28.57
https://rodenlaw.com/es/blog/st-andrews-road-widewater-18-wheeler-accident-lawyer-richland-county/,MOBILE,0,8,0,27.62
https://rodenlaw.com/es/blog/st-simons-island-kings-way-motorcycle-accident-lawyer/,DESKTOP,0,8,0,17.25
https://rodenlaw.com/es/blog/st-simons-island-kings-way-motorcycle-accident-lawyer/,MOBILE,0,45,0,14.91
https://rodenlaw.com/es/blog/summerville-i-26-18-wheeler-accident-lawyer-dorchester-county/,DESKTOP,0,15,0,36.47
https://rodenlaw.com/es/blog/summerville-i-26-18-wheeler-accident-lawyer-dorchester-county/,MOBILE,0,14,0,48.21
https://rodenlaw.com/es/blog/tenmile-i-26-best-car-accident-lawyer-north-charleston/,DESKTOP,0,6,0,61.33
https://rodenlaw.com/es/blog/tenmile-i-26-best-car-accident-lawyer-north-charleston/,MOBILE,0,53,0,16.64
https://rodenlaw.com/es/blog/wando-gardens-faber-place-drive-best-car-accident-lawyer-north-charleston/,DESKTOP,0,15,0,7.67
https://rodenlaw.com/es/blog/wando-gardens-faber-place-drive-best-car-accident-lawyer-north-charleston/,MOBILE,0,67,0,8.73
https://rodenlaw.com/wp-content/uploads/assets/media/images/blog/Road-work-sign-GA_BLOG.jpg,DESKTOP,0,1,0,22
https://rodenlaw.com/wp-content/uploads/assets/media/images/blog/lady-lawyer-asking-questions-blog.jpg,MOBILE,0,1,0,8
https://www.rodenlaw.com/blog/calculating-compensation-for-whiplash-injuries/,DESKTOP,0,1,0,1
