page,clicks,impressions,ctr,position
https://rodenlaw.com/,2581,496119,0.0052,15.39
https://rodenlaw.com/blog/value-of-pain-and-suffering/,2431,215926,0.01126,20.1
https://rodenlaw.com/blog/can-an-insurance-company-go-against-a-police-report/,2062,169663,0.01215,8.1
https://rodenlaw.com/blog/compensatory-damages-vs-punitive-damages/,1206,436417,0.00276,9.39
https://rodenlaw.com/blog/claims-against-at-fault-drivers-who-died/,1079,81756,0.0132,14.14
https://rodenlaw.com/blog/liability-for-epilepsy-related-car-accidents/,976,65318,0.01494,10.9
https://rodenlaw.com/blog/are-red-light-runners-always-liable-if-they-crash/,967,54435,0.01776,11.44
https://rodenlaw.com/blog/insurance-company-ignoring-demand-letter/,871,55321,0.01574,13.01
https://rodenlaw.com/blog/rollover-crashes-and-what-they-do-to-your-body/,648,154199,0.0042,13.19
https://rodenlaw.com/blog/when-does-a-sprained-ankle-become-a-work-injury/,442,51493,0.00858,13.71
https://rodenlaw.com/blog/what-happens-if-i-resign-while-on-workers-compensation/,411,36333,0.01131,12.57
https://rodenlaw.com/blog/impact-of-surgery-recommendation/,377,32649,0.01155,14.86
https://rodenlaw.com/blog/gym-injury-liability/,376,45915,0.00819,18.43
https://rodenlaw.com/who-we-are/attorneys/eric-roden/,358,21258,0.01684,5.92
https://rodenlaw.com/blog/fault-vs-no-fault-car-insurance/,329,164191,0.002,18.76
https://rodenlaw.com/blog/liability-for-crash-due-to-tire-blowout-in-savannah/,322,30523,0.01055,16.57
https://rodenlaw.com/blog/burn-injury-workers-compensation/,307,36723,0.00836,21.46
https://rodenlaw.com/blog/calculating-compensation-for-whiplash-injuries/,292,161970,0.0018,23.92
https://rodenlaw.com/blog/using-uninsured-underinsured-motorist-coverage-in-georgia/,291,45755,0.00636,19.52
https://rodenlaw.com/who-we-are/attorneys/,271,25809,0.0105,13.91
https://rodenlaw.com/attorneys/,270,9178,0.02942,13.13
https://rodenlaw.com/blog/determining-liability-for-crash-at-four-way-stop-sign/,258,29551,0.00873,10.15
https://rodenlaw.com/attorneys/joshua-dorminy/,247,1574,0.15693,4.28
https://rodenlaw.com/class-action/troubled-teen-industry-abuse/,241,31561,0.00764,16.32
https://rodenlaw.com/blog/negligence-vs-gross-negligence/,238,37137,0.00641,20.56
https://rodenlaw.com/blog/answering-insurance-questions-after-crash/,226,40276,0.00561,12.62
https://rodenlaw.com/blog/blunt-force-trauma-after-savannah-car-crash/,216,140875,0.00153,11.44
https://rodenlaw.com/blog/supporting-a-whiplash-claim/,211,116851,0.00181,35.59
https://rodenlaw.com/resources/south-carolina-car-seat-laws/,211,38450,0.00549,7.67
https://rodenlaw.com/attorneys/eric-roden/,207,4902,0.04223,4.86
https://rodenlaw.com/who-we-are/attorneys/joshua-dorminy/,199,3100,0.06419,19.31
https://rodenlaw.com/blog/independent-medical-exams/,196,33916,0.00578,11.85
https://rodenlaw.com/blog/medical-malpractice-limits-south-carolina/,189,16323,0.01158,10.4
https://rodenlaw.com/blog/why-mitigate-damages-after-a-car-crash/,189,18840,0.01003,12.52
http://rodenlaw.com/blog/value-of-pain-and-suffering/,181,13114,0.0138,13.77
https://rodenlaw.com/who-we-are/attorneys/tyler-love/,173,12671,0.01365,25.75
https://rodenlaw.com/who-we-are/attorneys/graeham-c-gillin/,162,3033,0.05341,19.3
https://rodenlaw.com/blog/what-to-do-if-your-georgia-police-report-is-wrong-or-has-mistakes/,160,19048,0.0084,22.02
https://rodenlaw.com/blog/how-car-insurers-use-private-investigators/,159,34513,0.00461,19.17
https://rodenlaw.com/blog/liability-for-accidents-with-borrowed-vehicles/,152,22817,0.00666,23.11
https://rodenlaw.com/blog/liability-for-sudden-emergency-accidents/,147,21600,0.00681,9.64
https://rodenlaw.com/blog/maximum-medical-improvement-in-an-injury-claim/,146,20113,0.00726,11.52
https://rodenlaw.com/blog/benefits-for-workplace-violence/,145,19764,0.00734,18.01
https://rodenlaw.com/blog/releasing-medical-records/,127,32472,0.00391,27.03
https://rodenlaw.com/attorneys/tyler-love/,122,2141,0.05698,9.29
https://rodenlaw.com/locations/south-carolina/charleston/?utm_campaign=gmb_charleston,119,175543,0.00068,3.61
https://rodenlaw.com/resources/i-95-widening-construction-zone-ga-sc/,119,11533,0.01032,7.29
https://rodenlaw.com/blog/dangerous-tools-garage/,118,21317,0.00554,9.51
https://rodenlaw.com/who-we-are/attorneys/ivy-montano/,118,3843,0.03071,29.26
https://rodenlaw.com/blog/myrtle-beach-golf-cart-laws/,116,13544,0.00856,6.54
https://rodenlaw.com/blog/a-cyclists-guide-after-a-ravenel-bridge-accident/,113,4706,0.02401,10.2
https://rodenlaw.com/blog/certification-of-permanent-injury/,113,17001,0.00665,7.91
https://rodenlaw.com/blog/liability-waivers-and-injury-lawsuits/,111,22855,0.00486,15.41
https://rodenlaw.com/blog/wearing-headphones-while-driving-in-charleston/,110,22836,0.00482,12.8
https://rodenlaw.com/blog/does-worker-compensation-cover-employee-negligence/,109,21123,0.00516,10.0
https://rodenlaw.com/blog/uturn-crash-liability-in-charleston/,109,24124,0.00452,15.19
https://rodenlaw.com/practice-areas/charleston/car-accident-lawyers/?utm_campaign=gmb,101,20702,0.00488,11.72
https://rodenlaw.com/blog/is-workers-compensation-an-employee-benefit/,98,17567,0.00558,18.84
https://rodenlaw.com/who-we-are/attorneys/zach-stohr/,98,1896,0.05169,24.26
https://rodenlaw.com/attorneys/graeham-c-gillin/,96,1407,0.06823,13.15
https://rodenlaw.com/blog/hearing-loss-after-charleston-car-accident/,95,14627,0.00649,18.54
https://rodenlaw.com/blog/average-personal-injury-settlement-amounts/,94,19812,0.00474,14.64
https://rodenlaw.com/blog/south-carolina-statute-of-limitations-personal-injury/,94,11949,0.00787,10.46
https://rodenlaw.com/blog/recovering-damages-with-pre-existing-injuries/,93,18418,0.00505,18.12
https://rodenlaw.com/blog/rear-end-collision-liability/,90,25843,0.00348,29.35
https://rodenlaw.com/blog/filing-a-claim-for-an-injured-minor/,87,13390,0.0065,20.68
https://rodenlaw.com/blog/leg-pain-and-leg-injuries-from-crash/,86,24863,0.00346,16.95
https://rodenlaw.com/blog/liens-and-your-personal-injury-claims/,86,14081,0.00611,25.04
https://rodenlaw.com/blog/myrtle-beach-dangerous-roads-intersections/,85,25506,0.00333,8.47
https://rodenlaw.com/locations/georgia/savannah/?utm_campaign=gmb_savannah,84,22377,0.00375,8.58
https://rodenlaw.com/blog/liability-for-crashes-caused-by-not-using-turn-signal/,83,16601,0.005,10.85
https://rodenlaw.com/class-action-lawyers/troubled-teen-industry-abuse/,83,13805,0.00601,11.67
https://rodenlaw.com/blog/litchfield-beach-pawleys-island-us-17-car-accident-georgetown-county/,82,2948,0.02782,6.05
https://rodenlaw.com/blog/feeling-fatigued-after-charleston-car-accident/,81,18973,0.00427,8.75
https://rodenlaw.com/blog/georgia-super-speeder-law/,81,77245,0.00105,28.75
https://rodenlaw.com/resources/south-carolina-workers-comp-body-part-values/,81,5692,0.01423,8.73
https://rodenlaw.com/blog/what-happens-to-workers-comp-if-employer-bankrupts/,80,6162,0.01298,8.69
https://rodenlaw.com/blog/south-carolina-golf-cart-laws/,78,17873,0.00436,8.53
https://rodenlaw.com/attorneys/ivy-s-montano/,74,591,0.12521,8.25
https://rodenlaw.com/blog/georgia-law-on-steps-after-car-accident/,74,25330,0.00292,17.14
https://rodenlaw.com/blog/impaired-driving-caused-by-prescription-medications/,73,50215,0.00145,8.66
https://rodenlaw.com/contact-us/,73,18219,0.00401,8.04
https://rodenlaw.com/blog/letters-of-protection-for-injury-victims/,72,21520,0.00335,20.63
https://rodenlaw.com/blog/when-do-injury-claims-go-to-court/,70,12608,0.00555,19.88
https://rodenlaw.com/blog/does-workers-compensation-cover-prescriptions/,69,29928,0.00231,22.64
https://rodenlaw.com/blog/switching-lawyers-during-a-case/,69,23278,0.00296,15.13
https://rodenlaw.com/blog/shem-creek-boating-dock-injuries-mount-pleasant/,66,4073,0.0162,8.65
https://rodenlaw.com/blog/accident-claims-with-an-expired-license/,65,19448,0.00334,13.32
https://rodenlaw.com/who-we-are/attorneys/kiley-reidy/,65,3651,0.0178,36.4
https://rodenlaw.com/blog/dangers-of-emotional-driving-in-savannah-ga/,63,26698,0.00236,8.41
https://rodenlaw.com/practice-areas/charleston/personal-injury-lawyer/,63,190667,0.00033,40.22
https://rodenlaw.com/blog/liability-in-a-driverless-car-crash/,62,18083,0.00343,21.15
https://rodenlaw.com/blog/motorcycle-accident-i-95-glynn-county-brunswick-darien/,62,2083,0.02976,11.85
https://rodenlaw.com/blog/resolving-claims-through-arbitration/,62,19013,0.00326,21.24
https://rodenlaw.com/blog/traffic-tickets-and-car-accident-claims/,60,11756,0.0051,14.68
https://rodenlaw.com/who-we-are/attorneys/jeff-fitzpatrick-jr/,60,3010,0.01993,45.83
https://rodenlaw.com/blog/contingency-fee-system/,58,40717,0.00142,16.13
https://rodenlaw.com/blog/highway-hypnosis-what-it-is-why-it-is-a-crash-risk/,58,42051,0.00138,11.88
http://www.rodenlaw.com/,55,6194,0.00888,17.69
https://rodenlaw.com/blog/diminished-value-claims-after-car-accident/,55,45597,0.00121,26.45
https://rodenlaw.com/blog/how-to-get-your-charleston-police-accident-report/,55,9193,0.00598,9.7
https://rodenlaw.com/blog/drunk-pedestrian-injury-claims/,54,5671,0.00952,10.62
https://rodenlaw.com/blog/medical-malpractice-limits-georgia/,54,13435,0.00402,10.47
https://rodenlaw.com/blog/options-for-recovering-more-than-policy-limits/,54,11654,0.00463,11.6
https://rodenlaw.com/blog/what-to-do-after-car-accident-south-carolina/,54,14274,0.00378,11.68
https://www.rodenlaw.com/brunswick/personal-injury-lawyer/?utm_source=google&utm_medium=gmb&utm_campaign=gmb-listing-brunswick,53,13381,0.00396,7.58
https://rodenlaw.com/blog/understanding-vicarious-liability/,52,23188,0.00224,27.95
https://rodenlaw.com/blog/changing-workers-comp-doctors-in-georgia/,51,5410,0.00943,17.25
https://rodenlaw.com/blog/informed-consent/,51,17135,0.00298,13.41
https://rodenlaw.com/blog/2017-safest-college-campuses-in-georgia/,50,13652,0.00366,6.83
https://rodenlaw.com/blog/third-party-fault-for-work-injuries/,50,7325,0.00683,16.11
https://rodenlaw.com/testimonials/,49,3835,0.01278,13.27
https://rodenlaw.com/blog/refusing-opioid-prescription-in-workers-comp-claim/,48,6883,0.00697,20.83
https://rodenlaw.com/who-we-are/attorneys/ja-moore/,47,5530,0.0085,11.49
https://rodenlaw.com/blog/options-for-denied-injury-claims/,46,18077,0.00254,17.33
https://rodenlaw.com/staff/logan-sudholz/,45,425,0.10588,13.58
https://rodenlaw.com/blog/hipaa-violation-lawsuit-worth/,44,2639,0.01667,7.66
https://rodenlaw.com/blog/damage-coverage-for-stolen-car/,43,25765,0.00167,28.03
https://rodenlaw.com/blog/steps-after-hit-and-run-accident/,43,17611,0.00244,33.2
https://rodenlaw.com/blog/columbia-dangerous-intersections-roads/,41,4620,0.00887,8.06
https://rodenlaw.com/resources/south-carolina-car-accident-settlement-value/,41,3746,0.01095,14.15
https://rodenlaw.com/blog/car-insurance-add-ons/,40,21174,0.00189,14.45
https://rodenlaw.com/blog/georgia-statute-of-limitations/,40,36541,0.00109,12.29
https://rodenlaw.com/blog/rear-end-accident-injuries/,40,11397,0.00351,14.12
https://rodenlaw.com/resources/south-carolina-um-uim-stacking/,40,1597,0.02505,6.83
https://rodenlaw.com/blog/hipaa-violation-lawyer/,39,2124,0.01836,16.9
https://rodenlaw.com/blog/qualifications-for-car-accident-witnesses/,39,11230,0.00347,16.99
https://rodenlaw.com/blog/south-carolina-car-accident-settlement-amounts/,39,3814,0.01023,6.15
https://rodenlaw.com/practice-areas/savannah/medical-malpractice-attorneys/dental-negligence/,39,14932,0.00261,45.03
https://rodenlaw.com/blog/animal-accident-insurance-coverage/,38,20720,0.00183,24.76
https://rodenlaw.com/blog/dangerous-savannah-intersections/,38,4957,0.00767,17.13
https://rodenlaw.com/blog/taxes-on-car-crash-settlement-in-georgia/,38,8689,0.00437,14.06
https://rodenlaw.com/practice-areas/dog-bite-lawyers/dog-on-dog-attack/,38,3818,0.00995,11.18
https://rodenlaw.com/blog/dog-bite-laws-south-carolina-charleston/,37,3889,0.00951,24.36
https://rodenlaw.com/locations/south-carolina/charleston/?ref=gmb_chs,37,41279,0.0009,2.02
https://rodenlaw.com/blog/how-to-handle-calls-from-insurance-companies/,36,12680,0.00284,14.87
https://rodenlaw.com/blog/workers-comp-for-skin-cancer/,36,4766,0.00755,34.56
https://rodenlaw.com/blog/blind-spot-accidents/,35,12420,0.00282,16.31
https://rodenlaw.com/blog/workers-comp-benefits-georgia-taxable/,35,15818,0.00221,34.68
https://rodenlaw.com/blog/liability-for-crashes-caused-by-teen-drivers/,34,7399,0.0046,12.59
https://rodenlaw.com/blog/the-role-of-vocational-rehabilitation-in-workers-compensation-cases/,34,13881,0.00245,27.21
https://rodenlaw.com/practice-areas/nursing-home-abuse-lawyers/financial-exploitation-seniors/,34,3443,0.00988,10.6
https://rodenlaw.com/blog/savannah-dangerous-highways-i16-i95-abercorn/,33,3245,0.01017,8.55
http://rodenlaw.com/blog/how-car-insurers-use-private-investigators/,32,4444,0.0072,16.86
https://rodenlaw.com/blog/compensation-for-chronic-pain-after-a-car-crash-in-charleston/,32,7271,0.0044,34.31
https://rodenlaw.com/blog/major-injuries-from-minor-car-accidents/,32,15664,0.00204,26.05
https://rodenlaw.com/blog/south-carolina-pedestrian-right-of-way-laws/,32,9866,0.00324,8.75
https://rodenlaw.com/locations/georgia/savannah/?ref=gmb_sav,32,11467,0.00279,6.08
https://rodenlaw.com/blog/how-long-can-a-person-stay-on-workers-compensation/,31,8101,0.00383,20.66
https://rodenlaw.com/blog/us-17-truck-accident-broadfield-glynn-county/,31,1478,0.02097,11.36
https://rodenlaw.com/blog-compensatory-damages-vs-punitive-damages/,30,10583,0.00283,9.94
https://rodenlaw.com/blog-understanding-eye-injuries-after-a-savannah-car-accident/,30,12546,0.00239,20.76
https://rodenlaw.com/blog/demand-letters-in-personal-injury-cases/,30,25045,0.0012,32.83
https://rodenlaw.com/staff/zoe-link/,30,894,0.03356,6.56
https://rodenlaw.com/blog/compensation-while-not-wearing-seat-belt/,29,4820,0.00602,20.9
https://rodenlaw.com/blog/filing-medication-error-lawsuit/,29,16492,0.00176,40.13
https://rodenlaw.com/blog/how-pain-and-suffering-is-calculated-after-an-accident-in-georgia/,29,4020,0.00721,7.04
https://rodenlaw.com/blog/nerve-damage-after-charleston-car-crash/,29,12636,0.0023,19.1
https://rodenlaw.com/blog/ashley-phosphate-road-i-26-dangerous-intersection-charleston/,28,4362,0.00642,8.87
https://rodenlaw.com/blog/personal-injury-calculating-loss-of-earning-capacity/,28,11149,0.00251,27.12
https://rodenlaw.com/blog/steps-after-work-injury/,28,16796,0.00167,30.88
https://rodenlaw.com/class-action-lawyers/defective-medical-devices/stryker-hip-implant-lawsuit/,28,19909,0.00141,40.65
https://rodenlaw.com/resources/blythewood-i-77-truck-accidents/,28,4238,0.00661,9.5
https://rodenlaw.com/blog/folly-road-car-accidents-james-island-charleston/,27,3017,0.00895,8.85
https://rodenlaw.com/blog/georgia-pedestrian-right-of-way-laws/,27,11384,0.00237,7.59
https://rodenlaw.com/blog/much-worth-ga-worker-compared-states/,27,22101,0.00122,34.96
https://rodenlaw.com/blog/what-to-do-after-car-accident-georgia/,27,16619,0.00162,13.74
https://rodenlaw.com/blog/workers-comp-for-carpal-tunnel-syndrome/,27,11647,0.00232,49.42
https://rodenlaw.com/class-action-lawyers/dangerous-drugs/truvada-lawsuit/,27,15442,0.00175,21.83
https://rodenlaw.com/about/,25,6550,0.00382,6.96
https://rodenlaw.com/blog/carriage-tour-accidents-downtown-charleston-liability/,25,1704,0.01467,8.76
https://rodenlaw.com/blog/darien-brunswick-dangerous-roads-i95-us17/,25,4557,0.00549,8.96
https://rodenlaw.com/blog/liability-for-backing-up-crashes-in-charleston/,25,5461,0.00458,30.17
https://rodenlaw.com/contact/,25,5933,0.00421,9.46
https://rodenlaw.com/practice-areas/personal-injury-lawyers/,25,28511,0.00088,30.37
https://rodenlaw.com/resources/south-carolina-wrongful-death-settlement-value/,25,869,0.02877,15.8
https://rodenlaw.com/blog/can-witnesses-be-forced-to-testify-in-car-crash-case/,24,3482,0.00689,20.13
https://rodenlaw.com/blog/continuing-post-accident-medical-treatment/,24,10180,0.00236,23.06
https://rodenlaw.com/blog/i-16-port-freight-truck-accident-garden-city-savannah/,24,1684,0.01425,8.11
https://rodenlaw.com/practice-areas/burn-injury-lawyers/,24,97058,0.00025,31.88
https://rodenlaw.com/practice-areas/savannah/dog-bite-lawyers/,24,23593,0.00102,25.91
https://rodenlaw.com/attorneys/zach-stohr/,23,156,0.14744,9.12
https://rodenlaw.com/blog/legal-rights-if-hit-by-driver-in-company-car-charleston/,23,5214,0.00441,18.78
https://rodenlaw.com/blog/reasons-for-workers-comp-claim-denial/,23,6277,0.00366,38.19
https://rodenlaw.com/determining-liability-for-crash-at-four-way-stop-sign/,23,2595,0.00886,14.76
https://rodenlaw.com/resources/bay-street-truck-accidents-savannah-historic-district/,23,709,0.03244,7.32
https://rodenlaw.com/resources/us-52-truck-train-accidents-goose-creek/,23,1495,0.01538,8.2
https://rodenlaw.com/blog/claims-for-lost-wages/,22,24739,0.00089,18.18
https://rodenlaw.com/blog/steps-of-a-burn-injury-case/,22,19417,0.00113,29.0
https://rodenlaw.com/blog/when-to-call-charleston-personal-injury-lawyer/,22,13675,0.00161,34.56
https://rodenlaw.com/class-action/afff-firefighting-foam-lawsuits/,22,28055,0.00078,54.0
https://rodenlaw.com/resources/dangerous-roads-north-charleston/,22,2272,0.00968,6.97
http://rodenlaw.com/blog/compensatory-damages-vs-punitive-damages/,21,6766,0.0031,8.53
https://rodenlaw.com/blog/driving-record-and-injury-claim/,21,6730,0.00312,24.98
https://rodenlaw.com/blog/returning-to-work-too-soon-charleston-crash/,21,4195,0.00501,12.72
https://rodenlaw.com/blog/us-17-i-95-darien-wrongful-death-mcintosh-county/,21,1468,0.01431,9.06
https://rodenlaw.com/blog/why-injury-claims-may-be-delayed/,21,4962,0.00423,19.95
https://rodenlaw.com/locations/georgia/darien/woodbine/,21,2579,0.00814,10.45
https://rodenlaw.com/resources/south-carolina-slip-and-fall-settlement-value/,21,644,0.03261,6.15
https://rodenlaw.com/staff/stephanie-aguirre/,21,1104,0.01902,12.57
https://rodenlaw.com/blog/ashley-phosphate-i-26-south-carolinas-deadliest-intersection/,20,1619,0.01235,7.63
https://rodenlaw.com/blog/can-someone-sue-me-for-a-car-accident/,20,9771,0.00205,14.0
https://rodenlaw.com/blog/driving-tips-around-trucks/,20,20139,0.00099,13.64
https://rodenlaw.com/blog/drunk-driver-crash-south-kings-highway-us-17-business-surfside-beach-29575/,20,547,0.03656,7.69
https://rodenlaw.com/blog/financial-abuse-at-nursing-homes/,20,6504,0.00308,15.9
https://rodenlaw.com/blog/how-loud-music-increases-crash-risk-charleston/,20,9707,0.00206,15.96
https://rodenlaw.com/blog/lower-king-street-pedestrian-safety/,20,2888,0.00693,9.19
https://rodenlaw.com/blog/truck-accident-injuries/,20,29029,0.00069,23.41
https://rodenlaw.com/blog/value-of-car-crash-claim-if-permanent-injuries/,20,10973,0.00182,36.64
https://rodenlaw.com/blog/what-to-do-when-you-are-in-a-car-accident/,20,24487,0.00082,39.23
https://rodenlaw.com/practice-areas/savannah/workers-compensation-lawyers/,20,115381,0.00017,13.17
https://rodenlaw.com/practice-areas/savannah/wrongful-death-lawyers/georgia-punitive-damages-lawyer/,20,5004,0.004,25.73
https://rodenlaw.com/blog/accepting-a-cash-offer-after-savannah-car-crash/,19,5770,0.00329,22.68
https://rodenlaw.com/blog/benefit-of-a-personal-injury-pain-diary/,19,4889,0.00389,10.39
https://rodenlaw.com/blog/liability-for-school-bus-crash/,19,8884,0.00214,46.88
https://rodenlaw.com/blog/pedestrian-liability-for-car-accidents/,19,11246,0.00169,31.5
https://rodenlaw.com/blog/punitive-damages-in-drunk-driving-accident/,19,2401,0.00791,22.96
https://rodenlaw.com/blog/turkey-fryer-injury-claims/,19,2756,0.00689,22.61
https://rodenlaw.com/case-results/,19,9496,0.002,29.59
https://rodenlaw.com/locations/south-carolina/charleston/,19,11503,0.00165,32.9
https://rodenlaw.com/practice-areas/savannah/maritime-lawyers/,19,13324,0.00143,24.03
https://rodenlaw.com/practice-areas/savannah/medical-malpractice-attorneys/psychiatric-negligence/,19,9008,0.00211,34.18
https://rodenlaw.com/resources/georgia-car-accident-settlement-value/,19,1938,0.0098,12.57
https://rodenlaw.com/blog/can-you-sue-hipaa-violation/,18,901,0.01998,7.83
https://rodenlaw.com/blog/discovery-process-in-personal-injury-cases/,18,8213,0.00219,24.6
https://rodenlaw.com/blog/first-steps-in-a-medical-malpractice-case/,18,8994,0.002,37.13
https://rodenlaw.com/blog/what-if-i-suspect-medical-malpractice/,18,5437,0.00331,19.65
https://rodenlaw.com/blog/what-to-do-after-a-hit-and-run-in-downtown-charleston/,18,2817,0.00639,16.66
https://rodenlaw.com/staff/maddie-dowling/,18,495,0.03636,9.94
https://rodenlaw.com/who-we-are/,18,10960,0.00164,5.6
https://rodenlaw.com/attorneys/kiley-reidy/,17,141,0.12057,6.04
https://rodenlaw.com/blog/5-most-common-types-of-medical-malpractice-in-2023/,17,5066,0.00336,31.74
https://rodenlaw.com/blog/charleston-historic-sidewalk-slip-fall-city-liable/,17,1343,0.01266,7.81
https://rodenlaw.com/blog/charlestons-crash-hotspots-to-avoid-in-2025/,17,2142,0.00794,8.0
https://rodenlaw.com/practice-areas/charleston/car-accident-lawyers/,17,294506,6e-05,24.75
https://rodenlaw.com/practice-areas/savannah/medical-malpractice-attorneys/,17,82474,0.00021,12.09
https://rodenlaw.com/blog-what-happens-if-i-resign-while-on-workers-compensation/,16,2245,0.00713,22.28
https://rodenlaw.com/blog/blunt-force-trauma-from-a-crash-what-you-need-to-know/,16,22623,0.00071,15.36
https://rodenlaw.com/blog/car-insurance-claim-denial-tactics/,16,6864,0.00233,16.8
https://rodenlaw.com/blog/charleston-parking-lot-car-accident-liability/,16,4649,0.00344,28.22
https://rodenlaw.com/blog/choking-at-nursing-homes/,16,5649,0.00283,25.73
https://rodenlaw.com/blog/hospital-liability-for-medical-malpractice/,16,6807,0.00235,42.8
https://rodenlaw.com/blog/how-to-maximize-your-car-accident-compensation-in-georgia/,16,2264,0.00707,12.34
https://rodenlaw.com/blog/i-77-truck-accident-northeast-columbia-richland-county/,16,1664,0.00962,9.0
https://rodenlaw.com/blog/liability-for-brake-checking-crashes-charleston/,16,2774,0.00577,21.34
https://rodenlaw.com/blog/personal-injury-claim-charleston-berkeley-dorchester-county/,16,2238,0.00715,12.01
https://rodenlaw.com/blog/tactics-insurers-use-to-deny-crash-claims-charleston/,16,4349,0.00368,27.65
https://rodenlaw.com/locations/south-carolina/charleston/downtown-charleston/,16,3316,0.00483,22.54
https://rodenlaw.com/practice-areas/savannah/medical-malpractice-attorneys/hospital-negligence/,16,10877,0.00147,24.35
https://rodenlaw.com/resources/pedestrian-bicycle-safety-north-charleston/,16,1564,0.01023,8.38
https://rodenlaw.com/blog/accident-my-fault-can-i-receive-workers-comp/,15,3085,0.00486,16.21
https://rodenlaw.com/blog/follow-doctors-orders-after-accident/,15,4546,0.0033,9.41
https://rodenlaw.com/blog/four-common-construction-accidents/,15,29673,0.00051,39.23
https://rodenlaw.com/blog/roadway-hazard-auto-accident/,15,5185,0.00289,15.89
https://rodenlaw.com/blog/safest-hospitals-georgia/,15,1046,0.01434,22.28
https://rodenlaw.com/blog/sunset-boulevard-us-378-lexington-medical-center-accident/,15,1036,0.01448,7.49
https://rodenlaw.com/class-action-lawyers/defective-products/roundup-lawsuit/,15,26230,0.00057,56.06
https://rodenlaw.com/class-action-lawyers/hair-relaxer-cancer-lawsuits/,15,4655,0.00322,19.61
https://rodenlaw.com/class-action-lawyers/stryker-hip-replacement/,15,9643,0.00156,23.27
https://www.rodenlaw.com/?utm_source=google&utm_medium=gmb&utm_campaign=gmb-listing-atlanta,15,1692,0.00887,169.89
https://rodenlaw.com/blog-liability-waivers-and-injury-lawsuits/,14,2398,0.00584,20.81
https://rodenlaw.com/blog/aggressive-driving-in-georgia/,14,1783,0.00785,15.41
https://rodenlaw.com/blog/liability-for-roundabout-crashes-in-charleston/,14,5235,0.00267,23.74
https://rodenlaw.com/locations/south-carolina/north-charleston/,14,8211,0.00171,13.1
https://rodenlaw.com/practice-areas/brunswick/personal-injury-lawyer/,14,47121,0.0003,25.14
https://rodenlaw.com/practice-areas/savannah/medical-malpractice-attorneys/cosmetic-surgery/,14,7253,0.00193,59.45
https://rodenlaw.com/staff/marina-baldwin/,14,1035,0.01353,36.79
https://rodenlaw.com/staff/megan-socha/,14,469,0.02985,9.34
https://rodenlaw.com/who-we-are/attorneys/leah-crane/,14,1554,0.00901,21.76
https://rodenlaw.com/blog/18-wheeler-wrecks-on-the-arthur-ravenel-jr-bridge-us-17/,13,2731,0.00476,10.31
https://rodenlaw.com/blog/blog-filing-soft-tissue-injury-claims-in-charleston/,13,4711,0.00276,52.88
https://rodenlaw.com/blog/car-accidents-on-i-26-in-north-charleston/,13,4914,0.00265,34.16
https://rodenlaw.com/blog/charleston-medical-malpractice-hospital-claim-south-carolina/,13,4258,0.00305,36.41
https://rodenlaw.com/blog/drowsy-driving-epidemic-georgia/,13,2041,0.00637,17.21
https://rodenlaw.com/blog/georgia-law-on-tailgating-accident-liability/,13,2826,0.0046,22.7
https://rodenlaw.com/blog/hit-and-run-drunk-driver-crashes-ashley-river-road-sc-61-west-ashley-greenwood-park/,13,529,0.02457,8.43
https://rodenlaw.com/blog/ptsd-after-car-accident-compensation/,13,5162,0.00252,25.41
https://rodenlaw.com/blog/what-to-do-after-a-bike-crash-on-charlestons-ravenel-bridge/,13,1561,0.00833,12.16
https://rodenlaw.com/practice-areas/maritime-lawyers/,13,9958,0.00131,48.59
https://rodenlaw.com/practice-areas/savannah/car-accident-lawyers/,13,406558,3e-05,13.02
https://rodenlaw.com/resources/south-carolina-helmet-laws/,13,1571,0.00827,5.81
https://rodenlaw.com/staff/dyanna-velez/,13,226,0.05752,14.26
https://rodenlaw.com/blog-maximum-medical-improvement-in-an-injury-claim/,12,890,0.01348,23.41
https://rodenlaw.com/blog/ben-sawyer-boulevard-bridge-accidents-sullivans-island/,12,1628,0.00737,8.35
https://rodenlaw.com/blog/deposition-in-a-personal-injury-claim/,12,7431,0.00161,31.78
https://rodenlaw.com/blog/military-base-accidents-joint-base-charleston-rights/,12,1999,0.006,9.91
https://rodenlaw.com/blog/motorcycle-accidents-dorchester-road-data/,12,637,0.01884,7.86
https://rodenlaw.com/blog/north-charleston-crime-rate-hit-and-run/,12,1789,0.00671,8.59
https://rodenlaw.com/blog/road-hazard-car-accident-liability/,12,3384,0.00355,30.97
https://rodenlaw.com/dog-bite-lawyers/landlord-liability-dog-attack/,12,1094,0.01097,8.67
https://rodenlaw.com/locations/,12,5032,0.00238,5.25
https://rodenlaw.com/locations/georgia/savannah/,12,30709,0.00039,30.96
https://rodenlaw.com/locations/south-carolina/charleston/downtown-charleston/king-street-district/,12,1147,0.01046,9.73
https://rodenlaw.com/south-carolina-pedestrian-right-of-way-laws/,12,2050,0.00585,7.55
https://rodenlaw.com/testimonial/rebecca-harris/,12,558,0.02151,13.59
https://www.rodenlaw.com/?utm_source=google&utm_medium=gmb&utm_campaign=gmb-listing-jacksonville,12,412,0.02913,24.6
http://rodenlaw.com/blog/claims-against-at-fault-drivers-who-died/,11,619,0.01777,15.15
http://rodenlaw.com/blog/insurance-company-ignoring-demand-letter/,11,945,0.01164,17.33
https://rodenlaw.com/attorney/who-we-are-attorneys-eric-roden/,11,1312,0.00838,8.38
https://rodenlaw.com/blog/category/car-accident/,11,3096,0.00355,28.08
https://rodenlaw.com/blog/charleston-parking-lot-parking-garage-accident/,11,3868,0.00284,17.93
https://rodenlaw.com/blog/north-rhett-avenue-truck-accident-hanahan-berkeley-county/,11,624,0.01763,8.97
https://rodenlaw.com/practice-areas/savannah/slip-and-fall-attorneys/,11,88423,0.00012,17.04
https://rodenlaw.com/resources/south-carolina-liquor-liability-2026/,11,292,0.03767,6.75
https://rodenlaw.com/blog/atm-attack-liability/,10,4444,0.00225,18.1
https://rodenlaw.com/blog/car-accidents-on-coleman-boulevard-in-mount-pleasant/,10,1184,0.00845,24.1
https://rodenlaw.com/blog/college-campus-safety-tips-every-student-should-know/,10,4964,0.00201,26.67
https://rodenlaw.com/blog/dangerous-rural-crashes-in-charleston/,10,3048,0.00328,30.76
https://rodenlaw.com/blog/fault-for-car-accident/,10,3003,0.00333,37.06
https://rodenlaw.com/blog/filing-an-emotional-distress-claim-after-a-ravenel-bridge-accident/,10,1847,0.00541,13.18
https://rodenlaw.com/blog/georgia-car-seat-law-overview/,10,15222,0.00066,27.21
https://rodenlaw.com/blog/knee-injuries-after-georgia-car-crash/,10,11277,0.00089,37.74
https://rodenlaw.com/blog/maybank-highway-car-accidents-johns-island/,10,1172,0.00853,9.76
https://rodenlaw.com/blog/police-report-as-proof-of-liability/,10,2642,0.00379,10.61
https://rodenlaw.com/blog/settle-workers-comp-case/,10,7101,0.00141,48.05
https://rodenlaw.com/class-action-lawyers/,10,16480,0.00061,41.8
https://rodenlaw.com/locations/georgia/darien/brunswick/,10,4221,0.00237,13.98
https://rodenlaw.com/locations/south-carolina/,10,4506,0.00222,13.3
https://rodenlaw.com/locations/south-carolina/columbia/,10,28825,0.00035,30.06
https://rodenlaw.com/practice-areas/medical-malpractice-lawyers/,10,1862,0.00537,55.6
https://rodenlaw.com/product-liability-lawyers/dangerous-pharmaceutical-drug/,10,2695,0.00371,16.06
https://rodenlaw.com/resources/broad-river-road-truck-accidents-columbia/,10,1408,0.0071,9.35
https://rodenlaw.com/who-we-are/attorneys/nolan-alexander/,10,503,0.01988,18.61
http://rodenlaw.com/blog/can-an-insurance-company-go-against-a-police-report/,9,1623,0.00555,6.53
http://rodenlaw.com/blog/filing-a-claim-for-an-injured-minor/,9,1247,0.00722,37.16
https://rodenlaw.com/blog-claims-against-at-fault-drivers-who-died/,9,653,0.01378,15.6
https://rodenlaw.com/blog/advantages-of-a-medical-malpractice-attorney/,9,22582,0.0004,63.89
https://rodenlaw.com/blog/how-long-personal-injury-case-charleston-sc/,9,2088,0.00431,13.3
https://rodenlaw.com/blog/liability-for-crashes-in-heavy-rainfall/,9,3860,0.00233,17.03
https://rodenlaw.com/blog/longshoreman-injury-claims/,9,23736,0.00038,59.58
https://rodenlaw.com/blog/risk-of-refusing-medical-care-after-car-crash-charleston/,9,1035,0.0087,15.69
https://rodenlaw.com/blog/safe-bike-riding-georgias-roadways/,9,2408,0.00374,24.48
https://rodenlaw.com/blog/steps-take-slip-fall-accident-georgia/,9,12918,0.0007,48.42
https://rodenlaw.com/blog/valid-premises-liability-claim-georgia/,9,6494,0.00139,24.6
https://rodenlaw.com/car-accident-lawyers/columbia-sc/,9,57538,0.00016,17.68
https://rodenlaw.com/dog-bite-lawyers/loose-unleashed-dog-attack/,9,1320,0.00682,10.78
https://rodenlaw.com/locations/south-carolina/myrtle-beach/?utm_campaign=gmb_mb,9,15506,0.00058,3.85
https://rodenlaw.com/locations/south-carolina/north-charleston/goose-creek/liberty-hall-plantation/,9,879,0.01024,11.98
https://rodenlaw.com/practice-areas/savannah/wrongful-death-lawyers/statute-of-limitations/,9,11534,0.00078,24.76
https://rodenlaw.com/premises-liability-lawyers/elevator-escalator-accident/,9,2961,0.00304,22.47
https://rodenlaw.com/resources/georgetown-county-us-17-truck-accidents/,9,839,0.01073,9.5
https://rodenlaw.com/resources/south-carolina-truck-accident-settlement-value/,9,1262,0.00713,14.06
https://rodenlaw.com/testimonial/dante-williams-dante/,9,282,0.03191,14.7
https://rodenlaw.com/blog/beginning-motorcycle-biker-risks/,8,4184,0.00191,9.04
https://rodenlaw.com/blog/car-accidents-and-daylight-savings-time/,8,5005,0.0016,19.15
https://rodenlaw.com/blog/commercial-truck-accidents-who-is-at-fault/,8,3386,0.00236,18.96
https://rodenlaw.com/blog/common-workplace-injuries-georgia/,8,3421,0.00234,29.49
https://rodenlaw.com/blog/how-pain-and-suffering-is-calculated-after-an-accident-in-south-carolina/,8,1372,0.00583,11.35
https://rodenlaw.com/blog/how-to-spot-distracted-drivers-ten-signs-savannah-ga/,8,4383,0.00183,16.81
https://rodenlaw.com/blog/i-26-i-526-truck-accidents-what-to-do-whos-liable/,8,2071,0.00386,20.16
https://rodenlaw.com/blog/jones-act-claims-south-carolina-maritime-worker-rights/,8,1598,0.00501,12.05
https://rodenlaw.com/blog/passenger-car-accident-claim/,8,12803,0.00062,55.43
https://rodenlaw.com/blog/paying-medical-bills-during-a-claim/,8,3170,0.00252,33.2
https://rodenlaw.com/blog/pedestrian-accident-dorchester-road-school-zone-29418-north-charleston/,8,595,0.01345,7.35
https://rodenlaw.com/blog/why-car-crashes-happen-close-to-home-charleston/,8,5156,0.00155,29.14
https://rodenlaw.com/blog/why-wont-a-personal-lawyer-take-my-case/,8,2547,0.00314,11.26
https://rodenlaw.com/burn-injury-lawyers/house-apartment-fire-burn/,8,587,0.01363,21.38
https://rodenlaw.com/class-action/paraquat-lawsuits/,8,38394,0.00021,45.42
https://rodenlaw.com/es/blog/is-hipaa-violation-medical-malpractice/,8,639,0.01252,7.36
https://rodenlaw.com/locations/georgia/darien/,8,6030,0.00133,16.72
https://rodenlaw.com/locations/georgia/savannah/downtown-savannah/,8,1819,0.0044,28.79
https://rodenlaw.com/medical-malpractice-lawyers/savannah-ga/,8,44017,0.00018,16.08
https://rodenlaw.com/pedestrian-accident-lawyers/backing-up-parking-lot-accident/,8,2048,0.00391,10.21
https://rodenlaw.com/practice-areas/savannah/medical-malpractice-attorneys/orthopedic-injury/,8,17162,0.00047,40.61
https://rodenlaw.com/resources/bush-river-road-i-26-truck-accidents-columbia/,8,1288,0.00621,9.16
https://rodenlaw.com/resources/georgia-truck-accident-settlement-value/,8,673,0.01189,7.44
https://rodenlaw.com/resources/i-20-truck-accidents-columbia/,8,1934,0.00414,9.23
https://rodenlaw.com/blog/accidents-near-musc-and-calhoun-street/,7,334,0.02096,13.86
https://rodenlaw.com/blog/benefits-of-hiring-personal-injury-lawyer/,7,11689,0.0006,26.96
https://rodenlaw.com/blog/rifle-range-road-mount-pleasant-car-accident-heritage-park-west/,7,805,0.0087,9.76
https://rodenlaw.com/blog/safety-tips-driving-work-zones-georgia/,7,2252,0.00311,30.17
https://rodenlaw.com/blog/sapelo-island-ferry-dock-collapse-causing-fatality-and-serious-injuries/,7,1872,0.00374,21.09
https://rodenlaw.com/blog/south-carolina-comparative-fault-partially-at-fault/,7,1457,0.0048,15.45
https://rodenlaw.com/blog/third-party-liability-for-work-injury/,7,3075,0.00228,33.06
https://rodenlaw.com/blog/truck-accident-reconstruction/,7,15901,0.00044,39.43
https://rodenlaw.com/blog/work-zone-car-accident-liability/,7,2555,0.00274,38.57
https://rodenlaw.com/class-action-lawyers/afff-firefighting-foam-lawsuits/,7,5333,0.00131,13.47
https://rodenlaw.com/class-action-lawyers/dangerous-drugs/uloric-lawsuit/,7,8296,0.00084,13.51
https://rodenlaw.com/class-action-lawyers/talcum-powder/,7,1581,0.00443,14.89
https://rodenlaw.com/class-action-lawyers/truvada/,7,2871,0.00244,18.69
https://rodenlaw.com/class-action/hair-relaxer-cancer-lawsuits/,7,25428,0.00028,60.07
https://rodenlaw.com/columbia-dangerous-intersections-roads/,7,1191,0.00588,7.67
https://rodenlaw.com/darien-brunswick-dangerous-roads-i95-us17/,7,642,0.0109,8.26
https://rodenlaw.com/practice-areas/car-accident-lawyers/government-vehicle-accident/,7,2576,0.00272,9.12
https://rodenlaw.com/practice-areas/charleston/workers-compensation-lawyer/,7,120006,6e-05,22.15
https://rodenlaw.com/practice-areas/golf-cart-accident-lawyers/golf-course-cart-accident/,7,444,0.01577,15.21
https://rodenlaw.com/practice-areas/macon/maritime-lawyers/,7,8482,0.00083,57.59
https://rodenlaw.com/practice-areas/savannah/truck-accident-lawyers/,7,56844,0.00012,20.37
https://rodenlaw.com/practice-areas/workers-compensation-lawyers/savannah-ga/,7,47650,0.00015,9.79
https://rodenlaw.com/resources/dean-forest-road-truck-accidents-pooler/,7,642,0.0109,7.62
https://rodenlaw.com/resources/port-of-savannah-truck-routes/,7,460,0.01522,7.87
https://rodenlaw.com/attorney/who-we-are-attorneys-tyler-love/,6,1856,0.00323,16.19
https://rodenlaw.com/attorneys/nolan-alexander/,6,814,0.00737,9.37
https://rodenlaw.com/blog/a-guide-to-car-wrecks-on-aviation-avenue-near-charleston-airport/,6,1172,0.00512,23.58
https://rodenlaw.com/blog/after-boat-accident-guide/,6,8419,0.00071,35.73
https://rodenlaw.com/blog/amazon-fedex-delivery-crashes/,6,1209,0.00496,9.3
https://rodenlaw.com/blog/can-passengers-be-at-fault-for-a-savannah-crash/,6,1948,0.00308,14.42
https://rodenlaw.com/blog/charleston-car-crash-brain-injuries/,6,7699,0.00078,52.77
https://rodenlaw.com/blog/determining-fault-in-multi-vehicle-accidents/,6,7857,0.00076,29.53
https://rodenlaw.com/blog/duty-of-care-personal-injury-claim/,6,11620,0.00052,38.47
https://rodenlaw.com/blog/emergency-room-errors-charleston-misdiagnosis-malpractice/,6,1449,0.00414,11.9
https://rodenlaw.com/blog/i-526-mount-pleasant-wando-bridge-accident/,6,926,0.00648,8.13
https://rodenlaw.com/blog/i-was-in-a-car-accident-should-i-pursue-a-personal-injury-claim/,6,518,0.01158,14.03
https://rodenlaw.com/blog/jet-ski-personal-watercraft-accidents-charleston/,6,1437,0.00418,8.24
https://rodenlaw.com/blog/legal-rights-after-memory-loss-savannah-crash/,6,8809,0.00068,21.45
https://rodenlaw.com/blog/slip-and-fall-negligence-elements/,6,4766,0.00126,43.17
https://rodenlaw.com/blog/stomach-pain-after-a-car-accident-in-charleston/,6,1822,0.00329,27.59
https://rodenlaw.com/blog/using-dashcams-as-evidence-of-fault-in-a-car-accident/,6,5134,0.00117,27.11
https://rodenlaw.com/car-accident-lawyers/charleston-sc/,6,90557,7e-05,20.83
https://rodenlaw.com/car-accident-lawyers/government-vehicle-accident/,6,1041,0.00576,10.61
https://rodenlaw.com/class-action/camp-lejeune-lawsuits/,6,8382,0.00072,53.97
https://rodenlaw.com/electric-scooter-accident-lawyers/escooter-vehicle-collision/,6,4546,0.00132,30.35
https://rodenlaw.com/locations/georgia/darien/folkston/,6,1377,0.00436,14.92
https://rodenlaw.com/locations/south-carolina/charleston/west-ashley/grand-oaks-plantation/,6,879,0.00683,12.51
https://rodenlaw.com/medical-malpractice-lawyers/charleston-sc/,6,22955,0.00026,23.63
https://rodenlaw.com/nursing-home-abuse-lawyers/assisted-living-abuse/,6,1236,0.00485,16.13
https://rodenlaw.com/practice-areas/,6,8812,0.00068,10.75
https://rodenlaw.com/practice-areas/product-liability-lawyers/,6,26503,0.00023,55.31
https://rodenlaw.com/practice-areas/savannah/car-accident-lawyers/hit-and-run-accidents/,6,26555,0.00023,55.13
https://rodenlaw.com/practice-areas/savannah/medical-malpractice-attorneys/ob-gyn-negligence/,6,6985,0.00086,44.35
https://rodenlaw.com/resources/how-much-does-south-carolina-workers-comp-pay/,6,1668,0.0036,9.85
https://rodenlaw.com/resources/south-carolina-statute-of-limitations/,6,532,0.01128,17.05
https://rodenlaw.com/resources/two-notch-road-truck-accidents-columbia/,6,1383,0.00434,8.79
https://rodenlaw.com/workers-compensation-lawyers/repetitive-stress-injury/,6,1389,0.00432,50.28
https://rodenlaw.com/attorney/graeham-c-gillin/,5,34,0.14706,3.59
https://rodenlaw.com/attorney/kiley-reidy/,5,111,0.04505,26.76
https://rodenlaw.com/blog-liability-for-epilepsy-related-car-accidents/,5,360,0.01389,17.22
https://rodenlaw.com/blog/car-accidents-on-coleman-boulevard/,5,1485,0.00337,47.06
https://rodenlaw.com/blog/category/truck-accident/,5,1677,0.00298,33.78
https://rodenlaw.com/blog/charleston-car-crash-facial-injuries/,5,10253,0.00049,38.85
https://rodenlaw.com/blog/dealing-with-uber-lyft-accident/,5,10208,0.00049,39.44
https://rodenlaw.com/blog/documents-for-personal-injury-claim/,5,4053,0.00123,23.01
https://rodenlaw.com/blog/georgia-worker-injury-statistics-prevention/,5,889,0.00562,22.82
https://rodenlaw.com/blog/highway-41-accidents-mount-pleasant-development/,5,280,0.01786,10.16
https://rodenlaw.com/blog/how-much-is-my-car-accident-claim-worth/,5,4859,0.00103,26.94
https://rodenlaw.com/blog/importance-of-eyewitness-testimony/,5,4183,0.0012,16.29
https://rodenlaw.com/blog/is-there-a-limit-for-medical-negligence-claims/,5,6572,0.00076,35.34
https://rodenlaw.com/blog/pedestrian-accidents-musc-charleston-medical-district/,5,582,0.00859,10.75
https://rodenlaw.com/blog/rivers-avenue-pedestrian-deaths-north-charleston/,5,539,0.00928,10.83
https://rodenlaw.com/blog/what-are-the-benefits-of-workers-compensation-claims/,5,982,0.00509,28.31
https://rodenlaw.com/blog/what-to-do-after-a-car-crash-on-savannah-highway/,5,2364,0.00212,11.68
https://rodenlaw.com/blog/workers-comp-medical-coverage/,5,5049,0.00099,31.35
https://rodenlaw.com/blog/workers-compensation-car-accident/,5,1836,0.00272,39.57
https://rodenlaw.com/boating-accident-lawyers/pontoon-boat-accident/,5,521,0.0096,15.4
https://rodenlaw.com/car-accident-lawyers/savannah-ga/,5,100452,5e-05,19.64
https://rodenlaw.com/charleston/personal-injury-lawyer/,5,8001,0.00062,41.21
https://rodenlaw.com/es/resources/south-carolina-car-accident-settlement-value/,5,82,0.06098,4.85
https://rodenlaw.com/golf-cart-accident-lawyers/golf-cart-passenger-ejection/,5,922,0.00542,16.5
https://rodenlaw.com/golf-cart-accident-lawyers/golf-course-cart-accident/,5,1599,0.00313,50.51
https://rodenlaw.com/locations/south-carolina/charleston/west-ashley/,5,1164,0.0043,7.97
https://rodenlaw.com/maritime-injury-lawyers/longshore-harbor-worker/,5,7706,0.00065,31.08
https://rodenlaw.com/practice-areas/charleston/dog-bite-lawyers/,5,66988,7e-05,22.21
https://rodenlaw.com/practice-areas/dog-bite-lawyers/,5,30333,0.00016,47.97
https://rodenlaw.com/practice-areas/savannah/medical-malpractice-attorneys/medication-errors/,5,8004,0.00062,47.24
https://rodenlaw.com/practice-areas/savannah/nursing-home-abuse-attorneys/,5,25981,0.00019,21.13
https://rodenlaw.com/practice-areas/savannah/nursing-home-abuse-attorneys/malnutrition-and-dehydration/,5,6893,0.00073,35.08
https://rodenlaw.com/resources/columbia-i-26-i-20-i-77-interchange-truck-accidents/,5,5863,0.00085,6.99
https://rodenlaw.com/resources/dorchester-road-truck-accidents-north-charleston/,5,398,0.01256,9.27
https://rodenlaw.com/resources/i-526-construction-zone-truck-accidents-charleston/,5,248,0.02016,7.91
https://rodenlaw.com/resources/i-95-truck-accidents-savannah-brunswick/,5,433,0.01155,9.67
https://rodenlaw.com/resources/south-carolina-workers-comp-impairment-rating-mmi/,5,833,0.006,11.76
https://rodenlaw.com/spinal-cord-injury-lawyers/cauda-equina-syndrome/,5,3851,0.0013,21.28
https://rodenlaw.com/staff/kelli-threm/,5,174,0.02874,14.05
https://rodenlaw.com/staff/logan-wiggins/,5,210,0.02381,10.58
https://rodenlaw.com/testimonials/rebecca-harris/,5,126,0.03968,11.25
http://rodenlaw.com/blog/feeling-fatigued-after-charleston-car-accident/,4,972,0.00412,9.48
https://rodenlaw.com/atv-side-by-side-accident-lawyers/child-atv-injury/,4,1760,0.00227,19.18
https://rodenlaw.com/blog-independent-medical-exams/,4,1503,0.00266,36.67
https://rodenlaw.com/blog/avoiding-motorcycle-crash-injuries/,4,3288,0.00122,23.29
https://rodenlaw.com/blog/blog-the-role-of-vocational-rehabilitation-in-workers-compensation-cases/,4,645,0.0062,8.18
https://rodenlaw.com/blog/can-you-sue-hospital-negligence/,4,1412,0.00283,30.07
https://rodenlaw.com/blog/car-accidents-ladson-i-26-exit-203-danger-zone/,4,748,0.00535,8.22
https://rodenlaw.com/blog/child-passenger-automobile-safety-georgia/,4,2439,0.00164,14.93
https://rodenlaw.com/blog/credit-one-stadium-event-day-crashes-daniel-island-beekman-street/,4,450,0.00889,9.36
https://rodenlaw.com/blog/determining-fault-in-a-charleston-golf-cart-accident/,4,1175,0.0034,17.17
https://rodenlaw.com/blog/georgia-comparative-negligence-law/,4,20165,0.0002,9.38
https://rodenlaw.com/blog/hip-pain-after-car-accident-in-savannah/,4,8382,0.00048,29.21
https://rodenlaw.com/blog/how-spinal-cord-injuries-affect-you/,4,4737,0.00084,38.28
https://rodenlaw.com/blog/is-hipaa-violation-medical-malpractice/,4,633,0.00632,13.49
https://rodenlaw.com/blog/legal-help-shoulder-injuries-after-charleston-car-crash/,4,5567,0.00072,36.39
https://rodenlaw.com/blog/protect-child-dog-bite-injury/,4,779,0.00513,20.61
https://rodenlaw.com/blog/valuing-compensation-for-a-personal-injury/,4,2016,0.00198,25.16
https://rodenlaw.com/blog/when-does-workers-compensation-stop-paying/,4,851,0.0047,48.54
https://rodenlaw.com/blog/who-pays-for-damages-from-t-bone-crashes-in-savannah/,4,3229,0.00124,53.48
https://rodenlaw.com/blog/workers-compensation-claim-process-georgia/,4,4039,0.00099,45.05
https://rodenlaw.com/blog/your-step-by-step-guide-after-a-car-accident-in-columbia-sc/,4,1198,0.00334,13.96
https://rodenlaw.com/boating-accident-lawyers/dock-marina-injury/,4,1072,0.00373,14.88
https://rodenlaw.com/class-action-lawyers/defective-medical-devices/ivc-blood-clot-filter-lawsuit/,4,8851,0.00045,53.57
https://rodenlaw.com/class-action/ozempic-lawsuits/,4,66453,6e-05,53.37
https://rodenlaw.com/contact-us/?utm_source=GMB&utm_medium=local&utm_campaign=CharlestonSCGMB,4,3002,0.00133,12.16
https://rodenlaw.com/es/areas-de-practica/abogados-de-compensacion-de-trabajo/,4,8725,0.00046,53.5
https://rodenlaw.com/es/resources/georgia-car-accident-settlement-value/,4,62,0.06452,3.13
https://rodenlaw.com/es/resources/how-much-does-south-carolina-workers-comp-pay/,4,100,0.04,5.22
https://rodenlaw.com/es/resources/south-carolina-statute-of-limitations/,4,85,0.04706,5.41
https://rodenlaw.com/golf-cart-accident-lawyers/golf-cart-vehicle-collision/,4,1458,0.00274,14.46
https://rodenlaw.com/locations/georgia/,4,1926,0.00208,15.28
https://rodenlaw.com/locations/georgia/darien/st-simons-island/,4,2333,0.00171,9.01
https://rodenlaw.com/locations/georgia/darien/waycross/,4,1407,0.00284,9.81
https://rodenlaw.com/locations/south-carolina/charleston/mount-pleasant/,4,2925,0.00137,15.14
https://rodenlaw.com/locations/south-carolina/charleston/west-ashley/ashley-river-road/,4,1332,0.003,10.22
https://rodenlaw.com/locations/south-carolina/north-charleston/summerville/historic-district/,4,402,0.00995,26.23
https://rodenlaw.com/medical-malpractice-lawyers/birth-injury/,4,680,0.00588,31.18
https://rodenlaw.com/medical-malpractice-lawyers/myrtle-beach-sc/,4,2779,0.00144,17.3
https://rodenlaw.com/practice-areas/atv-side-by-side-accident-lawyers/child-atv-injury/,4,189,0.02116,9.26
https://rodenlaw.com/practice-areas/atv-side-by-side-accident-lawyers/side-by-side-utv-accident/,4,2102,0.0019,10.94
https://rodenlaw.com/practice-areas/brunswick/medical-malpractice-attorney/,4,12007,0.00033,17.02
https://rodenlaw.com/practice-areas/burn-injury-lawyers/house-apartment-fire-burn/,4,593,0.00675,11.65
https://rodenlaw.com/practice-areas/electric-scooter-accident-lawyers/escooter-pedestrian-accident/,4,507,0.00789,13.68
https://rodenlaw.com/practice-areas/motorcycle-accident-lawyers/,4,28367,0.00014,47.38
https://rodenlaw.com/practice-areas/savannah/car-accident-lawyers/georgia-pip-insurance/,4,7730,0.00052,34.99
https://rodenlaw.com/practice-areas/savannah/nursing-home-abuse-attorneys/bedsores/,4,21004,0.00019,40.87
https://rodenlaw.com/practice-areas/savannah/slip-and-fall-attorneys/premises-liability/,4,27591,0.00014,17.29
https://rodenlaw.com/practice-areas/workers-compensation-lawyers/,4,4080,0.00098,52.23
https://rodenlaw.com/practice-areas/workers-compensation-lawyers/charleston-sc/,4,24282,0.00016,11.04
https://rodenlaw.com/practice-areas/wrongful-death-lawyers/drowning-swimming-pool-death/,4,1417,0.00282,15.18
https://rodenlaw.com/premises-liability-lawyers/savannah-ga/,4,7552,0.00053,11.41
https://rodenlaw.com/product-liability-lawyers/defective-home-appliance/,4,848,0.00472,12.11
https://rodenlaw.com/product-liability-lawyers/food-contamination/,4,420,0.00952,28.17
https://rodenlaw.com/resources/georgia-moped-laws/,4,983,0.00407,7.06
https://rodenlaw.com/resources/georgia-statute-of-limitations/,4,3005,0.00133,10.19
https://rodenlaw.com/resources/highway-22-truck-accidents-conway-bypass/,4,906,0.00442,10.44
https://rodenlaw.com/savannah-dangerous-highways-i16-i95-abercorn/,4,262,0.01527,6.74
https://rodenlaw.com/who-is-at-fault-in-a-charleston-merge-accident/,4,404,0.0099,15.61
https://rodenlaw.com/who-we-are/attorneys/hillary-burris/,4,36,0.11111,6.22
https://rodenlaw.com/workers-compensation-lawyers/charleston-sc/,4,41179,0.0001,17.38
https://rodenlaw.com/workers-compensation-lawyers/myrtle-beach-sc/,4,13688,0.00029,15.54
http://rodenlaw.com/blog/calculating-compensation-for-whiplash-injuries/,3,2048,0.00146,30.27
http://rodenlaw.com/blog/dangerous-tools-garage/,3,280,0.01071,12.03
http://rodenlaw.com/blog/fault-vs-no-fault-car-insurance/,3,3312,0.00091,17.83
https://rodenlaw.com/?utm_campaign=gmb,3,3242,0.00093,9.99
https://rodenlaw.com/atv-side-by-side-accident-lawyers/atv-product-defect/,3,354,0.00847,22.01
https://rodenlaw.com/blog-after-boat-accident-guide/,3,602,0.00498,21.76
https://rodenlaw.com/blog-calculating-compensation-for-whiplash-injuries/,3,2825,0.00106,57.94
https://rodenlaw.com/blog-negligence-vs-gross-negligence/,3,739,0.00406,12.29
https://rodenlaw.com/blog-recovering-damages-with-pre-existing-injuries/,3,881,0.00341,25.93
https://rodenlaw.com/blog-releasing-medical-records/,3,104,0.02885,11.5
https://rodenlaw.com/blog-value-of-pain-and-suffering/,3,980,0.00306,38.94
https://rodenlaw.com/blog/,3,866,0.00346,25.18
https://rodenlaw.com/blog/a-guide-to-car-accident-claims-at-columbias-toughest-intersections/,3,186,0.01613,6.93
https://rodenlaw.com/blog/a-pedestrians-guide-to-proving-negligence-in-charleston-parking-lots/,3,760,0.00395,18.9
https://rodenlaw.com/blog/a-step-by-step-guide-for-folly-road-car-accidents/,3,1721,0.00174,9.53
https://rodenlaw.com/blog/atlantic-coastal-highway-us-17-rideshare-uber-lyft-crash-savannah-intermodal-transit-center/,3,404,0.00743,9.52
https://rodenlaw.com/blog/car-crash-crush-injuries-in-charleston/,3,764,0.00393,22.46
https://rodenlaw.com/blog/charleston-rideshare-brake-failure-accident/,3,1258,0.00238,50.29
https://rodenlaw.com/blog/daniel-island-i-526-wando-bridge-truck-accident-berkeley-county/,3,612,0.0049,7.04
https://rodenlaw.com/blog/georgia-wrongful-death-lawsuit/,3,5484,0.00055,54.56
https://rodenlaw.com/blog/highway-road-shoulder-accidents-in-charleston/,3,3805,0.00079,13.03
https://rodenlaw.com/blog/i-526-expansion-construction-zone-accidents-charleston/,3,357,0.0084,13.73
https://rodenlaw.com/blog/liability-in-head-on-collisions-savannah-ga/,3,1407,0.00213,36.59
https://rodenlaw.com/blog/medical-treatment-after-accident/,3,271,0.01107,16.6
https://rodenlaw.com/blog/mount-pleasant-johnnie-dodds-us-17-wrongful-death-car-accident-lawyer/,3,191,0.01571,10.8
https://rodenlaw.com/blog/pedestrian-safety-park-circle-north-charleston/,3,682,0.0044,8.11
https://rodenlaw.com/blog/proving-back-pain-after-savannah-car-crash/,3,14258,0.00021,41.57
https://rodenlaw.com/blog/safe-driving-in-construction-zones/,3,5336,0.00056,12.28
https://rodenlaw.com/blog/savannah-highway-truck-accidents-west-ashley-us-17/,3,654,0.00459,7.98
https://rodenlaw.com/blog/summer-dui-accidents-charleston-memorial-day-labor-day/,3,208,0.01442,14.71
https://rodenlaw.com/blog/the-most-common-causes-of-truck-accidents/,3,1480,0.00203,47.74
https://rodenlaw.com/blog/when-to-consider-settling-a-claim/,3,1326,0.00226,18.43
https://rodenlaw.com/blog/why-driving-while-hungover-is-a-dangerous-savannah-crash-risk/,3,2419,0.00124,14.45
https://rodenlaw.com/blog/why-get-black-box-data-after-truck-crash-savannah/,3,2364,0.00127,38.47
https://rodenlaw.com/brunswick/practice-areas/,3,1055,0.00284,56.79
https://rodenlaw.com/car-accident-lawyers/darien-ga/,3,17121,0.00018,51.83
https://rodenlaw.com/car-accident-lawyers/dorchester-road-accident/,3,626,0.00479,14.13
https://rodenlaw.com/car-accident-lawyers/i-526-accident/,3,427,0.00703,13.48
https://rodenlaw.com/case-result/125000-settlement-auto-accident-2/,3,119,0.02521,6.68
https://rodenlaw.com/case-result/27000000-settlement-truck-accidents/,3,190,0.01579,6.73
https://rodenlaw.com/class-action-lawyers/dangerous-drugs/invokana-lawsuit/,3,8829,0.00034,32.83
https://rodenlaw.com/electric-scooter-accident-lawyers/escooter-pedestrian-accident/,3,2519,0.00119,24.43
https://rodenlaw.com/es/locations/south-carolina/columbia/,3,1910,0.00157,31.38
https://rodenlaw.com/locations/georgia/darien/nahunta/,3,2651,0.00113,7.0
https://rodenlaw.com/locations/georgia/savannah/rincon/town-center/,3,550,0.00545,13.51
https://rodenlaw.com/locations/south-carolina/columbia/forest-acres/,3,835,0.00359,8.82
https://rodenlaw.com/locations/south-carolina/north-charleston/goose-creek/,3,14235,0.00021,13.93
https://rodenlaw.com/locations/south-carolina/north-charleston/goose-creek/crowfield-plantation/,3,143,0.02098,14.37
https://rodenlaw.com/locations/south-carolina/north-charleston/olde-north-charleston/,3,143,0.02098,11.08
https://rodenlaw.com/locations/south-carolina/north-charleston/summerville/,3,1077,0.00279,18.28
https://rodenlaw.com/personal-injury-lawyers/charleston-sc/,3,31089,0.0001,23.15
https://rodenlaw.com/practice-area/car-accident-lawyer/,3,2514,0.00119,37.79
https://rodenlaw.com/practice-areas/brunswick/workers-compensation-attorney/,3,8396,0.00036,13.49
https://rodenlaw.com/practice-areas/burn-injury-lawyers/scalding-hot-liquid-burn/,3,892,0.00336,10.66
https://rodenlaw.com/practice-areas/car-accident-lawyers/columbia-sc/,3,6769,0.00044,30.66
https://rodenlaw.com/practice-areas/charleston/medical-malpractice-attorney/,3,36840,8e-05,52.65
https://rodenlaw.com/practice-areas/charleston/truck-accident-lawyers/,3,75182,4e-05,19.0
https://rodenlaw.com/practice-areas/maritime-injury-lawyers/maintenance-and-cure/,3,491,0.00611,10.37
https://rodenlaw.com/practice-areas/medical-malpractice-attorneys/,3,10278,0.00029,54.55
https://rodenlaw.com/practice-areas/medical-malpractice-lawyers/misdiagnosis-delayed-diagnosis/,3,6431,0.00047,18.1
https://rodenlaw.com/practice-areas/pedestrian-accident-lawyers/hit-and-run-pedestrian-accident/,3,536,0.0056,21.58
https://rodenlaw.com/practice-areas/premises-liability-lawyers/north-charleston-sc/,3,1446,0.00207,38.79
https://rodenlaw.com/practice-areas/product-liability-lawyers/dangerous-pharmaceutical-drug/,3,929,0.00323,21.23
https://rodenlaw.com/practice-areas/savannah/construction-accident-lawyers/,3,15530,0.00019,25.34
https://rodenlaw.com/practice-areas/savannah/medical-malpractice-attorneys/surgical-errors/,3,13363,0.00022,15.88
https://rodenlaw.com/practice-areas/savannah/personal-injury-lawyers/,3,110998,3e-05,31.6
https://rodenlaw.com/practice-areas/spinal-cord-injury-lawyers/cauda-equina-syndrome/,3,2286,0.00131,25.95
https://rodenlaw.com/practice-areas/wrongful-death-lawyers/,3,3416,0.00088,40.94
https://rodenlaw.com/premises-liability-lawyers/amusement-park-recreational-injury/,3,621,0.00483,12.54
https://rodenlaw.com/product-liability-lawyers/columbia-sc/,3,14717,0.0002,23.39
https://rodenlaw.com/product-liability-lawyers/defective-industrial-equipment/,3,953,0.00315,31.37
https://rodenlaw.com/resources/aviation-avenue-i-26-truck-accidents/,3,243,0.01235,9.48
https://rodenlaw.com/resources/georgia-helmet-laws/,3,603,0.00498,8.83
https://rodenlaw.com/resources/i-16-i-95-construction-zone-truck-accidents/,3,324,0.00926,11
https://rodenlaw.com/resources/logging-truck-accidents-us-17-mcintosh-glynn/,3,791,0.00379,10.08
https://rodenlaw.com/resources/myrtle-beach-fatal-crashes/,3,230,0.01304,7.99
https://rodenlaw.com/resources/pooler-warehouse-district-truck-accidents/,3,584,0.00514,8.54
https://rodenlaw.com/resources/port-access-road-truck-accidents-leatherman-terminal/,3,353,0.0085,7.53
https://rodenlaw.com/resources/south-carolina-premises-liability-settlement-value/,3,294,0.0102,11.56
https://rodenlaw.com/resources/spruill-avenue-port-trucks-north-charleston/,3,436,0.00688,7.83
https://rodenlaw.com/resources/us-17-sc-544-truck-accidents-surfside-beach/,3,280,0.01071,7.92
https://rodenlaw.com/testimonial/ricky-h/,3,570,0.00526,12.91
https://rodenlaw.com/wearing-headphones-while-driving-in-charleston/,3,379,0.00792,16.8
https://www.rodenlaw.com/contact-us/?utm_source=google&utm_medium=gmb&utm_campaign=gmb-appt-savannah,3,1920,0.00156,11.1
http://rodenlaw.com/blog/gym-injury-liability/,2,306,0.00654,39.22
http://rodenlaw.com/blog/highway-hypnosis-what-it-is-why-it-is-a-crash-risk/,2,768,0.0026,17.62
http://rodenlaw.com/blog/liability-for-epilepsy-related-car-accidents/,2,298,0.00671,26.79
http://rodenlaw.com/blog/negligence-vs-gross-negligence/,2,252,0.00794,44.06
http://rodenlaw.com/blog/when-does-a-sprained-ankle-become-a-work-injury/,2,265,0.00755,29.43
https://rodenlaw.com/atv-side-by-side-accident-lawyers/side-by-side-utv-accident/,2,2330,0.00086,12.27
https://rodenlaw.com/bicycle-accident-lawyers/dooring-accident/,2,329,0.00608,16.99
https://rodenlaw.com/blog-liability-and-causes-for-backing-up-crashes-in-charleston/,2,151,0.01325,27.28
https://rodenlaw.com/blog-steps-of-a-burn-injury-case/,2,2036,0.00098,27.82
https://rodenlaw.com/blog/a-drivers-guide-to-wildlife-accidents-near-charleston/,2,690,0.0029,9.77
https://rodenlaw.com/blog/benefits-of-an-accident-reconstructionist/,2,1740,0.00115,22.09
https://rodenlaw.com/blog/boating-accidents-charleston-harbor-legal-rights/,2,644,0.00311,21.02
https://rodenlaw.com/blog/calculating-pain-and-suffering-after-a-charleston-pedestrian-accident/,2,688,0.00291,25.64
https://rodenlaw.com/blog/category/personal-injury/page/7/,2,107,0.01869,13.18
https://rodenlaw.com/blog/common-driver-distractions/,2,4319,0.00046,26.37
https://rodenlaw.com/blog/fault-vs-no-fault-car-insurance/#fault-vs-no-fault,2,13665,0.00015,5.55
https://rodenlaw.com/blog/fmcsa-violations-truck-accident-claims/,2,3115,0.00064,6.28
https://rodenlaw.com/blog/free-consultation-with-charleston-personal-injury-lawyer/,2,4101,0.00049,24.97
https://rodenlaw.com/blog/help-teen-safer-driver/,2,103,0.01942,44.67
https://rodenlaw.com/blog/johns-island-accidents-no-hospital-emergency-room/,2,316,0.00633,12.08
https://rodenlaw.com/blog/king-calhoun-intersection-car-collisions/,2,430,0.00465,25.73
https://rodenlaw.com/blog/lawsuit-for-work-injury/,2,6623,0.0003,57.84
https://rodenlaw.com/blog/liability-and-causes-for-backing-up-crashes-in-charleston/,2,792,0.00253,14.07
https://rodenlaw.com/blog/litchfield-pawleys-island-golf-cart-accident-lawyer-georgetown-county/,2,122,0.01639,11.97
https://rodenlaw.com/blog/overloaded-semi-trucks-accidents-on-charleston-highways/,2,557,0.00359,20.01
https://rodenlaw.com/blog/overview-georgia-distracted-driving-laws/,2,3124,0.00064,30.91
https://rodenlaw.com/blog/pedestrian-safety-georgia/,2,663,0.00302,16.81
https://rodenlaw.com/blog/proving-negligence-personal-injury/,2,745,0.00268,28.38
https://rodenlaw.com/blog/second-opinion-for-charleston-car-crash-injuries/,2,1555,0.00129,32.89
https://rodenlaw.com/blog/signs-of-concussion-from-car-crash/,2,4374,0.00046,39.73
https://rodenlaw.com/blog/steps-after-truck-accident/,2,895,0.00223,35.11
https://rodenlaw.com/blog/summer-driving-safety-tips/,2,3599,0.00056,15.3
https://rodenlaw.com/blog/surfside-beach-golf-colony-golf-cart-accident-lawyer/,2,202,0.0099,12.18
https://rodenlaw.com/blog/the-importance-of-gathering-evidence-after-a-motorcycle-accident/,2,937,0.00213,14.44
https://rodenlaw.com/blog/trucking-regulations-and-accident-cases/,2,348,0.00575,25.68
https://rodenlaw.com/blog/what-to-do-if-your-workers-compensation-claim-is-denied/,2,2816,0.00071,45.07
https://rodenlaw.com/blog/why-are-highway-road-shoulder-accidents-in-charleston-dangerous/,2,573,0.00349,19.31
https://rodenlaw.com/blog/why-is-workers-compensation-so-important-to-have/,2,589,0.0034,34.99
https://rodenlaw.com/burn-injury-lawyers/columbia-sc/,2,3383,0.00059,11.39
https://rodenlaw.com/burn-injury-lawyers/explosion-gas-line-burn/,2,1019,0.00196,25.16
https://rodenlaw.com/burn-injury-lawyers/vehicle-fire-burn/,2,441,0.00454,13.39
https://rodenlaw.com/case-result/350000-settlement-auto-accident/,2,205,0.00976,8.22
https://rodenlaw.com/case-result/900000-mva-settlement-truck-accidents/,2,167,0.01198,12.58
https://rodenlaw.com/case-results/350000-settlement-auto-accident/,2,21,0.09524,19.05
https://rodenlaw.com/class-action-lawyers/paraquat-lawsuit/,2,810,0.00247,13.9
https://rodenlaw.com/class-action-lawyers/uloric/,2,557,0.00359,12.97
https://rodenlaw.com/compensation-for-chronic-pain-after-a-car-crash-in-charleston/,2,139,0.01439,55.03
https://rodenlaw.com/construction-accident-lawyers/electrocution-construction-site/,2,1104,0.00181,12.96
https://rodenlaw.com/dog-bite-lawyers/child-dog-bite/,2,888,0.00225,26.48
https://rodenlaw.com/dog-bite-lawyers/columbia-sc/,2,5986,0.00033,16.58
https://rodenlaw.com/dog-bite-lawyers/dog-on-dog-attack/,2,273,0.00733,10.26
https://rodenlaw.com/es/practice-areas/burn-injury-lawyers/,2,120,0.01667,25.26
https://rodenlaw.com/es/workers-compensation-lawyers/savannah-ga/,2,202,0.0099,13.73
https://rodenlaw.com/feeling-fatigued-after-charleston-car-accident/,2,239,0.00837,6.95
https://rodenlaw.com/golf-cart-accident-lawyers/golf-cart-dui/,2,2529,0.00079,20.57
https://rodenlaw.com/legal-rights-if-hit-by-driver-in-company-car-charleston/,2,181,0.01105,23.42
https://rodenlaw.com/locations/georgia/darien/alma/,2,678,0.00295,9.81
https://rodenlaw.com/locations/georgia/darien/darien/,2,584,0.00342,9.97
https://rodenlaw.com/locations/georgia/darien/jekyll-island/,2,415,0.00482,14.22
https://rodenlaw.com/locations/georgia/darien/kingsland/,2,1974,0.00101,13.86
https://rodenlaw.com/locations/georgia/darien/sea-island/,2,74,0.02703,8.61
https://rodenlaw.com/locations/south-carolina/charleston/downtown-charleston/ansonborough/,2,57,0.03509,16.51
https://rodenlaw.com/locations/south-carolina/charleston/downtown-charleston/the-crosstown/,2,564,0.00355,15.93
https://rodenlaw.com/locations/south-carolina/charleston/mount-pleasant/rivertowne/,2,275,0.00727,28.21
https://rodenlaw.com/locations/south-carolina/charleston/mount-pleasant/shem-creek/,2,306,0.00654,19.61
https://rodenlaw.com/locations/south-carolina/charleston/mount-pleasant/sullivans-island/,2,524,0.00382,17.67
https://rodenlaw.com/locations/south-carolina/columbia/elgin/,2,1067,0.00187,22.93
https://rodenlaw.com/locations/south-carolina/columbia/west-columbia/,2,1106,0.00181,12.76
https://rodenlaw.com/locations/south-carolina/myrtle-beach/carolina-forest/,2,230,0.0087,10.64
https://rodenlaw.com/locations/south-carolina/myrtle-beach/murrells-inlet/,2,2226,0.0009,15.81
https://rodenlaw.com/locations/south-carolina/myrtle-beach/surfside-beach/,2,644,0.00311,11.68
https://rodenlaw.com/locations/south-carolina/north-charleston/?ref=gmb_nchs,2,1308,0.00153,5.86
https://rodenlaw.com/locations/south-carolina/north-charleston/oak-terrace-preserve/,2,241,0.0083,9.05
https://rodenlaw.com/locations/south-carolina/north-charleston/wescott-plantation/,2,81,0.02469,12.63
https://rodenlaw.com/maritime-injury-lawyers/cruise-ship-injury/,2,1057,0.00189,16
https://rodenlaw.com/maritime-injury-lawyers/myrtle-beach-sc/,2,817,0.00245,39.14
https://rodenlaw.com/medical-malpractice-lawyers/columbia-sc/,2,3488,0.00057,18.22
https://rodenlaw.com/nerve-damage-after-charleston-car-crash/,2,450,0.00444,46.93
https://rodenlaw.com/nursing-home-abuse-lawyers/financial-exploitation-seniors/,2,49,0.04082,15.94
https://rodenlaw.com/nursing-home-abuse-lawyers/savannah-ga/,2,5912,0.00034,14.47
https://rodenlaw.com/practice-areas/albany/personal-injury-lawyers/,2,94157,2e-05,25.24
https://rodenlaw.com/practice-areas/albany/truck-accident-lawyers/,2,13111,0.00015,43.69
https://rodenlaw.com/practice-areas/albany/workers-compensation-lawyer/,2,6756,0.0003,33.39
https://rodenlaw.com/practice-areas/bicycle-accident-lawyers/drunk-driver-bicycle-accident/,2,437,0.00458,12.86
https://rodenlaw.com/practice-areas/brain-injury-lawyers/second-impact-syndrome/,2,1009,0.00198,13.79
https://rodenlaw.com/practice-areas/brunswick/burn-injury-lawyers/,2,993,0.00201,40.98
https://rodenlaw.com/practice-areas/burn-injury-lawyers/chemical-burn-injury/,2,4484,0.00045,19.65
https://rodenlaw.com/practice-areas/charleston/,2,1920,0.00104,17.33
https://rodenlaw.com/practice-areas/charleston/car-accident-lawyers/?utm_campaign=gbp_charleston,2,518,0.00386,21.92
https://rodenlaw.com/practice-areas/charleston/product-liability-lawyers/,2,31079,6e-05,18.75
https://rodenlaw.com/practice-areas/charleston/wrongful-death-lawyers/,2,67710,3e-05,16.51
https://rodenlaw.com/practice-areas/construction-accident-lawyers/,2,8126,0.00025,61.98
https://rodenlaw.com/practice-areas/construction-accident-lawyers/defective-construction-equipment/,2,686,0.00292,13.89
https://rodenlaw.com/practice-areas/electric-scooter-accident-lawyers/scooter-malfunction-defect/,2,1238,0.00162,15.07
https://rodenlaw.com/practice-areas/golf-cart-accident-lawyers/golf-cart-dui/,2,913,0.00219,20.98
https://rodenlaw.com/practice-areas/golf-cart-accident-lawyers/golf-cart-vehicle-collision/,2,465,0.0043,19.29
https://rodenlaw.com/practice-areas/macon/personal-injury-lawyers/,2,41678,5e-05,53.01
https://rodenlaw.com/practice-areas/macon/truck-accident-lawyers/,2,20559,0.0001,31.67
https://rodenlaw.com/practice-areas/maritime-injury-lawyers/,2,14074,0.00014,41.63
https://rodenlaw.com/practice-areas/maritime-injury-lawyers/cruise-ship-injury/,2,835,0.0024,15.4
https://rodenlaw.com/practice-areas/maritime-injury-lawyers/longshore-harbor-worker/,2,643,0.00311,29.21
https://rodenlaw.com/practice-areas/maritime-injury-lawyers/unseaworthiness-claim/,2,550,0.00364,9.46
https://rodenlaw.com/practice-areas/nursing-home-abuse-attorneys/,2,4870,0.00041,48.34
https://rodenlaw.com/practice-areas/nursing-home-abuse-lawyers/bedsore-pressure-ulcer/,2,1920,0.00104,33.75
https://rodenlaw.com/practice-areas/nursing-home-abuse-lawyers/savannah-ga/,2,1641,0.00122,15.93
https://rodenlaw.com/practice-areas/pedestrian-accident-lawyers/,2,40960,5e-05,45.69
https://rodenlaw.com/practice-areas/pedestrian-accident-lawyers/columbia-sc/,2,1607,0.00124,20.48
https://rodenlaw.com/practice-areas/premises-liability-lawyers/elevator-escalator-accident/,2,198,0.0101,13.71
https://rodenlaw.com/practice-areas/product-liability-lawyers/defective-medical-device/,2,1307,0.00153,22.53
https://rodenlaw.com/practice-areas/product-liability-lawyers/food-contamination/,2,326,0.00613,8.66
https://rodenlaw.com/practice-areas/savannah/,2,1025,0.00195,22.26
https://rodenlaw.com/practice-areas/savannah/car-accident-lawyers/bike-accidents/,2,23325,9e-05,15.83
https://rodenlaw.com/practice-areas/savannah/car-accident-lawyers/bus-accidents/,2,3625,0.00055,13.43
https://rodenlaw.com/practice-areas/savannah/car-accident-lawyers/pedestrian-accidents/,2,29429,7e-05,22.45
https://rodenlaw.com/practice-areas/savannah/wrongful-death-lawyers/,2,14119,0.00014,12.44
https://rodenlaw.com/practice-areas/service-areas/,2,425,0.00471,9.23
https://rodenlaw.com/practice-areas/wrongful-death-lawyers/fatal-car-accident/,2,564,0.00355,25.09
https://rodenlaw.com/premises-liability-lawyers/darien-ga/,2,317,0.00631,20.17
https://rodenlaw.com/premises-liability-lawyers/inadequate-security/,2,2511,0.0008,14.62
https://rodenlaw.com/product-liability-lawyers/charleston-sc/,2,6912,0.00029,13.4
https://rodenlaw.com/product-liability-lawyers/defective-medical-device/,2,2025,0.00099,38.63
https://rodenlaw.com/resources/abercorn-street-truck-accidents-savannah/,2,380,0.00526,7.93
https://rodenlaw.com/resources/carolina-crossroads-construction-zone-truck-accidents/,2,546,0.00366,7.7
https://rodenlaw.com/resources/i-77-truck-accidents-columbia-rock-hill/,2,1820,0.0011,8.05
https://rodenlaw.com/resources/north-charleston-truck-accident-guide/,2,533,0.00375,11.5
https://rodenlaw.com/resources/personal-injury-claim-charleston-county-court/,2,298,0.00671,11.87
https://rodenlaw.com/resources/south-carolina-workers-comp-claim-denied/,2,511,0.00391,10.49
https://rodenlaw.com/resources/us-17-truck-accidents-grand-strand/,2,242,0.00826,8.37
https://rodenlaw.com/returning-to-work-too-soon-charleston-crash/,2,306,0.00654,14.59
https://rodenlaw.com/savannah/medical-malpractice-attorneys/psychiatric-negligence/,2,839,0.00238,45.29
https://rodenlaw.com/should-i-worry-if-i-have-stomach-pain-after-a-car-accident-in-charleston/,2,1505,0.00133,28.15
https://rodenlaw.com/slip-and-fall-lawyers/charleston-sc/,2,11194,0.00018,19.62
https://rodenlaw.com/south-carolina-motorcycle-accident-lawyer/,2,4688,0.00043,17.67
https://rodenlaw.com/testimonial/ben-young/,2,126,0.01587,12.79
https://rodenlaw.com/testimonial/nicole-barber/,2,210,0.00952,17.83
https://rodenlaw.com/testimonial/rachel-fraser/,2,65,0.03077,17.34
https://rodenlaw.com/testimonials/lizzie-kirkley/,2,30,0.06667,7.47
https://rodenlaw.com/who-we-are/attorneys/caroline-shaw/,2,32,0.0625,6.81
https://rodenlaw.com/who-we-are/attorneys/christina-butkus/,2,11,0.18182,9.55
https://rodenlaw.com/workers-compensation-lawyers/denied-workers-comp-claim/,2,2101,0.00095,49.79
https://rodenlaw.com/workers-compensation-lawyers/savannah-ga/,2,15806,0.00013,10.39
https://rodenlaw.com/workers-compensation-lawyers/third-party-workplace-injury/,2,627,0.00319,11.87
http://rodenlaw.com/blog/determining-liability-for-crash-at-four-way-stop-sign/,1,336,0.00298,19.26
http://rodenlaw.com/blog/rollover-crashes-and-what-they-do-to-your-body/,1,177,0.00565,12.57
http://rodenlaw.com/class-action-lawyers/defective-medical-devices/stryker-hip-implant-lawsuit/,1,100,0.01,16.74
https://rodenlaw.com/?page_id=1894,1,306,0.00327,2.71
https://rodenlaw.com/a-guide-to-car-accident-claims-at-columbias-toughest-intersections/,1,300,0.00333,13.82
https://rodenlaw.com/albany/medical-malpractice-attorney/,1,5311,0.00019,38.04
https://rodenlaw.com/attorney/ivy/,1,10,0.1,2.9
https://rodenlaw.com/attorney/zach-stohr/,1,7,0.14286,6.14
https://rodenlaw.com/atv-side-by-side-accident-lawyers/atv-road-collision/,1,196,0.0051,13.89
https://rodenlaw.com/atv-side-by-side-accident-lawyers/atv-rollover-accident/,1,614,0.00163,6.82
https://rodenlaw.com/bicycle-accident-lawyers/darien-ga/,1,922,0.00108,31.93
https://rodenlaw.com/blog-5-benefits-of-hiring-a-truck-accident-attorney-in-2023/,1,221,0.00452,31.93
https://rodenlaw.com/blog-am-i-eligible-for-workers-compensation/,1,150,0.00667,16.8
https://rodenlaw.com/blog-can-someone-sue-me-for-a-car-accident/,1,507,0.00197,12.63
https://rodenlaw.com/blog-continuing-post-accident-medical-treatment/,1,525,0.0019,26.26
https://rodenlaw.com/blog-dangerous-tools-garage/,1,206,0.00485,17.57
https://rodenlaw.com/blog-impact-of-surgery-recommendation/,1,305,0.00328,21.24
https://rodenlaw.com/blog-negligence-and-18-wheeler-accidents/,1,79,0.01266,45.71
https://rodenlaw.com/blog/am-i-eligible-for-workers-compensation/,1,1658,0.0006,25.47
https://rodenlaw.com/blog/blog-georgia-statute-of-limitations/,1,2265,0.00044,10.67
https://rodenlaw.com/blog/blog-what-to-do-if-your-workers-compensation-claim-is-denied/,1,1438,0.0007,9.11
https://rodenlaw.com/blog/blog-workers-comp-for-carpal-tunnel-syndrome/,1,1356,0.00074,22.33
https://rodenlaw.com/blog/boeing-north-charleston-workplace-injuries-workers-comp/,1,520,0.00192,15.54
https://rodenlaw.com/blog/can-passengers-be-at-fault-for-a-crash/,1,71,0.01408,16.97
https://rodenlaw.com/blog/category/car-accident/page/6/,1,85,0.01176,12.32
https://rodenlaw.com/blog/category/car-accidents/,1,40,0.025,15.35
https://rodenlaw.com/blog/category/medical-malpractice/,1,238,0.0042,63.09
https://rodenlaw.com/blog/category/motorcycle-accident/,1,119,0.0084,8.29
https://rodenlaw.com/blog/category/north-charleston/,1,41,0.02439,12.07
https://rodenlaw.com/blog/category/personal-injury/,1,186187,1e-05,74.92
https://rodenlaw.com/blog/cayce-12th-street-uninsured-motorist-lawyer/,1,50,0.02,16.62
https://rodenlaw.com/blog/charleston-car-crash-doctor-talk/,1,691,0.00145,37.54
https://rodenlaw.com/blog/charleston-delivery-truck-pedestrian-cyclist-accidents/,1,565,0.00177,23.99
https://rodenlaw.com/blog/charleston-lyft-driver-ran-red-light-and-hit-my-car/,1,4351,0.00023,36.63
https://rodenlaw.com/blog/charleston-reckless-driving-crash/,1,3736,0.00027,44.24
https://rodenlaw.com/blog/charlestons-crash-hotspots-to-avoid-in-2025-2/,1,53,0.01887,9.26
https://rodenlaw.com/blog/columbia-airport-expressway-us-378-truck-accident-springdale-lexington-county/,1,250,0.004,18.88
https://rodenlaw.com/blog/compensatory-damages-vs-punitive-damages/#what-are-compensatory-damages,1,6655,0.00015,5.06
https://rodenlaw.com/blog/daniel-island-accidents-event-traffic-golf-carts/,1,501,0.002,15.36
https://rodenlaw.com/blog/dog-bite-prevention-tips/,1,4962,0.0002,15.9
https://rodenlaw.com/blog/east-bay-street-savannah-pedestrian-accident-lawyer/,1,47,0.02128,39.62
https://rodenlaw.com/blog/eulonia-us-17-ocean-highway-rideshare-uber-accident-lawyer-mcintosh-county/,1,229,0.00437,8.81
https://rodenlaw.com/blog/fault-vs-no-fault-car-insurance/#how-fault-states-work,1,8692,0.00012,5.67
https://rodenlaw.com/blog/garden-city-ga-21-augusta-road-car-accident-lawyer/,1,124,0.00806,18.81
https://rodenlaw.com/blog/golf-cart-accidents-charleston-island-resort-communities/,1,568,0.00176,10.6
https://rodenlaw.com/blog/guide-after-a-car-accident-in-columbia-sc/,1,232,0.00431,14.9
https://rodenlaw.com/blog/hanahan-murray-avenue-highland-park-bicycle-accident-lawyer/,1,139,0.00719,11.83
https://rodenlaw.com/blog/how-do-i-know-if-i-have-a-personal-injury-case/,1,1577,0.00063,32.54
https://rodenlaw.com/blog/how-is-pain-and-suffering-calculated-after-an-accident/,1,955,0.00105,14.01
https://rodenlaw.com/blog/how-to-talk-to-your-doctor-about-your-charleston-car-accident-injuries/,1,20,0.05,27.55
https://rodenlaw.com/blog/international-boulevard-airport-rideshare-uber-lyft-crash-north-charleston/,1,139,0.00719,7.86
https://rodenlaw.com/blog/is-workers-compensation-an-employee-benefit/#what-benefits-are-available,1,371,0.0027,5.74
https://rodenlaw.com/blog/legal-options-after-rideshare-crash-in-charleston/,1,2566,0.00039,61.78
https://rodenlaw.com/blog/mcintosh-county-drunk-driver-accident-lawyer/,1,188,0.00532,10.96
https://rodenlaw.com/blog/mount-pleasant-johnnie-dodds-us-17-uninsured-motorist-lawyer/,1,109,0.00917,10.14
https://rodenlaw.com/blog/mount-pleasant-mark-clark-expressway-i-526-motorcycle-accident-lawyer/,1,82,0.0122,8.56
https://rodenlaw.com/blog/negligence-vs-gross-negligence/#what-is-negligence,1,937,0.00107,5.55
https://rodenlaw.com/blog/nursing-home-abuse-charleston-signs-families/,1,688,0.00145,10.7
https://rodenlaw.com/blog/nursing-home-abuse-warning-signs/,1,1289,0.00078,53.71
https://rodenlaw.com/blog/old-fort-jackson-savannah-fatal-truck-accident-lawyer/,1,147,0.0068,12.08
https://rodenlaw.com/blog/page/2/,1,333,0.003,16.11
https://rodenlaw.com/blog/personal-injury-lawsuit-steps/,1,2726,0.00037,45.97
https://rodenlaw.com/blog/port-truck-accidents-charleston-liability/,1,119,0.0084,10.92
https://rodenlaw.com/blog/protecting-child-burn-injuries-home/,1,675,0.00148,15.27
https://rodenlaw.com/blog/proving-your-pain-after-a-charleston-car-accident/,1,140,0.00714,20.08
https://rodenlaw.com/blog/questions-about-filing-a-lawsuit/,1,208,0.00481,20.35
https://rodenlaw.com/blog/rideshare-accident-i-26-tenmile-north-charleston/,1,382,0.00262,9.48
https://rodenlaw.com/blog/shoulder-injuries-after-charleston-car-crash/,1,347,0.00288,32.35
https://rodenlaw.com/blog/social-media-personal-injury-claim/,1,187,0.00535,35.29
https://rodenlaw.com/blog/south-kings-highway-us-17-business-underinsured-motorist-lawyer/,1,43,0.02326,18.65
https://rodenlaw.com/blog/st-andrews-road-widewater-18-wheeler-accident-lawyer-richland-county/,1,92,0.01087,11.53
https://rodenlaw.com/blog/steps-after-slip-and-fall-injury/,1,601,0.00166,56.26
https://rodenlaw.com/blog/steps-to-secure-fair-compensation-after-a-car-accident/,1,1822,0.00055,15.99
https://rodenlaw.com/blog/steps-to-take-if-you-are-involved-in-a-bicycle-hit-and-run/,1,890,0.00112,15.77
https://rodenlaw.com/blog/summer-road-trip-safety/,1,387,0.00258,35.12
https://rodenlaw.com/blog/understanding-eye-injuries-after-a-savannah-car-accident/,1,1027,0.00097,11.89
https://rodenlaw.com/blog/uturn-crash-liability-in-charleston/#right,1,3476,0.00029,7.03
https://rodenlaw.com/blog/wearing-headphones-while-driving-in-charleston/#wearing,1,3207,0.00031,4.98
https://rodenlaw.com/blog/west-ashley-vs-downtown-charleston-driving-risks/,1,503,0.00199,11.45
https://rodenlaw.com/blog/what-is-the-role-of-a-personal-injury-lawyer-in-a-case/,1,1956,0.00051,38.35
https://rodenlaw.com/blog/what-to-know-about-chest-pain-after-a-savannah-car-crash/,1,495,0.00202,66.47
https://rodenlaw.com/blog/when-is-the-right-time-to-hire-a-personal-injury-lawyer/,1,370,0.0027,8.82
https://rodenlaw.com/blog/when-should-you-hire-an-attorney-after-being-in-an-accident/,1,356,0.00281,43.29
https://rodenlaw.com/blog/who-may-be-liable-for-a-parking-lot-car-accident-in-charleston/,1,429,0.00233,25.03
https://rodenlaw.com/blog/why-should-i-hire-an-accident-lawyer-after-an-accident/,1,1243,0.0008,54.55
https://rodenlaw.com/blog/witness-testimony/,1,457,0.00219,52.41
https://rodenlaw.com/blog/yamacraw-village-pedestrian-accident-lawyer/,1,145,0.0069,14.79
https://rodenlaw.com/blog/your-guide-to-justice-after-a-charleston-truck-accident/,1,242,0.00413,28.23
https://rodenlaw.com/blog/your-guide-to-recovering-lost-wages-after-a-charleston-car-accident/,1,209,0.00478,11.93
https://rodenlaw.com/boating-accident-lawyers/boating-under-influence/,1,432,0.00231,20.2
https://rodenlaw.com/boating-accident-lawyers/columbia-sc/,1,21537,5e-05,27.06
https://rodenlaw.com/brain-injury-lawyers/concussion-mild-tbi/,1,292,0.00342,36.27
https://rodenlaw.com/brain-injury-lawyers/sports-related-brain-injury/,1,366,0.00273,19.27
https://rodenlaw.com/burn-injury-lawyers/charleston-sc/,1,1585,0.00063,13.62
https://rodenlaw.com/burn-injury-lawyers/electrical-burn-injury/,1,512,0.00195,20.73
https://rodenlaw.com/car-accident-lawyers/ashley-phosphate-road-accident/,1,158,0.00633,17.82
https://rodenlaw.com/car-accident-lawyers/bus-accident/,1,710,0.00141,16.31
https://rodenlaw.com/car-accident-lawyers/commercial-vehicle-accident/,1,1410,0.00071,14.75
https://rodenlaw.com/car-accident-lawyers/company-car-accident/,1,4351,0.00023,20.92
https://rodenlaw.com/car-accident-lawyers/rear-end-collision/,1,230,0.00435,18.99
https://rodenlaw.com/car-accident-lawyers/rideshare-uber-accident/,1,1243,0.0008,41.61
https://rodenlaw.com/car-crash-crush-injuries-in-charleston/,1,532,0.00188,24.66
https://rodenlaw.com/case-result/125000-settlement-auto-accident-3/,1,4,0.25,5.75
https://rodenlaw.com/case-result/130000-settlement-auto-accident/,1,83,0.01205,17.29
https://rodenlaw.com/case-result/162500-settlement-truck-accidents/,1,73,0.0137,9.21
https://rodenlaw.com/case-result/200000-settlement-auto-accident-3/,1,36,0.02778,8.56
https://rodenlaw.com/case-result/200000-settlement-auto-accident-4/,1,5,0.2,38.4
https://rodenlaw.com/case-result/250000-settlement-premises-liability/,1,23,0.04348,23.48
https://rodenlaw.com/case-result/2500000-settlement-auto-accident/,1,225,0.00444,8.93
https://rodenlaw.com/case-result/325000-resolution-auto-accident/,1,2,0.5,9
https://rodenlaw.com/case-result/3350000-verdict-premises-liability/,1,48,0.02083,6.23
https://rodenlaw.com/case-result/405000-settlement-auto-accident/,1,19,0.05263,15.95
https://rodenlaw.com/case-result/600000-settlement-auto-accident/,1,42,0.02381,12.69
https://rodenlaw.com/category/legal-guidance/,1,92,0.01087,8.17
https://rodenlaw.com/category/truck-accident/,1,115,0.0087,38.89
https://rodenlaw.com/charleston-historic-sidewalk-slip-fall-city-liable/,1,36,0.02778,4.22
https://rodenlaw.com/charleston-medical-malpractice-hospital-claim-south-carolina/,1,26,0.03846,9.15
https://rodenlaw.com/charleston-parking-lot-car-accident-liability/,1,360,0.00278,30.62
https://rodenlaw.com/class-action-lawyers/dangerous-drugs/onglyza-lawsuit/,1,9241,0.00011,27.78
https://rodenlaw.com/class-action-lawyers/defective-products/talcum-powder-lawsuit/,1,4410,0.00023,66.03
https://rodenlaw.com/class-action-lawyers/ivc-filter/,1,809,0.00124,30.63
https://rodenlaw.com/construction-accident-lawyers/highway-construction-zone/,1,854,0.00117,22.61
https://rodenlaw.com/construction-accident-lawyers/scaffold-ladder-fall/,1,1819,0.00055,23.7
https://rodenlaw.com/construction-accident-lawyers/trench-collapse/,1,545,0.00183,16.63
https://rodenlaw.com/dog-bite-laws-south-carolina-charleston/,1,104,0.00962,22.27
https://rodenlaw.com/dog-bite-lawyers/charleston-sc/,1,19669,5e-05,17.51
https://rodenlaw.com/dog-bite-lawyers/dangerous-breed-attack/,1,520,0.00192,22.93
https://rodenlaw.com/dog-bite-lawyers/dog-attack-jogger-cyclist/,1,381,0.00262,7.35
https://rodenlaw.com/dog-bite-lawyers/myrtle-beach-sc/,1,5314,0.00019,12.59
https://rodenlaw.com/dog-bite-lawyers/postal-delivery-worker-bite/,1,287,0.00348,12.56
https://rodenlaw.com/dog-bite-lawyers/savannah-ga/,1,8110,0.00012,14.83
https://rodenlaw.com/dog-bite-lawyers/severe-dog-bite-injury/,1,291,0.00344,20.77
https://rodenlaw.com/electric-scooter-accident-lawyers/escooter-intersection-crash/,1,564,0.00177,28.27
https://rodenlaw.com/electric-scooter-accident-lawyers/myrtle-beach-sc/,1,810,0.00123,22.35
https://rodenlaw.com/electric-scooter-accident-lawyers/ride-share-scooter-accident/,1,160,0.00625,19.61
https://rodenlaw.com/electric-scooter-accident-lawyers/savannah-ga/,1,450,0.00222,23.16
https://rodenlaw.com/es/areas-de-practica/abogado-de-accidente-de-auto/,1,25661,4e-05,52.63
https://rodenlaw.com/es/blog/can-you-sue-hipaa-violation/,1,22,0.04545,7.68
https://rodenlaw.com/es/car-accident-lawyers/north-charleston-sc/,1,6205,0.00016,20.35
https://rodenlaw.com/es/contact/,1,42,0.02381,11.95
https://rodenlaw.com/es/locations/georgia/savannah/,1,701,0.00143,11.18
https://rodenlaw.com/es/resources/south-carolina-workers-comp-body-part-values/,1,91,0.01099,6.03
https://rodenlaw.com/es/south-carolina-truck-accident-lawyers/,1,1066,0.00094,29.83
https://rodenlaw.com/es/workers-compensation-lawyers/charleston-sc/,1,282,0.00355,21.07
https://rodenlaw.com/es/workers-compensation-lawyers/columbia-sc/,1,120,0.00833,37.3
https://rodenlaw.com/florence-sc-workers-compensation-lawyer/,1,1033,0.00097,13.47
https://rodenlaw.com/golf-cart-accident-lawyers/myrtle-beach-sc/,1,823,0.00122,12.64
https://rodenlaw.com/how-long-personal-injury-case-charleston-sc/,1,12,0.08333,8.33
https://rodenlaw.com/how-poor-truck-maintenance-causes-charleston-accidents/,1,82,0.0122,16.11
https://rodenlaw.com/impaired-driving-caused-by-prescription-medications/,1,2385,0.00042,3.24
https://rodenlaw.com/locations/georgia/darien/?utm_source=google&utm_medium=organic&utm_campaign=gbp-darien,1,11,0.09091,14.09
https://rodenlaw.com/locations/georgia/darien/blackshear/,1,503,0.00199,10.61
https://rodenlaw.com/locations/georgia/darien/harrietts-bluff/,1,242,0.00413,15.64
https://rodenlaw.com/locations/georgia/darien/hoboken/,1,949,0.00105,9.37
https://rodenlaw.com/locations/georgia/darien/jesup/,1,763,0.00131,10.33
https://rodenlaw.com/locations/georgia/darien/kings-bay/,1,735,0.00136,8.19
https://rodenlaw.com/locations/georgia/savannah/bryan-county/,1,352,0.00284,11.92
https://rodenlaw.com/locations/georgia/savannah/effingham-county/springfield/,1,209,0.00478,16.54
https://rodenlaw.com/locations/georgia/savannah/hinesville/,1,329,0.00304,11.5
https://rodenlaw.com/locations/georgia/savannah/midtown-savannah/ardsley-park-chatham-crescent/,1,69,0.01449,20.45
https://rodenlaw.com/locations/georgia/savannah/pooler/,1,230,0.00435,13.98
https://rodenlaw.com/locations/georgia/savannah/pooler/west-pooler/,1,127,0.00787,16.57
https://rodenlaw.com/locations/georgia/savannah/port-wentworth/,1,615,0.00163,10.15
https://rodenlaw.com/locations/georgia/savannah/port-wentworth/town-center/,1,244,0.0041,9.56
https://rodenlaw.com/locations/georgia/savannah/skidaway-island/,1,1342,0.00075,13.38
https://rodenlaw.com/locations/georgia/savannah/statesboro/,1,579,0.00173,11.13
https://rodenlaw.com/locations/georgia/savannah/whitemarsh-island/,1,122,0.0082,10.39
https://rodenlaw.com/locations/georgia/savannah/wilmington-island/town-center/,1,484,0.00207,12.85
https://rodenlaw.com/locations/south-carolina/charleston/downtown-charleston/cannonborough-elliotborough/,1,140,0.00714,31.29
https://rodenlaw.com/locations/south-carolina/charleston/downtown-charleston/south-of-broad/,1,755,0.00132,14.58
https://rodenlaw.com/locations/south-carolina/charleston/isle-of-palms/,1,398,0.00251,11.4
https://rodenlaw.com/locations/south-carolina/charleston/james-island/,1,971,0.00103,13.6
https://rodenlaw.com/locations/south-carolina/charleston/mcclellanville/,1,23,0.04348,14
https://rodenlaw.com/locations/south-carolina/charleston/mount-pleasant/belle-hall/,1,97,0.01031,41.69
https://rodenlaw.com/locations/south-carolina/charleston/mount-pleasant/old-village/,1,85,0.01176,14.87
https://rodenlaw.com/locations/south-carolina/charleston/west-ashley/avondale/,1,110,0.00909,27.62
https://rodenlaw.com/locations/south-carolina/charleston/west-ashley/byrnes-downs/,1,583,0.00172,17.73
https://rodenlaw.com/locations/south-carolina/charleston/west-ashley/citadel-mall-area/,1,570,0.00175,13.52
https://rodenlaw.com/locations/south-carolina/columbia/batesburg-leesville/,1,667,0.0015,24.4
https://rodenlaw.com/locations/south-carolina/columbia/cayce/,1,535,0.00187,9.29
https://rodenlaw.com/locations/south-carolina/columbia/chapin/,1,218,0.00459,12.02
https://rodenlaw.com/locations/south-carolina/columbia/columbia/,1,1328,0.00075,12.68
https://rodenlaw.com/locations/south-carolina/columbia/hopkins/,1,945,0.00106,7.92
https://rodenlaw.com/locations/south-carolina/columbia/lugoff/,1,689,0.00145,10.07
https://rodenlaw.com/locations/south-carolina/columbia/northeast-columbia/,1,193,0.00518,13.69
https://rodenlaw.com/locations/south-carolina/columbia/pelion/,1,240,0.00417,11.57
https://rodenlaw.com/locations/south-carolina/columbia/red-bank/,1,339,0.00295,9.21
https://rodenlaw.com/locations/south-carolina/french-quarter/,1,455,0.0022,31.25
https://rodenlaw.com/locations/south-carolina/murrells-inlet/,1,60,0.01667,16.5
https://rodenlaw.com/locations/south-carolina/myrtle-beach/,1,32709,3e-05,41.33
https://rodenlaw.com/locations/south-carolina/myrtle-beach/?utm_source=google&utm_medium=organic&utm_campaign=gbp-myrtle-beach,1,656,0.00152,1.59
https://rodenlaw.com/locations/south-carolina/myrtle-beach/andrews/,1,333,0.003,19.36
https://rodenlaw.com/locations/south-carolina/myrtle-beach/conway/,1,1260,0.00079,11.94
https://rodenlaw.com/locations/south-carolina/myrtle-beach/georgetown/,1,780,0.00128,14.37
https://rodenlaw.com/locations/south-carolina/myrtle-beach/little-river/,1,1897,0.00053,8.02
https://rodenlaw.com/locations/south-carolina/myrtle-beach/myrtle-beach/golden-mile/,1,232,0.00431,31.03
https://rodenlaw.com/locations/south-carolina/myrtle-beach/north-myrtle-beach/,1,749,0.00134,16.8
https://rodenlaw.com/locations/south-carolina/north-charleston/charleston-heights/,1,78,0.01282,15.23
https://rodenlaw.com/locations/south-carolina/north-charleston/goose-creek/carnes-crossroads/,1,81,0.01235,13.51
https://rodenlaw.com/locations/south-carolina/north-charleston/goose-creek/devon-forest/,1,257,0.00389,18.71
https://rodenlaw.com/locations/south-carolina/north-charleston/ladson/,1,458,0.00218,13.55
https://rodenlaw.com/locations/south-carolina/north-charleston/park-circle/,1,501,0.002,17.62
https://rodenlaw.com/locations/south-carolina/north-charleston/summerville/sangaree/,1,97,0.01031,22.54
https://rodenlaw.com/maritime-injury-lawyers/darien-ga/,1,446,0.00224,28.54
https://rodenlaw.com/maritime-injury-lawyers/savannah-ga/,1,3295,0.0003,23.99
https://rodenlaw.com/medical-malpractice-lawyers/darien-ga/,1,1581,0.00063,13.8
https://rodenlaw.com/medical-malpractice-lawyers/emergency-room-negligence/,1,1109,0.0009,25.65
https://rodenlaw.com/medical-malpractice-lawyers/informed-consent-failure/,1,497,0.00201,18.72
https://rodenlaw.com/medical-malpractice-lawyers/surgical-error/,1,594,0.00168,62.7
https://rodenlaw.com/motorcycle-accident-lawyers/columbia-sc/,1,9149,0.00011,25.04
https://rodenlaw.com/motorcycle-accident-lawyers/hit-and-run-motorcycle-accident/,1,246,0.00407,14.54
https://rodenlaw.com/motorcycle-accident-lawyers/lane-splitting-accident/,1,736,0.00136,12.76
https://rodenlaw.com/myrtle-beach-dangerous-roads-intersections/,1,267,0.00375,8.36
https://rodenlaw.com/nursing-home-abuse-lawyers/charleston-sc/,1,1574,0.00064,16.9
https://rodenlaw.com/nursing-home-abuse-lawyers/columbia-sc/,1,2251,0.00044,14.29
https://rodenlaw.com/nursing-home-abuse-lawyers/medication-error-nursing-home/,1,1058,0.00095,17.96
https://rodenlaw.com/nursing-home-abuse-lawyers/myrtle-beach-sc/,1,2597,0.00039,17.12
https://rodenlaw.com/nursing-home-abuse-lawyers/nursing-home-neglect/,1,3085,0.00032,25.56
https://rodenlaw.com/overloaded-semi-trucks-accidents-on-charleston-highways/,1,397,0.00252,23.52
https://rodenlaw.com/pedestrian-accident-lawyers/columbia-sc/,1,7449,0.00013,38.11
https://rodenlaw.com/pedestrian-accident-lawyers/savannah-ga/,1,2398,0.00042,22.27
https://rodenlaw.com/pedestrian-accident-lawyers/school-zone-pedestrian-accident/,1,320,0.00313,12.01
https://rodenlaw.com/personal-injury-lawyers/north-charleston-sc/,1,471,0.00212,14.27
https://rodenlaw.com/practice-area/burn-injury-lawyer/,1,2162,0.00046,37.96
https://rodenlaw.com/practice-area/product-liability-lawyers/,1,251,0.00398,54.65
https://rodenlaw.com/practice-area/spinal-cord-injury-lawyer/,1,3884,0.00026,61.17
https://rodenlaw.com/practice-areas/albany/brain-injury-lawyers/,1,4603,0.00022,53.47
https://rodenlaw.com/practice-areas/albany/car-accident-lawyers/,1,993,0.00101,48.55
https://rodenlaw.com/practice-areas/albany/construction-accident-lawyers/,1,6563,0.00015,46.67
https://rodenlaw.com/practice-areas/albany/dog-bite-lawyers/,1,3518,0.00028,14.57
https://rodenlaw.com/practice-areas/albany/medical-malpractice-attorney/,1,4940,0.0002,42.15
https://rodenlaw.com/practice-areas/albany/nursing-home-abuse-lawyers/,1,2078,0.00048,22.51
https://rodenlaw.com/practice-areas/atv-side-by-side-accident-lawyers/atv-rental-tour-accident/,1,288,0.00347,7.69
https://rodenlaw.com/practice-areas/atv-side-by-side-accident-lawyers/atv-rollover-accident/,1,314,0.00318,9.04
https://rodenlaw.com/practice-areas/atv-side-by-side-accident-lawyers/charleston-sc/,1,206,0.00485,16.77
https://rodenlaw.com/practice-areas/atv-side-by-side-accident-lawyers/columbia-sc/,1,3325,0.0003,29.41
https://rodenlaw.com/practice-areas/bicycle-accident-lawyers/bicycle-vs-truck-accident/,1,137,0.0073,6.64
https://rodenlaw.com/practice-areas/bicycle-accident-lawyers/intersection-bicycle-accident/,1,924,0.00108,10.25
https://rodenlaw.com/practice-areas/bicycle-accident-lawyers/right-hook-left-cross-collision/,1,1986,0.0005,5.42
https://rodenlaw.com/practice-areas/boating-accident-lawyers/,1,82984,1e-05,55.93
https://rodenlaw.com/practice-areas/brain-injury-lawyers/closed-head-injury/,1,284,0.00352,27.62
https://rodenlaw.com/practice-areas/brunswick/boating-accident-lawyers/,1,1231,0.00081,50.29
https://rodenlaw.com/practice-areas/brunswick/car-accident-lawyer/,1,34346,3e-05,23.14
https://rodenlaw.com/practice-areas/brunswick/motorcycle-accident-lawyers/,1,18498,5e-05,46.64
https://rodenlaw.com/practice-areas/brunswick/wrongful-death-lawyers/,1,2245,0.00045,25.16
https://rodenlaw.com/practice-areas/burn-injury-lawyers/electrical-burn-injury/,1,1473,0.00068,23.6
https://rodenlaw.com/practice-areas/burn-injury-lawyers/vehicle-fire-burn/,1,613,0.00163,12.39
https://rodenlaw.com/practice-areas/car-accident-lawyers/,1,3261,0.00031,53.51
https://rodenlaw.com/practice-areas/car-accident-lawyers/commercial-vehicle-accident/,1,202,0.00495,27.75
https://rodenlaw.com/practice-areas/car-accident-lawyers/darien-ga/,1,1349,0.00074,50.66
https://rodenlaw.com/practice-areas/car-accident-lawyers/rear-end-collision/,1,87,0.01149,32.36
https://rodenlaw.com/practice-areas/charleston/boating-accident-lawyers/,1,85204,1e-05,53.2
https://rodenlaw.com/practice-areas/charleston/rear-end-collision-lawyers/,1,200,0.005,7.46
https://rodenlaw.com/practice-areas/charleston/slip-and-fall-lawyer/,1,40222,2e-05,20.75
https://rodenlaw.com/practice-areas/construction-accident-lawyers/columbia-sc/,1,6017,0.00017,10.83
https://rodenlaw.com/practice-areas/construction-accident-lawyers/highway-road-construction-accident/,1,397,0.00252,13.62
https://rodenlaw.com/practice-areas/coronavirus-business-claims/,1,12901,8e-05,54.27
https://rodenlaw.com/practice-areas/dog-bite-lawyers/child-dog-bite/,1,1417,0.00071,25.56
https://rodenlaw.com/practice-areas/dog-bite-lawyers/dangerous-breed-attack/,1,249,0.00402,12.48
https://rodenlaw.com/practice-areas/e-bike-accident-lawyers/,1,2744,0.00036,26.53
https://rodenlaw.com/practice-areas/electric-scooter-accident-lawyers/escooter-intersection-crash/,1,391,0.00256,15.42
https://rodenlaw.com/practice-areas/electric-scooter-accident-lawyers/escooter-vehicle-collision/,1,1735,0.00058,28.98
https://rodenlaw.com/practice-areas/electric-scooter-accident-lawyers/myrtle-beach-sc/,1,501,0.002,33.63
https://rodenlaw.com/practice-areas/golf-cart-accident-lawyers/golf-cart-passenger-ejection/,1,537,0.00186,19.11
https://rodenlaw.com/practice-areas/golf-cart-accident-lawyers/golf-cart-pedestrian-accident/,1,55,0.01818,20.56
https://rodenlaw.com/practice-areas/macon/construction-accident-lawyers/,1,3664,0.00027,15.8
https://rodenlaw.com/practice-areas/macon/dog-bite-lawyers/,1,7617,0.00013,17.14
https://rodenlaw.com/practice-areas/macon/spinal-cord-injury-lawyers/,1,8750,0.00011,13.63
https://rodenlaw.com/practice-areas/maritime-injury-lawyers/charleston-sc/,1,531,0.00188,40.11
https://rodenlaw.com/practice-areas/maritime-injury-lawyers/darien-ga/,1,35,0.02857,24.14
https://rodenlaw.com/practice-areas/maritime-injury-lawyers/offshore-platform-injury/,1,1172,0.00085,11.53
https://rodenlaw.com/practice-areas/maritime-injury-lawyers/tugboat-barge-accident/,1,1554,0.00064,17.64
https://rodenlaw.com/practice-areas/medical-malpractice-lawyers/anesthesia-error/,1,3385,0.0003,28.71
https://rodenlaw.com/practice-areas/medical-malpractice-lawyers/darien-ga/,1,1557,0.00064,8.39
https://rodenlaw.com/practice-areas/medical-malpractice-lawyers/emergency-room-negligence/,1,516,0.00194,33.0
https://rodenlaw.com/practice-areas/medical-malpractice-lawyers/hospital-acquired-infection/,1,558,0.00179,56.13
https://rodenlaw.com/practice-areas/medical-malpractice-lawyers/informed-consent-failure/,1,770,0.0013,9.65
https://rodenlaw.com/practice-areas/medical-malpractice-lawyers/medication-error/,1,661,0.00151,18.34
https://rodenlaw.com/practice-areas/motorcycle-accident-lawyers/savannah-ga/,1,8885,0.00011,9.81
https://rodenlaw.com/practice-areas/motorcycle-accident-lawyers/single-vehicle-motorcycle-crash/,1,170,0.00588,11.5
https://rodenlaw.com/practice-areas/nursing-home-abuse-lawyers/assisted-living-abuse/,1,174,0.00575,14.75
https://rodenlaw.com/practice-areas/nursing-home-abuse-lawyers/medication-error-nursing-home/,1,478,0.00209,15.67
https://rodenlaw.com/practice-areas/nursing-home-abuse-lawyers/physical-abuse-nursing-home/,1,395,0.00253,19.26
https://rodenlaw.com/practice-areas/nursing-home-abuse-lawyers/sexual-abuse-elderly/,1,774,0.00129,17.93
https://rodenlaw.com/practice-areas/nursing-home-abuse-lawyers/wrongful-death-nursing-home/,1,1022,0.00098,32.89
https://rodenlaw.com/practice-areas/pedestrian-accident-lawyers/backing-up-parking-lot-accident/,1,85,0.01176,7.96
https://rodenlaw.com/practice-areas/pedestrian-accident-lawyers/school-zone-pedestrian-accident/,1,381,0.00262,9.7
https://rodenlaw.com/practice-areas/premises-liability-lawyers/amusement-park-recreational-injury/,1,671,0.00149,13.85
https://rodenlaw.com/practice-areas/premises-liability-lawyers/charleston-sc/,1,3743,0.00027,16.82
https://rodenlaw.com/practice-areas/premises-liability-lawyers/columbia-sc/,1,7566,0.00013,12.77
https://rodenlaw.com/practice-areas/premises-liability-lawyers/parking-lot-garage-accident/,1,240,0.00417,22.99
https://rodenlaw.com/practice-areas/premises-liability-lawyers/swimming-pool-accident/,1,247,0.00405,40.99
https://rodenlaw.com/practice-areas/product-liability-lawyers/columbia-sc/,1,2642,0.00038,16.16
https://rodenlaw.com/practice-areas/product-liability-lawyers/defective-consumer-product/,1,480,0.00208,11.0
https://rodenlaw.com/practice-areas/product-liability-lawyers/defective-home-appliance/,1,245,0.00408,7.9
https://rodenlaw.com/practice-areas/savannah/boating-accident-lawyers/,1,6108,0.00016,35.79
https://rodenlaw.com/practice-areas/savannah/burn-injury-lawyers/,1,14164,7e-05,37.46
https://rodenlaw.com/practice-areas/savannah/product-liability-lawyers/faq/,1,1146,0.00087,18.77
https://rodenlaw.com/practice-areas/slip-and-fall-attorneys/,1,4259,0.00023,28.51
https://rodenlaw.com/practice-areas/slip-and-fall-lawyers/,1,542,0.00185,35.76
https://rodenlaw.com/practice-areas/slip-and-fall-lawyers/columbia-sc/,1,2636,0.00038,13.9
https://rodenlaw.com/practice-areas/slip-and-fall-lawyers/grocery-store-slip-and-fall/,1,624,0.0016,15.4
https://rodenlaw.com/practice-areas/slip-and-fall-lawyers/hotel-resort-injury/,1,354,0.00282,14.46
https://rodenlaw.com/practice-areas/slip-and-fall-lawyers/north-charleston-sc/,1,770,0.0013,37.33
https://rodenlaw.com/practice-areas/slip-and-fall-lawyers/restaurant-slip-and-fall/,1,350,0.00286,10.84
https://rodenlaw.com/practice-areas/slip-and-fall-lawyers/retail-shopping-center-fall/,1,21,0.04762,9
https://rodenlaw.com/practice-areas/slip-and-fall-lawyers/stairway-escalator-fall/,1,346,0.00289,16.14
https://rodenlaw.com/practice-areas/spinal-cord-injury-lawyers/,1,9678,0.0001,56.22
https://rodenlaw.com/practice-areas/spinal-cord-injury-lawyers/spinal-fracture/,1,241,0.00415,11.14
https://rodenlaw.com/practice-areas/truck-accident-lawyers/savannah-ga/,1,3193,0.00031,6.43
https://rodenlaw.com/practice-areas/workers-compensation-lawyers/boeing-aerospace-injury/,1,218,0.00459,21.1
https://rodenlaw.com/practice-areas/wrongful-death-lawyers/nursing-home-wrongful-death/,1,771,0.0013,28.33
https://rodenlaw.com/practice-areas/wrongful-death-lawyers/workplace-fatality/,1,525,0.0019,35.73
https://rodenlaw.com/premises-liability-lawyers/myrtle-beach-sc/,1,2895,0.00035,12.76
https://rodenlaw.com/premises-liability-lawyers/parking-lot-garage-accident/,1,1242,0.00081,20.65
https://rodenlaw.com/premises-liability-lawyers/retail-store-shopping-center-injury/,1,708,0.00141,31.23
https://rodenlaw.com/premises-liability-lawyers/swimming-pool-accident/,1,3942,0.00025,22.64
https://rodenlaw.com/protecting-your-rights-after-a-myrtle-beach-car-accident/,1,1371,0.00073,40.99
https://rodenlaw.com/resources/,1,97,0.01031,24.11
https://rodenlaw.com/resources/ashley-phosphate-i-26-truck-accidents/,1,313,0.00319,8.8
https://rodenlaw.com/resources/georgia-car-seat-laws/,1,300,0.00333,8.45
https://rodenlaw.com/resources/georgia-vs-south-carolina-comparative-negligence/,1,1544,0.00065,6.77
https://rodenlaw.com/resources/i-16-truck-accidents-savannah/,1,268,0.00373,10.06
https://rodenlaw.com/resources/i-26-i-95-corridor-report/,1,124,0.00806,7.14
https://rodenlaw.com/resources/i-516-truck-accidents-port-savannah/,1,133,0.00752,11.53
https://rodenlaw.com/resources/i-526-truck-accidents-charleston/,1,262,0.00382,9.87
https://rodenlaw.com/resources/jimmy-deloach-connector-truck-accidents-savannah/,1,420,0.00238,9.07
https://rodenlaw.com/resources/rivers-avenue-truck-accidents-north-charleston/,1,155,0.00645,11.79
https://rodenlaw.com/resources/south-carolina-comparative-negligence/,1,462,0.00216,6.15
https://rodenlaw.com/resources/south-carolina-moped-laws/,1,1074,0.00093,7.9
https://rodenlaw.com/resources/south-carolina-motorcycle-accident-settlement-value/,1,146,0.00685,23.9
https://rodenlaw.com/resources/summerville-truck-accidents-i-26-corridor/,1,348,0.00287,8.99
https://rodenlaw.com/rollover-crashes-and-what-they-do-to-your-body/,1,837,0.00119,27.7
https://rodenlaw.com/slip-and-fall-lawyers/columbia-sc/,1,4249,0.00024,22.63
https://rodenlaw.com/slip-and-fall-lawyers/grocery-store-slip-and-fall/,1,380,0.00263,28.78
https://rodenlaw.com/slip-and-fall-lawyers/restaurant-slip-and-fall/,1,506,0.00198,16.34
https://rodenlaw.com/slip-and-fall-lawyers/retail-store-trip-and-fall/,1,126,0.00794,17.47
https://rodenlaw.com/slip-and-fall-lawyers/savannah-ga/,1,18156,6e-05,17.24
https://rodenlaw.com/slip-and-fall-lawyers/stairway-escalator-fall/,1,125,0.008,25.36
https://rodenlaw.com/spinal-cord-injury-lawyers/myrtle-beach-sc/,1,400,0.0025,11.59
https://rodenlaw.com/spinal-cord-injury-lawyers/paraplegia/,1,618,0.00162,32.7
https://rodenlaw.com/spinal-cord-injury-lawyers/spinal-cord-injury-car-accident/,1,443,0.00226,17.8
https://rodenlaw.com/staff/amsi-raudales/,1,75,0.01333,31.73
https://rodenlaw.com/testimonial/ashley-b/,1,286,0.0035,10.53
https://rodenlaw.com/testimonial/kmarieee-_/,1,343,0.00292,8.65
https://rodenlaw.com/testimonial/lizzie-kirkley/,1,69,0.01449,11.64
https://rodenlaw.com/testimonial/megan-l/,1,286,0.0035,10.24
https://rodenlaw.com/testimonial/s-miller/,1,249,0.00402,10.47
https://rodenlaw.com/testimonials,1,75,0.01333,24.73
https://rodenlaw.com/testimonials/britany-roberson/,1,42,0.02381,15.05
https://rodenlaw.com/testimonials/dante-williams-dante/,1,95,0.01053,14.34
https://rodenlaw.com/truck-accident-lawyers/columbia-sc/,1,7481,0.00013,22.01
https://rodenlaw.com/truck-accident-lawyers/jackknife-accident/,1,1229,0.00081,25.93
https://rodenlaw.com/truck-accident-lawyers/overloaded-improperly-loaded-cargo/,1,1495,0.00067,22.86
https://rodenlaw.com/truck-accident-lawyers/port-freight-truck-accident/,1,21,0.04762,21.86
https://rodenlaw.com/truck-accident-lawyers/savannah-ga/,1,12872,8e-05,15.06
https://rodenlaw.com/uturn-crash-liability-in-charleston/,1,551,0.00181,33.87
https://rodenlaw.com/what-to-do-after-a-truck-accident-on-i-526-in-charleston-2/,1,194,0.00515,12.46
https://rodenlaw.com/who-we-are/attorneys/haley-yokeley/,1,17,0.05882,7.94
https://rodenlaw.com/why-are-highway-road-shoulder-accidents-in-charleston-dangerous/,1,298,0.00336,26.96
https://rodenlaw.com/workers-compensation-lawyers/darien-ga/,1,133,0.00752,13.44
https://rodenlaw.com/workers-compensation-lawyers/occupational-disease/,1,709,0.00141,38.7
https://rodenlaw.com/workers-compensation-lawyers/savannah-port-worker-injury/,1,63,0.01587,35.76
https://rodenlaw.com/wp-content/uploads/2024/03/RL-large-graphic-fnl.jpg,1,77,0.01299,12.57
https://rodenlaw.com/wrongful-death-lawyers/columbia-sc/,1,4323,0.00023,17.43
https://rodenlaw.com/wrongful-death-lawyers/darien-ga/,1,450,0.00222,20.0
https://rodenlaw.com/wrongful-death-lawyers/drowning-swimming-pool-death/,1,672,0.00149,23.27
https://rodenlaw.com/wrongful-death-lawyers/myrtle-beach-sc/,1,2249,0.00044,21.44
https://rodenlaw.com/wrongful-death-lawyers/pedestrian-cyclist-fatality/,1,94,0.01064,15.22
http://rodenlaw.com/blog/blind-spot-accidents/,0,275,0,19.67
http://rodenlaw.com/blog/highway-road-shoulder-accidents-in-charleston/,0,81,0,28.91
http://rodenlaw.com/blog/liability-for-brake-checking-crashes-charleston/,0,113,0,28.17
http://rodenlaw.com/blog/liability-for-brake-checking-crashes-charleston/#drivers,0,10,0,8.6
http://rodenlaw.com/blog/liability-for-brake-checking-crashes-charleston/#evidence,0,11,0,8.82
http://rodenlaw.com/blog/liability-for-brake-checking-crashes-charleston/#percent,0,11,0,8.82
http://rodenlaw.com/blog/wearing-headphones-while-driving-in-charleston/,0,99,0,19.71
http://rodenlaw.com/blog/wearing-headphones-while-driving-in-charleston/#difference,0,3,0,4
http://rodenlaw.com/blog/wearing-headphones-while-driving-in-charleston/#headphones,0,3,0,4
http://rodenlaw.com/blog/wearing-headphones-while-driving-in-charleston/#penalties,0,3,0,4
http://rodenlaw.com/blog/wearing-headphones-while-driving-in-charleston/#wearing,0,3,0,4
http://rodenlaw.com/class-action-lawyers/,0,9,0,6.89
http://rodenlaw.com/class-action/ozempic-lawsuits/,0,5608,0,54.99
http://rodenlaw.com/contact-us/,0,116,0,6.15
http://rodenlaw.com/es/,0,491,0,43.45
http://rodenlaw.com/practice-areas/,0,1,0,5
http://rodenlaw.com/practice-areas/brunswick/personal-injury-lawyer/,0,1717,0,29.99
http://rodenlaw.com/practice-areas/savannah/truck-accident-lawyers/,0,2959,0,22.97
http://rodenlaw.com/who-we-are/,0,40,0,5.67
https://rodenlaw.com/#pll_switcher,0,435,0,4.24
https://rodenlaw.com/a-charleston-residents-guide-to-tourist-car-accidents-3/,0,3,0,6
https://rodenlaw.com/a-charleston-residents-guide-to-tourist-car-accidents/,0,21,0,14.05
https://rodenlaw.com/a-cyclists-guide-after-a-ravenel-bridge-accident/,0,2,0,8
https://rodenlaw.com/a-pedestrians-guide-to-claiming-lost-wages-in-charleston/,0,66,0,17.88
https://rodenlaw.com/a-practical-guide-after-a-truck-accident-in-downtown-columbia/,0,61,0,29.41
https://rodenlaw.com/albany/burn-injury-lawyer/,0,62,0,54.15
https://rodenlaw.com/albany/dog-bite-lawyers/,0,2,0,2
https://rodenlaw.com/albany/spinal-cord-injury-lawyers/,0,795,0,88.0
https://rodenlaw.com/atv-side-by-side-accident-lawyers/charleston-sc/,0,273,0,29.59
https://rodenlaw.com/atv-side-by-side-accident-lawyers/columbia-sc/,0,560,0,49.98
https://rodenlaw.com/atv-side-by-side-accident-lawyers/darien-ga/,0,95,0,23.13
https://rodenlaw.com/atv-side-by-side-accident-lawyers/savannah-ga/,0,655,0,18.31
https://rodenlaw.com/author/ericroden/,0,134,0,6.95
https://rodenlaw.com/bicycle-accident-lawyers/bicycle-vs-truck-accident/,0,273,0,10.09
https://rodenlaw.com/bicycle-accident-lawyers/charleston-sc/,0,1467,0,14.85
https://rodenlaw.com/bicycle-accident-lawyers/columbia-sc/,0,1881,0,14.35
https://rodenlaw.com/bicycle-accident-lawyers/distracted-driver-bicycle-accident/,0,101,0,15.54
https://rodenlaw.com/bicycle-accident-lawyers/drunk-driver-bicycle-accident/,0,239,0,7.99
https://rodenlaw.com/bicycle-accident-lawyers/intersection-bicycle-accident/,0,269,0,12.41
https://rodenlaw.com/bicycle-accident-lawyers/myrtle-beach-sc/,0,7008,0,11.01
https://rodenlaw.com/bicycle-accident-lawyers/north-charleston-sc/,0,788,0,55.59
https://rodenlaw.com/bicycle-accident-lawyers/right-hook-left-cross-collision/,0,1989,0,8.17
https://rodenlaw.com/bicycle-accident-lawyers/savannah-ga/,0,2069,0,16.48
https://rodenlaw.com/blog-are-accident-lawyers-worth-it/,0,550,0,73.2
https://rodenlaw.com/blog-burn-injury-workers-compensation/,0,127,0,39.95
https://rodenlaw.com/blog-certification-of-permanent-injury/,0,217,0,8.0
https://rodenlaw.com/blog-commercial-truck-accidents-who-is-at-fault/,0,148,0,67.07
https://rodenlaw.com/blog-driving-tips-around-trucks/,0,963,0,10.41
https://rodenlaw.com/blog-filing-soft-tissue-injury-claims-in-charleston/,0,76,0,46.54
https://rodenlaw.com/blog-follow-doctors-orders-after-accident/,0,12,0,35.08
https://rodenlaw.com/blog-free-consultation-with-charleston-personal-injury-lawyer/,0,340,0,35.69
https://rodenlaw.com/blog-georgia-car-seat-law-overview/,0,561,0,25.59
https://rodenlaw.com/blog-georgia-statute-of-limitations/,0,83,0,25.01
https://rodenlaw.com/blog-georgia-super-speeder-law/,0,1264,0,42.98
https://rodenlaw.com/blog-lane-change-accident-liability/,0,33,0,9.88
https://rodenlaw.com/blog-liability-and-causes-for-backing-up-crashes-in-charleston/#backing,0,2,0,9
https://rodenlaw.com/blog-liability-and-causes-for-backing-up-crashes-in-charleston/#crashes,0,2,0,9
https://rodenlaw.com/blog-liability-and-causes-for-backing-up-crashes-in-charleston/#happen,0,1,0,8
https://rodenlaw.com/blog-liability-for-sudden-emergency-accidents/,0,18,0,21.28
https://rodenlaw.com/blog-liens-and-your-personal-injury-claims/,0,51,0,48.86
https://rodenlaw.com/blog-qualifications-for-car-accident-witnesses/,0,515,0,23.29
https://rodenlaw.com/blog-sapelo-island-ferry-dock-collapse-causing-fatality-and-serious-injuries/,0,138,0,31.27
https://rodenlaw.com/blog-savannah-ppi-attorney/,0,22,0,19.23
https://rodenlaw.com/blog-should-i-file-a-personal-injury-or-a-workers-compensation-claim/,0,2,0,7
https://rodenlaw.com/blog-the-most-common-causes-of-truck-accidents/,0,594,0,64.52
https://rodenlaw.com/blog-truck-accident-injuries/,0,605,0,38.0
https://rodenlaw.com/blog-truck-accident-liability/,0,876,0,56.62
https://rodenlaw.com/blog-truck-accident-reconstruction/,0,361,0,21.96
https://rodenlaw.com/blog-trucking-regulations-and-accident-cases/,0,149,0,38.3
https://rodenlaw.com/blog-understanding-eye-injuries-after-a-savannah-car-accident/#option,0,14,0,7.93
https://rodenlaw.com/blog-understanding-eye-injuries-after-a-savannah-car-accident/#types,0,14,0,7.93
https://rodenlaw.com/blog/5-benefits-of-hiring-a-truck-accident-attorney-in-2023/,0,646,0,11.55
https://rodenlaw.com/blog/7-mistakes-to-avoid-after-a-motorcycle-accident/,0,127,0,33.24
https://rodenlaw.com/blog/?refPageViewId=5cf1daa873e49b5a,0,4,0,14
https://rodenlaw.com/blog/?refPageViewId=PAGE_VIEW_ID,0,44,0,41.07
https://rodenlaw.com/blog/a-charleston-residents-guide-to-tourist-car-accidents-2/,0,6,0,4.67
https://rodenlaw.com/blog/a-charleston-residents-guide-to-tourist-car-accidents-4/,0,3,0,8
https://rodenlaw.com/blog/a-guide-to-car-accident-claims-at-columbias-toughest-intersections-2/,0,21,0,12.33
https://rodenlaw.com/blog/a-pedestrians-guide-to-claiming-lost-wages-in-charleston-2/,0,6,0,22.67
https://rodenlaw.com/blog/a-pedestrians-guide-to-claiming-lost-wages-in-charleston/,0,43,0,10.35
https://rodenlaw.com/blog/accident-claims-with-an-expired-license/#comparative-fault,0,254,0,9.0
https://rodenlaw.com/blog/accident-claims-with-an-expired-license/#expired-license-claims,0,304,0,8.93
https://rodenlaw.com/blog/accident-claims-with-an-expired-license/#expired-vs-suspended,0,409,0,8.78
https://rodenlaw.com/blog/accident-claims-with-an-expired-license/#georgia-expired-license,0,355,0,8.78
https://rodenlaw.com/blog/accident-claims-with-an-expired-license/#insurance-company-tactics,0,446,0,8.79
https://rodenlaw.com/blog/accident-claims-with-an-expired-license/#south-carolina-expired-license,0,319,0,8.87
https://rodenlaw.com/blog/animal-accident-insurance-coverage/#ga-sc-laws,0,2,0,5.5
https://rodenlaw.com/blog/animal-accident-insurance-coverage/#insurance-coverage,0,2,0,5.5
https://rodenlaw.com/blog/answering-insurance-questions-after-crash/#recorded-statements,0,202,0,5.78
https://rodenlaw.com/blog/answering-insurance-questions-after-crash/#types-of-questions,0,294,0,5.79
https://rodenlaw.com/blog/answering-insurance-questions-after-crash/#what-to-say,0,201,0,5.76
https://rodenlaw.com/blog/answering-insurance-questions-after-crash/#why-insurers-contact-you,0,291,0,5.74
https://rodenlaw.com/blog/appealing-a-denied-workers-compensation-claim/,0,1433,0,39.28
https://rodenlaw.com/blog/are-accident-lawyers-worth-it/,0,709,0,35.66
https://rodenlaw.com/blog/are-red-light-runners-always-liable-if-they-crash/#are-red-light-runners-always-at-fault,0,734,0,7.86
https://rodenlaw.com/blog/are-red-light-runners-always-liable-if-they-crash/#comparative-fault-rules,0,663,0,8.11
https://rodenlaw.com/blog/are-red-light-runners-always-liable-if-they-crash/#how-fault-determined,0,1097,0,8.02
https://rodenlaw.com/blog/are-red-light-runners-always-liable-if-they-crash/#proving-red-light-violation,0,1124,0,8.0
https://rodenlaw.com/blog/are-red-light-runners-always-liable-if-they-crash/#red-light-cameras,0,686,0,8.01
https://rodenlaw.com/blog/are-red-light-runners-always-liable-if-they-crash/#traffic-signal-laws,0,674,0,8.07
https://rodenlaw.com/blog/are-red-light-runners-always-liable-if-they-crash/#when-victim-shares-fault,0,662,0,8.12
https://rodenlaw.com/blog/ashley-phosphate-road-i-26-dangerous-intersection-charleston/#common-accident-types,0,178,0,7.78
https://rodenlaw.com/blog/ashley-phosphate-road-i-26-dangerous-intersection-charleston/#comparative-fault-sc,0,136,0,8.01
https://rodenlaw.com/blog/ashley-phosphate-road-i-26-dangerous-intersection-charleston/#crash-data,0,138,0,7.94
https://rodenlaw.com/blog/ashley-phosphate-road-i-26-dangerous-intersection-charleston/#injuries-from-high-speed,0,136,0,8.01
https://rodenlaw.com/blog/ashley-phosphate-road-i-26-dangerous-intersection-charleston/#who-is-liable,0,149,0,8.03
https://rodenlaw.com/blog/ashley-phosphate-road-i-26-dangerous-intersection-charleston/#why-ashley-phosphate-dangerous,0,193,0,7.77
https://rodenlaw.com/blog/average-personal-injury-settlement-amounts/#factors-higher,0,535,0,7.47
https://rodenlaw.com/blog/average-personal-injury-settlement-amounts/#factors-lower,0,475,0,7.34
https://rodenlaw.com/blog/average-personal-injury-settlement-amounts/#georgia-law,0,476,0,7.35
https://rodenlaw.com/blog/average-personal-injury-settlement-amounts/#never-compare,0,475,0,7.34
https://rodenlaw.com/blog/average-personal-injury-settlement-amounts/#no-average-settlement,0,477,0,7.35
https://rodenlaw.com/blog/average-personal-injury-settlement-amounts/#settlement-ranges-by-case-type,0,534,0,7.47
https://rodenlaw.com/blog/average-personal-injury-settlement-amounts/#south-carolina-law,0,475,0,7.34
https://rodenlaw.com/blog/avoid-dangerous-medication-errors/,0,240,0,39.87
https://rodenlaw.com/blog/avoiding-bicycle-accidents/,0,1002,0,63.44
https://rodenlaw.com/blog/ben-sawyer-boulevard-bridge-accidents-sullivans-island/#ben-sawyer-boulevard,0,21,0,7.19
https://rodenlaw.com/blog/ben-sawyer-boulevard-bridge-accidents-sullivans-island/#common-crash-types,0,16,0,7.81
https://rodenlaw.com/blog/ben-sawyer-boulevard-bridge-accidents-sullivans-island/#comparative-fault,0,14,0,7.86
https://rodenlaw.com/blog/ben-sawyer-boulevard-bridge-accidents-sullivans-island/#cyclist-pedestrian-risks,0,17,0,7.35
https://rodenlaw.com/blog/ben-sawyer-boulevard-bridge-accidents-sullivans-island/#who-is-liable,0,14,0,7.86
https://rodenlaw.com/blog/ben-sawyer-boulevard-bridge-accidents-sullivans-island/#why-dangerous,0,22,0,7.41
https://rodenlaw.com/blog/benefit-of-a-personal-injury-pain-diary/#ga-sc-damages,0,11,0,7.36
https://rodenlaw.com/blog/benefit-of-a-personal-injury-pain-diary/#sample-entries,0,7,0,7.86
https://rodenlaw.com/blog/benefit-of-a-personal-injury-pain-diary/#what-is-pain-diary,0,29,0,3.9
https://rodenlaw.com/blog/benefit-of-a-personal-injury-pain-diary/#what-to-document,0,11,0,5.64
https://rodenlaw.com/blog/benefit-of-a-personal-injury-pain-diary/#why-important,0,40,0,4.4
https://rodenlaw.com/blog/benefits-for-workplace-violence/#covered-scenarios,0,178,0,6.19
https://rodenlaw.com/blog/benefits-for-workplace-violence/#ga-rules,0,198,0,6.18
https://rodenlaw.com/blog/benefits-for-workplace-violence/#not-covered,0,178,0,6.19
https://rodenlaw.com/blog/benefits-for-workplace-violence/#sc-rules,0,618,0,4.64
https://rodenlaw.com/blog/benefits-for-workplace-violence/#short-answer,0,228,0,5.75
https://rodenlaw.com/blog/benefits-for-workplace-violence/#what-counts,0,654,0,4.55
https://rodenlaw.com/blog/benefits-for-workplace-violence/#work-connection,0,654,0,4.58
https://rodenlaw.com/blog/benefits-of-an-accident-reconstruction-expert/,0,1379,0,39.76
https://rodenlaw.com/blog/best-car-accident-lawyer-ashley-river-road-greenwood-park-west-ashley/,0,149,0,25.64
https://rodenlaw.com/blog/blind-spot-accidents/#common-blind-spot-accidents,0,22,0,5.23
https://rodenlaw.com/blog/blind-spot-accidents/#ga-sc-laws,0,26,0,4.65
https://rodenlaw.com/blog/blind-spot-accidents/#preventing-blind-spot-accidents,0,21,0,5.95
https://rodenlaw.com/blog/blind-spot-accidents/#what-are-blind-spots,0,13,0,5.31
https://rodenlaw.com/blog/blind-spot-accidents/#who-is-at-risk,0,9,0,7
https://rodenlaw.com/blog/blog-5-benefits-of-hiring-a-truck-accident-attorney-in-2023/,0,382,0,9.35
https://rodenlaw.com/blog/blog-7-mistakes-to-avoid-after-a-motorcycle-accident/,0,8,0,11
https://rodenlaw.com/blog/blog-am-i-eligible-for-workers-compensation/,0,118,0,50.71
https://rodenlaw.com/blog/blog-documents-for-personal-injury-claim/,0,6,0,11.33
https://rodenlaw.com/blog/blog-how-using-social-media-can-hurt-an-accident-claim/,0,3,0,7
https://rodenlaw.com/blog/blog-savannah-ppi-attorney/,0,9,0,17.78
https://rodenlaw.com/blog/blog-the-importance-of-gathering-evidence-after-a-motorcycle-accident/,0,1678,0,6.52
https://rodenlaw.com/blog/blog-when-does-workers-compensation-stop-paying/,0,351,0,9.84
https://rodenlaw.com/blog/blog-workers-compensation-benefit-types/,0,15,0,28.4
https://rodenlaw.com/blog/boating-safely-in-georgia/,0,731,0,53.41
https://rodenlaw.com/blog/boys-estate-glynn-county-best-car-accident-lawyer/,0,238,0,8.78
https://rodenlaw.com/blog/brain-injury-claim/,0,4170,0,52.49
https://rodenlaw.com/blog/broad-river-road-pedestrian-accident-lawyer-harbison-columbia/,0,550,0,30.83
https://rodenlaw.com/blog/brunswick-i-95-truck-accident-lawyer/,0,783,0,14.19
https://rodenlaw.com/blog/brunswick-ocean-highway-us-17-underinsured-motorist-lawyer-glynn-county/,0,43,0,17.4
https://rodenlaw.com/blog/bucksport-marina-waccamaw-intracoastal-boating-accident-lawyer/,0,31,0,12.06
https://rodenlaw.com/blog/calculating-compensation-for-whiplash-injuries/#comparative-fault,0,433,0,8.8
https://rodenlaw.com/blog/calculating-compensation-for-whiplash-injuries/#how-damages-calculated,0,838,0,8.55
https://rodenlaw.com/blog/calculating-compensation-for-whiplash-injuries/#statute-of-limitations,0,431,0,8.81
https://rodenlaw.com/blog/calculating-compensation-for-whiplash-injuries/#types-of-compensation,0,947,0,8.22
https://rodenlaw.com/blog/calculating-compensation-for-whiplash-injuries/#what-is-whiplash,0,791,0,8.8
https://rodenlaw.com/blog/calculating-compensation-for-whiplash-injuries/#whiplash-grading,0,494,0,8.64
https://rodenlaw.com/blog/can-a-witness-be-forced-to-testify-for-a-savannah-car-crash-case/,0,157,0,11.89
https://rodenlaw.com/blog/can-an-insurance-company-go-against-a-police-report/#police-report-as-evidence,0,2562,0,7.75
https://rodenlaw.com/blog/can-an-insurance-company-go-against-a-police-report/#police-reports-georgia-sc,0,2734,0,7.68
https://rodenlaw.com/blog/can-an-insurance-company-go-against-a-police-report/#short-answer,0,2963,0,7.56
https://rodenlaw.com/blog/can-an-insurance-company-go-against-a-police-report/#what-if-report-wrong,0,2609,0,7.74
https://rodenlaw.com/blog/can-an-insurance-company-go-against-a-police-report/#what-police-report-contains,0,2576,0,7.75
https://rodenlaw.com/blog/can-an-insurance-company-go-against-a-police-report/#why-insurers-dispute,0,4311,0,7.31
https://rodenlaw.com/blog/can-an-insurance-company-go-against-a-police-report/#why-insurers-review,0,3822,0,7.42
https://rodenlaw.com/blog/can-someone-sue-me-for-a-car-accident/#comparative-fault,0,255,0,10.03
https://rodenlaw.com/blog/can-someone-sue-me-for-a-car-accident/#fault-determination,0,254,0,10.03
https://rodenlaw.com/blog/can-someone-sue-me-for-a-car-accident/#short-answer,0,333,0,9.78
https://rodenlaw.com/blog/can-someone-sue-me-for-a-car-accident/#statute-of-limitations,0,254,0,10.03
https://rodenlaw.com/blog/can-someone-sue-me-for-a-car-accident/#types-of-damages,0,260,0,10.01
https://rodenlaw.com/blog/can-someone-sue-me-for-a-car-accident/#when-insurance-covers,0,349,0,9.83
https://rodenlaw.com/blog/can-someone-sue-me-for-a-car-accident/#when-personal-assets,0,277,0,10.03
https://rodenlaw.com/blog/car-accident-attorney-near-me-west-ashley-citadel-mall/,0,29,0,40.93
https://rodenlaw.com/blog/car-accident-claim-evidence/,0,4,0,47.5
https://rodenlaw.com/blog/car-insurance-add-ons/#collision-comprehensive,0,35,0,7.29
https://rodenlaw.com/blog/car-insurance-add-ons/#gap-insurance,0,65,0,7.74
https://rodenlaw.com/blog/car-insurance-add-ons/#medpay,0,39,0,7.13
https://rodenlaw.com/blog/car-insurance-add-ons/#minimum-requirements,0,71,0,7.37
https://rodenlaw.com/blog/car-insurance-add-ons/#rental-roadside,0,43,0,7.44
https://rodenlaw.com/blog/car-insurance-add-ons/#underinsured-motorist,0,35,0,7.29
https://rodenlaw.com/blog/car-insurance-add-ons/#uninsured-motorist,0,35,0,7.29
https://rodenlaw.com/blog/car-totaled-in-accident-what-to-do/,0,795,0,20.62
https://rodenlaw.com/blog/carriage-tour-accidents-downtown-charleston-liability/#carriage-tours-charleston,0,47,0,7.32
https://rodenlaw.com/blog/carriage-tour-accidents-downtown-charleston-liability/#charleston-carriage-regulations,0,47,0,7.38
https://rodenlaw.com/blog/carriage-tour-accidents-downtown-charleston-liability/#common-accidents,0,45,0,7.4
https://rodenlaw.com/blog/carriage-tour-accidents-downtown-charleston-liability/#comparative-fault,0,45,0,7.44
https://rodenlaw.com/blog/carriage-tour-accidents-downtown-charleston-liability/#filing-deadlines,0,48,0,7.44
https://rodenlaw.com/blog/carriage-tour-accidents-downtown-charleston-liability/#injuries,0,43,0,7.37
https://rodenlaw.com/blog/carriage-tour-accidents-downtown-charleston-liability/#who-is-liable,0,50,0,7.32
https://rodenlaw.com/blog/category/accident-compensation/,0,5,0,20.8
https://rodenlaw.com/blog/category/atv-accident/,0,90,0,31.16
https://rodenlaw.com/blog/category/bicycle-accident/,0,279,0,37.4
https://rodenlaw.com/blog/category/boating-accident/,0,13,0,16.08
https://rodenlaw.com/blog/category/bus-accident/,0,197,0,33.3
https://rodenlaw.com/blog/category/car-accident-help/,0,36,0,9.69
https://rodenlaw.com/blog/category/car-accident/page/10/,0,47,0,25.09
https://rodenlaw.com/blog/category/car-accident/page/11/,0,56,0,16.86
https://rodenlaw.com/blog/category/car-accident/page/12/,0,2,0,44
https://rodenlaw.com/blog/category/car-accident/page/14/,0,2,0,78.5
https://rodenlaw.com/blog/category/car-accident/page/16/,0,1,0,10
https://rodenlaw.com/blog/category/car-accident/page/17/,0,2,0,3
https://rodenlaw.com/blog/category/car-accident/page/2/,0,28,0,18.82
https://rodenlaw.com/blog/category/car-accident/page/3/,0,77,0,17.55
https://rodenlaw.com/blog/category/car-accident/page/4/,0,39,0,12.79
https://rodenlaw.com/blog/category/car-accident/page/5/,0,73,0,26.18
https://rodenlaw.com/blog/category/car-accident/page/7/,0,21,0,12.95
https://rodenlaw.com/blog/category/car-accident/page/8/,0,59,0,12.86
https://rodenlaw.com/blog/category/car-accident/page/9/,0,77,0,10.97
https://rodenlaw.com/blog/category/charleston/,0,11,0,13.09
https://rodenlaw.com/blog/category/columbia/,0,10,0,10.9
https://rodenlaw.com/blog/category/consumer-alerts/,0,32,0,25.81
https://rodenlaw.com/blog/category/free-case-review/,0,58,0,24.47
https://rodenlaw.com/blog/category/golf-cart-accident/,0,321,0,18.25
https://rodenlaw.com/blog/category/labor-and-employment/,0,167,0,57.24
https://rodenlaw.com/blog/category/legal-guidance/,0,209,0,7.75
https://rodenlaw.com/blog/category/lost-wages-support/,0,7,0,55.14
https://rodenlaw.com/blog/category/myrtle-beach/,0,8,0,28.62
https://rodenlaw.com/blog/category/nursing-home-abuse/,0,151,0,16.66
https://rodenlaw.com/blog/category/pain-and-suffering/,0,15,0,12.73
https://rodenlaw.com/blog/category/pedestrian-accident/,0,213,0,19.74
https://rodenlaw.com/blog/category/personal-injury/page/2/,0,297,0,39.88
https://rodenlaw.com/blog/category/personal-injury/page/3/,0,148,0,9.75
https://rodenlaw.com/blog/category/personal-injury/page/9/,0,28,0,13.5
https://rodenlaw.com/blog/category/rideshare-accident/,0,19,0,14.16
https://rodenlaw.com/blog/category/scooter-accident/,0,648,0,29.75
https://rodenlaw.com/blog/category/truck-accident/page/2/,0,21,0,18.95
https://rodenlaw.com/blog/category/truck-accidents/,0,1,0,3
https://rodenlaw.com/blog/category/uncategorized/,0,7,0,25.29
https://rodenlaw.com/blog/category/workers-compensation/,0,108,0,13.15
https://rodenlaw.com/blog/category/workers-compensation/page/2/,0,61,0,28.43
https://rodenlaw.com/blog/category/workers-compensation/page/3/,0,109,0,21.3
https://rodenlaw.com/blog/certification-of-permanent-injury/#certification-process,0,25,0,8.08
https://rodenlaw.com/blog/certification-of-permanent-injury/#ga-sc-rules,0,48,0,7.65
https://rodenlaw.com/blog/certification-of-permanent-injury/#proving-permanence,0,20,0,8.35
https://rodenlaw.com/blog/certification-of-permanent-injury/#types-of-permanent-injuries,0,20,0,8.25
https://rodenlaw.com/blog/certification-of-permanent-injury/#what-is-certification,0,36,0,7.03
https://rodenlaw.com/blog/certification-of-permanent-injury/#why-certification-matters,0,35,0,8.4
https://rodenlaw.com/blog/charleston-car-crash-brain-injuries/#brain,0,5,0,6.4
https://rodenlaw.com/blog/charleston-car-crash-brain-injuries/#crashes,0,5,0,6.4
https://rodenlaw.com/blog/charleston-car-crash-brain-injuries/#fight,0,5,0,6.4
https://rodenlaw.com/blog/charleston-medical-malpractice-hospital-claim-south-carolina/#charleston-med-mal,0,5,0,10.4
https://rodenlaw.com/blog/charleston-medical-malpractice-hospital-claim-south-carolina/#common-types,0,5,0,10.4
https://rodenlaw.com/blog/charleston-medical-malpractice-hospital-claim-south-carolina/#damages-caps,0,5,0,10.4
https://rodenlaw.com/blog/charleston-medical-malpractice-hospital-claim-south-carolina/#expert-witness,0,5,0,10.4
https://rodenlaw.com/blog/charleston-medical-malpractice-hospital-claim-south-carolina/#hospital-vs-doctor,0,5,0,10.4
https://rodenlaw.com/blog/charleston-medical-malpractice-hospital-claim-south-carolina/#notice-of-intent,0,5,0,10.4
https://rodenlaw.com/blog/charleston-medical-malpractice-hospital-claim-south-carolina/#sc-med-mal-requirements,0,5,0,10.4
https://rodenlaw.com/blog/charleston-parking-lot-car-accident-liability/#liable,0,1,0,4
https://rodenlaw.com/blog/charleston-parking-lot-car-accident-liability/#traffic,0,1,0,4
https://rodenlaw.com/blog/charleston-parking-lot-car-accident-liability/#type,0,1,0,4
https://rodenlaw.com/blog/charleston-parking-lot-parking-garage-accident/#common-scenarios,0,31,0,6.74
https://rodenlaw.com/blog/charleston-parking-lot-parking-garage-accident/#fault-in-parking-lots,0,28,0,6.96
https://rodenlaw.com/blog/charleston-parking-lot-parking-garage-accident/#parking-lot-accidents-charleston,0,28,0,7.11
https://rodenlaw.com/blog/charleston-parking-lot-parking-garage-accident/#pedestrian-strikes,0,17,0,8.18
https://rodenlaw.com/blog/charleston-parking-lot-parking-garage-accident/#police-reports,0,17,0,8.18
https://rodenlaw.com/blog/charleston-parking-lot-parking-garage-accident/#premises-liability,0,25,0,7.16
https://rodenlaw.com/blog/charleston-parking-lot-parking-garage-accident/#private-property-rules,0,24,0,7.42
https://rodenlaw.com/blog/charleston-tourist-injuries-premises-liability-hotels-restaurants/,0,490,0,11.97
https://rodenlaw.com/blog/chicora-cherokee-carner-avenue-us-52-car-accident-attorney-north-charleston/,0,31,0,13
https://rodenlaw.com/blog/choosing-the-right-nursing-home-for-your-loved-one/,0,348,0,61.57
https://rodenlaw.com/blog/choosing-your-personal-injury-lawyer/,0,1053,0,26.13
https://rodenlaw.com/blog/claims-against-at-fault-drivers-who-died/#can-you-still-file,0,472,0,4.03
https://rodenlaw.com/blog/claims-against-at-fault-drivers-who-died/#insurance-claim,0,285,0,4.06
https://rodenlaw.com/blog/claims-against-at-fault-drivers-who-died/#probate-process,0,219,0,4.42
https://rodenlaw.com/blog/claims-against-at-fault-drivers-who-died/#statute-of-limitations,0,371,0,4.21
https://rodenlaw.com/blog/claims-against-at-fault-drivers-who-died/#suing-the-estate,0,229,0,4.38
https://rodenlaw.com/blog/claims-against-at-fault-drivers-who-died/#um-uim-coverage,0,214,0,4.39
https://rodenlaw.com/blog/claims-against-at-fault-drivers-who-died/#wrongful-death-crossover,0,258,0,4.31
https://rodenlaw.com/blog/columbia-dangerous-intersections-roads/#common-crash-causes,0,5,0,6.6
https://rodenlaw.com/blog/columbia-dangerous-intersections-roads/#dangerous-highways,0,3,0,5.67
https://rodenlaw.com/blog/columbia-dangerous-intersections-roads/#most-dangerous-intersections,0,5,0,6.6
https://rodenlaw.com/blog/columbia-dangerous-intersections-roads/#south-carolina-laws,0,4,0,6.5
https://rodenlaw.com/blog/columbia-dangerous-intersections-roads/#why-columbia-dangerous,0,4,0,6
https://rodenlaw.com/blog/compensation-for-car-crash-facial-injuries-charleston/,0,526,0,31.22
https://rodenlaw.com/blog/compensation-for-chronic-pain-after-a-car-crash-in-charleston/#claims,0,54,0,9.46
https://rodenlaw.com/blog/compensation-for-chronic-pain-after-a-car-crash-in-charleston/#compensation,0,45,0,9.11
https://rodenlaw.com/blog/compensation-for-chronic-pain-after-a-car-crash-in-charleston/#long,0,48,0,9.56
https://rodenlaw.com/blog/compensation-for-chronic-pain-after-a-car-crash-in-charleston/#medical,0,39,0,9.18
https://rodenlaw.com/blog/compensatory-damages-vs-punitive-damages/#key-differences,0,17513,0,4.79
https://rodenlaw.com/blog/compensatory-damages-vs-punitive-damages/#punitive-damages-caps,0,17480,0,4.82
https://rodenlaw.com/blog/compensatory-damages-vs-punitive-damages/#what-are-punitive-damages,0,7450,0,4.9
https://rodenlaw.com/blog/construction-worker-injuries-charleston-sc-rights/,0,590,0,14.71
https://rodenlaw.com/blog/contingency-fee-system/#case-expenses,0,2,0,9.5
https://rodenlaw.com/blog/contingency-fee-system/#ga-sc-rules,0,74,0,5.03
https://rodenlaw.com/blog/contingency-fee-system/#how-it-works,0,82,0,4.89
https://rodenlaw.com/blog/contingency-fee-system/#no-upfront-costs,0,3,0,9.67
https://rodenlaw.com/blog/contingency-fee-system/#typical-percentages,0,3,0,7.67
https://rodenlaw.com/blog/contingency-fee-system/#what-is-contingency-fee,0,12,0,4.17
https://rodenlaw.com/blog/continuing-post-accident-medical-treatment/#consistent-treatment-builds-case,0,1,0,4
https://rodenlaw.com/blog/continuing-post-accident-medical-treatment/#gaps-hurt-claim,0,1,0,11
https://rodenlaw.com/blog/continuing-post-accident-medical-treatment/#insurance-companies-treatment-gaps,0,2,0,7.5
https://rodenlaw.com/blog/continuing-post-accident-medical-treatment/#maximum-medical-improvement,0,1,0,4
https://rodenlaw.com/blog/dangerous-products-child-will-find-around-house/,0,334,0,24.66
https://rodenlaw.com/blog/dangerous-rural-crashes-in-charleston/#dangerous,0,15,0,8.87
https://rodenlaw.com/blog/dangerous-rural-crashes-in-charleston/#fatal,0,13,0,9.31
https://rodenlaw.com/blog/dangerous-rural-crashes-in-charleston/#rural,0,15,0,8.87
https://rodenlaw.com/blog/dangerous-savannah-intersections/#common-causes,0,41,0,5.49
https://rodenlaw.com/blog/dangerous-savannah-intersections/#dangerous-corridors,0,41,0,5.49
https://rodenlaw.com/blog/dangerous-savannah-intersections/#georgia-traffic-laws,0,33,0,5.76
https://rodenlaw.com/blog/dangerous-savannah-intersections/#most-dangerous-intersections,0,41,0,5.49
https://rodenlaw.com/blog/dangerous-savannah-intersections/#why-savannah-intersections,0,33,0,5.76
https://rodenlaw.com/blog/darien-brunswick-dangerous-roads-i95-us17/#common-causes,0,46,0,10.85
https://rodenlaw.com/blog/darien-brunswick-dangerous-roads-i95-us17/#i-95-corridor,0,46,0,10.8
https://rodenlaw.com/blog/darien-brunswick-dangerous-roads-i95-us17/#rural-road-dangers,0,44,0,11.07
https://rodenlaw.com/blog/darien-brunswick-dangerous-roads-i95-us17/#us-17,0,44,0,11.07
https://rodenlaw.com/blog/darien-brunswick-dangerous-roads-i95-us17/#us-82-341,0,44,0,11.07
https://rodenlaw.com/blog/darien-brunswick-dangerous-roads-i95-us17/#why-dangerous,0,48,0,10.6
https://rodenlaw.com/blog/darien-i-95-truck-accident-lawyer/,0,501,0,12.82
https://rodenlaw.com/blog/darien-river-boating-accident-lawyer/,0,117,0,15.68
https://rodenlaw.com/blog/demand-letters-in-personal-injury-cases/#after-sending,0,9,0,5.22
https://rodenlaw.com/blog/demand-letters-in-personal-injury-cases/#ga-vs-sc-comparison,0,3,0,5.33
https://rodenlaw.com/blog/demand-letters-in-personal-injury-cases/#timing,0,3,0,5.33
https://rodenlaw.com/blog/demand-letters-in-personal-injury-cases/#what-is-demand-letter,0,25,0,6.52
https://rodenlaw.com/blog/demand-letters-in-personal-injury-cases/#what-to-include,0,29,0,6.62
https://rodenlaw.com/blog/dick-pond-road-sc-544-truck-accident-lawyer-surfside-beach/,0,117,0,9.74
https://rodenlaw.com/blog/diminished-value-claims-after-car-accident/#evidence-you-need,0,38,0,5.92
https://rodenlaw.com/blog/diminished-value-claims-after-car-accident/#georgia-vs-south-carolina,0,6,0,9.5
https://rodenlaw.com/blog/diminished-value-claims-after-car-accident/#how-diminished-value-calculated,0,63,0,6.57
https://rodenlaw.com/blog/diminished-value-claims-after-car-accident/#how-to-file,0,56,0,5.59
https://rodenlaw.com/blog/diminished-value-claims-after-car-accident/#what-is-diminished-value,0,47,0,6.68
https://rodenlaw.com/blog/do-you-need-a-workers-compensation-lawyer/,0,5848,0,45.75
https://rodenlaw.com/blog/does-worker-compensation-cover-employee-negligence/#employer-negligence,0,200,0,7.13
https://rodenlaw.com/blog/does-worker-compensation-cover-employee-negligence/#examples,0,356,0,5.83
https://rodenlaw.com/blog/does-worker-compensation-cover-employee-negligence/#exceptions,0,228,0,6.75
https://rodenlaw.com/blog/does-worker-compensation-cover-employee-negligence/#ga-exceptions,0,197,0,7.28
https://rodenlaw.com/blog/does-worker-compensation-cover-employee-negligence/#no-fault-system,0,339,0,6.39
https://rodenlaw.com/blog/does-worker-compensation-cover-employee-negligence/#sc-exceptions,0,214,0,6.98
https://rodenlaw.com/blog/does-worker-compensation-cover-employee-negligence/#short-answer,0,447,0,5.86
https://rodenlaw.com/blog/does-workers-compensation-cover-prescriptions/#filling-prescriptions,0,308,0,5.76
https://rodenlaw.com/blog/does-workers-compensation-cover-prescriptions/#ga-rules,0,405,0,5.71
https://rodenlaw.com/blog/does-workers-compensation-cover-prescriptions/#how-coverage-works,0,290,0,5.4
https://rodenlaw.com/blog/does-workers-compensation-cover-prescriptions/#opioid-restrictions,0,194,0,5.23
https://rodenlaw.com/blog/does-workers-compensation-cover-prescriptions/#sc-rules,0,313,0,5.38
https://rodenlaw.com/blog/does-workers-compensation-cover-prescriptions/#short-answer,0,285,0,5.68
https://rodenlaw.com/blog/does-workers-compensation-cover-prescriptions/#what-is-covered,0,195,0,5.25
https://rodenlaw.com/blog/dog-bite-laws-south-carolina-charleston/#common-injuries,0,4,0,4
https://rodenlaw.com/blog/dog-bite-laws-south-carolina-charleston/#comparative-fault,0,3,0,3.67
https://rodenlaw.com/blog/dog-bite-laws-south-carolina-charleston/#damages-available,0,3,0,3.67
https://rodenlaw.com/blog/dog-bite-laws-south-carolina-charleston/#landlord-liability,0,3,0,3.67
https://rodenlaw.com/blog/dog-bite-laws-south-carolina-charleston/#owner-liability-no-prior-knowledge,0,3,0,3.67
https://rodenlaw.com/blog/dog-bite-laws-south-carolina-charleston/#sc-strict-liability,0,4,0,4
https://rodenlaw.com/blog/dog-bite-laws-south-carolina-charleston/#sc-vs-ga-comparison,0,3,0,3.67
https://rodenlaw.com/blog/dog-bite-surfside-beach-29575/,0,454,0,13.45
https://rodenlaw.com/blog/driving-tips-around-trucks/#blind-spots,0,27,0,7.89
https://rodenlaw.com/blog/driving-tips-around-trucks/#common-truck-accidents,0,15,0,8.33
https://rodenlaw.com/blog/driving-tips-around-trucks/#ga-sc-truck-laws,0,15,0,8.33
https://rodenlaw.com/blog/driving-tips-around-trucks/#safe-driving-tips,0,28,0,7.79
https://rodenlaw.com/blog/driving-tips-around-trucks/#why-truck-accidents,0,14,0,8.57
https://rodenlaw.com/blog/drunk-pedestrian-injury-claims/#comparative-fault-rules,0,1,0,1
https://rodenlaw.com/blog/drunk-pedestrian-injury-claims/#driver-duties,0,3,0,1.33
https://rodenlaw.com/blog/drunk-pedestrian-injury-claims/#how-intoxication-affects-claims,0,1,0,2
https://rodenlaw.com/blog/drunk-pedestrian-injury-claims/#pedestrian-intoxication-claims,0,8,0,4.38
https://rodenlaw.com/blog/drunk-pedestrian-injury-claims/#proving-driver-negligence,0,6,0,5.33
https://rodenlaw.com/blog/drunk-pedestrian-injury-claims/#south-carolina-pedestrian-laws,0,2,0,1
https://rodenlaw.com/blog/dui-accidents/,0,1634,0,31.32
https://rodenlaw.com/blog/eastern-wharf-harbor-street-electric-scooter-accident-lawyer/,0,244,0,6.04
https://rodenlaw.com/blog/eastern-wharf-savannah-pedestrian-bike-accidents/,0,224,0,9.8
https://rodenlaw.com/blog/edmund-highway-lexington-county-car-accident-lawyer/,0,230,0,16.43
https://rodenlaw.com/blog/expert-witness-testimony/,0,83,0,61.01
https://rodenlaw.com/blog/fault-vs-no-fault-car-insurance/#comparative-fault-rules,0,8434,0,5.71
https://rodenlaw.com/blog/fault-vs-no-fault-car-insurance/#georgia-fault-system,0,12451,0,5.48
https://rodenlaw.com/blog/fault-vs-no-fault-car-insurance/#how-no-fault-states-work,0,10102,0,5.71
https://rodenlaw.com/blog/fault-vs-no-fault-car-insurance/#key-differences,0,8435,0,5.7
https://rodenlaw.com/blog/fault-vs-no-fault-car-insurance/#south-carolina-fault-system,0,8421,0,5.7
https://rodenlaw.com/blog/filing-a-claim-after-a-hazmat-truck-crash-in-charleston/,0,142,0,19.95
https://rodenlaw.com/blog/filing-a-claim-for-an-injured-minor/#common-child-injuries,0,3,0,9.33
https://rodenlaw.com/blog/filing-a-claim-for-an-injured-minor/#court-approval,0,13,0,6.46
https://rodenlaw.com/blog/filing-a-claim-for-an-injured-minor/#parent-claims-vs-child-claims,0,13,0,4.77
https://rodenlaw.com/blog/filing-a-claim-for-an-injured-minor/#types-of-damages,0,1,0,6
https://rodenlaw.com/blog/filing-a-claim-for-an-injured-minor/#who-can-file,0,21,0,5.81
https://rodenlaw.com/blog/filing-soft-tissue-injury-claims-in-charleston/,0,253,0,40.1
https://rodenlaw.com/blog/financial-abuse-at-nursing-homes/#ga-sc-laws,0,109,0,7.07
https://rodenlaw.com/blog/financial-abuse-at-nursing-homes/#reporting,0,40,0,7.65
https://rodenlaw.com/blog/financial-abuse-at-nursing-homes/#types,0,36,0,8.11
https://rodenlaw.com/blog/financial-abuse-at-nursing-homes/#warning-signs,0,40,0,7.67
https://rodenlaw.com/blog/financial-abuse-at-nursing-homes/#what-is-elder-financial-abuse,0,101,0,7.35
https://rodenlaw.com/blog/financial-abuse-at-nursing-homes/#who-commits,0,36,0,8.11
https://rodenlaw.com/blog/first-steps-in-a-medical-malpractice-case/#common-types,0,1,0,10
https://rodenlaw.com/blog/first-steps-in-a-medical-malpractice-case/#proving-your-case,0,1,0,10
https://rodenlaw.com/blog/five-points-columbia-uber-accident-lawyer/,0,258,0,15.26
https://rodenlaw.com/blog/folly-road-car-accidents-james-island-charleston/#common-accident-types,0,28,0,7.18
https://rodenlaw.com/blog/folly-road-car-accidents-james-island-charleston/#comparative-fault,0,25,0,7.6
https://rodenlaw.com/blog/folly-road-car-accidents-james-island-charleston/#dangerous-sections,0,25,0,7.6
https://rodenlaw.com/blog/folly-road-car-accidents-james-island-charleston/#folly-road-overview,0,25,0,7.6
https://rodenlaw.com/blog/folly-road-car-accidents-james-island-charleston/#injuries,0,28,0,7.18
https://rodenlaw.com/blog/folly-road-car-accidents-james-island-charleston/#who-is-liable,0,26,0,7.46
https://rodenlaw.com/blog/folly-road-car-accidents-james-island-charleston/#why-so-dangerous,0,29,0,7.07
https://rodenlaw.com/blog/garden-city-dean-forest-road-truck-accident-lawyer/,0,240,0,13.89
https://rodenlaw.com/blog/garden-city-eden-loop-truck-accident-lawyer/,0,213,0,12.28
https://rodenlaw.com/blog/georgia-pedestrian-right-of-way-laws/#common-violations,0,69,0,9.04
https://rodenlaw.com/blog/georgia-pedestrian-right-of-way-laws/#comparative-fault,0,73,0,8.9
https://rodenlaw.com/blog/georgia-pedestrian-right-of-way-laws/#driver-duties,0,74,0,8.89
https://rodenlaw.com/blog/georgia-pedestrian-right-of-way-laws/#georgia-statutes,0,150,0,9.11
https://rodenlaw.com/blog/georgia-pedestrian-right-of-way-laws/#marked-vs-unmarked,0,70,0,9.04
https://rodenlaw.com/blog/georgia-pedestrian-right-of-way-laws/#pedestrian-duties,0,141,0,9.16
https://rodenlaw.com/blog/georgia-pedestrian-right-of-way-laws/#what-is-right-of-way,0,69,0,9.03
https://rodenlaw.com/blog/georgia-statute-of-limitations/#different-case-types,0,1,0,9
https://rodenlaw.com/blog/georgia-statute-of-limitations/#exceptions-that-extend-deadline,0,1,0,9
https://rodenlaw.com/blog/georgia-super-speeder-law/#comparison-table,0,7,0,9.86
https://rodenlaw.com/blog/georgia-super-speeder-law/#how-it-works,0,289,0,7.92
https://rodenlaw.com/blog/georgia-super-speeder-law/#license-suspension,0,210,0,7.79
https://rodenlaw.com/blog/georgia-super-speeder-law/#out-of-state,0,228,0,7.78
https://rodenlaw.com/blog/georgia-super-speeder-law/#penalties,0,220,0,7.84
https://rodenlaw.com/blog/georgia-super-speeder-law/#sc-speeding,0,232,0,7.88
https://rodenlaw.com/blog/georgia-super-speeder-law/#sc-speeding-laws,0,7,0,9.86
https://rodenlaw.com/blog/georgia-super-speeder-law/#speeding-and-accidents,0,3,0,9.33
https://rodenlaw.com/blog/georgia-super-speeder-law/#speeding-as-negligence,0,7,0,9.86
https://rodenlaw.com/blog/georgia-super-speeder-law/#what-is,0,287,0,7.98
https://rodenlaw.com/blog/georgia-super-speeder-law/#what-is-super-speeder,0,7,0,9.86
https://rodenlaw.com/blog/get-auto-accident-claim-georgia/,0,168,0,44.48
https://rodenlaw.com/blog/getting-the-full-compensation-you-deserve-after-a-car-accident/,0,940,0,11.61
https://rodenlaw.com/blog/golf-colony-south-reindeer-road-underinsured-motorist-lawyer/,0,35,0,17.94
https://rodenlaw.com/blog/goose-creek-car-accidents-military-traffic-us-52/,0,201,0,17.28
https://rodenlaw.com/blog/green-grove-dorchester-road-atv-accident-lawyer-north-charleston/,0,70,0,23.86
https://rodenlaw.com/blog/green-grove-mark-clark-expressway-uninsured-motorist-lawyer-north-charleston/,0,30,0,6.83
https://rodenlaw.com/blog/hearing-loss-after-charleston-car-accident/#car,0,909,0,9.62
https://rodenlaw.com/blog/hearing-loss-after-charleston-car-accident/#proving,0,770,0,9.71
https://rodenlaw.com/blog/hearing-loss-after-charleston-car-accident/#type,0,843,0,9.62
https://rodenlaw.com/blog/high-risk-occupations-2017/,0,18,0,18.56
https://rodenlaw.com/blog/how-can-an-attorney-help-with-my-car-accident-claim/,0,38,0,9.47
https://rodenlaw.com/blog/how-car-insurers-use-private-investigators/#ga-vs-sc-comparison,0,172,0,3.88
https://rodenlaw.com/blog/how-car-insurers-use-private-investigators/#pi-evidence-against-you,0,98,0,3.77
https://rodenlaw.com/blog/how-car-insurers-use-private-investigators/#why-insurers-hire-pis,0,197,0,3.79
https://rodenlaw.com/blog/how-covid-19-affects-a-workers-comp-claim/,0,121,0,49.06
https://rodenlaw.com/blog/how-delayed-injuries-could-impact-your-charleston-car-crash-claim/,0,783,0,39.02
https://rodenlaw.com/blog/how-do-i-know-if-i-have-a-medical-malpractice-case/,0,1983,0,37.57
https://rodenlaw.com/blog/how-long-can-a-person-stay-on-workers-compensation/#benefit-timelines,0,254,0,6.65
https://rodenlaw.com/blog/how-long-can-a-person-stay-on-workers-compensation/#extending-benefits,0,454,0,6.37
https://rodenlaw.com/blog/how-long-can-a-person-stay-on-workers-compensation/#factors-that-affect,0,248,0,6.65
https://rodenlaw.com/blog/how-long-can-a-person-stay-on-workers-compensation/#lump-sum-settlements,0,249,0,6.65
https://rodenlaw.com/blog/how-long-can-a-person-stay-on-workers-compensation/#short-answer,0,438,0,6.36
https://rodenlaw.com/blog/how-long-can-a-person-stay-on-workers-compensation/#transitioning-to-ssdi,0,256,0,6.68
https://rodenlaw.com/blog/how-long-can-a-person-stay-on-workers-compensation/#when-benefits-run-out,0,269,0,6.66
https://rodenlaw.com/blog/how-long-can-someone-sue-you-after-a-car-accident/,0,439,0,37.47
https://rodenlaw.com/blog/how-loud-music-increases-crash-risk-charleston/#driving,0,133,0,8.95
https://rodenlaw.com/blog/how-loud-music-increases-crash-risk-charleston/#impact,0,107,0,9.19
https://rodenlaw.com/blog/how-loud-music-increases-crash-risk-charleston/#reduce,0,132,0,8.98
https://rodenlaw.com/blog/how-loud-music-increases-crash-risk-charleston/),0,1,0,1
https://rodenlaw.com/blog/how-pain-and-suffering-is-calculated-after-an-accident-in-georgia/#comparative-fault,0,4,0,5
https://rodenlaw.com/blog/how-pain-and-suffering-is-calculated-after-an-accident-in-georgia/#factors,0,4,0,4.5
https://rodenlaw.com/blog/how-pain-and-suffering-is-calculated-after-an-accident-in-georgia/#how-calculated,0,6,0,3.5
https://rodenlaw.com/blog/how-pain-and-suffering-is-calculated-after-an-accident-in-georgia/#punitive-damages,0,3,0,4.33
https://rodenlaw.com/blog/how-pain-and-suffering-is-calculated-after-an-accident-in-georgia/#types-of-damages,0,7,0,4.43
https://rodenlaw.com/blog/how-pain-and-suffering-is-calculated-after-an-accident-in-georgia/#what-is-pain-and-suffering,0,6,0,3.5
https://rodenlaw.com/blog/how-poor-truck-maintenance-causes-charleston-accidents-2/,0,26,0,34.69
https://rodenlaw.com/blog/how-poor-truck-maintenance-causes-charleston-accidents/,0,151,0,14.16
https://rodenlaw.com/blog/how-to-maximize-your-car-accident-compensation-in-south-carolina/,0,858,0,16.62
https://rodenlaw.com/blog/how-to-spot-distracted-drivers-ten-signs-savannah-ga/#dangerous,0,58,0,11.16
https://rodenlaw.com/blog/how-to-spot-distracted-drivers-ten-signs-savannah-ga/#injuries,0,67,0,11.45
https://rodenlaw.com/blog/how-to-spot-distracted-drivers-ten-signs-savannah-ga/#law,0,58,0,11.16
https://rodenlaw.com/blog/how-to-spot-distracted-drivers-ten-signs-savannah-ga/#warning,0,67,0,11.45
https://rodenlaw.com/blog/how-using-social-media-can-hurt-an-accident-claim/,0,127,0,17.83
https://rodenlaw.com/blog/i-20-bush-river-road-motorcycle-accident-lawyer-columbia/,0,76,0,14.64
https://rodenlaw.com/blog/impaired-driving-caused-by-prescription-medications/#illegal,0,1724,0,9.47
https://rodenlaw.com/blog/impaired-driving-caused-by-prescription-medications/#lead,0,1724,0,9.47
https://rodenlaw.com/blog/independent-medical-examination/,0,1,0,1
https://rodenlaw.com/blog/independent-medical-exams/#are-ime-doctors-independent,0,549,0,3.15
https://rodenlaw.com/blog/independent-medical-exams/#ga-vs-sc-comparison,0,25,0,6.32
https://rodenlaw.com/blog/independent-medical-exams/#ime-rules-georgia,0,433,0,3.25
https://rodenlaw.com/blog/independent-medical-exams/#ime-rules-south-carolina,0,64,0,4.73
https://rodenlaw.com/blog/independent-medical-exams/#refuse-an-ime,0,190,0,3.51
https://rodenlaw.com/blog/independent-medical-exams/#what-is-an-ime,0,596,0,3.15
https://rodenlaw.com/blog/independent-medical-exams/#why-insurance-companies-request-imes,0,40,0,4.9
https://rodenlaw.com/blog/is-there-a-limit-for-medical-negligence-claims/#statute-of-limitations,0,2,0,5.5
https://rodenlaw.com/blog/is-there-a-limit-for-medical-negligence-claims/#types-of-damages,0,2,0,5.5
https://rodenlaw.com/blog/is-workers-compensation-an-employee-benefit/#benefit-or-legal-right,0,1630,0,5.39
https://rodenlaw.com/blog/is-workers-compensation-an-employee-benefit/#ga-sc-requirements,0,1418,0,5.48
https://rodenlaw.com/blog/is-workers-compensation-an-employee-benefit/#what-is-workers-comp,0,501,0,5.76
https://rodenlaw.com/blog/is-workers-compensation-an-employee-benefit/#who-is-covered,0,254,0,6.19
https://rodenlaw.com/blog/islands-expressway-whitemarsh-island-motorcycle-accident-chatham-county/,0,149,0,14.38
https://rodenlaw.com/blog/kemira-plant-drive-savannah-fatal-truck-accident-lawyer/,0,164,0,10.19
https://rodenlaw.com/blog/lane-change-accident-liability/,0,17,0,24.59
https://rodenlaw.com/blog/letters-of-protection-for-injury-victims/#benefits-of-using-a-letter-of-protection,0,18,0,7.11
https://rodenlaw.com/blog/letters-of-protection-for-injury-victims/#how-a-letter-of-protection-works,0,39,0,6.69
https://rodenlaw.com/blog/letters-of-protection-for-injury-victims/#how-insurance-companies-attack-letters-of-protection,0,31,0,5.42
https://rodenlaw.com/blog/letters-of-protection-for-injury-victims/#letters-of-protection-in-georgia,0,40,0,5.45
https://rodenlaw.com/blog/letters-of-protection-for-injury-victims/#risks-and-drawbacks-to-consider,0,16,0,7.12
https://rodenlaw.com/blog/letters-of-protection-for-injury-victims/#what-is-a-letter-of-protection,0,31,0,7.81
https://rodenlaw.com/blog/letters-of-protection-for-injury-victims/#when-you-may-need-a-letter-of-protection,0,39,0,6.69
https://rodenlaw.com/blog/liability-for-backing-up-crashes-in-charleston/#backing,0,40,0,8.53
https://rodenlaw.com/blog/liability-for-backing-up-crashes-in-charleston/#crashes,0,40,0,8.53
https://rodenlaw.com/blog/liability-for-backing-up-crashes-in-charleston/#happen,0,21,0,8.1
https://rodenlaw.com/blog/liability-for-brake-checking-crashes-charleston/#drivers,0,233,0,9.3
https://rodenlaw.com/blog/liability-for-brake-checking-crashes-charleston/#evidence,0,260,0,9.33
https://rodenlaw.com/blog/liability-for-brake-checking-crashes-charleston/#percent,0,261,0,9.33
https://rodenlaw.com/blog/liability-for-charleston-underride-truck-crashes/,0,2515,0,33.91
https://rodenlaw.com/blog/liability-for-roundabout-crashes-in-charleston/#common,0,3,0,11.33
https://rodenlaw.com/blog/liability-for-roundabout-crashes-in-charleston/#fault,0,2,0,11
https://rodenlaw.com/blog/liability-for-roundabout-crashes-in-charleston/#frequent,0,1,0,12
https://rodenlaw.com/blog/liability-for-sudden-emergency-accidents/#common-medical-emergencies-causing-crashes,0,128,0,4.76
https://rodenlaw.com/blog/liability-for-sudden-emergency-accidents/#georgia-sudden-emergency-defense,0,124,0,4.69
https://rodenlaw.com/blog/liability-for-sudden-emergency-accidents/#georgia-vs-south-carolina-comparison,0,59,0,5.69
https://rodenlaw.com/blog/liability-for-sudden-emergency-accidents/#south-carolina-sudden-emergency-defense,0,99,0,5.08
https://rodenlaw.com/blog/liability-for-sudden-emergency-accidents/#what-is-sudden-medical-emergency-defense,0,103,0,5.41
https://rodenlaw.com/blog/liability-for-sudden-emergency-accidents/#when-the-defense-fails,0,68,0,5.68
https://rodenlaw.com/blog/liability-for-sudden-emergency-accidents/#who-else-may-be-liable,0,60,0,5.68
https://rodenlaw.com/blog/liability-in-head-on-collisions-savannah-ga/#causes,0,1,0,4
https://rodenlaw.com/blog/liability-in-head-on-collisions-savannah-ga/#head-on,0,1,0,4
https://rodenlaw.com/blog/liability-in-head-on-collisions-savannah-ga/#injuries,0,1,0,4
https://rodenlaw.com/blog/liability-in-head-on-collisions-savannah-ga/#liability,0,1,0,4
https://rodenlaw.com/blog/liens-and-your-personal-injury-claims/#attorney-liens,0,5,0,11
https://rodenlaw.com/blog/liens-and-your-personal-injury-claims/#ga-vs-sc-comparison,0,16,0,8.44
https://rodenlaw.com/blog/liens-and-your-personal-injury-claims/#government-liens,0,21,0,7.86
https://rodenlaw.com/blog/liens-and-your-personal-injury-claims/#health-insurance-liens,0,4,0,11.5
https://rodenlaw.com/blog/liens-and-your-personal-injury-claims/#medical-provider-liens,0,9,0,8.44
https://rodenlaw.com/blog/liens-and-your-personal-injury-claims/#what-is-a-lien,0,22,0,7.91
https://rodenlaw.com/blog/liens-and-your-personal-injury-claims/#workers-compensation-liens,0,5,0,11
https://rodenlaw.com/blog/mark-clark-expressway-i-526-18-wheeler-accident-lawyer-north-charleston/,0,167,0,17.77
https://rodenlaw.com/blog/maximum-medical-improvement-in-an-injury-claim/#disagree-with-mmi,0,8,0,4.12
https://rodenlaw.com/blog/maximum-medical-improvement-in-an-injury-claim/#ga-sc-differences,0,6,0,5.17
https://rodenlaw.com/blog/maximum-medical-improvement-in-an-injury-claim/#impairment-ratings,0,6,0,5.17
https://rodenlaw.com/blog/maximum-medical-improvement-in-an-injury-claim/#mmi-personal-injury,0,42,0,4.52
https://rodenlaw.com/blog/maximum-medical-improvement-in-an-injury-claim/#mmi-workers-comp,0,19,0,2.89
https://rodenlaw.com/blog/maximum-medical-improvement-in-an-injury-claim/#what-is-mmi,0,43,0,4.51
https://rodenlaw.com/blog/maximum-medical-improvement-in-an-injury-claim/#who-determines,0,50,0,4.1
https://rodenlaw.com/blog/maybank-highway-car-accidents-johns-island/#common-crash-types,0,6,0,6.83
https://rodenlaw.com/blog/maybank-highway-car-accidents-johns-island/#comparative-fault,0,6,0,6.83
https://rodenlaw.com/blog/maybank-highway-car-accidents-johns-island/#dangerous-sections,0,6,0,6.83
https://rodenlaw.com/blog/maybank-highway-car-accidents-johns-island/#injuries,0,6,0,6.83
https://rodenlaw.com/blog/maybank-highway-car-accidents-johns-island/#maybank-highway-bottleneck,0,16,0,6.06
https://rodenlaw.com/blog/maybank-highway-car-accidents-johns-island/#who-is-liable,0,8,0,6.12
https://rodenlaw.com/blog/maybank-highway-car-accidents-johns-island/#why-dangerous,0,14,0,6.36
https://rodenlaw.com/blog/mediation-for-a-personal-injury-claim/,0,691,0,44.76
https://rodenlaw.com/blog/medical-malpractice-examples/,0,160,0,13.49
https://rodenlaw.com/blog/medical-malpractice-limits-georgia/#affidavit-requirement,0,3,0,9.67
https://rodenlaw.com/blog/medical-malpractice-limits-georgia/#common-claims,0,3,0,9.67
https://rodenlaw.com/blog/medical-malpractice-limits-georgia/#damages-caps,0,3,0,9.67
https://rodenlaw.com/blog/medical-malpractice-limits-georgia/#discovery-rule,0,7,0,9.29
https://rodenlaw.com/blog/medical-malpractice-limits-georgia/#statute-of-limitations,0,10,0,8.4
https://rodenlaw.com/blog/medical-malpractice-limits-georgia/#statute-of-repose,0,3,0,9.67
https://rodenlaw.com/blog/medical-malpractice-limits-georgia/#types-of-damages,0,6,0,8
https://rodenlaw.com/blog/medical-malpractice-limits-south-carolina/#common-claims,0,252,0,4.23
https://rodenlaw.com/blog/medical-malpractice-limits-south-carolina/#damages-caps,0,557,0,4.51
https://rodenlaw.com/blog/medical-malpractice-limits-south-carolina/#discovery-rule,0,140,0,4.36
https://rodenlaw.com/blog/medical-malpractice-limits-south-carolina/#mediation-requirement,0,112,0,4.04
https://rodenlaw.com/blog/medical-malpractice-limits-south-carolina/#notice-of-intent,0,251,0,4.22
https://rodenlaw.com/blog/medical-malpractice-limits-south-carolina/#statute-of-limitations,0,296,0,4.17
https://rodenlaw.com/blog/medical-malpractice-limits-south-carolina/#statute-of-repose,0,250,0,4.23
https://rodenlaw.com/blog/medical-malpractice-limits-south-carolina/#types-of-damages,0,591,0,4.5
https://rodenlaw.com/blog/mistakes-charleston-slip-and-fall-victims-make/,0,15315,0,37.78
https://rodenlaw.com/blog/murrells-inlet-jet-ski-accident-lawyer/,0,254,0,16.1
https://rodenlaw.com/blog/myrtle-beach-dangerous-roads-intersections/#common-causes,0,14,0,8.29
https://rodenlaw.com/blog/myrtle-beach-dangerous-roads-intersections/#dangerous-highways,0,15,0,8.27
https://rodenlaw.com/blog/myrtle-beach-dangerous-roads-intersections/#dangerous-intersections,0,17,0,8.41
https://rodenlaw.com/blog/myrtle-beach-dangerous-roads-intersections/#seasonal-risks,0,13,0,8.08
https://rodenlaw.com/blog/myrtle-beach-dangerous-roads-intersections/#why-myrtle-beach,0,17,0,8.24
https://rodenlaw.com/blog/n-lake-drive-dick-pond-road-sc-544-underinsured-motorist-lawyer/,0,25,0,9.36
https://rodenlaw.com/blog/n-lake-drive-us-17-business-best-car-accident-lawyer/,0,124,0,18.79
https://rodenlaw.com/blog/negligence-and-18-wheeler-accidents/,0,308,0,51.19
https://rodenlaw.com/blog/negligence-vs-gross-negligence/#examples,0,72,0,6.58
https://rodenlaw.com/blog/negligence-vs-gross-negligence/#four-elements,0,881,0,5.71
https://rodenlaw.com/blog/negligence-vs-gross-negligence/#negligence-vs-gross,0,818,0,5.63
https://rodenlaw.com/blog/negligence-vs-gross-negligence/#punitive-damages,0,87,0,6.7
https://rodenlaw.com/blog/negligence-vs-gross-negligence/#what-is-gross-negligence,0,702,0,5.19
https://rodenlaw.com/blog/nursing-home-liability/,0,1572,0,24.34
https://rodenlaw.com/blog/options-for-denied-injury-claims/#bad-faith-complaint,0,114,0,8.92
https://rodenlaw.com/blog/options-for-denied-injury-claims/#bad-faith-georgia,0,113,0,9.02
https://rodenlaw.com/blog/options-for-denied-injury-claims/#common-reasons-denied,0,326,0,8.7
https://rodenlaw.com/blog/options-for-denied-injury-claims/#file-appeal,0,114,0,9.02
https://rodenlaw.com/blog/options-for-denied-injury-claims/#file-lawsuit,0,325,0,8.66
https://rodenlaw.com/blog/options-for-denied-injury-claims/#gather-evidence,0,122,0,8.74
https://rodenlaw.com/blog/options-for-denied-injury-claims/#review-denial-letter,0,121,0,8.89
https://rodenlaw.com/blog/page/18/,0,33,0,11.33
https://rodenlaw.com/blog/page/19/,0,47,0,17.94
https://rodenlaw.com/blog/page/20/,0,113,0,15.65
https://rodenlaw.com/blog/page/21/,0,307,0,10.79
https://rodenlaw.com/blog/page/22/,0,186,0,72.78
https://rodenlaw.com/blog/page/23/,0,11,0,71.45
https://rodenlaw.com/blog/page/24/,0,74,0,19.32
https://rodenlaw.com/blog/page/25/,0,52,0,11.27
https://rodenlaw.com/blog/page/26/,0,35,0,7.46
https://rodenlaw.com/blog/page/27/,0,16,0,7.12
https://rodenlaw.com/blog/page/28/,0,7,0,8.14
https://rodenlaw.com/blog/page/29/,0,3,0,4.33
https://rodenlaw.com/blog/page/3/,0,261,0,10.34
https://rodenlaw.com/blog/page/34/,0,14,0,8.79
https://rodenlaw.com/blog/page/36/,0,10,0,5.4
https://rodenlaw.com/blog/page/37/,0,1,0,3
https://rodenlaw.com/blog/page/38/,0,42,0,5.95
https://rodenlaw.com/blog/page/39/,0,3,0,4.33
https://rodenlaw.com/blog/page/4/,0,64,0,11.42
https://rodenlaw.com/blog/page/41/,0,3,0,9.67
https://rodenlaw.com/blog/page/42/,0,18,0,12.06
https://rodenlaw.com/blog/page/43/,0,1,0,1
https://rodenlaw.com/blog/page/44/,0,13,0,17.69
https://rodenlaw.com/blog/page/45/,0,7,0,6.14
https://rodenlaw.com/blog/page/46/,0,4,0,4.5
https://rodenlaw.com/blog/park-circle-east-montague-drunk-driving-accident-lawyer-north-charleston/,0,357,0,14.24
https://rodenlaw.com/blog/pedestrian-accidents-musc-charleston-medical-district/#common-crash-types,0,30,0,5.5
https://rodenlaw.com/blog/pedestrian-accidents-musc-charleston-medical-district/#dangerous-corridors,0,30,0,5.5
https://rodenlaw.com/blog/pedestrian-accidents-musc-charleston-medical-district/#injuries,0,30,0,5.5
https://rodenlaw.com/blog/pedestrian-accidents-musc-charleston-medical-district/#musc-medical-district,0,32,0,5.38
https://rodenlaw.com/blog/pedestrian-accidents-musc-charleston-medical-district/#sc-pedestrian-laws,0,30,0,5.5
https://rodenlaw.com/blog/pedestrian-accidents-musc-charleston-medical-district/#who-is-liable,0,30,0,5.5
https://rodenlaw.com/blog/pedestrian-accidents-musc-charleston-medical-district/#why-dangerous,0,32,0,5.38
https://rodenlaw.com/blog/personal-injury-lawsuit-vs-insurance-claim/,0,421,0,16.42
https://rodenlaw.com/blog/port-of-charleston-injury-claims-longshoremen-dock-workers/,0,903,0,12.25
https://rodenlaw.com/blog/protecting-your-rights-after-a-myrtle-beach-car-accident-2/,0,17,0,17.06
https://rodenlaw.com/blog/protecting-your-rights-after-a-myrtle-beach-car-accident-3/,0,21,0,22.24
https://rodenlaw.com/blog/protecting-your-rights-after-a-myrtle-beach-car-accident/,0,332,0,15
https://rodenlaw.com/blog/proving-a-tourist-was-at-fault-in-your-charleston-accident/,0,162,0,17.92
https://rodenlaw.com/blog/proving-pain-and-suffering-after-an-ashley-river-road-accident/,0,607,0,10.73
https://rodenlaw.com/blog/ptsd-after-car-accident-compensation/#can-you-sue,0,1,0,3
https://rodenlaw.com/blog/ptsd-after-car-accident-compensation/#common-symptoms,0,1,0,8
https://rodenlaw.com/blog/ptsd-after-car-accident-compensation/#proving-ptsd,0,2,0,5.5
https://rodenlaw.com/blog/recovering-damages-with-pre-existing-injuries/#aggravation-vs-causation,0,3,0,8.67
https://rodenlaw.com/blog/recovering-damages-with-pre-existing-injuries/#common-pre-existing-conditions,0,13,0,7.62
https://rodenlaw.com/blog/recovering-damages-with-pre-existing-injuries/#eggshell-plaintiff,0,3,0,8.67
https://rodenlaw.com/blog/recovering-damages-with-pre-existing-injuries/#what-is-pre-existing-injury,0,13,0,7.62
https://rodenlaw.com/blog/recovering-lost-wages-after-a-truck-accident-on-i-526/,0,221,0,9.54
https://rodenlaw.com/blog/resolving-claims-through-arbitration/#arbitration-georgia,0,341,0,8.29
https://rodenlaw.com/blog/resolving-claims-through-arbitration/#arbitration-process,0,284,0,8.1
https://rodenlaw.com/blog/resolving-claims-through-arbitration/#arbitration-south-carolina,0,237,0,8.3
https://rodenlaw.com/blog/resolving-claims-through-arbitration/#binding-vs-non-binding,0,209,0,8.3
https://rodenlaw.com/blog/resolving-claims-through-arbitration/#ga-vs-sc-comparison,0,196,0,8.33
https://rodenlaw.com/blog/resolving-claims-through-arbitration/#what-is-arbitration,0,307,0,8.31
https://rodenlaw.com/blog/resolving-claims-through-arbitration/#when-arbitration-required,0,235,0,8.61
https://rodenlaw.com/blog/rivers-avenue-northwoods-bus-accident-lawyer-north-charleston/,0,92,0,14.68
https://rodenlaw.com/blog/rollover-crashes-and-what-they-do-to-body/,0,1,0,1
https://rodenlaw.com/blog/rollover-crashes-and-what-they-do-to-your-body/#common-injuries,0,1047,0,6.87
https://rodenlaw.com/blog/rollover-crashes-and-what-they-do-to-your-body/#comparative-fault,0,863,0,7.16
https://rodenlaw.com/blog/rollover-crashes-and-what-they-do-to-your-body/#damages-you-can-recover,0,942,0,7.09
https://rodenlaw.com/blog/rollover-crashes-and-what-they-do-to-your-body/#how-rollovers-happen,0,1035,0,6.94
https://rodenlaw.com/blog/rollover-crashes-and-what-they-do-to-your-body/#what-happens-to-your-body,0,876,0,7.16
https://rodenlaw.com/blog/rollover-crashes-and-what-they-do-to-your-body/#what-is-rollover-crash,0,943,0,7.29
https://rodenlaw.com/blog/rollover-crashes-and-what-they-do-to-your-body/#who-is-liable,0,1091,0,7.09
https://rodenlaw.com/blog/savannah-dangerous-highways-i16-i95-abercorn/#abercorn-street,0,5,0,8.8
https://rodenlaw.com/blog/savannah-dangerous-highways-i16-i95-abercorn/#common-causes,0,7,0,7.57
https://rodenlaw.com/blog/savannah-dangerous-highways-i16-i95-abercorn/#derenne-avenue,0,5,0,8.8
https://rodenlaw.com/blog/savannah-dangerous-highways-i16-i95-abercorn/#i-16,0,7,0,7.57
https://rodenlaw.com/blog/savannah-dangerous-highways-i16-i95-abercorn/#i-516,0,5,0,8.8
https://rodenlaw.com/blog/savannah-dangerous-highways-i16-i95-abercorn/#i-95,0,5,0,8.8
https://rodenlaw.com/blog/savannah-dangerous-highways-i16-i95-abercorn/#savannah-highway-danger,0,5,0,8.8
https://rodenlaw.com/blog/savannah-ppi-attorney/,0,506,0,37.89
https://rodenlaw.com/blog/savannah-veterans-parkway-car-accident-lawyer/,0,82,0,15.98
https://rodenlaw.com/blog/seeking-justice-after-a-fatigued-trucker-accident-on-i-26/,0,328,0,13.02
https://rodenlaw.com/blog/seven-safe-driving-tips/,0,268,0,51.12
https://rodenlaw.com/blog/shem-creek-boating-dock-injuries-mount-pleasant/#bui-south-carolina,0,19,0,7
https://rodenlaw.com/blog/shem-creek-boating-dock-injuries-mount-pleasant/#common-injuries,0,29,0,6.28
https://rodenlaw.com/blog/shem-creek-boating-dock-injuries-mount-pleasant/#comparative-fault,0,17,0,6.76
https://rodenlaw.com/blog/shem-creek-boating-dock-injuries-mount-pleasant/#maritime-law,0,26,0,6.77
https://rodenlaw.com/blog/shem-creek-boating-dock-injuries-mount-pleasant/#premises-liability,0,17,0,6.76
https://rodenlaw.com/blog/shem-creek-boating-dock-injuries-mount-pleasant/#shem-creek-overview,0,17,0,6.76
https://rodenlaw.com/blog/shem-creek-boating-dock-injuries-mount-pleasant/#waterway-hazards,0,28,0,6.39
https://rodenlaw.com/blog/should-i-file-a-personal-injury-or-a-workers-compensation-claim/,0,970,0,58.9
https://rodenlaw.com/blog/should-i-worry-if-i-have-stomach-pain-after-a-car-accident-in-charleston/,0,71,0,19.59
https://rodenlaw.com/blog/shoulder-injuries-after-charleston-car-crash/#common,0,1,0,7
https://rodenlaw.com/blog/shoulder-injuries-after-charleston-car-crash/#evidence,0,1,0,7
https://rodenlaw.com/blog/shoulder-injuries-after-charleston-car-crash/#shoulder,0,1,0,7
https://rodenlaw.com/blog/socastee-holmestown-road-underinsured-motorist-lawyer/,0,24,0,25.96
https://rodenlaw.com/blog/south-carolina-pedestrian-right-of-way-laws/#common-violations,0,75,0,7.13
https://rodenlaw.com/blog/south-carolina-pedestrian-right-of-way-laws/#comparative-fault,0,87,0,6.99
https://rodenlaw.com/blog/south-carolina-pedestrian-right-of-way-laws/#driver-duties,0,76,0,7.08
https://rodenlaw.com/blog/south-carolina-pedestrian-right-of-way-laws/#marked-vs-unmarked,0,134,0,6.52
https://rodenlaw.com/blog/south-carolina-pedestrian-right-of-way-laws/#pedestrian-duties,0,144,0,6.53
https://rodenlaw.com/blog/south-carolina-pedestrian-right-of-way-laws/#sc-statutes,0,144,0,6.53
https://rodenlaw.com/blog/south-carolina-pedestrian-right-of-way-laws/#what-is-right-of-way,0,75,0,7.13
https://rodenlaw.com/blog/southover-mills-b-lane-motorcycle-accident-lawyer/,0,56,0,13.41
https://rodenlaw.com/blog/st-simons-island-kings-way-motorcycle-accident-lawyer/,0,195,0,11
https://rodenlaw.com/blog/start-personal-injury-claim-from-home/,0,455,0,10.8
https://rodenlaw.com/blog/steps-after-dog-bite/,0,1647,0,35.63
https://rodenlaw.com/blog/summerville-i-26-18-wheeler-accident-lawyer-dorchester-county/,0,112,0,12.86
https://rodenlaw.com/blog/sunset-boulevard-west-columbia-drunk-driver-accident-lawyer/,0,143,0,13.96
https://rodenlaw.com/blog/switching-lawyers-during-a-case/#attorney-liens-fee-disputes,0,4,0,5.5
https://rodenlaw.com/blog/switching-lawyers-during-a-case/#ga-vs-sc-comparison,0,2,0,4.5
https://rodenlaw.com/blog/switching-lawyers-during-a-case/#georgia-rules,0,4,0,5.5
https://rodenlaw.com/blog/switching-lawyers-during-a-case/#how-to-switch-step-by-step,0,2,0,4.5
https://rodenlaw.com/blog/switching-lawyers-during-a-case/#right-to-change-attorneys,0,4,0,5.5
https://rodenlaw.com/blog/switching-lawyers-during-a-case/#south-carolina-rules,0,2,0,4.5
https://rodenlaw.com/blog/switching-lawyers-during-a-case/#warning-signs,0,2,0,4.5
https://rodenlaw.com/blog/tactics-insurers-use-to-deny-crash-claims-charleston/#insurance,0,3,0,3.33
https://rodenlaw.com/blog/tactics-insurers-use-to-deny-crash-claims-charleston/#reasons,0,3,0,3.33
https://rodenlaw.com/blog/tactics-insurers-use-to-deny-crash-claims-charleston/#sneaky,0,3,0,3.33
https://rodenlaw.com/blog/taxes-on-car-crash-settlement-in-georgia/#general-rule,0,229,0,6.54
https://rodenlaw.com/blog/taxes-on-car-crash-settlement-in-georgia/#georgia-state-taxes,0,57,0,5.79
https://rodenlaw.com/blog/taxes-on-car-crash-settlement-in-georgia/#non-taxable,0,183,0,6.82
https://rodenlaw.com/blog/taxes-on-car-crash-settlement-in-georgia/#settlement-structure,0,58,0,5.76
https://rodenlaw.com/blog/taxes-on-car-crash-settlement-in-georgia/#south-carolina-state-taxes,0,57,0,5.79
https://rodenlaw.com/blog/taxes-on-car-crash-settlement-in-georgia/#structuring,0,174,0,6.82
https://rodenlaw.com/blog/taxes-on-car-crash-settlement-in-georgia/#taxable,0,181,0,6.8
https://rodenlaw.com/blog/taxes-on-car-crash-settlement-in-georgia/#what-is-excluded,0,63,0,5.71
https://rodenlaw.com/blog/taxes-on-car-crash-settlement-in-georgia/#what-is-taxable,0,64,0,5.67
https://rodenlaw.com/blog/taxes-on-car-crash-settlement-in-georgia/#workers-comp-taxes,0,57,0,5.79
https://rodenlaw.com/blog/teenagers-and-driving-distracted/,0,1939,0,30.86
https://rodenlaw.com/blog/tenmile-i-26-best-car-accident-lawyer-north-charleston/,0,541,0,15.83
https://rodenlaw.com/blog/the-role-of-vocational-rehabilitation-in-workers-compensation-cases/#how-it-works,0,24,0,7.75
https://rodenlaw.com/blog/the-role-of-vocational-rehabilitation-in-workers-compensation-cases/#how-vocational-rehab-works,0,37,0,4.03
https://rodenlaw.com/blog/the-role-of-vocational-rehabilitation-in-workers-compensation-cases/#types-of-services,0,61,0,5.49
https://rodenlaw.com/blog/the-role-of-vocational-rehabilitation-in-workers-compensation-cases/#what-is-vocational-rehab,0,61,0,5.49
https://rodenlaw.com/blog/the-role-of-vocational-rehabilitation-in-workers-compensation-cases/#when-required,0,10,0,7.9
https://rodenlaw.com/blog/tips-for-choosing-a-motor-vehicle-accident-attorney/,0,805,0,16.4
https://rodenlaw.com/blog/traffic-tickets-and-car-accident-claims/#common-citations,0,161,0,7.67
https://rodenlaw.com/blog/traffic-tickets-and-car-accident-claims/#georgia-traffic-ticket-rules,0,157,0,7.48
https://rodenlaw.com/blog/traffic-tickets-and-car-accident-claims/#negligence-per-se,0,152,0,7.61
https://rodenlaw.com/blog/traffic-tickets-and-car-accident-claims/#south-carolina-traffic-ticket-rules,0,156,0,7.54
https://rodenlaw.com/blog/traffic-tickets-and-car-accident-claims/#ticket-as-evidence,0,141,0,7.74
https://rodenlaw.com/blog/traffic-tickets-and-car-accident-claims/#traffic-tickets-and-fault,0,177,0,7.47
https://rodenlaw.com/blog/traffic-tickets-and-car-accident-claims/#what-if-you-got-ticket,0,163,0,7.47
https://rodenlaw.com/blog/truck-accident-liability/,0,1264,0,53.36
https://rodenlaw.com/blog/understanding-eye-injuries-after-a-savannah-car-accident/#option,0,6,0,2.5
https://rodenlaw.com/blog/understanding-eye-injuries-after-a-savannah-car-accident/#types,0,6,0,2.5
https://rodenlaw.com/blog/using-uninsured-underinsured-motorist-coverage-in-georgia/#comparison-table,0,204,0,8.48
https://rodenlaw.com/blog/using-uninsured-underinsured-motorist-coverage-in-georgia/#georgia-um-uim-laws,0,1421,0,6.3
https://rodenlaw.com/blog/using-uninsured-underinsured-motorist-coverage-in-georgia/#south-carolina-um-uim-laws,0,602,0,6.22
https://rodenlaw.com/blog/using-uninsured-underinsured-motorist-coverage-in-georgia/#stacking,0,128,0,8.99
https://rodenlaw.com/blog/using-uninsured-underinsured-motorist-coverage-in-georgia/#stacking-coverage,0,326,0,6.79
https://rodenlaw.com/blog/using-uninsured-underinsured-motorist-coverage-in-georgia/#um-vs-uim,0,405,0,7.13
https://rodenlaw.com/blog/using-uninsured-underinsured-motorist-coverage-in-georgia/#what-is-um-uim,0,1372,0,7.06
https://rodenlaw.com/blog/using-uninsured-underinsured-motorist-coverage-in-georgia/#when-um-applies,0,245,0,8.49
https://rodenlaw.com/blog/using-uninsured-underinsured-motorist-coverage-in-georgia/#when-um-uim-applies,0,918,0,6.64
https://rodenlaw.com/blog/using-uninsured-underinsured-motorist-coverage-in-georgia/#why-you-need-it,0,323,0,8.29
https://rodenlaw.com/blog/uturn-crash-liability-in-charleston/#common,0,3147,0,7.08
https://rodenlaw.com/blog/uturn-crash-liability-in-charleston/#crashes,0,2927,0,7.09
https://rodenlaw.com/blog/uturn-crash-liability-in-charleston/#legal,0,2876,0,7.09
https://rodenlaw.com/blog/uturn-crash-liability-in-charleston/#share,0,3025,0,7.05
https://rodenlaw.com/blog/value-of-pain-and-suffering/#caps-georgia-south-carolina,0,645,0,7.62
https://rodenlaw.com/blog/value-of-pain-and-suffering/#comparative-fault,0,572,0,7.76
https://rodenlaw.com/blog/value-of-pain-and-suffering/#factors-that-affect-value,0,1071,0,7.34
https://rodenlaw.com/blog/value-of-pain-and-suffering/#how-pain-and-suffering-calculated,0,1189,0,7.46
https://rodenlaw.com/blog/value-of-pain-and-suffering/#types-of-pain-and-suffering,0,693,0,7.74
https://rodenlaw.com/blog/value-of-pain-and-suffering/#what-is-pain-and-suffering,0,662,0,7.45
https://rodenlaw.com/blog/wando-gardens-faber-place-drive-best-car-accident-lawyer-north-charleston/,0,171,0,16.47
https://rodenlaw.com/blog/wearing-headphones-while-driving-in-charleston/#difference,0,2569,0,5.17
https://rodenlaw.com/blog/wearing-headphones-while-driving-in-charleston/#headphones,0,2745,0,5.11
https://rodenlaw.com/blog/wearing-headphones-while-driving-in-charleston/#penalties,0,3017,0,5.02
https://rodenlaw.com/blog/west-ashley-sam-rittenberg-boulevard-motorcycle-accident-lawyer/,0,99,0,14.61
https://rodenlaw.com/blog/what-are-my-legal-options-after-a-rideshare-crash-in-charleston/,0,292,0,50.41
https://rodenlaw.com/blog/what-are-the-benefits-of-hiring-a-workers-compensation-lawyer/,0,547,0,21.44
https://rodenlaw.com/blog/what-are-the-upsides-of-filing-a-personal-injury-lawsuit/,0,97,0,8.45
https://rodenlaw.com/blog/what-happens-if-i-resign-while-on-workers-compensation/#ga-rules,0,1877,0,7.13
https://rodenlaw.com/blog/what-happens-if-i-resign-while-on-workers-compensation/#light-duty,0,1355,0,7.5
https://rodenlaw.com/blog/what-happens-if-i-resign-while-on-workers-compensation/#medical-benefits,0,1354,0,7.49
https://rodenlaw.com/blog/what-happens-if-i-resign-while-on-workers-compensation/#sc-rules,0,1873,0,7.13
https://rodenlaw.com/blog/what-happens-if-i-resign-while-on-workers-compensation/#short-answer,0,1878,0,7.14
https://rodenlaw.com/blog/what-happens-if-i-resign-while-on-workers-compensation/#voluntary-vs-constructive,0,1337,0,7.5
https://rodenlaw.com/blog/what-happens-if-i-resign-while-on-workers-compensation/#wage-benefits,0,1339,0,7.5
https://rodenlaw.com/blog/what-to-do-after-a-truck-accident-on-i-526-in-charleston/,0,336,0,20.38
https://rodenlaw.com/blog/what-to-do-after-car-accident-georgia/#after-leaving-the-scene,0,1,0,2
https://rodenlaw.com/blog/what-to-do-after-car-accident-georgia/#at-the-scene,0,1,0,2
https://rodenlaw.com/blog/what-to-do-after-car-accident-georgia/#comparative-fault,0,1,0,2
https://rodenlaw.com/blog/what-to-do-after-car-accident-georgia/#damages-you-can-recover,0,1,0,2
https://rodenlaw.com/blog/what-to-do-after-car-accident-georgia/#filing-a-claim,0,1,0,2
https://rodenlaw.com/blog/what-to-do-after-car-accident-georgia/#georgia-car-accident-laws,0,1,0,2
https://rodenlaw.com/blog/what-to-do-after-car-accident-south-carolina/#after-leaving-the-scene,0,47,0,6.11
https://rodenlaw.com/blog/what-to-do-after-car-accident-south-carolina/#at-the-scene,0,47,0,6.11
https://rodenlaw.com/blog/what-to-do-after-car-accident-south-carolina/#comparative-fault,0,47,0,6.11
https://rodenlaw.com/blog/what-to-do-after-car-accident-south-carolina/#damages,0,47,0,6.11
https://rodenlaw.com/blog/what-to-do-after-car-accident-south-carolina/#filing-a-claim,0,223,0,5.36
https://rodenlaw.com/blog/what-to-do-after-car-accident-south-carolina/#south-carolina-car-accident-laws,0,223,0,5.36
https://rodenlaw.com/blog/what-to-do-when-you-are-in-a-car-accident/#after-leaving,0,8,0,7.75
https://rodenlaw.com/blog/what-to-do-when-you-are-in-a-car-accident/#at-the-scene,0,41,0,6.63
https://rodenlaw.com/blog/what-to-do-when-you-are-in-a-car-accident/#georgia-specific,0,40,0,6.7
https://rodenlaw.com/blog/what-to-do-when-you-are-in-a-car-accident/#mistakes-to-avoid,0,7,0,8.29
https://rodenlaw.com/blog/what-to-do-when-you-are-in-a-car-accident/#south-carolina-specific,0,7,0,8.29
https://rodenlaw.com/blog/what-to-do-when-you-are-in-a-car-accident/#why-checklist-matters,0,7,0,8.29
https://rodenlaw.com/blog/when-does-a-sprained-ankle-become-a-work-related-injury/,0,1,0,1
https://rodenlaw.com/blog/when-to-call-charleston-personal-injury-lawyer/#reasons,0,77,0,8.83
https://rodenlaw.com/blog/when-to-call-charleston-personal-injury-lawyer/#standard,0,47,0,8.64
https://rodenlaw.com/blog/when-to-call-charleston-personal-injury-lawyer/#timing,0,59,0,8.97
https://rodenlaw.com/blog/who-is-at-fault-in-a-charleston-merge-accident-2/,0,18,0,9.11
https://rodenlaw.com/blog/why-federal-rules-matter-in-your-port-of-charleston-truck-accident-2/,0,33,0,5.64
https://rodenlaw.com/blog/why-federal-rules-matter-in-your-port-of-charleston-truck-accident/,0,138,0,18.43
https://rodenlaw.com/blog/why-is-having-a-personal-injury-lawyer-important/,0,332,0,20.92
https://rodenlaw.com/blog/why-should-i-consult-a-personal-injury-lawyer-for-my-accident/,0,163,0,15.78
https://rodenlaw.com/blog/workers-comp-for-carpal-tunnel-syndrome/#benefits-available,0,68,0,5.44
https://rodenlaw.com/blog/workers-comp-for-carpal-tunnel-syndrome/#carpal-tunnel-workplace-injury,0,69,0,5.41
https://rodenlaw.com/blog/workers-comp-for-carpal-tunnel-syndrome/#proving-work-related,0,68,0,5.46
https://rodenlaw.com/blog/workers-comp-for-carpal-tunnel-syndrome/#what-is-carpal-tunnel,0,67,0,5.49
https://rodenlaw.com/blog/workers-compensation-2017/,0,184,0,44.68
https://rodenlaw.com/blog/workers-compensation-benefit-types/,0,656,0,44.14
https://rodenlaw.com/blog/workers-compensation-faqs/,0,143,0,40.84
https://rodenlaw.com/blog/your-first-steps-after-a-truck-accident-in-downtown-columbia-sc/,0,28,0,29.25
https://rodenlaw.com/blog/your-guide-to-documenting-a-james-island-parkway-car-accident/,0,651,0,17.61
https://rodenlaw.com/blog/your-guide-to-justice-after-a-charleston-truck-accident-2/,0,36,0,17.06
https://rodenlaw.com/blog/your-guide-to-rideshare-accidents-in-downtown-charleston/,0,345,0,34.85
https://rodenlaw.com/blog/your-step-by-step-guide-after-a-downtown-columbia-truck-accident/,0,208,0,18.33
https://rodenlaw.com/blunt-force-trauma-from-a-crash-what-you-need-to-know/,0,908,0,10.84
https://rodenlaw.com/boating-accident-lawyers/charleston-sc/,0,5578,0,19.68
https://rodenlaw.com/boating-accident-lawyers/commercial-vessel-accident/,0,75,0,16.39
https://rodenlaw.com/boating-accident-lawyers/darien-ga/,0,191,0,24.02
https://rodenlaw.com/boating-accident-lawyers/jet-ski-personal-watercraft/,0,1177,0,33.11
https://rodenlaw.com/boating-accident-lawyers/kayak-canoe-accident/,0,299,0,11.76
https://rodenlaw.com/boating-accident-lawyers/myrtle-beach-sc/,0,1043,0,31.03
https://rodenlaw.com/boating-accident-lawyers/north-charleston-sc/,0,1631,0,30.45
https://rodenlaw.com/boating-accident-lawyers/sailboat-accident/,0,85,0,21.93
https://rodenlaw.com/boating-accident-lawyers/savannah-ga/,0,1680,0,9.19
https://rodenlaw.com/boating-accident-lawyers/speedboat-powerboat-collision/,0,175,0,32.02
https://rodenlaw.com/brain-injury-lawyers/charleston-sc/,0,3064,0,12.82
https://rodenlaw.com/brain-injury-lawyers/columbia-sc/,0,28,0,17.11
https://rodenlaw.com/brain-injury-lawyers/darien-ga/,0,680,0,34.12
https://rodenlaw.com/brain-injury-lawyers/myrtle-beach-sc/,0,1638,0,21.14
https://rodenlaw.com/brain-injury-lawyers/savannah-ga/,0,7086,0,16.62
https://rodenlaw.com/brain-injury-lawyers/severe-traumatic-brain-injury/,0,427,0,39.94
https://rodenlaw.com/brunswick/personal-injury-lawyer/,0,1837,0,19.86
https://rodenlaw.com/brunswick/truck-accident-lawyers/,0,7,0,1
https://rodenlaw.com/brunswick/workers-compensation-attorney/,0,45,0,1
https://rodenlaw.com/burn-injury-lawyers/darien-ga/,0,5,0,19
https://rodenlaw.com/burn-injury-lawyers/defective-product-burn/,0,71,0,15.39
https://rodenlaw.com/burn-injury-lawyers/myrtle-beach-sc/,0,134,0,9.4
https://rodenlaw.com/burn-injury-lawyers/north-charleston-sc/,0,714,0,54.28
https://rodenlaw.com/burn-injury-lawyers/savannah-ga/,0,1455,0,18.33
https://rodenlaw.com/can-a-witness-be-forced-to-testify-for-a-savannah-car-crash-case/,0,2,0,1
https://rodenlaw.com/car-accident-lawyers/construction-vehicle-accident/,0,223,0,14.9
https://rodenlaw.com/car-accident-lawyers/delivery-vehicle-accident/,0,226,0,60.34
https://rodenlaw.com/car-accident-lawyers/distracted-driving-accident/,0,2145,0,28.24
https://rodenlaw.com/car-accident-lawyers/drunk-driver-accident/,0,220,0,29.77
https://rodenlaw.com/car-accident-lawyers/hit-and-run-accident/,0,45,0,13.8
https://rodenlaw.com/car-accident-lawyers/i-26-accident/,0,32,0,17.09
https://rodenlaw.com/car-accident-lawyers/multi-vehicle-pileup/,0,121,0,15.99
https://rodenlaw.com/car-accident-lawyers/myrtle-beach-sc/,0,2333,0,24.3
https://rodenlaw.com/car-accident-lawyers/north-charleston-sc/,0,2759,0,33.57
https://rodenlaw.com/car-accident-lawyers/rivers-avenue-accident/,0,39,0,13.92
https://rodenlaw.com/car-accident-lawyers/service-vehicle-accident/,0,80,0,13.88
https://rodenlaw.com/car-accident-lawyers/t-bone-accident/,0,1392,0,23.73
https://rodenlaw.com/car-accident-lawyers/uber-lyft-accident/,0,586,0,30.96
https://rodenlaw.com/carriage-tour-accidents-downtown-charleston-liability/,0,18,0,7
https://rodenlaw.com/case-result/100000-recovery-work-injury/,0,4,0,3.5
https://rodenlaw.com/case-result/100000-recovery-workers-compensation-2/,0,3,0,33
https://rodenlaw.com/case-result/100000-resolution-auto-accident-4/,0,1,0,7
https://rodenlaw.com/case-result/100000-resolution-auto-accident-5/,0,6,0,18.83
https://rodenlaw.com/case-result/100000-resolution-auto-accident/,0,1,0,11
https://rodenlaw.com/case-result/100000-settlement-auto-accident-2/,0,23,0,28.22
https://rodenlaw.com/case-result/100000-settlement-auto-accident-3/,0,2,0,12
https://rodenlaw.com/case-result/100000-settlement-auto-accident-4/,0,11,0,15.73
https://rodenlaw.com/case-result/100000-settlement-auto-accident-5/,0,25,0,24.44
https://rodenlaw.com/case-result/100000-settlement-auto-accident-6/,0,25,0,18.8
https://rodenlaw.com/case-result/100000-settlement-auto-accident-7/,0,11,0,34
https://rodenlaw.com/case-result/100000-settlement-auto-accident-8/,0,40,0,25.6
https://rodenlaw.com/case-result/100000-settlement-auto-accident/,0,15,0,31.87
https://rodenlaw.com/case-result/100000-settlement-workers-compensation-2/,0,10,0,8.1
https://rodenlaw.com/case-result/100000-settlement-workers-compensation/,0,11,0,18.45
https://rodenlaw.com/case-result/1000000-recovery-auto-accident/,0,4,0,6
https://rodenlaw.com/case-result/1000000-settlement-auto-accident/,0,18,0,7.5
https://rodenlaw.com/case-result/103000-recovery-workers-compensation/,0,10,0,18.1
https://rodenlaw.com/case-result/106000-recovery-workers-compensation/,0,1,0,12
https://rodenlaw.com/case-result/10860000-verdict-product-liability/,0,94,0,14.94
https://rodenlaw.com/case-result/117500-recovery-truck-accidents/,0,68,0,15.84
https://rodenlaw.com/case-result/120000-recovery-auto-accident/,0,8,0,9.62
https://rodenlaw.com/case-result/120000-recovery-workers-compensation/,0,13,0,9.08
https://rodenlaw.com/case-result/120000-settlement-truck-accidents/,0,29,0,4.93
https://rodenlaw.com/case-result/123000-settlement-auto-accident/,0,1,0,7
https://rodenlaw.com/case-result/125000-recovery-auto-accident/,0,18,0,4.17
https://rodenlaw.com/case-result/125000-resolution-auto-accident/,0,17,0,6.88
https://rodenlaw.com/case-result/125000-settlement-auto-accident/,0,6,0,7.83
https://rodenlaw.com/case-result/125000-settlement-workers-compensation/,0,14,0,7.5
https://rodenlaw.com/case-result/130000-settlement-workers-compensation/,0,22,0,6.68
https://rodenlaw.com/case-result/1300000-settlement-auto-accident/,0,1,0,19
https://rodenlaw.com/case-result/135000-recovery-auto-accident/,0,3,0,4.33
https://rodenlaw.com/case-result/135000-settlement-premises-liability/,0,45,0,19.38
https://rodenlaw.com/case-result/135000-workers-comp-resolution-workers-compensation/,0,23,0,5.04
https://rodenlaw.com/case-result/150000-recovery-premises-liability/,0,18,0,9.11
https://rodenlaw.com/case-result/150000-recovery-truck-accident/,0,1,0,93
https://rodenlaw.com/case-result/150000-resolution-auto-accident/,0,6,0,31.67
https://rodenlaw.com/case-result/150000-settlement-auto-accident-2/,0,49,0,12.43
https://rodenlaw.com/case-result/150000-settlement-auto-accident-3/,0,7,0,7
https://rodenlaw.com/case-result/150000-settlement-auto-accident-4/,0,7,0,11.29
https://rodenlaw.com/case-result/150000-settlement-auto-accident/,0,14,0,7.14
https://rodenlaw.com/case-result/155000-settlement-auto-accident/,0,8,0,8.75
https://rodenlaw.com/case-result/1550000-settlement-auto-accident/,0,48,0,8.04
https://rodenlaw.com/case-result/160000-recovery-truck-accidents/,0,27,0,42.3
https://rodenlaw.com/case-result/160000-settlement-workers-compensation/,0,50,0,9.94
https://rodenlaw.com/case-result/162500-settlement-premises-liability/,0,129,0,12.53
https://rodenlaw.com/case-result/1675000-recovery-auto-accident/,0,21,0,4.1
https://rodenlaw.com/case-result/172000-settlement-workers-compensation/,0,7,0,47.29
https://rodenlaw.com/case-result/175000-settlement-auto-accident/,0,51,0,8.71
https://rodenlaw.com/case-result/190000-settlement-auto-accident/,0,44,0,16.2
https://rodenlaw.com/case-result/200000-settlement-auto-accident-2/,0,6,0,11.17
https://rodenlaw.com/case-result/200000-settlement-auto-accident/,0,9,0,6.89
https://rodenlaw.com/case-result/200000-settlement-premises-liability/,0,24,0,15.96
https://rodenlaw.com/case-result/205000-resolution-auto-accident/,0,20,0,7.3
https://rodenlaw.com/case-result/205000-settlement-auto-accident/,0,11,0,5.55
https://rodenlaw.com/case-result/210000-recovery-truck-accidents/,0,16,0,55.88
https://rodenlaw.com/case-result/210000-settlement-auto-accident/,0,17,0,12.18
https://rodenlaw.com/case-result/225000-resolution-auto-accident/,0,5,0,62.2
https://rodenlaw.com/case-result/225000-settlement-auto-accident/,0,33,0,52.03
https://rodenlaw.com/case-result/250000-settlement-auto-accident-2/,0,11,0,12.36
https://rodenlaw.com/case-result/250000-settlement-auto-accident-3/,0,9,0,21.22
https://rodenlaw.com/case-result/250000-settlement-auto-accident-4/,0,12,0,19.83
https://rodenlaw.com/case-result/250000-settlement-auto-accident/,0,31,0,10.45
https://rodenlaw.com/case-result/275000-settlement-auto-accident-2/,0,8,0,21
https://rodenlaw.com/case-result/275000-settlement-auto-accident-3/,0,22,0,18.68
https://rodenlaw.com/case-result/275000-settlement-auto-accident/,0,17,0,20.88
https://rodenlaw.com/case-result/295000-recovery-auto-accident/,0,11,0,49.36
https://rodenlaw.com/case-result/300000-recovery-truck-accidents/,0,3,0,31.67
https://rodenlaw.com/case-result/300000-settlement-auto-accident-2/,0,22,0,6.41
https://rodenlaw.com/case-result/300000-settlement-auto-accident-3/,0,42,0,8.88
https://rodenlaw.com/case-result/300000-settlement-auto-accident-4/,0,77,0,11.44
https://rodenlaw.com/case-result/300000-settlement-auto-accident/,0,32,0,14.03
https://rodenlaw.com/case-result/300000-settlement-premises-liability/,0,33,0,14.36
https://rodenlaw.com/case-result/300000-settlement-workers-compensation/,0,31,0,10.94
https://rodenlaw.com/case-result/3000000-settlement-auto-accident/,0,15,0,10.73
https://rodenlaw.com/case-result/305000-settlement-premises-liability-2/,0,18,0,18.78
https://rodenlaw.com/case-result/305000-settlement-premises-liability/,0,133,0,62.24
https://rodenlaw.com/case-result/318000-settlement-truck-accident/,0,1,0,8
https://rodenlaw.com/case-result/320000-recovery-workers-compensation/,0,1,0,7
https://rodenlaw.com/case-result/350000-settlement-nursing-home-elder-abuse/,0,119,0,38.67
https://rodenlaw.com/case-result/385000-recovery-auto-accident/,0,1,0,3
https://rodenlaw.com/case-result/400000-settlement-auto-accident-2/,0,7,0,10.14
https://rodenlaw.com/case-result/400000-settlement-auto-accident/,0,9,0,28.78
https://rodenlaw.com/case-result/465000-recovery-truck-accidents/,0,5,0,5.6
https://rodenlaw.com/case-result/496000-settlement-truck-accidents/,0,55,0,12.6
https://rodenlaw.com/case-result/500000-recovery-truck-accidents/,0,32,0,26.81
https://rodenlaw.com/case-result/500000-workers-comp-resolution-workers-compensation/,0,46,0,20.52
https://rodenlaw.com/case-result/515000-settlement-auto-accident/,0,1,0,5
https://rodenlaw.com/case-result/525000-recovery-auto-accident/,0,105,0,36.77
https://rodenlaw.com/case-result/525000-settlement-truck-accidents/,0,44,0,8.57
https://rodenlaw.com/case-result/575000-settlement-auto-accident/,0,13,0,7.92
https://rodenlaw.com/case-result/575000-settlement-truck-accidents/,0,4,0,12.25
https://rodenlaw.com/case-result/575000-settlement-workers-compensation/,0,19,0,8.47
https://rodenlaw.com/case-result/600000-settlement-truck-accidents/,0,68,0,43.5
https://rodenlaw.com/case-result/650000-recovery-truck-accidents/,0,3,0,15.67
https://rodenlaw.com/case-result/700000-recovery-auto-accident/,0,6,0,4.67
https://rodenlaw.com/case-result/700000-settlement-product-liability/,0,16,0,7.94
https://rodenlaw.com/case-result/780000-resolution-truck-accidents/,0,4,0,6
https://rodenlaw.com/case-result/900000-settlement-workers-compensation/,0,40,0,8.4
https://rodenlaw.com/case-result/9800000-recovery-premises-liability/,0,69,0,7.3
https://rodenlaw.com/case-results/100000-policy-limits-auto-accident/,0,8,0,4.25
https://rodenlaw.com/case-results/100000-recovery-work-injury/,0,13,0,6.62
https://rodenlaw.com/case-results/100000-settlement-auto-accident-3/,0,1,0,3
https://rodenlaw.com/case-results/100000-settlement-auto-accident-7/,0,2,0,10.5
https://rodenlaw.com/case-results/100000-settlement-auto-accident/,0,12,0,6.33
https://rodenlaw.com/case-results/100000-settlement-nursing-home/,0,1,0,36
https://rodenlaw.com/case-results/100000-settlement-workers-compensation/,0,5,0,51
https://rodenlaw.com/case-results/1000000-recovery-auto-accident/,0,2,0,79.5
https://rodenlaw.com/case-results/1000000-settlement-auto-accident/,0,12,0,6.58
https://rodenlaw.com/case-results/103000-recovery-workers-compensation/,0,2,0,4.5
https://rodenlaw.com/case-results/10860000-verdict-product-liability/,0,34,0,3.03
https://rodenlaw.com/case-results/117500-recovery-truck-accident/,0,14,0,7.79
https://rodenlaw.com/case-results/120000-settlement-truck-accident/,0,1,0,4
https://rodenlaw.com/case-results/123000-settlement-auto-accident/,0,4,0,26.75
https://rodenlaw.com/case-results/125000-recovery-auto-accident/,0,7,0,48.71
https://rodenlaw.com/case-results/125000-resolution-auto-accident/,0,4,0,93.5
https://rodenlaw.com/case-results/125000-settlement-auto-accident-2/,0,1,0,10
https://rodenlaw.com/case-results/125000-settlement-auto-accident/,0,8,0,24.38
https://rodenlaw.com/case-results/125000-settlement-workers-compensation/,0,4,0,27.5
https://rodenlaw.com/case-results/1250000-settlement-wrongful-death/,0,6,0,40.33
https://rodenlaw.com/case-results/130000-recovery-animal-attack/,0,2,0,76
https://rodenlaw.com/case-results/130000-settlement-auto-accident/,0,5,0,25.8
https://rodenlaw.com/case-results/1300000-settlement-auto-accident/,0,4,0,21
https://rodenlaw.com/case-results/135000-recovery-auto-accident/,0,2,0,11
https://rodenlaw.com/case-results/135000-resolution-workers-compensation/,0,1,0,153
https://rodenlaw.com/case-results/135000-settlement-premises-liability/,0,5,0,98.2
https://rodenlaw.com/case-results/140000-settlement-auto-accident/,0,4,0,31
https://rodenlaw.com/case-results/150000-recovery-premises-liability/,0,2,0,83
https://rodenlaw.com/case-results/150000-resolution-auto-accident/,0,4,0,67
https://rodenlaw.com/case-results/150000-settlement-auto-accident-2/,0,5,0,5.6
https://rodenlaw.com/case-results/150000-settlement-auto-accident/,0,4,0,31.75
https://rodenlaw.com/case-results/155000-settlement-auto-accident/,0,3,0,8
https://rodenlaw.com/case-results/1550000-settlement-auto-accident/,0,15,0,8.67
https://rodenlaw.com/case-results/160000-settlement-workers-compensation/,0,1,0,7
https://rodenlaw.com/case-results/162500-settlement-premises-liability/,0,3,0,9
https://rodenlaw.com/case-results/162500-settlement-truck-accident/,0,3,0,7.33
https://rodenlaw.com/case-results/1675000-recovery-auto-accident/,0,16,0,8.19
https://rodenlaw.com/case-results/1700000-settlement-brain-injury/,0,5,0,4.8
https://rodenlaw.com/case-results/172000-settlement-workers-compensation/,0,3,0,50.67
https://rodenlaw.com/case-results/175000-settlement-auto-accident/,0,17,0,9.65
https://rodenlaw.com/case-results/180000-settlement-truck-accident/,0,2,0,71.5
https://rodenlaw.com/case-results/190000-settlement-auto-accident/,0,6,0,30.67
https://rodenlaw.com/case-results/200000-policy-limits-auto-accident/,0,4,0,56.5
https://rodenlaw.com/case-results/200000-recovery-workers-compensation/,0,1,0,7
https://rodenlaw.com/case-results/200000-resolution-auto-accident/,0,2,0,6.5
https://rodenlaw.com/case-results/200000-settlement-auto-accident/,0,9,0,22.56
https://rodenlaw.com/case-results/200000-settlement-premises-liability/,0,2,0,9
https://rodenlaw.com/case-results/205000-resolution-auto-accident/,0,7,0,9.14
https://rodenlaw.com/case-results/205000-settlement-auto-accident/,0,2,0,8.5
https://rodenlaw.com/case-results/210000-recovery-truck-accident/,0,3,0,9.33
https://rodenlaw.com/case-results/210000-settlement-auto-accident/,0,1,0,4
https://rodenlaw.com/case-results/225000-recovery-auto-accident/,0,1,0,5
https://rodenlaw.com/case-results/225000-resolution-auto-accident/,0,2,0,15
https://rodenlaw.com/case-results/225000-settlement-auto-accident/,0,5,0,5.6
https://rodenlaw.com/case-results/250000-policy-limits-dui-accident/,0,3,0,8
https://rodenlaw.com/case-results/250000-recovery-wrongful-death/,0,12,0,2.75
https://rodenlaw.com/case-results/250000-settlement-auto-accident-2/,0,2,0,8.5
https://rodenlaw.com/case-results/250000-settlement-auto-accident/,0,1,0,2
https://rodenlaw.com/case-results/250000-settlement-premises-liability/,0,7,0,46.57
https://rodenlaw.com/case-results/2500000-settlement-auto-accident/,0,40,0,21.38
https://rodenlaw.com/case-results/27000000-settlement-truck-accident/,0,47,0,7.57
https://rodenlaw.com/case-results/275000-settlement-auto-accident-3/,0,8,0,13.75
https://rodenlaw.com/case-results/275000-settlement-auto-accident/,0,8,0,4.62
https://rodenlaw.com/case-results/300000-recovery-product-liability/,0,11,0,15.36
https://rodenlaw.com/case-results/300000-recovery-truck-accident/,0,2,0,12
https://rodenlaw.com/case-results/300000-resolution-auto-accident/,0,9,0,5.78
https://rodenlaw.com/case-results/300000-settlement-auto-accident-2/,0,1,0,8
https://rodenlaw.com/case-results/300000-settlement-auto-accident/,0,16,0,11.06
https://rodenlaw.com/case-results/300000-settlement-premises-liability/,0,1,0,2
https://rodenlaw.com/case-results/300000-settlement-workers-compensation/,0,5,0,29.8
https://rodenlaw.com/case-results/3000000-settlement-auto-accident/,0,2,0,48.5
https://rodenlaw.com/case-results/305000-settlement-premises-liability-2/,0,6,0,38.83
https://rodenlaw.com/case-results/318000-settlement-truck-accident/,0,4,0,5.75
https://rodenlaw.com/case-results/320000-recovery-workers-compensation/,0,1,0,7
https://rodenlaw.com/case-results/325000-resolution-auto-accident/,0,3,0,3
https://rodenlaw.com/case-results/3350000-verdict-premises-liability/,0,15,0,7.27
https://rodenlaw.com/case-results/350000-settlement-nursing-home-elder-abuse/,0,28,0,8.61
https://rodenlaw.com/case-results/355000-settlement-auto-accident/,0,20,0,30.5
https://rodenlaw.com/case-results/400000-settlement-auto-accident-2/,0,8,0,31.38
https://rodenlaw.com/case-results/400000-settlement-auto-accident/,0,4,0,28
https://rodenlaw.com/case-results/400000-settlement-premises-liability/,0,5,0,25.6
https://rodenlaw.com/case-results/405000-settlement-auto-accident/,0,5,0,65.2
https://rodenlaw.com/case-results/465000-recovery-truck-accident/,0,3,0,160.33
https://rodenlaw.com/case-results/496000-settlement-truck-accident/,0,25,0,6.08
https://rodenlaw.com/case-results/500000-resolution-workers-compensation/,0,2,0,81
https://rodenlaw.com/case-results/500000-settlement-auto-accident/,0,22,0,9.32
https://rodenlaw.com/case-results/515000-settlement-auto-accident/,0,8,0,8.5
https://rodenlaw.com/case-results/525000-recovery-auto-accident/,0,3,0,45.67
https://rodenlaw.com/case-results/525000-settlement-truck-accident/,0,1,0,1
https://rodenlaw.com/case-results/565000-settlement-truck-accident/,0,2,0,4
https://rodenlaw.com/case-results/575000-settlement-auto-accident/,0,14,0,9.29
https://rodenlaw.com/case-results/575000-settlement-truck-accident/,0,2,0,2.5
https://rodenlaw.com/case-results/600000-recovery-truck-accident/,0,3,0,5.33
https://rodenlaw.com/case-results/600000-settlement-auto-accident-2/,0,6,0,19
https://rodenlaw.com/case-results/600000-settlement-auto-accident/,0,1,0,5
https://rodenlaw.com/case-results/600000-settlement-truck-accident/,0,16,0,6.25
https://rodenlaw.com/case-results/650000-recovery-truck-accident/,0,5,0,5.4
https://rodenlaw.com/case-results/700000-recovery-auto-accident/,0,5,0,37.2
https://rodenlaw.com/case-results/700000-settlement-product-liability/,0,17,0,2.47
https://rodenlaw.com/case-results/750000-recovery-truck-accident-2/,0,2,0,10
https://rodenlaw.com/case-results/900000-settlement-truck-accident/,0,2,0,3
https://rodenlaw.com/case-results/900000-settlement-workers-compensation/,0,3,0,3.67
https://rodenlaw.com/case-results/950000-recovery-truck-accident/,0,1,0,15
https://rodenlaw.com/case-results/9800000-recovery-premises-liability/,0,21,0,6.67
https://rodenlaw.com/category/accident-compensation/,0,199,0,11.1
https://rodenlaw.com/category/bicycle-accident/,0,402,0,60.86
https://rodenlaw.com/category/car-accident-help/,0,210,0,14.6
https://rodenlaw.com/category/car-accident/,0,58,0,17.74
https://rodenlaw.com/category/car-accidents/,0,12,0,6.92
https://rodenlaw.com/category/charleston/,0,119,0,11.03
https://rodenlaw.com/category/columbia/,0,37,0,4.65
https://rodenlaw.com/category/commercial-vehicles/,0,29,0,8.1
https://rodenlaw.com/category/free-case-review/,0,242,0,8.16
https://rodenlaw.com/category/lost-wages-support/,0,4,0,8.75
https://rodenlaw.com/category/medical-bill-recovery/,0,51,0,7.65
https://rodenlaw.com/category/medical-malpractice/,0,17,0,8.18
https://rodenlaw.com/category/myrtle-beach/,0,21,0,10.86
https://rodenlaw.com/category/nursing-home-abuse/,0,7,0,39.14
https://rodenlaw.com/category/pain-and-suffering/,0,58,0,6.55
https://rodenlaw.com/category/personal-injury/,0,52,0,15.02
https://rodenlaw.com/category/truck-accidents/,0,92,0,14.7
https://rodenlaw.com/category/uncategorized/,0,8,0,34
https://rodenlaw.com/category/workers-compensation/,0,9,0,21
https://rodenlaw.com/charleston/boating-accident-lawyers/,0,10420,0,48.32
https://rodenlaw.com/charleston/practice-areas/,0,515,0,28.26
https://rodenlaw.com/class-action-lawyers,0,1763,0,32.59
https://rodenlaw.com/class-action-lawyers/camp-lejeune-lawsuits/,0,1896,0,12.01
https://rodenlaw.com/class-action-lawyers/dangerous-drugs/,0,110,0,56.02
https://rodenlaw.com/class-action-lawyers/invokana/,0,393,0,25.61
https://rodenlaw.com/class-action-lawyers/onglyza/,0,1074,0,12.82
https://rodenlaw.com/class-action-lawyers/ozempic-lawsuits/,0,1970,0,14.69
https://rodenlaw.com/class-action-lawyers/roundup/,0,698,0,12.61
https://rodenlaw.com/class-action/ivc-filter/,0,68,0,12.47
https://rodenlaw.com/class-action/talcum-powder/,0,8,0,18
https://rodenlaw.com/class-actions/,0,672,0,3.94
https://rodenlaw.com/columbia-car-accident-lawyers/,0,302,0,39.94
https://rodenlaw.com/columbia-sc/columbia-sc/,0,1,0,1
https://rodenlaw.com/compensation-for-car-crash-facial-injuries-charleston/,0,9,0,28.67
https://rodenlaw.com/construction-accident-lawyers/charleston-sc/,0,3017,0,19.44
https://rodenlaw.com/construction-accident-lawyers/columbia-sc/,0,3051,0,9.49
https://rodenlaw.com/construction-accident-lawyers/crane-heavy-equipment-accident/,0,146,0,28.86
https://rodenlaw.com/construction-accident-lawyers/darien-ga/,0,151,0,20.05
https://rodenlaw.com/construction-accident-lawyers/defective-construction-equipment/,0,581,0,9.46
https://rodenlaw.com/construction-accident-lawyers/falling-object-injury/,0,1075,0,16.25
https://rodenlaw.com/construction-accident-lawyers/highway-road-construction-accident/,0,141,0,13.66
https://rodenlaw.com/construction-accident-lawyers/myrtle-beach-sc/,0,517,0,16.98
https://rodenlaw.com/construction-accident-lawyers/north-charleston-sc/,0,269,0,37.53
https://rodenlaw.com/construction-accident-lawyers/roofing-accident/,0,353,0,30.27
https://rodenlaw.com/construction-accident-lawyers/savannah-ga/,0,7203,0,13.8
https://rodenlaw.com/contact-us,0,1862,0,10.57
https://rodenlaw.com/contact-us/?utm=myrtle-beach-gbp,0,140,0,13.11
https://rodenlaw.com/contact/?utm_source=google&utm_medium=organic&utm_campaign=gbp-appt-myrtle-beach,0,1,0,1
https://rodenlaw.com/contact/?utm_source=google&utm_medium=organic&utm_campaign=gbp-appt-north-charleston,0,3,0,1
https://rodenlaw.com/contact/?utm_source=google&utm_medium=organic&utm_campaign=gbp-appt-savannah,0,4,0,11.25
https://rodenlaw.com/daniel-island-accidents-event-traffic-golf-carts/,0,6,0,8
https://rodenlaw.com/darien-ga/,0,1,0,1
https://rodenlaw.com/dog-bite-lawyers/darien-ga/,0,193,0,17.1
https://rodenlaw.com/dog-bite-lawyers/north-charleston-sc/,0,878,0,46.32
https://rodenlaw.com/electric-scooter-accident-lawyers/charleston-sc/,0,631,0,18.95
https://rodenlaw.com/electric-scooter-accident-lawyers/columbia-sc/,0,2426,0,17.47
https://rodenlaw.com/electric-scooter-accident-lawyers/darien-ga/,0,500,0,23.95
https://rodenlaw.com/electric-scooter-accident-lawyers/north-charleston-sc/,0,674,0,42.68
https://rodenlaw.com/emergency-room-errors-charleston-misdiagnosis-malpractice/,0,29,0,9.72
https://rodenlaw.com/es,0,106,0,56.71
https://rodenlaw.com/es/,0,2378,0,38.58
https://rodenlaw.com/es/about/,0,37,0,14.57
https://rodenlaw.com/es/bicycle-accident-lawyers/charleston-sc/,0,772,0,25.42
https://rodenlaw.com/es/bicycle-accident-lawyers/darien-ga/,0,125,0,29.99
https://rodenlaw.com/es/bicycle-accident-lawyers/myrtle-beach-sc/,0,188,0,11.39
https://rodenlaw.com/es/bicycle-accident-lawyers/north-charleston-sc/,0,198,0,9.3
https://rodenlaw.com/es/bicycle-accident-lawyers/savannah-ga/,0,45,0,28.33
https://rodenlaw.com/es/blog/,0,32,0,7.66
https://rodenlaw.com/es/blog/brunswick-ocean-highway-us-17-underinsured-motorist-lawyer-glynn-county/,0,28,0,26.89
https://rodenlaw.com/es/blog/cayce-12th-street-uninsured-motorist-lawyer/,0,9,0,13.78
https://rodenlaw.com/es/blog/chicora-cherokee-carner-avenue-us-52-car-accident-attorney-north-charleston/,0,16,0,20.38
https://rodenlaw.com/es/blog/dick-pond-road-sc-544-truck-accident-lawyer-surfside-beach/,0,42,0,15.69
https://rodenlaw.com/es/blog/east-bay-street-savannah-pedestrian-accident-lawyer/,0,12,0,9.25
https://rodenlaw.com/es/blog/eastern-wharf-harbor-street-electric-scooter-accident-lawyer/,0,47,0,23.15
https://rodenlaw.com/es/blog/eulonia-us-17-ocean-highway-rideshare-uber-accident-lawyer-mcintosh-county/,0,25,0,14.96
https://rodenlaw.com/es/blog/garden-city-ga-21-augusta-road-car-accident-lawyer/,0,30,0,8.93
https://rodenlaw.com/es/blog/green-grove-mark-clark-expressway-uninsured-motorist-lawyer-north-charleston/,0,60,0,10.48
https://rodenlaw.com/es/blog/i-20-bush-river-road-motorcycle-accident-lawyer-columbia/,0,142,0,9.37
https://rodenlaw.com/es/blog/kemira-plant-drive-savannah-fatal-truck-accident-lawyer/,0,20,0,23.75
https://rodenlaw.com/es/blog/litchfield-pawleys-island-golf-cart-accident-lawyer-georgetown-county/,0,15,0,21.2
https://rodenlaw.com/es/blog/mount-pleasant-johnnie-dodds-us-17-uninsured-motorist-lawyer/,0,36,0,25.06
https://rodenlaw.com/es/blog/mount-pleasant-mark-clark-expressway-i-526-motorcycle-accident-lawyer/,0,14,0,28.29
https://rodenlaw.com/es/blog/murrells-inlet-jet-ski-accident-lawyer/,0,27,0,16.63
https://rodenlaw.com/es/blog/n-lake-drive-dick-pond-road-sc-544-underinsured-motorist-lawyer/,0,59,0,17.86
https://rodenlaw.com/es/blog/n-lake-drive-us-17-business-best-car-accident-lawyer/,0,71,0,24.86
https://rodenlaw.com/es/blog/rivers-avenue-northwoods-bus-accident-lawyer-north-charleston/,0,30,0,11.97
https://rodenlaw.com/es/blog/southover-mills-b-lane-motorcycle-accident-lawyer/,0,30,0,19.33
https://rodenlaw.com/es/blog/st-andrews-road-widewater-18-wheeler-accident-lawyer-richland-county/,0,25,0,19.72
https://rodenlaw.com/es/blog/st-simons-island-kings-way-motorcycle-accident-lawyer/,0,56,0,15.29
https://rodenlaw.com/es/blog/summerville-i-26-18-wheeler-accident-lawyer-dorchester-county/,0,40,0,38.15
https://rodenlaw.com/es/blog/tenmile-i-26-best-car-accident-lawyer-north-charleston/,0,59,0,21.19
https://rodenlaw.com/es/blog/wando-gardens-faber-place-drive-best-car-accident-lawyer-north-charleston/,0,92,0,11.37
https://rodenlaw.com/es/car-accident-lawyers/charleston-sc/,0,683,0,11.92
https://rodenlaw.com/es/car-accident-lawyers/columbia-sc/,0,668,0,24.9
https://rodenlaw.com/es/car-accident-lawyers/myrtle-beach-sc/,0,1710,0,12.75
https://rodenlaw.com/es/construction-accident-lawyers/columbia-sc/,0,133,0,20.11
https://rodenlaw.com/es/construction-accident-lawyers/myrtle-beach-sc/,0,855,0,13.01
https://rodenlaw.com/es/construction-accident-lawyers/north-charleston-sc/,0,30,0,15.63
https://rodenlaw.com/es/construction-accident-lawyers/savannah-ga/,0,50,0,22.04
https://rodenlaw.com/es/locations/,0,88,0,10.65
https://rodenlaw.com/es/locations/georgia/darien/,0,45,0,13.27
https://rodenlaw.com/es/locations/south-carolina/charleston/,0,2570,0,21.31
https://rodenlaw.com/es/locations/south-carolina/myrtle-beach/,0,1908,0,12.43
https://rodenlaw.com/es/motorcycle-accident-lawyers/charleston-sc/,0,569,0,11.92
https://rodenlaw.com/es/motorcycle-accident-lawyers/columbia-sc/,0,93,0,8.11
https://rodenlaw.com/es/motorcycle-accident-lawyers/darien-ga/,0,8,0,10.75
https://rodenlaw.com/es/motorcycle-accident-lawyers/myrtle-beach-sc/,0,718,0,5.59
https://rodenlaw.com/es/motorcycle-accident-lawyers/north-charleston-sc/,0,963,0,15.23
https://rodenlaw.com/es/motorcycle-accident-lawyers/savannah-ga/,0,339,0,16.26
https://rodenlaw.com/es/pedestrian-accident-lawyers/charleston-sc/,0,901,0,22.4
https://rodenlaw.com/es/pedestrian-accident-lawyers/columbia-sc/,0,11,0,15.73
https://rodenlaw.com/es/pedestrian-accident-lawyers/darien-ga/,0,38,0,28.68
https://rodenlaw.com/es/pedestrian-accident-lawyers/myrtle-beach-sc/,0,257,0,20.75
https://rodenlaw.com/es/pedestrian-accident-lawyers/north-charleston-sc/,0,27,0,18.48
https://rodenlaw.com/es/pedestrian-accident-lawyers/savannah-ga/,0,15,0,35.2
https://rodenlaw.com/es/practice-areas/,0,18,0,38.89
https://rodenlaw.com/es/practice-areas/atv-side-by-side-accident-lawyers/,0,44,0,11.5
https://rodenlaw.com/es/practice-areas/bicycle-accident-lawyers/,0,925,0,27.45
https://rodenlaw.com/es/practice-areas/boating-accident-lawyers/,0,107,0,15.13
https://rodenlaw.com/es/practice-areas/brain-injury-lawyers/,0,239,0,14.2
https://rodenlaw.com/es/practice-areas/car-accident-lawyers/,0,1413,0,26.25
https://rodenlaw.com/es/practice-areas/construction-accident-lawyers/,0,509,0,19.01
https://rodenlaw.com/es/practice-areas/dog-bite-lawyers/,0,62,0,17.13
https://rodenlaw.com/es/practice-areas/electric-scooter-accident-lawyers/,0,3,0,41
https://rodenlaw.com/es/practice-areas/golf-cart-accident-lawyers/,0,41,0,13.61
https://rodenlaw.com/es/practice-areas/maritime-injury-lawyers/,0,144,0,12.92
https://rodenlaw.com/es/practice-areas/medical-malpractice-lawyers/,0,200,0,14.72
https://rodenlaw.com/es/practice-areas/motorcycle-accident-lawyers/,0,1187,0,21.61
https://rodenlaw.com/es/practice-areas/nursing-home-abuse-lawyers/,0,29,0,10.52
https://rodenlaw.com/es/practice-areas/pedestrian-accident-lawyers/,0,739,0,23.12
https://rodenlaw.com/es/practice-areas/personal-injury-lawyers/,0,63,0,29.9
https://rodenlaw.com/es/practice-areas/premises-liability-lawyers/,0,126,0,32.75
https://rodenlaw.com/es/practice-areas/product-liability-lawyers/,0,50,0,48.72
https://rodenlaw.com/es/practice-areas/slip-and-fall-lawyers/,0,51,0,31.69
https://rodenlaw.com/es/practice-areas/spinal-cord-injury-lawyers/,0,4,0,46.5
https://rodenlaw.com/es/practice-areas/truck-accident-lawyers/,0,6840,0,24.12
https://rodenlaw.com/es/practice-areas/workers-compensation-lawyers/,0,500,0,42.5
https://rodenlaw.com/es/practice-areas/wrongful-death-lawyers/,0,34,0,24.88
https://rodenlaw.com/es/resources/,0,23,0,16.83
https://rodenlaw.com/es/resources/georgia-truck-accident-settlement-value/,0,35,0,5.06
https://rodenlaw.com/es/resources/south-carolina-comparative-negligence/,0,9,0,7.22
https://rodenlaw.com/es/resources/south-carolina-personal-injury-faq/,0,56,0,6.73
https://rodenlaw.com/es/resources/south-carolina-um-uim-stacking/,0,24,0,9.25
https://rodenlaw.com/es/resources/south-carolina-workers-comp-claim-denied/,0,33,0,12.03
https://rodenlaw.com/es/resources/south-carolina-workers-comp-impairment-rating-mmi/,0,63,0,7.52
https://rodenlaw.com/es/south-carolina-car-accident-lawyers/,0,225,0,26.64
https://rodenlaw.com/es/south-carolina-motorcycle-accident-lawyer/,0,416,0,17.59
https://rodenlaw.com/es/south-carolina-personal-injury-lawyer/,0,29,0,38.03
https://rodenlaw.com/es/south-carolina-workers-compensation-lawyer/,0,157,0,15.46
https://rodenlaw.com/es/south-carolina-wrongful-death-lawyer/,0,33,0,13.76
https://rodenlaw.com/es/truck-accident-lawyers/charleston-sc/,0,1468,0,20.82
https://rodenlaw.com/es/truck-accident-lawyers/columbia-sc/,0,934,0,20.64
https://rodenlaw.com/es/truck-accident-lawyers/myrtle-beach-sc/,0,1230,0,12.44
https://rodenlaw.com/es/truck-accident-lawyers/north-charleston-sc/,0,1019,0,12.6
https://rodenlaw.com/es/truck-accident-lawyers/savannah-ga/,0,332,0,9.32
https://rodenlaw.com/es/workers-compensation-lawyers/darien-ga/,0,25,0,22.36
https://rodenlaw.com/es/workers-compensation-lawyers/myrtle-beach-sc/,0,185,0,15.18
https://rodenlaw.com/es/workers-compensation-lawyers/north-charleston-sc/,0,361,0,10.86
https://rodenlaw.com/filing-a-claim-after-a-hazmat-truck-crash-in-charleston/,0,295,0,21.95
https://rodenlaw.com/florence-sc-car-accident-lawyer/,0,421,0,32.1
https://rodenlaw.com/free-consultation-with-charleston-personal-injury-lawyer/,0,575,0,21.71
https://rodenlaw.com/golf-cart-accident-lawyers/charleston-sc/,0,961,0,29.81
https://rodenlaw.com/golf-cart-accident-lawyers/columbia-sc/,0,2035,0,27.19
https://rodenlaw.com/golf-cart-accident-lawyers/darien-ga/,0,189,0,22.41
https://rodenlaw.com/golf-cart-accident-lawyers/golf-cart-pedestrian-accident/,0,660,0,20.0
https://rodenlaw.com/golf-cart-accident-lawyers/north-charleston-sc/,0,257,0,34.45
https://rodenlaw.com/golf-cart-accident-lawyers/savannah-ga/,0,487,0,19.53
https://rodenlaw.com/gracias-ppc-3/,0,183,0,29.16
https://rodenlaw.com/greenville-sc-car-accident-lawyer/,0,54,0,42.22
https://rodenlaw.com/greenville-sc-workers-compensation-lawyer/,0,362,0,30.67
https://rodenlaw.com/hearing-loss-after-charleston-car-accident/,0,111,0,27.4
https://rodenlaw.com/hearing-loss-after-charleston-car-accident/#car,0,13,0,9.77
https://rodenlaw.com/hearing-loss-after-charleston-car-accident/#proving,0,11,0,9.64
https://rodenlaw.com/hearing-loss-after-charleston-car-accident/#type,0,9,0,9.56
https://rodenlaw.com/highway-41-accidents-mount-pleasant-development/,0,10,0,4.4
https://rodenlaw.com/how-pain-and-suffering-is-calculated-after-an-accident-in-georgia/,0,69,0,5.97
https://rodenlaw.com/how-pain-and-suffering-is-calculated-after-an-accident-in-south-carolina/,0,22,0,7
https://rodenlaw.com/how-to-maximize-your-car-accident-compensation-in-georgia/,0,48,0,6.67
https://rodenlaw.com/i-526-expansion-construction-zone-accidents-charleston/,0,11,0,16.64
https://rodenlaw.com/impaired-driving-caused-by-prescription-medications/#illegal,0,39,0,8.85
https://rodenlaw.com/impaired-driving-caused-by-prescription-medications/#lead,0,39,0,8.85
https://rodenlaw.com/jet-ski-personal-watercraft-accidents-charleston/,0,7,0,5
https://rodenlaw.com/liability-for-charleston-underride-truck-crashes/,0,570,0,35.22
https://rodenlaw.com/liability-for-roundabout-crashes-in-charleston/,0,192,0,27.26
https://rodenlaw.com/locations.kml,0,1,0,59
https://rodenlaw.com/locations/georgia/darien/?ref=gmb_dar,0,534,0,14.06
https://rodenlaw.com/locations/georgia/darien/dock-junction/,0,929,0,9.5
https://rodenlaw.com/locations/georgia/darien/eulonia/,0,510,0,14.42
https://rodenlaw.com/locations/georgia/darien/ludowici/,0,519,0,9.56
https://rodenlaw.com/locations/georgia/darien/odum/,0,165,0,11.14
https://rodenlaw.com/locations/georgia/darien/screven/,0,306,0,8.9
https://rodenlaw.com/locations/georgia/darien/st-marys/,0,243,0,7.49
https://rodenlaw.com/locations/georgia/darien/townsend/,0,571,0,12.79
https://rodenlaw.com/locations/georgia/darien/waverly/,0,259,0,10.36
https://rodenlaw.com/locations/georgia/darien/white-oak/,0,334,0,11.6
https://rodenlaw.com/locations/georgia/savannah/?utm_source=google&utm_medium=organic&utm_campaign=gbp-savannah,0,1117,0,3.62
https://rodenlaw.com/locations/georgia/savannah/ardsley-park/,0,59,0,14.05
https://rodenlaw.com/locations/georgia/savannah/bloomingdale/,0,582,0,18.18
https://rodenlaw.com/locations/georgia/savannah/downtown-savannah/historic-district/,0,62,0,12.56
https://rodenlaw.com/locations/georgia/savannah/downtown-savannah/river-street/,0,71,0,10.21
https://rodenlaw.com/locations/georgia/savannah/eastside-savannah/,0,167,0,11.12
https://rodenlaw.com/locations/georgia/savannah/effingham-county/,0,550,0,11.49
https://rodenlaw.com/locations/georgia/savannah/effingham-county/egypt/,0,88,0,28.27
https://rodenlaw.com/locations/georgia/savannah/effingham-county/guyton/,0,237,0,21.03
https://rodenlaw.com/locations/georgia/savannah/effingham-county/marlow/,0,141,0,25.06
https://rodenlaw.com/locations/georgia/savannah/effingham-county/south-effingham/,0,248,0,21.24
https://rodenlaw.com/locations/georgia/savannah/garden-city/,0,116,0,16.03
https://rodenlaw.com/locations/georgia/savannah/georgetown/,0,187,0,22.37
https://rodenlaw.com/locations/georgia/savannah/guyton/,0,367,0,12.37
https://rodenlaw.com/locations/georgia/savannah/hinesville/fort-stewart-area/,0,129,0,12.18
https://rodenlaw.com/locations/georgia/savannah/isle-of-hope/,0,277,0,12.1
https://rodenlaw.com/locations/georgia/savannah/midtown-savannah/,0,810,0,29.96
https://rodenlaw.com/locations/georgia/savannah/pooler/godley-station/,0,41,0,17.51
https://rodenlaw.com/locations/georgia/savannah/richmond-hill/,0,337,0,12.9
https://rodenlaw.com/locations/georgia/savannah/richmond-hill/city-center/,0,353,0,12.08
https://rodenlaw.com/locations/georgia/savannah/rincon/,0,375,0,16.53
https://rodenlaw.com/locations/georgia/savannah/southside-savannah/,0,311,0,14.75
https://rodenlaw.com/locations/georgia/savannah/southside-savannah/georgetown-savannah/,0,171,0,20.25
https://rodenlaw.com/locations/georgia/savannah/southside-savannah/savannah-quarters/,0,113,0,7.14
https://rodenlaw.com/locations/georgia/savannah/springfield/,0,259,0,16.9
https://rodenlaw.com/locations/georgia/savannah/statesboro/georgia-southern/,0,121,0,11.74
https://rodenlaw.com/locations/georgia/savannah/thunderbolt/,0,263,0,12.21
https://rodenlaw.com/locations/georgia/savannah/tybee-island/,0,258,0,13.05
https://rodenlaw.com/locations/georgia/savannah/westside-savannah/,0,796,0,24.31
https://rodenlaw.com/locations/georgia/savannah/wilmington-island/,0,248,0,15.33
https://rodenlaw.com/locations/south-carolina/charleston/awendaw/,0,306,0,28.43
https://rodenlaw.com/locations/south-carolina/charleston/daniel-island/,0,4,0,6.25
https://rodenlaw.com/locations/south-carolina/charleston/downtown-charleston/french-quarter/,0,99,0,26.88
https://rodenlaw.com/locations/south-carolina/charleston/downtown-charleston/harleston-village/,0,108,0,16.6
https://rodenlaw.com/locations/south-carolina/charleston/downtown-charleston/wagener-terrace/,0,134,0,23.63
https://rodenlaw.com/locations/south-carolina/charleston/edisto-island/,0,258,0,17.78
https://rodenlaw.com/locations/south-carolina/charleston/folly-beach/,0,169,0,23.75
https://rodenlaw.com/locations/south-carolina/charleston/goose-creek/boulder-bluff/,0,3,0,14
https://rodenlaw.com/locations/south-carolina/charleston/goose-creek/westchester/,0,5,0,18
https://rodenlaw.com/locations/south-carolina/charleston/hollywood/,0,340,0,20.28
https://rodenlaw.com/locations/south-carolina/charleston/johns-island/,0,801,0,13.84
https://rodenlaw.com/locations/south-carolina/charleston/meggett/,0,219,0,20.98
https://rodenlaw.com/locations/south-carolina/charleston/mount-pleasant/carolina-park/,0,75,0,41.16
https://rodenlaw.com/locations/south-carolina/charleston/mount-pleasant/dunes-west/,0,104,0,25.53
https://rodenlaw.com/locations/south-carolina/charleston/mount-pleasant/ion/,0,145,0,31.15
https://rodenlaw.com/locations/south-carolina/charleston/mount-pleasant/park-west/,0,146,0,16.31
https://rodenlaw.com/locations/south-carolina/charleston/mount-pleasant/snee-farm/,0,72,0,10.6
https://rodenlaw.com/locations/south-carolina/charleston/north-charleston/,0,127,0,24.4
https://rodenlaw.com/locations/south-carolina/charleston/north-charleston/oak-terrace-preserve/,0,1,0,5
https://rodenlaw.com/locations/south-carolina/charleston/north-charleston/olde-north-charleston/,0,12,0,7.67
https://rodenlaw.com/locations/south-carolina/charleston/ravenel/,0,74,0,20.12
https://rodenlaw.com/locations/south-carolina/charleston/seabrook-island/,0,159,0,19.52
https://rodenlaw.com/locations/south-carolina/charleston/sullivans-island/,0,543,0,12.1
https://rodenlaw.com/locations/south-carolina/charleston/summerville/historic-district/,0,2,0,6
https://rodenlaw.com/locations/south-carolina/charleston/summerville/knightsville/,0,96,0,4.94
https://rodenlaw.com/locations/south-carolina/charleston/wadmalaw-island/,0,193,0,24.42
https://rodenlaw.com/locations/south-carolina/charleston/west-ashley/shadowmoss/,0,161,0,30.95
https://rodenlaw.com/locations/south-carolina/charleston/west-ashley/south-windermere/,0,314,0,16.81
https://rodenlaw.com/locations/south-carolina/charleston/west-ashley/west-ashley-park/,0,133,0,25.89
https://rodenlaw.com/locations/south-carolina/columbia/blythewood/,0,2190,0,7.05
https://rodenlaw.com/locations/south-carolina/columbia/camden/,0,16,0,11
https://rodenlaw.com/locations/south-carolina/columbia/dentsville/,0,317,0,11.6
https://rodenlaw.com/locations/south-carolina/columbia/gaston/,0,80,0,18.36
https://rodenlaw.com/locations/south-carolina/columbia/irmo/,0,679,0,13.16
https://rodenlaw.com/locations/south-carolina/columbia/lexington/,0,1273,0,20.45
https://rodenlaw.com/locations/south-carolina/columbia/oak-grove/,0,465,0,12.1
https://rodenlaw.com/locations/south-carolina/columbia/pine-ridge/,0,204,0,12.09
https://rodenlaw.com/locations/south-carolina/columbia/seven-oaks/,0,1452,0,6.96
https://rodenlaw.com/locations/south-carolina/columbia/south-congaree/,0,258,0,10.73
https://rodenlaw.com/locations/south-carolina/columbia/springdale/,0,204,0,29.04
https://rodenlaw.com/locations/south-carolina/columbia/st-andrews/,0,546,0,11.83
https://rodenlaw.com/locations/south-carolina/columbia/woodfield/,0,160,0,11.59
https://rodenlaw.com/locations/south-carolina/myrtle-beach/?ref=gmb_mb,0,3013,0,4.57
https://rodenlaw.com/locations/south-carolina/myrtle-beach/atlantic-beach/,0,46,0,18.5
https://rodenlaw.com/locations/south-carolina/myrtle-beach/briarcliffe-acres/,0,55,0,20.84
https://rodenlaw.com/locations/south-carolina/myrtle-beach/bucksport/,0,59,0,21.08
https://rodenlaw.com/locations/south-carolina/myrtle-beach/burgess/,0,59,0,18.47
https://rodenlaw.com/locations/south-carolina/myrtle-beach/carolina-forest/the-farm/,0,103,0,12.18
https://rodenlaw.com/locations/south-carolina/myrtle-beach/conway/historic-district/,0,943,0,9.58
https://rodenlaw.com/locations/south-carolina/myrtle-beach/forestbrook/,0,122,0,16.01
https://rodenlaw.com/locations/south-carolina/myrtle-beach/galivants-ferry/,0,223,0,15.1
https://rodenlaw.com/locations/south-carolina/myrtle-beach/garden-city-beach/,0,235,0,16.91
https://rodenlaw.com/locations/south-carolina/myrtle-beach/garden-city-beach/pier-area/,0,55,0,46.75
https://rodenlaw.com/locations/south-carolina/myrtle-beach/georgetown/historic-district/,0,463,0,10.33
https://rodenlaw.com/locations/south-carolina/myrtle-beach/green-sea/,0,54,0,12.02
https://rodenlaw.com/locations/south-carolina/myrtle-beach/litchfield-beach/,0,111,0,14.89
https://rodenlaw.com/locations/south-carolina/myrtle-beach/little-river/waterfront/,0,239,0,11.22
https://rodenlaw.com/locations/south-carolina/myrtle-beach/longs/,0,207,0,12.24
https://rodenlaw.com/locations/south-carolina/myrtle-beach/loris/,0,438,0,9.15
https://rodenlaw.com/locations/south-carolina/myrtle-beach/murrells-inlet/marshwalk/,0,622,0,12.65
https://rodenlaw.com/locations/south-carolina/myrtle-beach/myrtle-beach/,0,200,0,19.14
https://rodenlaw.com/locations/south-carolina/myrtle-beach/myrtle-beach/grande-dunes/,0,58,0,16.34
https://rodenlaw.com/locations/south-carolina/myrtle-beach/myrtle-beach/market-common/,0,32,0,8.31
https://rodenlaw.com/locations/south-carolina/myrtle-beach/north-myrtle-beach/barefoot-landing/,0,84,0,19.81
https://rodenlaw.com/locations/south-carolina/myrtle-beach/red-hill/,0,320,0,23.13
https://rodenlaw.com/locations/south-carolina/myrtle-beach/socastee/,0,227,0,16.15
https://rodenlaw.com/locations/south-carolina/myrtle-beach/socastee/socastee-village/,0,136,0,18.94
https://rodenlaw.com/locations/south-carolina/myrtle-beach/surfside-beach/town-center/,0,175,0,14.69
https://rodenlaw.com/locations/south-carolina/myrtle-beach/wampee/,0,62,0,14.53
https://rodenlaw.com/locations/south-carolina/north-charleston/?utm_source=google&utm_medium=organic&utm_campaign=gbp-north-charleston,0,166,0,3.12
https://rodenlaw.com/locations/south-carolina/north-charleston/chicora-cherokee/,0,207,0,15.69
https://rodenlaw.com/locations/south-carolina/north-charleston/dorchester-terrace-waylyn/,0,63,0,14.56
https://rodenlaw.com/locations/south-carolina/north-charleston/ferndale/,0,156,0,26.29
https://rodenlaw.com/locations/south-carolina/north-charleston/goose-creek/boulder-bluff/,0,146,0,28.23
https://rodenlaw.com/locations/south-carolina/north-charleston/goose-creek/brickhope-plantation/,0,58,0,15.36
https://rodenlaw.com/locations/south-carolina/north-charleston/goose-creek/howe-hall/,0,100,0,19.51
https://rodenlaw.com/locations/south-carolina/north-charleston/goose-creek/westchester/,0,126,0,25.94
https://rodenlaw.com/locations/south-carolina/north-charleston/hanahan/,0,301,0,22.04
https://rodenlaw.com/locations/south-carolina/north-charleston/liberty-hill/,0,60,0,23.5
https://rodenlaw.com/locations/south-carolina/north-charleston/moncks-corner/,0,683,0,15.97
https://rodenlaw.com/locations/south-carolina/north-charleston/northwoods/,0,50,0,24.6
https://rodenlaw.com/locations/south-carolina/north-charleston/summerville/cane-bay/,0,139,0,14.13
https://rodenlaw.com/locations/south-carolina/north-charleston/summerville/knightsville/,0,132,0,11.61
https://rodenlaw.com/locations/south-carolina/north-charleston/summerville/nexton/,0,130,0,18.69
https://rodenlaw.com/locations/south-carolina/north-charleston/summerville/pine-forest-inn/,0,104,0,17.17
https://rodenlaw.com/locations/south-carolina/north-charleston/summerville/summers-corner/,0,127,0,10.13
https://rodenlaw.com/locations/south-carolina/north-charleston/summerville/wescott/,0,34,0,17.74
https://rodenlaw.com/locations/south-carolina/park-circle/,0,279,0,25.14
https://rodenlaw.com/macon/boating-accident-lawyers/,0,117,0,39.3
https://rodenlaw.com/maritime-injury-lawyers/charleston-sc/,0,208,0,45.18
https://rodenlaw.com/maritime-injury-lawyers/commercial-fishing-injury/,0,882,0,21.28
https://rodenlaw.com/maritime-injury-lawyers/jones-act-seaman-claim/,0,474,0,25.14
https://rodenlaw.com/maritime-injury-lawyers/maintenance-and-cure/,0,1218,0,11.87
https://rodenlaw.com/maritime-injury-lawyers/offshore-platform-injury/,0,453,0,17.93
https://rodenlaw.com/maybank-highway-car-accidents-johns-island/,0,19,0,5.63
https://rodenlaw.com/medical-malpractice-lawyers/anesthesia-error/,0,1556,0,67.03
https://rodenlaw.com/medical-malpractice-lawyers/medication-error/,0,3160,0,56.83
https://rodenlaw.com/medical-malpractice-lawyers/north-charleston-sc/,0,905,0,44.24
https://rodenlaw.com/mistakes-charleston-slip-and-fall-victims-make/,0,1872,0,45.1
https://rodenlaw.com/motorcycle-accident-lawyers/charleston-sc/,0,22853,0,16.95
https://rodenlaw.com/motorcycle-accident-lawyers/darien-ga/,0,73,0,12.21
https://rodenlaw.com/motorcycle-accident-lawyers/dorchester-road-motorcycle/,0,135,0,31.95
https://rodenlaw.com/motorcycle-accident-lawyers/drunk-driver-motorcycle-accident/,0,88,0,11.9
https://rodenlaw.com/motorcycle-accident-lawyers/head-on-motorcycle-collision/,0,81,0,34.44
https://rodenlaw.com/motorcycle-accident-lawyers/intersection-motorcycle-accident/,0,348,0,17.82
https://rodenlaw.com/motorcycle-accident-lawyers/left-turn-accident/,0,124,0,13.77
https://rodenlaw.com/motorcycle-accident-lawyers/myrtle-beach-sc/,0,3035,0,27.16
https://rodenlaw.com/motorcycle-accident-lawyers/north-charleston-sc/,0,1628,0,38.02
https://rodenlaw.com/motorcycle-accident-lawyers/savannah-ga/,0,3529,0,12.31
https://rodenlaw.com/motorcycle-accident-lawyers/single-vehicle-motorcycle-crash/,0,79,0,32.27
https://rodenlaw.com/nursing-home-abuse-charleston-signs-families/,0,10,0,10.6
https://rodenlaw.com/nursing-home-abuse-lawyers/darien-ga/,0,286,0,18.36
https://rodenlaw.com/nursing-home-abuse-lawyers/north-charleston-sc/,0,610,0,48.64
https://rodenlaw.com/pedestrian-accident-lawyers/charleston-sc/,0,12534,0,15.86
https://rodenlaw.com/pedestrian-accident-lawyers/darien-ga/,0,811,0,42.23
https://rodenlaw.com/pedestrian-accident-lawyers/distracted-driver-pedestrian-accident/,0,642,0,28.0
https://rodenlaw.com/pedestrian-accident-lawyers/drunk-driver-pedestrian-accident/,0,297,0,13.82
https://rodenlaw.com/pedestrian-accident-lawyers/hit-and-run-pedestrian-accident/,0,201,0,30.11
https://rodenlaw.com/pedestrian-accident-lawyers/intersection-pedestrian-accident/,0,318,0,17.75
https://rodenlaw.com/pedestrian-accident-lawyers/jogger-runner-accident/,0,536,0,13.43
https://rodenlaw.com/pedestrian-accident-lawyers/myrtle-beach-sc/,0,7763,0,11.0
https://rodenlaw.com/pedestrian-accident-lawyers/north-charleston-sc/,0,2287,0,31.66
https://rodenlaw.com/pedestrian-accident-lawyers/rivers-avenue-pedestrian/,0,45,0,24.84
https://rodenlaw.com/personal-injury-claim-charleston-berkeley-dorchester-county/,0,15,0,6.13
https://rodenlaw.com/personal-injury-lawyers/columbia-sc/,0,1036,0,41.62
https://rodenlaw.com/personal-injury-lawyers/myrtle-beach-sc/,0,104,0,36.93
https://rodenlaw.com/personal-injury-lawyers/savannah-ga/,0,988,0,17.98
https://rodenlaw.com/practice-area-location/albany/,0,14,0,71.71
https://rodenlaw.com/practice-area-location/columbia/,0,29,0,9.38
https://rodenlaw.com/practice-area-location/macon/,0,3,0,77.33
https://rodenlaw.com/practice-area-location/macon/page/1/,0,10,0,47.5
https://rodenlaw.com/practice-area-location/macon/page/2/,0,102,0,60.42
https://rodenlaw.com/practice-area-location/savannah-medical-malpractice/,0,166,0,30.69
https://rodenlaw.com/practice-area-location/savannah/savannah-wrongful-death/,0,798,0,51.58
https://rodenlaw.com/practice-area/3536/,0,10,0,10.7
https://rodenlaw.com/practice-area/boating-accident-lawyer/,0,1730,0,49.51
https://rodenlaw.com/practice-area/brain-injury-lawyer/,0,721,0,57.37
https://rodenlaw.com/practice-area/construction-accident-lawyers/,0,772,0,49.83
https://rodenlaw.com/practice-area/covid-19-business-insurance-claims-lawyers/,0,1519,0,33.44
https://rodenlaw.com/practice-area/dog-bite-lawyers/,0,4501,0,45.33
https://rodenlaw.com/practice-area/maritime-lawyer/,0,1220,0,75.63
https://rodenlaw.com/practice-area/medical-malpractice-lawyers/,0,97,0,50.63
https://rodenlaw.com/practice-area/motorcycle-accident-lawyers/,0,385,0,53.56
https://rodenlaw.com/practice-area/nursing-home-abuse-attorneys/,0,411,0,51.96
https://rodenlaw.com/practice-area/personal-injury-lawyer/,0,219,0,29.67
https://rodenlaw.com/practice-area/psychiatric-malpracticesavannah-psychiatric-malpractice-lawyers/,0,565,0,39.56
https://rodenlaw.com/practice-area/slip-and-fall-attorneys/,0,73,0,34.34
https://rodenlaw.com/practice-area/truck-accident-lawyer/,0,630,0,52.69
https://rodenlaw.com/practice-area/workers-compensation-lawyer/,0,75,0,33.77
https://rodenlaw.com/practice-area/wrongful-death-lawyer/,0,170,0,37.84
https://rodenlaw.com/practice-areas,0,105,0,17.34
https://rodenlaw.com/practice-areas/albany/,0,1409,0,81.34
https://rodenlaw.com/practice-areas/albany/boating-accident-lawyers/,0,1040,0,42.27
https://rodenlaw.com/practice-areas/albany/burn-injury-lawyer/,0,2342,0,35.21
https://rodenlaw.com/practice-areas/albany/motorcycle-accident-lawyers/,0,2271,0,23.23
https://rodenlaw.com/practice-areas/albany/product-liability-lawyers/,0,409,0,11.51
https://rodenlaw.com/practice-areas/albany/slip-and-fall-lawyers/,0,466,0,21.05
https://rodenlaw.com/practice-areas/albany/spinal-cord-injury-lawyers/,0,360,0,25.0
https://rodenlaw.com/practice-areas/albany/wrongful-death-lawyers/,0,4448,0,28.75
https://rodenlaw.com/practice-areas/atv-side-by-side-accident-lawyers/,0,162,0,34.01
https://rodenlaw.com/practice-areas/atv-side-by-side-accident-lawyers/atv-product-defect/,0,10,0,31.2
https://rodenlaw.com/practice-areas/atv-side-by-side-accident-lawyers/darien-ga/,0,196,0,22.63
https://rodenlaw.com/practice-areas/atv-side-by-side-accident-lawyers/myrtle-beach-sc/,0,120,0,26.02
https://rodenlaw.com/practice-areas/atv-side-by-side-accident-lawyers/north-charleston-sc/,0,126,0,36.26
https://rodenlaw.com/practice-areas/atv-side-by-side-accident-lawyers/savannah-ga/,0,23,0,12.48
https://rodenlaw.com/practice-areas/bicycle-accident-lawyers/,0,9148,0,44.75
https://rodenlaw.com/practice-areas/bicycle-accident-lawyers/charleston-sc/,0,13367,0,15.3
https://rodenlaw.com/practice-areas/bicycle-accident-lawyers/columbia-sc/,0,14016,0,32.2
https://rodenlaw.com/practice-areas/bicycle-accident-lawyers/darien-ga/,0,125,0,50.95
https://rodenlaw.com/practice-areas/bicycle-accident-lawyers/distracted-driver-bicycle-accident/,0,84,0,12.65
https://rodenlaw.com/practice-areas/bicycle-accident-lawyers/dooring-accident/,0,134,0,13.79
https://rodenlaw.com/practice-areas/bicycle-accident-lawyers/hit-and-run-bicycle-accident/,0,294,0,19.11
https://rodenlaw.com/practice-areas/bicycle-accident-lawyers/myrtle-beach-sc/,0,42,0,26.64
https://rodenlaw.com/practice-areas/bicycle-accident-lawyers/north-charleston-sc/,0,1401,0,40.74
https://rodenlaw.com/practice-areas/bicycle-accident-lawyers/road-hazard-bicycle-crash/,0,150,0,14.6
https://rodenlaw.com/practice-areas/bicycle-accident-lawyers/savannah-ga/,0,4506,0,11.23
https://rodenlaw.com/practice-areas/boating-accident-lawyers/boating-under-influence/,0,614,0,17.43
https://rodenlaw.com/practice-areas/boating-accident-lawyers/columbia-sc/,0,76,0,36.71
https://rodenlaw.com/practice-areas/boating-accident-lawyers/commercial-vessel-accident/,0,91,0,20.75
https://rodenlaw.com/practice-areas/boating-accident-lawyers/darien-ga/,0,309,0,36.99
https://rodenlaw.com/practice-areas/boating-accident-lawyers/dock-marina-injury/,0,12,0,13.5
https://rodenlaw.com/practice-areas/boating-accident-lawyers/jet-ski-personal-watercraft/,0,23,0,31.17
https://rodenlaw.com/practice-areas/boating-accident-lawyers/kayak-canoe-accident/,0,6,0,8
https://rodenlaw.com/practice-areas/boating-accident-lawyers/myrtle-beach-sc/,0,50,0,56.58
https://rodenlaw.com/practice-areas/boating-accident-lawyers/pontoon-boat-accident/,0,111,0,56.05
https://rodenlaw.com/practice-areas/boating-accident-lawyers/sailboat-accident/,0,5,0,16
https://rodenlaw.com/practice-areas/boating-accident-lawyers/speedboat-powerboat-collision/,0,88,0,9.67
https://rodenlaw.com/practice-areas/brain-injury-lawyers/,0,10375,0,51.97
https://rodenlaw.com/practice-areas/brain-injury-lawyers/anoxic-hypoxic-brain-injury/,0,1208,0,16.16
https://rodenlaw.com/practice-areas/brain-injury-lawyers/birth-related-brain-injury/,0,500,0,16.57
https://rodenlaw.com/practice-areas/brain-injury-lawyers/charleston-sc/,0,3813,0,14.9
https://rodenlaw.com/practice-areas/brain-injury-lawyers/columbia-sc/,0,8664,0,16.85
https://rodenlaw.com/practice-areas/brain-injury-lawyers/darien-ga/,0,63,0,50.52
https://rodenlaw.com/practice-areas/brain-injury-lawyers/myrtle-beach-sc/,0,698,0,15.8
https://rodenlaw.com/practice-areas/brain-injury-lawyers/north-charleston-sc/,0,2569,0,34.27
https://rodenlaw.com/practice-areas/brain-injury-lawyers/penetrating-brain-injury/,0,262,0,18.92
https://rodenlaw.com/practice-areas/brain-injury-lawyers/savannah-ga/,0,489,0,12.05
https://rodenlaw.com/practice-areas/brain-injury-lawyers/severe-traumatic-brain-injury/,0,23,0,55.83
https://rodenlaw.com/practice-areas/brain-injury-lawyers/sports-related-brain-injury/,0,310,0,20.59
https://rodenlaw.com/practice-areas/brunswick/,0,106,0,21.88
https://rodenlaw.com/practice-areas/brunswick/brain-injury-lawyers/,0,2753,0,38.39
https://rodenlaw.com/practice-areas/brunswick/construction-accident-lawyers/,0,618,0,47.08
https://rodenlaw.com/practice-areas/brunswick/dog-bite-lawyers/,0,534,0,27.98
https://rodenlaw.com/practice-areas/brunswick/nursing-home-abuse-lawyer/,0,392,0,32.08
https://rodenlaw.com/practice-areas/brunswick/product-liability-lawyers/,0,10,0,9
https://rodenlaw.com/practice-areas/brunswick/slip-and-fall-lawyer/,0,925,0,22.95
https://rodenlaw.com/practice-areas/brunswick/spinal-cord-injury-lawyers/,0,913,0,14.02
https://rodenlaw.com/practice-areas/brunswick/truck-accident-lawyers/,0,5233,0,37.2
https://rodenlaw.com/practice-areas/burn-injury-lawyers/charleston-sc/,0,3126,0,10.4
https://rodenlaw.com/practice-areas/burn-injury-lawyers/columbia-sc/,0,1653,0,14.76
https://rodenlaw.com/practice-areas/burn-injury-lawyers/darien-ga/,0,62,0,33.29
https://rodenlaw.com/practice-areas/burn-injury-lawyers/defective-product-burn/,0,49,0,18.8
https://rodenlaw.com/practice-areas/burn-injury-lawyers/explosion-gas-line-burn/,0,717,0,20.71
https://rodenlaw.com/practice-areas/burn-injury-lawyers/myrtle-beach-sc/,0,383,0,32.79
https://rodenlaw.com/practice-areas/burn-injury-lawyers/north-charleston-sc/,0,16,0,54.81
https://rodenlaw.com/practice-areas/burn-injury-lawyers/savannah-ga/,0,988,0,15.72
https://rodenlaw.com/practice-areas/burn-injury-lawyers/workplace-burn-injury/,0,583,0,36.09
https://rodenlaw.com/practice-areas/car-accident-lawyers/bus-accident/,0,189,0,11.79
https://rodenlaw.com/practice-areas/car-accident-lawyers/charleston-sc/,0,29176,0,23.27
https://rodenlaw.com/practice-areas/car-accident-lawyers/company-car-accident/,0,301,0,11.74
https://rodenlaw.com/practice-areas/car-accident-lawyers/construction-vehicle-accident/,0,15,0,14.93
https://rodenlaw.com/practice-areas/car-accident-lawyers/delivery-vehicle-accident/,0,341,0,36.45
https://rodenlaw.com/practice-areas/car-accident-lawyers/distracted-driving-accident/,0,200,0,44.72
https://rodenlaw.com/practice-areas/car-accident-lawyers/dorchester-road-accident/,0,6,0,14.67
https://rodenlaw.com/practice-areas/car-accident-lawyers/hit-and-run-accident/,0,214,0,19.09
https://rodenlaw.com/practice-areas/car-accident-lawyers/i-26-accident/,0,74,0,27.07
https://rodenlaw.com/practice-areas/car-accident-lawyers/i-526-accident/,0,6,0,26.83
https://rodenlaw.com/practice-areas/car-accident-lawyers/multi-vehicle-pileup/,0,297,0,13.99
https://rodenlaw.com/practice-areas/car-accident-lawyers/myrtle-beach-sc/,0,1497,0,20.43
https://rodenlaw.com/practice-areas/car-accident-lawyers/north-charleston-sc/,0,205,0,27.33
https://rodenlaw.com/practice-areas/car-accident-lawyers/rideshare-uber-accident/,0,225,0,23.58
https://rodenlaw.com/practice-areas/car-accident-lawyers/rivers-avenue-accident/,0,78,0,21.92
https://rodenlaw.com/practice-areas/car-accident-lawyers/savannah-ga/,0,4841,0,19.69
https://rodenlaw.com/practice-areas/car-accident-lawyers/service-vehicle-accident/,0,104,0,12.02
https://rodenlaw.com/practice-areas/car-accident-lawyers/t-bone-accident/,0,494,0,23.14
https://rodenlaw.com/practice-areas/car-accident-lawyers/uber-lyft-accident/,0,362,0,29.31
https://rodenlaw.com/practice-areas/charleston/brain-injury-lawyers/,0,9866,0,19.31
https://rodenlaw.com/practice-areas/charleston/burn-injury-lawyers/,0,12776,0,13.97
https://rodenlaw.com/practice-areas/charleston/construction-accident-lawyers/,0,2637,0,21.04
https://rodenlaw.com/practice-areas/charleston/dog-bites-lawyers/,0,1,0,1
https://rodenlaw.com/practice-areas/charleston/motorcycle-accident-lawyers/,0,47988,0,23.6
https://rodenlaw.com/practice-areas/charleston/nursing-home-abuse-attorneys/,0,70601,0,21.55
https://rodenlaw.com/practice-areas/charleston/spinal-cord-injury-lawyers/,0,4654,0,19.29
https://rodenlaw.com/practice-areas/columbia/,0,11,0,15.45
https://rodenlaw.com/practice-areas/construction-accident-lawyers/charleston-sc/,0,4251,0,16.72
https://rodenlaw.com/practice-areas/construction-accident-lawyers/crane-heavy-equipment-accident/,0,428,0,20.37
https://rodenlaw.com/practice-areas/construction-accident-lawyers/darien-ga/,0,186,0,37.03
https://rodenlaw.com/practice-areas/construction-accident-lawyers/electrocution-construction-site/,0,993,0,4.93
https://rodenlaw.com/practice-areas/construction-accident-lawyers/falling-object-injury/,0,1159,0,18.14
https://rodenlaw.com/practice-areas/construction-accident-lawyers/myrtle-beach-sc/,0,1163,0,16.29
https://rodenlaw.com/practice-areas/construction-accident-lawyers/north-charleston-sc/,0,1034,0,32.9
https://rodenlaw.com/practice-areas/construction-accident-lawyers/roofing-accident/,0,250,0,24.48
https://rodenlaw.com/practice-areas/construction-accident-lawyers/savannah-ga/,0,1284,0,13.48
https://rodenlaw.com/practice-areas/construction-accident-lawyers/scaffold-ladder-fall/,0,16,0,16.5
https://rodenlaw.com/practice-areas/construction-accident-lawyers/trench-collapse/,0,1125,0,11.96
https://rodenlaw.com/practice-areas/dog-bite-lawyers/darien-ga/,0,2,0,8.5
https://rodenlaw.com/practice-areas/dog-bite-lawyers/dog-attack-jogger-cyclist/,0,103,0,7.44
https://rodenlaw.com/practice-areas/dog-bite-lawyers/myrtle-beach-sc/,0,142,0,7.99
https://rodenlaw.com/practice-areas/dog-bite-lawyers/north-charleston-sc/,0,3355,0,26.11
https://rodenlaw.com/practice-areas/dog-bite-lawyers/savannah-ga/,0,2540,0,20.55
https://rodenlaw.com/practice-areas/dog-bite-lawyers/severe-dog-bite-injury/,0,397,0,31.06
https://rodenlaw.com/practice-areas/electric-scooter-accident-lawyers/,0,1275,0,44.83
https://rodenlaw.com/practice-areas/electric-scooter-accident-lawyers/charleston-sc/,0,1734,0,27.94
https://rodenlaw.com/practice-areas/electric-scooter-accident-lawyers/columbia-sc/,0,605,0,50.37
https://rodenlaw.com/practice-areas/electric-scooter-accident-lawyers/darien-ga/,0,128,0,36.12
https://rodenlaw.com/practice-areas/electric-scooter-accident-lawyers/north-charleston-sc/,0,922,0,23.41
https://rodenlaw.com/practice-areas/electric-scooter-accident-lawyers/ride-share-scooter-accident/,0,1079,0,22.07
https://rodenlaw.com/practice-areas/electric-scooter-accident-lawyers/road-hazard-escooter-crash/,0,443,0,13.21
https://rodenlaw.com/practice-areas/electric-scooter-accident-lawyers/savannah-ga/,0,85,0,13.89
https://rodenlaw.com/practice-areas/general/,0,130,0,11.45
https://rodenlaw.com/practice-areas/golf-cart-accident-lawyers/,0,1164,0,36.57
https://rodenlaw.com/practice-areas/golf-cart-accident-lawyers/charleston-sc/,0,1489,0,17.35
https://rodenlaw.com/practice-areas/golf-cart-accident-lawyers/columbia-sc/,0,2538,0,35.32
https://rodenlaw.com/practice-areas/golf-cart-accident-lawyers/darien-ga/,0,194,0,38.56
https://rodenlaw.com/practice-areas/golf-cart-accident-lawyers/golf-cart-rollover/,0,404,0,18.49
https://rodenlaw.com/practice-areas/golf-cart-accident-lawyers/myrtle-beach-sc/,0,576,0,34.33
https://rodenlaw.com/practice-areas/golf-cart-accident-lawyers/north-charleston-sc/,0,1967,0,18.18
https://rodenlaw.com/practice-areas/golf-cart-accident-lawyers/savannah-ga/,0,333,0,40.07
https://rodenlaw.com/practice-areas/jacksonville/,0,12,0,15.25
https://rodenlaw.com/practice-areas/macon/,0,157,0,31.63
https://rodenlaw.com/practice-areas/macon/boating-accident-lawyers/,0,2630,0,46.87
https://rodenlaw.com/practice-areas/macon/brain-injury-lawyers/,0,1095,0,10.64
https://rodenlaw.com/practice-areas/macon/burn-injury-lawyers/,0,2497,0,34.94
https://rodenlaw.com/practice-areas/macon/car-accident-lawyers/,0,12786,0,40.76
https://rodenlaw.com/practice-areas/macon/medical-malpractice-attorneys/,0,405,0,14.28
https://rodenlaw.com/practice-areas/macon/motorcycle-accident-lawyers/,0,12108,0,19.34
https://rodenlaw.com/practice-areas/macon/nursing-home-abuse-attorneys/,0,1000,0,19.41
https://rodenlaw.com/practice-areas/macon/product-liability-lawyers/,0,4528,0,11.37
https://rodenlaw.com/practice-areas/macon/slip-and-fall-attorneys/,0,337,0,18.05
https://rodenlaw.com/practice-areas/macon/workers-compensation-lawyers/,0,30632,0,18.53
https://rodenlaw.com/practice-areas/macon/wrongful-death-lawyers/,0,9373,0,25.78
https://rodenlaw.com/practice-areas/maritime-injury-lawyers/columbia-sc/,0,728,0,42.25
https://rodenlaw.com/practice-areas/maritime-injury-lawyers/commercial-fishing-injury/,0,102,0,26.48
https://rodenlaw.com/practice-areas/maritime-injury-lawyers/jones-act-seaman-claim/,0,297,0,22.6
https://rodenlaw.com/practice-areas/maritime-injury-lawyers/myrtle-beach-sc/,0,552,0,33.47
https://rodenlaw.com/practice-areas/maritime-injury-lawyers/north-charleston-sc/,0,181,0,39.52
https://rodenlaw.com/practice-areas/medical-malpractice-lawyers/birth-injury/,0,23,0,16.57
https://rodenlaw.com/practice-areas/medical-malpractice-lawyers/columbia-sc/,0,214,0,16.79
https://rodenlaw.com/practice-areas/medical-malpractice-lawyers/north-charleston-sc/,0,467,0,44.87
https://rodenlaw.com/practice-areas/motorcycle-accident-lawyers/charleston-sc/,0,4456,0,15.15
https://rodenlaw.com/practice-areas/motorcycle-accident-lawyers/columbia-sc/,0,3595,0,24.09
https://rodenlaw.com/practice-areas/motorcycle-accident-lawyers/darien-ga/,0,69,0,12.57
https://rodenlaw.com/practice-areas/motorcycle-accident-lawyers/dorchester-road-motorcycle/,0,4,0,13.25
https://rodenlaw.com/practice-areas/motorcycle-accident-lawyers/drunk-driver-motorcycle-accident/,0,551,0,11.52
https://rodenlaw.com/practice-areas/motorcycle-accident-lawyers/head-on-motorcycle-collision/,0,103,0,12.79
https://rodenlaw.com/practice-areas/motorcycle-accident-lawyers/hit-and-run-motorcycle-accident/,0,53,0,21.66
https://rodenlaw.com/practice-areas/motorcycle-accident-lawyers/intersection-motorcycle-accident/,0,101,0,10.8
https://rodenlaw.com/practice-areas/motorcycle-accident-lawyers/lane-splitting-accident/,0,1371,0,11.58
https://rodenlaw.com/practice-areas/motorcycle-accident-lawyers/left-turn-accident/,0,292,0,12.39
https://rodenlaw.com/practice-areas/motorcycle-accident-lawyers/myrtle-beach-sc/,0,3056,0,15.7
https://rodenlaw.com/practice-areas/motorcycle-accident-lawyers/north-charleston-sc/,0,2721,0,29.04
https://rodenlaw.com/practice-areas/motorcycle-accident-lawyers/rear-end-motorcycle-accident/,0,122,0,12.27
https://rodenlaw.com/practice-areas/nursing-home-abuse-lawyers/,0,6015,0,73.54
https://rodenlaw.com/practice-areas/nursing-home-abuse-lawyers/columbia-sc/,0,2843,0,17.55
https://rodenlaw.com/practice-areas/nursing-home-abuse-lawyers/darien-ga/,0,2,0,40
https://rodenlaw.com/practice-areas/nursing-home-abuse-lawyers/myrtle-beach-sc/,0,407,0,13.82
https://rodenlaw.com/practice-areas/nursing-home-abuse-lawyers/north-charleston-sc/,0,1072,0,44.63
https://rodenlaw.com/practice-areas/nursing-home-abuse-lawyers/nursing-home-neglect/,0,126,0,17.43
https://rodenlaw.com/practice-areas/pedestrian-accident-lawyers/charleston-sc/,0,1893,0,14.57
https://rodenlaw.com/practice-areas/pedestrian-accident-lawyers/crosswalk-accident/,0,357,0,16.24
https://rodenlaw.com/practice-areas/pedestrian-accident-lawyers/distracted-driver-pedestrian-accident/,0,88,0,17.1
https://rodenlaw.com/practice-areas/pedestrian-accident-lawyers/drunk-driver-pedestrian-accident/,0,426,0,14.73
https://rodenlaw.com/practice-areas/pedestrian-accident-lawyers/intersection-pedestrian-accident/,0,237,0,16.45
https://rodenlaw.com/practice-areas/pedestrian-accident-lawyers/jogger-runner-accident/,0,142,0,8.58
https://rodenlaw.com/practice-areas/pedestrian-accident-lawyers/myrtle-beach-sc/,0,1836,0,23.09
https://rodenlaw.com/practice-areas/pedestrian-accident-lawyers/north-charleston-sc/,0,2239,0,17.82
https://rodenlaw.com/practice-areas/pedestrian-accident-lawyers/rivers-avenue-pedestrian/,0,35,0,33
https://rodenlaw.com/practice-areas/premises-liability-lawyers/,0,33461,0,59.93
https://rodenlaw.com/practice-areas/premises-liability-lawyers/apartment-complex-injury/,0,120,0,15.15
https://rodenlaw.com/practice-areas/premises-liability-lawyers/inadequate-security/,0,373,0,11.13
https://rodenlaw.com/practice-areas/premises-liability-lawyers/myrtle-beach-sc/,0,214,0,23.57
https://rodenlaw.com/practice-areas/premises-liability-lawyers/restaurant-hotel-injury/,0,316,0,9.48
https://rodenlaw.com/practice-areas/premises-liability-lawyers/retail-store-shopping-center-injury/,0,61,0,23.31
https://rodenlaw.com/practice-areas/premises-liability-lawyers/savannah-ga/,0,443,0,11.87
https://rodenlaw.com/practice-areas/premisesliability-lawyers/columbia-sc/,0,2,0,1
https://rodenlaw.com/practice-areas/product-liability-lawyers/darien-ga/,0,10,0,23
https://rodenlaw.com/practice-areas/product-liability-lawyers/defective-auto-parts/,0,163,0,15.08
https://rodenlaw.com/practice-areas/product-liability-lawyers/defective-childrens-product/,0,329,0,20.46
https://rodenlaw.com/practice-areas/product-liability-lawyers/defective-industrial-equipment/,0,11,0,26.91
https://rodenlaw.com/practice-areas/product-liability-lawyers/myrtle-beach-sc/,0,397,0,18.88
https://rodenlaw.com/practice-areas/product-liability-lawyers/north-charleston-sc/,0,1362,0,27.54
https://rodenlaw.com/practice-areas/product-liability-lawyers/savannah-ga/,0,2332,0,12.61
https://rodenlaw.com/practice-areas/savannah/brain-injury-lawyers/,0,10081,0,18.42
https://rodenlaw.com/practice-areas/savannah/coronavirus-business-claims/,0,717,0,55.21
https://rodenlaw.com/practice-areas/savannah/medical-malpractice-attorneys/faq/,0,378,0,42.66
https://rodenlaw.com/practice-areas/savannah/medical-malpractice-attorneys/misdiagnosis/,0,2934,0,43.92
https://rodenlaw.com/practice-areas/savannah/motorcycle-accident-lawyers/,0,8703,0,18.06
https://rodenlaw.com/practice-areas/savannah/nursing-home-abuse-attorneys/faqs/,0,1372,0,29.46
https://rodenlaw.com/practice-areas/savannah/nursing-home-abuse-attorneys/resident-bill-of-rights/,0,715,0,34.87
https://rodenlaw.com/practice-areas/savannah/nursing-home-abuse-lawyers/,0,2633,0,20.79
https://rodenlaw.com/practice-areas/savannah/product-liability-lawyers/,0,9688,0,18.82
https://rodenlaw.com/practice-areas/savannah/savannah-car-accident-lawyers/,0,4080,0,78.87
https://rodenlaw.com/practice-areas/savannah/savannah-product-liability-lawyers/,0,130,0,20.79
https://rodenlaw.com/practice-areas/savannah/spinal-cord-injury-lawyers/,0,21,0,7.67
https://rodenlaw.com/practice-areas/slip-and-fall-lawyers/darien-ga/,0,78,0,21.86
https://rodenlaw.com/practice-areas/slip-and-fall-lawyers/myrtle-beach-sc/,0,868,0,16.89
https://rodenlaw.com/practice-areas/slip-and-fall-lawyers/parking-lot-fall/,0,223,0,31.96
https://rodenlaw.com/practice-areas/slip-and-fall-lawyers/retail-store-trip-and-fall/,0,225,0,4.91
https://rodenlaw.com/practice-areas/slip-and-fall-lawyers/wet-floor-accident/,0,315,0,9.49
https://rodenlaw.com/practice-areas/slip-and-fall-lawyers/workplace-slip-and-fall/,0,65,0,20.49
https://rodenlaw.com/practice-areas/spinal-cord-injury-lawyers/charleston-sc/,0,7710,0,13.54
https://rodenlaw.com/practice-areas/spinal-cord-injury-lawyers/complete-spinal-cord-injury/,0,59,0,22.53
https://rodenlaw.com/practice-areas/spinal-cord-injury-lawyers/darien-ga/,0,6,0,27.17
https://rodenlaw.com/practice-areas/spinal-cord-injury-lawyers/herniated-ruptured-disc/,0,405,0,19.25
https://rodenlaw.com/practice-areas/spinal-cord-injury-lawyers/incomplete-spinal-cord-injury/,0,208,0,26.55
https://rodenlaw.com/practice-areas/spinal-cord-injury-lawyers/myrtle-beach-sc/,0,615,0,14.24
https://rodenlaw.com/practice-areas/spinal-cord-injury-lawyers/north-charleston-sc/,0,1019,0,29.16
https://rodenlaw.com/practice-areas/spinal-cord-injury-lawyers/savannah-ga/,0,1060,0,10.66
https://rodenlaw.com/practice-areas/spinal-cord-injury-lawyers/tetraplegia-quadriplegia/,0,392,0,11.26
https://rodenlaw.com/practice-areas/truck-accident-lawyers/,0,27233,0,54.45
https://rodenlaw.com/practice-areas/truck-accident-lawyers/18-wheeler-semi-truck-accident/,0,19,0,15.32
https://rodenlaw.com/practice-areas/truck-accident-lawyers/brake-failure-accident/,0,354,0,18.79
https://rodenlaw.com/practice-areas/truck-accident-lawyers/cement-truck-accident/,0,990,0,19.52
https://rodenlaw.com/practice-areas/truck-accident-lawyers/columbia-sc/,0,5647,0,12.49
https://rodenlaw.com/practice-areas/truck-accident-lawyers/commercial-van-delivery-truck-accident/,0,211,0,15.61
https://rodenlaw.com/practice-areas/truck-accident-lawyers/darien-ga/,0,148,0,18.64
https://rodenlaw.com/practice-areas/truck-accident-lawyers/drunk-driver-accident/,0,8,0,24.12
https://rodenlaw.com/practice-areas/truck-accident-lawyers/fatigued-trucker-accident/,0,259,0,16.78
https://rodenlaw.com/practice-areas/truck-accident-lawyers/hazardous-materials-accident/,0,441,0,7.34
https://rodenlaw.com/practice-areas/truck-accident-lawyers/i-26-truck-accident/,0,54,0,32.54
https://rodenlaw.com/practice-areas/truck-accident-lawyers/jackknife-accident/,0,541,0,26.5
https://rodenlaw.com/practice-areas/truck-accident-lawyers/overloaded-improperly-loaded-cargo/,0,487,0,9.01
https://rodenlaw.com/practice-areas/truck-accident-lawyers/port-freight-truck-accident/,0,227,0,28.46
https://rodenlaw.com/practice-areas/truck-accident-lawyers/underride-override-accident/,0,1697,0,13.1
https://rodenlaw.com/practice-areas/workers-compensation-lawyers/columbia-sc/,0,173,0,20.46
https://rodenlaw.com/practice-areas/workers-compensation-lawyers/construction-worker-injury/,0,67,0,30.15
https://rodenlaw.com/practice-areas/workers-compensation-lawyers/denied-workers-comp-claim/,0,75,0,20.48
https://rodenlaw.com/practice-areas/workers-compensation-lawyers/fatal-workplace-accident/,0,435,0,38.37
https://rodenlaw.com/practice-areas/workers-compensation-lawyers/north-charleston-sc/,0,1429,0,35.62
https://rodenlaw.com/practice-areas/workers-compensation-lawyers/occupational-disease/,0,477,0,35.21
https://rodenlaw.com/practice-areas/workers-compensation-lawyers/port-worker-injury/,0,368,0,33.08
https://rodenlaw.com/practice-areas/workers-compensation-lawyers/repetitive-stress-injury/,0,13,0,34.54
https://rodenlaw.com/practice-areas/workers-compensation-lawyers/warehouse-logistics-injury/,0,235,0,30.1
https://rodenlaw.com/practice-areas/wrongful-death-lawyers/darien-ga/,0,251,0,19.41
https://rodenlaw.com/practice-areas/wrongful-death-lawyers/defective-product-death/,0,30,0,34.8
https://rodenlaw.com/practice-areas/wrongful-death-lawyers/fatal-truck-accident/,0,111,0,14.83
https://rodenlaw.com/practice-areas/wrongful-death-lawyers/medical-malpractice-death/,0,1040,0,32.58
https://rodenlaw.com/practice-areas/wrongful-death-lawyers/north-charleston-sc/,0,2014,0,45.39
https://rodenlaw.com/practice-areas/wrongful-death-lawyers/pedestrian-cyclist-fatality/,0,58,0,10.83
https://rodenlaw.com/practice-ares/savannah/savannah-slip-and-fall-accidents/,0,797,0,33.12
https://rodenlaw.com/practice-category/e-bike-accidents/,0,787,0,51.59
https://rodenlaw.com/practice-category/truck-accidents/,0,31,0,38.61
https://rodenlaw.com/premises-liability-lawyers/apartment-complex-injury/,0,450,0,13.24
https://rodenlaw.com/premises-liability-lawyers/charleston-sc/,0,1285,0,18.25
https://rodenlaw.com/premises-liability-lawyers/north-charleston-sc/,0,5045,0,36.23
https://rodenlaw.com/premises-liability-lawyers/restaurant-hotel-injury/,0,306,0,15.48
https://rodenlaw.com/privacy-policy-2/,0,59,0,4.86
https://rodenlaw.com/privacy-policy/,0,632,0,15.82
https://rodenlaw.com/product-liability-lawyers/darien-ga/,0,96,0,35.18
https://rodenlaw.com/product-liability-lawyers/defective-auto-parts/,0,125,0,32.32
https://rodenlaw.com/product-liability-lawyers/defective-childrens-product/,0,154,0,14.77
https://rodenlaw.com/product-liability-lawyers/defective-consumer-product/,0,344,0,17.34
https://rodenlaw.com/product-liability-lawyers/myrtle-beach-sc/,0,1515,0,23.82
https://rodenlaw.com/product-liability-lawyers/north-charleston-sc/,0,1051,0,27.02
https://rodenlaw.com/product-liability-lawyers/savannah-ga/,0,5041,0,14.37
https://rodenlaw.com/request-your-free-case-review-today-main_phone_number/,0,184,0,14.28
https://rodenlaw.com/resources/construction-zone-accidents-north-charleston/,0,188,0,16.31
https://rodenlaw.com/resources/georgia-vs-south-carolina-filing-deadlines/,0,103,0,7
https://rodenlaw.com/resources/georgia-vs-south-carolina-workers-compensation/,0,89,0,8.49
https://rodenlaw.com/resources/georgia-wrongful-death-settlement-value/,0,33,0,10.67
https://rodenlaw.com/resources/highway-501-truck-accidents-conway-myrtle-beach/,0,31,0,9.74
https://rodenlaw.com/resources/lexington-county-truck-accidents-distribution-corridor/,0,322,0,11.48
https://rodenlaw.com/resources/mount-pleasant-truck-accidents-wando-welch/,0,369,0,8.86
https://rodenlaw.com/resources/ogeechee-road-truck-accidents-savannah/,0,201,0,9.24
https://rodenlaw.com/resources/page/3/,0,5,0,8.2
https://rodenlaw.com/resources/page/6/,0,7,0,19.57
https://rodenlaw.com/resources/page/7/,0,1,0,10
https://rodenlaw.com/resources/rideshare-accident-north-charleston/,0,1373,0,9.64
https://rodenlaw.com/resources/seasonal-truck-accidents-myrtle-beach/,0,85,0,10.6
https://rodenlaw.com/resources/south-carolina-golf-cart-laws/,0,790,0,8.28
https://rodenlaw.com/resources/south-carolina-laws/,0,1,0,2
https://rodenlaw.com/resources/south-carolina-personal-injury-faq/,0,30,0,40.27
https://rodenlaw.com/resources/truck-accident-settlement-process/,0,223,0,21.68
https://rodenlaw.com/resources/what-to-do-after-car-accident-north-charleston/,0,1040,0,16.49
https://rodenlaw.com/resources/workers-comp-north-charleston-warehouse-port/,0,204,0,17.88
https://rodenlaw.com/savannah-ppi-attorney/,0,353,0,14.61
https://rodenlaw.com/savannah/dog-bite-lawyers/,0,783,0,45.79
https://rodenlaw.com/savannah/medical-malpractice-attorneys/,0,303,0,23.04
https://rodenlaw.com/savannah/practice-areas/,0,1086,0,62.08
https://rodenlaw.com/savannah/spinal-cord-injury-lawyers/,0,5476,0,29.97
https://rodenlaw.com/second-opinion-for-charleston-car-crash-injuries/,0,306,0,49.22
https://rodenlaw.com/slip-and-fall-lawyers/darien-ga/,0,417,0,13.76
https://rodenlaw.com/slip-and-fall-lawyers/hotel-resort-injury/,0,191,0,30.14
https://rodenlaw.com/slip-and-fall-lawyers/myrtle-beach-sc/,0,3731,0,22.2
https://rodenlaw.com/slip-and-fall-lawyers/north-charleston-sc/,0,1242,0,36.13
https://rodenlaw.com/slip-and-fall-lawyers/parking-lot-fall/,0,444,0,11.22
https://rodenlaw.com/slip-and-fall-lawyers/retail-shopping-center-fall/,0,296,0,14.99
https://rodenlaw.com/slip-and-fall-lawyers/wet-floor-accident/,0,192,0,19.27
https://rodenlaw.com/slip-and-fall-lawyers/workplace-slip-and-fall/,0,341,0,27.71
https://rodenlaw.com/south-carolina-car-accident-lawyers/,0,1885,0,31.74
https://rodenlaw.com/south-carolina-personal-injury-lawyer/,0,215,0,39.01
https://rodenlaw.com/south-carolina-truck-accident-lawyers/,0,2355,0,48.97
https://rodenlaw.com/south-carolina-workers-compensation-lawyer/,0,563,0,65.3
https://rodenlaw.com/south-carolina-wrongful-death-lawyer/,0,1460,0,54.86
https://rodenlaw.com/spartanburg-sc-car-accident-lawyer/,0,298,0,35.35
https://rodenlaw.com/spartanburg-sc-workers-compensation-lawyer/,0,266,0,17.98
https://rodenlaw.com/spinal-cord-injury-lawyers/columbia-sc/,0,3294,0,20.01
https://rodenlaw.com/spinal-cord-injury-lawyers/complete-spinal-cord-injury/,0,73,0,19.45
https://rodenlaw.com/spinal-cord-injury-lawyers/darien-ga/,0,21,0,6.29
https://rodenlaw.com/spinal-cord-injury-lawyers/herniated-ruptured-disc/,0,499,0,16.78
https://rodenlaw.com/spinal-cord-injury-lawyers/incomplete-spinal-cord-injury/,0,87,0,42.85
https://rodenlaw.com/spinal-cord-injury-lawyers/north-charleston-sc/,0,332,0,46.2
https://rodenlaw.com/spinal-cord-injury-lawyers/savannah-ga/,0,1030,0,12.1
https://rodenlaw.com/spinal-cord-injury-lawyers/spinal-fracture/,0,101,0,12.99
https://rodenlaw.com/spinal-cord-injury-lawyers/tetraplegia-quadriplegia/,0,1694,0,17.57
https://rodenlaw.com/tag/car-crash-injury-claim/,0,1,0,7
https://rodenlaw.com/test/,0,130,0,6.12
https://rodenlaw.com/testimonial/a-mcgee/,0,25,0,20.72
https://rodenlaw.com/testimonial/anthony-b/,0,60,0,11.25
https://rodenlaw.com/testimonial/britany-roberson/,0,16,0,12.75
https://rodenlaw.com/testimonial/bryant-grinnell/,0,91,0,13.95
https://rodenlaw.com/testimonial/bryston-butler/,0,41,0,18.63
https://rodenlaw.com/testimonial/byshiba-moon/,0,17,0,18.82
https://rodenlaw.com/testimonial/charles-constant/,0,57,0,24.75
https://rodenlaw.com/testimonial/joshua-johnson/,0,88,0,15.72
https://rodenlaw.com/testimonial/tie-miller/,0,151,0,12.59
https://rodenlaw.com/testimonials/a-mcgee/,0,22,0,11.73
https://rodenlaw.com/testimonials/anthony-b/,0,40,0,10.43
https://rodenlaw.com/testimonials/ashley-b/,0,26,0,9.85
https://rodenlaw.com/testimonials/ben-young/,0,11,0,8
https://rodenlaw.com/testimonials/bryant-grinnell/,0,48,0,17.85
https://rodenlaw.com/testimonials/bryston-butler/,0,55,0,13.84
https://rodenlaw.com/testimonials/byshiba-moon/,0,18,0,15.94
https://rodenlaw.com/testimonials/charles-constant/,0,73,0,12.44
https://rodenlaw.com/testimonials/joshua-johnson/,0,40,0,9.18
https://rodenlaw.com/testimonials/kim-howard/,0,48,0,22.33
https://rodenlaw.com/testimonials/kmarieee-_/,0,40,0,13.57
https://rodenlaw.com/testimonials/megan-l/,0,306,0,10
https://rodenlaw.com/testimonials/nicole-barber/,0,57,0,12.6
https://rodenlaw.com/testimonials/page/2/,0,135,0,6.39
https://rodenlaw.com/testimonials/page/3/,0,3,0,13.67
https://rodenlaw.com/testimonials/rachel-fraser/,0,32,0,8.69
https://rodenlaw.com/testimonials/ricky-h/,0,158,0,9.18
https://rodenlaw.com/testimonials/s-miller/,0,13,0,15.85
https://rodenlaw.com/testimonials/tie-miller/,0,24,0,7.25
https://rodenlaw.com/truck-accident-lawyer-2/,0,1482,0,45.45
https://rodenlaw.com/truck-accident-lawyers/18-wheeler-semi-truck-accident/,0,283,0,21.37
https://rodenlaw.com/truck-accident-lawyers/brake-failure-accident/,0,895,0,17.11
https://rodenlaw.com/truck-accident-lawyers/cement-truck-accident/,0,58,0,13.59
https://rodenlaw.com/truck-accident-lawyers/charleston-sc/,0,40125,0,16.66
https://rodenlaw.com/truck-accident-lawyers/commercial-van-delivery-truck-accident/,0,24,0,8.29
https://rodenlaw.com/truck-accident-lawyers/darien-ga/,0,348,0,16.74
https://rodenlaw.com/truck-accident-lawyers/fatigued-trucker-accident/,0,1406,0,26.94
https://rodenlaw.com/truck-accident-lawyers/hazardous-materials-accident/,0,489,0,13.66
https://rodenlaw.com/truck-accident-lawyers/i-26-truck-accident/,0,321,0,18.83
https://rodenlaw.com/truck-accident-lawyers/myrtle-beach-sc/,0,4231,0,15.28
https://rodenlaw.com/truck-accident-lawyers/north-charleston-sc/,0,2965,0,26.07
https://rodenlaw.com/truck-accident-lawyers/underride-override-accident/,0,1517,0,25.14
https://rodenlaw.com/value-of-car-crash-claim-if-permanent-injuries/,0,90,0,35.22
https://rodenlaw.com/wearing-headphones-while-driving-in-charleston/#difference,0,2,0,2
https://rodenlaw.com/wearing-headphones-while-driving-in-charleston/#headphones,0,2,0,2
https://rodenlaw.com/wearing-headphones-while-driving-in-charleston/#penalties,0,3,0,2
https://rodenlaw.com/wearing-headphones-while-driving-in-charleston/#wearing,0,3,0,2
https://rodenlaw.com/west-ashley-vs-downtown-charleston-driving-risks/,0,41,0,6.83
https://rodenlaw.com/when-to-call-charleston-personal-injury-lawyer/,0,156,0,60.59
https://rodenlaw.com/who-we-are,0,44,0,3.89
https://rodenlaw.com/why-get-black-box-data-after-truck-crash-savannah/,0,505,0,41.39
https://rodenlaw.com/why-mitigate-damages-after-a-car-crash/,0,114,0,41.22
https://rodenlaw.com/workers-compensation-lawyers/columbia-sc/,0,9277,0,21.04
https://rodenlaw.com/workers-compensation-lawyers/construction-worker-injury/,0,220,0,30.01
https://rodenlaw.com/workers-compensation-lawyers/factory-manufacturing-injury/,0,440,0,22.37
https://rodenlaw.com/workers-compensation-lawyers/fatal-workplace-accident/,0,991,0,36.14
https://rodenlaw.com/workers-compensation-lawyers/gulfstream-aerospace-injury/,0,37,0,15.14
https://rodenlaw.com/workers-compensation-lawyers/north-charleston-sc/,0,954,0,26.53
https://rodenlaw.com/workers-compensation-lawyers/port-worker-injury/,0,161,0,32.27
https://rodenlaw.com/workers-compensation-lawyers/warehouse-distribution-injury/,0,180,0,25.79
https://rodenlaw.com/wp-content/uploads/2019/06/liability-in-rear-end-accident-1024x683.png,0,2,0,5
https://rodenlaw.com/wp-content/uploads/2024/03/RODEN-LAW_liability-four-way-stop-crash_social-1024x538.jpg,0,2,0,6
https://rodenlaw.com/wp-content/uploads/2024/04/04-05-2025_RODEN-LAW_social_if-a-tire-blowout-causes-a-crash.jpg,0,1,0,20
https://rodenlaw.com/wp-content/uploads/2024/05/RODEN-LAW_social_red-light-crashes-and-liability.jpg,0,1,0,12
https://rodenlaw.com/wp-content/uploads/2024/07/RODEN-LAW_blog_emotional-driving-in-Savannah-GA.jpg,0,1,0,11
https://rodenlaw.com/wp-content/uploads/2024/08/roden-eye-injuries-BLOG-1.jpg,0,1,0,29
https://rodenlaw.com/wp-content/uploads/2024/09/roden-law-loud-music-BLOG.jpg,0,1,0,17
https://rodenlaw.com/wp-content/uploads/2025/05/roden-law-nerve-damage-FB-1024x538.webp,0,1,0,13
https://rodenlaw.com/wp-content/uploads/2025/06/Roden-Law-highway-shoulder-BLOG-1.webp,0,2,0,22
https://rodenlaw.com/wp-content/uploads/2025/06/roden-law-highway-shoulder-FB.webp,0,1,0,21
https://rodenlaw.com/wp-content/uploads/2025/11/image-2-1024x341.png,0,1,0,4
https://rodenlaw.com/wp-content/uploads/2026/03/can-insurance-companies-go-against-police-report-1024x683.png,0,1,0,7
https://rodenlaw.com/wp-content/uploads/2026/03/georgia-pedestrian-right-of-way-laws-1024x683.png,0,1,0,7
https://rodenlaw.com/wp-content/uploads/2026/03/how-dashcam-footage-can-help-1024x683.png,0,2,0,7
https://rodenlaw.com/wp-content/uploads/2026/03/south-carolina-pedestrian-right-of-way-laws-1024x683.png,0,1,0,2
https://rodenlaw.com/wp-content/uploads/assets/media/images/blog/Road-work-sign-GA_BLOG.jpg,0,1,0,22
https://rodenlaw.com/wp-content/uploads/assets/media/images/blog/dashcams-as-evidence-blog.jpg,0,1,0,24
https://rodenlaw.com/wp-content/uploads/assets/media/images/blog/frying-a-turkey_BLOG.jpg,0,1,0,8
https://rodenlaw.com/wp-content/uploads/assets/media/images/blog/lady-lawyer-asking-questions-blog.jpg,0,1,0,8
https://rodenlaw.com/wp-content/uploads/assets/media/images/blog/two-construction-workers-in-bright-sunlight_BLOG.jpg,0,1,0,11
https://rodenlaw.com/wp-content/uploads/assets/media/images/doctor-burn-injury-Social.jpg,0,2,0,15
https://rodenlaw.com/wrongful-death-lawyers/charleston-sc/,0,21061,0,15.68
https://rodenlaw.com/wrongful-death-lawyers/defective-product-death/,0,224,0,21.5
https://rodenlaw.com/wrongful-death-lawyers/fatal-car-accident/,0,318,0,13.83
https://rodenlaw.com/wrongful-death-lawyers/fatal-truck-accident/,0,78,0,32.09
https://rodenlaw.com/wrongful-death-lawyers/medical-malpractice-death/,0,362,0,13.26
https://rodenlaw.com/wrongful-death-lawyers/north-charleston-sc/,0,1570,0,36.54
https://rodenlaw.com/wrongful-death-lawyers/nursing-home-wrongful-death/,0,263,0,21.22
https://rodenlaw.com/wrongful-death-lawyers/workplace-fatality/,0,392,0,35.55
https://rodenlaw.com/your-guide-to-justice-after-a-charleston-truck-accident/,0,2045,0,42.29
https://www.rodenlaw.com/,0,49,0,2.92
https://www.rodenlaw.com/blog/calculating-compensation-for-whiplash-injuries/,0,1,0,1
https://www.rodenlaw.com/blog/independent-medical-exams/,0,1,0,1
https://www.rodenlaw.com/blog/what-happens-if-i-resign-while-on-workers-compensation/,0,1,0,1
https://www.rodenlaw.com/contact-us/?utm_source=google&utm_medium=gmb&utm_campaign=gmb-appt-brunswick,0,288,0,14.16
https://www.rodenlaw.com/contact-us/?utm_source=google&utm_medium=gmb&utm_campaign=gmb-appt-jacksonville,0,123,0,18.46
https://www.rodenlaw.com/savannah/medical-malpractice-attorneys/cosmetic-surgery/,0,1,0,1
