url,refreshed,query,clicks_pre90,impr_pre90,pos_pre90
/blog/accident-claims-with-an-expired-license/,2026-10-02,can you get car insurance with expired license,0,220,16.0
/blog/accident-claims-with-an-expired-license/,2026-10-02,ocga expired license,0,80,10.7
/blog/accident-claims-with-an-expired-license/,2026-10-02,car insurance with expired license,0,69,15.0
/blog/accident-claims-with-an-expired-license/,2026-10-02,car accident with expired license,0,25,20.7
/blog/accident-claims-with-an-expired-license/,2026-10-02,expired license ocga,0,23,10.4
/blog/accident-claims-with-an-expired-license/,2026-10-02,insurance with expired license,0,17,10.9
/blog/accident-claims-with-an-expired-license/,2026-10-02,can you get insurance with an expired license,0,16,12.1
/blog/accident-claims-with-an-expired-license/,2026-10-02,will insurance cover accident expired license,0,16,6.9
/blog/accident-claims-with-an-expired-license/,2026-10-02,does expired license ticket affect insurance,0,14,6.5
/blog/accident-claims-with-an-expired-license/,2026-10-02,does expired driving license invalidate insurance,0,9,18.9
/blog/accident-claims-with-an-expired-license/,2026-10-02,can you get insurance with expired license,0,7,12.9
/blog/accident-claims-with-an-expired-license/,2026-10-02,ocga expired driver's license,0,7,10.7
/blog/accident-claims-with-an-expired-license/,2026-10-02,ocga 40-5-20,0,5,62.8
/blog/accident-claims-with-an-expired-license/,2026-10-02,can i get insurance with expired license,0,3,11.0
/blog/accident-claims-with-an-expired-license/,2026-10-02,car insurance expired license,0,3,18.0
/blog/animal-accident-insurance-coverage/,2026-09-25,does car insurance cover animal damage,0,271,43.9
/blog/animal-accident-insurance-coverage/,2026-09-25,is hitting an animal an at fault accident,0,265,52.1
/blog/animal-accident-insurance-coverage/,2026-09-25,does car insurance cover hitting a dog,0,220,35.0
/blog/animal-accident-insurance-coverage/,2026-09-25,animal collision wrecks,0,133,56.5
/blog/animal-accident-insurance-coverage/,2026-09-25,does insurance cover animal damage,0,67,54.5
/blog/animal-accident-insurance-coverage/,2026-09-25,what animals do you have to report if you hit,0,25,65.3
/blog/animal-accident-insurance-coverage/,2026-09-25,does car insurance cover animal damage?,0,9,41.6
/blog/animal-accident-insurance-coverage/,2026-09-25,animal collision insurance,0,5,40.6
/blog/animal-accident-insurance-coverage/,2026-09-25,does insurance cover animal damage to car,0,3,44.0
/blog/animal-accident-insurance-coverage/,2026-09-25,animal strike,0,2,5.5
/blog/animal-accident-insurance-coverage/,2026-09-25,explain “other-than-collision” versus collision coverage with examples: animal strike versus guardrail impact.,0,2,21.0
/blog/animal-accident-insurance-coverage/,2026-09-25,when will car insurance not cover deer-related accidents?,0,2,8.0
/blog/animal-accident-insurance-coverage/,2026-09-25,animal collision,0,1,60.0
/blog/animal-accident-insurance-coverage/,2026-09-25,animal injury claim,0,1,59.0
/blog/animal-accident-insurance-coverage/,2026-09-25,can hitting a raccoon damage your car,0,1,3.0
/blog/answering-insurance-questions-after-crash/,2026-10-02,car accident questions and answers,0,489,53.5
/blog/answering-insurance-questions-after-crash/,2026-10-02,what questions do insurance companies ask after an accident,0,159,58.9
/blog/answering-insurance-questions-after-crash/,2026-10-02,insurance claim questions,0,62,17.3
/blog/answering-insurance-questions-after-crash/,2026-10-02,what questions can you ask the driver you got in a car accident with?,0,29,80.5
/blog/answering-insurance-questions-after-crash/,2026-10-02,questions to ask insurance adjuster after car accident,0,27,72.0
/blog/answering-insurance-questions-after-crash/,2026-10-02,car accident insurance questions,0,24,45.1
/blog/answering-insurance-questions-after-crash/,2026-10-02,questions to ask insurance company after an accident,0,22,60.4
/blog/answering-insurance-questions-after-crash/,2026-10-02,how to answer insurance claim questions,0,18,7.5
/blog/answering-insurance-questions-after-crash/,2026-10-02,accident insurance questions,0,16,38.6
/blog/answering-insurance-questions-after-crash/,2026-10-02,car insurance claims questions,0,14,48.2
/blog/answering-insurance-questions-after-crash/,2026-10-02,car insurance claim questions,0,12,41.9
/blog/answering-insurance-questions-after-crash/,2026-10-02,what questions do car insurance companies ask after an accident,0,12,56.5
/blog/answering-insurance-questions-after-crash/,2026-10-02,car insurance questions accident,0,5,48.8
/blog/answering-insurance-questions-after-crash/,2026-10-02,car insurance questions after an accident,0,4,58.2
/blog/answering-insurance-questions-after-crash/,2026-10-02,accident questions,0,3,51.3
/blog/are-red-light-runners-always-liable-if-they-crash/,2026-09-24,someone ran a red light and hit me,0,1854,11.6
/blog/are-red-light-runners-always-liable-if-they-crash/,2026-09-24,ran red light accident,0,58,23.5
/blog/are-red-light-runners-always-liable-if-they-crash/,2026-09-24,if someone runs a red light and you hit them who is at fault,0,34,7.2
/blog/are-red-light-runners-always-liable-if-they-crash/,2026-09-24,ran a red light by accident,0,23,12.1
/blog/are-red-light-runners-always-liable-if-they-crash/,2026-09-24,red light accident,0,20,11.4
/blog/are-red-light-runners-always-liable-if-they-crash/,2026-09-24,what to do when someone runs a red light and hits you,0,16,18.0
/blog/are-red-light-runners-always-liable-if-they-crash/,2026-09-24,accidentally ran a red light,0,13,46.4
/blog/are-red-light-runners-always-liable-if-they-crash/,2026-09-24,red light car accident,0,12,18.2
/blog/are-red-light-runners-always-liable-if-they-crash/,2026-09-24,at-fault running red lights,0,11,31.4
/blog/are-red-light-runners-always-liable-if-they-crash/,2026-09-24,i accidentally ran a red light,0,9,38.8
/blog/are-red-light-runners-always-liable-if-they-crash/,2026-09-24,i ran a red light and someone hit me,0,9,11.1
/blog/are-red-light-runners-always-liable-if-they-crash/,2026-09-24,running a red light by accident,0,9,12.2
/blog/are-red-light-runners-always-liable-if-they-crash/,2026-09-24,running a red light on accident penalty,0,8,28.8
/blog/are-red-light-runners-always-liable-if-they-crash/,2026-09-24,i ran a red light by accident,0,7,14.1
/blog/are-red-light-runners-always-liable-if-they-crash/,2026-09-24,ran red light on accident,0,7,9.4
/blog/ashley-phosphate-road-i-26-dangerous-intersection-charleston/,2026-10-02,ashley phosphate road,0,170,13.1
/blog/ashley-phosphate-road-i-26-dangerous-intersection-charleston/,2026-10-02,ashley phosphate,0,48,18.6
/blog/ashley-phosphate-road-i-26-dangerous-intersection-charleston/,2026-10-02,accident on ashley phosphate road today,0,14,8.1
/blog/ashley-phosphate-road-i-26-dangerous-intersection-charleston/,2026-10-02,ashley phosphate road north charleston,0,10,10.3
/blog/ashley-phosphate-road-i-26-dangerous-intersection-charleston/,2026-10-02,ashley phosphate road charleston sc,0,7,16.4
/blog/ashley-phosphate-road-i-26-dangerous-intersection-charleston/,2026-10-02,ashley phosphate accident today,0,6,9.0
/blog/ashley-phosphate-road-i-26-dangerous-intersection-charleston/,2026-10-02,charleston sc weather,0,6,2.8
/blog/ashley-phosphate-road-i-26-dangerous-intersection-charleston/,2026-10-02,is ashley phosphate safe,0,5,6.2
/blog/ashley-phosphate-road-i-26-dangerous-intersection-charleston/,2026-10-02,ashley phosphate rd,0,4,27.0
/blog/ashley-phosphate-road-i-26-dangerous-intersection-charleston/,2026-10-02,ashley phosphate rd charleston sc,0,3,25.3
/blog/ashley-phosphate-road-i-26-dangerous-intersection-charleston/,2026-10-02,charleston weather,0,3,4.7
/blog/ashley-phosphate-road-i-26-dangerous-intersection-charleston/,2026-10-02,"charleston, sc weather",0,2,2.0
/blog/ashley-phosphate-road-i-26-dangerous-intersection-charleston/,2026-10-02,king street charleston sc,0,2,2.0
/blog/ashley-phosphate-road-i-26-dangerous-intersection-charleston/,2026-10-02,north charleston,0,2,3.5
/blog/ashley-phosphate-road-i-26-dangerous-intersection-charleston/,2026-10-02,3 king street charleston sc,0,1,4.0
/blog/average-personal-injury-settlement-amounts/,2026-10-02,how much of a $30k settlement will i get,0,1623,7.4
/blog/average-personal-injury-settlement-amounts/,2026-10-02,how much of a 50k settlement will i get,1,289,10.4
/blog/average-personal-injury-settlement-amounts/,2026-10-02,personal injury settlement amounts,0,171,60.5
/blog/average-personal-injury-settlement-amounts/,2026-10-02,how much of a 30k settlement will i get,0,154,10.9
/blog/average-personal-injury-settlement-amounts/,2026-10-02,average personal injury settlement,0,105,65.1
/blog/average-personal-injury-settlement-amounts/,2026-10-02,how much of a 150k settlement will i get,1,72,9.4
/blog/average-personal-injury-settlement-amounts/,2026-10-02,how much of a $30k settlement will i get?,0,51,8.4
/blog/average-personal-injury-settlement-amounts/,2026-10-02,how much of a $30 k settlement will i get,0,48,8.9
/blog/average-personal-injury-settlement-amounts/,2026-10-02,pain and suffering settlement amounts,0,40,47.9
/blog/average-personal-injury-settlement-amounts/,2026-10-02,my settlement offer is $50k but lawyer says trial could yield more? georgia,0,37,9.1
/blog/average-personal-injury-settlement-amounts/,2026-10-02,permanent injury settlement amounts,0,37,52.4
/blog/average-personal-injury-settlement-amounts/,2026-10-02,average pain and suffering settlement,0,36,59.2
/blog/average-personal-injury-settlement-amounts/,2026-10-02,how much of a $500k settlement will i get,0,33,6.8
/blog/average-personal-injury-settlement-amounts/,2026-10-02,average settlement for personal injury,0,31,70.7
/blog/average-personal-injury-settlement-amounts/,2026-10-02,how much of a 30k settlement will i get?,0,30,13.5
/blog/benefits-for-workplace-violence/,2026-09-24,workers' compensation for workplace violence,0,320,3.8
/blog/benefits-for-workplace-violence/,2026-09-24,is workplace violence covered by workers compensation,0,216,3.1
/blog/benefits-for-workplace-violence/,2026-09-24,does workers comp cover workplace violence,0,192,3.7
/blog/benefits-for-workplace-violence/,2026-09-24,assault at work compensation,0,13,59.1
/blog/benefits-for-workplace-violence/,2026-09-24,harassment while on workers comp,0,10,68.7
/blog/benefits-for-workplace-violence/,2026-09-24,do workers need to be physically injured in order to suffer from workplace violence?,0,8,9.8
/blog/benefits-for-workplace-violence/,2026-09-24,no security workplace assault claim,0,7,60.6
/blog/benefits-for-workplace-violence/,2026-09-24,assaulted at work compensation,0,6,65.2
/blog/benefits-for-workplace-violence/,2026-09-24,"if you are physically assaulted at work, you are entitled to",0,5,6.8
/blog/benefits-for-workplace-violence/,2026-09-24,compensation for assault at work,0,3,75.3
/blog/benefits-for-workplace-violence/,2026-09-24,how much compensation for assault at work,0,3,71.7
/blog/benefits-for-workplace-violence/,2026-09-24,attacked at work compensation,0,2,22.5
/blog/benefits-for-workplace-violence/,2026-09-24,compensation for being assaulted at work,0,2,24.0
/blog/benefits-for-workplace-violence/,2026-09-24,workers comp for shooting ranges,0,2,61.0
/blog/benefits-for-workplace-violence/,2026-09-24,cica claim workplace assault,0,1,100.0
/blog/blind-spot-accidents/,2026-10-02,blind spot accident,0,70,45.5
/blog/blind-spot-accidents/,2026-10-02,car accidents caused by blind spots without rear view mirror,0,17,36.8
/blog/blind-spot-accidents/,2026-10-02,blind spots,0,15,1.1
/blog/blind-spot-accidents/,2026-10-02,car accidents caused by small rear view mirror blind spots,0,15,38.5
/blog/blind-spot-accidents/,2026-10-02,blind-spot accident,0,13,49.1
/blog/blind-spot-accidents/,2026-10-02,how do i prove fault in a blind spot crash?,0,11,57.5
/blog/blind-spot-accidents/,2026-10-02,blind spot accident claim,0,10,54.1
/blog/blind-spot-accidents/,2026-10-02,causes of blind spot truck accident,0,8,81.2
/blog/blind-spot-accidents/,2026-10-02,blind spot accidents,0,5,37.2
/blog/blind-spot-accidents/,2026-10-02,blind spot accidents statistics,0,5,40.4
/blog/blind-spot-accidents/,2026-10-02,blind spot accident lawyer,0,4,70.0
/blog/blind-spot-accidents/,2026-10-02,blind spot rules,0,4,10.8
/blog/blind-spot-accidents/,2026-10-02,blind spot accident attorney,0,3,76.7
/blog/blind-spot-accidents/,2026-10-02,"true or false: when changing lanes or making turns always check for pedestrians, motorcyclists, or bicyclists in your blind spot. false true",0,3,2.0
/blog/blind-spot-accidents/,2026-10-02,blind spot,0,2,1.0
/blog/blunt-force-trauma-from-a-crash-what-you-need-to-know/,2026-10-02,blunt force trauma,0,264,52.5
/blog/blunt-force-trauma-from-a-crash-what-you-need-to-know/,2026-10-02,blunt trauma,0,122,48.6
/blog/blunt-force-trauma-from-a-crash-what-you-need-to-know/,2026-10-02,blunt force injuries,0,106,51.5
/blog/blunt-force-trauma-from-a-crash-what-you-need-to-know/,2026-10-02,blunt force trauma car accident,1,100,12.4
/blog/blunt-force-trauma-from-a-crash-what-you-need-to-know/,2026-10-02,traumatismo contundente,0,60,10.7
/blog/blunt-force-trauma-from-a-crash-what-you-need-to-know/,2026-10-02,blunt force trauma meaning,0,43,53.9
/blog/blunt-force-trauma-from-a-crash-what-you-need-to-know/,2026-10-02,what is blunt force trauma,0,30,59.1
/blog/blunt-force-trauma-from-a-crash-what-you-need-to-know/,2026-10-02,blunt trauma definition,0,27,55.3
/blog/blunt-force-trauma-from-a-crash-what-you-need-to-know/,2026-10-02,blunt force injury,0,25,47.9
/blog/blunt-force-trauma-from-a-crash-what-you-need-to-know/,2026-10-02,blunt force trauma definition,0,25,49.2
/blog/blunt-force-trauma-from-a-crash-what-you-need-to-know/,2026-10-02,what is a blunt force trauma,0,25,62.9
/blog/blunt-force-trauma-from-a-crash-what-you-need-to-know/,2026-10-02,blunt force trauma injuries,0,24,46.7
/blog/blunt-force-trauma-from-a-crash-what-you-need-to-know/,2026-10-02,blunt injury meaning,0,24,47.4
/blog/blunt-force-trauma-from-a-crash-what-you-need-to-know/,2026-10-02,blunt trauma meaning,0,24,54.4
/blog/blunt-force-trauma-from-a-crash-what-you-need-to-know/,2026-10-02,what does blunt force trauma look like,0,23,11.7
/blog/calculating-compensation-for-whiplash-injuries/,2026-09-24,grade 2 whiplash average payout,0,1387,9.2
/blog/calculating-compensation-for-whiplash-injuries/,2026-09-24,how much compensation for whiplash with physiotherapy,0,962,10.2
/blog/calculating-compensation-for-whiplash-injuries/,2026-09-24,whiplash injury compensation,0,596,20.1
/blog/calculating-compensation-for-whiplash-injuries/,2026-09-24,grade 1 whiplash average payout,0,548,10.2
/blog/calculating-compensation-for-whiplash-injuries/,2026-09-24,whiplash settlement with physical therapy,0,492,9.7
/blog/calculating-compensation-for-whiplash-injuries/,2026-09-24,grade 2 whiplash compensation,0,180,3.3
/blog/calculating-compensation-for-whiplash-injuries/,2026-09-24,whiplash payout scale,0,170,8.9
/blog/calculating-compensation-for-whiplash-injuries/,2026-09-24,what is the compensation for whiplash injury,0,127,9.1
/blog/calculating-compensation-for-whiplash-injuries/,2026-09-24,minimum payout for whiplash,0,121,20.5
/blog/calculating-compensation-for-whiplash-injuries/,2026-09-24,compensation for whiplash injury,0,115,21.0
/blog/calculating-compensation-for-whiplash-injuries/,2026-09-24,whiplash settlement,0,96,29.5
/blog/calculating-compensation-for-whiplash-injuries/,2026-09-24,whiplash settlement amount,0,95,22.7
/blog/calculating-compensation-for-whiplash-injuries/,2026-09-24,average settlement for whiplash,0,94,27.7
/blog/calculating-compensation-for-whiplash-injuries/,2026-09-24,whiplash injuries compensation,0,93,9.9
/blog/calculating-compensation-for-whiplash-injuries/,2026-09-24,whiplash injury settlement,0,88,24.6
/blog/can-an-insurance-company-go-against-a-police-report/,2026-09-23,do insurance companies have access to police reports,0,453,14.3
/blog/can-an-insurance-company-go-against-a-police-report/,2026-09-23,do insurance companies call police,0,103,11.1
/blog/can-an-insurance-company-go-against-a-police-report/,2026-09-23,do i need police report for insurance claim,0,99,67.0
/blog/can-an-insurance-company-go-against-a-police-report/,2026-09-23,can insurance companies see police reports,0,51,7.2
/blog/can-an-insurance-company-go-against-a-police-report/,2026-09-23,do insurance companies contact police,0,35,8.6
/blog/can-an-insurance-company-go-against-a-police-report/,2026-09-23,do car insurance companies check police reports,0,34,10.6
/blog/can-an-insurance-company-go-against-a-police-report/,2026-09-23,does police report automatically go to insurance,0,29,34.5
/blog/can-an-insurance-company-go-against-a-police-report/,2026-09-23,police report insurance,0,22,22.1
/blog/can-an-insurance-company-go-against-a-police-report/,2026-09-23,do you need a police report to file an insurance claim,0,21,92.6
/blog/can-an-insurance-company-go-against-a-police-report/,2026-09-23,do insurance companies check police reports,0,10,9.6
/blog/can-an-insurance-company-go-against-a-police-report/,2026-09-23,insurance claim police report,0,10,22.5
/blog/can-an-insurance-company-go-against-a-police-report/,2026-09-23,do insurance companies get police reports,0,9,15.3
/blog/can-an-insurance-company-go-against-a-police-report/,2026-09-23,police report insurance claim,0,9,28.3
/blog/can-an-insurance-company-go-against-a-police-report/,2026-09-23,do police report accidents to insurance companies,0,4,48.0
/blog/can-an-insurance-company-go-against-a-police-report/,2026-09-23,police report for insurance claim,0,4,2.5
/blog/car-insurance-claim-denial-tactics/,2026-09-25,why do insurers deny legitimate injury claims intentionally? georgia,0,17,8.9
/blog/car-insurance-claim-denial-tactics/,2026-09-25,how to fight insurance company denial sc,0,9,89.3
/blog/car-insurance-claim-denial-tactics/,2026-09-25,3 d's of insurance,0,8,61.6
/blog/car-insurance-claim-denial-tactics/,2026-09-25,three d's of insurance,0,7,65.4
/blog/car-insurance-claim-denial-tactics/,2026-09-25,deny and devalue claims,0,5,27.4
/blog/car-insurance-claim-denial-tactics/,2026-09-25,insurance companies devalue injury claims,0,4,35.0
/blog/car-insurance-claim-denial-tactics/,2026-09-25,how do truck insurance companies devalue your injury claim,0,3,65.3
/blog/car-insurance-claim-denial-tactics/,2026-09-25,"insurance company lowballed my claim, what tactics are they using? georgia",0,3,9.7
/blog/car-insurance-claim-denial-tactics/,2026-09-25,what are the common tactics insurance companies use to deny claims,0,3,53.7
/blog/car-insurance-claim-denial-tactics/,2026-09-25,aleatory,0,2,3.0
/blog/car-insurance-claim-denial-tactics/,2026-09-25,car accident lawyer,0,2,8.0
/blog/car-insurance-claim-denial-tactics/,2026-09-25,deny liability,0,2,61.0
/blog/car-insurance-claim-denial-tactics/,2026-09-25,how do insurance companies delay catastrophic injury claim payouts? georgia,0,2,5.0
/blog/car-insurance-claim-denial-tactics/,2026-09-25,ratable claim,0,2,29.5
/blog/car-insurance-claim-denial-tactics/,2026-09-25,reducing the likelihood of fines and personal injury claims are,0,2,31.5
/blog/carriage-tour-accidents-downtown-charleston-liability/,2026-10-02,carriage accident,0,1,14.0
/blog/carriage-tour-accidents-downtown-charleston-liability/,2026-10-02,charleston carriage accident,0,1,13.0
/blog/carriage-tour-accidents-downtown-charleston-liability/,2026-10-02,history of injuries,0,1,3.0
/blog/charleston-medical-malpractice-hospital-claim-south-carolina/,2026-10-02,how to sue a hospital,0,190,59.6
/blog/charleston-medical-malpractice-hospital-claim-south-carolina/,2026-10-02,hospital malpractice,0,173,51.8
/blog/charleston-medical-malpractice-hospital-claim-south-carolina/,2026-10-02,medical malpractice south carolina,0,105,89.1
/blog/charleston-medical-malpractice-hospital-claim-south-carolina/,2026-10-02,sue hospital for malpractice,0,61,80.9
/blog/charleston-medical-malpractice-hospital-claim-south-carolina/,2026-10-02,how to file a lawsuit against a hospital,0,52,31.1
/blog/charleston-medical-malpractice-hospital-claim-south-carolina/,2026-10-02,medical malpractice in south carolina,0,52,85.0
/blog/charleston-medical-malpractice-hospital-claim-south-carolina/,2026-10-02,lawsuits against hospitals,0,37,41.0
/blog/charleston-medical-malpractice-hospital-claim-south-carolina/,2026-10-02,hospital negligence claims,0,33,64.5
/blog/charleston-medical-malpractice-hospital-claim-south-carolina/,2026-10-02,lawsuit against hospital malpractice,0,30,70.7
/blog/charleston-medical-malpractice-hospital-claim-south-carolina/,2026-10-02,doctor malpractice,0,29,57.8
/blog/charleston-medical-malpractice-hospital-claim-south-carolina/,2026-10-02,hospital negligence claim,0,27,64.0
/blog/charleston-medical-malpractice-hospital-claim-south-carolina/,2026-10-02,sue a doctor for malpractice,0,26,84.7
/blog/charleston-medical-malpractice-hospital-claim-south-carolina/,2026-10-02,how to sue a hospital for negligence,0,25,74.5
/blog/charleston-medical-malpractice-hospital-claim-south-carolina/,2026-10-02,how to sue a hospital for wrongful death,0,25,58.8
/blog/charleston-medical-malpractice-hospital-claim-south-carolina/,2026-10-02,how to sue a doctor,0,20,28.2
/blog/charleston-parking-lot-parking-garage-accident/,2026-10-02,parking garage accidents,0,80,33.5
/blog/charleston-parking-lot-parking-garage-accident/,2026-10-02,parking lot accident lawyer charleston,0,79,55.3
/blog/charleston-parking-lot-parking-garage-accident/,2026-10-02,parking lot accident attorney charleston,0,69,33.7
/blog/charleston-parking-lot-parking-garage-accident/,2026-10-02,parking lot accident laws,0,67,27.5
/blog/charleston-parking-lot-parking-garage-accident/,2026-10-02,car accident in parking lot,0,45,22.8
/blog/charleston-parking-lot-parking-garage-accident/,2026-10-02,parking lot accident,0,31,26.1
/blog/charleston-parking-lot-parking-garage-accident/,2026-10-02,car accident in a parking lot,0,20,29.8
/blog/charleston-parking-lot-parking-garage-accident/,2026-10-02,wreck in parking lot,0,16,32.2
/blog/charleston-parking-lot-parking-garage-accident/,2026-10-02,if an accident happens in a parking lot,0,10,15.8
/blog/charleston-parking-lot-parking-garage-accident/,2026-10-02,accident in parking lot,0,8,33.1
/blog/charleston-parking-lot-parking-garage-accident/,2026-10-02,do police respond to parking lot accidents,0,8,26.6
/blog/charleston-parking-lot-parking-garage-accident/,2026-10-02,parking lot accident rules,0,8,25.5
/blog/charleston-parking-lot-parking-garage-accident/,2026-10-02,car accident in parking lot law,0,4,55.8
/blog/charleston-parking-lot-parking-garage-accident/,2026-10-02,car accident on private lot,0,4,37.2
/blog/charleston-parking-lot-parking-garage-accident/,2026-10-02,parking lot accident law,0,4,47.2
/blog/claims-against-at-fault-drivers-who-died/,2026-09-24,what if car insurance policy holder dies,0,128,60.5
/blog/claims-against-at-fault-drivers-who-died/,2026-09-24,what happens to car insurance when someone dies,0,110,79.6
/blog/claims-against-at-fault-drivers-who-died/,2026-09-24,at fault driver dies,0,74,8.2
/blog/claims-against-at-fault-drivers-who-died/,2026-09-24,can i still file a claim if the at fault driver died in the head on accident,0,66,7.8
/blog/claims-against-at-fault-drivers-who-died/,2026-09-24,car insurance after death of owner,0,44,59.0
/blog/claims-against-at-fault-drivers-who-died/,2026-09-24,what if the person at-fault for my accident is deceased,0,39,3.2
/blog/claims-against-at-fault-drivers-who-died/,2026-09-24,car insurance policy holder dies,0,24,56.0
/blog/claims-against-at-fault-drivers-who-died/,2026-09-24,car insurance after death policyholder,0,23,56.3
/blog/claims-against-at-fault-drivers-who-died/,2026-09-24,fatal car accident lawsuit,0,12,85.2
/blog/claims-against-at-fault-drivers-who-died/,2026-09-24,estate claim fatal accident,0,10,52.8
/blog/claims-against-at-fault-drivers-who-died/,2026-09-24,what if the at-fault driver tries to settle privately after a fatal crash,0,10,72.9
/blog/claims-against-at-fault-drivers-who-died/,2026-09-24,can i claim if a family member died in a truck accident,0,8,83.0
/blog/claims-against-at-fault-drivers-who-died/,2026-09-24,wrongful death lawsuit car accident,0,8,88.4
/blog/claims-against-at-fault-drivers-who-died/,2026-09-24,dependency claim fatal accident,0,7,74.9
/blog/claims-against-at-fault-drivers-who-died/,2026-09-24,auto accident wrongful death,0,5,46.0
/blog/claims-for-lost-wages/,2026-09-25,lost wages from car accident without injury,0,101,31.7
/blog/claims-for-lost-wages/,2026-09-25,what are lost wages,0,78,30.9
/blog/claims-for-lost-wages/,2026-09-25,lost wages from auto accident,0,71,29.2
/blog/claims-for-lost-wages/,2026-09-25,how to claim lost wages from car accident,0,61,21.2
/blog/claims-for-lost-wages/,2026-09-25,lost earning capacity car accident,0,57,14.7
/blog/claims-for-lost-wages/,2026-09-25,lost wages from car accident,0,57,27.8
/blog/claims-for-lost-wages/,2026-09-25,bicycle accident lost income lost wages,0,49,14.3
/blog/claims-for-lost-wages/,2026-09-25,claiming lost wages after car accident,0,47,28.0
/blog/claims-for-lost-wages/,2026-09-25,lost wages personal injury claim,0,43,25.1
/blog/claims-for-lost-wages/,2026-09-25,wage loss claim,0,43,24.8
/blog/claims-for-lost-wages/,2026-09-25,calculating lost wages damages,0,40,23.1
/blog/claims-for-lost-wages/,2026-09-25,loss of wages,0,34,31.1
/blog/claims-for-lost-wages/,2026-09-25,can you recover lost wages after car accident claim south carolina,0,32,13.8
/blog/claims-for-lost-wages/,2026-09-25,compensation loss,0,31,30.5
/blog/claims-for-lost-wages/,2026-09-25,how to calculate lost wages,0,30,23.7
/blog/columbia-dangerous-intersections-roads/,2026-10-02,"why is columbia, sc so dangerous",1,199,8.4
/blog/columbia-dangerous-intersections-roads/,2026-10-02,why is columbia sc so dangerous,0,18,10.0
/blog/columbia-dangerous-intersections-roads/,2026-10-02,trucks the biggest danger on our columbia roads,0,11,5.7
/blog/columbia-dangerous-intersections-roads/,2026-10-02,columbia sideswipe accident lawyer,0,8,44.8
/blog/columbia-dangerous-intersections-roads/,2026-10-02,malfunction junction south carolina,0,6,9.7
/blog/columbia-dangerous-intersections-roads/,2026-10-02,site:rodenlaw.com,0,4,67.8
/blog/columbia-dangerous-intersections-roads/,2026-10-02,"""city of columbia"" south carolina lawsuit or litigation or settle or liability or claims",0,2,4.0
/blog/columbia-dangerous-intersections-roads/,2026-10-02,accidents columbia sc,0,2,11.0
/blog/columbia-dangerous-intersections-roads/,2026-10-02,areas to avoid in columbia sc,0,2,53.5
/blog/columbia-dangerous-intersections-roads/,2026-10-02,columbia sc,0,2,5.0
/blog/columbia-dangerous-intersections-roads/,2026-10-02,"columbia, south carolina",0,2,2.5
/blog/columbia-dangerous-intersections-roads/,2026-10-02,dangerous intersection,0,2,5.0
/blog/columbia-dangerous-intersections-roads/,2026-10-02,"what areas to stay away from in columbia, sc? list the safest neighborhoods in columbia",0,2,46.5
/blog/columbia-dangerous-intersections-roads/,2026-10-02,"""university of south carolina"" lawsuit litigation liability settlement",0,1,4.0
/blog/columbia-dangerous-intersections-roads/,2026-10-02,56-5-2350,0,1,22.0
/blog/compensatory-damages-vs-punitive-damages/,2026-09-23,compensatory vs punitive damages,0,1938,6.1
/blog/compensatory-damages-vs-punitive-damages/,2026-09-23,compensatory damages vs punitive damages,0,1237,5.8
/blog/compensatory-damages-vs-punitive-damages/,2026-09-23,what is the difference between compensatory and punitive damages?,1,970,5.0
/blog/compensatory-damages-vs-punitive-damages/,2026-09-23,punitive damages vs compensatory damages,0,682,6.5
/blog/compensatory-damages-vs-punitive-damages/,2026-09-23,punitive vs compensatory damages,0,509,5.9
/blog/compensatory-damages-vs-punitive-damages/,2026-09-23,compensatory and punitive damages,1,424,6.9
/blog/compensatory-damages-vs-punitive-damages/,2026-09-23,difference between compensatory and punitive damages,0,405,5.2
/blog/compensatory-damages-vs-punitive-damages/,2026-09-23,compensatory damages,0,351,41.3
/blog/compensatory-damages-vs-punitive-damages/,2026-09-23,compensatory damages and punitive damages,0,318,5.7
/blog/compensatory-damages-vs-punitive-damages/,2026-09-23,compensatory v punitive damages,0,276,5.2
/blog/compensatory-damages-vs-punitive-damages/,2026-09-23,punitive versus compensatory damages,0,251,5.3
/blog/compensatory-damages-vs-punitive-damages/,2026-09-23,punitive and compensatory damages,0,218,7.2
/blog/compensatory-damages-vs-punitive-damages/,2026-09-23,compensatory damages vs punitive,0,212,4.7
/blog/compensatory-damages-vs-punitive-damages/,2026-09-23,what is the difference between compensatory and punitive damages,0,206,5.4
/blog/compensatory-damages-vs-punitive-damages/,2026-09-23,compensatory vs. punitive damages what s the difference,0,152,6.4
/blog/contingency-fee-system/,2026-10-02,personal injury contingency fee south carolina,0,83,25.2
/blog/contingency-fee-system/,2026-10-02,do you have to pay legal fees upfront,0,35,30.1
/blog/contingency-fee-system/,2026-10-02,are contingency fee agreements available for south carolina wrongful death truck crash cases?,0,26,5.2
/blog/contingency-fee-system/,2026-10-02,no fee upfront injury claim,0,22,32.2
/blog/contingency-fee-system/,2026-10-02,1 3 contingency fee,0,14,42.3
/blog/contingency-fee-system/,2026-10-02,what is the contingency fee for farah farah,0,13,37.1
/blog/contingency-fee-system/,2026-10-02,what injury lawyers in savannah work on contingency basis no win no pay arrangement,0,12,10.7
/blog/contingency-fee-system/,2026-10-02,what do car accident lawyers charge in savannah georgia typical fees,0,10,10.2
/blog/contingency-fee-system/,2026-10-02,motorcycle accident lawyers in savannah ga that dont charge upfront fees for consultation,0,9,6.4
/blog/contingency-fee-system/,2026-10-02,how to evaluate fees (contingency vs hourly) for a truck accident attorney in south carolina?,0,8,10.1
/blog/contingency-fee-system/,2026-10-02,how do catastrophic injury lawyers charge fees in georgia? georgia,0,7,5.1
/blog/contingency-fee-system/,2026-10-02,who offers favorable contingency-fee arrangements for south carolina construction accident cases involving trucking?,0,7,8.3
/blog/contingency-fee-system/,2026-10-02,case contingency fees give,0,6,69.0
/blog/contingency-fee-system/,2026-10-02,do you have to pay your lawyer upfront,0,6,9.5
/blog/contingency-fee-system/,2026-10-02,no upfront cost lawyer near conyers ga,0,6,40.8
/blog/dangerous-savannah-intersections/,2026-10-02,state farm dangerous intersections,0,241,57.4
/blog/dangerous-savannah-intersections/,2026-10-02,sue city for dangerous intersection georgia,0,6,40.5
/blog/dangerous-savannah-intersections/,2026-10-02,what part of savannah is dangerous,0,5,10.4
/blog/dangerous-savannah-intersections/,2026-10-02,ocga 40-6-76,0,4,56.0
/blog/dangerous-savannah-intersections/,2026-10-02,catastrophic injuries in savannah,0,3,71.3
/blog/dangerous-savannah-intersections/,2026-10-02,dangerous roads in tucker,0,3,72.3
/blog/dangerous-savannah-intersections/,2026-10-02,savannah traffic,0,2,4.5
/blog/dangerous-savannah-intersections/,2026-10-02,abercorn st savannah ga,0,1,6.0
/blog/dangerous-savannah-intersections/,2026-10-02,areas in savannah georgia,0,1,1.0
/blog/dangerous-savannah-intersections/,2026-10-02,dangerous intersection,0,1,9.0
/blog/dangerous-savannah-intersections/,2026-10-02,dangerous intersection lawyer georgia,0,1,46.0
/blog/dangerous-savannah-intersections/,2026-10-02,hwy 17 savannah ga,0,1,1.0
/blog/dangerous-savannah-intersections/,2026-10-02,industrial site accidents savannah ga,0,1,94.0
/blog/dangerous-savannah-intersections/,2026-10-02,marriott hotels savannah ga near i-95,0,1,2.0
/blog/dangerous-savannah-intersections/,2026-10-02,savannah dangerous,0,1,9.0
/blog/dangerous-tools-garage/,2026-09-24,dangerous tools,0,143,10.1
/blog/dangerous-tools-garage/,2026-09-24,most dangerous power tools,0,59,17.2
/blog/dangerous-tools-garage/,2026-09-24,what is the most dangerous tool,0,36,9.2
/blog/dangerous-tools-garage/,2026-09-24,dangerous tool,0,33,8.7
/blog/dangerous-tools-garage/,2026-09-24,most dangerous tools,0,22,10.5
/blog/dangerous-tools-garage/,2026-09-24,most dangerous tool,0,19,10.6
/blog/dangerous-tools-garage/,2026-09-24,what tool causes the most injuries,0,19,9.4
/blog/dangerous-tools-garage/,2026-09-24,dangerous tools attorney,0,13,10.2
/blog/dangerous-tools-garage/,2026-09-24,deadly tools,0,13,9.2
/blog/dangerous-tools-garage/,2026-09-24,site:rodenlaw.com,0,11,31.7
/blog/dangerous-tools-garage/,2026-09-24,dangerous power tools,0,9,12.8
/blog/dangerous-tools-garage/,2026-09-24,the most common tool accident is,0,8,10.9
/blog/dangerous-tools-garage/,2026-09-24,unsafe tools,0,6,11.7
/blog/dangerous-tools-garage/,2026-09-24,dangerous machines,0,5,3.6
/blog/dangerous-tools-garage/,2026-09-24,most dangerous power tool,0,5,13.2
/blog/darien-brunswick-dangerous-roads-i95-us17/,2026-10-02,why is brunswick ga dangerous,0,248,10.7
/blog/darien-brunswick-dangerous-roads-i95-us17/,2026-10-02,"why is brunswick, ga dangerous",1,174,11.1
/blog/darien-brunswick-dangerous-roads-i95-us17/,2026-10-02,road hazard injuries brunswick georgia,0,50,5.1
/blog/darien-brunswick-dangerous-roads-i95-us17/,2026-10-02,highway hazard injuries brunswick georgia,0,41,3.5
/blog/darien-brunswick-dangerous-roads-i95-us17/,2026-10-02,is darien georgia safe,0,33,9.9
/blog/darien-brunswick-dangerous-roads-i95-us17/,2026-10-02,is darien ga safe,0,17,10.2
/blog/darien-brunswick-dangerous-roads-i95-us17/,2026-10-02,highway hazard injuries attorney brunswick georgia,0,16,47.4
/blog/darien-brunswick-dangerous-roads-i95-us17/,2026-10-02,highway hazard injuries lawyer brunswick georgia,0,11,49.1
/blog/darien-brunswick-dangerous-roads-i95-us17/,2026-10-02,pedestrian accidents brunswick georgia,0,6,16.2
/blog/darien-brunswick-dangerous-roads-i95-us17/,2026-10-02,brunswick ga to darien ga,0,5,10.4
/blog/darien-brunswick-dangerous-roads-i95-us17/,2026-10-02,single vehicle accidents brunswick georgia,0,4,14.2
/blog/darien-brunswick-dangerous-roads-i95-us17/,2026-10-02,why is brunswick ga dangerous today,0,4,7.2
/blog/darien-brunswick-dangerous-roads-i95-us17/,2026-10-02,darien ga to brunswick ga,0,3,15.7
/blog/darien-brunswick-dangerous-roads-i95-us17/,2026-10-02,bicycle accidents brunswick georgia,0,2,56.0
/blog/darien-brunswick-dangerous-roads-i95-us17/,2026-10-02,brunswick to darien ga,0,2,11.0
/blog/demand-letters-in-personal-injury-cases/,2026-09-24,demand letter georgia,0,295,14.9
/blog/demand-letters-in-personal-injury-cases/,2026-09-24,personal injury demand letter,0,287,59.2
/blog/demand-letters-in-personal-injury-cases/,2026-09-24,demand package,0,267,74.0
/blog/demand-letters-in-personal-injury-cases/,2026-09-24,personal injury demand letters,0,211,47.1
/blog/demand-letters-in-personal-injury-cases/,2026-09-24,demand letter for injury claim,0,180,29.8
/blog/demand-letters-in-personal-injury-cases/,2026-09-24,demand letter personal injury,0,176,63.5
/blog/demand-letters-in-personal-injury-cases/,2026-09-24,pain and suffering demand letter,0,173,65.5
/blog/demand-letters-in-personal-injury-cases/,2026-09-24,personal injury letter of demand,0,173,60.2
/blog/demand-letters-in-personal-injury-cases/,2026-09-24,personal injury claim letter,0,171,33.6
/blog/demand-letters-in-personal-injury-cases/,2026-09-24,demand letters for personal injuries,0,165,53.1
/blog/demand-letters-in-personal-injury-cases/,2026-09-24,letter of demand personal injury,0,165,57.5
/blog/demand-letters-in-personal-injury-cases/,2026-09-24,insurance demand letters,0,144,42.8
/blog/demand-letters-in-personal-injury-cases/,2026-09-24,injury demand letter,0,97,60.3
/blog/demand-letters-in-personal-injury-cases/,2026-09-24,demand letter to insurance company,0,91,51.7
/blog/demand-letters-in-personal-injury-cases/,2026-09-24,demand packet,0,80,80.0
/blog/diminished-value-claims-after-car-accident/,2026-10-02,car diminished value,0,795,48.7
/blog/diminished-value-claims-after-car-accident/,2026-10-02,diminished value claim,0,663,40.5
/blog/diminished-value-claims-after-car-accident/,2026-10-02,diminished value claims,0,284,17.6
/blog/diminished-value-claims-after-car-accident/,2026-10-02,loss of value after auto accident,0,201,52.1
/blog/diminished-value-claims-after-car-accident/,2026-10-02,auto loss of value claim,0,198,43.4
/blog/diminished-value-claims-after-car-accident/,2026-10-02,loss of value claim,0,190,44.5
/blog/diminished-value-claims-after-car-accident/,2026-10-02,diminished value claim after car accident,0,164,55.6
/blog/diminished-value-claims-after-car-accident/,2026-10-02,auto diminished value claim,0,162,42.5
/blog/diminished-value-claims-after-car-accident/,2026-10-02,automobile diminished value claim,0,158,47.5
/blog/diminished-value-claims-after-car-accident/,2026-10-02,diminished value claim georgia,0,148,28.1
/blog/diminished-value-claims-after-car-accident/,2026-10-02,atlanta diminished value claims lawyer,0,139,74.8
/blog/diminished-value-claims-after-car-accident/,2026-10-02,car diminished value claim,0,132,45.6
/blog/diminished-value-claims-after-car-accident/,2026-10-02,diminished car value claim,0,132,47.5
/blog/diminished-value-claims-after-car-accident/,2026-10-02,auto accident loss of value,0,128,48.5
/blog/diminished-value-claims-after-car-accident/,2026-10-02,diminished car value after accident,0,107,58.1
/blog/dog-bite-laws-south-carolina-charleston/,2026-10-05,charleston dog bite lawyer,0,200,79.3
/blog/dog-bite-laws-south-carolina-charleston/,2026-10-05,charleston dog bite attorney,0,117,81.5
/blog/dog-bite-laws-south-carolina-charleston/,2026-10-05,reporting dog bites south carolina,0,107,30.8
/blog/dog-bite-laws-south-carolina-charleston/,2026-10-05,charleston dog bite injury lawyer,0,45,80.0
/blog/dog-bite-laws-south-carolina-charleston/,2026-10-05,charleston dog bite injury attorney,0,29,84.1
/blog/dog-bite-laws-south-carolina-charleston/,2026-10-05,sc dog bite laws,0,28,58.0
/blog/dog-bite-laws-south-carolina-charleston/,2026-10-05,dog bite laws in south carolina,0,26,70.8
/blog/dog-bite-laws-south-carolina-charleston/,2026-10-05,dog bite laws in sc,0,21,64.1
/blog/dog-bite-laws-south-carolina-charleston/,2026-10-05,south carolina dog bite law,0,19,71.8
/blog/dog-bite-laws-south-carolina-charleston/,2026-10-05,dog bite south carolina,0,15,71.5
/blog/dog-bite-laws-south-carolina-charleston/,2026-10-05,animal and dog bite injury lawyers,0,13,31.3
/blog/dog-bite-laws-south-carolina-charleston/,2026-10-05,south carolina dog bite statute,0,13,41.7
/blog/dog-bite-laws-south-carolina-charleston/,2026-10-05,what happens if a dog bites someone on your property,1,12,76.0
/blog/dog-bite-laws-south-carolina-charleston/,2026-10-05,charleston dog bite lawyers,0,12,72.9
/blog/dog-bite-laws-south-carolina-charleston/,2026-10-05,charleston dog bite attorneys,0,9,74.4
/blog/drunk-pedestrian-injury-claims/,2026-10-02,pedestrian under the influence,0,26,14.8
/blog/drunk-pedestrian-injury-claims/,2026-10-02,drunk pedestrian hit by car who is at fault,0,11,13.1
/blog/drunk-pedestrian-injury-claims/,2026-10-02,intoxicated pedestrian,0,9,8.2
/blog/drunk-pedestrian-injury-claims/,2026-10-02,pedestrian drinking,0,7,57.6
/blog/drunk-pedestrian-injury-claims/,2026-10-02,pedestrian hit by drunk driver,0,5,19.6
/blog/drunk-pedestrian-injury-claims/,2026-10-02,drunk driving pedestrian accident attorneys,0,3,86.7
/blog/drunk-pedestrian-injury-claims/,2026-10-02,someone got hurt on my property while drunk,0,3,59.0
/blog/drunk-pedestrian-injury-claims/,2026-10-02,how can lawyers prove the driver violated rest regulations?,0,1,14.0
/blog/drunk-pedestrian-injury-claims/,2026-10-02,how quickly can a rideshare accident attorney start my claim?,0,1,4.0
/blog/drunk-pedestrian-injury-claims/,2026-10-02,popliteal vein,0,1,3.0
/blog/drunk-pedestrian-injury-claims/,2026-10-02,si,0,1,2.0
/blog/fault-vs-no-fault-car-insurance/,2026-09-23,is georgia a no fault state,4,9380,5.7
/blog/fault-vs-no-fault-car-insurance/,2026-09-23,is ga a no fault state,0,4617,4.9
/blog/fault-vs-no-fault-car-insurance/,2026-09-23,is georgia a no fault state for auto insurance,1,1498,5.7
/blog/fault-vs-no-fault-car-insurance/,2026-09-23,is georgia an at fault state,1,1435,7.0
/blog/fault-vs-no-fault-car-insurance/,2026-09-23,is georgia a no fault state for car accidents,3,1227,3.6
/blog/fault-vs-no-fault-car-insurance/,2026-09-23,no fault state meaning,0,1217,17.2
/blog/fault-vs-no-fault-car-insurance/,2026-09-23,is georgia a no-fault state,0,1210,4.9
/blog/fault-vs-no-fault-car-insurance/,2026-09-23,georgia no fault state,0,1047,5.5
/blog/fault-vs-no-fault-car-insurance/,2026-09-23,is georgia no fault state,0,1025,5.8
/blog/fault-vs-no-fault-car-insurance/,2026-09-23,ga no fault state,0,939,5.1
/blog/fault-vs-no-fault-car-insurance/,2026-09-23,is georgia a no fault car insurance state,0,933,7.2
/blog/fault-vs-no-fault-car-insurance/,2026-09-23,georgia no fault insurance,0,679,6.0
/blog/fault-vs-no-fault-car-insurance/,2026-09-23,no fault insurance states,0,654,34.6
/blog/fault-vs-no-fault-car-insurance/,2026-09-23,no fault insurance in georgia,0,605,5.7
/blog/fault-vs-no-fault-car-insurance/,2026-09-23,no fault state,0,517,46.8
/blog/filing-a-claim-for-an-injured-minor/,2026-09-24,how to file a personal injury claim for a child,0,81,69.6
/blog/filing-a-claim-for-an-injured-minor/,2026-09-24,child personal injury claims,0,65,80.7
/blog/filing-a-claim-for-an-injured-minor/,2026-09-24,child injury lawsuit in georgia,0,42,40.8
/blog/filing-a-claim-for-an-injured-minor/,2026-09-24,georgia newborn injury claim,0,6,56.3
/blog/filing-a-claim-for-an-injured-minor/,2026-09-24,can a parent file a lawsuit on behalf of child,0,5,57.4
/blog/filing-a-claim-for-an-injured-minor/,2026-09-24,medical malpractice claim on behalf of child,0,3,77.3
/blog/filing-a-claim-for-an-injured-minor/,2026-09-24,child injury claims,0,2,65.5
/blog/filing-a-claim-for-an-injured-minor/,2026-09-24,child personal injury compensation,0,2,80.0
/blog/filing-a-claim-for-an-injured-minor/,2026-09-24,childrens accident claims,0,2,63.5
/blog/filing-a-claim-for-an-injured-minor/,2026-09-24,can a kid sue a kid,0,1,3.0
/blog/filing-a-claim-for-an-injured-minor/,2026-09-24,can minors file lawsuits independently in the us,0,1,100.0
/blog/filing-a-claim-for-an-injured-minor/,2026-09-24,can minors file lawsuits independently us law,0,1,85.0
/blog/filing-a-claim-for-an-injured-minor/,2026-09-24,child accident claim,0,1,90.0
/blog/filing-a-claim-for-an-injured-minor/,2026-09-24,child and child,0,1,1.0
/blog/filing-a-claim-for-an-injured-minor/,2026-09-24,child injury claim,0,1,89.0
/blog/folly-road-car-accidents-james-island-charleston/,2026-09-25,folly road,1,68,10.0
/blog/folly-road-car-accidents-james-island-charleston/,2026-09-25,folly road accident,0,42,9.9
/blog/folly-road-car-accidents-james-island-charleston/,2026-09-25,folly beach road,0,9,15.7
/blog/folly-road-car-accidents-james-island-charleston/,2026-09-25,folly road accident today james island,0,4,12.2
/blog/folly-road-car-accidents-james-island-charleston/,2026-09-25,folly beach accident today,0,2,7.0
/blog/folly-road-car-accidents-james-island-charleston/,2026-09-25,folly road accident yesterday,0,2,17.0
/blog/folly-road-car-accidents-james-island-charleston/,2026-09-25,james island,0,2,2.5
/blog/folly-road-car-accidents-james-island-charleston/,2026-09-25,"""lexington medical center"" or ""lexington medical center extended care"" medical malpractice or negligence or ""wrongful death"" settlement",0,1,2.0
/blog/folly-road-car-accidents-james-island-charleston/,2026-09-25,accident,0,1,2.0
/blog/folly-road-car-accidents-james-island-charleston/,2026-09-25,accidents charleston sc today,0,1,39.0
/blog/folly-road-car-accidents-james-island-charleston/,2026-09-25,bayberry drive assateague collisions,0,1,2.0
/blog/folly-road-car-accidents-james-island-charleston/,2026-09-25,charleston sc,0,1,5.0
/blog/folly-road-car-accidents-james-island-charleston/,2026-09-25,folly road accident today,0,1,15.0
/blog/folly-road-car-accidents-james-island-charleston/,2026-09-25,folly road charleston sc,0,1,17.0
/blog/folly-road-car-accidents-james-island-charleston/,2026-09-25,folly road mildenhall,0,1,55.0
/blog/georgia-pedestrian-right-of-way-laws/,2026-10-02,ocga pedestrian in roadway,1,397,6.8
/blog/georgia-pedestrian-right-of-way-laws/,2026-10-02,ocga due care,0,279,9.7
/blog/georgia-pedestrian-right-of-way-laws/,2026-10-02,ocga 40-6-96,0,83,9.5
/blog/georgia-pedestrian-right-of-way-laws/,2026-10-02,pedestrian in the roadway ocga,0,80,6.4
/blog/georgia-pedestrian-right-of-way-laws/,2026-10-02,ocga 40-6-91,0,77,9.1
/blog/georgia-pedestrian-right-of-way-laws/,2026-10-02,ocga 40-6-93,1,74,6.2
/blog/georgia-pedestrian-right-of-way-laws/,2026-10-02,due care ocga,0,71,9.6
/blog/georgia-pedestrian-right-of-way-laws/,2026-10-02,pedestrian in roadway ocga,0,60,7.0
/blog/georgia-pedestrian-right-of-way-laws/,2026-10-02,ocga 40-6-92,0,54,8.3
/blog/georgia-pedestrian-right-of-way-laws/,2026-10-02,ocga failure to exercise due care,0,51,7.2
/blog/georgia-pedestrian-right-of-way-laws/,2026-10-02,40-6-91,0,50,9.0
/blog/georgia-pedestrian-right-of-way-laws/,2026-10-02,40-6-96,0,40,9.7
/blog/georgia-pedestrian-right-of-way-laws/,2026-10-02,failure to yield to pedestrian in crosswalk georgia,0,25,20.9
/blog/georgia-pedestrian-right-of-way-laws/,2026-10-02,ocga pedestrian in the roadway,0,24,6.8
/blog/georgia-pedestrian-right-of-way-laws/,2026-10-02,do pedestrians have the right of way in georgia,0,15,28.9
/blog/georgia-statute-of-limitations/,2026-09-25,georgia statute of limitations personal injury,0,179,57.0
/blog/georgia-statute-of-limitations/,2026-09-25,o.c.g.a. § 9-3-33,0,161,11.2
/blog/georgia-statute-of-limitations/,2026-09-25,georgia personal injury statute of limitations,0,94,61.0
/blog/georgia-statute-of-limitations/,2026-09-25,statute of limitations georgia,0,89,53.5
/blog/georgia-statute-of-limitations/,2026-09-25,georgia statute of limitations for personal injury georgia code § 9-3-33,0,65,25.2
/blog/georgia-statute-of-limitations/,2026-09-25,ga statute of limitations personal injury,0,61,58.0
/blog/georgia-statute-of-limitations/,2026-09-25,statute of limitation in ga,0,46,60.3
/blog/georgia-statute-of-limitations/,2026-09-25,personal injury statute of limitations georgia,0,38,61.2
/blog/georgia-statute-of-limitations/,2026-09-25,ocga 9-3-33,0,35,10.6
/blog/georgia-statute-of-limitations/,2026-09-25,ocga statute of limitations,0,25,13.0
/blog/georgia-statute-of-limitations/,2026-09-25,georgia wrongful death statute of limitations two years o.c.g.a. 9-3-33,0,24,8.1
/blog/georgia-statute-of-limitations/,2026-09-25,statute of limitations georgia traffic violations,0,15,73.7
/blog/georgia-statute-of-limitations/,2026-09-25,georgia statue of limitations for personal injury georgia code § 9-3-33,0,12,15.9
/blog/georgia-statute-of-limitations/,2026-09-25,o.c.g.a. 9-3-33 personal injury two years georgia,0,12,7.6
/blog/georgia-statute-of-limitations/,2026-09-25,georgia negligence statute of limitations,0,11,70.2
/blog/georgia-super-speeder-law/,2026-09-24,ocga super speeder,0,369,8.3
/blog/georgia-super-speeder-law/,2026-09-24,super speeder ticket,0,106,38.4
/blog/georgia-super-speeder-law/,2026-09-24,super speeder ocga,0,103,7.2
/blog/georgia-super-speeder-law/,2026-09-24,georgia speeding laws,0,96,45.0
/blog/georgia-super-speeder-law/,2026-09-24,excessive speed,0,90,50.8
/blog/georgia-super-speeder-law/,2026-09-24,south carolina super speeder law,0,59,7.2
/blog/georgia-super-speeder-law/,2026-09-24,excessive speeding ticket,1,55,6.8
/blog/georgia-super-speeder-law/,2026-09-24,super speeder ga,0,52,58.6
/blog/georgia-super-speeder-law/,2026-09-24,super speeder,0,38,70.8
/blog/georgia-super-speeder-law/,2026-09-24,what is a super speeder,0,35,60.5
/blog/georgia-super-speeder-law/,2026-09-24,super speeder law,0,34,38.4
/blog/georgia-super-speeder-law/,2026-09-24,georgia super speeder out of state,0,31,37.3
/blog/georgia-super-speeder-law/,2026-09-24,what is classified as a super speeder,0,31,47.2
/blog/georgia-super-speeder-law/,2026-09-24,ocga too fast for conditions,0,30,42.4
/blog/georgia-super-speeder-law/,2026-09-24,does south carolina have a super speeder law,0,29,6.5
/blog/gym-injury-liability/,2026-10-02,gym injury lawsuit,0,88,27.6
/blog/gym-injury-liability/,2026-10-02,gym injury compensation,0,67,27.9
/blog/gym-injury-liability/,2026-10-02,suing gym for negligence,0,52,13.5
/blog/gym-injury-liability/,2026-10-02,can i sue my gym for injury,0,45,20.7
/blog/gym-injury-liability/,2026-10-02,can you sue a gym for injury,0,33,32.2
/blog/gym-injury-liability/,2026-10-02,injured in gym,0,27,19.1
/blog/gym-injury-liability/,2026-10-02,medical malpractice insurance for gym & fitness studios,0,25,32.9
/blog/gym-injury-liability/,2026-10-02,gym injury claims,0,23,28.1
/blog/gym-injury-liability/,2026-10-02,can you sue the gym for injury,0,21,39.0
/blog/gym-injury-liability/,2026-10-02,faulty gym equipment lawsuit,0,20,40.0
/blog/gym-injury-liability/,2026-10-02,can i claim compensation for injuries at a gym?,0,18,10.2
/blog/gym-injury-liability/,2026-10-02,gym liability waiver,0,17,20.6
/blog/gym-injury-liability/,2026-10-02,fitness center liability,0,16,17.2
/blog/gym-injury-liability/,2026-10-02,liability insurance for a gym,0,16,35.0
/blog/gym-injury-liability/,2026-10-02,personal injury on gym equipment,0,16,31.1
/blog/how-car-insurers-use-private-investigators/,2026-09-23,private investigator,0,17,2.5
/blog/how-car-insurers-use-private-investigators/,2026-09-23,do insurance companies hire private investigators,0,16,47.3
/blog/how-car-insurers-use-private-investigators/,2026-09-23,how often do insurance companies use private investigators,0,12,60.8
/blog/how-car-insurers-use-private-investigators/,2026-09-23,insurance investigator cannot enter home without permission source,0,12,8.9
/blog/how-car-insurers-use-private-investigators/,2026-09-23,insurance private investigator,0,11,17.6
/blog/how-car-insurers-use-private-investigators/,2026-09-23,private investigator after car accident,0,11,84.3
/blog/how-car-insurers-use-private-investigators/,2026-09-23,personal injury private investigator,0,9,47.4
/blog/how-car-insurers-use-private-investigators/,2026-09-23,personal injury lawsuit private investigator,0,8,65.1
/blog/how-car-insurers-use-private-investigators/,2026-09-23,my insurance company is investigating me,0,7,38.7
/blog/how-car-insurers-use-private-investigators/,2026-09-23,insurance investigator cannot enter your home without permission,0,6,11.0
/blog/how-car-insurers-use-private-investigators/,2026-09-23,insurance investigator not law enforcement cannot enter home without permission,0,6,7.2
/blog/how-car-insurers-use-private-investigators/,2026-09-23,insurance investigator cannot enter home without permission,0,5,9.8
/blog/how-car-insurers-use-private-investigators/,2026-09-23,private investigator cannot enter your home without permission insurance claim,0,5,3.6
/blog/how-car-insurers-use-private-investigators/,2026-09-23,private investigator insurance fraud,0,5,34.4
/blog/how-car-insurers-use-private-investigators/,2026-09-23,can other insurance companies see your claims,0,4,46.0
/blog/how-long-can-a-person-stay-on-workers-compensation/,2026-10-02,how long does workers' comp last in georgia,0,1113,5.8
/blog/how-long-can-a-person-stay-on-workers-compensation/,2026-10-02,how long does workers comp last in georgia,0,134,6.1
/blog/how-long-can-a-person-stay-on-workers-compensation/,2026-10-02,permanent disability workers comp georgia,0,88,31.5
/blog/how-long-can-a-person-stay-on-workers-compensation/,2026-10-02,how long do i have to file workers comp georgia,0,85,25.6
/blog/how-long-can-a-person-stay-on-workers-compensation/,2026-10-02,how long does workers comp last,0,77,18.1
/blog/how-long-can-a-person-stay-on-workers-compensation/,2026-10-02,how long do workers' comp cases take in ga,0,36,12.6
/blog/how-long-can-a-person-stay-on-workers-compensation/,2026-10-02,how to stay on workers comp longer,0,22,35.5
/blog/how-long-can-a-person-stay-on-workers-compensation/,2026-10-02,how long can you be on workers comp,0,20,53.8
/blog/how-long-can-a-person-stay-on-workers-compensation/,2026-10-02,workers compensation for permanent disability,0,20,75.6
/blog/how-long-can-a-person-stay-on-workers-compensation/,2026-10-02,how long can you stay on workers comp,0,17,41.1
/blog/how-long-can-a-person-stay-on-workers-compensation/,2026-10-02,how long can workers comp last,0,15,40.4
/blog/how-long-can-a-person-stay-on-workers-compensation/,2026-10-02,how long does temporary total disability last,0,12,49.8
/blog/how-long-can-a-person-stay-on-workers-compensation/,2026-10-02,how long does workers comp last in georgia?,0,12,4.0
/blog/how-long-can-a-person-stay-on-workers-compensation/,2026-10-02,how long does workmans comp last,0,12,24.2
/blog/how-long-can-a-person-stay-on-workers-compensation/,2026-10-02,georgia workers compensation ttd 400 weeks (site:.gov or site:bmj.com or site:cdc.gov or site:clevelandclinic.org or site:jamanetwork.com or site:justia.com or site:law.cornell.edu or site:mayoclinic.org or site:medlineplus.gov or site:nejm.org or site:pubmed.ncbi.nlm.nih.gov or site:who.int),0,9,2.6
/blog/how-pain-and-suffering-is-calculated-after-an-accident-in-georgia/,2026-09-25,the per diem method for calculating pain and suffering,0,44,21.4
/blog/how-pain-and-suffering-is-calculated-after-an-accident-in-georgia/,2026-09-25,accident attorney near me,0,7,2.0
/blog/how-pain-and-suffering-is-calculated-after-an-accident-in-georgia/,2026-09-25,car accident lawyers near me,0,6,2.0
/blog/how-pain-and-suffering-is-calculated-after-an-accident-in-georgia/,2026-09-25,accident lawyers,0,4,2.0
/blog/how-pain-and-suffering-is-calculated-after-an-accident-in-georgia/,2026-09-25,injury lawyer near me,0,4,2.0
/blog/how-pain-and-suffering-is-calculated-after-an-accident-in-georgia/,2026-09-25,work injury lawyer,0,4,2.0
/blog/how-pain-and-suffering-is-calculated-after-an-accident-in-georgia/,2026-09-25,average settlement for car accident back and neck injury with surgery,0,3,3.0
/blog/how-pain-and-suffering-is-calculated-after-an-accident-in-georgia/,2026-09-25,car accident lawyer,0,3,2.0
/blog/how-pain-and-suffering-is-calculated-after-an-accident-in-georgia/,2026-09-25,how pain and suffering is proven in a car accident injury,0,3,78.3
/blog/how-pain-and-suffering-is-calculated-after-an-accident-in-georgia/,2026-09-25,pain and suffering for car accident,0,3,6.3
/blog/how-pain-and-suffering-is-calculated-after-an-accident-in-georgia/,2026-09-25,compensation,0,2,1.0
/blog/how-pain-and-suffering-is-calculated-after-an-accident-in-georgia/,2026-09-25,ga,0,2,3.0
/blog/how-pain-and-suffering-is-calculated-after-an-accident-in-georgia/,2026-09-25,how is pain and suffering calculated in an auto accident,0,2,6.0
/blog/how-pain-and-suffering-is-calculated-after-an-accident-in-georgia/,2026-09-25,how long does a car accident settlement take with a lawyer,0,2,3.0
/blog/how-pain-and-suffering-is-calculated-after-an-accident-in-georgia/,2026-09-25,mmi meaning,0,2,2.0
/blog/how-to-maximize-your-car-accident-compensation-in-georgia/,2026-10-02,how to get the most money from a car accident,0,25,66.2
/blog/how-to-maximize-your-car-accident-compensation-in-georgia/,2026-10-02,georgia vehicle accident settlement reforms,0,12,18.6
/blog/how-to-maximize-your-car-accident-compensation-in-georgia/,2026-10-02,car injury compensation,0,10,22.9
/blog/how-to-maximize-your-car-accident-compensation-in-georgia/,2026-10-02,georgia car accident lawyer,0,10,21.3
/blog/how-to-maximize-your-car-accident-compensation-in-georgia/,2026-10-02,georgia maximizing insurance value,0,10,24.5
/blog/how-to-maximize-your-car-accident-compensation-in-georgia/,2026-10-02,car accident compensation,0,9,22.1
/blog/how-to-maximize-your-car-accident-compensation-in-georgia/,2026-10-02,accident compensation,0,7,19.1
/blog/how-to-maximize-your-car-accident-compensation-in-georgia/,2026-10-02,average settlement for car accident in georgia,0,7,77.1
/blog/how-to-maximize-your-car-accident-compensation-in-georgia/,2026-10-02,maximizing your car accident settlement,0,5,25.8
/blog/how-to-maximize-your-car-accident-compensation-in-georgia/,2026-10-02,auto accident compensation,0,3,29.7
/blog/how-to-maximize-your-car-accident-compensation-in-georgia/,2026-10-02,how to maximize car accident settlement,0,3,16.0
/blog/how-to-maximize-your-car-accident-compensation-in-georgia/,2026-10-02,minimum settlement for car accident,0,3,7.3
/blog/how-to-maximize-your-car-accident-compensation-in-georgia/,2026-10-02,car accident how to get the most money,0,2,80.0
/blog/how-to-maximize-your-car-accident-compensation-in-georgia/,2026-10-02,does georgia cap punitive damages and what are the limits?,0,2,8.5
/blog/how-to-maximize-your-car-accident-compensation-in-georgia/,2026-10-02,does georgia have damage caps on truck accident settlements?,0,2,76.0
/blog/impact-of-surgery-recommendation/,2026-09-25,surgery firm takes cases,0,37,41.2
/blog/impact-of-surgery-recommendation/,2026-09-25,surgical injury claim,0,21,35.6
/blog/impact-of-surgery-recommendation/,2026-09-25,surgery injury,0,19,37.6
/blog/impact-of-surgery-recommendation/,2026-09-25,will surgery increase my settlement,0,19,55.2
/blog/impact-of-surgery-recommendation/,2026-09-25,car crash injury surgery,0,6,93.0
/blog/impact-of-surgery-recommendation/,2026-09-25,surgery after car accident,0,5,85.2
/blog/impact-of-surgery-recommendation/,2026-09-25,surgery claim,0,5,9.8
/blog/impact-of-surgery-recommendation/,2026-09-25,car accident surgery,0,4,80.5
/blog/impact-of-surgery-recommendation/,2026-09-25,licenciado de acidente de lesiones personales,0,4,74.0
/blog/impact-of-surgery-recommendation/,2026-09-25,surgery after car accident settlement,0,4,46.2
/blog/impact-of-surgery-recommendation/,2026-09-25,surgery claims,0,4,48.0
/blog/impact-of-surgery-recommendation/,2026-09-25,surgery compensation claims,0,4,56.0
/blog/impact-of-surgery-recommendation/,2026-09-25,car accident injuries that require surgery,0,3,67.3
/blog/impact-of-surgery-recommendation/,2026-09-25,site:rodenlaw.com,0,3,71.0
/blog/impact-of-surgery-recommendation/,2026-09-25,how medical treatment impacts personal injury case,0,2,56.0
/blog/informed-consent/,2026-09-24,what is medical malpractice,0,11,2.0
/blog/informed-consent/,2026-09-24,site:rodenlaw.com,0,9,25.4
/blog/informed-consent/,2026-09-24,informed consent,0,8,3.8
/blog/informed-consent/,2026-09-24,informed consent law,0,6,66.8
/blog/informed-consent/,2026-09-24,informed consent malpractice georgia,0,6,44.8
/blog/informed-consent/,2026-09-24,georgia informed consent law,0,5,11.6
/blog/informed-consent/,2026-09-24,informed consent legal,0,3,73.0
/blog/informed-consent/,2026-09-24,law of informed consent,0,3,55.0
/blog/informed-consent/,2026-09-24,treatment over objection,0,3,1.0
/blog/informed-consent/,2026-09-24,a signed consent form alone proves that informed consent was properly obtained.,0,2,4.5
/blog/informed-consent/,2026-09-24,consent meaning,0,2,1.0
/blog/informed-consent/,2026-09-24,doctrine of informed consent,0,2,25.0
/blog/informed-consent/,2026-09-24,in which of the situations would a healthcare professional be legally permitted to disclose a client's information without obtaining their consent?,0,2,1.0
/blog/informed-consent/,2026-09-24,informed consent doctrine,0,2,36.5
/blog/informed-consent/,2026-09-24,informed consent legal requirements,0,2,55.0
/blog/insurance-company-ignoring-demand-letter/,2026-09-23,car accident demand letter response,0,655,53.4
/blog/insurance-company-ignoring-demand-letter/,2026-09-23,demand letter to insurance company,0,58,49.9
/blog/insurance-company-ignoring-demand-letter/,2026-09-23,what happens if insurance company does not respond to demand letter,0,47,7.8
/blog/insurance-company-ignoring-demand-letter/,2026-09-23,alfa insurance response to demand letters,0,10,7.5
/blog/insurance-company-ignoring-demand-letter/,2026-09-23,failure to respond to demand letter,0,9,27.1
/blog/insurance-company-ignoring-demand-letter/,2026-09-23,how long does an insurance adjuster have to respond to a demand letter,0,6,42.3
/blog/insurance-company-ignoring-demand-letter/,2026-09-23,failure to respond to 93a demand letter,0,3,83.0
/blog/insurance-company-ignoring-demand-letter/,2026-09-23,how to write a demand letter to an insurance company,0,3,67.0
/blog/insurance-company-ignoring-demand-letter/,2026-09-23,insurance company not responding to claim,0,3,56.7
/blog/insurance-company-ignoring-demand-letter/,2026-09-23,demand letter response assistance,0,2,61.5
/blog/insurance-company-ignoring-demand-letter/,2026-09-23,do i need to respond to equian,0,2,31.5
/blog/insurance-company-ignoring-demand-letter/,2026-09-23,site:rodenlaw.com,0,2,131.0
/blog/insurance-company-ignoring-demand-letter/,2026-09-23,when to send a demand letter to insurance company,0,2,15.5
/blog/insurance-company-ignoring-demand-letter/,2026-09-23,demand letter for insurance company,0,1,77.0
/blog/insurance-company-ignoring-demand-letter/,2026-09-23,demand letter from attorney to insurance company,0,1,62.0
/blog/is-workers-compensation-an-employee-benefit/,2026-10-02,is workers comp an employee benefit,1,349,4.8
/blog/is-workers-compensation-an-employee-benefit/,2026-10-02,is workers comp considered an employee benefit,0,222,3.7
/blog/is-workers-compensation-an-employee-benefit/,2026-10-02,workers compensation benefits,0,177,70.0
/blog/is-workers-compensation-an-employee-benefit/,2026-10-02,how does workers comp benefit employees,0,121,5.6
/blog/is-workers-compensation-an-employee-benefit/,2026-10-02,workers comp benefits,0,78,54.6
/blog/is-workers-compensation-an-employee-benefit/,2026-10-02,compensation benefits,0,50,58.4
/blog/is-workers-compensation-an-employee-benefit/,2026-10-02,is workers comp insurance an employee benefit,0,48,6.6
/blog/is-workers-compensation-an-employee-benefit/,2026-10-02,what are workers compensation benefits,0,45,72.3
/blog/is-workers-compensation-an-employee-benefit/,2026-10-02,benefits of workers comp for employees,0,39,7.8
/blog/is-workers-compensation-an-employee-benefit/,2026-10-02,workers' compensation benefits,0,36,67.2
/blog/is-workers-compensation-an-employee-benefit/,2026-10-02,is workers comp a benefit,0,31,5.5
/blog/is-workers-compensation-an-employee-benefit/,2026-10-02,workers' comp benefits,0,31,44.1
/blog/is-workers-compensation-an-employee-benefit/,2026-10-02,what is workers compensation benefits,0,30,77.4
/blog/is-workers-compensation-an-employee-benefit/,2026-10-02,workers compensation insurance benefits,0,28,62.7
/blog/is-workers-compensation-an-employee-benefit/,2026-10-02,benefits of workers compensation,0,25,68.1
/blog/letters-of-protection-for-injury-victims/,2026-10-02,letter of protection,0,132,71.5
/blog/letters-of-protection-for-injury-victims/,2026-10-02,letter of protection doctor orange county,0,126,82.7
/blog/letters-of-protection-for-injury-victims/,2026-10-02,letter of protection chiropractor,0,121,62.0
/blog/letters-of-protection-for-injury-victims/,2026-10-02,what is a letter of protection,0,115,71.2
/blog/letters-of-protection-for-injury-victims/,2026-10-02,letter of protection vs medical lien,0,99,47.1
/blog/letters-of-protection-for-injury-victims/,2026-10-02,doctors that accept letter of protection,0,78,41.3
/blog/letters-of-protection-for-injury-victims/,2026-10-02,lop vs medical lien,0,68,38.8
/blog/letters-of-protection-for-injury-victims/,2026-10-02,letter of protection personal injury,0,61,64.8
/blog/letters-of-protection-for-injury-victims/,2026-10-02,letter of protection florida,0,55,92.7
/blog/letters-of-protection-for-injury-victims/,2026-10-02,letter of protection doctors,0,52,69.1
/blog/letters-of-protection-for-injury-victims/,2026-10-02,letter of protection meaning,0,49,76.5
/blog/letters-of-protection-for-injury-victims/,2026-10-02,lop personal injury,0,37,54.0
/blog/letters-of-protection-for-injury-victims/,2026-10-02,letters of protection,0,35,40.5
/blog/letters-of-protection-for-injury-victims/,2026-10-02,attorney letter of protection,0,34,67.9
/blog/letters-of-protection-for-injury-victims/,2026-10-02,letter of protection california,0,33,75.8
/blog/liability-for-crash-due-to-tire-blowout-in-savannah/,2026-10-02,tire blowout accident claim,0,18,66.5
/blog/liability-for-crash-due-to-tire-blowout-in-savannah/,2026-10-02,is a tire blowout an at fault accident,0,8,75.6
/blog/liability-for-crash-due-to-tire-blowout-in-savannah/,2026-10-02,how do i prove fault in a tire blowout crash?,0,5,84.2
/blog/liability-for-crash-due-to-tire-blowout-in-savannah/,2026-10-02,tire blowout accident,0,2,38.5
/blog/liability-for-crash-due-to-tire-blowout-in-savannah/,2026-10-02,can a nail in a tire cause a blowout,0,1,2.0
/blog/liability-for-crash-due-to-tire-blowout-in-savannah/,2026-10-02,can a run flat tire blowout,0,1,90.0
/blog/liability-for-crash-due-to-tire-blowout-in-savannah/,2026-10-02,causes of tire blowout,0,1,2.0
/blog/liability-for-crash-due-to-tire-blowout-in-savannah/,2026-10-02,orzecznictwo,0,1,4.0
/blog/liability-for-crash-due-to-tire-blowout-in-savannah/,2026-10-02,tire blowout causes,0,1,2.0
/blog/liability-for-crash-due-to-tire-blowout-in-savannah/,2026-10-02,tire blowout damage to car,0,1,65.0
/blog/liability-for-crash-due-to-tire-blowout-in-savannah/,2026-10-02,who is at fault in a tire blowout truck accident?,0,1,93.0
/blog/liability-for-crashes-caused-by-not-using-turn-signal/,2026-09-24,traffic accidents due to improper signaling,0,15,50.7
/blog/liability-for-crashes-caused-by-not-using-turn-signal/,2026-09-24,the legal implications of not using blinkers,0,6,25.5
/blog/liability-for-crashes-caused-by-not-using-turn-signal/,2026-09-24,california failure to use turn signal truck accident lawyer,0,5,42.8
/blog/liability-for-crashes-caused-by-not-using-turn-signal/,2026-09-24,penalties and consequences of not using blinkers,0,3,30.3
/blog/liability-for-crashes-caused-by-not-using-turn-signal/,2026-09-24,california failure to use turn signal truck accident attorney,0,1,50.0
/blog/liability-for-crashes-caused-by-not-using-turn-signal/,2026-09-24,if there is no sign,0,1,1.0
/blog/liability-for-crashes-caused-by-not-using-turn-signal/,2026-09-24,is it illegal to turn without a turn signal,0,1,72.0
/blog/liability-for-crashes-caused-by-not-using-turn-signal/,2026-09-24,is turning without a turn signal illegal,0,1,46.0
/blog/liability-for-crashes-caused-by-not-using-turn-signal/,2026-09-24,ocga failure to use turn signal,0,1,48.0
/blog/liability-for-crashes-caused-by-not-using-turn-signal/,2026-09-24,"on a two-lane road, you may pass another vehicle on the right when:",0,1,5.0
/blog/liability-for-crashes-caused-by-not-using-turn-signal/,2026-09-24,right turn signal,0,1,2.0
/blog/liability-for-crashes-caused-by-not-using-turn-signal/,2026-09-24,when can a turn be made from other than the far left or far right legal lane? * 1 point when there is no traffic in the other lanes. when the intersection has a left turn signal light. when there is no oncoming traffic. when traffic signs and pavement markings indicate it.,0,1,2.0
/blog/liability-for-crashes-caused-by-not-using-turn-signal/,2026-09-24,"when you want to make a right turn, your car must be:",0,1,1.0
/blog/liability-for-epilepsy-related-car-accidents/,2026-09-24,seizure caused car accident,0,95,11.5
/blog/liability-for-epilepsy-related-car-accidents/,2026-09-24,if you have a seizure while driving are you at fault,3,64,2.8
/blog/liability-for-epilepsy-related-car-accidents/,2026-09-24,car insurance epilepsy,0,39,19.8
/blog/liability-for-epilepsy-related-car-accidents/,2026-09-24,car accident caused by seizure,0,34,6.7
/blog/liability-for-epilepsy-related-car-accidents/,2026-09-24,can a person with seizures drive,0,29,83.3
/blog/liability-for-epilepsy-related-car-accidents/,2026-09-24,does epilepsy affect car insurance,0,21,35.6
/blog/liability-for-epilepsy-related-car-accidents/,2026-09-24,epilepsy driving,0,9,49.3
/blog/liability-for-epilepsy-related-car-accidents/,2026-09-24,epilepsy and driving insurance,0,5,25.2
/blog/liability-for-epilepsy-related-car-accidents/,2026-09-24,seizures after car accident,0,5,29.4
/blog/liability-for-epilepsy-related-car-accidents/,2026-09-24,south carolina seizure driving laws,0,3,19.3
/blog/liability-for-epilepsy-related-car-accidents/,2026-09-24,can someone with seizures drive,0,2,82.0
/blog/liability-for-epilepsy-related-car-accidents/,2026-09-24,epilepsy and car insurance,0,2,18.0
/blog/liability-for-epilepsy-related-car-accidents/,2026-09-24,how long after a seizure can you drive in ny,0,2,76.0
/blog/liability-for-epilepsy-related-car-accidents/,2026-09-24,seizure after car accident,0,2,45.5
/blog/liability-for-epilepsy-related-car-accidents/,2026-09-24,seizure car accident,0,2,17.0
/blog/liability-for-sudden-emergency-accidents/,2026-09-23,car accident caused by medical emergency,0,48,40.7
/blog/liability-for-sudden-emergency-accidents/,2026-09-23,accident and emergency claims,0,9,57.2
/blog/liability-for-sudden-emergency-accidents/,2026-09-23,medical emergency while driving,0,8,13.9
/blog/liability-for-sudden-emergency-accidents/,2026-09-23,accident and emergency negligence,0,4,63.0
/blog/liability-for-sudden-emergency-accidents/,2026-09-23,medical emergency defense,0,2,36.5
/blog/liability-for-sudden-emergency-accidents/,2026-09-23,sudden medical emergency defense,0,2,29.5
/blog/liability-for-sudden-emergency-accidents/,2026-09-23,an adverse event is an unexpected injury caused by,0,1,79.0
/blog/liability-for-sudden-emergency-accidents/,2026-09-23,auto accident,0,1,18.0
/blog/liability-for-sudden-emergency-accidents/,2026-09-23,emergency in swahili,0,1,2.0
/blog/liability-for-sudden-emergency-accidents/,2026-09-23,emergency in tagalog,0,1,3.0
/blog/liability-for-sudden-emergency-accidents/,2026-09-23,emergency liability insurance,0,1,58.0
/blog/liability-for-sudden-emergency-accidents/,2026-09-23,exigency vs emergency,0,1,1.0
/blog/liability-for-sudden-emergency-accidents/,2026-09-23,i have someone to drive me,0,1,2.0
/blog/liability-for-sudden-emergency-accidents/,2026-09-23,i have to drive myself,0,1,2.0
/blog/liability-for-sudden-emergency-accidents/,2026-09-23,im driving,0,1,2.0
/blog/liens-and-your-personal-injury-claims/,2026-09-24,personal injury lien,0,109,88.4
/blog/liens-and-your-personal-injury-claims/,2026-09-24,pro rata lien resolution personal injury,0,93,71.7
/blog/liens-and-your-personal-injury-claims/,2026-09-24,medical liens on settlements,0,68,82.3
/blog/liens-and-your-personal-injury-claims/,2026-09-24,insurance liens in personal injury cases,0,52,93.1
/blog/liens-and-your-personal-injury-claims/,2026-09-24,medical lien on settlement,0,52,88.7
/blog/liens-and-your-personal-injury-claims/,2026-09-24,attorney lien medical bills,0,44,91.0
/blog/liens-and-your-personal-injury-claims/,2026-09-24,treatment on a lien,0,16,88.7
/blog/liens-and-your-personal-injury-claims/,2026-09-24,medicaid lien personal injury,0,13,82.2
/blog/liens-and-your-personal-injury-claims/,2026-09-24,medicaid liens in personal injury cases,0,13,79.7
/blog/liens-and-your-personal-injury-claims/,2026-09-24,what is a lien in a personal injury case,0,13,90.9
/blog/liens-and-your-personal-injury-claims/,2026-09-24,lien on settlement proceeds,0,10,30.6
/blog/liens-and-your-personal-injury-claims/,2026-09-24,lop vs medical lien,0,10,94.8
/blog/liens-and-your-personal-injury-claims/,2026-09-24,medical liens in personal injury,0,10,96.7
/blog/liens-and-your-personal-injury-claims/,2026-09-24,personal injury liens,0,8,89.8
/blog/liens-and-your-personal-injury-claims/,2026-09-24,how personal injury attorneys can resolve a medical lien on settlement,0,7,87.4
/blog/maximum-medical-improvement-in-an-injury-claim/,2026-09-24,what does maximum medical improvement mean,0,3,91.3
/blog/maximum-medical-improvement-in-an-injury-claim/,2026-09-24,mmi meaning,0,2,2.0
/blog/maximum-medical-improvement-in-an-injury-claim/,2026-09-24,mmi rating for back injury,0,2,72.0
/blog/maximum-medical-improvement-in-an-injury-claim/,2026-09-24,no mmi,0,2,2.5
/blog/maximum-medical-improvement-in-an-injury-claim/,2026-09-24,what does mmi mean in workers comp,0,2,2.0
/blog/maximum-medical-improvement-in-an-injury-claim/,2026-09-24,1 million dollar policy,0,1,2.0
/blog/maximum-medical-improvement-in-an-injury-claim/,2026-09-24,12 months of physical therapy settlement,0,1,1.0
/blog/maximum-medical-improvement-in-an-injury-claim/,2026-09-24,ga,0,1,7.0
/blog/maximum-medical-improvement-in-an-injury-claim/,2026-09-24,ime exam,0,1,2.0
/blog/maximum-medical-improvement-in-an-injury-claim/,2026-09-24,impairment rating,0,1,3.0
/blog/maximum-medical-improvement-in-an-injury-claim/,2026-09-24,maximum medical recovery,0,1,86.0
/blog/maximum-medical-improvement-in-an-injury-claim/,2026-09-24,mmi,0,1,2.0
/blog/maximum-medical-improvement-in-an-injury-claim/,2026-09-24,mmi personal injury,0,1,57.0
/blog/maximum-medical-improvement-in-an-injury-claim/,2026-09-24,mmi workers comp,0,1,3.0
/blog/maximum-medical-improvement-in-an-injury-claim/,2026-09-24,moderate to severe,0,1,1.0
/blog/medical-malpractice-limits-georgia/,2026-09-24,georgia medical malpractice laws,0,97,44.4
/blog/medical-malpractice-limits-georgia/,2026-09-24,how much is medical malpractice insurance in georgia,0,69,74.9
/blog/medical-malpractice-limits-georgia/,2026-09-24,medical malpractice in georgia,0,69,35.9
/blog/medical-malpractice-limits-georgia/,2026-09-24,what damages can i recover in a medical malpractice case? georgia,0,31,4.3
/blog/medical-malpractice-limits-georgia/,2026-09-24,georgia medical malpractice insurance requirements,0,27,59.9
/blog/medical-malpractice-limits-georgia/,2026-09-24,medical malpractice statute of limitations georgia,0,26,34.5
/blog/medical-malpractice-limits-georgia/,2026-09-24,georgia malpractice insurance,0,22,91.3
/blog/medical-malpractice-limits-georgia/,2026-09-24,georgia medical malpractice statute of limitations,0,19,31.8
/blog/medical-malpractice-limits-georgia/,2026-09-24,wrongful death statute of limitations georgia,0,16,79.0
/blog/medical-malpractice-limits-georgia/,2026-09-24,medical malpractice georgia,0,15,37.3
/blog/medical-malpractice-limits-georgia/,2026-09-24,how to file medical malpractice in georgia,0,11,39.3
/blog/medical-malpractice-limits-georgia/,2026-09-24,statute of limitations on medical bills in georgia,0,11,67.3
/blog/medical-malpractice-limits-georgia/,2026-09-24,ga,0,10,4.8
/blog/medical-malpractice-limits-georgia/,2026-09-24,georgia,0,9,2.7
/blog/medical-malpractice-limits-georgia/,2026-09-24,georgia malpractice laws,0,9,41.3
/blog/medical-malpractice-limits-south-carolina/,2026-10-05,medical malpractice south carolina,0,165,34.6
/blog/medical-malpractice-limits-south-carolina/,2026-10-05,medical malpractice in south carolina,0,124,41.5
/blog/medical-malpractice-limits-south-carolina/,2026-10-05,south carolina medical malpractice laws,0,79,27.2
/blog/medical-malpractice-limits-south-carolina/,2026-10-05,how much is medical malpractice insurance in south carolina,0,71,29.9
/blog/medical-malpractice-limits-south-carolina/,2026-10-05,medical malpractice limits,0,65,39.5
/blog/medical-malpractice-limits-south-carolina/,2026-10-05,south carolina medical malpractice insurance,0,64,41.6
/blog/medical-malpractice-limits-south-carolina/,2026-10-05,maximum payout for medical negligence,0,63,43.6
/blog/medical-malpractice-limits-south-carolina/,2026-10-05,are there cap on damages for nursing home neglect in south carolina?,0,58,5.8
/blog/medical-malpractice-limits-south-carolina/,2026-10-05,medical malpractice insurance south carolina,0,50,38.1
/blog/medical-malpractice-limits-south-carolina/,2026-10-05,south carolina medical malpractice insurance requirements,0,49,43.3
/blog/medical-malpractice-limits-south-carolina/,2026-10-05,south carolina medical malpractice,0,38,35.1
/blog/medical-malpractice-limits-south-carolina/,2026-10-05,what is the law on medical malpractice in sc,0,38,20.5
/blog/medical-malpractice-limits-south-carolina/,2026-10-05,medical malpractice statute of limitations south carolina,1,35,11.3
/blog/medical-malpractice-limits-south-carolina/,2026-10-05,south carolina medical malpractice settlements,0,32,5.5
/blog/medical-malpractice-limits-south-carolina/,2026-10-05,south carolina malpractice insurance,0,30,56.3
/blog/motorcycle-accidents-dorchester-road-data/,2026-10-02,dorchester road accident,0,4,7.0
/blog/motorcycle-accidents-dorchester-road-data/,2026-10-02,site:rodenlaw.com,0,1,146.0
/blog/motorcycle-accidents-dorchester-road-data/,2026-10-02,south carolina motorcycle accident statistics,0,1,37.0
/blog/myrtle-beach-dangerous-roads-intersections/,2026-10-05,why is myrtle beach so dangerous,21,12283,8.4
/blog/myrtle-beach-dangerous-roads-intersections/,2026-10-05,why is myrtle beach so dangerous today,1,123,7.9
/blog/myrtle-beach-dangerous-roads-intersections/,2026-10-05,why myrtle beach is dangerous,0,38,8.7
/blog/myrtle-beach-dangerous-roads-intersections/,2026-10-05,what parts of myrtle beach are dangerous,0,33,10.2
/blog/myrtle-beach-dangerous-roads-intersections/,2026-10-05,why is myrtle beach dangerous,0,26,7.8
/blog/myrtle-beach-dangerous-roads-intersections/,2026-10-05,myrtle beach weather,0,25,4.1
/blog/myrtle-beach-dangerous-roads-intersections/,2026-10-05,myrtle beach dangerous,1,24,9.5
/blog/myrtle-beach-dangerous-roads-intersections/,2026-10-05,highway 17 south carolina dangerous,0,17,4.8
/blog/myrtle-beach-dangerous-roads-intersections/,2026-10-05,south carolina,0,17,3.4
/blog/myrtle-beach-dangerous-roads-intersections/,2026-10-05,myrtle beach so dangerous,0,14,9.4
/blog/myrtle-beach-dangerous-roads-intersections/,2026-10-05,myrtle beach,0,12,2.8
/blog/myrtle-beach-dangerous-roads-intersections/,2026-10-05,is myrtle beach a good place to live,0,9,2.4
/blog/myrtle-beach-dangerous-roads-intersections/,2026-10-05,greenville sc,0,7,3.3
/blog/myrtle-beach-dangerous-roads-intersections/,2026-10-05,is myrtle beach safe,0,7,2.0
/blog/myrtle-beach-dangerous-roads-intersections/,2026-10-05,columbia sc weather,0,5,4.0
/blog/negligence-vs-gross-negligence/,2026-09-24,negligence car accident case,0,104,7.1
/blog/negligence-vs-gross-negligence/,2026-09-24,negligence in a car accident,0,60,6.8
/blog/negligence-vs-gross-negligence/,2026-09-24,negligence car accident,0,25,19.2
/blog/negligence-vs-gross-negligence/,2026-09-24,negligence car accident case example,0,22,13.1
/blog/negligence-vs-gross-negligence/,2026-09-24,how is negligence determined in a car crash,0,20,45.9
/blog/negligence-vs-gross-negligence/,2026-09-24,motor vehicle negligence definition,0,16,20.8
/blog/negligence-vs-gross-negligence/,2026-09-24,accident vs negligence,0,14,17.9
/blog/negligence-vs-gross-negligence/,2026-09-24,negligence in car accident,0,14,9.6
/blog/negligence-vs-gross-negligence/,2026-09-24,diferencia entre accidente y negligencia,0,13,9.8
/blog/negligence-vs-gross-negligence/,2026-09-24,auto negligence,0,12,72.1
/blog/negligence-vs-gross-negligence/,2026-09-24,what is negligence in a car accident?,0,12,11.0
/blog/negligence-vs-gross-negligence/,2026-09-24,negligence vs accident,0,10,14.6
/blog/negligence-vs-gross-negligence/,2026-09-24,negligence vs gross negligence examples,0,9,7.3
/blog/negligence-vs-gross-negligence/,2026-09-24,diferencia entre negligencia y accidente,0,8,10.8
/blog/negligence-vs-gross-negligence/,2026-09-24,difference between negligence and gross negligence,0,8,88.8
/blog/north-charleston-crime-rate-hit-and-run/,2026-10-02,north charleston crime rate,0,216,9.3
/blog/north-charleston-crime-rate-hit-and-run/,2026-10-02,north charleston south carolina crime rate,0,12,9.6
/blog/north-charleston-crime-rate-hit-and-run/,2026-10-02,north charleston sc crime rate,0,9,10.0
/blog/north-charleston-crime-rate-hit-and-run/,2026-10-02,crime rate,0,1,11.0
/blog/options-for-denied-injury-claims/,2026-09-25,slip and fall claim denied,0,104,24.7
/blog/options-for-denied-injury-claims/,2026-09-25,personal injury claim denied,0,69,14.6
/blog/options-for-denied-injury-claims/,2026-09-25,denied damage claim,0,57,26.4
/blog/options-for-denied-injury-claims/,2026-09-25,letter denying claim for damages,0,48,13.1
/blog/options-for-denied-injury-claims/,2026-09-25,denied injury claim lawyer,0,29,17.2
/blog/options-for-denied-injury-claims/,2026-09-25,why would a personal injury attorney deny an injury case,0,28,47.6
/blog/options-for-denied-injury-claims/,2026-09-25,wrongful claim denial,0,23,24.2
/blog/options-for-denied-injury-claims/,2026-09-25,injury claim denied,0,20,12.5
/blog/options-for-denied-injury-claims/,2026-09-25,denied property damage claim lawyer,0,19,63.7
/blog/options-for-denied-injury-claims/,2026-09-25,claim denied personal injury,0,15,12.1
/blog/options-for-denied-injury-claims/,2026-09-25,how to appeal a denied concussion claim in north carolina?,0,14,26.6
/blog/options-for-denied-injury-claims/,2026-09-25,denial of injury,0,12,15.8
/blog/options-for-denied-injury-claims/,2026-09-25,what to do if your personal injury claim is denied,0,11,15.4
/blog/options-for-denied-injury-claims/,2026-09-25,attorney for insurance claim denial,0,10,71.9
/blog/options-for-denied-injury-claims/,2026-09-25,can i still get compensation if my t-bone accident claim was denied,0,10,22.0
/blog/options-for-recovering-more-than-policy-limits/,2026-09-24,uncover hidden policy limits,0,73,60.2
/blog/options-for-recovering-more-than-policy-limits/,2026-09-24,seeking auto insurance coverage above policy limit,0,25,53.4
/blog/options-for-recovering-more-than-policy-limits/,2026-09-24,how much can i get from an underinsured motorist claim,0,16,56.3
/blog/options-for-recovering-more-than-policy-limits/,2026-09-24,can i recover damages if uninsured georgia,0,9,24.9
/blog/options-for-recovering-more-than-policy-limits/,2026-09-24,dacula uninsured motorist accident lawyer,0,8,68.8
/blog/options-for-recovering-more-than-policy-limits/,2026-09-24,how to get more than policy limits car accident settlement,0,5,47.6
/blog/options-for-recovering-more-than-policy-limits/,2026-09-24,what is uninsured motorist property damage,0,4,1.8
/blog/options-for-recovering-more-than-policy-limits/,2026-09-24,at fault accident,0,3,2.0
/blog/options-for-recovering-more-than-policy-limits/,2026-09-24,at fault driver's insurance won t pay full amount,0,3,24.0
/blog/options-for-recovering-more-than-policy-limits/,2026-09-24,the driver who hit me in atlanta drove away — can i still recover damages?,0,3,36.0
/blog/options-for-recovering-more-than-policy-limits/,2026-09-24,uncover hidden liability limits,0,3,40.3
/blog/options-for-recovering-more-than-policy-limits/,2026-09-24,"when injured or ill, most people become more select than usual.",0,3,5.3
/blog/options-for-recovering-more-than-policy-limits/,2026-09-24,hit by uninsured driver,0,2,3.0
/blog/options-for-recovering-more-than-policy-limits/,2026-09-24,ocga 33-4-6,0,2,33.0
/blog/options-for-recovering-more-than-policy-limits/,2026-09-24,what happens with a hit and run accident,0,2,2.0
/blog/qualifications-for-car-accident-witnesses/,2026-10-02,why witness statements matter in car accidents,0,20,50.1
/blog/qualifications-for-car-accident-witnesses/,2026-10-02,how important are witness statements in head-on collision cases,0,9,44.6
/blog/qualifications-for-car-accident-witnesses/,2026-10-02,crash event expert witness,0,8,87.2
/blog/qualifications-for-car-accident-witnesses/,2026-10-02,accidents and safety expert witness,0,6,81.0
/blog/qualifications-for-car-accident-witnesses/,2026-10-02,crash tests expert witness,0,5,84.4
/blog/qualifications-for-car-accident-witnesses/,2026-10-02,accident investigations expert witness,0,4,78.0
/blog/qualifications-for-car-accident-witnesses/,2026-10-02,are expert witnesses necessary in truck accident case,0,4,67.5
/blog/qualifications-for-car-accident-witnesses/,2026-10-02,vehicle acceleration expert witness,0,4,81.0
/blog/qualifications-for-car-accident-witnesses/,2026-10-02,automobile accidents expert witness,0,3,71.7
/blog/qualifications-for-car-accident-witnesses/,2026-10-02,automotive accidents expert witness,0,2,63.5
/blog/qualifications-for-car-accident-witnesses/,2026-10-02,o.c.g.a. § 24-7-702,0,2,62.0
/blog/qualifications-for-car-accident-witnesses/,2026-10-02,witness to a car accident,0,2,2.5
/blog/qualifications-for-car-accident-witnesses/,2026-10-02,can a case be dismissed if the witness doesn t show up,0,1,3.0
/blog/qualifications-for-car-accident-witnesses/,2026-10-02,can a passenger be a witness in a car accident,0,1,41.0
/blog/qualifications-for-car-accident-witnesses/,2026-10-02,can a passenger in a car accident be a witness,0,1,2.0
/blog/rear-end-accident-injuries/,2026-10-02,rear end collision injuries,0,78,68.5
/blog/rear-end-accident-injuries/,2026-10-02,rear ended injury,0,54,69.1
/blog/rear-end-accident-injuries/,2026-10-02,what causes most rear end accidents,0,51,87.1
/blog/rear-end-accident-injuries/,2026-10-02,injuries from rear end collisions,0,50,68.5
/blog/rear-end-accident-injuries/,2026-10-02,high speed rear end collision injuries,0,45,18.4
/blog/rear-end-accident-injuries/,2026-10-02,rear ended collision injuries,0,45,66.9
/blog/rear-end-accident-injuries/,2026-10-02,rear end accidents,0,40,60.3
/blog/rear-end-accident-injuries/,2026-10-02,rear end injury,0,38,72.2
/blog/rear-end-accident-injuries/,2026-10-02,"possible injuries from a rear ending accident. we were stopped and suv hit us from behind, moving thecar up a foot or so",0,24,6.8
/blog/rear-end-accident-injuries/,2026-10-02,rear end accident injuries,0,19,68.1
/blog/rear-end-accident-injuries/,2026-10-02,"what type of injury would you suffer if your vehicle is knocked from behind, and your head restraint is not appropriately adjusted?",0,19,7.2
/blog/rear-end-accident-injuries/,2026-10-02,back pain after rear end collision,0,17,68.5
/blog/rear-end-accident-injuries/,2026-10-02,back pain after being rear ended,0,15,67.0
/blog/rear-end-accident-injuries/,2026-10-02,rear ended back pain,0,15,47.0
/blog/rear-end-accident-injuries/,2026-10-02,in a typical rear end collision the victims,0,14,13.4
/blog/rear-end-collision-liability/,2026-10-02,rear end accident,0,125,65.7
/blog/rear-end-collision-liability/,2026-10-02,rear ended car accident,0,24,50.3
/blog/rear-end-collision-liability/,2026-10-02,rear end collision law,0,21,52.8
/blog/rear-end-collision-liability/,2026-10-02,rear ended accident,0,20,38.9
/blog/rear-end-collision-liability/,2026-10-02,rear end collision,0,19,91.1
/blog/rear-end-collision-liability/,2026-10-02,rear end collision fault,0,15,79.5
/blog/rear-end-collision-liability/,2026-10-02,car accident rear ended,0,10,60.6
/blog/rear-end-collision-liability/,2026-10-02,rear ended someone,0,9,71.9
/blog/rear-end-collision-liability/,2026-10-02,jonesboro rear end collision accident lawyer,0,8,66.5
/blog/rear-end-collision-liability/,2026-10-02,rear ended crash,0,8,59.0
/blog/rear-end-collision-liability/,2026-10-02,average settlement for rear-end collision in georgia,0,7,62.3
/blog/rear-end-collision-liability/,2026-10-02,brookhaven rear end collision accident lawyer,0,7,67.7
/blog/rear-end-collision-liability/,2026-10-02,rear end collision who is at fault,0,7,86.1
/blog/rear-end-collision-liability/,2026-10-02,car accident hit from behind,0,6,69.2
/blog/rear-end-collision-liability/,2026-10-02,rear end accident fault,0,6,91.0
/blog/rollover-crashes-and-what-they-do-to-your-body/,2026-09-23,rollover accident,0,863,31.6
/blog/rollover-crashes-and-what-they-do-to-your-body/,2026-09-23,car rollover accidents,0,795,58.6
/blog/rollover-crashes-and-what-they-do-to-your-body/,2026-09-23,rolled car,0,780,23.6
/blog/rollover-crashes-and-what-they-do-to-your-body/,2026-09-23,how does a car flip over in an accident,0,494,22.8
/blog/rollover-crashes-and-what-they-do-to-your-body/,2026-09-23,vehicle rollover,0,399,69.1
/blog/rollover-crashes-and-what-they-do-to-your-body/,2026-09-23,rollover car accident,0,364,44.0
/blog/rollover-crashes-and-what-they-do-to-your-body/,2026-09-23,car rollover,0,340,63.9
/blog/rollover-crashes-and-what-they-do-to-your-body/,2026-09-23,rollover car,0,303,64.7
/blog/rollover-crashes-and-what-they-do-to-your-body/,2026-09-23,rollover accidents,0,284,62.6
/blog/rollover-crashes-and-what-they-do-to-your-body/,2026-09-23,what causes a car to rollover,0,220,74.4
/blog/rollover-crashes-and-what-they-do-to-your-body/,2026-09-23,what is a rollover crash,0,218,10.3
/blog/rollover-crashes-and-what-they-do-to-your-body/,2026-09-23,what is a rollover accident,0,192,8.9
/blog/rollover-crashes-and-what-they-do-to-your-body/,2026-09-23,car rollovers,0,95,74.1
/blog/rollover-crashes-and-what-they-do-to-your-body/,2026-09-23,rolled over car,0,95,30.8
/blog/rollover-crashes-and-what-they-do-to-your-body/,2026-09-23,rollover car accidents,0,93,57.9
/blog/savannah-dangerous-highways-i16-i95-abercorn/,2026-10-02,why is i-95 so dangerous,0,6,20.3
/blog/savannah-dangerous-highways-i16-i95-abercorn/,2026-10-02,catastrophic injuries in savannah,0,5,35.6
/blog/savannah-dangerous-highways-i16-i95-abercorn/,2026-10-02,fatal car accident on i-95 near savannah today,0,4,27.5
/blog/savannah-dangerous-highways-i16-i95-abercorn/,2026-10-02,highway hazard injuries brunswick georgia,0,3,79.0
/blog/savannah-dangerous-highways-i16-i95-abercorn/,2026-10-02,is i95 dangerous,0,3,28.7
/blog/savannah-dangerous-highways-i16-i95-abercorn/,2026-10-02,why is i 95 so dangerous,0,3,19.7
/blog/savannah-dangerous-highways-i16-i95-abercorn/,2026-10-02,95,0,2,2.0
/blog/savannah-dangerous-highways-i16-i95-abercorn/,2026-10-02,is i 95 dangerous,0,2,35.5
/blog/savannah-dangerous-highways-i16-i95-abercorn/,2026-10-02,is i-95 dangerous,0,2,18.0
/blog/savannah-dangerous-highways-i16-i95-abercorn/,2026-10-02,4 line,0,1,2.0
/blog/savannah-dangerous-highways-i16-i95-abercorn/,2026-10-02,abercorn st,0,1,1.0
/blog/savannah-dangerous-highways-i16-i95-abercorn/,2026-10-02,abercorn street,0,1,2.0
/blog/savannah-dangerous-highways-i16-i95-abercorn/,2026-10-02,dangerous roads in tucker,0,1,86.0
/blog/savannah-dangerous-highways-i16-i95-abercorn/,2026-10-02,deadliest stretch of i95,0,1,34.0
/blog/savannah-dangerous-highways-i16-i95-abercorn/,2026-10-02,how far is savannah from i-95,0,1,18.0
/blog/shem-creek-boating-dock-injuries-mount-pleasant/,2026-09-23,the wreck on shem creek,0,3,23.7
/blog/shem-creek-boating-dock-injuries-mount-pleasant/,2026-09-23,floating dock,0,2,6.0
/blog/shem-creek-boating-dock-injuries-mount-pleasant/,2026-09-23,shem creek,0,2,2.5
/blog/shem-creek-boating-dock-injuries-mount-pleasant/,2026-09-23,3 seat kayak,0,1,2.0
/blog/shem-creek-boating-dock-injuries-mount-pleasant/,2026-09-23,a passenger on your boat falls overboard. what should you do while this person is being pulled back into the boat? put the engine in forward gear. put the engine in reverse gear. keep the engine idling. stop the engine.,0,1,1.0
/blog/shem-creek-boating-dock-injuries-mount-pleasant/,2026-09-23,awsum inflatable floating dock,0,1,8.0
/blog/shem-creek-boating-dock-injuries-mount-pleasant/,2026-09-23,best affordable kayaks,0,1,4.0
/blog/shem-creek-boating-dock-injuries-mount-pleasant/,2026-09-23,best lake kayak for beginners,0,1,3.0
/blog/shem-creek-boating-dock-injuries-mount-pleasant/,2026-09-23,build a wooden kayak,0,1,7.0
/blog/shem-creek-boating-dock-injuries-mount-pleasant/,2026-09-23,canadian tore kayak,0,1,4.0
/blog/shem-creek-boating-dock-injuries-mount-pleasant/,2026-09-23,canoe dancing,0,1,6.0
/blog/shem-creek-boating-dock-injuries-mount-pleasant/,2026-09-23,canoe lessons,0,1,6.0
/blog/shem-creek-boating-dock-injuries-mount-pleasant/,2026-09-23,cheap floating dock,0,1,5.0
/blog/shem-creek-boating-dock-injuries-mount-pleasant/,2026-09-23,facebook marketplace fishing kayak,0,1,7.0
/blog/shem-creek-boating-dock-injuries-mount-pleasant/,2026-09-23,floating boat docks,0,1,5.0
/blog/south-carolina-statute-of-limitations-personal-injury/,2026-10-05,statute of limitations sc,0,154,31.8
/blog/south-carolina-statute-of-limitations-personal-injury/,2026-10-05,what is the statute of limitations in south carolina,0,93,11.6
/blog/south-carolina-statute-of-limitations-personal-injury/,2026-10-05,south carolina statute of limitations personal injury,0,84,46.9
/blog/south-carolina-statute-of-limitations-personal-injury/,2026-10-05,what is the statute of limitations in sc for personal injury,0,77,55.3
/blog/south-carolina-statute-of-limitations-personal-injury/,2026-10-05,south carolina personal injury statute of limitations,0,68,42.9
/blog/south-carolina-statute-of-limitations-personal-injury/,2026-10-05,3 accidents in 3 years,0,57,14.5
/blog/south-carolina-statute-of-limitations-personal-injury/,2026-10-05,3 at fault accidents in 3 years,0,49,31.3
/blog/south-carolina-statute-of-limitations-personal-injury/,2026-10-05,sc statute of limitations personal injury,0,27,42.7
/blog/south-carolina-statute-of-limitations-personal-injury/,2026-10-05,are there any special statutes of limitations for commercial vehicle crashes in south carolina?,0,25,5.7
/blog/south-carolina-statute-of-limitations-personal-injury/,2026-10-05,statute of limitations on suing for car accident,0,25,52.9
/blog/south-carolina-statute-of-limitations-personal-injury/,2026-10-05,south carolina statute of limitations,0,23,62.6
/blog/south-carolina-statute-of-limitations-personal-injury/,2026-10-05,statute of limitations in south carolina,0,22,17.8
/blog/south-carolina-statute-of-limitations-personal-injury/,2026-10-05,statute of limitations in south carolina for personal injury,0,22,46.0
/blog/south-carolina-statute-of-limitations-personal-injury/,2026-10-05,statute of limitations for 18-wheeler accidents in sc,0,18,12.2
/blog/south-carolina-statute-of-limitations-personal-injury/,2026-10-05,south carolina failure to maintain auto accident lawyers,0,17,71.8
/blog/switching-lawyers-during-a-case/,2026-09-24,change lawyer in middle of case,0,92,28.9
/blog/switching-lawyers-during-a-case/,2026-09-24,switching lawyers in the middle of a case,0,77,31.1
/blog/switching-lawyers-during-a-case/,2026-09-24,ocga 15-19-14,0,75,7.6
/blog/switching-lawyers-during-a-case/,2026-09-24,changing lawyers in personal injury case,0,54,36.9
/blog/switching-lawyers-during-a-case/,2026-09-24,o.c.g.a. § 15-19-14,0,29,7.3
/blog/switching-lawyers-during-a-case/,2026-09-24,can i change my car accident lawyer,0,28,29.8
/blog/switching-lawyers-during-a-case/,2026-09-24,can i switch attorneys in the middle of case,0,28,27.8
/blog/switching-lawyers-during-a-case/,2026-09-24,retaining an injury lawyer,0,28,34.2
/blog/switching-lawyers-during-a-case/,2026-09-24,can you switch lawyers in the middle of a case,0,21,23.2
/blog/switching-lawyers-during-a-case/,2026-09-24,can i switch lawyers in the middle of a case,0,20,25.5
/blog/switching-lawyers-during-a-case/,2026-09-24,can i change lawyers in the middle of a case,0,17,32.5
/blog/switching-lawyers-during-a-case/,2026-09-24,structured settlement transfers lawyers in columbia sc,0,16,59.1
/blog/switching-lawyers-during-a-case/,2026-09-24,can i switch attorneys in personal injury case,0,12,33.8
/blog/switching-lawyers-during-a-case/,2026-09-24,can you change lawyers in the middle of a case,0,11,28.4
/blog/switching-lawyers-during-a-case/,2026-09-24,columbia sc structured settlement transfers attorneys,0,10,73.4
/blog/taxes-on-car-crash-settlement-in-georgia/,2026-09-24,do you have to pay taxes on a car accident settlement,0,32,8.9
/blog/taxes-on-car-crash-settlement-in-georgia/,2026-09-24,do you have to pay taxes on a settlement from a car accident,0,25,8.6
/blog/taxes-on-car-crash-settlement-in-georgia/,2026-09-24,do i have to pay taxes on a car accident settlement,0,14,8.6
/blog/taxes-on-car-crash-settlement-in-georgia/,2026-09-24,do you pay taxes on a car accident settlement,0,13,19.5
/blog/taxes-on-car-crash-settlement-in-georgia/,2026-09-24,do injury settlements get taxed,0,11,7.1
/blog/taxes-on-car-crash-settlement-in-georgia/,2026-09-24,do you pay taxes on car accident settlement,0,11,44.4
/blog/taxes-on-car-crash-settlement-in-georgia/,2026-09-24,do you get taxed on personal injury settlements,0,10,8.0
/blog/taxes-on-car-crash-settlement-in-georgia/,2026-09-24,do you have to pay taxes on car accident settlement,0,10,30.2
/blog/taxes-on-car-crash-settlement-in-georgia/,2026-09-24,tax considerations for large car accident settlements,0,9,24.3
/blog/taxes-on-car-crash-settlement-in-georgia/,2026-09-24,are car accident settlements taxable,0,8,74.6
/blog/taxes-on-car-crash-settlement-in-georgia/,2026-09-24,are personal injury settlements taxable,0,8,70.2
/blog/taxes-on-car-crash-settlement-in-georgia/,2026-09-24,do you have to pay taxes on accident settlement,0,8,5.5
/blog/taxes-on-car-crash-settlement-in-georgia/,2026-09-24,taxes on car accident settlement,0,8,63.2
/blog/taxes-on-car-crash-settlement-in-georgia/,2026-09-24,do you have to pay taxes on car accident settlements,0,7,64.0
/blog/taxes-on-car-crash-settlement-in-georgia/,2026-09-24,taxes on $500 000 settlement,0,7,10.1
/blog/third-party-fault-for-work-injuries/,2026-10-02,third-party caused injury,0,83,20.6
/blog/third-party-fault-for-work-injuries/,2026-10-02,workers comp third party claim,0,63,41.7
/blog/third-party-fault-for-work-injuries/,2026-10-02,injured by third-party at work,0,58,27.0
/blog/third-party-fault-for-work-injuries/,2026-10-02,can i sue a third party for a workplace injury,0,15,35.7
/blog/third-party-fault-for-work-injuries/,2026-10-02,workplace injury claim against third party,0,14,46.4
/blog/third-party-fault-for-work-injuries/,2026-10-02,can i sue a third party after a workplace accident,0,12,44.3
/blog/third-party-fault-for-work-injuries/,2026-10-02,third party compensation workplace accident fl,0,12,28.5
/blog/third-party-fault-for-work-injuries/,2026-10-02,can i sue someone other than my employer after a workplace accident,0,11,46.4
/blog/third-party-fault-for-work-injuries/,2026-10-02,coworker caused my accident claim,0,9,48.9
/blog/third-party-fault-for-work-injuries/,2026-10-02,"is this visit related to workers' compensation, auto, or third-party liability accident?",0,9,6.8
/blog/third-party-fault-for-work-injuries/,2026-10-02,third party claim workers compensation,0,8,23.2
/blog/third-party-fault-for-work-injuries/,2026-10-02,bodily injury from third party,0,6,37.0
/blog/third-party-fault-for-work-injuries/,2026-10-02,third party work injury claim,0,6,33.8
/blog/third-party-fault-for-work-injuries/,2026-10-02,third-party industrial accident claim,0,6,38.8
/blog/third-party-fault-for-work-injuries/,2026-10-02,third-party workplace accident lawsuit,0,6,40.7
/blog/traffic-tickets-and-car-accident-claims/,2026-09-24,if you get a ticket in an accident are you at fault,2,115,5.6
/blog/traffic-tickets-and-car-accident-claims/,2026-09-24,if you are at fault in a car accident do you get a ticket,0,98,8.6
/blog/traffic-tickets-and-car-accident-claims/,2026-09-24,"if you are at fault in a car accident, do you get a ticket",0,29,9.2
/blog/traffic-tickets-and-car-accident-claims/,2026-09-24,can you get a ticket days after an accident,0,17,67.7
/blog/traffic-tickets-and-car-accident-claims/,2026-09-24,car accident citation,0,17,61.2
/blog/traffic-tickets-and-car-accident-claims/,2026-09-24,citation for car accident,0,13,47.2
/blog/traffic-tickets-and-car-accident-claims/,2026-09-24,how to find reason for previous traffic violation in accident,0,12,9.2
/blog/traffic-tickets-and-car-accident-claims/,2026-09-24,traffic attorney near me,0,12,2.1
/blog/traffic-tickets-and-car-accident-claims/,2026-09-24,can you get a ticket after an accident,0,10,57.5
/blog/traffic-tickets-and-car-accident-claims/,2026-09-24,car crash ticket,0,10,51.1
/blog/traffic-tickets-and-car-accident-claims/,2026-09-24,do you get a ticket for an accident,0,10,61.7
/blog/traffic-tickets-and-car-accident-claims/,2026-09-24,accident citation,0,9,67.4
/blog/traffic-tickets-and-car-accident-claims/,2026-09-24,do you get a ticket for a car accident,0,9,62.4
/blog/traffic-tickets-and-car-accident-claims/,2026-09-24,file a car accident lawsuit if i was ticketed,0,9,61.0
/blog/traffic-tickets-and-car-accident-claims/,2026-09-24,traffic accident fault,0,9,81.1
/blog/using-uninsured-underinsured-motorist-coverage-in-georgia/,2026-09-23,is uninsured motorist coverage required in georgia,0,459,36.2
/blog/using-uninsured-underinsured-motorist-coverage-in-georgia/,2026-09-23,uninsured motorist coverage georgia,0,146,23.0
/blog/using-uninsured-underinsured-motorist-coverage-in-georgia/,2026-09-23,ga,0,17,4.7
/blog/using-uninsured-underinsured-motorist-coverage-in-georgia/,2026-09-23,auto insurance for uninsured drivers in georgia,0,15,43.3
/blog/using-uninsured-underinsured-motorist-coverage-in-georgia/,2026-09-23,uninsured motorist bi,0,15,66.2
/blog/using-uninsured-underinsured-motorist-coverage-in-georgia/,2026-09-23,georgia uninsured motorist coverage,0,12,28.9
/blog/using-uninsured-underinsured-motorist-coverage-in-georgia/,2026-09-23,uninsured motorist claim georgia,0,10,24.9
/blog/using-uninsured-underinsured-motorist-coverage-in-georgia/,2026-09-23,33-7-11,0,7,7.9
/blog/using-uninsured-underinsured-motorist-coverage-in-georgia/,2026-09-23,ocga 33-7-11,0,6,38.8
/blog/using-uninsured-underinsured-motorist-coverage-in-georgia/,2026-09-23,uninsured motorist reduced vs added,0,5,41.2
/blog/using-uninsured-underinsured-motorist-coverage-in-georgia/,2026-09-23,does georgia require uninsured motorist coverage,0,4,37.8
/blog/using-uninsured-underinsured-motorist-coverage-in-georgia/,2026-09-23,georgia uninsured motorist claim,0,4,30.5
/blog/using-uninsured-underinsured-motorist-coverage-in-georgia/,2026-09-23,ocga 33 7 11,0,4,27.2
/blog/using-uninsured-underinsured-motorist-coverage-in-georgia/,2026-09-23,um demand,0,4,8.0
/blog/using-uninsured-underinsured-motorist-coverage-in-georgia/,2026-09-23,um/uim,0,4,9.8
/blog/uturn-crash-liability-in-charleston/,2026-10-02,are u turns legal in south carolina,0,1595,7.0
/blog/uturn-crash-liability-in-charleston/,2026-10-02,are u-turns legal in south carolina,0,358,7.2
/blog/uturn-crash-liability-in-charleston/,2026-10-02,are u turns legal in sc,0,325,8.2
/blog/uturn-crash-liability-in-charleston/,2026-10-02,are u turns illegal in south carolina,0,315,8.4
/blog/uturn-crash-liability-in-charleston/,2026-10-02,are u turns illegal in sc,0,84,8.7
/blog/uturn-crash-liability-in-charleston/,2026-10-02,a u-turn is not permitted in what circumstance? in a parking lot. on or near any curve or hill. on a straight-a-way with a clear view of 500 feet in both directions.,0,28,6.2
/blog/uturn-crash-liability-in-charleston/,2026-10-02,a u-turn is not permitted in what circumstance?,0,20,6.3
/blog/uturn-crash-liability-in-charleston/,2026-10-02,u-turn car accidents,0,19,50.7
/blog/uturn-crash-liability-in-charleston/,2026-10-02,are u turns illegal,0,9,6.4
/blog/uturn-crash-liability-in-charleston/,2026-10-02,south carolina u turn laws,0,6,9.0
/blog/uturn-crash-liability-in-charleston/,2026-10-02,how illegal u-turn maneuvers lead to rollover accident claims,0,3,62.7
/blog/uturn-crash-liability-in-charleston/,2026-10-02,u turn,0,3,7.7
/blog/uturn-crash-liability-in-charleston/,2026-10-02,u turn accident who's at fault,0,3,49.0
/blog/uturn-crash-liability-in-charleston/,2026-10-02,are u turn legal,0,2,9.5
/blog/uturn-crash-liability-in-charleston/,2026-10-02,is it illegal to do a u turn in the middle of the road,0,2,9.5
/blog/value-of-pain-and-suffering/,2026-09-24,pain and suffering damages,0,526,28.7
/blog/value-of-pain-and-suffering/,2026-09-24,how much is pain and suffering worth,0,414,9.4
/blog/value-of-pain-and-suffering/,2026-09-24,pain and suffering amount,0,217,11.7
/blog/value-of-pain-and-suffering/,2026-09-24,how pain and suffering is proven in a car accident injury,0,155,31.5
/blog/value-of-pain-and-suffering/,2026-09-24,is pain and suffering separate from medical bills,0,139,45.0
/blog/value-of-pain-and-suffering/,2026-09-24,pain and suffering compensation,0,110,35.3
/blog/value-of-pain-and-suffering/,2026-09-24,compensation for pain and suffering,0,99,34.0
/blog/value-of-pain-and-suffering/,2026-09-24,how much do insurance companies pay for pain and suffering,0,93,22.0
/blog/value-of-pain-and-suffering/,2026-09-24,pain and suffering,0,93,14.0
/blog/value-of-pain-and-suffering/,2026-09-24,damages for pain and suffering,0,80,22.3
/blog/value-of-pain-and-suffering/,2026-09-24,pain and suffering settlement,0,75,13.4
/blog/value-of-pain-and-suffering/,2026-09-24,pain and suffering payouts,0,72,24.9
/blog/value-of-pain-and-suffering/,2026-09-24,how much is pain and suffering worth in a lawsuit,0,67,8.3
/blog/value-of-pain-and-suffering/,2026-09-24,pain and suffering damages car accident,0,62,25.8
/blog/value-of-pain-and-suffering/,2026-09-24,how much can i sue for pain and suffering,0,61,50.2
/blog/wearing-headphones-while-driving-in-charleston/,2026-09-25,is it illegal to drive with headphones in south carolina,0,246,5.4
/blog/wearing-headphones-while-driving-in-charleston/,2026-09-25,is it illegal to have airpods in while driving,0,75,11.7
/blog/wearing-headphones-while-driving-in-charleston/,2026-09-25,is it illegal to drive with headphones,0,65,8.7
/blog/wearing-headphones-while-driving-in-charleston/,2026-09-25,is it illegal to wear headphones while driving in south carolina,0,58,5.9
/blog/wearing-headphones-while-driving-in-charleston/,2026-09-25,is it illegal to wear headphones while driving,0,46,8.4
/blog/wearing-headphones-while-driving-in-charleston/,2026-09-25,can you wear headphones while driving in south carolina,0,25,5.2
/blog/wearing-headphones-while-driving-in-charleston/,2026-09-25,is it illegal to wear airpods while driving,0,23,13.8
/blog/wearing-headphones-while-driving-in-charleston/,2026-09-25,is driving with headphones illegal,0,20,7.3
/blog/wearing-headphones-while-driving-in-charleston/,2026-09-25,is it legal to drive with headphones,0,19,8.7
/blog/wearing-headphones-while-driving-in-charleston/,2026-09-25,is it legal to have airpods in while driving,0,18,10.1
/blog/wearing-headphones-while-driving-in-charleston/,2026-09-25,is it legal to wear headphones while driving,0,18,4.4
/blog/wearing-headphones-while-driving-in-charleston/,2026-09-25,can you wear headphones while driving,0,11,21.6
/blog/wearing-headphones-while-driving-in-charleston/,2026-09-25,is it illegal to drive with headphones on,0,11,10.4
/blog/wearing-headphones-while-driving-in-charleston/,2026-09-25,illegal to drive with airpods,0,9,10.3
/blog/wearing-headphones-while-driving-in-charleston/,2026-09-25,is driving with airpods illegal,0,9,17.4
/blog/what-happens-if-i-resign-while-on-workers-compensation/,2026-09-23,can i resign while on workers compensation,0,339,21.7
/blog/what-happens-if-i-resign-while-on-workers-compensation/,2026-09-23,does workers comp still pay if you quit,0,132,8.8
/blog/what-happens-if-i-resign-while-on-workers-compensation/,2026-09-23,can you quit while on workers comp,0,124,15.2
/blog/what-happens-if-i-resign-while-on-workers-compensation/,2026-09-23,if i quit my job while on workers comp what happens,0,105,6.7
/blog/what-happens-if-i-resign-while-on-workers-compensation/,2026-09-23,can i quit while on workers comp,0,104,8.8
/blog/what-happens-if-i-resign-while-on-workers-compensation/,2026-09-23,what happens if you quit while on workers comp,0,76,9.2
/blog/what-happens-if-i-resign-while-on-workers-compensation/,2026-09-23,does workers comp continue if you quit,0,65,6.8
/blog/what-happens-if-i-resign-while-on-workers-compensation/,2026-09-23,what happens if i quit my job while on workers comp,0,59,13.5
/blog/what-happens-if-i-resign-while-on-workers-compensation/,2026-09-23,can i resign while on workers comp,0,36,8.6
/blog/what-happens-if-i-resign-while-on-workers-compensation/,2026-09-23,what happens to workers comp if i quit,0,24,9.7
/blog/what-happens-if-i-resign-while-on-workers-compensation/,2026-09-23,what happens if you quit a job while on workers comp,0,21,7.1
/blog/what-happens-if-i-resign-while-on-workers-compensation/,2026-09-23,can you quit your job while on workers comp,0,18,55.2
/blog/what-happens-if-i-resign-while-on-workers-compensation/,2026-09-23,do i lose workers' comp if i quit my job,0,17,14.3
/blog/what-happens-if-i-resign-while-on-workers-compensation/,2026-09-23,can i quit my job while on workers comp,0,14,58.0
/blog/what-happens-if-i-resign-while-on-workers-compensation/,2026-09-23,what happens if you quit your job while on workers comp,0,13,10.9
/blog/what-if-i-suspect-medical-malpractice/,2026-10-02,what to do if you suspect medical malpractice,0,153,43.6
/blog/what-if-i-suspect-medical-malpractice/,2026-10-02,can you sue for inaccurate medical records,0,92,72.7
/blog/what-if-i-suspect-medical-malpractice/,2026-10-02,medical malpractice lawyer,0,45,3.6
/blog/what-if-i-suspect-medical-malpractice/,2026-10-02,documentation error medical attorney,0,36,68.4
/blog/what-if-i-suspect-medical-malpractice/,2026-10-02,medical documentation error attorney,0,33,82.1
/blog/what-if-i-suspect-medical-malpractice/,2026-10-02,can you sue a doctor for losing your medical records,0,13,75.2
/blog/what-if-i-suspect-medical-malpractice/,2026-10-02,how to file medical malpractice in georgia,0,10,89.7
/blog/what-if-i-suspect-medical-malpractice/,2026-10-02,determine medical provider breached,0,8,86.0
/blog/what-if-i-suspect-medical-malpractice/,2026-10-02,doctor error brunswick georgia,0,7,62.3
/blog/what-if-i-suspect-medical-malpractice/,2026-10-02,doctor failed to inform risks lawyer alpharetta,0,6,62.7
/blog/what-if-i-suspect-medical-malpractice/,2026-10-02,south carolina medical malpractice insurance requirements,0,6,97.3
/blog/what-if-i-suspect-medical-malpractice/,2026-10-02,sue a doctor in georgia,0,6,73.8
/blog/what-if-i-suspect-medical-malpractice/,2026-10-02,dacula medical malpractice,0,5,63.6
/blog/what-if-i-suspect-medical-malpractice/,2026-10-02,medical malpractice lawyers indianapolis indiana,0,5,1.0
/blog/what-if-i-suspect-medical-malpractice/,2026-10-02,check medical negligence claim,0,4,48.8
/blog/what-to-do-after-car-accident-south-carolina/,2026-09-25,what to do after a car accident in south carolina,0,388,5.8
/blog/what-to-do-after-car-accident-south-carolina/,2026-09-25,what to do after a car accident in sc,0,178,7.7
/blog/what-to-do-after-car-accident-south-carolina/,2026-09-25,car accident injury,0,175,11.5
/blog/what-to-do-after-car-accident-south-carolina/,2026-09-25,what to do after a car accident legally,0,104,3.1
/blog/what-to-do-after-car-accident-south-carolina/,2026-09-25,what to do if hurt in car accident south carolina,0,100,8.2
/blog/what-to-do-after-car-accident-south-carolina/,2026-09-25,laws for car accidents,0,97,9.9
/blog/what-to-do-after-car-accident-south-carolina/,2026-09-25,car accident law,0,95,13.8
/blog/what-to-do-after-car-accident-south-carolina/,2026-09-25,accident claim help,0,87,10.4
/blog/what-to-do-after-car-accident-south-carolina/,2026-09-25,south carolina car accident steps,0,82,2.0
/blog/what-to-do-after-car-accident-south-carolina/,2026-09-25,car accident laws,0,81,9.6
/blog/what-to-do-after-car-accident-south-carolina/,2026-09-25,what to do after car accident greenville sc,0,80,38.2
/blog/what-to-do-after-car-accident-south-carolina/,2026-09-25,did not go to hospital after car accident south carolina,0,74,9.7
/blog/what-to-do-after-car-accident-south-carolina/,2026-09-25,how to document injuries after car accident sc,0,73,7.5
/blog/what-to-do-after-car-accident-south-carolina/,2026-09-25,how pre-existing conditions affect a south carolina car accident claim,0,67,22.6
/blog/what-to-do-after-car-accident-south-carolina/,2026-09-25,accident laws,0,65,9.3
/blog/what-to-do-if-your-georgia-police-report-is-wrong-or-has-mistakes/,2026-09-24,informes de accidentes policiales en savannah,0,22,15.8
/blog/what-to-do-if-your-georgia-police-report-is-wrong-or-has-mistakes/,2026-09-24,incorrect police report,0,21,73.0
/blog/what-to-do-if-your-georgia-police-report-is-wrong-or-has-mistakes/,2026-09-24,car accident police report is wrong,0,18,30.0
/blog/what-to-do-if-your-georgia-police-report-is-wrong-or-has-mistakes/,2026-09-24,how do you fix an incorrect police report,0,10,76.3
/blog/what-to-do-if-your-georgia-police-report-is-wrong-or-has-mistakes/,2026-09-24,failure to report an accident georgia,0,9,77.9
/blog/what-to-do-if-your-georgia-police-report-is-wrong-or-has-mistakes/,2026-09-24,what should i do if the police report is wrong in my t-bone crash in sanford,0,8,69.9
/blog/what-to-do-if-your-georgia-police-report-is-wrong-or-has-mistakes/,2026-09-24,can a police report be changed after an accident,0,4,6.8
/blog/what-to-do-if-your-georgia-police-report-is-wrong-or-has-mistakes/,2026-09-24,georgia police report,0,4,57.8
/blog/what-to-do-if-your-georgia-police-report-is-wrong-or-has-mistakes/,2026-09-24,georgia police report overlay,0,3,68.7
/blog/what-to-do-if-your-georgia-police-report-is-wrong-or-has-mistakes/,2026-09-24,police report is wrong,0,3,27.0
/blog/what-to-do-if-your-georgia-police-report-is-wrong-or-has-mistakes/,2026-09-24,what to do if police report is wrong,0,3,62.7
/blog/what-to-do-if-your-georgia-police-report-is-wrong-or-has-mistakes/,2026-09-24,how to correct an accident report,0,2,76.0
/blog/what-to-do-if-your-georgia-police-report-is-wrong-or-has-mistakes/,2026-09-24,what happens if a police report is incorrect,0,2,49.0
/blog/what-to-do-if-your-georgia-police-report-is-wrong-or-has-mistakes/,2026-09-24,what if police report is wrong,0,2,24.5
/blog/what-to-do-if-your-georgia-police-report-is-wrong-or-has-mistakes/,2026-09-24,what if the police report is inaccurate,0,2,62.5
/blog/when-does-a-sprained-ankle-become-a-work-injury/,2026-09-24,sprained ankle at work compensation,1,232,15.2
/blog/when-does-a-sprained-ankle-become-a-work-injury/,2026-09-24,twisted ankle at work,0,225,10.5
/blog/when-does-a-sprained-ankle-become-a-work-injury/,2026-09-24,sprained ankle at work,1,174,10.4
/blog/when-does-a-sprained-ankle-become-a-work-injury/,2026-09-24,ankle sprain workers compensation settlements,0,96,33.4
/blog/when-does-a-sprained-ankle-become-a-work-injury/,2026-09-24,workers comp sprained ankle,0,33,23.0
/blog/when-does-a-sprained-ankle-become-a-work-injury/,2026-09-24,ankle injury at work compensation,0,29,36.2
/blog/when-does-a-sprained-ankle-become-a-work-injury/,2026-09-24,ankle work injury,0,17,55.8
/blog/when-does-a-sprained-ankle-become-a-work-injury/,2026-09-24,broken ankle at work compensation,0,8,89.5
/blog/when-does-a-sprained-ankle-become-a-work-injury/,2026-09-24,ankle injury at work,0,6,31.0
/blog/when-does-a-sprained-ankle-become-a-work-injury/,2026-09-24,work related ankle injuries,0,6,43.3
/blog/when-does-a-sprained-ankle-become-a-work-injury/,2026-09-24,workers compensation ankle injury,0,6,68.3
/blog/when-does-a-sprained-ankle-become-a-work-injury/,2026-09-24,sprained ankle,0,4,1.8
/blog/when-does-a-sprained-ankle-become-a-work-injury/,2026-09-24,can you work with a sprained ankle,0,3,86.7
/blog/when-does-a-sprained-ankle-become-a-work-injury/,2026-09-24,i sprained my ankle at work,0,3,5.3
/blog/when-does-a-sprained-ankle-become-a-work-injury/,2026-09-24,ankle injury work,0,2,37.5
/blog/why-mitigate-damages-after-a-car-crash/,2026-10-02,mitigate damages car accident,2,41,5.1
/blog/why-mitigate-damages-after-a-car-crash/,2026-10-02,duty to mitigate damages after an accident,0,37,8.9
/blog/why-mitigate-damages-after-a-car-crash/,2026-10-02,minimizing damage after accidents,0,23,73.7
/blog/why-mitigate-damages-after-a-car-crash/,2026-10-02,accident mitigation,0,16,13.1
/blog/why-mitigate-damages-after-a-car-crash/,2026-10-02,what is mitigation in insurance,0,7,54.9
/blog/why-mitigate-damages-after-a-car-crash/,2026-10-02,mitigate your damages,0,4,60.8
/blog/why-mitigate-damages-after-a-car-crash/,2026-10-02,mitigation in insurance,0,4,76.5
/blog/why-mitigate-damages-after-a-car-crash/,2026-10-02,claim mitigation,0,3,63.0
/blog/why-mitigate-damages-after-a-car-crash/,2026-10-02,mitigating damage,0,3,51.7
/blog/why-mitigate-damages-after-a-car-crash/,2026-10-02,what does mitigate damages mean,0,3,48.7
/blog/why-mitigate-damages-after-a-car-crash/,2026-10-02,what does mitigation mean in insurance,0,3,51.3
/blog/why-mitigate-damages-after-a-car-crash/,2026-10-02,definition mitigation,0,2,1.0
/blog/why-mitigate-damages-after-a-car-crash/,2026-10-02,determining damages after a bardstown car accident,0,2,93.0
/blog/why-mitigate-damages-after-a-car-crash/,2026-10-02,loss mitigation meaning for car,0,2,4.5
/blog/why-mitigate-damages-after-a-car-crash/,2026-10-02,migiate,0,2,32.0
/blog/workers-comp-for-carpal-tunnel-syndrome/,2026-10-02,carpal tunnel workers comp,0,121,61.1
/blog/workers-comp-for-carpal-tunnel-syndrome/,2026-10-02,carpal tunnel workers compensation,0,91,54.5
/blog/workers-comp-for-carpal-tunnel-syndrome/,2026-10-02,workers comp carpal tunnel,0,40,59.2
/blog/workers-comp-for-carpal-tunnel-syndrome/,2026-10-02,can you get workers comp for carpal tunnel,0,34,37.5
/blog/workers-comp-for-carpal-tunnel-syndrome/,2026-10-02,is carpal tunnel covered under workers comp,0,28,10.1
/blog/workers-comp-for-carpal-tunnel-syndrome/,2026-10-02,workers comp for carpal tunnel,0,21,63.0
/blog/workers-comp-for-carpal-tunnel-syndrome/,2026-10-02,does workers comp cover carpal tunnel,1,16,46.4
/blog/workers-comp-for-carpal-tunnel-syndrome/,2026-10-02,carpal tunnel settlements 2019,0,14,80.5
/blog/workers-comp-for-carpal-tunnel-syndrome/,2026-10-02,is carpal tunnel covered by workers comp,0,14,50.9
/blog/workers-comp-for-carpal-tunnel-syndrome/,2026-10-02,can i get workers comp for carpal tunnel,0,12,40.7
/blog/workers-comp-for-carpal-tunnel-syndrome/,2026-10-02,carpal tunnel syndrome workers compensation,0,12,50.1
/blog/workers-comp-for-carpal-tunnel-syndrome/,2026-10-02,is carpal tunnel workers comp,0,11,73.5
/blog/workers-comp-for-carpal-tunnel-syndrome/,2026-10-02,carpal tunnel claim workers comp,0,10,30.8
/blog/workers-comp-for-carpal-tunnel-syndrome/,2026-10-02,carpal tunnel syndrome workers compensation settlement,0,9,59.1
/blog/workers-comp-for-carpal-tunnel-syndrome/,2026-10-02,carpal tunnel syndrome workers comp,0,6,57.3
