page,clicks,impressions,ctr_pct,position
https://rodenlaw.com/,2108,444133,0.475,14.7
https://rodenlaw.com/blog/compensatory-damages-vs-punitive-damages/,857,349782,0.245,9.13
https://rodenlaw.com/practice-areas/savannah/car-accident-lawyers/,12,292971,0.004,12.77
https://rodenlaw.com/practice-areas/charleston/car-accident-lawyers/,14,203091,0.007,21.61
https://rodenlaw.com/blog/category/personal-injury/,1,186102,0.001,74.94
https://rodenlaw.com/locations/south-carolina/charleston/?utm_campaign=gmb_charleston,119,175543,0.068,3.61
https://rodenlaw.com/blog/can-an-insurance-company-go-against-a-police-report/,1669,142999,1.167,7.91
https://rodenlaw.com/practice-areas/charleston/personal-injury-lawyer/,54,137479,0.039,34.14
https://rodenlaw.com/blog/fault-vs-no-fault-car-insurance/,266,130738,0.203,16.5
https://rodenlaw.com/blog/rollover-crashes-and-what-they-do-to-your-body/,508,127416,0.399,11.94
https://rodenlaw.com/blog/value-of-pain-and-suffering/,1109,113967,0.973,22.05
https://rodenlaw.com/blog/calculating-compensation-for-whiplash-injuries/,174,106206,0.164,22.07
https://rodenlaw.com/blog/blunt-force-trauma-after-savannah-car-crash/,161,100809,0.16,10.97
https://rodenlaw.com/practice-areas/charleston/workers-compensation-lawyer/,7,97241,0.007,20.99
https://rodenlaw.com/car-accident-lawyers/charleston-sc/,6,85485,0.007,19.82
https://rodenlaw.com/practice-areas/savannah/workers-compensation-lawyers/,17,84834,0.02,12.2
https://rodenlaw.com/practice-areas/burn-injury-lawyers/,21,80408,0.026,29.9
https://rodenlaw.com/car-accident-lawyers/savannah-ga/,3,72236,0.004,20.05
https://rodenlaw.com/practice-areas/savannah/medical-malpractice-attorneys/,15,70498,0.021,11.5
https://rodenlaw.com/blog/georgia-super-speeder-law/,58,63120,0.092,29.62
https://rodenlaw.com/blog/supporting-a-whiplash-claim/,125,57506,0.217,34.63
https://rodenlaw.com/practice-areas/charleston/truck-accident-lawyers/,3,56359,0.005,16.05
https://rodenlaw.com/practice-areas/savannah/slip-and-fall-attorneys/,6,56086,0.011,11.98
https://rodenlaw.com/blog/claims-against-at-fault-drivers-who-died/,677,54362,1.245,13.32
https://rodenlaw.com/practice-areas/charleston/nursing-home-abuse-attorneys/,0,52934,0,19.15
https://rodenlaw.com/practice-areas/boating-accident-lawyers/,1,52377,0.002,58.83
https://rodenlaw.com/practice-areas/charleston/dog-bite-lawyers/,3,50940,0.006,23.23
https://rodenlaw.com/practice-areas/savannah/personal-injury-lawyers/,2,50500,0.004,30.88
https://rodenlaw.com/practice-areas/workers-compensation-lawyers/savannah-ga/,7,47650,0.015,9.79
https://rodenlaw.com/blog/liability-for-epilepsy-related-car-accidents/,641,46753,1.371,10.44
https://rodenlaw.com/practice-areas/charleston/wrongful-death-lawyers/,0,45882,0,16.72
https://rodenlaw.com/blog/insurance-company-ignoring-demand-letter/,702,45390,1.547,12.6
https://rodenlaw.com/car-accident-lawyers/columbia-sc/,5,45260,0.011,18.92
https://rodenlaw.com/blog/diminished-value-claims-after-car-accident/,53,43957,0.121,26.39
https://rodenlaw.com/blog/are-red-light-runners-always-liable-if-they-crash/,770,43047,1.789,10.54
https://rodenlaw.com/blog/when-does-a-sprained-ankle-become-a-work-injury/,298,39687,0.751,12.9
https://rodenlaw.com/blog/using-uninsured-underinsured-motorist-coverage-in-georgia/,211,38142,0.553,18.31
https://rodenlaw.com/blog/impaired-driving-caused-by-prescription-medications/,48,36941,0.13,8.69
https://rodenlaw.com/practice-areas/charleston/motorcycle-accident-lawyers/,0,35031,0,22.19
https://rodenlaw.com/blog/gym-injury-liability/,294,34374,0.855,16.82
https://rodenlaw.com/blog/contingency-fee-system/,51,33940,0.15,14.66
https://rodenlaw.com/practice-areas/premises-liability-lawyers/,0,33071,0,60.54
https://rodenlaw.com/blog/georgia-statute-of-limitations/,36,32771,0.11,11.04
https://rodenlaw.com/practice-areas/savannah/truck-accident-lawyers/,6,32657,0.018,18.47
https://rodenlaw.com/blog/highway-hypnosis-what-it-is-why-it-is-a-crash-risk/,45,32187,0.14,11.15
https://rodenlaw.com/blog/answering-insurance-questions-after-crash/,194,31948,0.607,11.34
https://rodenlaw.com/medical-malpractice-lawyers/savannah-ga/,6,30479,0.02,16.34
https://rodenlaw.com/class-action/ozempic-lawsuits/,3,30405,0.01,49.93
https://rodenlaw.com/blog/how-car-insurers-use-private-investigators/,137,30328,0.452,16.36
https://rodenlaw.com/blog/independent-medical-exams/,171,29592,0.578,10.15
https://rodenlaw.com/blog/what-happens-if-i-resign-while-on-workers-compensation/,357,29501,1.21,10.78
https://rodenlaw.com/practice-areas/albany/personal-injury-lawyers/,1,29470,0.003,44.28
https://rodenlaw.com/practice-areas/car-accident-lawyers/charleston-sc/,0,29176,0,23.27
https://rodenlaw.com/locations/south-carolina/myrtle-beach/,0,28441,0,40.77
https://rodenlaw.com/practice-areas/pedestrian-accident-lawyers/,1,28386,0.004,48.39
https://rodenlaw.com/workers-compensation-lawyers/charleston-sc/,2,28168,0.007,19.22
https://rodenlaw.com/blog/burn-injury-workers-compensation/,239,26748,0.894,19.6
https://rodenlaw.com/practice-areas/charleston/product-liability-lawyers/,2,26284,0.008,18.11
https://rodenlaw.com/practice-areas/charleston/medical-malpractice-attorney/,3,26174,0.011,48.43
https://rodenlaw.com/practice-areas/charleston/slip-and-fall-lawyer/,0,25963,0,18.86
https://rodenlaw.com/practice-areas/personal-injury-lawyers/,22,25773,0.085,28.72
https://rodenlaw.com/truck-accident-lawyers/charleston-sc/,0,25361,0,13.74
https://rodenlaw.com/locations/georgia/savannah/,12,25358,0.047,30.63
https://rodenlaw.com/blog/impact-of-surgery-recommendation/,268,24768,1.082,14.15
https://rodenlaw.com/blog/determining-liability-for-crash-at-four-way-stop-sign/,200,24488,0.817,8.31
https://rodenlaw.com/practice-areas/dog-bite-lawyers/,4,24378,0.016,47.34
https://rodenlaw.com/practice-areas/workers-compensation-lawyers/charleston-sc/,4,24282,0.016,11.04
https://rodenlaw.com/blog/negligence-vs-gross-negligence/,161,24012,0.67,15.32
https://rodenlaw.com/blog/does-workers-compensation-cover-prescriptions/,57,23946,0.238,23.22
https://rodenlaw.com/class-action/troubled-teen-industry-abuse/,190,23772,0.799,14.0
https://rodenlaw.com/practice-areas/savannah/car-accident-lawyers/pedestrian-accidents/,1,22654,0.004,18.07
https://rodenlaw.com/locations/georgia/savannah/?utm_campaign=gmb_savannah,84,22377,0.375,8.58
https://rodenlaw.com/blog/claims-for-lost-wages/,22,22215,0.099,16.03
https://rodenlaw.com/practice-areas/motorcycle-accident-lawyers/,4,21775,0.018,46.75
https://rodenlaw.com/blog/four-common-construction-accidents/,10,20739,0.048,38.7
https://rodenlaw.com/practice-areas/charleston/car-accident-lawyers/?utm_campaign=gmb,101,20702,0.488,11.72
https://rodenlaw.com/blog/blunt-force-trauma-from-a-crash-what-you-need-to-know/,14,20571,0.068,14.7
https://rodenlaw.com/blog/what-to-do-when-you-are-in-a-car-accident/,18,20485,0.088,36.42
https://rodenlaw.com/blog/demand-letters-in-personal-injury-cases/,28,20456,0.137,29.11
https://rodenlaw.com/blog/dangers-of-emotional-driving-in-savannah-ga/,37,20351,0.182,7.98
https://rodenlaw.com/practice-areas/macon/personal-injury-lawyers/,1,19849,0.005,56.31
https://rodenlaw.com/blog/switching-lawyers-during-a-case/,64,19679,0.325,11.81
https://rodenlaw.com/who-we-are/attorneys/,216,19658,1.099,9.5
https://rodenlaw.com/es/areas-de-practica/abogado-de-accidente-de-auto/,0,19588,0,53.31
https://rodenlaw.com/blog/liability-for-sudden-emergency-accidents/,136,19421,0.7,8.2
https://rodenlaw.com/blog/georgia-law-on-steps-after-car-accident/,54,19361,0.279,16.06
https://rodenlaw.com/blog/car-insurance-add-ons/,37,19347,0.191,12.79
https://rodenlaw.com/blog/myrtle-beach-dangerous-roads-intersections/,60,19308,0.311,8.35
https://rodenlaw.com/practice-areas/brunswick/personal-injury-lawyer/,10,19244,0.052,29.11
https://rodenlaw.com/blog/georgia-comparative-negligence-law/,4,19235,0.021,8.32
https://rodenlaw.com/blog/much-worth-ga-worker-compared-states/,14,19218,0.073,33.08
https://rodenlaw.com/blog/uturn-crash-liability-in-charleston/,88,19070,0.461,14.5
https://rodenlaw.com/blog/liability-for-crash-due-to-tire-blowout-in-savannah/,232,18938,1.225,13.49
https://rodenlaw.com/blog/wearing-headphones-while-driving-in-charleston/,100,18745,0.533,11.19
https://rodenlaw.com/resources/south-carolina-car-seat-laws/,138,18639,0.74,8.46
https://rodenlaw.com/motorcycle-accident-lawyers/charleston-sc/,0,18622,0,15.97
https://rodenlaw.com/blog/leg-pain-and-leg-injuries-from-crash/,65,18515,0.351,13.72
https://rodenlaw.com/wrongful-death-lawyers/charleston-sc/,0,18428,0,15.44
https://rodenlaw.com/blog/liability-for-accidents-with-borrowed-vehicles/,111,18012,0.616,20.59
https://rodenlaw.com/blog/damage-coverage-for-stolen-car/,38,17926,0.212,22.15
https://rodenlaw.com/blog/south-carolina-golf-cart-laws/,78,17873,0.436,8.53
https://rodenlaw.com/blog/driving-tips-around-trucks/,15,17800,0.084,12.66
https://rodenlaw.com/blog/releasing-medical-records/,84,17629,0.476,21.54
https://rodenlaw.com/blog/liability-waivers-and-injury-lawsuits/,72,17509,0.411,13.36
https://rodenlaw.com/medical-malpractice-lawyers/charleston-sc/,3,17447,0.017,24.88
https://rodenlaw.com/blog/letters-of-protection-for-injury-victims/,65,17353,0.375,17.4
https://rodenlaw.com/class-action/paraquat-lawsuits/,3,17230,0.017,46.72
https://rodenlaw.com/blog/rear-end-collision-liability/,65,17210,0.378,30.32
https://rodenlaw.com/practice-areas/savannah/slip-and-fall-attorneys/premises-liability/,3,17169,0.017,13.48
https://rodenlaw.com/practice-areas/truck-accident-lawyers/,0,17166,0,54.35
https://rodenlaw.com/practice-areas/savannah/nursing-home-abuse-attorneys/,4,17108,0.023,15.62
https://rodenlaw.com/locations/south-carolina/columbia/,7,16908,0.041,32.24
https://rodenlaw.com/practice-areas/savannah/car-accident-lawyers/bike-accidents/,1,16893,0.006,12.53
https://rodenlaw.com/practice-areas/product-liability-lawyers/,4,16774,0.024,59.64
https://rodenlaw.com/who-we-are/attorneys/eric-roden/,309,16773,1.842,5.79
https://rodenlaw.com/blog/benefits-for-workplace-violence/,136,16590,0.82,14.49
https://rodenlaw.com/blog/dangerous-tools-garage/,94,16579,0.567,8.86
https://rodenlaw.com/blog/average-personal-injury-settlement-amounts/,77,16562,0.465,13.82
https://rodenlaw.com/blog/does-worker-compensation-cover-employee-negligence/,88,16455,0.535,9.14
https://rodenlaw.com/blog/animal-accident-insurance-coverage/,25,16435,0.152,23.84
https://rodenlaw.com/blog/truck-accident-injuries/,14,16414,0.085,28.93
https://rodenlaw.com/blog/accident-claims-with-an-expired-license/,50,16376,0.305,11.55
https://rodenlaw.com/practice-areas/savannah/car-accident-lawyers/hit-and-run-accidents/,5,16291,0.031,47.89
https://rodenlaw.com/practice-areas/savannah/dog-bite-lawyers/,14,16082,0.087,22.78
https://rodenlaw.com/blog/resolving-claims-through-arbitration/,51,16070,0.317,19.94
https://rodenlaw.com/practice-areas/charleston/boating-accident-lawyers/,0,15974,0,44.02
https://rodenlaw.com/blog/compensatory-damages-vs-punitive-damages/#punitive-damages-caps,0,15971,0,4.75
https://rodenlaw.com/blog/compensatory-damages-vs-punitive-damages/#key-differences,0,15970,0,4.72
https://rodenlaw.com/blog/maximum-medical-improvement-in-an-injury-claim/,104,15789,0.659,8.13
https://rodenlaw.com/practice-areas/brunswick/car-accident-lawyer/,1,15740,0.006,24.65
https://rodenlaw.com/car-accident-lawyers/darien-ga/,2,15708,0.013,54.15
https://rodenlaw.com/locations/south-carolina/myrtle-beach/?utm_campaign=gmb_mb,9,15506,0.058,3.85
https://rodenlaw.com/blog/informed-consent/,46,15059,0.305,11.5
https://rodenlaw.com/blog/understanding-vicarious-liability/,36,15017,0.24,23.46
https://rodenlaw.com/blog/options-for-denied-injury-claims/,39,14922,0.261,14.09
https://rodenlaw.com/blog/why-mitigate-damages-after-a-car-crash/,142,14827,0.958,10.3
https://rodenlaw.com/slip-and-fall-lawyers/savannah-ga/,1,14790,0.007,17.46
https://rodenlaw.com/blog/what-to-do-after-car-accident-georgia/,14,14564,0.096,13.57
https://rodenlaw.com/contact-us/,59,14475,0.408,7.24
https://rodenlaw.com/blog/certification-of-permanent-injury/,95,14442,0.658,7.5
https://rodenlaw.com/blog/what-to-do-if-your-georgia-police-report-is-wrong-or-has-mistakes/,137,14431,0.949,18.37
https://rodenlaw.com/blog/is-workers-compensation-an-employee-benefit/,80,14374,0.557,16.45
https://rodenlaw.com/practice-areas/savannah/nursing-home-abuse-attorneys/bedsores/,3,14339,0.021,42.33
https://rodenlaw.com/blog/liability-for-crashes-caused-by-not-using-turn-signal/,77,14311,0.538,9.25
https://rodenlaw.com/practice-areas/bicycle-accident-lawyers/columbia-sc/,0,13795,0,32.45
https://rodenlaw.com/dog-bite-lawyers/charleston-sc/,1,13549,0.007,18.7
https://rodenlaw.com/blog/myrtle-beach-golf-cart-laws/,116,13544,0.856,6.54
https://rodenlaw.com/blog/steps-after-hit-and-run-accident/,29,13541,0.214,33.17
https://rodenlaw.com/practice-areas/macon/workers-compensation-lawyers/,0,13486,0,19.51
https://rodenlaw.com/locations/south-carolina/north-charleston/goose-creek/,2,13248,0.015,12.92
https://rodenlaw.com/blog/feeling-fatigued-after-charleston-car-accident/,50,13194,0.379,6.84
https://rodenlaw.com/practice-areas/macon/truck-accident-lawyers/,2,13127,0.015,33.26
https://rodenlaw.com/blog/workers-comp-benefits-georgia-taxable/,33,13078,0.252,31.93
https://rodenlaw.com/blog/medical-malpractice-limits-south-carolina/,148,12995,1.139,10.72
https://rodenlaw.com/blog/recovering-damages-with-pre-existing-injuries/,65,12959,0.502,16.42
https://rodenlaw.com/practice-areas/savannah/medical-malpractice-attorneys/surgical-errors/,3,12956,0.023,15.22
https://rodenlaw.com/class-action-lawyers/troubled-teen-industry-abuse/,80,12785,0.626,10.82
https://rodenlaw.com/class-action-lawyers/defective-medical-devices/stryker-hip-implant-lawsuit/,19,12752,0.149,40.06
https://rodenlaw.com/class-action/hair-relaxer-cancer-lawsuits/,6,12716,0.047,57.6
https://rodenlaw.com/blog/filing-medication-error-lawsuit/,25,12410,0.201,32.19
https://rodenlaw.com/practice-areas/bicycle-accident-lawyers/charleston-sc/,0,12334,0,15.22
https://rodenlaw.com/blog/medical-malpractice-limits-georgia/,51,12309,0.414,9.67
https://rodenlaw.com/blog/liability-in-a-driverless-car-crash/,46,12309,0.374,20.86
https://rodenlaw.com/class-action-lawyers/defective-products/roundup-lawsuit/,8,12023,0.067,57.46
https://rodenlaw.com/blog/steps-after-work-injury/,19,11664,0.163,25.02
https://rodenlaw.com/blog/steps-of-a-burn-injury-case/,13,11507,0.113,24.69
https://rodenlaw.com/blog/fault-vs-no-fault-car-insurance/#fault-vs-no-fault,2,11203,0.018,5.56
https://rodenlaw.com/class-action/afff-firefighting-foam-lawsuits/,18,11170,0.161,50.71
https://rodenlaw.com/blog/major-injuries-from-minor-car-accidents/,18,11105,0.162,27.53
https://rodenlaw.com/blog/options-for-recovering-more-than-policy-limits/,45,11086,0.406,11.34
https://rodenlaw.com/blog/longshoreman-injury-claims/,7,10906,0.064,55.2
https://rodenlaw.com/blog/steps-take-slip-fall-accident-georgia/,4,10832,0.037,48.03
https://rodenlaw.com/product-liability-lawyers/columbia-sc/,3,10782,0.028,23.6
https://rodenlaw.com/blog/liens-and-your-personal-injury-claims/,68,10738,0.633,20.27
https://rodenlaw.com/practice-areas/savannah/construction-accident-lawyers/,3,10713,0.028,22.91
https://rodenlaw.com/practice-areas/maritime-injury-lawyers/,2,10705,0.019,40.52
https://rodenlaw.com/blog/workers-comp-for-carpal-tunnel-syndrome/,20,10662,0.188,49.62
https://rodenlaw.com/blog/how-to-handle-calls-from-insurance-companies/,31,10596,0.293,13.12
https://rodenlaw.com/blog-compensatory-damages-vs-punitive-damages/,30,10583,0.283,9.94
https://rodenlaw.com/blog/filing-a-claim-for-an-injured-minor/,60,10535,0.57,17.27
https://rodenlaw.com/charleston/boating-accident-lawyers/,0,10420,0,48.32
https://rodenlaw.com/blog/2017-safest-college-campuses-in-georgia/,38,10388,0.366,6.81
https://rodenlaw.com/resources/i-95-widening-construction-zone-ga-sc/,109,10375,1.051,7.19
https://rodenlaw.com/blog/nerve-damage-after-charleston-car-crash/,23,10349,0.222,16.2
https://rodenlaw.com/blog/when-to-call-charleston-personal-injury-lawyer/,16,10289,0.156,29.46
https://rodenlaw.com/blog/what-to-do-after-car-accident-south-carolina/,42,10251,0.41,12.0
https://rodenlaw.com/blog/advantages-of-a-medical-malpractice-attorney/,8,10160,0.079,54.05
https://rodenlaw.com/blog/fault-vs-no-fault-car-insurance/#georgia-fault-system,0,10138,0,5.48
https://rodenlaw.com/practice-areas/savannah/medical-malpractice-attorneys/dental-negligence/,29,10077,0.288,44.62
https://rodenlaw.com/blog/traffic-tickets-and-car-accident-claims/,47,10051,0.468,12.94
https://rodenlaw.com/practice-areas/charleston/burn-injury-lawyers/,0,10048,0,13.56
https://rodenlaw.com/practice-areas/savannah/wrongful-death-lawyers/statute-of-limitations/,9,9969,0.09,23.56
https://rodenlaw.com/blog/rear-end-accident-injuries/,39,9952,0.392,12.82
https://rodenlaw.com/blog/truck-accident-reconstruction/,4,9915,0.04,37.83
https://rodenlaw.com/blog-understanding-eye-injuries-after-a-savannah-car-accident/,24,9832,0.244,16.56
https://rodenlaw.com/blog/hearing-loss-after-charleston-car-accident/,60,9802,0.612,17.61
https://rodenlaw.com/blog/south-carolina-statute-of-limitations-personal-injury/,76,9718,0.782,10.37
https://rodenlaw.com/blog/georgia-pedestrian-right-of-way-laws/,22,9576,0.23,7.48
https://rodenlaw.com/blog/blind-spot-accidents/,16,9554,0.167,13.86
https://rodenlaw.com/class-action-lawyers/dangerous-drugs/truvada-lawsuit/,18,9535,0.189,21.12
https://rodenlaw.com/blog/the-role-of-vocational-rehabilitation-in-workers-compensation-cases/,27,9446,0.286,21.55
https://rodenlaw.com/workers-compensation-lawyers/columbia-sc/,0,9266,0,21.04
https://rodenlaw.com/locations/south-carolina/charleston/,12,9256,0.13,29.91
https://rodenlaw.com/blog/georgia-car-seat-law-overview/,6,9244,0.065,26.91
https://rodenlaw.com/practice-areas/savannah/medical-malpractice-attorneys/orthopedic-injury/,6,9242,0.065,37.93
https://rodenlaw.com/blog/when-do-injury-claims-go-to-court/,46,9197,0.5,18.73
https://rodenlaw.com/blog/how-to-get-your-charleston-police-accident-report/,55,9193,0.598,9.7
https://rodenlaw.com/practice-areas/savannah/medical-malpractice-attorneys/hospital-negligence/,12,9125,0.132,22.9
https://rodenlaw.com/motorcycle-accident-lawyers/columbia-sc/,1,9123,0.011,25.05
https://rodenlaw.com/pedestrian-accident-lawyers/charleston-sc/,0,8974,0,16.88
https://rodenlaw.com/practice-areas/savannah/wrongful-death-lawyers/,0,8967,0,13.6
https://rodenlaw.com/practice-areas/savannah/maritime-lawyers/,14,8957,0.156,21.28
https://rodenlaw.com/practice-areas/motorcycle-accident-lawyers/savannah-ga/,1,8885,0.011,9.81
https://rodenlaw.com/workers-compensation-lawyers/myrtle-beach-sc/,4,8849,0.045,16.55
https://rodenlaw.com/blog/qualifications-for-car-accident-witnesses/,30,8764,0.342,14.17
https://rodenlaw.com/who-we-are/,18,8593,0.209,5.3
https://rodenlaw.com/practice-areas/brunswick/motorcycle-accident-lawyers/,1,8404,0.012,41.92
https://rodenlaw.com/practice-areas/brain-injury-lawyers/columbia-sc/,0,8392,0,16.82
https://rodenlaw.com/blog/south-carolina-pedestrian-right-of-way-laws/,25,8295,0.301,8.91
https://rodenlaw.com/blog/fault-vs-no-fault-car-insurance/#how-no-fault-states-work,0,8242,0,5.74
https://rodenlaw.com/boating-accident-lawyers/columbia-sc/,1,8188,0.012,21.11
https://rodenlaw.com/who-we-are/attorneys/tyler-love/,142,7967,1.782,15.68
https://rodenlaw.com/class-action-lawyers/,4,7957,0.05,28.87
https://rodenlaw.com/blog/pedestrian-liability-for-car-accidents/,15,7917,0.189,24.05
https://rodenlaw.com/locations/south-carolina/north-charleston/,12,7900,0.152,12.86
https://rodenlaw.com/blog/benefits-of-hiring-personal-injury-lawyer/,6,7865,0.076,26.43
https://rodenlaw.com/practice-areas/savannah/burn-injury-lawyers/,1,7748,0.013,30.54
https://rodenlaw.com/practice-areas/,5,7731,0.065,11.36
https://rodenlaw.com/blog/knee-injuries-after-georgia-car-crash/,6,7723,0.078,35.54
https://rodenlaw.com/blog/first-steps-in-a-medical-malpractice-case/,14,7721,0.181,35.41
https://rodenlaw.com/attorneys/,222,7625,2.911,12.97
https://rodenlaw.com/pedestrian-accident-lawyers/myrtle-beach-sc/,0,7617,0,10.79
https://rodenlaw.com/practice-areas/charleston/brain-injury-lawyers/,0,7597,0,19.09
https://rodenlaw.com/blog/taxes-on-car-crash-settlement-in-georgia/,34,7557,0.45,13.29
https://rodenlaw.com/slip-and-fall-lawyers/charleston-sc/,0,7553,0,17.11
https://rodenlaw.com/blog/dealing-with-uber-lyft-accident/,2,7441,0.027,37.34
https://rodenlaw.com/blog/can-someone-sue-me-for-a-car-accident/,18,7406,0.243,12.93
https://rodenlaw.com/truck-accident-lawyers/columbia-sc/,1,7314,0.014,22.01
https://rodenlaw.com/practice-areas/macon/spinal-cord-injury-lawyers/,1,7306,0.014,13.75
https://rodenlaw.com/blog/personal-injury-calculating-loss-of-earning-capacity/,13,7273,0.179,29.69
https://rodenlaw.com/blog/duty-of-care-personal-injury-claim/,5,7223,0.069,33.88
https://rodenlaw.com/class-action-lawyers/stryker-hip-replacement/,13,7218,0.18,24.14
https://rodenlaw.com/blog/passenger-car-accident-claim/,1,7184,0.014,53.21
https://rodenlaw.com/blog/charleston-car-crash-facial-injuries/,5,6993,0.072,39.89
https://rodenlaw.com/blog/how-loud-music-increases-crash-risk-charleston/,15,6988,0.215,14.56
https://rodenlaw.com/blog/fault-vs-no-fault-car-insurance/#how-fault-states-work,1,6987,0.014,5.69
https://rodenlaw.com/practice-areas/premises-liability-lawyers/columbia-sc/,1,6975,0.014,12.84
https://rodenlaw.com/blog/compensatory-damages-vs-punitive-damages/#what-are-punitive-damages,0,6945,0,4.84
https://rodenlaw.com/case-results/,13,6827,0.19,23.26
https://rodenlaw.com/blog/fault-vs-no-fault-car-insurance/#key-differences,0,6800,0,5.71
https://rodenlaw.com/blog/fault-vs-no-fault-car-insurance/#comparative-fault-rules,0,6799,0,5.72
https://rodenlaw.com/blog/mistakes-charleston-slip-and-fall-victims-make/,0,6799,0,36.1
https://rodenlaw.com/blog/fault-vs-no-fault-car-insurance/#south-carolina-fault-system,0,6785,0,5.71
https://rodenlaw.com/practice-areas/car-accident-lawyers/columbia-sc/,3,6769,0.044,30.66
https://rodenlaw.com/pedestrian-accident-lawyers/columbia-sc/,1,6768,0.015,39.9
https://rodenlaw.com/practice-areas/macon/maritime-lawyers/,7,6764,0.103,56.93
https://rodenlaw.com/practice-areas/maritime-lawyers/,10,6691,0.149,42.82
https://rodenlaw.com/blog/continuing-post-accident-medical-treatment/,19,6646,0.286,15.05
https://rodenlaw.com/practice-areas/savannah/medical-malpractice-attorneys/medication-errors/,5,6618,0.076,46.2
https://rodenlaw.com/blog/compensation-for-chronic-pain-after-a-car-crash-in-charleston/,29,6496,0.446,32.11
https://rodenlaw.com/blog/legal-rights-after-memory-loss-savannah-crash/,4,6393,0.063,17.39
https://rodenlaw.com/practice-areas/spinal-cord-injury-lawyers/charleston-sc/,0,6389,0,12.63
https://rodenlaw.com/practice-areas/spinal-cord-injury-lawyers/,1,6198,0.016,50.03
https://rodenlaw.com/blog/compensatory-damages-vs-punitive-damages/#what-are-compensatory-damages,1,6178,0.016,5.0
https://rodenlaw.com/blog/car-insurance-claim-denial-tactics/,16,6175,0.259,15.43
https://rodenlaw.com/class-action-lawyers/dangerous-drugs/onglyza-lawsuit/,1,6173,0.016,22.85
https://rodenlaw.com/blog/how-long-can-a-person-stay-on-workers-compensation/,28,6157,0.455,17.66
https://rodenlaw.com/practice-areas/albany/truck-accident-lawyers/,2,6145,0.033,36.62
https://rodenlaw.com/blog/after-boat-accident-guide/,3,6128,0.049,35.4
https://rodenlaw.com/practice-areas/medical-malpractice-lawyers/misdiagnosis-delayed-diagnosis/,2,6112,0.033,17.22
https://rodenlaw.com/practice-areas/coronavirus-business-claims/,1,6108,0.016,52.2
https://rodenlaw.com/blog/hip-pain-after-car-accident-in-savannah/,4,6083,0.066,27.49
https://rodenlaw.com/bicycle-accident-lawyers/myrtle-beach-sc/,0,6071,0,10.81
https://rodenlaw.com/blog/liability-for-crashes-caused-by-teen-drivers/,27,6017,0.449,10.5
https://rodenlaw.com/practice-areas/construction-accident-lawyers/columbia-sc/,1,6017,0.017,10.83
https://rodenlaw.com/practice-areas/savannah/product-liability-lawyers/,0,5954,0,13.52
https://rodenlaw.com/blog/settle-workers-comp-case/,8,5832,0.137,46.63
https://rodenlaw.com/blog/discovery-process-in-personal-injury-cases/,12,5794,0.207,22.73
https://rodenlaw.com/resources/columbia-i-26-i-20-i-77-interchange-truck-accidents/,5,5745,0.087,6.99
https://rodenlaw.com/dog-bite-lawyers/savannah-ga/,1,5721,0.017,16.1
https://rodenlaw.com/dog-bite-lawyers/columbia-sc/,2,5689,0.035,16.7
https://rodenlaw.com/practice-areas/brunswick/medical-malpractice-attorney/,3,5667,0.053,23.37
https://rodenlaw.com/practice-areas/truck-accident-lawyers/columbia-sc/,0,5647,0,12.49
https://rodenlaw.com/blog/value-of-car-crash-claim-if-permanent-injuries/,8,5633,0.142,32.38
https://rodenlaw.com/blog/financial-abuse-at-nursing-homes/,17,5619,0.303,14.55
https://rodenlaw.com/blog/proving-back-pain-after-savannah-car-crash/,3,5594,0.054,40.1
https://rodenlaw.com/blog/deposition-in-a-personal-injury-claim/,11,5586,0.197,29.4
https://rodenlaw.com/class-action-lawyers/dangerous-drugs/uloric-lawsuit/,3,5576,0.054,11.46
https://rodenlaw.com/practice-areas/brunswick/workers-compensation-attorney/,3,5531,0.054,14.29
https://rodenlaw.com/about/,20,5522,0.362,6.84
https://rodenlaw.com/blog/refusing-opioid-prescription-in-workers-comp-claim/,41,5496,0.746,19.02
https://rodenlaw.com/blog/is-there-a-limit-for-medical-negligence-claims/,5,5492,0.091,30.26
https://rodenlaw.com/blog/third-party-fault-for-work-injuries/,41,5481,0.748,14.64
https://rodenlaw.com/blog/driving-record-and-injury-claim/,13,5404,0.241,24.09
https://rodenlaw.com/practice-areas/savannah/brain-injury-lawyers/,0,5387,0,12.18
https://rodenlaw.com/class-action-lawyers/defective-medical-devices/ivc-blood-clot-filter-lawsuit/,2,5360,0.037,54.13
https://rodenlaw.com/practice-areas/macon/motorcycle-accident-lawyers/,0,5345,0,16.8
https://rodenlaw.com/blog/liability-for-school-bus-crash/,17,5333,0.319,42.02
https://rodenlaw.com/practice-areas/savannah/nursing-home-abuse-attorneys/malnutrition-and-dehydration/,5,5317,0.094,29.38
https://rodenlaw.com/brain-injury-lawyers/savannah-ga/,0,5299,0,16.27
https://rodenlaw.com/practice-areas/bicycle-accident-lawyers/,0,5294,0,48.92
https://rodenlaw.com/practice-areas/construction-accident-lawyers/,1,5264,0.019,61.93
https://rodenlaw.com/class-action-lawyers/afff-firefighting-foam-lawsuits/,7,5261,0.133,13.45
https://rodenlaw.com/blog/what-happens-to-workers-comp-if-employer-bankrupts/,68,5256,1.294,8.5
https://rodenlaw.com/blog/determining-fault-in-multi-vehicle-accidents/,5,5147,0.097,24.9
https://rodenlaw.com/maritime-injury-lawyers/longshore-harbor-worker/,4,5117,0.078,34.34
https://rodenlaw.com/class-action-lawyers/dangerous-drugs/invokana-lawsuit/,1,5117,0.02,29.56
https://rodenlaw.com/blog/safe-driving-in-construction-zones/,2,5074,0.039,11.78
https://rodenlaw.com/contact/,19,4980,0.382,9.01
https://rodenlaw.com/truck-accident-lawyers/savannah-ga/,1,4971,0.02,17.64
https://rodenlaw.com/practice-areas/savannah/medical-malpractice-attorneys/cosmetic-surgery/,13,4944,0.263,58.81
https://rodenlaw.com/blog/car-accidents-on-i-26-in-north-charleston/,13,4899,0.265,34.21
https://rodenlaw.com/practice-areas/car-accident-lawyers/savannah-ga/,0,4841,0,19.69
https://rodenlaw.com/locations/georgia/darien/,7,4818,0.145,17.28
https://rodenlaw.com/boating-accident-lawyers/charleston-sc/,0,4796,0,19.92
https://rodenlaw.com/blog/what-if-i-suspect-medical-malpractice/,18,4793,0.376,18.4
https://rodenlaw.com/blog/legal-rights-if-hit-by-driver-in-company-car-charleston/,20,4769,0.419,17.3
https://rodenlaw.com/dog-bite-lawyers/myrtle-beach-sc/,1,4752,0.021,12.02
https://rodenlaw.com/blog/valid-premises-liability-claim-georgia/,4,4728,0.085,24.22
https://rodenlaw.com/blog/drunk-pedestrian-injury-claims/,32,4709,0.68,9.61
https://rodenlaw.com/es/areas-de-practica/abogados-de-compensacion-de-trabajo/,1,4696,0.021,53.4
https://rodenlaw.com/blog/college-campus-safety-tips-every-student-should-know/,9,4695,0.192,26.65
https://rodenlaw.com/blog/reasons-for-workers-comp-claim-denial/,18,4677,0.385,32.76
https://rodenlaw.com/practice-areas/medical-malpractice-attorneys/,2,4668,0.043,46.61
https://rodenlaw.com/blog/a-cyclists-guide-after-a-ravenel-bridge-accident/,112,4666,2.4,10.18
https://rodenlaw.com/premises-liability-lawyers/north-charleston-sc/,0,4626,0,35.65
https://rodenlaw.com/practice-areas/savannah/medical-malpractice-attorneys/ob-gyn-negligence/,4,4610,0.087,42.85
https://rodenlaw.com/blog/liability-for-backing-up-crashes-in-charleston/,19,4606,0.413,29.7
https://rodenlaw.com/blog/ptsd-after-car-accident-compensation/,12,4594,0.261,24.67
https://rodenlaw.com/practice-areas/savannah/car-accident-lawyers/georgia-pip-insurance/,2,4519,0.044,34.02
https://rodenlaw.com/practice-areas/bicycle-accident-lawyers/savannah-ga/,0,4506,0,11.23
https://rodenlaw.com/practice-area/dog-bite-lawyers/,0,4501,0,45.33
https://rodenlaw.com/practice-areas/macon/dog-bite-lawyers/,1,4493,0.022,17.44
https://rodenlaw.com/practice-areas/motorcycle-accident-lawyers/charleston-sc/,0,4456,0,15.15
https://rodenlaw.com/practice-areas/brain-injury-lawyers/,0,4450,0,52.83
https://rodenlaw.com/locations/,11,4430,0.248,5.09
https://rodenlaw.com/personal-injury-lawyers/charleston-sc/,0,4420,0,38.21
https://rodenlaw.com/blog/benefit-of-a-personal-injury-pain-diary/,16,4397,0.364,9.79
https://rodenlaw.com/blog/5-most-common-types-of-medical-malpractice-in-2023/,14,4389,0.319,30.84
https://rodenlaw.com/blog/how-much-is-my-car-accident-claim-worth/,4,4389,0.091,27.14
https://rodenlaw.com/practice-areas/savannah/medical-malpractice-attorneys/psychiatric-negligence/,11,4328,0.254,35.91
https://rodenlaw.com/blog/charleston-parking-lot-car-accident-liability/,14,4318,0.324,27.31
https://rodenlaw.com/wrongful-death-lawyers/columbia-sc/,1,4308,0.023,17.43
https://rodenlaw.com/blog/hospital-liability-for-medical-malpractice/,11,4305,0.256,36.42
https://rodenlaw.com/practice-areas/macon/wrongful-death-lawyers/,0,4286,0,24.45
https://rodenlaw.com/who-we-are/attorneys/ja-moore/,42,4268,0.984,9.42
https://rodenlaw.com/practice-areas/construction-accident-lawyers/charleston-sc/,0,4251,0,16.72
https://rodenlaw.com/product-liability-lawyers/charleston-sc/,1,4235,0.024,13.15
https://rodenlaw.com/truck-accident-lawyers/myrtle-beach-sc/,0,4207,0,15.26
https://rodenlaw.com/blog/changing-workers-comp-doctors-in-georgia/,41,4182,0.98,14.4
https://rodenlaw.com/nursing-home-abuse-lawyers/savannah-ga/,1,4182,0.024,14.41
https://rodenlaw.com/practice-areas/savannah/motorcycle-accident-lawyers/,0,4172,0,22.05
https://rodenlaw.com/class-action/camp-lejeune-lawsuits/,5,4170,0.12,44.5
https://rodenlaw.com/practice-areas/albany/wrongful-death-lawyers/,0,4141,0,28.62
https://rodenlaw.com/blog/dog-bite-prevention-tips/,0,4127,0,13.3
https://rodenlaw.com/car-accident-lawyers/company-car-accident/,1,4119,0.024,21.27
https://rodenlaw.com/practice-areas/nursing-home-abuse-lawyers/,0,4117,0,70.12
https://rodenlaw.com/blog/can-an-insurance-company-go-against-a-police-report/#why-insurers-dispute,0,4110,0,7.35
https://rodenlaw.com/slip-and-fall-lawyers/columbia-sc/,1,4094,0.024,22.68
https://rodenlaw.com/class-action-lawyers/hair-relaxer-cancer-lawsuits/,13,4061,0.32,19.71
https://rodenlaw.com/blog/beginning-motorcycle-biker-risks/,8,4061,0.197,8.75
https://rodenlaw.com/attorneys/eric-roden/,162,4051,3.999,4.81
https://rodenlaw.com/blog/charleston-car-crash-brain-injuries/,6,4043,0.148,39.27
https://rodenlaw.com/practice-areas/albany/workers-compensation-lawyer/,2,4034,0.05,28.27
https://rodenlaw.com/blog/do-you-need-a-workers-compensation-lawyer/,0,4004,0,47.28
https://rodenlaw.com/workers-compensation-lawyers/savannah-ga/,0,3999,0,10.17
https://rodenlaw.com/blog/choking-at-nursing-homes/,16,3982,0.402,21.61
https://rodenlaw.com/resources/blythewood-i-77-truck-accidents/,25,3974,0.629,9.43
https://rodenlaw.com/practice-areas/slip-and-fall-attorneys/,0,3974,0,28.76
https://rodenlaw.com/blog/dangerous-savannah-intersections/,34,3961,0.858,13.96
https://rodenlaw.com/blog/accepting-a-cash-offer-after-savannah-car-crash/,13,3950,0.329,17.59
https://rodenlaw.com/blog/car-accidents-and-daylight-savings-time/,8,3931,0.204,16.2
https://rodenlaw.com/locations/south-carolina/,10,3914,0.255,13.06
https://rodenlaw.com/practice-area/spinal-cord-injury-lawyer/,1,3884,0.026,61.17
https://rodenlaw.com/practice-areas/burn-injury-lawyers/chemical-burn-injury/,2,3878,0.052,19.98
https://rodenlaw.com/blog/using-dashcams-as-evidence-of-fault-in-a-car-accident/,6,3835,0.156,22.41
https://rodenlaw.com/practice-areas/nursing-home-abuse-attorneys/,1,3829,0.026,45.66
https://rodenlaw.com/blog/common-driver-distractions/,2,3824,0.052,24.96
https://rodenlaw.com/blog/shem-creek-boating-dock-injuries-mount-pleasant/,63,3814,1.652,8.63
https://rodenlaw.com/blog/south-carolina-car-accident-settlement-amounts/,39,3814,1.023,6.15
https://rodenlaw.com/blog/columbia-dangerous-intersections-roads/,33,3759,0.878,8.09
https://rodenlaw.com/blog/georgia-wrongful-death-lawsuit/,2,3736,0.054,47.43
https://rodenlaw.com/blog/how-pain-and-suffering-is-calculated-after-an-accident-in-georgia/,26,3723,0.698,6.77
https://rodenlaw.com/blog/charleston-medical-malpractice-hospital-claim-south-carolina/,11,3718,0.296,36.19
https://rodenlaw.com/premises-liability-lawyers/savannah-ga/,2,3698,0.054,12.05
https://rodenlaw.com/practice-areas/brain-injury-lawyers/charleston-sc/,0,3697,0,14.87
https://rodenlaw.com/blog/compensation-while-not-wearing-seat-belt/,24,3675,0.653,17.93
https://rodenlaw.com/blog/documents-for-personal-injury-claim/,5,3658,0.137,22.65
https://rodenlaw.com/blog/how-spinal-cord-injuries-affect-you/,4,3648,0.11,38.79
https://rodenlaw.com/blog/can-an-insurance-company-go-against-a-police-report/#why-insurers-review,0,3631,0,7.48
https://rodenlaw.com/blog/darien-brunswick-dangerous-roads-i95-us17/,19,3611,0.526,8.99
https://rodenlaw.com/practice-areas/savannah/car-accident-lawyers/bus-accidents/,1,3597,0.028,13.49
https://rodenlaw.com/practice-areas/motorcycle-accident-lawyers/columbia-sc/,0,3595,0,24.09
https://rodenlaw.com/blog/ashley-phosphate-road-i-26-dangerous-intersection-charleston/,22,3591,0.613,9.01
https://rodenlaw.com/blog/highway-road-shoulder-accidents-in-charleston/,3,3548,0.085,12.51
https://rodenlaw.com/practice-areas/savannah/wrongful-death-lawyers/georgia-punitive-damages-lawyer/,17,3544,0.48,19.84
https://rodenlaw.com/motorcycle-accident-lawyers/savannah-ga/,0,3522,0,12.32
https://rodenlaw.com/blog/importance-of-eyewitness-testimony/,4,3488,0.115,14.36
https://rodenlaw.com/blog/summer-driving-safety-tips/,1,3483,0.029,14.64
https://rodenlaw.com/medical-malpractice-lawyers/columbia-sc/,2,3467,0.058,18.24
https://rodenlaw.com/blog/roadway-hazard-auto-accident/,11,3459,0.318,15.46
https://rodenlaw.com/practice-areas/dog-bite-lawyers/dog-on-dog-attack/,36,3454,1.042,11.38
https://rodenlaw.com/blog/why-injury-claims-may-be-delayed/,14,3452,0.406,19.33
https://rodenlaw.com/practice-areas/premises-liability-lawyers/charleston-sc/,1,3430,0.029,16.5
https://rodenlaw.com/electric-scooter-accident-lawyers/escooter-vehicle-collision/,4,3394,0.118,31.5
https://rodenlaw.com/practice-areas/workers-compensation-lawyers/,2,3394,0.059,51.54
https://rodenlaw.com/practice-areas/medical-malpractice-lawyers/anesthesia-error/,1,3385,0.03,28.71
https://rodenlaw.com/practice-areas/macon/product-liability-lawyers/,0,3380,0,11.36
https://rodenlaw.com/blog/tactics-insurers-use-to-deny-crash-claims-charleston/,14,3379,0.414,27.19
https://rodenlaw.com/spinal-cord-injury-lawyers/cauda-equina-syndrome/,3,3367,0.089,21.36
https://rodenlaw.com/practice-areas/dog-bite-lawyers/north-charleston-sc/,0,3355,0,26.11
https://rodenlaw.com/practice-areas/savannah/boating-accident-lawyers/,0,3333,0,29.27
https://rodenlaw.com/practice-areas/atv-side-by-side-accident-lawyers/columbia-sc/,1,3325,0.03,29.41
https://rodenlaw.com/blog/why-car-crashes-happen-close-to-home-charleston/,6,3309,0.181,28.26
https://rodenlaw.com/blog/follow-doctors-orders-after-accident/,12,3287,0.365,8.86
https://rodenlaw.com/blog/liability-for-roundabout-crashes-in-charleston/,8,3280,0.244,22.19
https://rodenlaw.com/?utm_campaign=gmb,3,3242,0.093,9.99
https://rodenlaw.com/blog/legal-help-shoulder-injuries-after-charleston-car-crash/,3,3242,0.093,39.54
https://rodenlaw.com/blog/workers-comp-for-skin-cancer/,25,3200,0.781,31.58
https://rodenlaw.com/blog/charleston-parking-lot-parking-garage-accident/,11,3196,0.344,19.1
https://rodenlaw.com/practice-areas/truck-accident-lawyers/savannah-ga/,1,3193,0.031,6.43
https://rodenlaw.com/practice-areas/macon/car-accident-lawyers/,0,3180,0,44.47
https://rodenlaw.com/slip-and-fall-lawyers/myrtle-beach-sc/,0,3154,0,22.16
https://rodenlaw.com/premises-liability-lawyers/swimming-pool-accident/,1,3151,0.032,24.28
https://rodenlaw.com/practice-areas/burn-injury-lawyers/charleston-sc/,0,3126,0,10.4
https://rodenlaw.com/blog/uturn-crash-liability-in-charleston/#right,1,3113,0.032,6.99
https://rodenlaw.com/testimonials/,37,3106,1.191,9.82
https://rodenlaw.com/blog/how-to-spot-distracted-drivers-ten-signs-savannah-ga/,5,3102,0.161,15.19
https://rodenlaw.com/blog/returning-to-work-too-soon-charleston-crash/,15,3093,0.485,10.66
https://rodenlaw.com/blog/common-workplace-injuries-georgia/,5,3084,0.162,29.22
https://rodenlaw.com/blog/fmcsa-violations-truck-accident-claims/,2,3080,0.065,6.22
https://rodenlaw.com/blog/blog-filing-soft-tissue-injury-claims-in-charleston/,11,3058,0.36,49.3
https://rodenlaw.com/practice-areas/motorcycle-accident-lawyers/myrtle-beach-sc/,0,3056,0,15.7
https://rodenlaw.com/blog/signs-of-concussion-from-car-crash/,1,3020,0.033,36.93
https://rodenlaw.com/blog/atm-attack-liability/,7,3015,0.232,17.22
https://rodenlaw.com/spinal-cord-injury-lawyers/columbia-sc/,0,2997,0,20.23
https://rodenlaw.com/blog/workers-compensation-claim-process-georgia/,2,2986,0.067,41.42
https://rodenlaw.com/blog/free-consultation-with-charleston-personal-injury-lawyer/,1,2984,0.034,17.84
https://rodenlaw.com/es/practice-areas/truck-accident-lawyers/,0,2978,0,24.03
https://rodenlaw.com/truck-accident-lawyers/north-charleston-sc/,0,2961,0,26.09
https://rodenlaw.com/blog/wearing-headphones-while-driving-in-charleston/#wearing,1,2922,0.034,4.81
https://rodenlaw.com/practice-areas/wrongful-death-lawyers/,3,2896,0.104,39.13
https://rodenlaw.com/locations/south-carolina/charleston/downtown-charleston/,14,2874,0.487,21.14
https://rodenlaw.com/product-liability-lawyers/savannah-ga/,0,2862,0,14.78
https://rodenlaw.com/construction-accident-lawyers/savannah-ga/,0,2827,0,9.45
https://rodenlaw.com/practice-areas/nursing-home-abuse-lawyers/columbia-sc/,0,2826,0,17.47
https://rodenlaw.com/blog-calculating-compensation-for-whiplash-injuries/,3,2825,0.106,57.94
https://rodenlaw.com/practice-areas/nursing-home-abuse-lawyers/financial-exploitation-seniors/,28,2818,0.994,9.91
https://rodenlaw.com/blog/charleston-lyft-driver-ran-red-light-and-hit-my-car/,0,2812,0,39.1
https://rodenlaw.com/practice-areas/brunswick/truck-accident-lawyers/,0,2808,0,40.44
https://rodenlaw.com/blog/uturn-crash-liability-in-charleston/#common,0,2807,0,7.04
https://rodenlaw.com/blog/dog-bite-laws-south-carolina-charleston/,26,2803,0.928,21.63
https://rodenlaw.com/practice-areas/charleston/spinal-cord-injury-lawyers/,0,2793,0,18.58
https://rodenlaw.com/blog/can-an-insurance-company-go-against-a-police-report/#short-answer,0,2785,0,7.67
https://rodenlaw.com/brain-injury-lawyers/charleston-sc/,0,2775,0,12.96
https://rodenlaw.com/blog/avoiding-motorcycle-crash-injuries/,3,2753,0.109,22.3
https://rodenlaw.com/car-accident-lawyers/north-charleston-sc/,0,2753,0,33.63
https://rodenlaw.com/class-action-lawyers/defective-products/talcum-powder-lawsuit/,1,2745,0.036,67.68
https://rodenlaw.com/blog/wearing-headphones-while-driving-in-charleston/#penalties,0,2741,0,4.84
https://rodenlaw.com/blog/slip-and-fall-negligence-elements/,4,2740,0.146,37.16
https://rodenlaw.com/blog/18-wheeler-wrecks-on-the-arthur-ravenel-jr-bridge-us-17/,13,2730,0.476,10.31
https://rodenlaw.com/practice-areas/motorcycle-accident-lawyers/north-charleston-sc/,0,2721,0,29.04
https://rodenlaw.com/blog/liability-for-crashes-in-heavy-rainfall/,4,2706,0.148,13.76
https://rodenlaw.com/blog/commercial-truck-accidents-who-is-at-fault/,8,2700,0.296,18.26
https://rodenlaw.com/blog/uturn-crash-liability-in-charleston/#share,0,2691,0,7.02
https://rodenlaw.com/blog/accident-my-fault-can-i-receive-workers-comp/,12,2688,0.446,15.37
https://rodenlaw.com/premises-liability-lawyers/elevator-escalator-accident/,8,2686,0.298,21.85
https://rodenlaw.com/contact-us/?utm_source=GMB&utm_medium=local&utm_campaign=CharlestonSCGMB,3,2672,0.112,11.92
https://rodenlaw.com/albany/medical-malpractice-attorney/,0,2652,0,45.56
https://rodenlaw.com/practice-areas/macon/construction-accident-lawyers/,1,2651,0.038,11.49
https://rodenlaw.com/practice-areas/slip-and-fall-lawyers/columbia-sc/,1,2636,0.038,13.9
https://rodenlaw.com/practice-areas/product-liability-lawyers/columbia-sc/,1,2630,0.038,16.08
https://rodenlaw.com/blog/what-to-do-after-a-hit-and-run-in-downtown-charleston/,18,2625,0.686,14.83
https://rodenlaw.com/es/car-accident-lawyers/north-charleston-sc/,1,2605,0.038,19.75
https://rodenlaw.com/determining-liability-for-crash-at-four-way-stop-sign/,23,2595,0.886,14.76
https://rodenlaw.com/locations/georgia/darien/nahunta/,3,2595,0.116,7.03
https://rodenlaw.com/blog/uturn-crash-liability-in-charleston/#crashes,0,2594,0,7.07
https://rodenlaw.com/blog/road-hazard-car-accident-liability/,10,2584,0.387,30.52
https://rodenlaw.com/practice-areas/car-accident-lawyers/government-vehicle-accident/,7,2576,0.272,9.12
https://rodenlaw.com/blog/savannah-dangerous-highways-i16-i95-abercorn/,24,2570,0.934,8.69
https://rodenlaw.com/blog/can-an-insurance-company-go-against-a-police-report/#police-reports-georgia-sc,0,2564,0,7.8
https://rodenlaw.com/burn-injury-lawyers/columbia-sc/,0,2558,0,11.93
https://rodenlaw.com/locations/georgia/darien/brunswick/,3,2554,0.117,12.39
https://rodenlaw.com/blog/overview-georgia-distracted-driving-laws/,2,2551,0.078,31.44
https://rodenlaw.com/practice-areas/brain-injury-lawyers/north-charleston-sc/,0,2547,0,34.46
https://rodenlaw.com/blog/uturn-crash-liability-in-charleston/#legal,0,2545,0,7.07
https://rodenlaw.com/blog/litchfield-beach-pawleys-island-us-17-car-accident-georgetown-county/,80,2540,3.15,5.76
https://rodenlaw.com/practice-areas/dog-bite-lawyers/savannah-ga/,0,2540,0,20.55
https://rodenlaw.com/practice-areas/e-bike-accident-lawyers/,1,2538,0.039,26.12
https://rodenlaw.com/practice-areas/golf-cart-accident-lawyers/columbia-sc/,0,2538,0,35.32
https://rodenlaw.com/medical-malpractice-lawyers/myrtle-beach-sc/,4,2536,0.158,17.08
https://rodenlaw.com/practice-area/car-accident-lawyer/,3,2514,0.119,37.79
https://rodenlaw.com/blog/wearing-headphones-while-driving-in-charleston/#headphones,0,2493,0,4.94
https://rodenlaw.com/blog/charleston-reckless-driving-crash/,1,2480,0.04,40.56
https://rodenlaw.com/practice-areas/albany/medical-malpractice-attorney/,1,2452,0.041,32.94
https://rodenlaw.com/who-we-are/attorneys/graeham-c-gillin/,133,2447,5.435,14.74
https://rodenlaw.com/blog/can-an-insurance-company-go-against-a-police-report/#what-if-report-wrong,0,2440,0,7.86
https://rodenlaw.com/blog/police-report-as-proof-of-liability/,3,2413,0.124,10.45
https://rodenlaw.com/blog/can-an-insurance-company-go-against-a-police-report/#what-police-report-contains,0,2409,0,7.87
https://rodenlaw.com/blog/workers-comp-medical-coverage/,3,2399,0.125,23.95
https://rodenlaw.com/blog-liability-waivers-and-injury-lawsuits/,14,2398,0.584,20.81
https://rodenlaw.com/blog/can-an-insurance-company-go-against-a-police-report/#police-report-as-evidence,0,2395,0,7.88
https://rodenlaw.com/impaired-driving-caused-by-prescription-medications/,1,2385,0.042,3.24
https://rodenlaw.com/blog/lower-king-street-pedestrian-safety/,18,2381,0.756,9.29
https://rodenlaw.com/blog/folly-road-car-accidents-james-island-charleston/,26,2376,1.094,8.9
https://rodenlaw.com/class-action-lawyers/truvada/,4,2364,0.169,18.37
https://rodenlaw.com/blog/what-to-do-after-a-car-crash-on-savannah-highway/,5,2362,0.212,11.67
https://rodenlaw.com/practice-areas/product-liability-lawyers/savannah-ga/,0,2332,0,12.61
https://rodenlaw.com/blog/wearing-headphones-while-driving-in-charleston/#difference,0,2324,0,4.99
https://rodenlaw.com/blog/child-passenger-automobile-safety-georgia/,3,2319,0.129,14.2
https://rodenlaw.com/blog/paying-medical-bills-during-a-claim/,6,2298,0.261,26.31
https://rodenlaw.com/south-carolina-motorcycle-accident-lawyer/,0,2294,0,19.87
https://rodenlaw.com/nursing-home-abuse-lawyers/nursing-home-neglect/,1,2291,0.044,26.01
https://rodenlaw.com/practice-areas/spinal-cord-injury-lawyers/cauda-equina-syndrome/,3,2286,0.131,25.95
https://rodenlaw.com/blog/blog-georgia-statute-of-limitations/,1,2265,0.044,10.67
https://rodenlaw.com/car-accident-lawyers/myrtle-beach-sc/,0,2264,0,24.79
https://rodenlaw.com/blog/third-party-liability-for-work-injury/,6,2262,0.265,27.87
https://rodenlaw.com/who-we-are/attorneys/kiley-reidy/,50,2261,2.211,32.38
https://rodenlaw.com/blog-what-happens-if-i-resign-while-on-workers-compensation/,16,2245,0.713,22.28
https://rodenlaw.com/blog/lawsuit-for-work-injury/,1,2241,0.045,57.02
https://rodenlaw.com/practice-areas/pedestrian-accident-lawyers/north-charleston-sc/,0,2239,0,17.82
https://rodenlaw.com/pedestrian-accident-lawyers/north-charleston-sc/,0,2235,0,31.4
https://rodenlaw.com/blog/can-witnesses-be-forced-to-testify-in-car-crash-case/,22,2233,0.985,14.99
https://rodenlaw.com/locations/georgia/darien/woodbine/,21,2227,0.943,9.77
https://rodenlaw.com/premises-liability-lawyers/myrtle-beach-sc/,1,2218,0.045,14.34
https://rodenlaw.com/maritime-injury-lawyers/savannah-ga/,1,2204,0.045,24.69
https://rodenlaw.com/golf-cart-accident-lawyers/golf-cart-dui/,0,2201,0,19.78
https://rodenlaw.com/practice-areas/savannah/savannah-car-accident-lawyers/,0,2201,0,77.22
https://rodenlaw.com/wrongful-death-lawyers/myrtle-beach-sc/,0,2192,0,21.73
https://rodenlaw.com/medical-malpractice-lawyers/medication-error/,0,2191,0,57.53
https://rodenlaw.com/locations/south-carolina/columbia/blythewood/,0,2180,0,7.05
https://rodenlaw.com/practice-areas/albany/burn-injury-lawyer/,0,2174,0,35.11
https://rodenlaw.com/practice-area/burn-injury-lawyer/,1,2162,0.046,37.96
https://rodenlaw.com/blog/charlestons-crash-hotspots-to-avoid-in-2025/,17,2142,0.794,8.0
https://rodenlaw.com/construction-accident-lawyers/columbia-sc/,0,2141,0,9.62
https://rodenlaw.com/blog/what-to-do-if-your-workers-compensation-claim-is-denied/,1,2131,0.047,42.51
https://rodenlaw.com/car-accident-lawyers/distracted-driving-accident/,0,2129,0,28.38
https://rodenlaw.com/who-we-are/attorneys/ivy-montano/,82,2106,3.894,20.43
https://rodenlaw.com/practice-areas/atv-side-by-side-accident-lawyers/side-by-side-utv-accident/,4,2102,0.19,10.94
https://rodenlaw.com/electric-scooter-accident-lawyers/escooter-pedestrian-accident/,3,2097,0.143,25.89
https://rodenlaw.com/blog/why-wont-a-personal-lawyer-take-my-case/,6,2090,0.287,10.82
https://rodenlaw.com/blog/personal-injury-lawsuit-steps/,1,2081,0.048,41.26
https://rodenlaw.com/blog/i-26-i-526-truck-accidents-what-to-do-whos-liable/,8,2066,0.387,20.19
https://rodenlaw.com/south-carolina-pedestrian-right-of-way-laws/,12,2050,0.585,7.55
https://rodenlaw.com/your-guide-to-justice-after-a-charleston-truck-accident/,0,2045,0,42.29
https://rodenlaw.com/blog-steps-of-a-burn-injury-case/,2,2036,0.098,27.82
https://rodenlaw.com/blog/liability-for-brake-checking-crashes-charleston/,10,2033,0.492,18.59
https://rodenlaw.com/construction-accident-lawyers/charleston-sc/,0,2031,0,19.29
https://rodenlaw.com/blog/how-to-maximize-your-car-accident-compensation-in-georgia/,15,2025,0.741,11.62
https://rodenlaw.com/golf-cart-accident-lawyers/columbia-sc/,0,2022,0,27.28
https://rodenlaw.com/practice-areas/wrongful-death-lawyers/north-charleston-sc/,0,2014,0,45.39
https://rodenlaw.com/practice-areas/bicycle-accident-lawyers/right-hook-left-cross-collision/,1,1986,0.05,5.42
https://rodenlaw.com/practice-areas/albany/construction-accident-lawyers/,0,1983,0,22.94
https://rodenlaw.com/practice-areas/golf-cart-accident-lawyers/north-charleston-sc/,0,1967,0,18.18
https://rodenlaw.com/blog/brain-injury-claim/,0,1961,0,48.93
https://rodenlaw.com/practice-areas/albany/brain-injury-lawyers/,1,1960,0.051,26.4
https://rodenlaw.com/blog/personal-injury-claim-charleston-berkeley-dorchester-county/,13,1942,0.669,11.52
https://rodenlaw.com/who-we-are/attorneys/joshua-dorminy/,175,1929,9.072,17.22
https://rodenlaw.com/bicycle-accident-lawyers/right-hook-left-cross-collision/,0,1922,0,8.06
https://rodenlaw.com/practice-areas/car-accident-lawyers/,0,1919,0,40.0
https://rodenlaw.com/blog/safe-bike-riding-georgias-roadways/,7,1909,0.367,23.37
https://rodenlaw.com/blog/why-get-black-box-data-after-truck-crash-savannah/,2,1895,0.106,36.55
https://rodenlaw.com/practice-areas/pedestrian-accident-lawyers/charleston-sc/,0,1893,0,14.57
https://rodenlaw.com/mistakes-charleston-slip-and-fall-victims-make/,0,1872,0,45.1
https://rodenlaw.com/blog/why-driving-while-hungover-is-a-dangerous-savannah-crash-risk/,2,1867,0.107,13.66
https://rodenlaw.com/nursing-home-abuse-lawyers/myrtle-beach-sc/,1,1866,0.054,17.18
https://rodenlaw.com/contact-us,0,1862,0,10.57
https://rodenlaw.com/attorney/who-we-are-attorneys-tyler-love/,6,1856,0.323,16.19
https://rodenlaw.com/practice-areas/brunswick/brain-injury-lawyers/,0,1854,0,38.13
https://rodenlaw.com/blog/georgia-law-on-tailgating-accident-liability/,7,1841,0.38,18.22
https://rodenlaw.com/brunswick/personal-injury-lawyer/,0,1837,0,19.86
https://rodenlaw.com/practice-areas/pedestrian-accident-lawyers/myrtle-beach-sc/,0,1836,0,23.09
https://rodenlaw.com/blog/filing-an-emotional-distress-claim-after-a-ravenel-bridge-accident/,10,1831,0.546,13.09
https://rodenlaw.com/blog/steps-to-secure-fair-compensation-after-a-car-accident/,1,1822,0.055,15.99
https://rodenlaw.com/practice-areas/macon/boating-accident-lawyers/,0,1801,0,46.37
https://rodenlaw.com/locations/south-carolina/charleston/?ref=gmb_chs,0,1791,0,1.61
https://rodenlaw.com/blog/what-happens-if-i-resign-while-on-workers-compensation/#short-answer,0,1789,0,7.13
https://rodenlaw.com/blog/what-happens-if-i-resign-while-on-workers-compensation/#ga-rules,0,1787,0,7.13
https://rodenlaw.com/blog/motorcycle-accident-i-95-glynn-county-brunswick-darien/,61,1784,3.419,10.93
https://rodenlaw.com/blog/what-happens-if-i-resign-while-on-workers-compensation/#sc-rules,0,1784,0,7.12
https://rodenlaw.com/locations/south-carolina/myrtle-beach/murrells-inlet/,1,1777,0.056,17.0
https://rodenlaw.com/class-action-lawyers/ozempic-lawsuits/,0,1772,0,15.77
https://rodenlaw.com/blog/turkey-fryer-injury-claims/,11,1763,0.624,14.97
https://rodenlaw.com/class-action-lawyers,0,1763,0,32.59
https://rodenlaw.com/blog/work-zone-car-accident-liability/,6,1756,0.342,36.01
https://rodenlaw.com/attorneys/tyler-love/,100,1744,5.734,8.97
https://rodenlaw.com/practice-areas/electric-scooter-accident-lawyers/escooter-vehicle-collision/,1,1735,0.058,28.98
https://rodenlaw.com/blog/safety-tips-driving-work-zones-georgia/,5,1734,0.288,28.35
https://rodenlaw.com/practice-areas/electric-scooter-accident-lawyers/charleston-sc/,0,1734,0,27.94
https://rodenlaw.com/practice-area/boating-accident-lawyer/,0,1730,0,49.51
https://rodenlaw.com/product-liability-lawyers/dangerous-pharmaceutical-drug/,5,1727,0.29,16.05
https://rodenlaw.com/locations/georgia/darien/st-simons-island/,4,1727,0.232,8.32
https://rodenlaw.com/resources/i-77-truck-accidents-columbia-rock-hill/,2,1727,0.116,7.89
https://rodenlaw.com/blog/a-step-by-step-guide-for-folly-road-car-accidents/,3,1716,0.175,9.54
https://rodenlaw.com/bicycle-accident-lawyers/savannah-ga/,0,1714,0,16.59
https://rodenlaw.com/blog/dangerous-rural-crashes-in-charleston/,8,1713,0.467,24.67
https://rodenlaw.com/resources/i-20-truck-accidents-columbia/,8,1703,0.47,8.87
https://rodenlaw.com/pedestrian-accident-lawyers/backing-up-parking-lot-accident/,6,1701,0.353,10.32
https://rodenlaw.com/practice-areas/truck-accident-lawyers/underride-override-accident/,0,1697,0,13.1
https://rodenlaw.com/practice-areas/albany/dog-bite-lawyers/,1,1696,0.059,11.11
https://rodenlaw.com/resources/dangerous-roads-north-charleston/,18,1694,1.063,6.77
https://rodenlaw.com/blog/drowsy-driving-epidemic-georgia/,11,1690,0.651,16.44
https://rodenlaw.com/blog/military-base-accidents-joint-base-charleston-rights/,12,1679,0.715,9.71
https://rodenlaw.com/blog/blog-the-importance-of-gathering-evidence-after-a-motorcycle-accident/,0,1678,0,6.52
https://rodenlaw.com/resources/south-carolina-workers-comp-body-part-values/,33,1676,1.969,9.9
https://rodenlaw.com/practice-areas/savannah/medical-malpractice-attorneys/misdiagnosis/,0,1673,0,35.46
https://rodenlaw.com/blog/north-charleston-crime-rate-hit-and-run/,10,1659,0.603,8.58
https://rodenlaw.com/blog/teenagers-and-driving-distracted/,0,1657,0,29.31
https://rodenlaw.com/practice-areas/burn-injury-lawyers/columbia-sc/,0,1653,0,14.76
https://rodenlaw.com/blog/legal-options-after-rideshare-crash-in-charleston/,0,1648,0,61.72
https://rodenlaw.com/practice-areas/nursing-home-abuse-lawyers/bedsore-pressure-ulcer/,2,1643,0.122,31.95
https://rodenlaw.com/blog/how-long-personal-injury-case-charleston-sc/,8,1639,0.488,12.92
https://rodenlaw.com/practice-areas/nursing-home-abuse-lawyers/savannah-ga/,2,1631,0.123,15.62
https://rodenlaw.com/boating-accident-lawyers/north-charleston-sc/,0,1625,0,30.51
https://rodenlaw.com/motorcycle-accident-lawyers/north-charleston-sc/,0,1625,0,38.07
https://rodenlaw.com/practice-areas/pedestrian-accident-lawyers/columbia-sc/,2,1607,0.124,20.48
https://rodenlaw.com/es/,0,1604,0,38.64
https://rodenlaw.com/practice-areas/charleston/,2,1601,0.125,7.37
https://rodenlaw.com/blog/workers-compensation-car-accident/,5,1574,0.318,35.77
https://rodenlaw.com/resources/south-carolina-car-accident-settlement-value/,26,1572,1.654,12.64
https://rodenlaw.com/product-liability-lawyers/defective-medical-device/,2,1570,0.127,36.27
https://rodenlaw.com/wrongful-death-lawyers/north-charleston-sc/,0,1561,0,36.7
https://rodenlaw.com/class-action-lawyers/talcum-powder/,6,1559,0.385,15.0
https://rodenlaw.com/blog/stomach-pain-after-a-car-accident-in-charleston/,4,1558,0.257,29.84
https://rodenlaw.com/blog/what-to-do-after-a-bike-crash-on-charlestons-ravenel-bridge/,13,1557,0.835,12.09
https://rodenlaw.com/practice-areas/medical-malpractice-lawyers/darien-ga/,1,1557,0.064,8.39
https://rodenlaw.com/blog/fault-for-car-accident/,6,1548,0.388,32.35
https://rodenlaw.com/practice-areas/brunswick/wrongful-death-lawyers/,1,1546,0.065,23.02
https://rodenlaw.com/locations/georgia/,4,1545,0.259,15.36
https://rodenlaw.com/blog/carriage-tour-accidents-downtown-charleston-liability/,21,1531,1.372,8.79
https://rodenlaw.com/blog/valuing-compensation-for-a-personal-injury/,4,1523,0.263,17.96
https://rodenlaw.com/locations/georgia/darien/kingsland/,2,1521,0.131,11.98
https://rodenlaw.com/practice-areas/maritime-injury-lawyers/tugboat-barge-accident/,1,1519,0.066,17.86
https://rodenlaw.com/practice-area/covid-19-business-insurance-claims-lawyers/,0,1519,0,33.44
https://rodenlaw.com/motorcycle-accident-lawyers/myrtle-beach-sc/,0,1518,0,25.51
https://rodenlaw.com/should-i-worry-if-i-have-stomach-pain-after-a-car-accident-in-charleston/,2,1505,0.133,28.15
https://rodenlaw.com/practice-areas/macon/burn-injury-lawyers/,0,1505,0,31.4
https://rodenlaw.com/blog-independent-medical-exams/,4,1503,0.266,36.67
https://rodenlaw.com/locations/south-carolina/myrtle-beach/little-river/,1,1499,0.067,7.69
https://rodenlaw.com/practice-areas/car-accident-lawyers/myrtle-beach-sc/,0,1497,0,20.43
https://rodenlaw.com/workers-compensation-lawyers/denied-workers-comp-claim/,1,1491,0.067,47.42
https://rodenlaw.com/practice-areas/golf-cart-accident-lawyers/charleston-sc/,0,1489,0,17.35
https://rodenlaw.com/practice-areas/medical-malpractice-lawyers/,9,1486,0.606,53.53
https://rodenlaw.com/spinal-cord-injury-lawyers/tetraplegia-quadriplegia/,0,1486,0,16.01
https://rodenlaw.com/blog/car-accidents-on-coleman-boulevard/,5,1485,0.337,47.06
https://rodenlaw.com/blog/ben-sawyer-boulevard-bridge-accidents-sullivans-island/,11,1482,0.742,7.96
https://rodenlaw.com/es/locations/south-carolina/charleston/,0,1481,0,23.02
https://rodenlaw.com/blog/ashley-phosphate-i-26-south-carolinas-deadliest-intersection/,19,1476,1.287,7.38
https://rodenlaw.com/savannah/spinal-cord-injury-lawyers/,0,1475,0,30.71
https://rodenlaw.com/practice-areas/burn-injury-lawyers/electrical-burn-injury/,1,1473,0.068,23.6
https://rodenlaw.com/blog/aggressive-driving-in-georgia/,11,1465,0.751,12.41
https://rodenlaw.com/practice-areas/premises-liability-lawyers/north-charleston-sc/,3,1446,0.207,38.79
https://rodenlaw.com/blog/blog-what-to-do-if-your-workers-compensation-claim-is-denied/,1,1438,0.07,9.11
https://rodenlaw.com/blog/i-16-port-freight-truck-accident-garden-city-savannah/,24,1435,1.672,7.15
https://rodenlaw.com/practice-areas/workers-compensation-lawyers/north-charleston-sc/,0,1429,0,35.62
https://rodenlaw.com/blog/jones-act-claims-south-carolina-maritime-worker-rights/,8,1428,0.56,11.58
https://rodenlaw.com/brain-injury-lawyers/myrtle-beach-sc/,0,1419,0,20.88
https://rodenlaw.com/practice-areas/wrongful-death-lawyers/drowning-swimming-pool-death/,4,1417,0.282,15.18
https://rodenlaw.com/practice-areas/dog-bite-lawyers/child-dog-bite/,1,1417,0.071,25.56
https://rodenlaw.com/locations/south-carolina/columbia/seven-oaks/,0,1417,0,6.97
https://rodenlaw.com/blog/how-do-i-know-if-i-have-a-medical-malpractice-case/,0,1405,0,35.85
https://rodenlaw.com/blog/can-passengers-be-at-fault-for-a-savannah-crash/,5,1401,0.357,13.91
https://rodenlaw.com/practice-areas/bicycle-accident-lawyers/north-charleston-sc/,0,1401,0,40.74
https://rodenlaw.com/blog/using-uninsured-underinsured-motorist-coverage-in-georgia/#georgia-um-uim-laws,0,1399,0,6.29
https://rodenlaw.com/who-we-are/attorneys/zach-stohr/,69,1398,4.936,20.68
https://rodenlaw.com/blog/punitive-damages-in-drunk-driving-accident/,11,1394,0.789,16.48
https://rodenlaw.com/blog/category/car-accident/,4,1377,0.29,33.4
https://rodenlaw.com/practice-areas/charleston/construction-accident-lawyers/,0,1377,0,18.58
https://rodenlaw.com/car-accident-lawyers/t-bone-accident/,0,1375,0,23.81
https://rodenlaw.com/truck-accident-lawyers/fatigued-trucker-accident/,0,1372,0,26.97
https://rodenlaw.com/protecting-your-rights-after-a-myrtle-beach-car-accident/,1,1371,0.073,40.99
https://rodenlaw.com/practice-areas/motorcycle-accident-lawyers/lane-splitting-accident/,0,1371,0,11.58
https://rodenlaw.com/resources/rideshare-accident-north-charleston/,0,1370,0,9.65
https://rodenlaw.com/blog/is-workers-compensation-an-employee-benefit/#benefit-or-legal-right,0,1365,0,5.38
https://rodenlaw.com/practice-areas/product-liability-lawyers/north-charleston-sc/,0,1362,0,27.54
https://rodenlaw.com/blog/using-uninsured-underinsured-motorist-coverage-in-georgia/#what-is-um-uim,0,1359,0,7.06
https://rodenlaw.com/locations/georgia/darien/waycross/,4,1358,0.295,9.73
https://rodenlaw.com/blog/blog-workers-comp-for-carpal-tunnel-syndrome/,1,1356,0.074,22.33
https://rodenlaw.com/who-we-are/attorneys/jeff-fitzpatrick-jr/,44,1355,3.247,25.05
https://rodenlaw.com/blog/benefits-of-an-accident-reconstruction-expert/,0,1353,0,39.51
https://rodenlaw.com/blog/what-is-the-role-of-a-personal-injury-lawyer-in-a-case/,0,1351,0,35.17
https://rodenlaw.com/practice-areas/car-accident-lawyers/darien-ga/,1,1349,0.074,50.66
https://rodenlaw.com/locations/georgia/savannah/downtown-savannah/,7,1340,0.522,25.66
https://rodenlaw.com/blog/the-most-common-causes-of-truck-accidents/,3,1336,0.225,44.58
https://rodenlaw.com/locations/south-carolina/columbia/columbia/,1,1328,0.075,12.68
https://rodenlaw.com/locations/south-carolina/charleston/west-ashley/ashley-river-road/,4,1326,0.302,10.21
https://rodenlaw.com/blog/us-17-truck-accident-broadfield-glynn-county/,30,1322,2.269,10.78
https://rodenlaw.com/premises-liability-lawyers/inadequate-security/,2,1318,0.152,15.37
https://rodenlaw.com/attorney/who-we-are-attorneys-eric-roden/,11,1312,0.838,8.38
https://rodenlaw.com/practice-areas/product-liability-lawyers/defective-medical-device/,2,1307,0.153,22.53
https://rodenlaw.com/attorneys/joshua-dorminy/,187,1295,14.44,4.34
https://rodenlaw.com/atv-side-by-side-accident-lawyers/child-atv-injury/,4,1294,0.309,18.55
https://rodenlaw.com/practice-areas/savannah/nursing-home-abuse-attorneys/faqs/,0,1289,0,29.55
https://rodenlaw.com/blog/what-happens-if-i-resign-while-on-workers-compensation/#light-duty,0,1284,0,7.51
https://rodenlaw.com/practice-areas/construction-accident-lawyers/savannah-ga/,0,1284,0,13.48
https://rodenlaw.com/blog/what-happens-if-i-resign-while-on-workers-compensation/#medical-benefits,0,1283,0,7.49
https://rodenlaw.com/blog/who-pays-for-damages-from-t-bone-crashes-in-savannah/,2,1282,0.156,41.6
https://rodenlaw.com/boating-accident-lawyers/savannah-ga/,0,1279,0,9.58
https://rodenlaw.com/blog/what-happens-if-i-resign-while-on-workers-compensation/#wage-benefits,0,1268,0,7.5
https://rodenlaw.com/blog/what-happens-if-i-resign-while-on-workers-compensation/#voluntary-vs-constructive,0,1265,0,7.51
https://rodenlaw.com/blog-georgia-super-speeder-law/,0,1264,0,42.98
https://rodenlaw.com/blog/south-carolina-comparative-fault-partially-at-fault/,6,1261,0.476,14.66
https://rodenlaw.com/resources/pedestrian-bicycle-safety-north-charleston/,10,1254,0.797,8.42
https://rodenlaw.com/blog/i-77-truck-accident-northeast-columbia-richland-county/,15,1252,1.198,8.38
https://rodenlaw.com/blog/am-i-eligible-for-workers-compensation/,0,1235,0,26.44
https://rodenlaw.com/resources/us-52-truck-train-accidents-goose-creek/,23,1234,1.864,8.06
https://rodenlaw.com/practice-area/maritime-lawyer/,0,1220,0,75.63
https://rodenlaw.com/blog/jet-ski-personal-watercraft-accidents-charleston/,6,1218,0.493,8.13
https://rodenlaw.com/locations/georgia/darien/folkston/,6,1218,0.493,14.27
https://rodenlaw.com/blog/impaired-driving-caused-by-prescription-medications/#illegal,0,1217,0,9.34
https://rodenlaw.com/blog/impaired-driving-caused-by-prescription-medications/#lead,0,1217,0,9.34
https://rodenlaw.com/product-liability-lawyers/myrtle-beach-sc/,0,1214,0,25.21
https://rodenlaw.com/blog/amazon-fedex-delivery-crashes/,6,1209,0.496,9.3
https://rodenlaw.com/blog/your-step-by-step-guide-after-a-car-accident-in-columbia-sc/,4,1198,0.334,13.96
https://rodenlaw.com/blog/us-17-i-95-darien-wrongful-death-mcintosh-county/,21,1195,1.757,9.36
https://rodenlaw.com/car-accident-lawyers/rideshare-uber-accident/,0,1194,0,43.07
https://rodenlaw.com/columbia-dangerous-intersections-roads/,7,1191,0.588,7.67
https://rodenlaw.com/blog/nursing-home-liability/,0,1187,0,23.96
https://rodenlaw.com/blog/nursing-home-abuse-warning-signs/,1,1186,0.084,55.17
https://rodenlaw.com/truck-accident-lawyers/overloaded-improperly-loaded-cargo/,1,1186,0.084,20.21
https://rodenlaw.com/blog/is-workers-compensation-an-employee-benefit/#ga-sc-requirements,0,1184,0,5.5
https://rodenlaw.com/practice-areas/maritime-injury-lawyers/offshore-platform-injury/,1,1172,0.085,11.53
https://rodenlaw.com/blog/value-of-pain-and-suffering/#how-pain-and-suffering-calculated,0,1171,0,7.47
https://rodenlaw.com/blog/how-do-i-know-if-i-have-a-personal-injury-case/,1,1170,0.085,38.24
https://rodenlaw.com/blog/determining-fault-in-a-charleston-golf-cart-accident/,4,1169,0.342,16.92
https://rodenlaw.com/atv-side-by-side-accident-lawyers/side-by-side-utv-accident/,1,1165,0.086,13.33
https://rodenlaw.com/practice-areas/construction-accident-lawyers/myrtle-beach-sc/,0,1163,0,16.29
https://rodenlaw.com/practice-areas/brain-injury-lawyers/anoxic-hypoxic-brain-injury/,0,1162,0,16.31
https://rodenlaw.com/practice-areas/construction-accident-lawyers/falling-object-injury/,0,1159,0,18.14
https://rodenlaw.com/workers-compensation-lawyers/repetitive-stress-injury/,5,1158,0.432,52.2
https://rodenlaw.com/truck-accident-lawyers/jackknife-accident/,1,1157,0.086,25.74
https://rodenlaw.com/practice-areas/golf-cart-accident-lawyers/,0,1151,0,36.72
https://rodenlaw.com/blog/when-to-consider-settling-a-claim/,2,1150,0.174,14.09
https://rodenlaw.com/blog/car-accidents-on-coleman-boulevard-in-mount-pleasant/,10,1149,0.87,24.24
https://rodenlaw.com/blog/a-guide-to-car-wrecks-on-aviation-avenue-near-charleston-airport/,6,1148,0.523,23.85
https://rodenlaw.com/blog/how-pain-and-suffering-is-calculated-after-an-accident-in-south-carolina/,5,1140,0.439,12.12
https://rodenlaw.com/golf-cart-accident-lawyers/golf-cart-vehicle-collision/,3,1137,0.264,13.12
https://rodenlaw.com/who-we-are/attorneys/leah-crane/,9,1135,0.793,21.91
https://rodenlaw.com/blog/emergency-room-errors-charleston-misdiagnosis-malpractice/,5,1131,0.442,11.84
https://rodenlaw.com/locations/south-carolina/myrtle-beach/conway/,1,1129,0.089,11.66
https://rodenlaw.com/construction-accident-lawyers/scaffold-ladder-fall/,1,1126,0.089,24.06
https://rodenlaw.com/practice-areas/construction-accident-lawyers/trench-collapse/,0,1125,0,11.96
https://rodenlaw.com/es/truck-accident-lawyers/charleston-sc/,0,1122,0,22.89
https://rodenlaw.com/locations/south-carolina/charleston/west-ashley/,5,1119,0.447,7.87
https://rodenlaw.com/blog/charleston-historic-sidewalk-slip-fall-city-liable/,10,1118,0.894,7.88
https://rodenlaw.com/blog/sapelo-island-ferry-dock-collapse-causing-fatality-and-serious-injuries/,4,1109,0.361,15.51
https://rodenlaw.com/blog/are-red-light-runners-always-liable-if-they-crash/#proving-red-light-violation,0,1103,0,8.03
https://rodenlaw.com/medical-malpractice-lawyers/emergency-room-negligence/,1,1089,0.092,25.8
https://rodenlaw.com/dog-bite-lawyers/loose-unleashed-dog-attack/,6,1083,0.554,11.0
https://rodenlaw.com/practice-areas/electric-scooter-accident-lawyers/ride-share-scooter-accident/,0,1079,0,22.07
https://rodenlaw.com/blog/are-red-light-runners-always-liable-if-they-crash/#how-fault-determined,0,1073,0,8.07
https://rodenlaw.com/practice-areas/nursing-home-abuse-lawyers/north-charleston-sc/,0,1072,0,44.63
https://rodenlaw.com/practice-areas/spinal-cord-injury-lawyers/savannah-ga/,0,1060,0,10.66
https://rodenlaw.com/attorneys/graeham-c-gillin/,78,1059,7.365,12.31
https://rodenlaw.com/blog/value-of-pain-and-suffering/#factors-that-affect-value,0,1056,0,7.35
https://rodenlaw.com/premises-liability-lawyers/parking-lot-garage-accident/,1,1048,0.095,19.91
https://rodenlaw.com/resources/bush-river-road-i-26-truck-accidents-columbia/,7,1040,0.673,9.04
https://rodenlaw.com/practice-areas/wrongful-death-lawyers/medical-malpractice-death/,0,1040,0,32.58
https://rodenlaw.com/south-carolina-truck-accident-lawyers/,0,1040,0,55.95
https://rodenlaw.com/construction-accident-lawyers/electrocution-construction-site/,2,1039,0.192,12.78
https://rodenlaw.com/practice-areas/electric-scooter-accident-lawyers/,0,1038,0,43.04
https://rodenlaw.com/product-liability-lawyers/north-charleston-sc/,0,1037,0,27.24
https://rodenlaw.com/practice-areas/construction-accident-lawyers/north-charleston-sc/,0,1034,0,32.9
https://rodenlaw.com/practice-areas/electric-scooter-accident-lawyers/scooter-malfunction-defect/,2,1027,0.195,15.75
https://rodenlaw.com/class-action-lawyers/onglyza/,0,1027,0,12.92
https://rodenlaw.com/resources/what-to-do-after-car-accident-north-charleston/,0,1021,0,16.36
https://rodenlaw.com/practice-areas/brunswick/boating-accident-lawyers/,1,1020,0.098,51.96
https://rodenlaw.com/practice-areas/spinal-cord-injury-lawyers/north-charleston-sc/,0,1019,0,29.16
https://rodenlaw.com/practice-areas/savannah/product-liability-lawyers/faq/,1,1018,0.098,17.23
https://rodenlaw.com/personal-injury-lawyers/columbia-sc/,0,1018,0,42.21
https://rodenlaw.com/blog/steps-after-dog-bite/,0,999,0,27.31
https://rodenlaw.com/practice-areas/construction-accident-lawyers/electrocution-construction-site/,0,993,0,4.93
https://rodenlaw.com/blog/liability-in-head-on-collisions-savannah-ga/,1,992,0.101,32.01
https://rodenlaw.com/class-action-lawyers/camp-lejeune-lawsuits/,0,992,0,15.58
https://rodenlaw.com/construction-accident-lawyers/falling-object-injury/,0,990,0,15.72
https://rodenlaw.com/practice-areas/truck-accident-lawyers/cement-truck-accident/,0,990,0,19.52
https://rodenlaw.com/blog/dui-accidents/,0,989,0,29.7
https://rodenlaw.com/practice-areas/burn-injury-lawyers/savannah-ga/,0,988,0,15.72
https://rodenlaw.com/dog-bite-lawyers/landlord-liability-dog-attack/,9,984,0.915,8.82
https://rodenlaw.com/blog-value-of-pain-and-suffering/,3,980,0.306,38.94
https://rodenlaw.com/burn-injury-lawyers/charleston-sc/,1,975,0.103,12.27
https://rodenlaw.com/resources/two-notch-road-truck-accidents-columbia/,6,972,0.617,9.21
https://rodenlaw.com/blog-driving-tips-around-trucks/,0,963,0,10.41
https://rodenlaw.com/maritime-injury-lawyers/maintenance-and-cure/,0,963,0,11.71
https://rodenlaw.com/blog/rollover-crashes-and-what-they-do-to-your-body/#who-is-liable,0,961,0,7.0
https://rodenlaw.com/blog/understanding-eye-injuries-after-a-savannah-car-accident/,1,960,0.104,11.74
https://rodenlaw.com/south-carolina-car-accident-lawyers/,0,958,0,34.33
https://rodenlaw.com/blog/maybank-highway-car-accidents-johns-island/,8,956,0.837,9.37
https://rodenlaw.com/resources/georgia-statute-of-limitations/,1,956,0.105,12.53
https://rodenlaw.com/blog/how-is-pain-and-suffering-calculated-after-an-accident/,1,955,0.105,14.01
https://rodenlaw.com/locations/georgia/darien/hoboken/,1,948,0.105,9.37
https://rodenlaw.com/south-carolina-wrongful-death-lawyer/,0,947,0,55.82
https://rodenlaw.com/blog/what-are-the-benefits-of-workers-compensation-claims/,5,944,0.53,28.0
https://rodenlaw.com/workers-compensation-lawyers/north-charleston-sc/,0,943,0,26.73
https://rodenlaw.com/blog/appealing-a-denied-workers-compensation-claim/,0,941,0,29.75
https://rodenlaw.com/blog/getting-the-full-compensation-you-deserve-after-a-car-accident/,0,940,0,11.61
https://rodenlaw.com/practice-areas/product-liability-lawyers/dangerous-pharmaceutical-drug/,3,929,0.323,21.23
https://rodenlaw.com/practice-areas/bicycle-accident-lawyers/intersection-bicycle-accident/,1,924,0.108,10.25
https://rodenlaw.com/practice-areas/electric-scooter-accident-lawyers/north-charleston-sc/,0,922,0,23.41
https://rodenlaw.com/blog/rollover-crashes-and-what-they-do-to-your-body/#common-injuries,0,921,0,6.77
https://rodenlaw.com/golf-cart-accident-lawyers/charleston-sc/,0,919,0,29.93
https://rodenlaw.com/es/locations/south-carolina/myrtle-beach/,0,918,0,11.89
https://rodenlaw.com/blog/hipaa-violation-lawyer/,18,916,1.965,17.79
https://rodenlaw.com/practice-areas/golf-cart-accident-lawyers/golf-cart-dui/,2,913,0.219,20.98
https://rodenlaw.com/resources/how-much-does-south-carolina-workers-comp-pay/,1,912,0.11,10.83
https://rodenlaw.com/blog/rollover-crashes-and-what-they-do-to-your-body/#how-rollovers-happen,0,911,0,6.84
https://rodenlaw.com/es/locations/south-carolina/columbia/,3,909,0.33,27.48
https://rodenlaw.com/blog/using-uninsured-underinsured-motorist-coverage-in-georgia/#when-um-uim-applies,0,908,0,6.64
https://rodenlaw.com/blunt-force-trauma-from-a-crash-what-you-need-to-know/,0,908,0,10.84
https://rodenlaw.com/blog/calculating-compensation-for-whiplash-injuries/#types-of-compensation,0,907,0,8.28
https://rodenlaw.com/locations/georgia/darien/dock-junction/,0,906,0,9.53
https://rodenlaw.com/blog/charleston-rideshare-brake-failure-accident/,2,902,0.222,40.4
https://rodenlaw.com/es/car-accident-lawyers/myrtle-beach-sc/,0,898,0,13.96
https://rodenlaw.com/blog/choosing-your-personal-injury-lawyer/,0,895,0,23.65
https://rodenlaw.com/medical-malpractice-lawyers/darien-ga/,0,894,0,13.52
https://rodenlaw.com/blog-maximum-medical-improvement-in-an-injury-claim/,12,890,1.348,23.41
https://rodenlaw.com/blog/risk-of-refusing-medical-care-after-car-crash-charleston/,4,890,0.449,14.98
https://rodenlaw.com/burn-injury-lawyers/savannah-ga/,0,888,0,20.06
https://rodenlaw.com/medical-malpractice-lawyers/north-charleston-sc/,0,885,0,44.67
https://rodenlaw.com/blog-recovering-damages-with-pre-existing-injuries/,3,881,0.341,25.93
https://rodenlaw.com/practice-areas/burn-injury-lawyers/scalding-hot-liquid-burn/,3,881,0.341,10.73
https://rodenlaw.com/boating-accident-lawyers/myrtle-beach-sc/,0,877,0,30.12
https://rodenlaw.com/blog-truck-accident-liability/,0,876,0,56.62
https://rodenlaw.com/dog-bite-lawyers/north-charleston-sc/,0,872,0,46.42
https://rodenlaw.com/blog/i-526-mount-pleasant-wando-bridge-accident/,6,870,0.69,8.19
https://rodenlaw.com/practice-areas/slip-and-fall-lawyers/myrtle-beach-sc/,0,868,0,16.89
https://rodenlaw.com/dog-bite-lawyers/child-dog-bite/,1,865,0.116,26.72
https://rodenlaw.com/blog/sunset-boulevard-us-378-lexington-medical-center-accident/,14,862,1.624,7.27
https://rodenlaw.com/nursing-home-abuse-lawyers/medication-error-nursing-home/,1,862,0.116,18.79
https://rodenlaw.com/es/truck-accident-lawyers/columbia-sc/,0,856,0,21.57
https://rodenlaw.com/blog/negligence-vs-gross-negligence/#what-is-negligence,1,854,0.117,5.5
https://rodenlaw.com/blog/safest-hospitals-georgia/,13,850,1.529,20.09
https://rodenlaw.com/rollover-crashes-and-what-they-do-to-your-body/,1,837,0.119,27.7
https://rodenlaw.com/staff/zoe-link/,26,835,3.114,6.45
https://rodenlaw.com/practice-areas/maritime-injury-lawyers/cruise-ship-injury/,2,835,0.24,15.4
https://rodenlaw.com/spinal-cord-injury-lawyers/savannah-ga/,0,831,0,12.73
https://rodenlaw.com/blog/port-of-charleston-injury-claims-longshoremen-dock-workers/,0,830,0,11.99
https://rodenlaw.com/truck-accident-lawyers/underride-override-accident/,0,828,0,23.67
https://rodenlaw.com/blog/hipaa-violation-lawsuit-worth/,17,821,2.071,8.42
https://rodenlaw.com/blog/benefits-of-an-accident-reconstructionist/,1,821,0.122,16.09
https://rodenlaw.com/blog/rollover-crashes-and-what-they-do-to-your-body/#damages-you-can-recover,0,821,0,6.99
https://rodenlaw.com/blog/rollover-crashes-and-what-they-do-to-your-body/#what-is-rollover-crash,0,821,0,7.22
https://rodenlaw.com/truck-accident-lawyers/brake-failure-accident/,0,821,0,16.98
https://rodenlaw.com/locations/south-carolina/columbia/hopkins/,0,819,0,7.85
https://rodenlaw.com/staff/stephanie-aguirre/,17,815,2.086,12.14
https://rodenlaw.com/blog/how-to-maximize-your-car-accident-compensation-in-south-carolina/,0,814,0,17.06
https://rodenlaw.com/practice-areas/savannah/,1,806,0.124,17.63
https://rodenlaw.com/maritime-injury-lawyers/myrtle-beach-sc/,2,803,0.249,39.69
https://rodenlaw.com/locations/south-carolina/myrtle-beach/conway/historic-district/,0,800,0,9.56
https://rodenlaw.com/blog/negligence-vs-gross-negligence/#four-elements,0,796,0,5.64
https://rodenlaw.com/blog/truck-accident-liability/,0,796,0,60.98
https://rodenlaw.com/es/truck-accident-lawyers/north-charleston-sc/,0,796,0,13.91
https://rodenlaw.com/practice-areas/albany/motorcycle-accident-lawyers/,0,793,0,21.73
https://rodenlaw.com/blog/calculating-compensation-for-whiplash-injuries/#how-damages-calculated,0,792,0,8.68
https://rodenlaw.com/practice-category/e-bike-accidents/,0,787,0,51.59
https://rodenlaw.com/product-liability-lawyers/defective-industrial-equipment/,3,786,0.382,33.11
https://rodenlaw.com/class-action-lawyers/paraquat-lawsuit/,2,785,0.255,14.03
https://rodenlaw.com/bicycle-accident-lawyers/north-charleston-sc/,0,785,0,55.78
https://rodenlaw.com/practice-areas/brain-injury-lawyers/second-impact-syndrome/,2,783,0.255,12.86
https://rodenlaw.com/savannah/dog-bite-lawyers/,0,783,0,45.79
https://rodenlaw.com/slip-and-fall-lawyers/north-charleston-sc/,0,780,0,46.1
https://rodenlaw.com/golf-cart-accident-lawyers/golf-course-cart-accident/,3,779,0.385,33.48
https://rodenlaw.com/locations/south-carolina/columbia/elgin/,2,779,0.257,24.21
https://rodenlaw.com/boating-accident-lawyers/dock-marina-injury/,3,778,0.386,15.94
https://rodenlaw.com/burn-injury-lawyers/explosion-gas-line-burn/,1,778,0.129,25.42
https://rodenlaw.com/maritime-injury-lawyers/commercial-fishing-injury/,0,778,0,21.19
https://rodenlaw.com/locations/south-carolina/columbia/west-columbia/,1,773,0.129,10.08
https://rodenlaw.com/practice-area/construction-accident-lawyers/,0,772,0,49.83
https://rodenlaw.com/practice-areas/wrongful-death-lawyers/nursing-home-wrongful-death/,1,771,0.13,28.33
https://rodenlaw.com/practice-areas/medical-malpractice-lawyers/informed-consent-failure/,1,770,0.13,9.65
https://rodenlaw.com/practice-areas/slip-and-fall-lawyers/north-charleston-sc/,1,770,0.13,37.33
https://rodenlaw.com/blog/tips-for-choosing-a-motor-vehicle-accident-attorney/,0,760,0,15.14
https://rodenlaw.com/blog/calculating-compensation-for-whiplash-injuries/#what-is-whiplash,0,759,0,8.82
https://rodenlaw.com/blog/,3,757,0.396,26.04
https://rodenlaw.com/blog/rollover-crashes-and-what-they-do-to-your-body/#what-happens-to-your-body,0,757,0,7.07
https://rodenlaw.com/blog/liability-for-charleston-underride-truck-crashes/,0,755,0,35.2
https://rodenlaw.com/blog/rollover-crashes-and-what-they-do-to-your-body/#comparative-fault,0,752,0,7.09
https://rodenlaw.com/es/practice-areas/car-accident-lawyers/,0,750,0,22.36
https://rodenlaw.com/blog/a-pedestrians-guide-to-proving-negligence-in-charleston-parking-lots/,3,749,0.401,18.94
https://rodenlaw.com/locations/georgia/darien/jesup/,1,749,0.134,10.39
https://rodenlaw.com/pedestrian-accident-lawyers/darien-ga/,0,744,0,45.37
https://rodenlaw.com/locations/south-carolina/myrtle-beach/north-myrtle-beach/,0,741,0,16.92
https://rodenlaw.com/resources/georgia-car-accident-settlement-value/,11,739,1.488,10.06
https://rodenlaw.com/blog-negligence-vs-gross-negligence/,3,739,0.406,12.29
https://rodenlaw.com/blog/negligence-vs-gross-negligence/#negligence-vs-gross,0,735,0,5.55
https://rodenlaw.com/blog/car-totaled-in-accident-what-to-do/,0,731,0,21.3
https://rodenlaw.com/practice-areas/nursing-home-abuse-lawyers/sexual-abuse-elderly/,1,730,0.137,18.32
https://rodenlaw.com/resources/georgetown-county-us-17-truck-accidents/,8,728,1.099,8.77
https://rodenlaw.com/blog/car-accidents-ladson-i-26-exit-203-danger-zone/,3,725,0.414,8.25
https://rodenlaw.com/maritime-injury-lawyers/cruise-ship-injury/,2,723,0.277,16.03
https://rodenlaw.com/practice-area/brain-injury-lawyer/,0,721,0,57.37
https://rodenlaw.com/practice-areas/maritime-injury-lawyers/columbia-sc/,0,719,0,42.73
https://rodenlaw.com/blog/brunswick-i-95-truck-accident-lawyer/,0,717,0,14.67
https://rodenlaw.com/practice-areas/burn-injury-lawyers/explosion-gas-line-burn/,0,717,0,20.71
https://rodenlaw.com/blog/are-red-light-runners-always-liable-if-they-crash/#are-red-light-runners-always-at-fault,0,716,0,7.91
https://rodenlaw.com/resources/south-carolina-um-uim-stacking/,21,715,2.937,6.91
https://rodenlaw.com/florence-sc-workers-compensation-lawyer/,1,714,0.14,13.67
https://rodenlaw.com/medical-malpractice-lawyers/anesthesia-error/,0,714,0,72.77
https://rodenlaw.com/locations/south-carolina/charleston/mount-pleasant/,3,713,0.421,19.28
https://rodenlaw.com/es/construction-accident-lawyers/myrtle-beach-sc/,0,713,0,12.2
https://rodenlaw.com/locations/georgia/darien/kings-bay/,1,712,0.14,8.16
https://rodenlaw.com/motorcycle-accident-lawyers/lane-splitting-accident/,0,712,0,12.89
https://rodenlaw.com/locations/south-carolina/north-charleston/goose-creek/liberty-hall-plantation/,9,706,1.275,12.79
https://rodenlaw.com/truck-accident-lawyer-2/,0,706,0,39.98
https://rodenlaw.com/staff/marina-baldwin/,12,700,1.714,30.22
https://rodenlaw.com/es/practice-areas/bicycle-accident-lawyers/,0,698,0,30.87
https://rodenlaw.com/practice-areas/brain-injury-lawyers/myrtle-beach-sc/,0,698,0,15.8
https://rodenlaw.com/burn-injury-lawyers/north-charleston-sc/,0,695,0,55.21
https://rodenlaw.com/locations/south-carolina/charleston/james-island/,1,693,0.144,12.16
https://rodenlaw.com/blog/steps-to-take-if-you-are-involved-in-a-bicycle-hit-and-run/,1,692,0.145,11.49
https://rodenlaw.com/practice-areas/savannah/nursing-home-abuse-attorneys/resident-bill-of-rights/,0,689,0,34.77
https://rodenlaw.com/blog/second-opinion-for-charleston-car-crash-injuries/,1,688,0.145,25.94
https://rodenlaw.com/blog/calculating-pain-and-suffering-after-a-charleston-pedestrian-accident/,2,687,0.291,25.68
https://rodenlaw.com/practice-areas/construction-accident-lawyers/defective-construction-equipment/,2,686,0.292,13.89
https://rodenlaw.com/blog/the-importance-of-gathering-evidence-after-a-motorcycle-accident/,2,684,0.292,10.6
https://rodenlaw.com/blog/value-of-pain-and-suffering/#types-of-pain-and-suffering,0,682,0,7.75
https://rodenlaw.com/locations/south-carolina/north-charleston/moncks-corner/,0,682,0,15.98
https://rodenlaw.com/locations/south-carolina/charleston/downtown-charleston/king-street-district/,10,681,1.468,10.61
https://rodenlaw.com/resources/logging-truck-accidents-us-17-mcintosh-glynn/,3,681,0.441,9.56
https://rodenlaw.com/blog/a-drivers-guide-to-wildlife-accidents-near-charleston/,2,679,0.295,9.7
https://rodenlaw.com/car-accident-lawyers/bus-accident/,1,679,0.147,16.72
https://rodenlaw.com/blog/pedestrian-safety-park-circle-north-charleston/,3,673,0.446,8.12
https://rodenlaw.com/practice-areas/premises-liability-lawyers/amusement-park-recreational-injury/,1,671,0.149,13.85
https://rodenlaw.com/blog/are-red-light-runners-always-liable-if-they-crash/#red-light-cameras,0,671,0,8.04
https://rodenlaw.com/locations/south-carolina/columbia/forest-acres/,3,667,0.45,9.05
https://rodenlaw.com/locations/south-carolina/columbia/irmo/,0,667,0,13.27
https://rodenlaw.com/premises-liability-lawyers/retail-store-shopping-center-injury/,1,662,0.151,30.05
https://rodenlaw.com/locations/south-carolina/columbia/batesburg-leesville/,1,661,0.151,24.56
https://rodenlaw.com/practice-areas/medical-malpractice-lawyers/medication-error/,1,661,0.151,18.34
https://rodenlaw.com/blog/georgia-worker-injury-statistics-prevention/,3,659,0.455,21.24
https://rodenlaw.com/blog/are-red-light-runners-always-liable-if-they-crash/#traffic-signal-laws,0,659,0,8.11
https://rodenlaw.com/blog/rifle-range-road-mount-pleasant-car-accident-heritage-park-west/,6,658,0.912,9.4
https://rodenlaw.com/construction-accident-lawyers/highway-construction-zone/,1,658,0.152,22.43
https://rodenlaw.com/es/practice-areas/motorcycle-accident-lawyers/,0,658,0,21.56
https://rodenlaw.com/blog-claims-against-at-fault-drivers-who-died/,9,653,1.378,15.6
https://rodenlaw.com/es/truck-accident-lawyers/myrtle-beach-sc/,0,652,0,12.58
https://rodenlaw.com/blog/value-of-pain-and-suffering/#what-is-pain-and-suffering,0,650,0,7.46
https://rodenlaw.com/blog/are-red-light-runners-always-liable-if-they-crash/#comparative-fault-rules,0,648,0,8.15
https://rodenlaw.com/blog/are-red-light-runners-always-liable-if-they-crash/#when-victim-shares-fault,0,647,0,8.15
https://rodenlaw.com/blog/blog-the-role-of-vocational-rehabilitation-in-workers-compensation-cases/,4,645,0.62,8.18
https://rodenlaw.com/blog/boating-accidents-charleston-harbor-legal-rights/,2,644,0.311,21.02
https://rodenlaw.com/golf-cart-accident-lawyers/myrtle-beach-sc/,1,644,0.155,13.99
https://rodenlaw.com/practice-areas/maritime-injury-lawyers/longshore-harbor-worker/,2,643,0.311,29.21
https://rodenlaw.com/blog/category/scooter-accident/,0,643,0,29.72
https://rodenlaw.com/darien-brunswick-dangerous-roads-i95-us17/,7,642,1.09,8.26
https://rodenlaw.com/locations/south-carolina/myrtle-beach/surfside-beach/,2,641,0.312,11.72
https://rodenlaw.com/blog/your-guide-to-documenting-a-james-island-parkway-car-accident/,0,637,0,17.7
https://rodenlaw.com/nursing-home-abuse-lawyers/assisted-living-abuse/,5,635,0.787,13.13
https://rodenlaw.com/blog/protect-child-dog-bite-injury/,3,635,0.472,16.84
https://rodenlaw.com/blog/value-of-pain-and-suffering/#caps-georgia-south-carolina,0,635,0,7.63
https://rodenlaw.com/practice-area/truck-accident-lawyer/,0,630,0,52.69
https://rodenlaw.com/medical-malpractice-lawyers/birth-injury/,4,629,0.636,32.86
https://rodenlaw.com/boating-accident-lawyers/jet-ski-personal-watercraft/,0,627,0,31.98
https://rodenlaw.com/blog/negligence-vs-gross-negligence/#what-is-gross-negligence,0,626,0,5.11
https://rodenlaw.com/practice-areas/slip-and-fall-lawyers/grocery-store-slip-and-fall/,1,624,0.16,15.4
https://rodenlaw.com/locations/south-carolina/myrtle-beach/murrells-inlet/marshwalk/,0,622,0,12.65
https://rodenlaw.com/wrongful-death-lawyers/drowning-swimming-pool-death/,1,621,0.161,24.07
https://rodenlaw.com/practice-areas/spinal-cord-injury-lawyers/myrtle-beach-sc/,0,615,0,14.24
https://rodenlaw.com/practice-areas/boating-accident-lawyers/boating-under-influence/,0,614,0,17.43
https://rodenlaw.com/golf-cart-accident-lawyers/golf-cart-passenger-ejection/,4,613,0.653,17.98
https://rodenlaw.com/blog/savannah-highway-truck-accidents-west-ashley-us-17/,3,613,0.489,7.94
https://rodenlaw.com/practice-areas/burn-injury-lawyers/vehicle-fire-burn/,1,613,0.163,12.39
https://rodenlaw.com/locations/south-carolina/charleston/west-ashley/grand-oaks-plantation/,6,610,0.984,11.3
https://rodenlaw.com/nursing-home-abuse-lawyers/north-charleston-sc/,0,609,0,48.71
https://rodenlaw.com/car-accident-lawyers/dorchester-road-accident/,3,608,0.493,14.25
https://rodenlaw.com/locations/georgia/darien/alma/,1,608,0.164,9.5
https://rodenlaw.com/resources/broad-river-road-truck-accidents-columbia/,6,607,0.988,11.23
https://rodenlaw.com/blog/proving-pain-and-suffering-after-an-ashley-river-road-accident/,0,607,0,10.73
https://rodenlaw.com/blog-truck-accident-injuries/,0,605,0,38.0
https://rodenlaw.com/blog-after-boat-accident-guide/,3,602,0.498,21.76
https://rodenlaw.com/practice-areas/electric-scooter-accident-lawyers/columbia-sc/,0,602,0,50.51
https://rodenlaw.com/locations/georgia/savannah/midtown-savannah/,0,601,0,26.42
https://rodenlaw.com/resources/highway-22-truck-accidents-conway-bypass/,3,599,0.501,10.47
https://rodenlaw.com/blog/nursing-home-abuse-charleston-signs-families/,1,599,0.167,10.91
https://rodenlaw.com/blog/motorcycle-accidents-dorchester-road-data/,11,598,1.839,7.86
https://rodenlaw.com/blog-the-most-common-causes-of-truck-accidents/,0,594,0,64.52
https://rodenlaw.com/practice-areas/burn-injury-lawyers/house-apartment-fire-burn/,4,593,0.675,11.65
https://rodenlaw.com/locations/georgia/savannah/westside-savannah/,0,593,0,16.0
https://rodenlaw.com/atv-side-by-side-accident-lawyers/atv-rollover-accident/,1,592,0.169,6.71
https://rodenlaw.com/car-accident-lawyers/government-vehicle-accident/,4,590,0.678,10.83
https://rodenlaw.com/blog/protecting-child-burn-injuries-home/,1,590,0.169,15.34
https://rodenlaw.com/locations/south-carolina/columbia/lugoff/,1,587,0.17,8.27
https://rodenlaw.com/resources/dean-forest-road-truck-accidents-pooler/,7,586,1.195,7.1
https://rodenlaw.com/locations/georgia/savannah/port-wentworth/,1,586,0.171,9.75
https://rodenlaw.com/blog/using-uninsured-underinsured-motorist-coverage-in-georgia/#south-carolina-um-uim-laws,0,586,0,6.17
https://rodenlaw.com/pedestrian-accident-lawyers/distracted-driver-pedestrian-accident/,0,585,0,30.07
https://rodenlaw.com/attorneys/nolan-alexander/,6,582,1.031,8.62
https://rodenlaw.com/blog/independent-medical-exams/#what-is-an-ime,0,581,0,3.12
https://rodenlaw.com/car-accident-lawyers/uber-lyft-accident/,0,579,0,31.22
https://rodenlaw.com/locations/georgia/savannah/bloomingdale/,0,578,0,18.25
https://rodenlaw.com/practice-areas/golf-cart-accident-lawyers/myrtle-beach-sc/,0,576,0,34.33
https://rodenlaw.com/blog/daniel-island-i-526-wando-bridge-truck-accident-berkeley-county/,3,574,0.523,6.84
https://rodenlaw.com/free-consultation-with-charleston-personal-injury-lawyer/,0,573,0,21.76
https://rodenlaw.com/locations/georgia/savannah/statesboro/,1,571,0.175,11.14
https://rodenlaw.com/liability-for-charleston-underride-truck-crashes/,0,570,0,35.22
https://rodenlaw.com/locations/georgia/darien/darien/,1,567,0.176,10.11
https://rodenlaw.com/brunswick/practice-areas/,3,566,0.53,52.41
https://rodenlaw.com/practice-areas/burn-injury-lawyers/workplace-burn-injury/,0,566,0,36.57
https://rodenlaw.com/practice-areas/brunswick/burn-injury-lawyers/,2,565,0.354,32.71
https://rodenlaw.com/construction-accident-lawyers/defective-construction-equipment/,0,565,0,9.48
https://rodenlaw.com/practice-area/psychiatric-malpracticesavannah-psychiatric-malpractice-lawyers/,0,565,0,39.56
https://rodenlaw.com/practice-areas/wrongful-death-lawyers/fatal-car-accident/,2,564,0.355,25.09
https://rodenlaw.com/locations/south-carolina/charleston/west-ashley/citadel-mall-area/,1,564,0.177,13.6
https://rodenlaw.com/blog/charleston-delivery-truck-pedestrian-cyclist-accidents/,1,562,0.178,24.08
https://rodenlaw.com/blog/value-of-pain-and-suffering/#comparative-fault,0,562,0,7.78
https://rodenlaw.com/blog-georgia-car-seat-law-overview/,0,561,0,25.59
https://rodenlaw.com/blog/pedestrian-accident-dorchester-road-school-zone-29418-north-charleston/,8,559,1.431,7.29
https://rodenlaw.com/class-actions/,0,555,0,3.79
https://rodenlaw.com/locations/south-carolina/columbia/lexington/,0,555,0,16.82
https://rodenlaw.com/practice-areas/maritime-injury-lawyers/myrtle-beach-sc/,0,552,0,33.47
https://rodenlaw.com/uturn-crash-liability-in-charleston/,1,551,0.181,33.87
https://rodenlaw.com/practice-areas/motorcycle-accident-lawyers/drunk-driver-motorcycle-accident/,0,551,0,11.52
https://rodenlaw.com/blog-are-accident-lawyers-worth-it/,0,550,0,73.2
https://rodenlaw.com/resources/carolina-crossroads-construction-zone-truck-accidents/,2,544,0.368,7.55
https://rodenlaw.com/blog/golf-cart-accidents-charleston-island-resort-communities/,1,544,0.184,10.7
https://rodenlaw.com/locations/georgia/savannah/effingham-county/,0,544,0,11.51
https://rodenlaw.com/practice-areas/maritime-injury-lawyers/unseaworthiness-claim/,2,541,0.37,9.42
https://rodenlaw.com/workers-compensation-lawyers/third-party-workplace-injury/,2,541,0.37,11.34
https://rodenlaw.com/practice-areas/truck-accident-lawyers/jackknife-accident/,0,541,0,26.5
https://rodenlaw.com/locations/south-carolina/charleston/sullivans-island/,0,540,0,12.15
https://rodenlaw.com/blog/independent-medical-exams/#are-ime-doctors-independent,0,538,0,3.14
https://rodenlaw.com/blog/liability-and-causes-for-backing-up-crashes-in-charleston/,2,537,0.372,15.78
https://rodenlaw.com/medical-malpractice-lawyers/surgical-error/,1,537,0.186,65.48
https://rodenlaw.com/practice-areas/golf-cart-accident-lawyers/golf-cart-passenger-ejection/,1,537,0.186,19.11
https://rodenlaw.com/spinal-cord-injury-lawyers/paraplegia/,1,537,0.186,30.26
https://rodenlaw.com/practice-areas/pedestrian-accident-lawyers/hit-and-run-pedestrian-accident/,3,536,0.56,21.58
https://rodenlaw.com/blog/broad-river-road-pedestrian-accident-lawyer-harbison-columbia/,0,536,0,31.01
https://rodenlaw.com/locations/south-carolina/myrtle-beach/georgetown/,1,535,0.187,13.52
https://rodenlaw.com/es/pedestrian-accident-lawyers/charleston-sc/,0,535,0,22.56
https://rodenlaw.com/blog/hearing-loss-after-charleston-car-accident/#car,0,534,0,10.47
https://rodenlaw.com/blog/proving-negligence-personal-injury/,0,533,0,21.43
https://rodenlaw.com/car-crash-crush-injuries-in-charleston/,1,532,0.188,24.66
https://rodenlaw.com/practice-areas/albany/car-accident-lawyers/,1,531,0.188,52.81
https://rodenlaw.com/practice-areas/maritime-injury-lawyers/charleston-sc/,1,531,0.188,40.11
https://rodenlaw.com/locations/south-carolina/charleston/johns-island/,0,530,0,13.74
https://rodenlaw.com/blog/construction-worker-injuries-charleston-sc-rights/,0,527,0,13.87
https://rodenlaw.com/blog-continuing-post-accident-medical-treatment/,1,525,0.19,26.26
https://rodenlaw.com/practice-areas/wrongful-death-lawyers/workplace-fatality/,1,525,0.19,35.73
https://rodenlaw.com/blog/workers-compensation-benefit-types/,0,525,0,41.65
https://rodenlaw.com/locations/south-carolina/columbia/st-andrews/,0,525,0,11.89
https://rodenlaw.com/locations/south-carolina/charleston/mount-pleasant/sullivans-island/,2,524,0.382,17.67
https://rodenlaw.com/bicycle-accident-lawyers/darien-ga/,1,524,0.191,37.33
https://rodenlaw.com/electric-scooter-accident-lawyers/escooter-intersection-crash/,1,524,0.191,29.69
https://rodenlaw.com/es/car-accident-lawyers/columbia-sc/,0,522,0,30.03
https://rodenlaw.com/class-action-lawyers/uloric/,1,519,0.193,12.88
https://rodenlaw.com/privacy-policy/,0,518,0,16.64
https://rodenlaw.com/practice-areas/medical-malpractice-lawyers/emergency-room-negligence/,1,516,0.194,33.0
https://rodenlaw.com/resources/pooler-warehouse-district-truck-accidents/,3,515,0.583,8.06
https://rodenlaw.com/testimonial/ricky-h/,2,515,0.388,11.84
https://rodenlaw.com/blog-qualifications-for-car-accident-witnesses/,0,515,0,23.29
https://rodenlaw.com/resources/north-charleston-truck-accident-guide/,2,514,0.389,11.5
https://rodenlaw.com/locations/georgia/darien/ludowici/,0,514,0,9.59
https://rodenlaw.com/blog/steps-after-truck-accident/,1,512,0.195,30.86
https://rodenlaw.com/blog/compensation-for-car-crash-facial-injuries-charleston/,0,512,0,31.79
https://rodenlaw.com/blog/boeing-north-charleston-workplace-injuries-workers-comp/,1,511,0.196,15.69
https://rodenlaw.com/premises-liability-lawyers/amusement-park-recreational-injury/,2,510,0.392,10.35
https://rodenlaw.com/atv-side-by-side-accident-lawyers/columbia-sc/,0,508,0,52.81
https://rodenlaw.com/blog/rivers-avenue-pedestrian-deaths-north-charleston/,5,507,0.986,11.01
https://rodenlaw.com/practice-areas/electric-scooter-accident-lawyers/escooter-pedestrian-accident/,4,507,0.789,13.68
https://rodenlaw.com/blog-can-someone-sue-me-for-a-car-accident/,1,507,0.197,12.63
https://rodenlaw.com/locations/georgia/savannah/rincon/town-center/,2,506,0.395,12.67
https://rodenlaw.com/boating-accident-lawyers/pontoon-boat-accident/,5,505,0.99,15.43
https://rodenlaw.com/why-get-black-box-data-after-truck-crash-savannah/,0,505,0,41.39
https://rodenlaw.com/who-we-are/attorneys/nolan-alexander/,10,503,1.988,18.61
https://rodenlaw.com/locations/georgia/darien/townsend/,0,502,0,12.73
https://rodenlaw.com/practice-areas/electric-scooter-accident-lawyers/myrtle-beach-sc/,1,501,0.2,33.63
https://rodenlaw.com/practice-areas/albany/nursing-home-abuse-lawyers/,1,499,0.2,32.57
https://rodenlaw.com/practice-areas/macon/brain-injury-lawyers/,0,497,0,8.94
https://rodenlaw.com/blog/daniel-island-accidents-event-traffic-golf-carts/,1,496,0.202,15.41
https://rodenlaw.com/blog/north-rhett-avenue-truck-accident-hanahan-berkeley-county/,9,495,1.818,7.88
https://rodenlaw.com/practice-areas/car-accident-lawyers/t-bone-accident/,0,494,0,23.14
https://rodenlaw.com/practice-areas/maritime-injury-lawyers/maintenance-and-cure/,3,491,0.611,10.37
https://rodenlaw.com/blog/west-ashley-vs-downtown-charleston-driving-risks/,1,491,0.204,11.57
https://rodenlaw.com/locations/south-carolina/columbia/cayce/,1,491,0.204,9.25
https://rodenlaw.com/blog/average-personal-injury-settlement-amounts/#factors-higher,0,489,0,7.33
https://rodenlaw.com/practice-areas/brain-injury-lawyers/savannah-ga/,0,489,0,12.05
https://rodenlaw.com/dog-bite-lawyers/dangerous-breed-attack/,1,488,0.205,23.71
https://rodenlaw.com/blog/average-personal-injury-settlement-amounts/#settlement-ranges-by-case-type,0,488,0,7.33
https://rodenlaw.com/blog/hearing-loss-after-charleston-car-accident/#type,0,488,0,10.45
https://rodenlaw.com/practice-areas/truck-accident-lawyers/overloaded-improperly-loaded-cargo/,0,487,0,9.01
https://rodenlaw.com/blog/benefits-for-workplace-violence/#what-counts,0,484,0,4.58
https://rodenlaw.com/blog/benefits-for-workplace-violence/#work-connection,0,484,0,4.62
https://rodenlaw.com/practice-areas/nursing-home-abuse-lawyers/wrongful-death-nursing-home/,1,483,0.207,32.15
https://rodenlaw.com/practice-areas/product-liability-lawyers/defective-consumer-product/,1,480,0.208,11.0
https://rodenlaw.com/practice-areas/brain-injury-lawyers/birth-related-brain-injury/,0,480,0,16.73
https://rodenlaw.com/resources/bay-street-truck-accidents-savannah-historic-district/,19,479,3.967,7.31
https://rodenlaw.com/electric-scooter-accident-lawyers/charleston-sc/,0,479,0,23.1
https://rodenlaw.com/practice-areas/nursing-home-abuse-lawyers/medication-error-nursing-home/,1,478,0.209,15.67
https://rodenlaw.com/slip-and-fall-lawyers/restaurant-slip-and-fall/,1,477,0.21,16.64
https://rodenlaw.com/practice-areas/workers-compensation-lawyers/occupational-disease/,0,477,0,35.21
https://rodenlaw.com/blog/5-benefits-of-hiring-a-truck-accident-attorney-in-2023/,0,476,0,10.46
https://rodenlaw.com/practice-areas/medical-malpractice-lawyers/hospital-acquired-infection/,1,475,0.211,54.01
https://rodenlaw.com/practice-area-location/savannah/savannah-wrongful-death/,0,475,0,57.32
https://rodenlaw.com/attorneys/ivy-s-montano/,49,474,10.338,8.33
https://rodenlaw.com/blog/charleston-tourist-injuries-premises-liability-hotels-restaurants/,0,474,0,12.03
https://rodenlaw.com/blog/why-should-i-hire-an-accident-lawyer-after-an-accident/,1,473,0.211,46.5
https://rodenlaw.com/locations/south-carolina/charleston/downtown-charleston/the-crosstown/,2,470,0.426,11.5
https://rodenlaw.com/golf-cart-accident-lawyers/golf-cart-pedestrian-accident/,0,470,0,19.94
https://rodenlaw.com/truck-accident-lawyers/hazardous-materials-accident/,0,469,0,13.52
https://rodenlaw.com/blog/can-you-sue-hospital-negligence/,0,468,0,26.6
https://rodenlaw.com/practice-areas/brunswick/dog-bite-lawyers/,0,468,0,30.37
https://rodenlaw.com/practice-areas/medical-malpractice-lawyers/north-charleston-sc/,0,467,0,44.87
https://rodenlaw.com/workers-compensation-lawyers/fatal-workplace-accident/,0,466,0,34.9
https://rodenlaw.com/practice-areas/golf-cart-accident-lawyers/golf-cart-vehicle-collision/,2,465,0.43,19.29
https://rodenlaw.com/blog/pedestrian-safety-georgia/,1,462,0.216,17.44
https://rodenlaw.com/blog/mediation-for-a-personal-injury-claim/,0,462,0,39.96
https://rodenlaw.com/blog/what-are-the-benefits-of-hiring-a-workers-compensation-lawyer/,0,461,0,20.89
https://rodenlaw.com/locations/south-carolina/myrtle-beach/georgetown/historic-district/,0,461,0,10.25
https://rodenlaw.com/blog/calculating-compensation-for-whiplash-injuries/#whiplash-grading,0,460,0,8.71
https://rodenlaw.com/locations/south-carolina/north-charleston/ladson/,1,458,0.218,13.55
https://rodenlaw.com/blog/drunk-driver-crash-south-kings-highway-us-17-business-surfside-beach-29575/,20,456,4.386,7.17
https://rodenlaw.com/blog/i-was-in-a-car-accident-should-i-pursue-a-personal-injury-claim/,4,456,0.877,12.61
https://rodenlaw.com/locations/south-carolina/french-quarter/,1,455,0.22,31.25
https://rodenlaw.com/south-carolina-workers-compensation-lawyer/,0,453,0,70.85
https://rodenlaw.com/brain-injury-lawyers/darien-ga/,0,452,0,38.45
https://rodenlaw.com/blog/benefits-for-workplace-violence/#sc-rules,0,451,0,4.71
https://rodenlaw.com/locations/south-carolina/columbia/oak-grove/,0,451,0,12.26
https://rodenlaw.com/nerve-damage-after-charleston-car-crash/,2,450,0.444,46.93
https://rodenlaw.com/blog/when-does-workers-compensation-stop-paying/,3,449,0.668,39.75
https://rodenlaw.com/locations/georgia/darien/blackshear/,1,447,0.224,10.77
https://rodenlaw.com/locations/south-carolina/charleston/downtown-charleston/south-of-broad/,1,445,0.225,12.96
https://rodenlaw.com/blog/hearing-loss-after-charleston-car-accident/#proving,0,445,0,10.67
https://rodenlaw.com/practice-areas/golf-cart-accident-lawyers/golf-course-cart-accident/,7,444,1.577,15.21
https://rodenlaw.com/locations/south-carolina/north-charleston/park-circle/,1,443,0.226,17.09
https://rodenlaw.com/electric-scooter-accident-lawyers/darien-ga/,0,443,0,26.25
https://rodenlaw.com/maritime-injury-lawyers/jones-act-seaman-claim/,0,443,0,25.86
https://rodenlaw.com/practice-areas/premises-liability-lawyers/savannah-ga/,0,443,0,11.87
https://rodenlaw.com/spinal-cord-injury-lawyers/herniated-ruptured-disc/,0,443,0,17.08
https://rodenlaw.com/blog/average-personal-injury-settlement-amounts/#no-average-settlement,0,442,0,7.22
https://rodenlaw.com/practice-areas/brunswick/spinal-cord-injury-lawyers/,0,442,0,11.49
https://rodenlaw.com/blog/average-personal-injury-settlement-amounts/#georgia-law,0,441,0,7.23
https://rodenlaw.com/practice-areas/truck-accident-lawyers/hazardous-materials-accident/,0,441,0,7.34
https://rodenlaw.com/blog/average-personal-injury-settlement-amounts/#factors-lower,0,440,0,7.22
https://rodenlaw.com/blog/average-personal-injury-settlement-amounts/#never-compare,0,440,0,7.22
https://rodenlaw.com/blog/average-personal-injury-settlement-amounts/#south-carolina-law,0,440,0,7.22
https://rodenlaw.com/construction-accident-lawyers/myrtle-beach-sc/,0,439,0,17.65
https://rodenlaw.com/electric-scooter-accident-lawyers/north-charleston-sc/,0,439,0,51.15
https://rodenlaw.com/blog/charleston-car-crash-doctor-talk/,1,438,0.228,26.22
https://rodenlaw.com/practice-areas/electric-scooter-accident-lawyers/road-hazard-escooter-crash/,0,438,0,13.28
https://rodenlaw.com/practice-areas/bicycle-accident-lawyers/drunk-driver-bicycle-accident/,2,437,0.458,12.86
https://rodenlaw.com/blog/is-workers-compensation-an-employee-benefit/#what-is-workers-comp,0,437,0,5.76
https://rodenlaw.com/practice-areas/slip-and-fall-lawyers/,1,436,0.229,30.7
https://rodenlaw.com/blog/accident-claims-with-an-expired-license/#insurance-company-tactics,0,436,0,8.82
https://rodenlaw.com/locations/south-carolina/myrtle-beach/loris/,0,436,0,9.15
https://rodenlaw.com/#pll_switcher,0,435,0,4.24
https://rodenlaw.com/practice-areas/workers-compensation-lawyers/fatal-workplace-accident/,0,435,0,38.37
https://rodenlaw.com/testimonial/rebecca-harris/,10,434,2.304,13.26
https://rodenlaw.com/spinal-cord-injury-lawyers/spinal-cord-injury-car-accident/,1,434,0.23,17.98
https://rodenlaw.com/class-action-lawyers/roundup/,0,434,0,13.88
https://rodenlaw.com/car-accident-lawyers/commercial-vehicle-accident/,1,433,0.231,20.94
https://rodenlaw.com/locations/georgia/darien/eulonia/,0,431,0,12.72
https://rodenlaw.com/blog/start-personal-injury-claim-from-home/,0,430,0,10.2
https://rodenlaw.com/practice-areas/construction-accident-lawyers/crane-heavy-equipment-accident/,0,428,0,20.37
https://rodenlaw.com/class-action-lawyers/ivc-filter/,1,427,0.234,30.76
https://rodenlaw.com/practice-areas/pedestrian-accident-lawyers/drunk-driver-pedestrian-accident/,0,426,0,14.73
https://rodenlaw.com/resources/south-carolina-workers-comp-impairment-rating-mmi/,4,423,0.946,11.28
https://rodenlaw.com/blog/independent-medical-exams/#ime-rules-georgia,0,423,0,3.21
https://rodenlaw.com/staff/maddie-dowling/,14,419,3.341,9.45
https://rodenlaw.com/blog/category/truck-accident/,1,419,0.239,45.54
https://rodenlaw.com/blog/king-calhoun-intersection-car-collisions/,2,418,0.478,26.26
https://rodenlaw.com/practice-areas/albany/boating-accident-lawyers/,0,418,0,44.53
https://rodenlaw.com/product-liability-lawyers/defective-home-appliance/,3,417,0.719,13.15
https://rodenlaw.com/blog/dog-bite-surfside-beach-29575/,0,416,0,13.06
https://rodenlaw.com/blog/hit-and-run-drunk-driver-crashes-ashley-river-road-sc-61-west-ashley-greenwood-park/,12,415,2.892,7.13
https://rodenlaw.com/blog/claims-against-at-fault-drivers-who-died/#can-you-still-file,0,414,0,4.01
https://rodenlaw.com/blog/pedestrian-accidents-musc-charleston-medical-district/,5,413,1.211,11.51
https://rodenlaw.com/resources/i-95-truck-accidents-savannah-brunswick/,5,413,1.211,9.74
https://rodenlaw.com/blog/calculating-compensation-for-whiplash-injuries/#comparative-fault,0,411,0,8.8
https://rodenlaw.com/practice-area/nursing-home-abuse-attorneys/,0,411,0,51.96
https://rodenlaw.com/premises-liability-lawyers/apartment-complex-injury/,0,410,0,13.51
https://rodenlaw.com/blog/calculating-compensation-for-whiplash-injuries/#statute-of-limitations,0,409,0,8.81
https://rodenlaw.com/slip-and-fall-lawyers/parking-lot-fall/,0,409,0,11.34
https://rodenlaw.com/practice-areas/nursing-home-abuse-lawyers/myrtle-beach-sc/,0,407,0,13.82
https://rodenlaw.com/practice-areas/spinal-cord-injury-lawyers/herniated-ruptured-disc/,0,405,0,19.25
https://rodenlaw.com/who-is-at-fault-in-a-charleston-merge-accident/,4,404,0.99,15.61
https://rodenlaw.com/maritime-injury-lawyers/offshore-platform-injury/,0,403,0,18.62
https://rodenlaw.com/practice-areas/golf-cart-accident-lawyers/golf-cart-rollover/,0,403,0,18.53
https://rodenlaw.com/blog/does-worker-compensation-cover-employee-negligence/#short-answer,0,402,0,5.93
https://rodenlaw.com/brain-injury-lawyers/severe-traumatic-brain-injury/,0,402,0,41.39
https://rodenlaw.com/category/bicycle-accident/,0,402,0,60.86
https://rodenlaw.com/blog/accident-claims-with-an-expired-license/#expired-vs-suspended,0,399,0,8.81
https://rodenlaw.com/florence-sc-car-accident-lawyer/,0,399,0,33.41
https://rodenlaw.com/practice-areas/service-areas/,2,397,0.504,8.8
https://rodenlaw.com/overloaded-semi-trucks-accidents-on-charleston-highways/,1,397,0.252,23.52
https://rodenlaw.com/practice-areas/construction-accident-lawyers/highway-road-construction-accident/,1,397,0.252,13.62
https://rodenlaw.com/practice-areas/dog-bite-lawyers/severe-dog-bite-injury/,0,397,0,31.06
https://rodenlaw.com/practice-areas/product-liability-lawyers/myrtle-beach-sc/,0,397,0,18.88
https://rodenlaw.com/blog/using-uninsured-underinsured-motorist-coverage-in-georgia/#um-vs-uim,0,395,0,7.12
https://rodenlaw.com/class-action-lawyers/invokana/,0,393,0,25.61
https://rodenlaw.com/workers-compensation-lawyers/factory-manufacturing-injury/,0,393,0,22.63
https://rodenlaw.com/resources/port-of-savannah-truck-routes/,7,392,1.786,7.9
https://rodenlaw.com/practice-areas/spinal-cord-injury-lawyers/tetraplegia-quadriplegia/,0,392,0,11.26
https://rodenlaw.com/practice-areas/electric-scooter-accident-lawyers/escooter-intersection-crash/,1,391,0.256,15.42
https://rodenlaw.com/resources/jimmy-deloach-connector-truck-accidents-savannah/,1,389,0.257,9.13
https://rodenlaw.com/resources/south-carolina-slip-and-fall-settlement-value/,11,388,2.835,6.78
https://rodenlaw.com/blog/personal-injury-lawsuit-vs-insurance-claim/,0,387,0,16.39
https://rodenlaw.com/practice-area/motorcycle-accident-lawyers/,0,385,0,53.56
https://rodenlaw.com/blog/savannah-ppi-attorney/,0,384,0,34.41
https://rodenlaw.com/practice-areas/burn-injury-lawyers/myrtle-beach-sc/,0,383,0,32.79
https://rodenlaw.com/blog/blog-5-benefits-of-hiring-a-truck-accident-attorney-in-2023/,0,382,0,9.35
https://rodenlaw.com/practice-areas/pedestrian-accident-lawyers/school-zone-pedestrian-accident/,1,381,0.262,9.7
https://rodenlaw.com/es/locations/georgia/savannah/,0,381,0,10.08
https://rodenlaw.com/blog/atlantic-coastal-highway-us-17-rideshare-uber-lyft-crash-savannah-intermodal-transit-center/,1,380,0.263,9.65
https://rodenlaw.com/wearing-headphones-while-driving-in-charleston/,3,379,0.792,16.8
https://rodenlaw.com/locations/south-carolina/charleston/west-ashley/byrnes-downs/,1,377,0.265,20.66
https://rodenlaw.com/blog/rideshare-accident-i-26-tenmile-north-charleston/,1,376,0.266,9.49
https://rodenlaw.com/blog/avoiding-bicycle-accidents/,0,375,0,47.15
https://rodenlaw.com/practice-areas/premises-liability-lawyers/inadequate-security/,0,373,0,11.13
https://rodenlaw.com/blog/when-is-the-right-time-to-hire-a-personal-injury-lawyer/,1,370,0.27,8.82
https://rodenlaw.com/locations/georgia/savannah/rincon/,0,369,0,15.53
https://rodenlaw.com/staff/megan-socha/,13,368,3.533,8.96
https://rodenlaw.com/resources/spruill-avenue-port-trucks-north-charleston/,3,368,0.815,7.9
https://rodenlaw.com/practice-areas/workers-compensation-lawyers/port-worker-injury/,0,368,0,33.08
https://rodenlaw.com/resources/south-carolina-statute-of-limitations/,2,367,0.545,17.09
https://rodenlaw.com/practice-areas/brunswick/construction-accident-lawyers/,0,367,0,45.26
https://rodenlaw.com/locations/south-carolina/north-charleston/summerville/,3,364,0.824,26.03
https://rodenlaw.com/resources/mount-pleasant-truck-accidents-wando-welch/,0,363,0,8.9
https://rodenlaw.com/practice-areas/car-accident-lawyers/uber-lyft-accident/,0,362,0,29.31
https://rodenlaw.com/blog-truck-accident-reconstruction/,0,361,0,21.96
https://rodenlaw.com/blog/does-workers-compensation-cover-prescriptions/#ga-rules,0,361,0,5.71
https://rodenlaw.com/blog/how-long-can-someone-sue-you-after-a-car-accident/,0,361,0,38.77
https://rodenlaw.com/blog-liability-for-epilepsy-related-car-accidents/,5,360,1.389,17.22
https://rodenlaw.com/charleston-parking-lot-car-accident-liability/,1,360,0.278,30.62
https://rodenlaw.com/pedestrian-accident-lawyers/jogger-runner-accident/,0,360,0,12.83
https://rodenlaw.com/locations/south-carolina/north-charleston/summerville/historic-district/,4,358,1.117,25.12
https://rodenlaw.com/locations/georgia/darien/jekyll-island/,2,355,0.563,12.46
https://rodenlaw.com/locations/georgia/savannah/guyton/,0,355,0,12.18
https://rodenlaw.com/practice-areas/slip-and-fall-lawyers/hotel-resort-injury/,1,354,0.282,14.46
https://rodenlaw.com/greenville-sc-workers-compensation-lawyer/,0,354,0,30.96
https://rodenlaw.com/practice-areas/truck-accident-lawyers/brake-failure-accident/,0,354,0,18.79
https://rodenlaw.com/savannah-ppi-attorney/,0,353,0,14.61
https://rodenlaw.com/practice-areas/pedestrian-accident-lawyers/crosswalk-accident/,0,352,0,16.38
https://rodenlaw.com/practice-areas/slip-and-fall-lawyers/restaurant-slip-and-fall/,1,350,0.286,10.84
https://rodenlaw.com/locations/georgia/savannah/richmond-hill/city-center/,0,350,0,12.12
https://rodenlaw.com/practice-areas/nursing-home-abuse-lawyers/physical-abuse-nursing-home/,1,349,0.287,19.17
https://rodenlaw.com/construction-accident-lawyers/roofing-accident/,0,349,0,30.47
https://rodenlaw.com/wrongful-death-lawyers/workplace-fatality/,0,349,0,38.51
https://rodenlaw.com/burn-injury-lawyers/vehicle-fire-burn/,2,347,0.576,13.37
https://rodenlaw.com/practice-areas/slip-and-fall-lawyers/stairway-escalator-fall/,1,346,0.289,16.14
https://rodenlaw.com/resources/abercorn-street-truck-accidents-savannah/,2,345,0.58,7.94
https://rodenlaw.com/blog/your-guide-to-rideshare-accidents-in-downtown-charleston/,0,345,0,34.85
https://rodenlaw.com/blog/steps-after-slip-and-fall-injury/,1,344,0.291,48.84
https://rodenlaw.com/atv-side-by-side-accident-lawyers/savannah-ga/,0,344,0,19.12
https://rodenlaw.com/blog/accident-claims-with-an-expired-license/#georgia-expired-license,0,344,0,8.81
https://rodenlaw.com/motorcycle-accident-lawyers/intersection-motorcycle-accident/,0,342,0,17.86
https://rodenlaw.com/blog/why-are-highway-road-shoulder-accidents-in-charleston-dangerous/,1,341,0.293,21.38
https://rodenlaw.com/car-accident-lawyers/i-526-accident/,1,341,0.293,13.79
https://rodenlaw.com/practice-areas/car-accident-lawyers/delivery-vehicle-accident/,0,341,0,36.45
https://rodenlaw.com/blog-free-consultation-with-charleston-personal-injury-lawyer/,0,340,0,35.69
https://rodenlaw.com/blog/i-526-expansion-construction-zone-accidents-charleston/,3,339,0.885,14.09
https://rodenlaw.com/resources/summerville-truck-accidents-i-26-corridor/,1,339,0.295,8.89
https://rodenlaw.com/resources/port-access-road-truck-accidents-leatherman-terminal/,3,338,0.888,7.56
https://rodenlaw.com/slip-and-fall-lawyers/grocery-store-slip-and-fall/,1,338,0.296,27.72
https://rodenlaw.com/blog/what-to-do-after-a-truck-accident-on-i-526-in-charleston/,0,336,0,20.38
https://rodenlaw.com/blog/accidents-near-musc-and-calhoun-street/,7,334,2.096,13.86
https://rodenlaw.com/blog/car-crash-crush-injuries-in-charleston/,1,333,0.3,20.59
https://rodenlaw.com/practice-areas/golf-cart-accident-lawyers/savannah-ga/,0,333,0,40.07
https://rodenlaw.com/blog/resolving-claims-through-arbitration/#arbitration-georgia,0,331,0,8.28
https://rodenlaw.com/practice-areas/brunswick/slip-and-fall-lawyer/,0,331,0,21.03
https://rodenlaw.com/practice-areas/savannah/nursing-home-abuse-lawyers/,0,331,0,23.49
https://rodenlaw.com/boating-accident-lawyers/boating-under-influence/,1,330,0.303,22.78
https://rodenlaw.com/locations/georgia/savannah/skidaway-island/,1,329,0.304,15.88
https://rodenlaw.com/practice-areas/product-liability-lawyers/defective-childrens-product/,0,329,0,20.46
https://rodenlaw.com/practice-areas/savannah/coronavirus-business-claims/,0,329,0,58.07
https://rodenlaw.com/spinal-cord-injury-lawyers/north-charleston-sc/,0,329,0,46.3
https://rodenlaw.com/blog/seeking-justice-after-a-fatigued-trucker-accident-on-i-26/,0,328,0,13.02
https://rodenlaw.com/es/practice-areas/construction-accident-lawyers/,0,328,0,19.94
https://rodenlaw.com/brain-injury-lawyers/sports-related-brain-injury/,1,327,0.306,19.83
https://rodenlaw.com/locations/georgia/savannah/richmond-hill/,0,327,0,12.99
https://rodenlaw.com/practice-areas/product-liability-lawyers/food-contamination/,2,325,0.615,8.62
https://rodenlaw.com/truck-accident-lawyers/darien-ga/,0,325,0,17.37
https://rodenlaw.com/resources/south-carolina-truck-accident-settlement-value/,7,323,2.167,11.44
https://rodenlaw.com/blog/using-uninsured-underinsured-motorist-coverage-in-georgia/#why-you-need-it,0,323,0,8.29
https://rodenlaw.com/locations/south-carolina/charleston/hollywood/,0,323,0,20.98
https://rodenlaw.com/blog/credit-one-stadium-event-day-crashes-daniel-island-beekman-street/,3,322,0.932,8.48
https://rodenlaw.com/blog/is-workers-compensation-an-employee-benefit/#what-benefits-are-available,1,322,0.311,5.79
https://rodenlaw.com/dog-bite-lawyers/dog-attack-jogger-cyclist/,1,322,0.311,7.38
https://rodenlaw.com/staff/logan-sudholz/,41,321,12.773,11.5
https://rodenlaw.com/burn-injury-lawyers/electrical-burn-injury/,1,321,0.312,21.07
https://rodenlaw.com/locations/georgia/savannah/hinesville/,1,320,0.312,11.49
https://rodenlaw.com/blog/options-for-denied-injury-claims/#common-reasons-denied,0,320,0,8.74
https://rodenlaw.com/product-liability-lawyers/defective-consumer-product/,0,320,0,17.39
https://rodenlaw.com/locations/south-carolina/columbia/red-bank/,1,319,0.313,9.37
https://rodenlaw.com/blog/options-for-denied-injury-claims/#file-lawsuit,0,319,0,8.69
https://rodenlaw.com/blog/using-uninsured-underinsured-motorist-coverage-in-georgia/#stacking-coverage,0,319,0,6.75
https://rodenlaw.com/slip-and-fall-lawyers/workplace-slip-and-fall/,0,319,0,28.73
https://rodenlaw.com/blog/claims-against-at-fault-drivers-who-died/#statute-of-limitations,0,317,0,4.23
https://rodenlaw.com/practice-areas/premises-liability-lawyers/restaurant-hotel-injury/,0,316,0,9.48
https://rodenlaw.com/practice-areas/slip-and-fall-lawyers/wet-floor-accident/,0,315,0,9.49
https://rodenlaw.com/resources/lexington-county-truck-accidents-distribution-corridor/,0,315,0,11.55
https://rodenlaw.com/practice-areas/atv-side-by-side-accident-lawyers/atv-rollover-accident/,1,314,0.318,9.04
https://rodenlaw.com/blog/does-worker-compensation-cover-employee-negligence/#examples,0,313,0,5.9
https://rodenlaw.com/pedestrian-accident-lawyers/intersection-pedestrian-accident/,0,313,0,17.94
https://rodenlaw.com/resources/ashley-phosphate-i-26-truck-accidents/,1,312,0.321,8.79
https://rodenlaw.com/es/practice-areas/workers-compensation-lawyers/,0,312,0,39.84
https://rodenlaw.com/locations/south-carolina/charleston/west-ashley/south-windermere/,0,312,0,16.87
https://rodenlaw.com/blog/accident-claims-with-an-expired-license/#south-carolina-expired-license,0,311,0,8.87
https://rodenlaw.com/blog/medical-malpractice-limits-south-carolina/#types-of-damages,0,311,0,4.59
https://rodenlaw.com/practice-areas/brain-injury-lawyers/sports-related-brain-injury/,0,310,0,20.59
https://rodenlaw.com/locations/georgia/savannah/southside-savannah/,0,309,0,14.78
https://rodenlaw.com/locations/south-carolina/columbia/dentsville/,0,309,0,11.67
https://rodenlaw.com/practice-areas/boating-accident-lawyers/darien-ga/,0,309,0,36.99
https://rodenlaw.com/blog/does-worker-compensation-cover-employee-negligence/#no-fault-system,0,307,0,6.39
https://rodenlaw.com/resources/i-16-i-95-construction-zone-truck-accidents/,3,306,0.98,11.0
https://rodenlaw.com/returning-to-work-too-soon-charleston-crash/,2,306,0.654,14.59
https://rodenlaw.com/?page_id=1894,1,306,0.327,2.71
https://rodenlaw.com/second-opinion-for-charleston-car-crash-injuries/,0,306,0,49.22
https://rodenlaw.com/burn-injury-lawyers/house-apartment-fire-burn/,3,305,0.984,16.9
https://rodenlaw.com/locations/south-carolina/charleston/mount-pleasant/shem-creek/,2,305,0.656,19.66
https://rodenlaw.com/blog-impact-of-surgery-recommendation/,1,305,0.328,21.24
https://rodenlaw.com/blog/shoulder-injuries-after-charleston-car-crash/,1,305,0.328,30.63
https://rodenlaw.com/locations/georgia/darien/white-oak/,0,304,0,11.72
https://rodenlaw.com/columbia-car-accident-lawyers/,0,302,0,39.94
https://rodenlaw.com/resources/south-carolina-comparative-negligence/,0,302,0,5.66
https://rodenlaw.com/blog/resolving-claims-through-arbitration/#what-is-arbitration,0,301,0,8.32
https://rodenlaw.com/locations/georgia/darien/screven/,0,301,0,8.95
https://rodenlaw.com/practice-areas/car-accident-lawyers/company-car-accident/,0,301,0,11.74
https://rodenlaw.com/a-guide-to-car-accident-claims-at-columbias-toughest-intersections/,1,300,0.333,13.82
https://rodenlaw.com/blog/should-i-file-a-personal-injury-or-a-workers-compensation-claim/,0,299,0,45.72
https://rodenlaw.com/why-are-highway-road-shoulder-accidents-in-charleston-dangerous/,1,298,0.336,26.96
https://rodenlaw.com/blog/are-accident-lawyers-worth-it/,0,298,0,17.36
https://rodenlaw.com/blog/accident-claims-with-an-expired-license/#expired-license-claims,0,297,0,8.95
https://rodenlaw.com/practice-areas/car-accident-lawyers/multi-vehicle-pileup/,0,297,0,13.99
https://rodenlaw.com/practice-areas/maritime-injury-lawyers/jones-act-seaman-claim/,0,297,0,22.6
https://rodenlaw.com/locations/south-carolina/charleston/awendaw/,0,296,0,27.58
https://rodenlaw.com/workers-compensation-lawyers/occupational-disease/,1,295,0.339,34.96
https://rodenlaw.com/filing-a-claim-after-a-hazmat-truck-crash-in-charleston/,0,295,0,21.95
https://rodenlaw.com/spartanburg-sc-car-accident-lawyer/,0,294,0,35.62
https://rodenlaw.com/pedestrian-accident-lawyers/school-zone-pedestrian-accident/,1,293,0.341,11.89
https://rodenlaw.com/blog/protecting-your-rights-after-a-myrtle-beach-car-accident/,0,293,0,13.87
https://rodenlaw.com/resources/south-carolina-workers-comp-claim-denied/,2,292,0.685,9.35
https://rodenlaw.com/construction-accident-lawyers/trench-collapse/,1,292,0.342,15.4
https://rodenlaw.com/locations/south-carolina/north-charleston/hanahan/,0,292,0,22.48
https://rodenlaw.com/practice-areas/motorcycle-accident-lawyers/left-turn-accident/,0,292,0,12.39
https://rodenlaw.com/blog/what-are-my-legal-options-after-a-rideshare-crash-in-charleston/,0,291,0,50.54
https://rodenlaw.com/atv-side-by-side-accident-lawyers/atv-product-defect/,0,289,0,21.96
https://rodenlaw.com/brain-injury-lawyers/concussion-mild-tbi/,1,288,0.347,36.65
https://rodenlaw.com/practice-areas/bicycle-accident-lawyers/hit-and-run-bicycle-accident/,0,287,0,19.36
https://rodenlaw.com/locations/south-carolina/myrtle-beach/red-hill/,0,286,0,24.2
https://rodenlaw.com/es/car-accident-lawyers/charleston-sc/,0,285,0,11.94
https://rodenlaw.com/blog/johns-island-accidents-no-hospital-emergency-room/,2,282,0.709,12.47
https://rodenlaw.com/blog/resolving-claims-through-arbitration/#arbitration-process,0,282,0,8.1
https://rodenlaw.com/premises-liability-lawyers/restaurant-hotel-injury/,0,282,0,15.71
https://rodenlaw.com/slip-and-fall-lawyers/retail-shopping-center-fall/,0,282,0,14.84
https://rodenlaw.com/blog/medical-malpractice-limits-south-carolina/#damages-caps,0,280,0,4.61
https://rodenlaw.com/locations/south-carolina/park-circle/,0,279,0,25.14
https://rodenlaw.com/testimonial/ashley-b/,1,278,0.36,10.33
https://rodenlaw.com/practice-areas/atv-side-by-side-accident-lawyers/atv-rental-tour-accident/,1,277,0.361,7.45
https://rodenlaw.com/testimonial/megan-l/,1,277,0.361,9.82
https://rodenlaw.com/blog/trucking-regulations-and-accident-cases/,2,276,0.725,22.81
https://rodenlaw.com/locations/georgia/savannah/isle-of-hope/,0,276,0,12.11
https://rodenlaw.com/blog/what-to-know-about-chest-pain-after-a-savannah-car-crash/,1,274,0.365,61.08
https://rodenlaw.com/testimonial/dante-williams-dante/,9,273,3.297,14.51
https://rodenlaw.com/truck-accident-lawyers/18-wheeler-semi-truck-accident/,0,273,0,21.7
https://rodenlaw.com/dog-bite-lawyers/severe-dog-bite-injury/,1,272,0.368,21.39
https://rodenlaw.com/spinal-cord-injury-lawyers/myrtle-beach-sc/,0,272,0,13.0
https://rodenlaw.com/resources/personal-injury-claim-charleston-county-court/,1,271,0.369,12.24
https://rodenlaw.com/blog/does-workers-compensation-cover-prescriptions/#filling-prescriptions,0,271,0,5.78
https://rodenlaw.com/blog/does-workers-compensation-cover-prescriptions/#sc-rules,0,271,0,5.33
https://rodenlaw.com/myrtle-beach-dangerous-roads-intersections/,1,267,0.375,8.36
https://rodenlaw.com/es/practice-areas/pedestrian-accident-lawyers/,0,267,0,21.83
https://rodenlaw.com/blog/can-you-sue-hipaa-violation/,10,265,3.774,7.32
https://rodenlaw.com/es/bicycle-accident-lawyers/charleston-sc/,0,265,0,28.03
https://rodenlaw.com/blog/is-hipaa-violation-medical-malpractice/,2,263,0.76,14.46
https://rodenlaw.com/testimonial/kmarieee-_/,0,263,0,6.98
https://rodenlaw.com/savannah-dangerous-highways-i16-i95-abercorn/,4,262,1.527,6.74
https://rodenlaw.com/locations/south-carolina/charleston/mount-pleasant/rivertowne/,2,261,0.766,28.53
https://rodenlaw.com/blog/liability-for-brake-checking-crashes-charleston/#percent,0,261,0,9.33
https://rodenlaw.com/boating-accident-lawyers/kayak-canoe-accident/,0,261,0,12.41
https://rodenlaw.com/blog/liability-for-brake-checking-crashes-charleston/#evidence,0,260,0,9.33
https://rodenlaw.com/construction-accident-lawyers/north-charleston-sc/,0,260,0,38.02
https://rodenlaw.com/es/south-carolina-motorcycle-accident-lawyer/,0,260,0,18.94
https://rodenlaw.com/blog/highway-41-accidents-mount-pleasant-development/,4,259,1.544,10.54
https://rodenlaw.com/practice-areas/truck-accident-lawyers/fatigued-trucker-accident/,0,259,0,16.78
https://rodenlaw.com/blog/claims-against-at-fault-drivers-who-died/#insurance-claim,0,258,0,4.17
https://rodenlaw.com/locations/georgia/savannah/springfield/,0,258,0,16.94
https://rodenlaw.com/wrongful-death-lawyers/nursing-home-wrongful-death/,0,258,0,21.46
https://rodenlaw.com/locations/georgia/savannah/tybee-island/,0,257,0,13.06
https://rodenlaw.com/truck-accident-lawyers/i-26-truck-accident/,0,257,0,19.65
https://rodenlaw.com/pedestrian-accident-lawyers/drunk-driver-pedestrian-accident/,0,256,0,14.6
https://rodenlaw.com/locations/south-carolina/north-charleston/goose-creek/devon-forest/,1,255,0.392,18.78
https://rodenlaw.com/blog/answering-insurance-questions-after-crash/#types-of-questions,0,255,0,5.91
https://rodenlaw.com/locations/georgia/savannah/thunderbolt/,0,255,0,12.36
https://rodenlaw.com/locations/south-carolina/charleston/isle-of-palms/,1,254,0.394,7.74
https://rodenlaw.com/blog/choosing-the-right-nursing-home-for-your-loved-one/,0,254,0,56.39
https://rodenlaw.com/blog/dangerous-products-child-will-find-around-house/,0,254,0,18.63
https://rodenlaw.com/blog/medical-treatment-after-accident/,0,254,0,16.13
https://rodenlaw.com/locations/south-carolina/charleston/edisto-island/,0,254,0,17.9
https://rodenlaw.com/blog/answering-insurance-questions-after-crash/#why-insurers-contact-you,0,253,0,5.88
https://rodenlaw.com/blog/does-workers-compensation-cover-prescriptions/#how-coverage-works,0,252,0,5.35
https://rodenlaw.com/locations/south-carolina/columbia/south-congaree/,0,252,0,10.82
https://rodenlaw.com/practice-area/product-liability-lawyers/,1,251,0.398,54.65
https://rodenlaw.com/practice-areas/wrongful-death-lawyers/darien-ga/,0,251,0,19.41
https://rodenlaw.com/practice-areas/construction-accident-lawyers/roofing-accident/,0,250,0,24.48
https://rodenlaw.com/resources/us-17-sc-544-truck-accidents-surfside-beach/,2,249,0.803,7.61
https://rodenlaw.com/practice-areas/dog-bite-lawyers/dangerous-breed-attack/,1,249,0.402,12.48
https://rodenlaw.com/blog/how-long-can-a-person-stay-on-workers-compensation/#extending-benefits,0,249,0,6.19
https://rodenlaw.com/blog/does-workers-compensation-cover-prescriptions/#short-answer,0,248,0,5.7
https://rodenlaw.com/resources/georgia-truck-accident-settlement-value/,6,247,2.429,7.44
https://rodenlaw.com/practice-areas/premises-liability-lawyers/swimming-pool-accident/,1,247,0.405,40.99
https://rodenlaw.com/blog/five-points-columbia-uber-accident-lawyer/,0,247,0,15.5
https://rodenlaw.com/practice-areas/brain-injury-lawyers/penetrating-brain-injury/,0,247,0,19.4
https://rodenlaw.com/blog/page/2/,1,246,0.407,13.02
https://rodenlaw.com/blog/accident-claims-with-an-expired-license/#comparative-fault,0,246,0,9.02
https://rodenlaw.com/locations/georgia/savannah/wilmington-island/,0,246,0,15.36
https://rodenlaw.com/practice-areas/product-liability-lawyers/defective-home-appliance/,1,245,0.408,7.9
https://rodenlaw.com/blog/using-uninsured-underinsured-motorist-coverage-in-georgia/#when-um-applies,0,245,0,8.49
https://rodenlaw.com/locations/georgia/savannah/effingham-county/south-effingham/,0,245,0,21.39
https://rodenlaw.com/locations/georgia/savannah/port-wentworth/town-center/,1,243,0.412,9.56
https://rodenlaw.com/blog/your-guide-to-justice-after-a-charleston-truck-accident/,1,242,0.413,28.23
https://rodenlaw.com/resources/i-16-truck-accidents-savannah/,1,242,0.413,9.97
https://rodenlaw.com/blog/can-someone-sue-me-for-a-car-accident/#when-insurance-covers,0,242,0,9.94
https://rodenlaw.com/category/free-case-review/,0,242,0,8.16
https://rodenlaw.com/locations/south-carolina/north-charleston/oak-terrace-preserve/,2,241,0.83,9.05
https://rodenlaw.com/practice-areas/spinal-cord-injury-lawyers/spinal-fracture/,1,241,0.415,11.14
https://rodenlaw.com/locations/georgia/darien/st-marys/,0,241,0,7.5
https://rodenlaw.com/motorcycle-accident-lawyers/hit-and-run-motorcycle-accident/,0,241,0,14.66
https://rodenlaw.com/nursing-home-abuse-lawyers/darien-ga/,0,241,0,20.08
https://rodenlaw.com/resources/i-526-construction-zone-truck-accidents-charleston/,5,240,2.083,7.97
https://rodenlaw.com/electric-scooter-accident-lawyers/myrtle-beach-sc/,1,240,0.417,24.34
https://rodenlaw.com/practice-areas/premises-liability-lawyers/parking-lot-garage-accident/,1,240,0.417,22.99
https://rodenlaw.com/feeling-fatigued-after-charleston-car-accident/,2,239,0.837,6.95
https://rodenlaw.com/locations/south-carolina/myrtle-beach/little-river/waterfront/,0,239,0,11.22
https://rodenlaw.com/practice-areas/pedestrian-accident-lawyers/intersection-pedestrian-accident/,0,237,0,16.45
https://rodenlaw.com/testimonial/s-miller/,1,236,0.424,9.75
https://rodenlaw.com/blog/how-long-can-a-person-stay-on-workers-compensation/#short-answer,0,236,0,6.11
https://rodenlaw.com/golf-cart-accident-lawyers/north-charleston-sc/,0,236,0,35.26
https://rodenlaw.com/blog/when-should-you-hire-an-attorney-after-being-in-an-accident/,1,235,0.426,39.34
https://rodenlaw.com/locations/south-carolina/myrtle-beach/garden-city-beach/,0,235,0,16.91
https://rodenlaw.com/wrongful-death-lawyers/medical-malpractice-death/,0,235,0,16.86
https://rodenlaw.com/blog/category/bicycle-accident/,0,234,0,40.0
https://rodenlaw.com/locations/georgia/savannah/effingham-county/guyton/,0,234,0,21.2
https://rodenlaw.com/practice-areas/brunswick/nursing-home-abuse-lawyer/,0,234,0,40.06
https://rodenlaw.com/blog/liability-for-brake-checking-crashes-charleston/#drivers,0,233,0,9.3
https://rodenlaw.com/blog/resolving-claims-through-arbitration/#when-arbitration-required,0,233,0,8.61
https://rodenlaw.com/locations/georgia/darien/waverly/,0,231,0,10.7
https://rodenlaw.com/spartanburg-sc-workers-compensation-lawyer/,0,231,0,19.51
https://rodenlaw.com/resources/aviation-avenue-i-26-truck-accidents/,3,230,1.304,9.64
https://rodenlaw.com/es/south-carolina-truck-accident-lawyers/,1,230,0.435,31.33
https://rodenlaw.com/blog/darien-i-95-truck-accident-lawyer/,0,230,0,9.93
https://rodenlaw.com/blog/can-someone-sue-me-for-a-car-accident/#short-answer,0,228,0,9.86
https://rodenlaw.com/blog/page/21/,0,228,0,11.06
https://rodenlaw.com/blog/resolving-claims-through-arbitration/#arbitration-south-carolina,0,228,0,8.28
https://rodenlaw.com/charleston/practice-areas/,0,228,0,7.22
https://rodenlaw.com/locations/georgia/savannah/pooler/,1,227,0.441,14.07
https://rodenlaw.com/locations/south-carolina/myrtle-beach/myrtle-beach/golden-mile/,1,227,0.441,31.52
https://rodenlaw.com/blog/claims-against-at-fault-drivers-who-died/#wrongful-death-crossover,0,227,0,4.44
https://rodenlaw.com/locations/south-carolina/myrtle-beach/socastee/,0,227,0,16.15
https://rodenlaw.com/practice-areas/truck-accident-lawyers/port-freight-truck-accident/,0,227,0,28.46
https://rodenlaw.com/blog/how-delayed-injuries-could-impact-your-charleston-car-crash-claim/,0,226,0,31.42
https://rodenlaw.com/blog/taxes-on-car-crash-settlement-in-georgia/#general-rule,0,226,0,6.53
https://rodenlaw.com/blog/garden-city-dean-forest-road-truck-accident-lawyer/,0,225,0,13.52
https://rodenlaw.com/blog/seven-safe-driving-tips/,0,225,0,47.27
https://rodenlaw.com/practice-areas/car-accident-lawyers/rideshare-uber-accident/,0,225,0,23.58
https://rodenlaw.com/practice-areas/slip-and-fall-lawyers/retail-store-trip-and-fall/,0,225,0,4.91
https://rodenlaw.com/car-accident-lawyers/rear-end-collision/,1,223,0.448,19.15
https://rodenlaw.com/locations/south-carolina/myrtle-beach/galivants-ferry/,0,223,0,15.1
https://rodenlaw.com/practice-areas/slip-and-fall-lawyers/parking-lot-fall/,0,223,0,31.96
https://rodenlaw.com/blog-5-benefits-of-hiring-a-truck-accident-attorney-in-2023/,1,221,0.452,31.93
https://rodenlaw.com/blog/eastern-wharf-harbor-street-electric-scooter-accident-lawyer/,0,221,0,5.55
https://rodenlaw.com/medical-malpractice-lawyers/informed-consent-failure/,0,221,0,19.44
https://rodenlaw.com/practice-areas/workers-compensation-lawyers/warehouse-logistics-injury/,0,221,0,30.95
https://rodenlaw.com/dog-bite-lawyers/postal-delivery-worker-bite/,1,220,0.455,13.49
https://rodenlaw.com/blog/recovering-lost-wages-after-a-truck-accident-on-i-526/,0,220,0,9.55
https://rodenlaw.com/blog/columbia-airport-expressway-us-378-truck-accident-springdale-lexington-county/,1,219,0.457,19.34
https://rodenlaw.com/practice-area/personal-injury-lawyer/,0,219,0,29.67
https://rodenlaw.com/resources/dorchester-road-truck-accidents-north-charleston/,4,217,1.843,9.53
https://rodenlaw.com/blog-certification-of-permanent-injury/,0,217,0,8.0
https://rodenlaw.com/car-accident-lawyers/construction-vehicle-accident/,0,217,0,15.02
https://rodenlaw.com/locations/south-carolina/columbia/chapin/,1,216,0.463,12.08
https://rodenlaw.com/blog/is-workers-compensation-an-employee-benefit/#who-is-covered,0,216,0,6.31
https://rodenlaw.com/workers-compensation-lawyers/construction-worker-injury/,0,216,0,30.3
https://rodenlaw.com/car-accident-lawyers/delivery-vehicle-accident/,0,215,0,63.07
https://rodenlaw.com/electric-scooter-accident-lawyers/savannah-ga/,0,215,0,23.67
https://rodenlaw.com/practice-areas/car-accident-lawyers/hit-and-run-accident/,0,214,0,19.09
https://rodenlaw.com/practice-areas/medical-malpractice-lawyers/columbia-sc/,0,214,0,16.79
https://rodenlaw.com/blog/georgia-super-speeder-law/#what-is,0,213,0,8.31
https://rodenlaw.com/practice-areas/workers-compensation-lawyers/boeing-aerospace-injury/,1,212,0.472,21.52
https://rodenlaw.com/blog/page/3/,0,212,0,9.69
https://rodenlaw.com/practice-areas/truck-accident-lawyers/commercial-van-delivery-truck-accident/,0,211,0,15.61
https://rodenlaw.com/resources/us-17-truck-accidents-grand-strand/,0,211,0,7.97
https://rodenlaw.com/resources/i-526-truck-accidents-charleston/,1,210,0.476,9.15
https://rodenlaw.com/category/car-accident-help/,0,210,0,14.6
https://rodenlaw.com/testimonials/megan-l/,0,210,0,10.5
https://rodenlaw.com/case-result/2500000-settlement-auto-accident/,1,209,0.478,8.08
https://rodenlaw.com/blog/category/legal-guidance/,0,209,0,7.75
https://rodenlaw.com/blog/edmund-highway-lexington-county-car-accident-lawyer/,0,209,0,17.21
https://rodenlaw.com/blog/georgia-super-speeder-law/#how-it-works,0,208,0,8.3
https://rodenlaw.com/blog/your-step-by-step-guide-after-a-downtown-columbia-truck-accident/,0,208,0,18.33
https://rodenlaw.com/maritime-injury-lawyers/charleston-sc/,0,208,0,45.18
https://rodenlaw.com/practice-areas/albany/,0,208,0,74.34
https://rodenlaw.com/practice-areas/spinal-cord-injury-lawyers/incomplete-spinal-cord-injury/,0,208,0,26.55
https://rodenlaw.com/locations/georgia/savannah/effingham-county/springfield/,1,207,0.483,16.61
https://rodenlaw.com/blog-dangerous-tools-garage/,1,206,0.485,17.57
https://rodenlaw.com/blog/does-worker-compensation-cover-employee-negligence/#exceptions,0,206,0,6.78
https://rodenlaw.com/blog/eastern-wharf-savannah-pedestrian-bike-accidents/,0,206,0,9.93
https://rodenlaw.com/blog/why-is-having-a-personal-injury-lawyer-important/,0,206,0,10.91
https://rodenlaw.com/practice-areas/car-accident-lawyers/north-charleston-sc/,0,205,0,27.33
https://rodenlaw.com/blog/using-uninsured-underinsured-motorist-coverage-in-georgia/#comparison-table,0,204,0,8.48
https://rodenlaw.com/blog/resolving-claims-through-arbitration/#binding-vs-non-binding,0,203,0,8.26
https://rodenlaw.com/es/truck-accident-lawyers/savannah-ga/,0,203,0,12.09
https://rodenlaw.com/practice-areas/premises-liability-lawyers/myrtle-beach-sc/,0,203,0,23.05
https://rodenlaw.com/resources/workers-comp-north-charleston-warehouse-port/,0,203,0,17.9
https://rodenlaw.com/practice-areas/atv-side-by-side-accident-lawyers/charleston-sc/,1,202,0.495,16.99
https://rodenlaw.com/practice-areas/car-accident-lawyers/commercial-vehicle-accident/,1,202,0.495,27.75
https://rodenlaw.com/blog/claims-against-at-fault-drivers-who-died/#suing-the-estate,0,202,0,4.56
https://rodenlaw.com/locations/south-carolina/columbia/pine-ridge/,0,202,0,11.93
https://rodenlaw.com/locations/south-carolina/columbia/springdale/,0,202,0,29.12
https://rodenlaw.com/blog/why-is-workers-compensation-so-important-to-have/,0,201,0,19.7
https://rodenlaw.com/practice-areas/charleston/rear-end-collision-lawyers/,1,200,0.5,7.46
https://rodenlaw.com/locations/south-carolina/myrtle-beach/longs/,0,200,0,12.38
https://rodenlaw.com/practice-areas/car-accident-lawyers/distracted-driving-accident/,0,200,0,44.72
https://rodenlaw.com/resources/ogeechee-road-truck-accidents-savannah/,0,200,0,9.23
https://rodenlaw.com/category/accident-compensation/,0,199,0,11.1
https://rodenlaw.com/locations/south-carolina/myrtle-beach/myrtle-beach/,0,199,0,19.23
https://rodenlaw.com/practice-areas/premises-liability-lawyers/elevator-escalator-accident/,2,198,1.01,13.71
https://rodenlaw.com/es/motorcycle-accident-lawyers/north-charleston-sc/,0,198,0,15.79
https://rodenlaw.com/practice-areas/brain-injury-lawyers/closed-head-injury/,0,197,0,28.29
https://rodenlaw.com/car-accident-lawyers/drunk-driver-accident/,0,196,0,32.01
https://rodenlaw.com/practice-areas/atv-side-by-side-accident-lawyers/darien-ga/,0,196,0,22.63
https://rodenlaw.com/savannah/medical-malpractice-attorneys/psychiatric-negligence/,2,194,1.031,40.4
https://rodenlaw.com/what-to-do-after-a-truck-accident-on-i-526-in-charleston-2/,1,194,0.515,12.46
https://rodenlaw.com/blog/resolving-claims-through-arbitration/#ga-vs-sc-comparison,0,194,0,8.32
https://rodenlaw.com/practice-areas/golf-cart-accident-lawyers/darien-ga/,0,194,0,38.56
https://rodenlaw.com/locations/georgia/savannah/?ref=gmb_sav,1,192,0.521,2.4
https://rodenlaw.com/blog/can-someone-sue-me-for-a-car-accident/#when-personal-assets,0,192,0,10.17
https://rodenlaw.com/blog/claims-against-at-fault-drivers-who-died/#probate-process,0,192,0,4.6
https://rodenlaw.com/liability-for-roundabout-crashes-in-charleston/,0,192,0,27.26
https://rodenlaw.com/atv-side-by-side-accident-lawyers/atv-road-collision/,1,191,0.524,14.09
https://rodenlaw.com/blog/ashley-phosphate-road-i-26-dangerous-intersection-charleston/#why-ashley-phosphate-dangerous,0,191,0,7.83
https://rodenlaw.com/blog/does-worker-compensation-cover-employee-negligence/#sc-exceptions,0,191,0,7.01
https://rodenlaw.com/blog/summer-road-trip-safety/,0,191,0,44.34
https://rodenlaw.com/locations/south-carolina/charleston/wadmalaw-island/,0,191,0,24.61
https://rodenlaw.com/slip-and-fall-lawyers/darien-ga/,0,191,0,16.2
https://rodenlaw.com/blog/overloaded-semi-trucks-accidents-on-charleston-highways/,1,190,0.526,20.28
https://rodenlaw.com/practice-areas/atv-side-by-side-accident-lawyers/child-atv-injury/,4,189,2.116,9.26
https://rodenlaw.com/wrongful-death-lawyers/darien-ga/,1,189,0.529,23.06
https://rodenlaw.com/practice-areas/car-accident-lawyers/bus-accident/,0,189,0,11.79
https://rodenlaw.com/locations/south-carolina/myrtle-beach/andrews/,1,188,0.532,23.25
https://rodenlaw.com/blog/filing-soft-tissue-injury-claims-in-charleston/,0,188,0,39.91
https://rodenlaw.com/resources/construction-zone-accidents-north-charleston/,0,188,0,16.31
https://rodenlaw.com/blog/surfside-beach-golf-colony-golf-cart-accident-lawyer/,2,187,1.07,10.79
https://rodenlaw.com/blog/claims-against-at-fault-drivers-who-died/#um-uim-coverage,0,187,0,4.58
https://rodenlaw.com/blog/a-guide-to-car-accident-claims-at-columbias-toughest-intersections/,3,186,1.613,6.93
https://rodenlaw.com/premises-liability-lawyers/darien-ga/,2,186,1.075,21.16
https://rodenlaw.com/blog/eulonia-us-17-ocean-highway-rideshare-uber-accident-lawyer-mcintosh-county/,1,186,0.538,7.92
https://rodenlaw.com/locations/south-carolina/columbia/northeast-columbia/,1,186,0.538,14.01
https://rodenlaw.com/bicycle-accident-lawyers/intersection-bicycle-accident/,0,186,0,12.85
https://rodenlaw.com/locations/south-carolina/charleston/meggett/,0,186,0,17.66
https://rodenlaw.com/locations/south-carolina/north-charleston/chicora-cherokee/,0,186,0,13.97
https://rodenlaw.com/practice-areas/construction-accident-lawyers/darien-ga/,0,186,0,37.03
https://rodenlaw.com/locations/georgia/savannah/georgetown/,0,185,0,22.51
https://rodenlaw.com/blog/your-guide-to-recovering-lost-wages-after-a-charleston-car-accident/,1,184,0.543,12.6
https://rodenlaw.com/bicycle-accident-lawyers/drunk-driver-bicycle-accident/,0,184,0,8.4
https://rodenlaw.com/request-your-free-case-review-today-main_phone_number/,0,184,0,14.28
https://rodenlaw.com/bicycle-accident-lawyers/bicycle-vs-truck-accident/,0,183,0,11.14
https://rodenlaw.com/blog/how-car-insurers-use-private-investigators/#why-insurers-hire-pis,0,183,0,3.71
https://rodenlaw.com/blog/independent-medical-exams/#refuse-an-ime,0,183,0,3.49
https://rodenlaw.com/practice-areas/savannah/medical-malpractice-attorneys/faq/,0,183,0,39.65
https://rodenlaw.com/locations/georgia/darien/harrietts-bluff/,1,182,0.549,8.85
https://rodenlaw.com/legal-rights-if-hit-by-driver-in-company-car-charleston/,2,181,1.105,23.42
https://rodenlaw.com/blog/does-worker-compensation-cover-employee-negligence/#employer-negligence,0,181,0,7.18
https://rodenlaw.com/blog/taxes-on-car-crash-settlement-in-georgia/#non-taxable,0,180,0,6.81
https://rodenlaw.com/es/motorcycle-accident-lawyers/myrtle-beach-sc/,0,180,0,4.87
https://rodenlaw.com/practice-areas/albany/spinal-cord-injury-lawyers/,0,180,0,32.87
https://rodenlaw.com/locations/south-carolina/myrtle-beach/carolina-forest/,2,179,1.117,12.03
https://rodenlaw.com/bicycle-accident-lawyers/dooring-accident/,1,178,0.562,17.19
https://rodenlaw.com/blog/does-worker-compensation-cover-employee-negligence/#ga-exceptions,0,178,0,7.34
https://rodenlaw.com/blog/taxes-on-car-crash-settlement-in-georgia/#taxable,0,178,0,6.79
https://rodenlaw.com/boating-accident-lawyers/darien-ga/,0,178,0,24.98
https://rodenlaw.com/locations/south-carolina/columbia/pelion/,0,178,0,12.93
https://rodenlaw.com/blog/can-someone-sue-me-for-a-car-accident/#types-of-damages,0,177,0,10.12
https://rodenlaw.com/blog/ashley-phosphate-road-i-26-dangerous-intersection-charleston/#common-accident-types,0,176,0,7.85
https://rodenlaw.com/blog/traffic-tickets-and-car-accident-claims/#traffic-tickets-and-fault,0,176,0,7.45
https://rodenlaw.com/workers-compensation-lawyers/warehouse-distribution-injury/,0,176,0,25.9
https://rodenlaw.com/wrongful-death-lawyers/defective-product-death/,0,176,0,20.23
https://rodenlaw.com/blog/can-someone-sue-me-for-a-car-accident/#comparative-fault,0,175,0,10.15
https://rodenlaw.com/blog/category/bus-accident/,0,175,0,33.6
https://rodenlaw.com/blog/category/golf-cart-accident/,0,175,0,23.17
https://rodenlaw.com/practice-areas/nursing-home-abuse-lawyers/assisted-living-abuse/,1,174,0.575,14.75
https://rodenlaw.com/blog/answering-insurance-questions-after-crash/#recorded-statements,0,174,0,5.95
https://rodenlaw.com/blog/can-someone-sue-me-for-a-car-accident/#fault-determination,0,174,0,10.15
https://rodenlaw.com/blog/can-someone-sue-me-for-a-car-accident/#statute-of-limitations,0,174,0,10.15
https://rodenlaw.com/blog/medical-malpractice-limits-south-carolina/#statute-of-limitations,0,174,0,4.18
https://rodenlaw.com/testimonial/nicole-barber/,2,173,1.156,17.35
https://rodenlaw.com/locations/georgia/savannah/wilmington-island/town-center/,1,173,0.578,14.73
https://rodenlaw.com/blog/goose-creek-car-accidents-military-traffic-us-52/,0,173,0,17.64
https://rodenlaw.com/locations/south-carolina/myrtle-beach/surfside-beach/town-center/,0,173,0,14.76
https://rodenlaw.com/practice-areas/maritime-injury-lawyers/north-charleston-sc/,0,173,0,39.33
https://rodenlaw.com/practice-areas/workers-compensation-lawyers/columbia-sc/,0,173,0,20.46
https://rodenlaw.com/blog/answering-insurance-questions-after-crash/#what-to-say,0,172,0,5.91
https://rodenlaw.com/blog/questions-about-filing-a-lawsuit/,1,171,0.585,17.99
https://rodenlaw.com/case-result/27000000-settlement-truck-accidents/,1,171,0.585,6.5
https://rodenlaw.com/blog/boating-safely-in-georgia/,0,171,0,23.8
https://rodenlaw.com/blog/murrells-inlet-jet-ski-accident-lawyer/,0,171,0,14.78
https://rodenlaw.com/blog/taxes-on-car-crash-settlement-in-georgia/#structuring,0,171,0,6.81
https://rodenlaw.com/practice-areas/motorcycle-accident-lawyers/single-vehicle-motorcycle-crash/,1,170,0.588,11.5
https://rodenlaw.com/dog-bite-lawyers/darien-ga/,0,170,0,19.04
https://rodenlaw.com/practice-area/wrongful-death-lawyer/,0,170,0,37.84
https://rodenlaw.com/blog/mount-pleasant-johnnie-dodds-us-17-wrongful-death-car-accident-lawyer/,3,169,1.775,10.63
https://rodenlaw.com/locations/georgia/savannah/southside-savannah/georgetown-savannah/,0,168,0,20.51
https://rodenlaw.com/staff/logan-wiggins/,3,167,1.796,10.89
https://rodenlaw.com/case-result/350000-settlement-auto-accident/,2,167,1.198,7.64
https://rodenlaw.com/staff/dyanna-velez/,10,165,6.061,9.85
https://rodenlaw.com/es/workers-compensation-lawyers/north-charleston-sc/,0,165,0,11.88
https://rodenlaw.com/blog/benefits-for-workplace-violence/#short-answer,0,164,0,6.1
https://rodenlaw.com/practice-areas/product-liability-lawyers/defective-auto-parts/,0,163,0,15.08
https://rodenlaw.com/blog/traffic-tickets-and-car-accident-claims/#what-if-you-got-ticket,0,162,0,7.44
https://rodenlaw.com/boating-accident-lawyers/speedboat-powerboat-collision/,0,162,0,34.06
https://rodenlaw.com/locations/georgia/savannah/eastside-savannah/,0,162,0,11.17
https://rodenlaw.com/blog/does-workers-compensation-cover-prescriptions/#opioid-restrictions,0,160,0,5.14
https://rodenlaw.com/blog/does-workers-compensation-cover-prescriptions/#what-is-covered,0,160,0,5.14
https://rodenlaw.com/blog/traffic-tickets-and-car-accident-claims/#common-citations,0,160,0,7.65
https://rodenlaw.com/practice-areas/atv-side-by-side-accident-lawyers/,0,160,0,33.75
https://rodenlaw.com/charleston/personal-injury-lawyer/,1,159,0.629,4.91
https://rodenlaw.com/practice-ares/savannah/savannah-slip-and-fall-accidents/,0,159,0,54.79
https://rodenlaw.com/blog/how-car-insurers-use-private-investigators/#ga-vs-sc-comparison,0,158,0,3.8
https://rodenlaw.com/locations/georgia/darien/odum/,0,158,0,10.88
https://rodenlaw.com/blog/can-a-witness-be-forced-to-testify-for-a-savannah-car-crash-case/,0,157,0,11.89
https://rodenlaw.com/es/motorcycle-accident-lawyers/savannah-ga/,0,157,0,13.82
https://rodenlaw.com/attorneys/zach-stohr/,23,156,14.744,9.12
https://rodenlaw.com/blog/traffic-tickets-and-car-accident-claims/#georgia-traffic-ticket-rules,0,156,0,7.46
https://rodenlaw.com/locations/south-carolina/north-charleston/ferndale/,0,156,0,26.29
https://rodenlaw.com/when-to-call-charleston-personal-injury-lawyer/,0,156,0,60.59
https://rodenlaw.com/blog/mcintosh-county-drunk-driver-accident-lawyer/,1,155,0.645,11.31
https://rodenlaw.com/blog/avoid-dangerous-medication-errors/,0,155,0,33.01
https://rodenlaw.com/blog/proving-a-tourist-was-at-fault-in-your-charleston-accident/,0,155,0,17.35
https://rodenlaw.com/blog/traffic-tickets-and-car-accident-claims/#south-carolina-traffic-ticket-rules,0,155,0,7.52
https://rodenlaw.com/locations/south-carolina/columbia/woodfield/,0,155,0,11.78
https://rodenlaw.com/electric-scooter-accident-lawyers/ride-share-scooter-accident/,1,154,0.649,20.17
https://rodenlaw.com/locations/south-carolina/charleston/west-ashley/shadowmoss/,0,154,0,32
https://rodenlaw.com/resources/south-carolina-wrongful-death-settlement-value/,8,153,5.229,7.65
https://rodenlaw.com/blog-liability-and-causes-for-backing-up-crashes-in-charleston/,2,151,1.325,27.28
https://rodenlaw.com/blog/traffic-tickets-and-car-accident-claims/#negligence-per-se,0,151,0,7.58
https://rodenlaw.com/blog-am-i-eligible-for-workers-compensation/,1,150,0.667,16.8
https://rodenlaw.com/blog-trucking-regulations-and-accident-cases/,0,149,0,38.3
https://rodenlaw.com/blog/georgia-super-speeder-law/#sc-speeding,0,149,0,8.31
https://rodenlaw.com/blog/how-poor-truck-maintenance-causes-charleston-accidents/,0,149,0,14.23
https://rodenlaw.com/blog-commercial-truck-accidents-who-is-at-fault/,0,148,0,67.07
https://rodenlaw.com/blog/ashley-phosphate-road-i-26-dangerous-intersection-charleston/#who-is-liable,0,148,0,8.07
https://rodenlaw.com/es/motorcycle-accident-lawyers/charleston-sc/,0,148,0,10.84
https://rodenlaw.com/practice-areas/truck-accident-lawyers/darien-ga/,0,148,0,18.64
https://rodenlaw.com/blog/georgia-super-speeder-law/#out-of-state,0,147,0,8.22
https://rodenlaw.com/blog/georgia-super-speeder-law/#penalties,0,146,0,8.26
https://rodenlaw.com/locations/south-carolina/charleston/mount-pleasant/ion/,0,145,0,31.15
https://rodenlaw.com/locations/south-carolina/charleston/seabrook-island/,0,145,0,20.01
https://rodenlaw.com/car-accident-lawyers/ashley-phosphate-road-accident/,1,144,0.694,17.88
https://rodenlaw.com/blog/category/personal-injury/page/3/,0,144,0,8.85
https://rodenlaw.com/practice-areas/bicycle-accident-lawyers/road-hazard-bicycle-crash/,0,144,0,14.97
https://rodenlaw.com/blog/summer-dui-accidents-charleston-memorial-day-labor-day/,3,143,2.098,14.99
https://rodenlaw.com/blog/category/labor-and-employment/,0,142,0,54.56
https://rodenlaw.com/practice-areas/dog-bite-lawyers/myrtle-beach-sc/,0,142,0,7.99
https://rodenlaw.com/practice-areas/pedestrian-accident-lawyers/jogger-runner-accident/,0,142,0,8.58
https://rodenlaw.com/attorneys/kiley-reidy/,17,141,12.057,6.04
https://rodenlaw.com/locations/south-carolina/north-charleston/olde-north-charleston/,3,141,2.128,11.21
https://rodenlaw.com/locations/georgia/savannah/bryan-county/,1,141,0.709,9.62
https://rodenlaw.com/locations/south-carolina/charleston/downtown-charleston/cannonborough-elliotborough/,1,140,0.714,31.29
https://rodenlaw.com/blog/traffic-tickets-and-car-accident-claims/#ticket-as-evidence,0,140,0,7.71
https://rodenlaw.com/locations/south-carolina/north-charleston/goose-creek/boulder-bluff/,0,140,0,29.09
https://rodenlaw.com/compensation-for-chronic-pain-after-a-car-crash-in-charleston/,2,139,1.439,55.03
https://rodenlaw.com/blog/guide-after-a-car-accident-in-columbia-sc/,1,139,0.719,13.22
https://rodenlaw.com/blog/how-long-can-a-person-stay-on-workers-compensation/#when-benefits-run-out,0,139,0,6.48
https://rodenlaw.com/blog/south-carolina-pedestrian-right-of-way-laws/#pedestrian-duties,0,139,0,6.45
https://rodenlaw.com/blog/south-carolina-pedestrian-right-of-way-laws/#sc-statutes,0,139,0,6.45
https://rodenlaw.com/locations/georgia/savannah/effingham-county/marlow/,0,139,0,25.34
https://rodenlaw.com/south-carolina-personal-injury-lawyer/,0,139,0,38.13
https://rodenlaw.com/maritime-injury-lawyers/darien-ga/,1,138,0.725,29.85
https://rodenlaw.com/blog-sapelo-island-ferry-dock-collapse-causing-fatality-and-serious-injuries/,0,138,0,31.27
https://rodenlaw.com/blog/filing-a-claim-after-a-hazmat-truck-crash-in-charleston/,0,138,0,20.33
https://rodenlaw.com/blog/why-federal-rules-matter-in-your-port-of-charleston-truck-accident/,0,138,0,18.43
https://rodenlaw.com/construction-accident-lawyers/darien-ga/,0,138,0,20.79
https://rodenlaw.com/resources/truck-accident-settlement-process/,0,138,0,30.17
https://rodenlaw.com/locations/south-carolina/north-charleston/goose-creek/crowfield-plantation/,3,137,2.19,14.61
https://rodenlaw.com/practice-areas/bicycle-accident-lawyers/bicycle-vs-truck-accident/,1,137,0.73,6.64
https://rodenlaw.com/blog/ashley-phosphate-road-i-26-dangerous-intersection-charleston/#crash-data,0,137,0,7.99
https://rodenlaw.com/blog/benefits-for-workplace-violence/#ga-rules,0,137,0,6.8
https://rodenlaw.com/blog/georgia-super-speeder-law/#license-suspension,0,137,0,8.23
https://rodenlaw.com/blog/medical-malpractice-examples/,0,137,0,14.32
https://rodenlaw.com/locations/south-carolina/north-charleston/summerville/cane-bay/,0,137,0,14.27
https://rodenlaw.com/blog/international-boulevard-airport-rideshare-uber-lyft-crash-north-charleston/,1,136,0.735,7.71
https://rodenlaw.com/blog/ashley-phosphate-road-i-26-dangerous-intersection-charleston/#comparative-fault-sc,0,135,0,8.05
https://rodenlaw.com/blog/ashley-phosphate-road-i-26-dangerous-intersection-charleston/#injuries-from-high-speed,0,135,0,8.05
https://rodenlaw.com/blog/sunset-boulevard-west-columbia-drunk-driver-accident-lawyer/,0,135,0,14.32
https://rodenlaw.com/testimonials/page/2/,0,135,0,6.39
https://rodenlaw.com/author/ericroden/,0,134,0,6.95
https://rodenlaw.com/blog/how-long-can-a-person-stay-on-workers-compensation/#transitioning-to-ssdi,0,134,0,6.57
https://rodenlaw.com/practice-areas/bicycle-accident-lawyers/dooring-accident/,0,134,0,13.79
https://rodenlaw.com/blog/medical-malpractice-limits-south-carolina/#common-claims,0,133,0,4.31
https://rodenlaw.com/blog/medical-malpractice-limits-south-carolina/#notice-of-intent,0,133,0,4.31
https://rodenlaw.com/blog/medical-malpractice-limits-south-carolina/#statute-of-repose,0,133,0,4.31
https://rodenlaw.com/blog/garden-city-eden-loop-truck-accident-lawyer/,0,132,0,13.29
https://rodenlaw.com/construction-accident-lawyers/highway-road-construction-accident/,0,132,0,13.78
https://rodenlaw.com/es/construction-accident-lawyers/columbia-sc/,0,132,0,20.14
https://rodenlaw.com/blog/how-long-can-a-person-stay-on-workers-compensation/#benefit-timelines,0,131,0,6.5
https://rodenlaw.com/es/pedestrian-accident-lawyers/myrtle-beach-sc/,0,131,0,21.08
https://rodenlaw.com/motorcycle-accident-lawyers/dorchester-road-motorcycle/,0,131,0,32.33
https://rodenlaw.com/blog/georgia-pedestrian-right-of-way-laws/#georgia-statutes,0,130,0,9.06
https://rodenlaw.com/construction-accident-lawyers/crane-heavy-equipment-accident/,0,130,0,29.75
https://rodenlaw.com/testimonial/tie-miller/,0,130,0,9.92
https://rodenlaw.com/blog/how-long-can-a-person-stay-on-workers-compensation/#lump-sum-settlements,0,129,0,6.5
https://rodenlaw.com/blog/south-carolina-pedestrian-right-of-way-laws/#marked-vs-unmarked,0,129,0,6.43
https://rodenlaw.com/locations/south-carolina/charleston/downtown-charleston/wagener-terrace/,0,129,0,24.19
https://rodenlaw.com/blog/how-long-can-a-person-stay-on-workers-compensation/#factors-that-affect,0,128,0,6.52
https://rodenlaw.com/blog/mark-clark-expressway-i-526-18-wheeler-accident-lawyer-north-charleston/,0,128,0,19.7
https://rodenlaw.com/blog/using-uninsured-underinsured-motorist-coverage-in-georgia/#stacking,0,128,0,8.99
https://rodenlaw.com/practice-areas/electric-scooter-accident-lawyers/darien-ga/,0,128,0,36.12
https://rodenlaw.com/locations/georgia/savannah/pooler/west-pooler/,1,127,0.787,16.57
https://rodenlaw.com/blog-burn-injury-workers-compensation/,0,127,0,39.95
https://rodenlaw.com/gracias-ppc-3/,0,127,0,17.36
https://rodenlaw.com/locations/south-carolina/charleston/north-charleston/,0,127,0,24.4
https://rodenlaw.com/es/blog/is-hipaa-violation-medical-malpractice/,1,126,0.794,7.67
https://rodenlaw.com/locations/georgia/savannah/hinesville/fort-stewart-area/,0,126,0,12.33
https://rodenlaw.com/practice-areas/nursing-home-abuse-lawyers/nursing-home-neglect/,0,126,0,17.43
https://rodenlaw.com/resources/i-516-truck-accidents-port-savannah/,1,125,0.8,11.67
https://rodenlaw.com/contact-us/?utm=myrtle-beach-gbp,0,125,0,13.38
https://rodenlaw.com/locations/south-carolina/north-charleston/summerville/knightsville/,0,125,0,11.64
https://rodenlaw.com/practice-areas/bicycle-accident-lawyers/darien-ga/,0,125,0,50.95
https://rodenlaw.com/blog/hanahan-murray-avenue-highland-park-bicycle-accident-lawyer/,1,124,0.806,10.5
https://rodenlaw.com/locations/south-carolina/myrtle-beach/socastee/socastee-village/,0,124,0,18.24
https://rodenlaw.com/locations/south-carolina/north-charleston/summerville/summers-corner/,0,124,0,10.15
https://rodenlaw.com/practice-areas/atv-side-by-side-accident-lawyers/north-charleston-sc/,0,124,0,36.06
https://rodenlaw.com/product-liability-lawyers/defective-childrens-product/,0,124,0,15.52
https://rodenlaw.com/workers-compensation-lawyers/darien-ga/,0,124,0,13.8
https://rodenlaw.com/blog/georgia-pedestrian-right-of-way-laws/#pedestrian-duties,0,123,0,9.14
https://rodenlaw.com/pedestrian-accident-lawyers/hit-and-run-pedestrian-accident/,0,123,0,31.92
https://rodenlaw.com/test/,0,123,0,6.21
https://rodenlaw.com/blog/proving-your-pain-after-a-charleston-car-accident/,1,122,0.82,19.11
https://rodenlaw.com/blog/options-for-denied-injury-claims/#gather-evidence,0,122,0,8.74
https://rodenlaw.com/practice-areas/motorcycle-accident-lawyers/rear-end-motorcycle-accident/,0,122,0,12.27
https://rodenlaw.com/testimonials/ricky-h/,0,122,0,7.85
https://rodenlaw.com/blog/boys-estate-glynn-county-best-car-accident-lawyer/,0,121,0,9.32
https://rodenlaw.com/blog/options-for-denied-injury-claims/#review-denial-letter,0,121,0,8.89
https://rodenlaw.com/locations/georgia/savannah/statesboro/georgia-southern/,0,121,0,11.74
https://rodenlaw.com/locations/south-carolina/north-charleston/goose-creek/westchester/,0,121,0,26.71
https://rodenlaw.com/resources/rivers-avenue-truck-accidents-north-charleston/,1,120,0.833,10.09
https://rodenlaw.com/blog/negligence-and-18-wheeler-accidents/,0,120,0,27.86
https://rodenlaw.com/practice-areas/premises-liability-lawyers/apartment-complex-injury/,0,120,0,15.15
https://rodenlaw.com/blog/category/motorcycle-accident/,1,119,0.84,8.29
https://rodenlaw.com/blog/benefits-for-workplace-violence/#covered-scenarios,0,119,0,6.83
https://rodenlaw.com/blog/benefits-for-workplace-violence/#not-covered,0,119,0,6.83
https://rodenlaw.com/blog/how-loud-music-increases-crash-risk-charleston/#driving,0,119,0,9.12
https://rodenlaw.com/blog/how-loud-music-increases-crash-risk-charleston/#reduce,0,119,0,9.12
https://rodenlaw.com/category/charleston/,0,119,0,11.03
https://rodenlaw.com/blog/category/personal-injury/page/2/,0,118,0,11.52
https://rodenlaw.com/locations/south-carolina/myrtle-beach/forestbrook/,0,118,0,16.25
https://rodenlaw.com/locations/georgia/savannah/whitemarsh-island/,1,116,0.862,10.65
https://rodenlaw.com/blog/7-mistakes-to-avoid-after-a-motorcycle-accident/,0,116,0,31.7
https://rodenlaw.com/locations/georgia/savannah/garden-city/,0,116,0,16.03
https://rodenlaw.com/locations/south-carolina/charleston/mount-pleasant/park-west/,0,116,0,19.36
https://rodenlaw.com/blog/port-truck-accidents-charleston-liability/,1,115,0.87,11.09
https://rodenlaw.com/category/truck-accident/,1,115,0.87,38.89
https://rodenlaw.com/motorcycle-accident-lawyers/left-turn-accident/,0,115,0,14.22
https://rodenlaw.com/staff/kelli-threm/,4,114,3.509,12.53
https://rodenlaw.com/blog/category/medical-malpractice/,0,114,0,59.47
https://rodenlaw.com/blog/options-for-denied-injury-claims/#bad-faith-complaint,0,114,0,8.92
https://rodenlaw.com/blog/options-for-denied-injury-claims/#file-appeal,0,114,0,9.02
https://rodenlaw.com/car-accident-lawyers/multi-vehicle-pileup/,0,114,0,16.32
https://rodenlaw.com/why-mitigate-damages-after-a-car-crash/,0,114,0,41.22
https://rodenlaw.com/blog/get-auto-accident-claim-georgia/,0,113,0,49.36
https://rodenlaw.com/blog/options-for-denied-injury-claims/#bad-faith-georgia,0,113,0,9.02
https://rodenlaw.com/es/blog/i-20-bush-river-road-motorcycle-accident-lawyer-columbia/,0,113,0,8.84
https://rodenlaw.com/case-result/162500-settlement-premises-liability/,0,112,0,12.91
https://rodenlaw.com/es/practice-areas/burn-injury-lawyers/,0,112,0,26.72
https://rodenlaw.com/locations/south-carolina/north-charleston/summerville/nexton/,0,112,0,16.31
https://rodenlaw.com/attorney/kiley-reidy/,5,111,4.505,26.76
https://rodenlaw.com/hearing-loss-after-charleston-car-accident/,0,111,0,27.4
https://rodenlaw.com/practice-areas/boating-accident-lawyers/pontoon-boat-accident/,0,111,0,56.05
https://rodenlaw.com/practice-areas/wrongful-death-lawyers/fatal-truck-accident/,0,111,0,14.83
https://rodenlaw.com/case-result/900000-mva-settlement-truck-accidents/,2,110,1.818,10.29
https://rodenlaw.com/locations/south-carolina/charleston/west-ashley/avondale/,1,110,0.909,27.62
https://rodenlaw.com/blog/liability-for-sudden-emergency-accidents/#common-medical-emergencies-causing-crashes,0,109,0,4.28
https://rodenlaw.com/resources/south-carolina-motorcycle-accident-settlement-value/,0,109,0,30.69
https://rodenlaw.com/blog/category/nursing-home-abuse/,0,108,0,14.98
https://rodenlaw.com/blog/category/workers-compensation/page/3/,0,108,0,21.49
https://rodenlaw.com/blog/best-car-accident-lawyer-ashley-river-road-greenwood-park-west-ashley/,0,107,0,27.86
https://rodenlaw.com/blog/why-should-i-consult-a-personal-injury-lawyer-for-my-accident/,0,107,0,12.72
https://rodenlaw.com/locations/south-carolina/charleston/downtown-charleston/harleston-village/,0,107,0,16.65
https://rodenlaw.com/testimonials/rebecca-harris/,5,106,4.717,10.48
https://rodenlaw.com/blog/liability-for-sudden-emergency-accidents/#georgia-sudden-emergency-defense,0,106,0,4.25
https://rodenlaw.com/es,0,106,0,56.71
https://rodenlaw.com/blog/litchfield-pawleys-island-golf-cart-accident-lawyer-georgetown-county/,2,105,1.905,12.7
https://rodenlaw.com/blog/darien-river-boating-accident-lawyer/,0,105,0,15.27
https://rodenlaw.com/locations/south-carolina/myrtle-beach/litchfield-beach/,0,105,0,15.01
https://rodenlaw.com/practice-areas,0,105,0,17.34
https://rodenlaw.com/blog-releasing-medical-records/,3,104,2.885,11.5
https://rodenlaw.com/dog-bite-laws-south-carolina-charleston/,1,104,0.962,22.27
https://rodenlaw.com/practice-areas/car-accident-lawyers/service-vehicle-accident/,0,104,0,12.02
https://rodenlaw.com/blog/islands-expressway-whitemarsh-island-motorcycle-accident-chatham-county/,0,103,0,14.19
https://rodenlaw.com/blog/summerville-i-26-18-wheeler-accident-lawyer-dorchester-county/,0,103,0,12.06
https://rodenlaw.com/blog/what-to-do-after-car-accident-south-carolina/#filing-a-claim,0,103,0,4.67
https://rodenlaw.com/blog/what-to-do-after-car-accident-south-carolina/#south-carolina-car-accident-laws,0,103,0,4.67
https://rodenlaw.com/practice-areas/atv-side-by-side-accident-lawyers/myrtle-beach-sc/,0,103,0,29.08
https://rodenlaw.com/practice-areas/dog-bite-lawyers/dog-attack-jogger-cyclist/,0,103,0,7.44
https://rodenlaw.com/practice-areas/motorcycle-accident-lawyers/head-on-motorcycle-collision/,0,103,0,12.79
https://rodenlaw.com/es/workers-compensation-lawyers/savannah-ga/,1,102,0.98,14.32
https://rodenlaw.com/locations/south-carolina/myrtle-beach/carolina-forest/the-farm/,0,102,0,12.23
https://rodenlaw.com/locations/south-carolina/north-charleston/summerville/pine-forest-inn/,0,102,0,17.35
https://rodenlaw.com/practice-areas/maritime-injury-lawyers/commercial-fishing-injury/,0,102,0,26.48
https://rodenlaw.com/blog/how-using-social-media-can-hurt-an-accident-claim/,0,101,0,14.37
https://rodenlaw.com/practice-areas/motorcycle-accident-lawyers/intersection-motorcycle-accident/,0,101,0,10.8
https://rodenlaw.com/product-liability-lawyers/defective-auto-parts/,0,101,0,31.56
https://rodenlaw.com/locations/south-carolina/charleston/mount-pleasant/dunes-west/,0,100,0,26.23
https://rodenlaw.com/blog/how-loud-music-increases-crash-risk-charleston/#impact,0,99,0,9.26
https://rodenlaw.com/locations/south-carolina/charleston/downtown-charleston/french-quarter/,0,99,0,26.88
https://rodenlaw.com/blog/category/personal-injury/page/7/,2,98,2.041,11.23
https://rodenlaw.com/blog/page/22/,0,98,0,71.01
https://rodenlaw.com/locations/south-carolina/charleston/mount-pleasant/belle-hall/,1,97,1.031,41.69
https://rodenlaw.com/blog/category/workers-compensation/,0,97,0,11.2
https://rodenlaw.com/blog/workers-compensation-faqs/,0,97,0,50.33
https://rodenlaw.com/practice-area/medical-malpractice-lawyers/,0,97,0,50.63
https://rodenlaw.com/blog/social-media-personal-injury-claim/,1,96,1.042,13.32
https://rodenlaw.com/blog/financial-abuse-at-nursing-homes/#ga-sc-laws,0,96,0,6.67
https://rodenlaw.com/locations/south-carolina/charleston/summerville/knightsville/,0,96,0,4.94
https://rodenlaw.com/product-liability-lawyers/darien-ga/,0,95,0,35.14
https://rodenlaw.com/slip-and-fall-lawyers/stairway-escalator-fall/,1,94,1.064,23.73
https://rodenlaw.com/blog/how-car-insurers-use-private-investigators/#pi-evidence-against-you,0,94,0,3.66
https://rodenlaw.com/practice-areas/albany/slip-and-fall-lawyers/,0,94,0,19.59
https://rodenlaw.com/blog/park-circle-east-montague-drunk-driving-accident-lawyer-north-charleston/,0,93,0,11.58
https://rodenlaw.com/locations/south-carolina/charleston/west-ashley/west-ashley-park/,0,93,0,34.49
https://rodenlaw.com/locations/south-carolina/north-charleston/goose-creek/howe-hall/,0,93,0,20.41
https://rodenlaw.com/category/legal-guidance/,1,92,1.087,8.17
https://rodenlaw.com/locations/south-carolina/north-charleston/summerville/sangaree/,1,92,1.087,22.41
https://rodenlaw.com/blog/west-ashley-sam-rittenberg-boulevard-motorcycle-accident-lawyer/,0,92,0,14.62
https://rodenlaw.com/category/truck-accidents/,0,92,0,14.7
https://rodenlaw.com/practice-areas/boating-accident-lawyers/commercial-vessel-accident/,0,91,0,20.75
https://rodenlaw.com/locations/georgia/savannah/southside-savannah/savannah-quarters/,0,90,0,7.26
https://rodenlaw.com/value-of-car-crash-claim-if-permanent-injuries/,0,90,0,35.22
https://rodenlaw.com/bicycle-accident-lawyers/distracted-driver-bicycle-accident/,0,89,0,16.18
https://rodenlaw.com/blog/page/20/,0,89,0,13.3
https://rodenlaw.com/case-result/10860000-verdict-product-liability/,0,89,0,12.8
https://rodenlaw.com/practice-areas/macon/,0,89,0,19.88
https://rodenlaw.com/blog/financial-abuse-at-nursing-homes/#what-is-elder-financial-abuse,0,88,0,6.94
https://rodenlaw.com/practice-areas/boating-accident-lawyers/speedboat-powerboat-collision/,0,88,0,9.67
https://rodenlaw.com/practice-areas/pedestrian-accident-lawyers/distracted-driver-pedestrian-accident/,0,88,0,17.1
https://rodenlaw.com/practice-areas/car-accident-lawyers/rear-end-collision/,1,87,1.149,32.36
https://rodenlaw.com/blog/negligence-vs-gross-negligence/#punitive-damages,0,87,0,6.7
https://rodenlaw.com/locations/south-carolina/charleston/mount-pleasant/old-village/,1,85,1.176,14.87
https://rodenlaw.com/practice-areas/pedestrian-accident-lawyers/backing-up-parking-lot-accident/,1,85,1.176,7.96
https://rodenlaw.com/blog/liability-for-sudden-emergency-accidents/#what-is-sudden-medical-emergency-defense,0,85,0,4.82
https://rodenlaw.com/practice-areas/electric-scooter-accident-lawyers/savannah-ga/,0,85,0,13.89
https://rodenlaw.com/locations/south-carolina/myrtle-beach/north-myrtle-beach/barefoot-landing/,0,84,0,19.81
https://rodenlaw.com/practice-areas/bicycle-accident-lawyers/distracted-driver-bicycle-accident/,0,84,0,12.65
https://rodenlaw.com/resources/seasonal-truck-accidents-myrtle-beach/,0,84,0,10.7
https://rodenlaw.com/spinal-cord-injury-lawyers/spinal-fracture/,0,84,0,13.19
https://rodenlaw.com/blog-georgia-statute-of-limitations/,0,83,0,25.01
https://rodenlaw.com/slip-and-fall-lawyers/hotel-resort-injury/,0,83,0,31.92
https://rodenlaw.com/how-poor-truck-maintenance-causes-charleston-accidents/,1,82,1.22,16.11
https://rodenlaw.com/blog/category/atv-accident/,0,82,0,33.23
https://rodenlaw.com/blog/dick-pond-road-sc-544-truck-accident-lawyer-surfside-beach/,0,82,0,9.05
https://rodenlaw.com/blog/south-carolina-pedestrian-right-of-way-laws/#comparative-fault,0,82,0,6.87
https://rodenlaw.com/blog/liability-for-sudden-emergency-accidents/#south-carolina-sudden-emergency-defense,0,81,0,4.43
https://rodenlaw.com/boating-accident-lawyers/sailboat-accident/,0,81,0,22.6
https://rodenlaw.com/spinal-cord-injury-lawyers/incomplete-spinal-cord-injury/,0,81,0,45.26
https://rodenlaw.com/case-result/125000-settlement-auto-accident-2/,2,80,2.5,6.72
https://rodenlaw.com/blog/st-andrews-road-widewater-18-wheeler-accident-lawyer-richland-county/,1,80,1.25,11.53
https://rodenlaw.com/atv-side-by-side-accident-lawyers/darien-ga/,0,80,0,25.26
https://rodenlaw.com/case-result/525000-recovery-auto-accident/,0,80,0,29.99
https://rodenlaw.com/practice-areas/brunswick/,0,80,0,17.29
https://rodenlaw.com/blog-negligence-and-18-wheeler-accidents/,1,79,1.266,45.71
https://rodenlaw.com/blog/mount-pleasant-johnnie-dodds-us-17-uninsured-motorist-lawyer/,1,79,1.266,9.18
https://rodenlaw.com/locations/south-carolina/north-charleston/goose-creek/carnes-crossroads/,1,79,1.266,13.66
https://rodenlaw.com/case-result/350000-settlement-nursing-home-elder-abuse/,0,79,0,24
https://rodenlaw.com/personal-injury-lawyers/myrtle-beach-sc/,0,79,0,41.78
https://rodenlaw.com/practice-areas/general/,0,79,0,12.01
https://rodenlaw.com/blog/contingency-fee-system/#how-it-works,0,78,0,4.67
https://rodenlaw.com/practice-areas/car-accident-lawyers/rivers-avenue-accident/,0,78,0,21.92
https://rodenlaw.com/practice-areas/slip-and-fall-lawyers/darien-ga/,0,78,0,21.86
https://rodenlaw.com/blog/category/car-accident/page/6/,1,77,1.299,9.69
https://rodenlaw.com/locations/south-carolina/north-charleston/wescott-plantation/,1,77,1.299,12.81
https://rodenlaw.com/wp-content/uploads/2024/03/RL-large-graphic-fnl.jpg,1,77,1.299,12.57
https://rodenlaw.com/blog/when-to-call-charleston-personal-injury-lawyer/#reasons,0,77,0,8.83
https://rodenlaw.com/locations/georgia/savannah/effingham-county/egypt/,0,77,0,30.99
https://rodenlaw.com/motorcycle-accident-lawyers/single-vehicle-motorcycle-crash/,0,77,0,32.53
https://rodenlaw.com/blog-filing-soft-tissue-injury-claims-in-charleston/,0,76,0,46.54
https://rodenlaw.com/es/south-carolina-workers-compensation-lawyer/,0,76,0,18.84
https://rodenlaw.com/golf-cart-accident-lawyers/darien-ga/,0,76,0,22.49
https://rodenlaw.com/motorcycle-accident-lawyers/head-on-motorcycle-collision/,0,76,0,35.74
https://rodenlaw.com/practice-areas/boating-accident-lawyers/columbia-sc/,0,76,0,36.71
https://rodenlaw.com/testimonials,1,75,1.333,24.73
https://rodenlaw.com/testimonials/dante-williams-dante/,1,75,1.333,14.19
https://rodenlaw.com/blog/rivers-avenue-northwoods-bus-accident-lawyer-north-charleston/,0,75,0,14.79
https://rodenlaw.com/practice-area/workers-compensation-lawyer/,0,75,0,33.77
https://rodenlaw.com/practice-areas/workers-compensation-lawyers/denied-workers-comp-claim/,0,75,0,20.48
https://rodenlaw.com/locations/south-carolina/charleston/ravenel/,0,74,0,20.12
https://rodenlaw.com/practice-areas/car-accident-lawyers/i-26-accident/,0,74,0,27.07
https://rodenlaw.com/wrongful-death-lawyers/pedestrian-cyclist-fatality/,0,74,0,17.16
https://rodenlaw.com/es/practice-areas/maritime-injury-lawyers/,0,73,0,13.41
https://rodenlaw.com/practice-area/slip-and-fall-attorneys/,0,73,0,34.34
https://rodenlaw.com/slip-and-fall-lawyers/retail-store-trip-and-fall/,0,73,0,18.27
https://rodenlaw.com/blog/contingency-fee-system/#ga-sc-rules,0,72,0,4.93
https://rodenlaw.com/blog/i-20-bush-river-road-motorcycle-accident-lawyer-columbia/,0,72,0,14.38
https://rodenlaw.com/blog/negligence-vs-gross-negligence/#examples,0,72,0,6.58
https://rodenlaw.com/blog/savannah-veterans-parkway-car-accident-lawyer/,0,72,0,17.1
https://rodenlaw.com/boating-accident-lawyers/commercial-vessel-accident/,0,72,0,16.69
https://rodenlaw.com/testimonial/bryant-grinnell/,0,72,0,13.36
https://rodenlaw.com/blog/can-passengers-be-at-fault-for-a-crash/,1,71,1.408,16.97
https://rodenlaw.com/blog/car-insurance-add-ons/#minimum-requirements,0,71,0,7.37
https://rodenlaw.com/blog/south-carolina-pedestrian-right-of-way-laws/#driver-duties,0,71,0,6.94
https://rodenlaw.com/case-result/300000-settlement-auto-accident-4/,0,71,0,11.06
https://rodenlaw.com/locations/south-carolina/charleston/mount-pleasant/carolina-park/,0,71,0,43.11
https://rodenlaw.com/locations/south-carolina/charleston/mount-pleasant/snee-farm/,0,71,0,10.65
https://rodenlaw.com/blog/south-carolina-pedestrian-right-of-way-laws/#common-violations,0,70,0,7
https://rodenlaw.com/blog/south-carolina-pedestrian-right-of-way-laws/#what-is-right-of-way,0,70,0,7
https://rodenlaw.com/locations/georgia/savannah/downtown-savannah/river-street/,0,70,0,10.23
https://rodenlaw.com/locations/georgia/savannah/midtown-savannah/ardsley-park-chatham-crescent/,1,69,1.449,20.45
https://rodenlaw.com/how-pain-and-suffering-is-calculated-after-an-accident-in-georgia/,0,69,0,5.97
https://rodenlaw.com/practice-areas/motorcycle-accident-lawyers/darien-ga/,0,69,0,12.57
https://rodenlaw.com/wrongful-death-lawyers/fatal-truck-accident/,0,69,0,34.48
https://rodenlaw.com/testimonial/ben-young/,2,68,2.941,13.43
https://rodenlaw.com/class-action/ivc-filter/,0,68,0,12.47
https://rodenlaw.com/blog/medical-malpractice-limits-south-carolina/#discovery-rule,0,67,0,4.3
https://rodenlaw.com/practice-areas/workers-compensation-lawyers/construction-worker-injury/,0,67,0,30.15
https://rodenlaw.com/locations/south-carolina/north-charleston/charleston-heights/,1,66,1.515,16.71
https://rodenlaw.com/a-pedestrians-guide-to-claiming-lost-wages-in-charleston/,0,66,0,17.88
https://rodenlaw.com/blog/georgia-pedestrian-right-of-way-laws/#comparative-fault,0,66,0,8.97
https://rodenlaw.com/blog/georgia-pedestrian-right-of-way-laws/#driver-duties,0,66,0,8.92
https://rodenlaw.com/blog/medical-malpractice-limits-south-carolina/#mediation-requirement,0,66,0,4.32
https://rodenlaw.com/burn-injury-lawyers/myrtle-beach-sc/,0,66,0,9.18
https://rodenlaw.com/car-accident-lawyers/service-vehicle-accident/,0,66,0,13.92
https://rodenlaw.com/blog/car-insurance-add-ons/#gap-insurance,0,65,0,7.74
https://rodenlaw.com/motorcycle-accident-lawyers/drunk-driver-motorcycle-accident/,0,65,0,11.65
https://rodenlaw.com/practice-areas/slip-and-fall-lawyers/workplace-slip-and-fall/,0,65,0,20.49
https://rodenlaw.com/blog/yamacraw-village-pedestrian-accident-lawyer/,1,64,1.562,14.06
https://rodenlaw.com/case-result/130000-settlement-auto-accident/,1,64,1.562,5.02
https://rodenlaw.com/blog/how-covid-19-affects-a-workers-comp-claim/,0,64,0,46.59
https://rodenlaw.com/blog/taxes-on-car-crash-settlement-in-georgia/#what-is-taxable,0,64,0,5.67
https://rodenlaw.com/locations/georgia/darien/sea-island/,2,63,3.175,8.78
https://rodenlaw.com/blog/help-teen-safer-driver/,1,63,1.587,24.06
https://rodenlaw.com/blog/taxes-on-car-crash-settlement-in-georgia/#what-is-excluded,0,63,0,5.71
https://rodenlaw.com/blog/workers-compensation-2017/,0,63,0,38.76
https://rodenlaw.com/class-action-lawyers/dangerous-drugs/,0,63,0,56.68
https://rodenlaw.com/practice-areas/brain-injury-lawyers/darien-ga/,0,63,0,50.52
https://rodenlaw.com/blog/diminished-value-claims-after-car-accident/#how-diminished-value-calculated,0,62,0,6.5
https://rodenlaw.com/blog/georgia-pedestrian-right-of-way-laws/#marked-vs-unmarked,0,62,0,9.11
https://rodenlaw.com/blog/georgia-pedestrian-right-of-way-laws/#what-is-right-of-way,0,62,0,9.11
https://rodenlaw.com/practice-areas/burn-injury-lawyers/darien-ga/,0,62,0,33.29
https://rodenlaw.com/es/resources/how-much-does-south-carolina-workers-comp-pay/,3,61,4.918,5.11
https://rodenlaw.com/blog/mount-pleasant-mark-clark-expressway-i-526-motorcycle-accident-lawyer/,1,61,1.639,8.95
https://rodenlaw.com/a-practical-guide-after-a-truck-accident-in-downtown-columbia/,0,61,0,29.41
https://rodenlaw.com/blog/georgia-pedestrian-right-of-way-laws/#common-violations,0,61,0,9.11
https://rodenlaw.com/locations/georgia/savannah/downtown-savannah/historic-district/,0,61,0,12.7
https://rodenlaw.com/locations/south-carolina/north-charleston/dorchester-terrace-waylyn/,0,61,0,14.82
https://rodenlaw.com/practice-areas/premises-liability-lawyers/retail-store-shopping-center-injury/,0,61,0,23.31
https://rodenlaw.com/savannah/practice-areas/,0,61,0,13.74
https://rodenlaw.com/locations/south-carolina/murrells-inlet/,1,60,1.667,16.5
https://rodenlaw.com/blog/independent-medical-exams/#ime-rules-south-carolina,0,60,0,4.75
https://rodenlaw.com/es/practice-areas/dog-bite-lawyers/,0,60,0,17.43
https://rodenlaw.com/blog/when-to-call-charleston-personal-injury-lawyer/#timing,0,59,0,8.97
https://rodenlaw.com/es/practice-areas/medical-malpractice-lawyers/,0,59,0,18.54
https://rodenlaw.com/es/resources/south-carolina-workers-comp-body-part-values/,0,59,0,6.46
https://rodenlaw.com/locations/south-carolina/myrtle-beach/bucksport/,0,59,0,21.08
https://rodenlaw.com/practice-areas/spinal-cord-injury-lawyers/complete-spinal-cord-injury/,0,59,0,22.53
https://rodenlaw.com/blog/page/24/,0,58,0,15.74
https://rodenlaw.com/blog/taxes-on-car-crash-settlement-in-georgia/#settlement-structure,0,58,0,5.76
https://rodenlaw.com/category/car-accident/,0,58,0,17.74
https://rodenlaw.com/category/pain-and-suffering/,0,58,0,6.55
https://rodenlaw.com/locations/south-carolina/myrtle-beach/wampee/,0,58,0,15.1
https://rodenlaw.com/locations/south-carolina/north-charleston/goose-creek/brickhope-plantation/,0,58,0,15.36
https://rodenlaw.com/locations/south-carolina/north-charleston/liberty-hill/,0,58,0,24
https://rodenlaw.com/practice-areas/wrongful-death-lawyers/pedestrian-cyclist-fatality/,0,58,0,10.83
https://rodenlaw.com/spinal-cord-injury-lawyers/complete-spinal-cord-injury/,0,58,0,22.34
https://rodenlaw.com/blog/taxes-on-car-crash-settlement-in-georgia/#georgia-state-taxes,0,57,0,5.79
https://rodenlaw.com/blog/taxes-on-car-crash-settlement-in-georgia/#south-carolina-state-taxes,0,57,0,5.79
https://rodenlaw.com/blog/taxes-on-car-crash-settlement-in-georgia/#workers-comp-taxes,0,57,0,5.79
https://rodenlaw.com/es/south-carolina-car-accident-lawyers/,0,57,0,14.58
https://rodenlaw.com/locations/georgia/savannah/ardsley-park/,0,57,0,14.23
https://rodenlaw.com/blog/page/4/,0,56,0,10.39
https://rodenlaw.com/motorcycle-accident-lawyers/darien-ga/,0,56,0,14.39
https://rodenlaw.com/practice-areas/golf-cart-accident-lawyers/golf-cart-pedestrian-accident/,1,55,1.818,20.56
https://rodenlaw.com/blog/category/car-accident/page/9/,0,55,0,7.65
https://rodenlaw.com/blog/diminished-value-claims-after-car-accident/#how-to-file,0,55,0,5.49
https://rodenlaw.com/locations/south-carolina/myrtle-beach/myrtle-beach/grande-dunes/,0,55,0,15.65
https://rodenlaw.com/locations/south-carolina/charleston/downtown-charleston/ansonborough/,1,54,1.852,17.22
https://rodenlaw.com/blog/category/car-accident/page/3/,0,54,0,11.31
https://rodenlaw.com/blog/compensation-for-chronic-pain-after-a-car-crash-in-charleston/#claims,0,54,0,9.46
https://rodenlaw.com/blog/how-to-spot-distracted-drivers-ten-signs-savannah-ga/#injuries,0,54,0,11.39
https://rodenlaw.com/blog/how-to-spot-distracted-drivers-ten-signs-savannah-ga/#warning,0,54,0,11.39
https://rodenlaw.com/blog/liability-for-sudden-emergency-accidents/#when-the-defense-fails,0,54,0,5.2
https://rodenlaw.com/practice-areas/truck-accident-lawyers/i-26-truck-accident/,0,54,0,32.54
https://rodenlaw.com/testimonials/charles-constant/,0,54,0,10.63
https://rodenlaw.com/blog/charlestons-crash-hotspots-to-avoid-in-2025-2/,1,53,1.887,9.26
https://rodenlaw.com/burn-injury-lawyers/defective-product-burn/,0,53,0,17.98
https://rodenlaw.com/locations/south-carolina/myrtle-beach/briarcliffe-acres/,0,53,0,21.55
https://rodenlaw.com/locations/south-carolina/myrtle-beach/burgess/,0,53,0,19.28
https://rodenlaw.com/practice-areas/motorcycle-accident-lawyers/hit-and-run-motorcycle-accident/,0,53,0,21.66
https://rodenlaw.com/wrongful-death-lawyers/fatal-car-accident/,0,53,0,18.11
https://rodenlaw.com/category/personal-injury/,0,52,0,15.02
https://rodenlaw.com/locations/south-carolina/myrtle-beach/garden-city-beach/pier-area/,0,52,0,49
https://rodenlaw.com/testimonial/anthony-b/,0,52,0,10.4
https://rodenlaw.com/resources/south-carolina-premises-liability-settlement-value/,2,51,3.922,10.31
https://rodenlaw.com/blog-liens-and-your-personal-injury-claims/,0,51,0,48.86
https://rodenlaw.com/blog/category/car-accident/page/8/,0,51,0,13.71
https://rodenlaw.com/blog/the-role-of-vocational-rehabilitation-in-workers-compensation-cases/#types-of-services,0,51,0,5.86
https://rodenlaw.com/blog/the-role-of-vocational-rehabilitation-in-workers-compensation-cases/#what-is-vocational-rehab,0,51,0,5.86
https://rodenlaw.com/category/medical-bill-recovery/,0,51,0,7.65
https://rodenlaw.com/greenville-sc-car-accident-lawyer/,0,51,0,44.25
https://rodenlaw.com/locations/south-carolina/myrtle-beach/green-sea/,0,51,0,12.33
https://rodenlaw.com/blog/maximum-medical-improvement-in-an-injury-claim/#who-determines,0,50,0,4.1
https://rodenlaw.com/blog/st-simons-island-kings-way-motorcycle-accident-lawyer/,0,50,0,13.38
https://rodenlaw.com/es/practice-areas/premises-liability-lawyers/,0,50,0,43.78
https://rodenlaw.com/practice-areas/boating-accident-lawyers/myrtle-beach-sc/,0,50,0,56.58
https://rodenlaw.com/blog/liability-for-sudden-emergency-accidents/#who-else-may-be-liable,0,49,0,5.29
https://rodenlaw.com/golf-cart-accident-lawyers/savannah-ga/,0,49,0,29.14
https://rodenlaw.com/practice-areas/burn-injury-lawyers/defective-product-burn/,0,49,0,18.8
https://rodenlaw.com/blog/compensation-for-chronic-pain-after-a-car-crash-in-charleston/#long,0,48,0,9.56
https://rodenlaw.com/blog/liability-for-sudden-emergency-accidents/#georgia-vs-south-carolina-comparison,0,48,0,5.29
https://rodenlaw.com/es/workers-compensation-lawyers/myrtle-beach-sc/,0,48,0,19.35
https://rodenlaw.com/how-to-maximize-your-car-accident-compensation-in-georgia/,0,48,0,6.67
https://rodenlaw.com/blog/blog-am-i-eligible-for-workers-compensation/,0,47,0,51.34
https://rodenlaw.com/blog/green-grove-dorchester-road-atv-accident-lawyer-north-charleston/,0,47,0,24.4
https://rodenlaw.com/blog/what-are-the-upsides-of-filing-a-personal-injury-lawsuit/,0,47,0,10.7
https://rodenlaw.com/blog/when-to-call-charleston-personal-injury-lawyer/#standard,0,47,0,8.64
https://rodenlaw.com/case-result/160000-settlement-workers-compensation/,0,47,0,10.04
https://rodenlaw.com/case-result/9800000-recovery-premises-liability/,0,47,0,7.32
https://rodenlaw.com/es/resources/south-carolina-statute-of-limitations/,2,46,4.348,5.46
https://rodenlaw.com/blog/category/free-case-review/,0,46,0,23.02
https://rodenlaw.com/blog/diminished-value-claims-after-car-accident/#what-is-diminished-value,0,46,0,6.59
https://rodenlaw.com/blog/how-to-spot-distracted-drivers-ten-signs-savannah-ga/#dangerous,0,46,0,11.26
https://rodenlaw.com/blog/how-to-spot-distracted-drivers-ten-signs-savannah-ga/#law,0,46,0,11.26
https://rodenlaw.com/case-result/496000-settlement-truck-accidents/,0,46,0,8.91
https://rodenlaw.com/es/bicycle-accident-lawyers/north-charleston-sc/,0,46,0,11.26
https://rodenlaw.com/es/construction-accident-lawyers/savannah-ga/,0,46,0,22.39
https://rodenlaw.com/es/resources/south-carolina-workers-comp-impairment-rating-mmi/,0,46,0,7.35
https://rodenlaw.com/locations/south-carolina/myrtle-beach/atlantic-beach/,0,46,0,18.5
https://rodenlaw.com/locations/south-carolina/north-charleston/northwoods/,0,46,0,26.17
https://rodenlaw.com/practice-areas/charleston/car-accident-lawyers/?utm_campaign=gbp_charleston,0,46,0,18.02
https://rodenlaw.com/resources/,0,46,0,11.22
https://rodenlaw.com/testimonial/lizzie-kirkley/,0,46,0,10.13
https://rodenlaw.com/blog/compensation-for-chronic-pain-after-a-car-crash-in-charleston/#compensation,0,45,0,9.11
https://rodenlaw.com/blog/page/25/,0,45,0,10.73
https://rodenlaw.com/blog/southover-mills-b-lane-motorcycle-accident-lawyer/,0,45,0,13.27
https://rodenlaw.com/case-result/305000-settlement-premises-liability/,0,45,0,25.71
https://rodenlaw.com/case-results/27000000-settlement-truck-accident/,0,45,0,7.78
https://rodenlaw.com/testimonials/kim-howard/,0,45,0,23.2
https://rodenlaw.com/testimonial/rachel-fraser/,2,44,4.545,19.07
https://rodenlaw.com/blog/category/car-accident/page/11/,0,44,0,10.61
https://rodenlaw.com/case-result/1550000-settlement-auto-accident/,0,44,0,8.05
https://rodenlaw.com/testimonial/charles-constant/,0,44,0,17.93
https://rodenlaw.com/who-we-are,0,44,0,3.89
https://rodenlaw.com/workers-compensation-lawyers/port-worker-injury/,0,44,0,48.84
https://rodenlaw.com/blog/car-insurance-add-ons/#rental-roadside,0,43,0,7.44
https://rodenlaw.com/blog/darien-brunswick-dangerous-roads-i95-us17/#why-dangerous,0,43,0,10.95
https://rodenlaw.com/blog/maximum-medical-improvement-in-an-injury-claim/#what-is-mmi,0,43,0,4.51
https://rodenlaw.com/blog/page/19/,0,43,0,16.44
https://rodenlaw.com/pedestrian-accident-lawyers/rivers-avenue-pedestrian/,0,43,0,25.51
https://rodenlaw.com/testimonials/nicole-barber/,0,43,0,11.47
https://rodenlaw.com/blog/a-pedestrians-guide-to-claiming-lost-wages-in-charleston/,0,42,0,10.55
https://rodenlaw.com/blog/category/car-accident/page/5/,0,42,0,11.52
https://rodenlaw.com/blog/certification-of-permanent-injury/#ga-sc-rules,0,42,0,7.81
https://rodenlaw.com/blog/darien-brunswick-dangerous-roads-i95-us17/#common-causes,0,42,0,11.05
https://rodenlaw.com/blog/darien-brunswick-dangerous-roads-i95-us17/#i-95-corridor,0,42,0,11.02
https://rodenlaw.com/blog/maximum-medical-improvement-in-an-injury-claim/#mmi-personal-injury,0,42,0,4.52
https://rodenlaw.com/practice-areas/bicycle-accident-lawyers/myrtle-beach-sc/,0,42,0,26.64
https://rodenlaw.com/workers-compensation-lawyers/savannah-port-worker-injury/,1,41,2.439,44.76
https://rodenlaw.com/blog/darien-brunswick-dangerous-roads-i95-us17/#rural-road-dangers,0,41,0,11.12
https://rodenlaw.com/blog/darien-brunswick-dangerous-roads-i95-us17/#us-17,0,41,0,11.12
https://rodenlaw.com/blog/darien-brunswick-dangerous-roads-i95-us17/#us-82-341,0,41,0,11.12
https://rodenlaw.com/testimonial/joshua-johnson/,0,41,0,13.85
https://rodenlaw.com/west-ashley-vs-downtown-charleston-driving-risks/,0,41,0,6.83
https://rodenlaw.com/blog/category/car-accidents/,1,40,2.5,15.35
https://rodenlaw.com/case-result/162500-settlement-truck-accidents/,1,40,2.5,6.8
https://rodenlaw.com/case-result/117500-recovery-truck-accidents/,0,40,0,11.88
https://rodenlaw.com/case-result/135000-settlement-premises-liability/,0,40,0,13.28
https://rodenlaw.com/case-result/525000-settlement-truck-accidents/,0,40,0,8.97
https://rodenlaw.com/locations/georgia/savannah/pooler/godley-station/,0,40,0,17.68
https://rodenlaw.com/privacy-policy-2/,0,40,0,6.03
https://rodenlaw.com/slip-and-fall-lawyers/wet-floor-accident/,0,40,0,19.7
https://rodenlaw.com/testimonials/joshua-johnson/,0,40,0,9.18
https://rodenlaw.com/blog/south-kings-highway-us-17-business-underinsured-motorist-lawyer/,1,39,2.564,17.31
https://rodenlaw.com/blog/car-insurance-add-ons/#medpay,0,39,0,7.13
https://rodenlaw.com/blog/compensation-for-chronic-pain-after-a-car-crash-in-charleston/#medical,0,39,0,9.18
https://rodenlaw.com/blog/independent-medical-exams/#why-insurance-companies-request-imes,0,39,0,4.9
https://rodenlaw.com/blog/letters-of-protection-for-injury-victims/#how-a-letter-of-protection-works,0,39,0,6.69
https://rodenlaw.com/blog/n-lake-drive-us-17-business-best-car-accident-lawyer/,0,39,0,23.82
https://rodenlaw.com/impaired-driving-caused-by-prescription-medications/#illegal,0,39,0,8.85
https://rodenlaw.com/impaired-driving-caused-by-prescription-medications/#lead,0,39,0,8.85
https://rodenlaw.com/es/workers-compensation-lawyers/columbia-sc/,1,38,2.632,31.76
https://rodenlaw.com/blog/benefit-of-a-personal-injury-pain-diary/#why-important,0,38,0,4.34
https://rodenlaw.com/es/locations/,0,38,0,12.55
https://rodenlaw.com/locations/south-carolina/columbia/gaston/,0,38,0,10.39
https://rodenlaw.com/truck-accident-lawyers/cement-truck-accident/,0,38,0,12.5
https://rodenlaw.com/case-result/3350000-verdict-premises-liability/,1,37,2.703,6.38
https://rodenlaw.com/blog/carriage-tour-accidents-downtown-charleston-liability/#who-is-liable,0,37,0,7.38
https://rodenlaw.com/blog/diminished-value-claims-after-car-accident/#evidence-you-need,0,37,0,5.78
https://rodenlaw.com/case-result/900000-settlement-workers-compensation/,0,37,0,8.38
https://rodenlaw.com/category/columbia/,0,37,0,4.65
https://rodenlaw.com/es/blog/summerville-i-26-18-wheeler-accident-lawyer-dorchester-county/,0,37,0,39.97
https://rodenlaw.com/es/practice-areas/slip-and-fall-lawyers/,0,37,0,35.14
https://rodenlaw.com/who-we-are/attorneys/hillary-burris/,4,36,11.111,6.22
https://rodenlaw.com/blog/east-bay-street-savannah-pedestrian-accident-lawyer/,1,36,2.778,49.39
https://rodenlaw.com/charleston-historic-sidewalk-slip-fall-city-liable/,1,36,2.778,4.22
https://rodenlaw.com/staff/amsi-raudales/,1,36,2.778,24.42
https://rodenlaw.com/blog/blog-when-does-workers-compensation-stop-paying/,0,36,0,11.28
https://rodenlaw.com/blog/brunswick-ocean-highway-us-17-underinsured-motorist-lawyer-glynn-county/,0,36,0,19.14
https://rodenlaw.com/blog/carriage-tour-accidents-downtown-charleston-liability/#filing-deadlines,0,36,0,7.53
https://rodenlaw.com/blog/category/car-accident-help/,0,36,0,9.69
https://rodenlaw.com/blog/letters-of-protection-for-injury-victims/#letters-of-protection-in-georgia,0,36,0,5.36
https://rodenlaw.com/blog/letters-of-protection-for-injury-victims/#when-you-may-need-a-letter-of-protection,0,36,0,6.67
https://rodenlaw.com/blog/liability-for-backing-up-crashes-in-charleston/#backing,0,36,0,8.39
https://rodenlaw.com/blog/liability-for-backing-up-crashes-in-charleston/#crashes,0,36,0,8.39
https://rodenlaw.com/blog/your-guide-to-justice-after-a-charleston-truck-accident-2/,0,36,0,17.06
https://rodenlaw.com/case-result/600000-settlement-auto-accident/,1,35,2.857,10.57
https://rodenlaw.com/practice-areas/maritime-injury-lawyers/darien-ga/,1,35,2.857,24.14
https://rodenlaw.com/blog/car-insurance-add-ons/#collision-comprehensive,0,35,0,7.29
https://rodenlaw.com/blog/car-insurance-add-ons/#underinsured-motorist,0,35,0,7.29
https://rodenlaw.com/blog/car-insurance-add-ons/#uninsured-motorist,0,35,0,7.29
https://rodenlaw.com/blog/carriage-tour-accidents-downtown-charleston-liability/#carriage-tours-charleston,0,35,0,7.37
https://rodenlaw.com/blog/page/26/,0,35,0,7.46
https://rodenlaw.com/blog/who-may-be-liable-for-a-parking-lot-car-accident-in-charleston/,0,35,0,11.57
https://rodenlaw.com/practice-areas/pedestrian-accident-lawyers/rivers-avenue-pedestrian/,0,35,0,33
https://rodenlaw.com/attorney/graeham-c-gillin/,5,34,14.706,3.59
https://rodenlaw.com/blog/carriage-tour-accidents-downtown-charleston-liability/#charleston-carriage-regulations,0,34,0,7.47
https://rodenlaw.com/blog/cayce-12th-street-uninsured-motorist-lawyer/,0,34,0,19.53
https://rodenlaw.com/blog/dangerous-savannah-intersections/#common-causes,0,34,0,5.41
https://rodenlaw.com/blog/dangerous-savannah-intersections/#dangerous-corridors,0,34,0,5.41
https://rodenlaw.com/blog/dangerous-savannah-intersections/#most-dangerous-intersections,0,34,0,5.41
https://rodenlaw.com/es/practice-areas/wrongful-death-lawyers/,0,34,0,24.88
https://rodenlaw.com/testimonials/bryant-grinnell/,0,34,0,21.03
https://rodenlaw.com/blog/carriage-tour-accidents-downtown-charleston-liability/#common-accidents,0,33,0,7.48
https://rodenlaw.com/blog/carriage-tour-accidents-downtown-charleston-liability/#comparative-fault,0,33,0,7.55
https://rodenlaw.com/blog/financial-abuse-at-nursing-homes/#reporting,0,33,0,7.15
https://rodenlaw.com/blog/financial-abuse-at-nursing-homes/#warning-signs,0,33,0,7.18
https://rodenlaw.com/blog/why-federal-rules-matter-in-your-port-of-charleston-truck-accident-2/,0,33,0,5.64
https://rodenlaw.com/case-results/10860000-verdict-product-liability/,0,33,0,3.03
https://rodenlaw.com/es/bicycle-accident-lawyers/darien-ga/,0,33,0,34.42
https://rodenlaw.com/who-we-are/attorneys/caroline-shaw/,2,32,6.25,6.81
https://rodenlaw.com/blog/old-fort-jackson-savannah-fatal-truck-accident-lawyer/,1,32,3.125,13.88
https://rodenlaw.com/blog-lane-change-accident-liability/,0,32,0,8.62
https://rodenlaw.com/blog/workers-comp-for-carpal-tunnel-syndrome/#carpal-tunnel-workplace-injury,0,32,0,5.75
https://rodenlaw.com/car-accident-lawyers/rivers-avenue-accident/,0,32,0,14.72
https://rodenlaw.com/es/resources/south-carolina-personal-injury-faq/,0,32,0,6.94
https://rodenlaw.com/locations/south-carolina/myrtle-beach/myrtle-beach/market-common/,0,32,0,8.31
https://rodenlaw.com/locations/south-carolina/north-charleston/summerville/wescott/,0,32,0,18.41
https://rodenlaw.com/practice-areas/albany/product-liability-lawyers/,0,32,0,11.31
https://rodenlaw.com/testimonial/bryston-butler/,0,32,0,19.34
https://rodenlaw.com/blog/carriage-tour-accidents-downtown-charleston-liability/#injuries,0,31,0,7.45
https://rodenlaw.com/blog/certification-of-permanent-injury/#why-certification-matters,0,31,0,8.68
https://rodenlaw.com/blog/letters-of-protection-for-injury-victims/#what-is-a-letter-of-protection,0,31,0,7.81
https://rodenlaw.com/blog/workers-comp-for-carpal-tunnel-syndrome/#benefits-available,0,31,0,5.84
https://rodenlaw.com/blog/workers-comp-for-carpal-tunnel-syndrome/#proving-work-related,0,31,0,5.87
https://rodenlaw.com/case-result/190000-settlement-auto-accident/,0,31,0,19.87
https://rodenlaw.com/case-results/2500000-settlement-auto-accident/,0,31,0,25.68
https://rodenlaw.com/locations/south-carolina/myrtle-beach/?ref=gmb_mb,0,31,0,1.77
https://rodenlaw.com/practice-category/truck-accidents/,0,31,0,38.61
https://rodenlaw.com/blog/category/car-accident/page/10/,0,30,0,17.5
https://rodenlaw.com/blog/certification-of-permanent-injury/#what-is-certification,0,30,0,7.13
https://rodenlaw.com/blog/letters-of-protection-for-injury-victims/#how-insurance-companies-attack-letters-of-protection,0,30,0,5.47
https://rodenlaw.com/blog/page/18/,0,30,0,9.73
https://rodenlaw.com/blog/what-to-do-when-you-are-in-a-car-accident/#at-the-scene,0,30,0,6.13
https://rodenlaw.com/blog/workers-comp-for-carpal-tunnel-syndrome/#what-is-carpal-tunnel,0,30,0,5.97
https://rodenlaw.com/practice-areas/wrongful-death-lawyers/defective-product-death/,0,30,0,34.8
https://rodenlaw.com/testimonials/rachel-fraser/,0,30,0,7.27
https://rodenlaw.com/es/resources/south-carolina-car-accident-settlement-value/,4,29,13.793,4.83
https://rodenlaw.com/testimonials/lizzie-kirkley/,1,29,3.448,7.59
https://rodenlaw.com/blog/category/workers-compensation/page/2/,0,29,0,14.72
https://rodenlaw.com/blog/financial-abuse-at-nursing-homes/#types,0,29,0,7.66
https://rodenlaw.com/blog/financial-abuse-at-nursing-homes/#who-commits,0,29,0,7.66
https://rodenlaw.com/blog/what-to-do-when-you-are-in-a-car-accident/#georgia-specific,0,29,0,6.21
https://rodenlaw.com/category/commercial-vehicles/,0,29,0,8.1
https://rodenlaw.com/emergency-room-errors-charleston-misdiagnosis-malpractice/,0,29,0,9.72
https://rodenlaw.com/practice-area-location/columbia/,0,29,0,9.38
https://rodenlaw.com/es/resources/georgia-car-accident-settlement-value/,3,28,10.714,2.54
https://rodenlaw.com/blog/charleston-parking-lot-parking-garage-accident/#common-scenarios,0,28,0,6.71
https://rodenlaw.com/blog/driving-tips-around-trucks/#safe-driving-tips,0,28,0,7.79
https://rodenlaw.com/blog/how-can-an-attorney-help-with-my-car-accident-claim/,0,28,0,10.39
https://rodenlaw.com/blog/your-first-steps-after-a-truck-accident-in-downtown-columbia-sc/,0,28,0,29.25
https://rodenlaw.com/case-results/350000-settlement-nursing-home-elder-abuse/,0,28,0,8.61
https://rodenlaw.com/es/blog/,0,28,0,7.57
https://rodenlaw.com/es/construction-accident-lawyers/north-charleston-sc/,0,28,0,16.57
https://rodenlaw.com/testimonials/kmarieee-_/,0,28,0,11.79
https://rodenlaw.com/blog/benefit-of-a-personal-injury-pain-diary/#what-is-pain-diary,0,27,0,3.78
https://rodenlaw.com/blog/category/consumer-alerts/,0,27,0,24.15
https://rodenlaw.com/blog/category/pedestrian-accident/,0,27,0,46.67
https://rodenlaw.com/blog/category/personal-injury/page/9/,0,27,0,13.63
https://rodenlaw.com/blog/dangerous-savannah-intersections/#georgia-traffic-laws,0,27,0,5.59
https://rodenlaw.com/blog/dangerous-savannah-intersections/#why-savannah-intersections,0,27,0,5.59
https://rodenlaw.com/blog/driving-tips-around-trucks/#blind-spots,0,27,0,7.89
https://rodenlaw.com/blog/the-role-of-vocational-rehabilitation-in-workers-compensation-cases/#how-vocational-rehab-works,0,27,0,4.19
https://rodenlaw.com/case-result/300000-settlement-premises-liability/,0,27,0,14.78
https://rodenlaw.com/es/bicycle-accident-lawyers/savannah-ga/,0,27,0,33.63
https://rodenlaw.com/es/practice-areas/product-liability-lawyers/,0,27,0,42.89
https://rodenlaw.com/resources/south-carolina-personal-injury-faq/,0,27,0,43.96
https://rodenlaw.com/testimonials/bryston-butler/,0,27,0,16.7
https://rodenlaw.com/charleston-medical-malpractice-hospital-claim-south-carolina/,1,26,3.846,9.15
https://rodenlaw.com/blog/charleston-parking-lot-parking-garage-accident/#parking-lot-accidents-charleston,0,26,0,7
https://rodenlaw.com/blog/how-poor-truck-maintenance-causes-charleston-accidents-2/,0,26,0,34.69
https://rodenlaw.com/blog/page/38/,0,26,0,6.31
https://rodenlaw.com/es/bicycle-accident-lawyers/myrtle-beach-sc/,0,26,0,9.19
https://rodenlaw.com/es/motorcycle-accident-lawyers/columbia-sc/,0,26,0,6.81
https://rodenlaw.com/testimonials/ashley-b/,0,26,0,9.85
https://rodenlaw.com/blog/garden-city-ga-21-augusta-road-car-accident-lawyer/,1,25,4.0,7.2
https://rodenlaw.com/blog/blind-spot-accidents/#ga-sc-laws,0,25,0,4.56
https://rodenlaw.com/blog/charleston-parking-lot-parking-garage-accident/#fault-in-parking-lots,0,25,0,6.96
https://rodenlaw.com/case-results/496000-settlement-truck-accident/,0,25,0,6.08
https://rodenlaw.com/practice-area-location/savannah-medical-malpractice/,0,25,0,26.96
https://rodenlaw.com/testimonials/anthony-b/,0,25,0,9.36
https://rodenlaw.com/blog/independent-medical-exams/#ga-vs-sc-comparison,0,24,0,6.38
https://rodenlaw.com/blog/the-role-of-vocational-rehabilitation-in-workers-compensation-cases/#how-it-works,0,24,0,7.75
https://rodenlaw.com/car-accident-lawyers/hit-and-run-accident/,0,24,0,14.88
https://rodenlaw.com/case-result/120000-settlement-truck-accidents/,0,24,0,4.92
https://rodenlaw.com/case-result/175000-settlement-auto-accident/,0,24,0,9.33
https://rodenlaw.com/case-result/500000-workers-comp-resolution-workers-compensation/,0,24,0,7.29
https://rodenlaw.com/es/blog/eulonia-us-17-ocean-highway-rideshare-uber-accident-lawyer-mcintosh-county/,0,24,0,15.38
https://rodenlaw.com/es/blog/n-lake-drive-us-17-business-best-car-accident-lawyer/,0,24,0,45.33
https://rodenlaw.com/savannah/medical-malpractice-attorneys/,0,24,0,25.25
https://rodenlaw.com/testimonials/britany-roberson/,1,23,4.348,8.52
https://rodenlaw.com/blog/category/car-accident/page/4/,0,23,0,12.17
https://rodenlaw.com/blog/charleston-parking-lot-parking-garage-accident/#premises-liability,0,23,0,7.04
https://rodenlaw.com/blog/witness-testimony/,0,23,0,29.78
https://rodenlaw.com/case-result/135000-workers-comp-resolution-workers-compensation/,0,23,0,5.04
https://rodenlaw.com/case-result/250000-settlement-auto-accident/,0,23,0,10.57
https://rodenlaw.com/practice-areas/atv-side-by-side-accident-lawyers/savannah-ga/,0,23,0,12.48
https://rodenlaw.com/practice-areas/boating-accident-lawyers/jet-ski-personal-watercraft/,0,23,0,31.17
https://rodenlaw.com/practice-areas/brain-injury-lawyers/severe-traumatic-brain-injury/,0,23,0,55.83
https://rodenlaw.com/practice-areas/medical-malpractice-lawyers/birth-injury/,0,23,0,16.57
https://rodenlaw.com/locations/south-carolina/charleston/mcclellanville/,1,22,4.545,14.32
https://rodenlaw.com/blog-savannah-ppi-attorney/,0,22,0,19.23
https://rodenlaw.com/blog/charleston-parking-lot-parking-garage-accident/#private-property-rules,0,22,0,7.32
https://rodenlaw.com/blog/demand-letters-in-personal-injury-cases/#what-is-demand-letter,0,22,0,6.18
https://rodenlaw.com/blog/liens-and-your-personal-injury-claims/#what-is-a-lien,0,22,0,7.91
https://rodenlaw.com/blog/pedestrian-accidents-musc-charleston-medical-district/#musc-medical-district,0,22,0,4.91
https://rodenlaw.com/blog/pedestrian-accidents-musc-charleston-medical-district/#why-dangerous,0,22,0,4.91
https://rodenlaw.com/car-accident-lawyers/i-26-accident/,0,22,0,19.09
https://rodenlaw.com/case-result/300000-settlement-workers-compensation/,0,22,0,8.36
https://rodenlaw.com/case-results/500000-settlement-auto-accident/,0,22,0,9.32
https://rodenlaw.com/es/blog/st-andrews-road-widewater-18-wheeler-accident-lawyer-richland-county/,0,22,0,21.05
https://rodenlaw.com/how-pain-and-suffering-is-calculated-after-an-accident-in-south-carolina/,0,22,0,7
https://rodenlaw.com/workers-compensation-lawyers/gulfstream-aerospace-injury/,0,22,0,18.82
https://rodenlaw.com/blog/category/north-charleston/,1,21,4.762,15.19
https://rodenlaw.com/practice-areas/slip-and-fall-lawyers/retail-shopping-center-fall/,1,21,4.762,9
https://rodenlaw.com/a-charleston-residents-guide-to-tourist-car-accidents/,0,21,0,14.05
https://rodenlaw.com/blog/a-guide-to-car-accident-claims-at-columbias-toughest-intersections-2/,0,21,0,12.33
https://rodenlaw.com/blog/blind-spot-accidents/#common-blind-spot-accidents,0,21,0,5.14
https://rodenlaw.com/blog/car-accident-attorney-near-me-west-ashley-citadel-mall/,0,21,0,38.29
https://rodenlaw.com/blog/certification-of-permanent-injury/#certification-process,0,21,0,8.43
https://rodenlaw.com/blog/chicora-cherokee-carner-avenue-us-52-car-accident-attorney-north-charleston/,0,21,0,14.86
https://rodenlaw.com/blog/demand-letters-in-personal-injury-cases/#what-to-include,0,21,0,6.43
https://rodenlaw.com/blog/liens-and-your-personal-injury-claims/#government-liens,0,21,0,7.86
https://rodenlaw.com/blog/pedestrian-accidents-musc-charleston-medical-district/#common-crash-types,0,21,0,5
https://rodenlaw.com/blog/pedestrian-accidents-musc-charleston-medical-district/#dangerous-corridors,0,21,0,5
https://rodenlaw.com/blog/pedestrian-accidents-musc-charleston-medical-district/#injuries,0,21,0,5
https://rodenlaw.com/blog/pedestrian-accidents-musc-charleston-medical-district/#sc-pedestrian-laws,0,21,0,5
https://rodenlaw.com/blog/pedestrian-accidents-musc-charleston-medical-district/#who-is-liable,0,21,0,5
https://rodenlaw.com/blog/protecting-your-rights-after-a-myrtle-beach-car-accident-3/,0,21,0,22.24
https://rodenlaw.com/blog/what-to-do-after-car-accident-south-carolina/#after-leaving-the-scene,0,21,0,5.43
https://rodenlaw.com/blog/what-to-do-after-car-accident-south-carolina/#at-the-scene,0,21,0,5.43
https://rodenlaw.com/blog/what-to-do-after-car-accident-south-carolina/#comparative-fault,0,21,0,5.43
https://rodenlaw.com/blog/what-to-do-after-car-accident-south-carolina/#damages,0,21,0,5.43
https://rodenlaw.com/case-result/200000-settlement-auto-accident-3/,0,21,0,8.9
https://rodenlaw.com/case-result/200000-settlement-premises-liability/,0,21,0,13.48
https://rodenlaw.com/category/myrtle-beach/,0,21,0,10.86
https://rodenlaw.com/es/blog/southover-mills-b-lane-motorcycle-accident-lawyer/,0,21,0,19.52
https://rodenlaw.com/es/pedestrian-accident-lawyers/darien-ga/,0,21,0,23.14
https://rodenlaw.com/practice-areas/savannah/spinal-cord-injury-lawyers/,0,21,0,7.67
https://rodenlaw.com/blog/how-to-talk-to-your-doctor-about-your-charleston-car-accident-injuries/,1,20,5.0,27.55
https://rodenlaw.com/blog/ben-sawyer-boulevard-bridge-accidents-sullivans-island/#why-dangerous,0,20,0,7.5
https://rodenlaw.com/blog/blind-spot-accidents/#preventing-blind-spot-accidents,0,20,0,5.9
https://rodenlaw.com/blog/shem-creek-boating-dock-injuries-mount-pleasant/#common-injuries,0,20,0,6.5
https://rodenlaw.com/blog/socastee-holmestown-road-underinsured-motorist-lawyer/,0,20,0,25.65
https://rodenlaw.com/blog/tenmile-i-26-best-car-accident-lawyer-north-charleston/,0,20,0,36.65
https://rodenlaw.com/case-result/205000-resolution-auto-accident/,0,20,0,7.3
https://rodenlaw.com/case-result/250000-settlement-premises-liability/,0,20,0,19.75
https://rodenlaw.com/case-results/355000-settlement-auto-accident/,0,20,0,30.5
https://rodenlaw.com/es/blog/dick-pond-road-sc-544-truck-accident-lawyer-surfside-beach/,0,20,0,12.15
https://rodenlaw.com/blog/ben-sawyer-boulevard-bridge-accidents-sullivans-island/#ben-sawyer-boulevard,0,19,0,7.26
https://rodenlaw.com/blog/filing-a-claim-for-an-injured-minor/#who-can-file,0,19,0,5.79
https://rodenlaw.com/blog/liability-for-backing-up-crashes-in-charleston/#happen,0,19,0,8.05
https://rodenlaw.com/blog/maximum-medical-improvement-in-an-injury-claim/#mmi-workers-comp,0,19,0,2.89
https://rodenlaw.com/blog/shem-creek-boating-dock-injuries-mount-pleasant/#waterway-hazards,0,19,0,6.68
https://rodenlaw.com/case-result/130000-settlement-workers-compensation/,0,19,0,6.16
https://rodenlaw.com/es/blog/eastern-wharf-harbor-street-electric-scooter-accident-lawyer/,0,19,0,24.32
https://rodenlaw.com/maybank-highway-car-accidents-johns-island/,0,19,0,5.63
https://rodenlaw.com/practice-areas/truck-accident-lawyers/18-wheeler-semi-truck-accident/,0,19,0,15.32
https://rodenlaw.com/spinal-cord-injury-lawyers/darien-ga/,0,19,0,5.26
https://rodenlaw.com/blog-liability-for-sudden-emergency-accidents/,0,18,0,21.28
https://rodenlaw.com/blog/letters-of-protection-for-injury-victims/#benefits-of-using-a-letter-of-protection,0,18,0,7.11
https://rodenlaw.com/blog/who-is-at-fault-in-a-charleston-merge-accident-2/,0,18,0,9.11
https://rodenlaw.com/carriage-tour-accidents-downtown-charleston-liability/,0,18,0,7
https://rodenlaw.com/case-result/100000-settlement-auto-accident-2/,0,18,0,21.28
https://rodenlaw.com/case-result/125000-recovery-auto-accident/,0,18,0,4.17
https://rodenlaw.com/case-result/305000-settlement-premises-liability-2/,0,18,0,18.78
https://rodenlaw.com/case-results/350000-settlement-auto-accident/,2,17,11.765,19.47
https://rodenlaw.com/who-we-are/attorneys/haley-yokeley/,1,17,5.882,7.94
https://rodenlaw.com/blog/category/car-accident/page/2/,0,17,0,14.94
https://rodenlaw.com/blog/category/truck-accident/page/2/,0,17,0,13.35
https://rodenlaw.com/blog/protecting-your-rights-after-a-myrtle-beach-car-accident-2/,0,17,0,17.06
https://rodenlaw.com/blog/shem-creek-boating-dock-injuries-mount-pleasant/#maritime-law,0,17,0,7.29
https://rodenlaw.com/case-result/125000-resolution-auto-accident/,0,17,0,6.88
https://rodenlaw.com/case-result/575000-settlement-workers-compensation/,0,17,0,6.47
https://rodenlaw.com/case-results/700000-settlement-product-liability/,0,17,0,2.47
https://rodenlaw.com/category/medical-malpractice/,0,17,0,8.18
https://rodenlaw.com/es/blog/st-simons-island-kings-way-motorcycle-accident-lawyer/,0,17,0,20.47
https://rodenlaw.com/es/practice-areas/brain-injury-lawyers/,0,17,0,22.41
https://rodenlaw.com/es/resources/,0,17,0,6.59
https://rodenlaw.com/blog/?refPageViewId=PAGE_VIEW_ID,0,16,0,48.25
https://rodenlaw.com/blog/certification-of-permanent-injury/#proving-permanence,0,16,0,8.88
https://rodenlaw.com/blog/certification-of-permanent-injury/#types-of-permanent-injuries,0,16,0,8.75
https://rodenlaw.com/blog/letters-of-protection-for-injury-victims/#risks-and-drawbacks-to-consider,0,16,0,7.12
https://rodenlaw.com/blog/liens-and-your-personal-injury-claims/#ga-vs-sc-comparison,0,16,0,8.44
https://rodenlaw.com/blog/maybank-highway-car-accidents-johns-island/#maybank-highway-bottleneck,0,16,0,6.06
https://rodenlaw.com/case-result/1000000-settlement-auto-accident/,0,16,0,7
https://rodenlaw.com/case-result/225000-settlement-auto-accident/,0,16,0,28.19
https://rodenlaw.com/case-result/275000-settlement-auto-accident/,0,16,0,21.94
https://rodenlaw.com/case-results/1675000-recovery-auto-accident/,0,16,0,8.19
https://rodenlaw.com/case-results/175000-settlement-auto-accident/,0,16,0,9.94
https://rodenlaw.com/case-results/300000-settlement-auto-accident/,0,16,0,11.06
https://rodenlaw.com/practice-areas/burn-injury-lawyers/north-charleston-sc/,0,16,0,54.81
https://rodenlaw.com/practice-areas/construction-accident-lawyers/scaffold-ladder-fall/,0,16,0,16.5
https://rodenlaw.com/testimonial/a-mcgee/,0,16,0,16.69
https://rodenlaw.com/testimonials/tie-miller/,0,16,0,8.94
https://rodenlaw.com/blog/ben-sawyer-boulevard-bridge-accidents-sullivans-island/#cyclist-pedestrian-risks,0,15,0,7.47
https://rodenlaw.com/blog/category/car-accident/page/7/,0,15,0,6.47
https://rodenlaw.com/blog/category/pain-and-suffering/,0,15,0,12.73
https://rodenlaw.com/blog/charleston-parking-lot-parking-garage-accident/#pedestrian-strikes,0,15,0,8.13
https://rodenlaw.com/blog/charleston-parking-lot-parking-garage-accident/#police-reports,0,15,0,8.13
https://rodenlaw.com/blog/dangerous-rural-crashes-in-charleston/#dangerous,0,15,0,8.87
https://rodenlaw.com/blog/dangerous-rural-crashes-in-charleston/#rural,0,15,0,8.87
https://rodenlaw.com/blog/driving-tips-around-trucks/#common-truck-accidents,0,15,0,8.33
https://rodenlaw.com/blog/driving-tips-around-trucks/#ga-sc-truck-laws,0,15,0,8.33
https://rodenlaw.com/case-result/100000-settlement-auto-accident-8/,0,15,0,18.47
https://rodenlaw.com/case-results/600000-settlement-truck-accident/,0,15,0,5.93
https://rodenlaw.com/es/about/,0,15,0,16.27
https://rodenlaw.com/es/blog/mount-pleasant-johnnie-dodds-us-17-uninsured-motorist-lawyer/,0,15,0,25.6
https://rodenlaw.com/personal-injury-claim-charleston-berkeley-dorchester-county/,0,15,0,6.13
https://rodenlaw.com/practice-areas/car-accident-lawyers/construction-vehicle-accident/,0,15,0,14.93
https://rodenlaw.com/case-result/405000-settlement-auto-accident/,1,14,7.143,7.36
https://rodenlaw.com/es/blog/can-you-sue-hipaa-violation/,1,14,7.143,5.21
https://rodenlaw.com/blog-understanding-eye-injuries-after-a-savannah-car-accident/#option,0,14,0,7.93
https://rodenlaw.com/blog-understanding-eye-injuries-after-a-savannah-car-accident/#types,0,14,0,7.93
https://rodenlaw.com/blog/ben-sawyer-boulevard-bridge-accidents-sullivans-island/#common-crash-types,0,14,0,8
https://rodenlaw.com/blog/driving-tips-around-trucks/#why-truck-accidents,0,14,0,8.57
https://rodenlaw.com/blog/maybank-highway-car-accidents-johns-island/#why-dangerous,0,14,0,6.36
https://rodenlaw.com/blog/page/27/,0,14,0,7.36
https://rodenlaw.com/brunswick/workers-compensation-attorney/,0,14,0,1
https://rodenlaw.com/case-result/150000-recovery-premises-liability/,0,14,0,9.43
https://rodenlaw.com/case-results/117500-recovery-truck-accident/,0,14,0,7.79
https://rodenlaw.com/case-results/1550000-settlement-auto-accident/,0,14,0,8.71
https://rodenlaw.com/case-results/575000-settlement-auto-accident/,0,14,0,9.29
https://rodenlaw.com/testimonial/byshiba-moon/,0,14,0,16.36
https://rodenlaw.com/es/contact/,1,13,7.692,10.54
https://rodenlaw.com/blog/category/boating-accident/,0,13,0,16.08
https://rodenlaw.com/blog/dangerous-rural-crashes-in-charleston/#fatal,0,13,0,9.31
https://rodenlaw.com/blog/page/44/,0,13,0,17.69
https://rodenlaw.com/case-result/125000-settlement-workers-compensation/,0,13,0,7.23
https://rodenlaw.com/case-result/150000-settlement-auto-accident-2/,0,13,0,8.77
https://rodenlaw.com/case-result/210000-recovery-truck-accidents/,0,13,0,59.92
https://rodenlaw.com/case-result/210000-settlement-auto-accident/,0,13,0,14.15
https://rodenlaw.com/case-result/275000-settlement-auto-accident-3/,0,13,0,10.85
https://rodenlaw.com/case-result/300000-settlement-auto-accident-2/,0,13,0,6.08
https://rodenlaw.com/case-result/3000000-settlement-auto-accident/,0,13,0,11.15
https://rodenlaw.com/case-results/100000-recovery-work-injury/,0,13,0,6.62
https://rodenlaw.com/es/resources/south-carolina-um-uim-stacking/,0,13,0,5.77
https://rodenlaw.com/hearing-loss-after-charleston-car-accident/#car,0,13,0,9.77
https://rodenlaw.com/practice-areas/workers-compensation-lawyers/repetitive-stress-injury/,0,13,0,34.54
https://rodenlaw.com/how-long-personal-injury-case-charleston-sc/,1,12,8.333,8.33
https://rodenlaw.com/truck-accident-lawyers/port-freight-truck-accident/,1,12,8.333,18.25
https://rodenlaw.com/blog-follow-doctors-orders-after-accident/,0,12,0,35.08
https://rodenlaw.com/blog/ben-sawyer-boulevard-bridge-accidents-sullivans-island/#comparative-fault,0,12,0,8.08
https://rodenlaw.com/blog/ben-sawyer-boulevard-bridge-accidents-sullivans-island/#who-is-liable,0,12,0,8.08
https://rodenlaw.com/blog/blind-spot-accidents/#what-are-blind-spots,0,12,0,5.17
https://rodenlaw.com/blog/bucksport-marina-waccamaw-intracoastal-boating-accident-lawyer/,0,12,0,8.5
https://rodenlaw.com/blog/contingency-fee-system/#what-is-contingency-fee,0,12,0,4.17
https://rodenlaw.com/blog/filing-a-claim-for-an-injured-minor/#court-approval,0,12,0,6.17
https://rodenlaw.com/blog/filing-a-claim-for-an-injured-minor/#parent-claims-vs-child-claims,0,12,0,5
https://rodenlaw.com/blog/page/34/,0,12,0,9.08
https://rodenlaw.com/blog/recovering-damages-with-pre-existing-injuries/#common-pre-existing-conditions,0,12,0,7.67
https://rodenlaw.com/blog/recovering-damages-with-pre-existing-injuries/#what-is-pre-existing-injury,0,12,0,7.67
https://rodenlaw.com/case-result/120000-recovery-workers-compensation/,0,12,0,8.83
https://rodenlaw.com/case-results/250000-recovery-wrongful-death/,0,12,0,2.75
https://rodenlaw.com/case-results/3350000-verdict-premises-liability/,0,12,0,7.67
https://rodenlaw.com/category/car-accidents/,0,12,0,6.92
https://rodenlaw.com/es/blog/chicora-cherokee-carner-avenue-us-52-car-accident-attorney-north-charleston/,0,12,0,23.5
https://rodenlaw.com/es/blog/garden-city-ga-21-augusta-road-car-accident-lawyer/,0,12,0,5.67
https://rodenlaw.com/es/resources/south-carolina-workers-comp-claim-denied/,0,12,0,8.5
https://rodenlaw.com/locations/south-carolina/charleston/north-charleston/olde-north-charleston/,0,12,0,7.67
https://rodenlaw.com/practice-areas/boating-accident-lawyers/dock-marina-injury/,0,12,0,13.5
https://rodenlaw.com/testimonials/s-miller/,0,12,0,16.67
https://rodenlaw.com/who-we-are/attorneys/christina-butkus/,2,11,18.182,9.55
https://rodenlaw.com/case-result/300000-settlement-auto-accident/,0,11,0,12.55
https://rodenlaw.com/case-result/600000-settlement-truck-accidents/,0,11,0,35.18
https://rodenlaw.com/case-results/300000-recovery-product-liability/,0,11,0,15.36
https://rodenlaw.com/es/locations/georgia/darien/,0,11,0,15.36
https://rodenlaw.com/es/practice-areas/,0,11,0,39.82
https://rodenlaw.com/hearing-loss-after-charleston-car-accident/#proving,0,11,0,9.64
https://rodenlaw.com/i-526-expansion-construction-zone-accidents-charleston/,0,11,0,16.64
https://rodenlaw.com/practice-areas/columbia/,0,11,0,15.45
https://rodenlaw.com/practice-areas/product-liability-lawyers/defective-industrial-equipment/,0,11,0,26.91
https://rodenlaw.com/resources/highway-501-truck-accidents-conway-myrtle-beach/,0,11,0,14.64
https://rodenlaw.com/attorney/ivy/,1,10,10.0,2.9
https://rodenlaw.com/blog/benefit-of-a-personal-injury-pain-diary/#ga-sc-damages,0,10,0,7.5
https://rodenlaw.com/blog/benefit-of-a-personal-injury-pain-diary/#what-to-document,0,10,0,5.6
https://rodenlaw.com/blog/category/columbia/,0,10,0,10.9
https://rodenlaw.com/blog/high-risk-occupations-2017/,0,10,0,27.2
https://rodenlaw.com/blog/shem-creek-boating-dock-injuries-mount-pleasant/#bui-south-carolina,0,10,0,8.1
https://rodenlaw.com/blog/the-role-of-vocational-rehabilitation-in-workers-compensation-cases/#when-required,0,10,0,7.9
https://rodenlaw.com/case-result/100000-settlement-workers-compensation-2/,0,10,0,8.1
https://rodenlaw.com/case-result/250000-settlement-auto-accident-4/,0,10,0,22.2
https://rodenlaw.com/case-result/575000-settlement-auto-accident/,0,10,0,5
https://rodenlaw.com/case-results/9800000-recovery-premises-liability/,0,10,0,6.4
https://rodenlaw.com/es/blog/brunswick-ocean-highway-us-17-underinsured-motorist-lawyer-glynn-county/,0,10,0,20.1
https://rodenlaw.com/es/practice-areas/boating-accident-lawyers/,0,10,0,24.4
https://rodenlaw.com/highway-41-accidents-mount-pleasant-development/,0,10,0,4.4
https://rodenlaw.com/nursing-home-abuse-charleston-signs-families/,0,10,0,10.6
https://rodenlaw.com/practice-area/3536/,0,10,0,10.7
https://rodenlaw.com/practice-areas/atv-side-by-side-accident-lawyers/atv-product-defect/,0,10,0,31.2
https://rodenlaw.com/practice-areas/product-liability-lawyers/darien-ga/,0,10,0,23
https://rodenlaw.com/blog/blog-savannah-ppi-attorney/,0,9,0,17.78
https://rodenlaw.com/blog/category/rideshare-accident/,0,9,0,20.11
https://rodenlaw.com/blog/folly-road-car-accidents-james-island-charleston/#common-accident-types,0,9,0,4.89
https://rodenlaw.com/blog/folly-road-car-accidents-james-island-charleston/#injuries,0,9,0,4.89
https://rodenlaw.com/blog/folly-road-car-accidents-james-island-charleston/#why-so-dangerous,0,9,0,4.89
https://rodenlaw.com/blog/green-grove-mark-clark-expressway-uninsured-motorist-lawyer-north-charleston/,0,9,0,7.44
https://rodenlaw.com/blog/liens-and-your-personal-injury-claims/#medical-provider-liens,0,9,0,8.44
https://rodenlaw.com/blog/page/23/,0,9,0,84
https://rodenlaw.com/blog/page/36/,0,9,0,5.56
https://rodenlaw.com/case-result/100000-settlement-auto-accident-6/,0,9,0,8.78
https://rodenlaw.com/case-result/300000-settlement-auto-accident-3/,0,9,0,5.78
https://rodenlaw.com/case-result/700000-settlement-product-liability/,0,9,0,9
https://rodenlaw.com/case-results/1000000-settlement-auto-accident/,0,9,0,8
https://rodenlaw.com/case-results/200000-settlement-auto-accident/,0,9,0,22.56
https://rodenlaw.com/case-results/300000-resolution-auto-accident/,0,9,0,5.78
https://rodenlaw.com/category/workers-compensation/,0,9,0,21
https://rodenlaw.com/compensation-for-car-crash-facial-injuries-charleston/,0,9,0,28.67
https://rodenlaw.com/es/blog/east-bay-street-savannah-pedestrian-accident-lawyer/,0,9,0,8.22
https://rodenlaw.com/es/blog/murrells-inlet-jet-ski-accident-lawyer/,0,9,0,23.11
https://rodenlaw.com/es/south-carolina-personal-injury-lawyer/,0,9,0,55.56
https://rodenlaw.com/hearing-loss-after-charleston-car-accident/#type,0,9,0,9.56
https://rodenlaw.com/testimonials/a-mcgee/,0,9,0,8.56
https://rodenlaw.com/blog/blind-spot-accidents/#who-is-at-risk,0,8,0,7
https://rodenlaw.com/blog/category/myrtle-beach/,0,8,0,28.62
https://rodenlaw.com/blog/drunk-pedestrian-injury-claims/#pedestrian-intoxication-claims,0,8,0,4.38
https://rodenlaw.com/blog/maximum-medical-improvement-in-an-injury-claim/#disagree-with-mmi,0,8,0,4.12
https://rodenlaw.com/blog/maybank-highway-car-accidents-johns-island/#who-is-liable,0,8,0,6.12
https://rodenlaw.com/blog/shem-creek-boating-dock-injuries-mount-pleasant/#comparative-fault,0,8,0,7.88
https://rodenlaw.com/blog/shem-creek-boating-dock-injuries-mount-pleasant/#premises-liability,0,8,0,7.88
https://rodenlaw.com/blog/shem-creek-boating-dock-injuries-mount-pleasant/#shem-creek-overview,0,8,0,7.88
https://rodenlaw.com/case-result/100000-settlement-auto-accident-5/,0,8,0,17.62
https://rodenlaw.com/case-result/100000-settlement-auto-accident-7/,0,8,0,29.88
https://rodenlaw.com/case-result/120000-recovery-auto-accident/,0,8,0,9.62
https://rodenlaw.com/case-results/100000-policy-limits-auto-accident/,0,8,0,4.25
https://rodenlaw.com/case-results/125000-settlement-auto-accident/,0,8,0,24.38
https://rodenlaw.com/case-results/275000-settlement-auto-accident-3/,0,8,0,13.75
https://rodenlaw.com/case-results/400000-settlement-auto-accident-2/,0,8,0,31.38
https://rodenlaw.com/case-results/515000-settlement-auto-accident/,0,8,0,8.5
https://rodenlaw.com/category/uncategorized/,0,8,0,34
https://rodenlaw.com/class-action/talcum-powder/,0,8,0,18
https://rodenlaw.com/es/blog/litchfield-pawleys-island-golf-cart-accident-lawyer-georgetown-county/,0,8,0,20.88
https://rodenlaw.com/es/blog/mount-pleasant-mark-clark-expressway-i-526-motorcycle-accident-lawyer/,0,8,0,34.12
https://rodenlaw.com/es/practice-areas/nursing-home-abuse-lawyers/,0,8,0,9.75
https://rodenlaw.com/es/resources/south-carolina-comparative-negligence/,0,8,0,6.88
https://rodenlaw.com/practice-areas/truck-accident-lawyers/drunk-driver-accident/,0,8,0,24.12
https://rodenlaw.com/product-liability-lawyers/food-contamination/,0,8,0,25.25
https://rodenlaw.com/attorney/zach-stohr/,1,7,14.286,6.14
https://rodenlaw.com/blog/category/lost-wages-support/,0,7,0,55.14
https://rodenlaw.com/blog/georgia-super-speeder-law/#comparison-table,0,7,0,9.86
https://rodenlaw.com/blog/georgia-super-speeder-law/#sc-speeding-laws,0,7,0,9.86
https://rodenlaw.com/blog/georgia-super-speeder-law/#speeding-as-negligence,0,7,0,9.86
https://rodenlaw.com/blog/georgia-super-speeder-law/#what-is-super-speeder,0,7,0,9.86
https://rodenlaw.com/blog/medical-malpractice-limits-georgia/#statute-of-limitations,0,7,0,8.43
https://rodenlaw.com/blog/page/28/,0,7,0,8.14
https://rodenlaw.com/blog/what-to-do-when-you-are-in-a-car-accident/#after-leaving,0,7,0,7.86
https://rodenlaw.com/case-result/100000-settlement-auto-accident-4/,0,7,0,17.57
https://rodenlaw.com/case-result/100000-settlement-auto-accident/,0,7,0,24.43
https://rodenlaw.com/case-result/155000-settlement-auto-accident/,0,7,0,8.57
https://rodenlaw.com/case-result/172000-settlement-workers-compensation/,0,7,0,47.29
https://rodenlaw.com/case-result/200000-settlement-auto-accident/,0,7,0,6.43
https://rodenlaw.com/case-results/125000-recovery-auto-accident/,0,7,0,48.71
https://rodenlaw.com/case-results/205000-resolution-auto-accident/,0,7,0,9.14
https://rodenlaw.com/case-results/250000-settlement-premises-liability/,0,7,0,46.57
https://rodenlaw.com/category/nursing-home-abuse/,0,7,0,39.14
https://rodenlaw.com/es/resources/georgia-truck-accident-settlement-value/,0,7,0,4.43
https://rodenlaw.com/jet-ski-personal-watercraft-accidents-charleston/,0,7,0,5
https://rodenlaw.com/testimonials/ben-young/,0,7,0,9.57
https://rodenlaw.com/blog/a-charleston-residents-guide-to-tourist-car-accidents-2/,0,6,0,4.67
https://rodenlaw.com/blog/a-pedestrians-guide-to-claiming-lost-wages-in-charleston-2/,0,6,0,22.67
https://rodenlaw.com/blog/benefit-of-a-personal-injury-pain-diary/#sample-entries,0,6,0,8.17
https://rodenlaw.com/blog/blog-documents-for-personal-injury-claim/,0,6,0,11.33
https://rodenlaw.com/blog/drunk-pedestrian-injury-claims/#proving-driver-negligence,0,6,0,5.33
https://rodenlaw.com/blog/folly-road-car-accidents-james-island-charleston/#comparative-fault,0,6,0,5.5
https://rodenlaw.com/blog/folly-road-car-accidents-james-island-charleston/#dangerous-sections,0,6,0,5.5
https://rodenlaw.com/blog/folly-road-car-accidents-james-island-charleston/#folly-road-overview,0,6,0,5.5
https://rodenlaw.com/blog/folly-road-car-accidents-james-island-charleston/#who-is-liable,0,6,0,5.5
https://rodenlaw.com/blog/golf-colony-south-reindeer-road-underinsured-motorist-lawyer/,0,6,0,33.67
https://rodenlaw.com/blog/maximum-medical-improvement-in-an-injury-claim/#ga-sc-differences,0,6,0,5.17
https://rodenlaw.com/blog/maximum-medical-improvement-in-an-injury-claim/#impairment-ratings,0,6,0,5.17
https://rodenlaw.com/blog/maybank-highway-car-accidents-johns-island/#common-crash-types,0,6,0,6.83
https://rodenlaw.com/blog/maybank-highway-car-accidents-johns-island/#comparative-fault,0,6,0,6.83
https://rodenlaw.com/blog/maybank-highway-car-accidents-johns-island/#dangerous-sections,0,6,0,6.83
https://rodenlaw.com/blog/maybank-highway-car-accidents-johns-island/#injuries,0,6,0,6.83
https://rodenlaw.com/blog/medical-malpractice-limits-georgia/#discovery-rule,0,6,0,9.17
https://rodenlaw.com/blog/page/45/,0,6,0,6.67
https://rodenlaw.com/blog/understanding-eye-injuries-after-a-savannah-car-accident/#option,0,6,0,2.5
https://rodenlaw.com/blog/understanding-eye-injuries-after-a-savannah-car-accident/#types,0,6,0,2.5
https://rodenlaw.com/blog/what-to-do-when-you-are-in-a-car-accident/#mistakes-to-avoid,0,6,0,8.5
https://rodenlaw.com/blog/what-to-do-when-you-are-in-a-car-accident/#south-carolina-specific,0,6,0,8.5
https://rodenlaw.com/blog/what-to-do-when-you-are-in-a-car-accident/#why-checklist-matters,0,6,0,8.5
https://rodenlaw.com/case-result/250000-settlement-auto-accident-3/,0,6,0,20.67
https://rodenlaw.com/case-result/400000-settlement-auto-accident/,0,6,0,37.5
https://rodenlaw.com/case-result/500000-recovery-truck-accidents/,0,6,0,2.5
https://rodenlaw.com/case-results/1250000-settlement-wrongful-death/,0,6,0,40.33
https://rodenlaw.com/case-results/190000-settlement-auto-accident/,0,6,0,30.67
https://rodenlaw.com/case-results/305000-settlement-premises-liability-2/,0,6,0,38.83
https://rodenlaw.com/case-results/600000-settlement-auto-accident-2/,0,6,0,19
https://rodenlaw.com/daniel-island-accidents-event-traffic-golf-carts/,0,6,0,8
https://rodenlaw.com/es/practice-areas/personal-injury-lawyers/,0,6,0,56.67
https://rodenlaw.com/practice-areas/boating-accident-lawyers/kayak-canoe-accident/,0,6,0,8
https://rodenlaw.com/practice-areas/car-accident-lawyers/dorchester-road-accident/,0,6,0,14.67
https://rodenlaw.com/practice-areas/car-accident-lawyers/i-526-accident/,0,6,0,26.83
https://rodenlaw.com/practice-areas/spinal-cord-injury-lawyers/darien-ga/,0,6,0,27.17
https://rodenlaw.com/testimonial/britany-roberson/,0,6,0,7.67
https://rodenlaw.com/blog/category/accident-compensation/,0,5,0,20.8
https://rodenlaw.com/blog/category/charleston/,0,5,0,9
https://rodenlaw.com/blog/category/uncategorized/,0,5,0,32
https://rodenlaw.com/blog/charleston-medical-malpractice-hospital-claim-south-carolina/#charleston-med-mal,0,5,0,10.4
https://rodenlaw.com/blog/charleston-medical-malpractice-hospital-claim-south-carolina/#common-types,0,5,0,10.4
https://rodenlaw.com/blog/charleston-medical-malpractice-hospital-claim-south-carolina/#damages-caps,0,5,0,10.4
https://rodenlaw.com/blog/charleston-medical-malpractice-hospital-claim-south-carolina/#expert-witness,0,5,0,10.4
https://rodenlaw.com/blog/charleston-medical-malpractice-hospital-claim-south-carolina/#hospital-vs-doctor,0,5,0,10.4
https://rodenlaw.com/blog/charleston-medical-malpractice-hospital-claim-south-carolina/#notice-of-intent,0,5,0,10.4
https://rodenlaw.com/blog/charleston-medical-malpractice-hospital-claim-south-carolina/#sc-med-mal-requirements,0,5,0,10.4
https://rodenlaw.com/blog/diminished-value-claims-after-car-accident/#georgia-vs-south-carolina,0,5,0,9.2
https://rodenlaw.com/blog/liens-and-your-personal-injury-claims/#attorney-liens,0,5,0,11
https://rodenlaw.com/blog/liens-and-your-personal-injury-claims/#workers-compensation-liens,0,5,0,11
https://rodenlaw.com/case-result/100000-resolution-auto-accident-5/,0,5,0,4.2
https://rodenlaw.com/case-result/103000-recovery-workers-compensation/,0,5,0,6.2
https://rodenlaw.com/case-result/200000-settlement-auto-accident-2/,0,5,0,11
https://rodenlaw.com/case-result/205000-settlement-auto-accident/,0,5,0,7.6
https://rodenlaw.com/case-result/225000-resolution-auto-accident/,0,5,0,62.2
https://rodenlaw.com/case-result/250000-settlement-auto-accident-2/,0,5,0,17.6
https://rodenlaw.com/case-result/275000-settlement-auto-accident-2/,0,5,0,16
https://rodenlaw.com/case-result/295000-recovery-auto-accident/,0,5,0,45
https://rodenlaw.com/case-result/465000-recovery-truck-accidents/,0,5,0,5.6
https://rodenlaw.com/case-results/100000-settlement-auto-accident/,0,5,0,5.8
https://rodenlaw.com/case-results/100000-settlement-workers-compensation/,0,5,0,51
https://rodenlaw.com/case-results/130000-settlement-auto-accident/,0,5,0,25.8
https://rodenlaw.com/case-results/135000-settlement-premises-liability/,0,5,0,98.2
https://rodenlaw.com/case-results/150000-settlement-auto-accident-2/,0,5,0,5.6
https://rodenlaw.com/case-results/1700000-settlement-brain-injury/,0,5,0,4.8
https://rodenlaw.com/case-results/225000-settlement-auto-accident/,0,5,0,5.6
https://rodenlaw.com/case-results/300000-settlement-workers-compensation/,0,5,0,29.8
https://rodenlaw.com/case-results/400000-settlement-premises-liability/,0,5,0,25.6
https://rodenlaw.com/case-results/405000-settlement-auto-accident/,0,5,0,65.2
https://rodenlaw.com/case-results/650000-recovery-truck-accident/,0,5,0,5.4
https://rodenlaw.com/case-results/700000-recovery-auto-accident/,0,5,0,37.2
https://rodenlaw.com/locations/south-carolina/charleston/goose-creek/westchester/,0,5,0,18
https://rodenlaw.com/practice-areas/boating-accident-lawyers/sailboat-accident/,0,5,0,16
https://rodenlaw.com/testimonials/byshiba-moon/,0,5,0,18.2
https://rodenlaw.com/truck-accident-lawyers/commercial-van-delivery-truck-accident/,0,5,0,14
https://rodenlaw.com/case-result/125000-settlement-auto-accident-3/,1,4,25.0,5.75
https://rodenlaw.com/case-result/200000-settlement-auto-accident-4/,1,4,25.0,22.25
https://rodenlaw.com/blog/?refPageViewId=5cf1daa873e49b5a,0,4,0,14
https://rodenlaw.com/blog/car-accident-claim-evidence/,0,4,0,47.5
https://rodenlaw.com/blog/columbia-dangerous-intersections-roads/#common-crash-causes,0,4,0,6.5
https://rodenlaw.com/blog/columbia-dangerous-intersections-roads/#most-dangerous-intersections,0,4,0,6.5
https://rodenlaw.com/blog/liens-and-your-personal-injury-claims/#health-insurance-liens,0,4,0,11.5
https://rodenlaw.com/burn-injury-lawyers/darien-ga/,0,4,0,21.25
https://rodenlaw.com/case-result/100000-recovery-work-injury/,0,4,0,3.5
https://rodenlaw.com/case-result/100000-settlement-workers-compensation/,0,4,0,12.5
https://rodenlaw.com/case-result/150000-resolution-auto-accident/,0,4,0,27.25
https://rodenlaw.com/case-result/150000-settlement-auto-accident-4/,0,4,0,12
https://rodenlaw.com/case-result/1675000-recovery-auto-accident/,0,4,0,5.5
https://rodenlaw.com/case-result/400000-settlement-auto-accident-2/,0,4,0,10
https://rodenlaw.com/case-result/700000-recovery-auto-accident/,0,4,0,4.25
https://rodenlaw.com/case-results/123000-settlement-auto-accident/,0,4,0,26.75
https://rodenlaw.com/case-results/125000-resolution-auto-accident/,0,4,0,93.5
https://rodenlaw.com/case-results/125000-settlement-workers-compensation/,0,4,0,27.5
https://rodenlaw.com/case-results/1300000-settlement-auto-accident/,0,4,0,21
https://rodenlaw.com/case-results/140000-settlement-auto-accident/,0,4,0,31
https://rodenlaw.com/case-results/150000-resolution-auto-accident/,0,4,0,67
https://rodenlaw.com/case-results/150000-settlement-auto-accident/,0,4,0,31.75
https://rodenlaw.com/case-results/200000-policy-limits-auto-accident/,0,4,0,56.5
https://rodenlaw.com/case-results/275000-settlement-auto-accident/,0,4,0,2.5
https://rodenlaw.com/case-results/318000-settlement-truck-accident/,0,4,0,5.75
https://rodenlaw.com/case-results/400000-settlement-auto-accident/,0,4,0,28
https://rodenlaw.com/category/lost-wages-support/,0,4,0,8.75
https://rodenlaw.com/es/blog/green-grove-mark-clark-expressway-uninsured-motorist-lawyer-north-charleston/,0,4,0,7
https://rodenlaw.com/es/blog/n-lake-drive-dick-pond-road-sc-544-underinsured-motorist-lawyer/,0,4,0,27
https://rodenlaw.com/es/blog/tenmile-i-26-best-car-accident-lawyer-north-charleston/,0,4,0,53.5
https://rodenlaw.com/locations/south-carolina/charleston/daniel-island/,0,4,0,6.25
https://rodenlaw.com/locations/south-carolina/north-charleston/?ref=gmb_nchs,0,4,0,2.25
https://rodenlaw.com/practice-areas/motorcycle-accident-lawyers/dorchester-road-motorcycle/,0,4,0,13.25
https://rodenlaw.com/a-charleston-residents-guide-to-tourist-car-accidents-3/,0,3,0,6
https://rodenlaw.com/blog/a-charleston-residents-guide-to-tourist-car-accidents-4/,0,3,0,8
https://rodenlaw.com/blog/columbia-dangerous-intersections-roads/#south-carolina-laws,0,3,0,6.33
https://rodenlaw.com/blog/columbia-dangerous-intersections-roads/#why-columbia-dangerous,0,3,0,5.67
https://rodenlaw.com/blog/contingency-fee-system/#typical-percentages,0,3,0,7.67
https://rodenlaw.com/blog/demand-letters-in-personal-injury-cases/#after-sending,0,3,0,3.67
https://rodenlaw.com/blog/drunk-pedestrian-injury-claims/#driver-duties,0,3,0,1.33
https://rodenlaw.com/blog/filing-a-claim-for-an-injured-minor/#common-child-injuries,0,3,0,9.33
https://rodenlaw.com/blog/georgia-super-speeder-law/#speeding-and-accidents,0,3,0,9.33
https://rodenlaw.com/blog/liability-for-roundabout-crashes-in-charleston/#common,0,3,0,11.33
https://rodenlaw.com/blog/medical-malpractice-limits-georgia/#types-of-damages,0,3,0,7.67
https://rodenlaw.com/blog/n-lake-drive-dick-pond-road-sc-544-underinsured-motorist-lawyer/,0,3,0,9.67
https://rodenlaw.com/blog/page/29/,0,3,0,4.33
https://rodenlaw.com/blog/page/41/,0,3,0,9.67
https://rodenlaw.com/blog/recovering-damages-with-pre-existing-injuries/#aggravation-vs-causation,0,3,0,8.67
https://rodenlaw.com/blog/recovering-damages-with-pre-existing-injuries/#eggshell-plaintiff,0,3,0,8.67
https://rodenlaw.com/blog/switching-lawyers-during-a-case/#attorney-liens-fee-disputes,0,3,0,5.33
https://rodenlaw.com/blog/switching-lawyers-during-a-case/#georgia-rules,0,3,0,5.33
https://rodenlaw.com/blog/switching-lawyers-during-a-case/#right-to-change-attorneys,0,3,0,5.33
https://rodenlaw.com/case-result/125000-settlement-auto-accident/,0,3,0,8.33
https://rodenlaw.com/case-result/135000-recovery-auto-accident/,0,3,0,4.33
https://rodenlaw.com/case-result/150000-settlement-auto-accident-3/,0,3,0,6
https://rodenlaw.com/case-result/575000-settlement-truck-accidents/,0,3,0,9.67
https://rodenlaw.com/case-result/650000-recovery-truck-accidents/,0,3,0,15.67
https://rodenlaw.com/case-result/780000-resolution-truck-accidents/,0,3,0,6.67
https://rodenlaw.com/case-results/155000-settlement-auto-accident/,0,3,0,8
https://rodenlaw.com/case-results/162500-settlement-premises-liability/,0,3,0,9
https://rodenlaw.com/case-results/162500-settlement-truck-accident/,0,3,0,7.33
https://rodenlaw.com/case-results/172000-settlement-workers-compensation/,0,3,0,50.67
https://rodenlaw.com/case-results/210000-recovery-truck-accident/,0,3,0,9.33
https://rodenlaw.com/case-results/250000-policy-limits-dui-accident/,0,3,0,8
https://rodenlaw.com/case-results/325000-resolution-auto-accident/,0,3,0,3
https://rodenlaw.com/case-results/465000-recovery-truck-accident/,0,3,0,160.33
https://rodenlaw.com/case-results/525000-recovery-auto-accident/,0,3,0,45.67
https://rodenlaw.com/es/pedestrian-accident-lawyers/north-charleston-sc/,0,3,0,24.33
https://rodenlaw.com/es/practice-areas/spinal-cord-injury-lawyers/,0,3,0,55.33
https://rodenlaw.com/locations/south-carolina/charleston/folly-beach/,0,3,0,4.67
https://rodenlaw.com/locations/south-carolina/charleston/goose-creek/boulder-bluff/,0,3,0,14
https://rodenlaw.com/resources/page/3/,0,3,0,12.33
https://rodenlaw.com/testimonials/page/3/,0,3,0,13.67
https://rodenlaw.com/wearing-headphones-while-driving-in-charleston/#penalties,0,3,0,2
https://rodenlaw.com/wearing-headphones-while-driving-in-charleston/#wearing,0,3,0,2
https://rodenlaw.com/a-cyclists-guide-after-a-ravenel-bridge-accident/,0,2,0,8
https://rodenlaw.com/albany/dog-bite-lawyers/,0,2,0,2
https://rodenlaw.com/blog-liability-and-causes-for-backing-up-crashes-in-charleston/#backing,0,2,0,9
https://rodenlaw.com/blog-liability-and-causes-for-backing-up-crashes-in-charleston/#crashes,0,2,0,9
https://rodenlaw.com/blog-should-i-file-a-personal-injury-or-a-workers-compensation-claim/,0,2,0,7
https://rodenlaw.com/blog/animal-accident-insurance-coverage/#ga-sc-laws,0,2,0,5.5
https://rodenlaw.com/blog/animal-accident-insurance-coverage/#insurance-coverage,0,2,0,5.5
https://rodenlaw.com/blog/category/car-accident/page/12/,0,2,0,44
https://rodenlaw.com/blog/category/car-accident/page/14/,0,2,0,78.5
https://rodenlaw.com/blog/category/car-accident/page/17/,0,2,0,3
https://rodenlaw.com/blog/columbia-dangerous-intersections-roads/#dangerous-highways,0,2,0,5
https://rodenlaw.com/blog/contingency-fee-system/#case-expenses,0,2,0,9.5
https://rodenlaw.com/blog/continuing-post-accident-medical-treatment/#insurance-companies-treatment-gaps,0,2,0,7.5
https://rodenlaw.com/blog/demand-letters-in-personal-injury-cases/#ga-vs-sc-comparison,0,2,0,5
https://rodenlaw.com/blog/demand-letters-in-personal-injury-cases/#timing,0,2,0,5
https://rodenlaw.com/blog/drunk-pedestrian-injury-claims/#south-carolina-pedestrian-laws,0,2,0,1
https://rodenlaw.com/blog/is-there-a-limit-for-medical-negligence-claims/#statute-of-limitations,0,2,0,5.5
https://rodenlaw.com/blog/is-there-a-limit-for-medical-negligence-claims/#types-of-damages,0,2,0,5.5
https://rodenlaw.com/blog/lane-change-accident-liability/,0,2,0,14.5
https://rodenlaw.com/blog/liability-for-roundabout-crashes-in-charleston/#fault,0,2,0,11
https://rodenlaw.com/blog/medical-malpractice-limits-georgia/#affidavit-requirement,0,2,0,9.5
https://rodenlaw.com/blog/medical-malpractice-limits-georgia/#common-claims,0,2,0,9.5
https://rodenlaw.com/blog/medical-malpractice-limits-georgia/#damages-caps,0,2,0,9.5
https://rodenlaw.com/blog/medical-malpractice-limits-georgia/#statute-of-repose,0,2,0,9.5
https://rodenlaw.com/blog/myrtle-beach-dangerous-roads-intersections/#common-causes,0,2,0,7
https://rodenlaw.com/blog/myrtle-beach-dangerous-roads-intersections/#dangerous-highways,0,2,0,7
https://rodenlaw.com/blog/myrtle-beach-dangerous-roads-intersections/#dangerous-intersections,0,2,0,7
https://rodenlaw.com/blog/myrtle-beach-dangerous-roads-intersections/#seasonal-risks,0,2,0,7
https://rodenlaw.com/blog/myrtle-beach-dangerous-roads-intersections/#why-myrtle-beach,0,2,0,7
https://rodenlaw.com/blog/page/39/,0,2,0,3.5
https://rodenlaw.com/blog/ptsd-after-car-accident-compensation/#proving-ptsd,0,2,0,5.5
https://rodenlaw.com/blog/tactics-insurers-use-to-deny-crash-claims-charleston/#insurance,0,2,0,1
https://rodenlaw.com/blog/tactics-insurers-use-to-deny-crash-claims-charleston/#reasons,0,2,0,1
https://rodenlaw.com/blog/tactics-insurers-use-to-deny-crash-claims-charleston/#sneaky,0,2,0,1
https://rodenlaw.com/can-a-witness-be-forced-to-testify-for-a-savannah-car-crash-case/,0,2,0,1
https://rodenlaw.com/case-result/150000-settlement-auto-accident/,0,2,0,5.5
https://rodenlaw.com/case-result/300000-recovery-truck-accidents/,0,2,0,6.5
https://rodenlaw.com/case-results/100000-settlement-auto-accident-7/,0,2,0,10.5
https://rodenlaw.com/case-results/1000000-recovery-auto-accident/,0,2,0,79.5
https://rodenlaw.com/case-results/103000-recovery-workers-compensation/,0,2,0,4.5
https://rodenlaw.com/case-results/130000-recovery-animal-attack/,0,2,0,76
https://rodenlaw.com/case-results/135000-recovery-auto-accident/,0,2,0,11
https://rodenlaw.com/case-results/150000-recovery-premises-liability/,0,2,0,83
https://rodenlaw.com/case-results/180000-settlement-truck-accident/,0,2,0,71.5
https://rodenlaw.com/case-results/200000-resolution-auto-accident/,0,2,0,6.5
https://rodenlaw.com/case-results/200000-settlement-premises-liability/,0,2,0,9
https://rodenlaw.com/case-results/205000-settlement-auto-accident/,0,2,0,8.5
https://rodenlaw.com/case-results/225000-resolution-auto-accident/,0,2,0,15
https://rodenlaw.com/case-results/250000-settlement-auto-accident-2/,0,2,0,8.5
https://rodenlaw.com/case-results/300000-recovery-truck-accident/,0,2,0,12
https://rodenlaw.com/case-results/3000000-settlement-auto-accident/,0,2,0,48.5
https://rodenlaw.com/case-results/500000-resolution-workers-compensation/,0,2,0,81
https://rodenlaw.com/case-results/565000-settlement-truck-accident/,0,2,0,4
https://rodenlaw.com/case-results/575000-settlement-truck-accident/,0,2,0,2.5
https://rodenlaw.com/case-results/600000-recovery-truck-accident/,0,2,0,6.5
https://rodenlaw.com/case-results/750000-recovery-truck-accident-2/,0,2,0,10
https://rodenlaw.com/case-results/900000-settlement-truck-accident/,0,2,0,3
https://rodenlaw.com/es/practice-areas/atv-side-by-side-accident-lawyers/,0,2,0,44.5
https://rodenlaw.com/es/south-carolina-wrongful-death-lawyer/,0,2,0,15.5
https://rodenlaw.com/es/workers-compensation-lawyers/darien-ga/,0,2,0,7.5
https://rodenlaw.com/locations/south-carolina/charleston/summerville/historic-district/,0,2,0,6
https://rodenlaw.com/practice-areas/brunswick/product-liability-lawyers/,0,2,0,20.5
https://rodenlaw.com/practice-areas/dog-bite-lawyers/darien-ga/,0,2,0,8.5
https://rodenlaw.com/practice-areas/nursing-home-abuse-lawyers/darien-ga/,0,2,0,40
https://rodenlaw.com/resources/page/6/,0,2,0,49.5
https://rodenlaw.com/wearing-headphones-while-driving-in-charleston/#difference,0,2,0,2
https://rodenlaw.com/wearing-headphones-while-driving-in-charleston/#headphones,0,2,0,2
https://rodenlaw.com/wp-content/uploads/2019/06/liability-in-rear-end-accident-1024x683.png,0,2,0,5
https://rodenlaw.com/wp-content/uploads/2024/03/RODEN-LAW_liability-four-way-stop-crash_social-1024x538.jpg,0,2,0,6
https://rodenlaw.com/wp-content/uploads/2025/06/Roden-Law-highway-shoulder-BLOG-1.webp,0,2,0,22
https://rodenlaw.com/wp-content/uploads/2026/03/how-dashcam-footage-can-help-1024x683.png,0,2,0,7
https://rodenlaw.com/wp-content/uploads/assets/media/images/doctor-burn-injury-Social.jpg,0,2,0,15
https://rodenlaw.com/case-result/325000-resolution-auto-accident/,1,1,100,8
https://rodenlaw.com/blog-liability-and-causes-for-backing-up-crashes-in-charleston/#happen,0,1,0,8
https://rodenlaw.com/blog/blog-workers-compensation-benefit-types/,0,1,0,34
https://rodenlaw.com/blog/category/car-accident/page/16/,0,1,0,10
https://rodenlaw.com/blog/category/truck-accidents/,0,1,0,3
https://rodenlaw.com/blog/charleston-car-crash-brain-injuries/#brain,0,1,0,6
https://rodenlaw.com/blog/charleston-car-crash-brain-injuries/#crashes,0,1,0,6
https://rodenlaw.com/blog/charleston-car-crash-brain-injuries/#fight,0,1,0,6
https://rodenlaw.com/blog/charleston-parking-lot-car-accident-liability/#liable,0,1,0,4
https://rodenlaw.com/blog/charleston-parking-lot-car-accident-liability/#traffic,0,1,0,4
https://rodenlaw.com/blog/charleston-parking-lot-car-accident-liability/#type,0,1,0,4
https://rodenlaw.com/blog/contingency-fee-system/#no-upfront-costs,0,1,0,9
https://rodenlaw.com/blog/continuing-post-accident-medical-treatment/#consistent-treatment-builds-case,0,1,0,4
https://rodenlaw.com/blog/continuing-post-accident-medical-treatment/#gaps-hurt-claim,0,1,0,11
https://rodenlaw.com/blog/continuing-post-accident-medical-treatment/#maximum-medical-improvement,0,1,0,4
https://rodenlaw.com/blog/dog-bite-laws-south-carolina-charleston/#common-injuries,0,1,0,3
https://rodenlaw.com/blog/dog-bite-laws-south-carolina-charleston/#comparative-fault,0,1,0,3
https://rodenlaw.com/blog/dog-bite-laws-south-carolina-charleston/#damages-available,0,1,0,3
https://rodenlaw.com/blog/dog-bite-laws-south-carolina-charleston/#landlord-liability,0,1,0,3
https://rodenlaw.com/blog/dog-bite-laws-south-carolina-charleston/#owner-liability-no-prior-knowledge,0,1,0,3
https://rodenlaw.com/blog/dog-bite-laws-south-carolina-charleston/#sc-strict-liability,0,1,0,3
https://rodenlaw.com/blog/dog-bite-laws-south-carolina-charleston/#sc-vs-ga-comparison,0,1,0,3
https://rodenlaw.com/blog/drunk-pedestrian-injury-claims/#comparative-fault-rules,0,1,0,1
https://rodenlaw.com/blog/drunk-pedestrian-injury-claims/#how-intoxication-affects-claims,0,1,0,2
https://rodenlaw.com/blog/expert-witness-testimony/,0,1,0,21
https://rodenlaw.com/blog/filing-a-claim-for-an-injured-minor/#types-of-damages,0,1,0,6
https://rodenlaw.com/blog/first-steps-in-a-medical-malpractice-case/#common-types,0,1,0,10
https://rodenlaw.com/blog/first-steps-in-a-medical-malpractice-case/#proving-your-case,0,1,0,10
https://rodenlaw.com/blog/georgia-statute-of-limitations/#different-case-types,0,1,0,9
https://rodenlaw.com/blog/georgia-statute-of-limitations/#exceptions-that-extend-deadline,0,1,0,9
https://rodenlaw.com/blog/how-loud-music-increases-crash-risk-charleston/),0,1,0,1
https://rodenlaw.com/blog/how-pain-and-suffering-is-calculated-after-an-accident-in-georgia/#comparative-fault,0,1,0,4
https://rodenlaw.com/blog/how-pain-and-suffering-is-calculated-after-an-accident-in-georgia/#factors,0,1,0,4
https://rodenlaw.com/blog/how-pain-and-suffering-is-calculated-after-an-accident-in-georgia/#how-calculated,0,1,0,4
https://rodenlaw.com/blog/how-pain-and-suffering-is-calculated-after-an-accident-in-georgia/#punitive-damages,0,1,0,4
https://rodenlaw.com/blog/how-pain-and-suffering-is-calculated-after-an-accident-in-georgia/#types-of-damages,0,1,0,4
https://rodenlaw.com/blog/how-pain-and-suffering-is-calculated-after-an-accident-in-georgia/#what-is-pain-and-suffering,0,1,0,4
https://rodenlaw.com/blog/liability-for-roundabout-crashes-in-charleston/#frequent,0,1,0,12
https://rodenlaw.com/blog/liability-in-head-on-collisions-savannah-ga/#causes,0,1,0,4
https://rodenlaw.com/blog/liability-in-head-on-collisions-savannah-ga/#head-on,0,1,0,4
https://rodenlaw.com/blog/liability-in-head-on-collisions-savannah-ga/#injuries,0,1,0,4
https://rodenlaw.com/blog/liability-in-head-on-collisions-savannah-ga/#liability,0,1,0,4
https://rodenlaw.com/blog/page/37/,0,1,0,3
https://rodenlaw.com/blog/ptsd-after-car-accident-compensation/#can-you-sue,0,1,0,3
https://rodenlaw.com/blog/ptsd-after-car-accident-compensation/#common-symptoms,0,1,0,8
https://rodenlaw.com/blog/switching-lawyers-during-a-case/#ga-vs-sc-comparison,0,1,0,3
https://rodenlaw.com/blog/switching-lawyers-during-a-case/#how-to-switch-step-by-step,0,1,0,3
https://rodenlaw.com/blog/switching-lawyers-during-a-case/#south-carolina-rules,0,1,0,3
https://rodenlaw.com/blog/switching-lawyers-during-a-case/#warning-signs,0,1,0,3
https://rodenlaw.com/case-result/100000-recovery-workers-compensation-2/,0,1,0,11
https://rodenlaw.com/case-result/100000-settlement-auto-accident-3/,0,1,0,3
https://rodenlaw.com/case-result/106000-recovery-workers-compensation/,0,1,0,12
https://rodenlaw.com/case-result/123000-settlement-auto-accident/,0,1,0,7
https://rodenlaw.com/case-result/1300000-settlement-auto-accident/,0,1,0,19
https://rodenlaw.com/case-result/150000-recovery-truck-accident/,0,1,0,93
https://rodenlaw.com/case-result/160000-recovery-truck-accidents/,0,1,0,11
https://rodenlaw.com/case-result/318000-settlement-truck-accident/,0,1,0,8
https://rodenlaw.com/case-result/320000-recovery-workers-compensation/,0,1,0,7
https://rodenlaw.com/case-result/385000-recovery-auto-accident/,0,1,0,3
https://rodenlaw.com/case-result/515000-settlement-auto-accident/,0,1,0,5
https://rodenlaw.com/case-results/100000-settlement-auto-accident-3/,0,1,0,3
https://rodenlaw.com/case-results/100000-settlement-nursing-home/,0,1,0,36
https://rodenlaw.com/case-results/120000-settlement-truck-accident/,0,1,0,4
https://rodenlaw.com/case-results/125000-settlement-auto-accident-2/,0,1,0,10
https://rodenlaw.com/case-results/135000-resolution-workers-compensation/,0,1,0,153
https://rodenlaw.com/case-results/160000-settlement-workers-compensation/,0,1,0,7
https://rodenlaw.com/case-results/200000-recovery-workers-compensation/,0,1,0,7
https://rodenlaw.com/case-results/210000-settlement-auto-accident/,0,1,0,4
https://rodenlaw.com/case-results/225000-recovery-auto-accident/,0,1,0,5
https://rodenlaw.com/case-results/250000-settlement-auto-accident/,0,1,0,2
https://rodenlaw.com/case-results/300000-settlement-auto-accident-2/,0,1,0,8
https://rodenlaw.com/case-results/300000-settlement-premises-liability/,0,1,0,2
https://rodenlaw.com/case-results/320000-recovery-workers-compensation/,0,1,0,7
https://rodenlaw.com/case-results/525000-settlement-truck-accident/,0,1,0,1
https://rodenlaw.com/case-results/900000-settlement-workers-compensation/,0,1,0,4
https://rodenlaw.com/case-results/950000-recovery-truck-accident/,0,1,0,15
https://rodenlaw.com/es/blog/kemira-plant-drive-savannah-fatal-truck-accident-lawyer/,0,1,0,16
https://rodenlaw.com/es/blog/rivers-avenue-northwoods-bus-accident-lawyer-north-charleston/,0,1,0,6
https://rodenlaw.com/es/practice-areas/electric-scooter-accident-lawyers/,0,1,0,90
https://rodenlaw.com/locations.kml,0,1,0,59
https://rodenlaw.com/locations/south-carolina/charleston/north-charleston/oak-terrace-preserve/,0,1,0,5
https://rodenlaw.com/practice-areas/charleston/dog-bites-lawyers/,0,1,0,1
https://rodenlaw.com/practice-areas/savannah/savannah-product-liability-lawyers/,0,1,0,21
https://rodenlaw.com/tag/car-crash-injury-claim/,0,1,0,7
https://rodenlaw.com/wp-content/uploads/2024/04/04-05-2025_RODEN-LAW_social_if-a-tire-blowout-causes-a-crash.jpg,0,1,0,20
https://rodenlaw.com/wp-content/uploads/2024/05/RODEN-LAW_social_red-light-crashes-and-liability.jpg,0,1,0,12
https://rodenlaw.com/wp-content/uploads/2024/07/RODEN-LAW_blog_emotional-driving-in-Savannah-GA.jpg,0,1,0,11
https://rodenlaw.com/wp-content/uploads/2024/08/roden-eye-injuries-BLOG-1.jpg,0,1,0,29
https://rodenlaw.com/wp-content/uploads/2024/09/roden-law-loud-music-BLOG.jpg,0,1,0,17
https://rodenlaw.com/wp-content/uploads/2025/05/roden-law-nerve-damage-FB-1024x538.webp,0,1,0,13
https://rodenlaw.com/wp-content/uploads/2025/06/roden-law-highway-shoulder-FB.webp,0,1,0,21
https://rodenlaw.com/wp-content/uploads/2025/11/image-2-1024x341.png,0,1,0,4
https://rodenlaw.com/wp-content/uploads/2026/03/can-insurance-companies-go-against-police-report-1024x683.png,0,1,0,7
https://rodenlaw.com/wp-content/uploads/2026/03/georgia-pedestrian-right-of-way-laws-1024x683.png,0,1,0,7
https://rodenlaw.com/wp-content/uploads/2026/03/south-carolina-pedestrian-right-of-way-laws-1024x683.png,0,1,0,2
https://rodenlaw.com/wp-content/uploads/assets/media/images/blog/Road-work-sign-GA_BLOG.jpg,0,1,0,22
https://rodenlaw.com/wp-content/uploads/assets/media/images/blog/dashcams-as-evidence-blog.jpg,0,1,0,24
https://rodenlaw.com/wp-content/uploads/assets/media/images/blog/frying-a-turkey_BLOG.jpg,0,1,0,8
https://rodenlaw.com/wp-content/uploads/assets/media/images/blog/lady-lawyer-asking-questions-blog.jpg,0,1,0,8
https://rodenlaw.com/wp-content/uploads/assets/media/images/blog/two-construction-workers-in-bright-sunlight_BLOG.jpg,0,1,0,11
