url,page_type,base_type,language,geo,belowFloor,place,market,practice,clicks16,impr16,pos16,clicks90,impr90,pos90,variant_clicks16,variant_impr16,variant_clicks90,variant_impr90,gbp_landing,status,top_queries90
/blog/first-steps-in-a-medical-malpractice-case/,blog,blog,en,False,False,,none,med_mal,19,9125,37.6,0,1548,59.2,0,2,0,0,False,OK,medical malpractice (292) | medical negligence claim (162) | claim medical negligence (132)
/blog/truck-accident-reconstruction/,blog,blog,en,False,False,,none,truck,7,15922,39.7,1,1843,40.0,0,0,0,0,False,OK,commercial vehicle accident reconstruction (592) | truck accident reconstruction (333) | semi-truck accident reconstruction (155)
/blog/after-boat-accident-guide/,blog,blog,en,False,False,,none,,7,8632,35.9,0,565,60.8,0,0,0,0,False,OK,what to do after a boating accident (295) | boat collision damage (49) | what do you do after a boating accident (28)
/blog/claims-against-at-fault-drivers-who-died/,blog,blog,en,False,False,,none,,1166,87241,14.2,6,1323,27.8,0,1995,0,519,False,OK,what if car insurance policy holder dies (126) | what happens to car insurance when someone dies (102) | at fault driver dies (68)
/blog/benefits-for-workplace-violence/,blog,blog,en,False,False,,none,workers_comp,148,20223,18.5,5,891,11.0,0,2561,0,1120,False,PROMISING,workers' compensation for workplace violence (332) | is workplace violence covered by workers compensation (220) | does workers comp cover workplace violence (196)
/blog/value-of-pain-and-suffering/,blog,blog,en,False,False,,none,,2803,251490,19.0,2,4888,23.0,0,4822,0,600,False,OK,pain and suffering damages (515) | how much is pain and suffering worth (405) | pain and suffering amount (173)
/blog/when-does-a-sprained-ankle-become-a-work-injury/,blog,blog,en,False,False,,none,,476,53240,14.1,18,2861,10.9,0,0,0,0,False,WINNER,sprained ankle at work compensation (227) | twisted ankle at work (210) | sprained ankle at work (164)
/blog/calculating-compensation-for-whiplash-injuries/,blog,blog,en,False,False,,none,,309,173339,24.0,7,7755,16.9,0,3929,0,1488,False,PROMISING,grade 2 whiplash average payout (1386) | how much compensation for whiplash with physiotherapy (953) | whiplash injury compensation (578)
/blog/liability-for-epilepsy-related-car-accidents/,blog,blog,en,False,False,,none,car,1009,67067,11.2,33,2627,9.3,0,0,0,0,False,WINNER,seizure caused car accident (96) | if you have a seizure while driving are you at fault (67) | car insurance epilepsy (39)
/blog/steps-of-a-burn-injury-case/,blog,blog,en,False,False,,none,,28,20795,29.0,2,279,23.2,0,0,0,0,False,OK,burn injury case (29) | burn injury claim (13) | burned in an accident (8)
/blog/impact-of-surgery-recommendation/,blog,blog,en,False,False,,none,,383,33302,15.1,10,944,17.6,0,0,0,0,False,WINNER,surgery firm takes cases (35) | surgery injury (20) | will surgery increase my settlement (19)
/blog/answering-insurance-questions-after-crash/,blog,blog,en,False,False,,none,car,231,41279,12.7,21,2178,27.1,0,964,0,342,False,WINNER,car accident questions and answers (492) | what questions do insurance companies ask after an accident (155) | insurance claim questions (62)
/blog/steps-after-work-injury/,blog,blog,en,False,False,,none,,29,17535,31.5,4,825,19.7,0,0,0,0,False,PROMISING,legal steps after a work injury (55) | how to file workers comp claim georgia (38) | what to do after a work accident in camden county (11)
/blog/releasing-medical-records/,blog,blog,en,False,False,,none,,134,34782,27.5,0,275,27.7,0,0,0,0,False,OK,medical records for injury attorneys (11) | releasing medical records personal injury (10) | chiropractic records personal injury claim irmo (9)
/blog/supporting-a-whiplash-claim/,blog,blog,en,False,False,,none,,227,125717,35.6,0,2009,49.0,0,0,0,0,False,OK,what to say when claiming whiplash (423) | whiplash lawsuit (194) | can you claim whiplash if the accident was your fault (157)
/blog/commercial-truck-accidents-who-is-at-fault/,blog,blog,en,False,False,,none,truck,8,3352,19.6,3,1594,12.4,0,0,0,0,False,PROMISING,georgia truck accident laws (24) | how do i prove negligence in a commercial trucking accident? georgia (24) | are cdl driver more liable during accidents (13)
/blog/what-to-do-if-your-workers-compensation-claim-is-denied/,blog,blog,en,False,False,,none,workers_comp,2,2958,46.8,2,359,34.2,0,0,0,0,False,OK,"workers comp claim denied georgia (46) | employer denied workers comp georgia (40) | ""workers compensation"" appeal decision 2026 florida or georgia or tennessee or alabama or ""south carolina"" (19)"
/blog/compensatory-damages-vs-punitive-damages/,blog,blog,en,False,False,,none,,1316,463237,9.3,10,8335,20.0,1,48964,0,8834,False,WINNER,compensatory vs punitive damages (1909) | compensatory damages vs punitive damages (1205) | what is the difference between compensatory and punitive damages? (916)
/blog/the-importance-of-gathering-evidence-after-a-motorcycle-accident/,blog,blog,en,False,False,,none,motorcycle,2,951,14.6,0,71,20.0,0,0,0,0,False,OK,motorcycle accident evidence (22) | motorcycle crash evidence (3) | collecting evidence after accident (1)
/blog/the-most-common-causes-of-truck-accidents/,blog,blog,en,False,False,,none,truck,3,1480,47.7,0,56,15.9,0,0,0,0,False,OK,truck accident causes (1)
/blog/the-role-of-vocational-rehabilitation-in-workers-compensation-cases/,blog,blog,en,False,False,,none,workers_comp,34,14460,27.7,5,587,24.6,0,184,0,75,False,OK,workers comp rehabilitation (84) | can workers’ compensation provide vocational rehabilitation (40) | vocational evaluation workers compensation georgia (16)
/blog/7-mistakes-to-avoid-after-a-motorcycle-accident/,blog,blog,en,False,False,,none,motorcycle,0,127,33.2,0,10,14.0,0,0,0,0,False,DEAD,
/blog/5-most-common-types-of-medical-malpractice-in-2023/,blog,blog,en,False,False,,none,med_mal,17,5060,32.1,1,419,17.3,0,0,0,0,False,PROMISING,common medical malpractice claims (48) | types of medico legal hazards (9) | most common types of medical malpractice (8)
/blog/5-benefits-of-hiring-a-truck-accident-attorney-in-2023/,blog,blog,en,False,False,,none,truck,0,634,11.6,0,134,6.1,0,0,0,0,False,OK,what are the benefits of hiring a motorcycle accident attorney with trucking case experience in south carolina? (60) | compare the benefits of hiring a specialist for a complex truck accident injury claim. (23) | benefits of truck accident attorney (6)
/blog/how-long-can-someone-sue-you-after-a-car-accident/,blog,blog,en,False,False,,none,car,0,442,37.3,0,0,,0,0,0,0,False,DEAD,
/blog/what-to-do-when-you-are-in-a-car-accident/,blog,blog,en,False,False,,none,car,20,24514,39.3,1,3915,46.6,0,104,0,56,False,OK,car accident checklist (725) | what to do after car accident checklist (315) | accident checklist (302)
/blog/are-accident-lawyers-worth-it/,blog,blog,en,False,False,,none,generic_pi,0,737,36.9,0,20,6.5,0,0,0,0,False,DEAD,i want to know if anyone actually got paid through spaulding injury law for bike accident in atlanta was it worth the fees (3) | write pros and cons of using spaulding injury law for bike accidents are they too small for complex cases in atlanta (2)
/blog/how-do-i-know-if-i-have-a-personal-injury-case/,blog,blog,en,False,False,,none,generic_pi,1,1602,32.2,0,288,24.6,0,0,0,0,False,OK,do i know if i have a personal injury case (116) | do i have a personal injury case (53) | do i have a case for personal injury (15)
/blog/does-workers-compensation-cover-prescriptions/,blog,blog,en,False,False,,none,workers_comp,70,30626,22.5,5,2661,31.6,0,1921,0,697,False,OK,workers compensation prescriptions (330) | workers' compensation prescription drugs (297) | workers' comp prescriptions (218)
/blog/can-someone-sue-me-for-a-car-accident/,blog,blog,en,False,False,,none,car,19,9324,14.1,11,6420,14.4,0,1752,0,1703,False,WINNER,does insurance cover civil lawsuit (566) | does car insurance cover civil lawsuit (202) | can someone sue you for a car accident if you have insurance (139)
/blog/medical-malpractice-limits-georgia/,blog,blog,en,False,False,,statewide GA,med_mal,52,13212,10.3,14,3556,15.6,0,35,0,33,False,WINNER,georgia medical malpractice laws (97) | medical malpractice in georgia (71) | how much is medical malpractice insurance in georgia (64)
/blog/when-does-workers-compensation-stop-paying/,blog,blog,en,False,False,,none,workers_comp,4,950,51.4,0,0,,0,0,0,0,False,OK,
/blog/can-an-insurance-company-go-against-a-police-report/,blog,blog,en,False,False,,none,,2109,173588,8.1,16,4722,10.1,0,21318,0,3566,False,WINNER,do insurance companies have access to police reports (420) | do insurance companies call police (97) | do i need police report for insurance claim (92)
/blog/tips-for-choosing-a-motor-vehicle-accident-attorney/,blog,blog,en,False,False,,none,,0,808,16.4,0,78,11.2,0,0,0,0,False,DEAD,how to choose the right serious personal injury attorney for a commercial vehicle crash in south carolina? (13) | i need affordable legal help for vehicle wreck case in savannah area under budget (3) | whats the difference between auto accident lawyers in savannah georgia which ones better (3)
/blog/how-long-can-a-person-stay-on-workers-compensation/,blog,blog,en,False,False,,none,workers_comp,31,7990,20.7,12,3003,12.4,0,2041,0,2012,False,WINNER,how long does workers' comp last in georgia (1113) | how long does workers comp last in georgia (134) | permanent disability workers comp georgia (86)
/blog/what-is-the-role-of-a-personal-injury-lawyer-in-a-case/,blog,blog,en,False,False,,none,generic_pi,1,1961,38.3,0,243,33.0,0,0,0,0,False,OK,what does a personal injury lawyer do (71) | what does a personal injury attorney do (39) | what does an injury lawyer do (17)
/blog/is-workers-compensation-an-employee-benefit/,blog,blog,en,False,False,,none,workers_comp,97,17524,18.9,4,2196,34.4,1,4084,0,1520,False,OK,is workers comp an employee benefit (352) | is workers comp considered an employee benefit (243) | workers compensation benefits (176)
/blog/why-wont-a-personal-lawyer-take-my-case/,blog,blog,en,False,False,,none,,7,2508,11.3,4,1149,10.9,0,0,0,0,False,PROMISING,7-11 injury attorney (53) | reasons why a lawyer might not take your personal injury case (47) | why would a personal injury attorney deny an injury case (39)
/blog/does-worker-compensation-cover-employee-negligence/,blog,blog,en,False,False,,none,,114,21861,10.3,1,782,20.0,0,1900,0,318,False,PROMISING,workplace negligence (28) | can i sue workers' comp for negligence (11) | employee negligence (8)
/blog/when-is-the-right-time-to-hire-a-personal-injury-lawyer/,blog,blog,en,False,False,,none,generic_pi,1,370,8.8,0,0,,0,0,0,0,False,OK,
/blog/am-i-eligible-for-workers-compensation/,blog,blog,en,False,False,,none,workers_comp,0,1478,26.9,0,313,23.6,0,0,0,0,False,OK,am i eligible for workers compensation (36) | who is eligible for workers compensation (18) | workers compensation eligibility (12)
/blog/should-i-file-a-personal-injury-or-a-workers-compensation-claim/,blog,blog,en,False,False,,none,workers_comp,0,971,58.8,0,0,,0,0,0,0,False,DEAD,
/blog/what-if-i-suspect-medical-malpractice/,blog,blog,en,False,False,,none,med_mal,18,5460,19.8,4,934,33.6,0,0,0,0,False,OK,what to do if you suspect medical malpractice (150) | can you sue for inaccurate medical records (90) | medical malpractice lawyer (45)
/blog/what-happens-if-i-resign-while-on-workers-compensation/,blog,blog,en,False,False,,none,workers_comp,422,37198,12.8,27,2958,10.8,0,10906,0,2055,False,WINNER,can i resign while on workers compensation (347) | does workers comp still pay if you quit (132) | if i quit my job while on workers comp what happens (105)
/blog/steps-to-take-if-you-are-involved-in-a-bicycle-hit-and-run/,blog,blog,en,False,False,,none,bicycle,1,857,16.2,0,134,11.7,0,0,0,0,False,OK,what to do after a bicycle accident (11) | i was hit by a car while riding my bicycle in atlanta — what should i do legally? (8) | bicycle hit and run (4)
/blog/maximum-medical-improvement-in-an-injury-claim/,blog,blog,en,False,False,,none,,149,20358,11.8,8,1353,6.7,0,174,0,0,False,WINNER,what does maximum medical improvement mean (3) | mmi meaning (2) | mmi rating for back injury (2)
/blog/driving-record-and-injury-claim/,blog,blog,en,False,False,,none,,22,6703,25.0,7,1151,19.4,0,0,0,0,False,PROMISING,you have been at fault in your second accident in six months (95) | how does a dui accident make a personal injury claim different in sc (73) | does a no fault accident go on your record (61)
/blog/filing-a-claim-for-an-injured-minor/,blog,blog,en,False,False,,none,,98,15192,22.7,9,1029,22.4,0,51,0,37,False,OK,how to file a personal injury claim for a child (82) | child personal injury claims (65) | child injury lawsuit in georgia (43)
/blog/benefits-of-an-accident-reconstruction-expert/,blog,blog,en,False,False,,none,,1,1528,39.9,0,133,52.9,0,0,0,0,False,OK,car accident reconstruction professional (34) | accident reconstruction analysis (15) | accident reconstruction (12)
/blog/claims-for-lost-wages/,blog,blog,en,False,False,,none,,22,24936,18.4,0,4556,19.6,0,0,0,0,False,PROMISING,lost wages from car accident without injury (100) | what are lost wages (76) | lost wages from auto accident (69)
/blog/liability-for-sudden-emergency-accidents/,blog,blog,en,False,False,,none,,149,21854,9.9,22,1648,8.4,0,615,0,206,False,WINNER,car accident caused by medical emergency (50) | medical emergency while driving (11) | accident and emergency claims (9)
/blog/switching-lawyers-during-a-case/,blog,blog,en,False,False,,none,,67,23552,15.5,15,3102,11.9,0,20,0,7,False,WINNER,change lawyer in middle of case (87) | switching lawyers in the middle of a case (77) | ocga 15-19-14 (75)
/blog/how-car-insurers-use-private-investigators/,blog,blog,en,False,False,,none,,190,39218,19.4,18,3315,12.7,0,460,0,63,False,WINNER,private investigator (17) | do insurance companies hire private investigators (16) | how often do insurance companies use private investigators (12)
/blog/understanding-vicarious-liability/,blog,blog,en,False,False,,none,,53,23837,28.0,2,609,19.2,0,0,0,0,False,PROMISING,vicarious liability texas (51) | vicarious liability in commercial truck accidents (18) | what is vicarious liability in insurance (9)
/blog/liens-and-your-personal-injury-claims/,blog,blog,en,False,False,,none,generic_pi,89,14304,25.5,9,1661,45.6,0,82,0,3,False,OK,personal injury lien (109) | pro rata lien resolution personal injury (94) | medical liens on settlements (68)
/blog/letters-of-protection-for-injury-victims/,blog,blog,en,False,False,,none,,73,22012,20.6,6,2538,44.6,0,214,0,10,False,OK,letter of protection (130) | letter of protection doctor orange county (122) | what is a letter of protection (115)
/blog/importance-of-eyewitness-testimony/,blog,blog,en,False,False,,none,,5,4270,16.7,0,148,10.0,0,0,0,0,False,OK,"""witnesses"" most titles article 701 (4) | importance of eyewitness in injury claim (4) | ocga 24-7-701 (4)"
/blog/accident-claims-with-an-expired-license/,blog,blog,en,False,False,,none,,67,19810,13.6,6,1856,12.0,0,2066,0,516,False,PROMISING,can you get car insurance with expired license (203) | ocga expired license (79) | car insurance with expired license (68)
/blog/car-insurance-add-ons/,blog,blog,en,False,False,,none,,41,21307,14.6,0,1004,28.5,0,323,0,0,False,OK,car insurance that pays for your injuries (107) | asuransi mobil peugeot 3008 (43) | does comprehensive car insurance cover personal injury (33)
/blog/liability-for-crashes-in-heavy-rainfall/,blog,blog,en,False,False,,none,car,9,3818,17.2,2,546,11.0,0,0,0,0,False,PROMISING,rainwater accident compensation (24) | liabilities+rain (11) | rain+liabilities (11)
/blog/resolving-claims-through-arbitration/,blog,blog,en,False,False,,none,,63,19314,21.3,6,1657,35.5,0,1809,0,78,False,OK,insurance arbitration (53) | car accident arbitration (41) | arbitration insurance (38)
/blog/continuing-post-accident-medical-treatment/,blog,blog,en,False,False,,none,,24,10817,24.4,6,1386,12.2,0,5,0,0,False,PROMISING,how medical treatment impacts personal injury case (23) | why important to get medical treatment for personal injury case (19) | get medical treatment after an accident (15)
/blog/car-insurance-claim-denial-tactics/,blog,blog,en,False,False,,none,,16,6777,17.2,0,491,14.8,0,0,0,0,False,PROMISING,why do insurers deny legitimate injury claims intentionally? georgia (17) | how to fight insurance company denial sc (9) | 3 d's of insurance (8)
/blog/options-for-denied-injury-claims/,blog,blog,en,False,False,,none,,46,18107,17.9,4,2034,15.7,0,1231,0,44,False,PROMISING,slip and fall claim denied (105) | denied damage claim (57) | personal injury claim denied (50)
/blog/when-to-consider-settling-a-claim/,blog,blog,en,False,False,,none,,3,1397,19.7,0,9,60.9,0,0,0,0,False,OK,
/blog/demand-letters-in-personal-injury-cases/,blog,blog,en,False,False,,none,generic_pi,32,25446,33.6,4,5786,41.1,0,69,0,27,False,OK,demand letter georgia (292) | personal injury demand letter (280) | demand package (260)
/blog/independent-medical-exams/,blog,blog,en,False,False,,none,,197,33950,12.0,20,3883,16.7,0,1895,0,424,False,WINNER,independent medical exam (106) | independent medical exams personal injury auto claims (104) | ocga 9-11-35 (90)
/blog/options-for-recovering-more-than-policy-limits/,blog,blog,en,False,False,,none,,53,11609,11.6,8,1173,14.3,0,0,0,0,False,PROMISING,uncover hidden policy limits (66) | seeking auto insurance coverage above policy limit (23) | how much can i get from an underinsured motorist claim (14)
/blog/mediation-for-a-personal-injury-claim/,blog,blog,en,False,False,,none,generic_pi,0,705,45.4,0,11,20.8,0,0,0,0,False,DEAD,
/blog/paying-medical-bills-during-a-claim/,blog,blog,en,False,False,,none,,9,3320,34.5,0,75,14.1,0,0,0,0,False,OK,paying for medical bills in personal injury case (6) | how do i pay for surgery my doctor recommended while my injury case is open? (4) | personal injury case medical payment (2)
/blog/questions-about-filing-a-lawsuit/,blog,blog,en,False,False,,none,,1,208,20.4,0,0,,0,0,0,0,False,OK,
/blog/why-injury-claims-may-be-delayed/,blog,blog,en,False,False,,none,,21,5068,19.9,0,50,50.9,0,0,0,0,False,OK,insurance delaying injury claim (5) | why is my personal injury claim taking so long (5) | why does the insurance company keeps on delaying my head on collision claim (4)
/blog/discovery-process-in-personal-injury-cases/,blog,blog,en,False,False,,none,generic_pi,23,8534,24.8,0,137,34.3,0,0,0,0,False,OK,discovery process in a personal injury lawsuit (26) | what happens after discovery in a personal injury case (24) | what is discovery in an injury case (10)
/blog/liability-waivers-and-injury-lawsuits/,blog,blog,en,False,False,,none,,115,23750,15.7,3,846,7.7,0,0,0,0,False,WINNER,do liability waivers hold up in court (1) | ga (1) | site:rodenlaw.com (1)
/blog/police-report-as-proof-of-liability/,blog,blog,en,False,False,,none,,9,2629,10.8,2,144,7.8,0,0,0,0,False,OK,informes de accidentes policiales en savannah (1)
/blog/expert-witness-testimony/,blog,blog,en,False,False,,none,,0,84,61.4,0,1,85.0,0,0,0,0,False,DEAD,
/blog/liability-for-crashes-caused-by-teen-drivers/,blog,blog,en,False,False,,none,car,34,7570,13.7,0,260,21.2,0,0,0,0,False,OK,learner driver accident responsibility (16) | am i liable if my teen driver causes a car accident (8) | south carolina teen driver accident lawyers (8)
/blog/lane-change-accident-liability/,blog,blog,en,False,False,,none,,0,15,27.3,0,13,29.2,0,0,0,0,False,DEAD,
/blog/choosing-your-personal-injury-lawyer/,blog,blog,en,False,False,,none,generic_pi,0,1040,26.3,0,62,13.0,0,0,0,0,False,DEAD,roden law (3) | roden law firm (1) | site:rodenlaw.com (1)
/blog/when-do-injury-claims-go-to-court/,blog,blog,en,False,False,,none,,70,12740,20.0,6,1613,28.4,0,0,0,0,False,OK,how long does a personal injury lawsuit take (106) | what happens when a personal injury claim goes to court (103) | what happens if my personal injury claim goes to court (74)
/blog/pedestrian-liability-for-car-accidents/,blog,blog,en,False,False,,none,pedestrian,20,11845,31.7,0,117,52.3,0,0,0,0,False,OK,pedestrian accident liability (47) | pedestrian accident law (4) | pedestrian case law (4)
/blog/liability-for-accidents-with-borrowed-vehicles/,blog,blog,en,False,False,,none,,157,23116,23.1,2,1000,69.2,0,0,0,0,False,OK,if someone borrows my car and gets in an accident am i liable (376) | if someone borrows my car and gets in an accident (153) | if i let someone borrow my car and they get in an accident (61)
/blog/follow-doctors-orders-after-accident/,blog,blog,en,False,False,,none,,15,4561,9.8,2,232,16.8,0,0,0,0,False,OK,following doctor's instructions after an accident (63) | car accident lawyer (8) | car accident doctor (7)
/blog/traffic-tickets-and-car-accident-claims/,blog,blog,en,False,False,,none,car,60,11807,15.1,12,1970,15.2,0,1100,0,240,False,WINNER,"if you get a ticket in an accident are you at fault (115) | if you are at fault in a car accident do you get a ticket (97) | if you are at fault in a car accident, do you get a ticket (30)"
/blog/how-covid-19-affects-a-workers-comp-claim/,blog,blog,en,False,False,,none,workers_comp,0,121,49.1,0,1,4.0,0,0,0,0,False,DEAD,
/blog/personal-injury-lawsuit-vs-insurance-claim/,blog,blog,en,False,False,,none,generic_pi,0,424,16.6,0,25,15.4,0,0,0,0,False,DEAD,difference between insurance claim lawyer and personal injury lawyer (3)
/blog/how-to-handle-calls-from-insurance-companies/,blog,blog,en,False,False,,none,,42,13005,14.8,0,286,33.4,0,0,0,0,False,OK,calling other person's insurance after accident (9) | accident claims management phone calls (7) | lawyers calling after accident (5)
/blog/insurance-company-ignoring-demand-letter/,blog,blog,en,False,False,,none,,884,56409,13.2,51,3561,17.3,0,0,0,0,False,WINNER,car accident demand letter response (638) | demand letter to insurance company (58) | what happens if insurance company does not respond to demand letter (47)
/blog/certification-of-permanent-injury/,blog,blog,en,False,False,,none,,118,17583,7.9,3,642,10.3,0,162,0,34,False,PROMISING,certificate of permanency (26) | permanent injury (14) | permanent injuries (6)
/blog/animal-accident-insurance-coverage/,blog,blog,en,False,False,,none,,38,20797,25.1,2,2102,26.6,0,4,0,0,False,OK,is hitting an animal an at fault accident (268) | does car insurance cover animal damage (265) | does car insurance cover hitting a dog (215)
/blog/damage-coverage-for-stolen-car/,blog,blog,en,False,False,,none,,43,26538,29.1,1,481,15.3,0,0,0,0,False,PROMISING,car got stolen (45) | someone stole my car (26) | somebody stole my car (24)
/blog/fault-vs-no-fault-car-insurance/,blog,blog,en,False,False,,none,,334,168648,19.0,17,17158,19.9,3,67783,2,30653,False,WINNER,is georgia a no fault state (9234) | is ga a no fault state (4558) | is georgia a no fault state for auto insurance (1501)
/blog/liability-for-school-bus-crash/,blog,blog,en,False,False,,none,car,19,9200,47.9,2,276,59.4,0,0,0,0,False,OK,school bus accident settlements (132) | bus accident lawsuit georgia (10) | who is responsible for injuries in school bus accidents (9)
/blog/valuing-compensation-for-a-personal-injury/,blog,blog,en,False,False,,none,generic_pi,5,2030,25.1,0,48,13.5,0,0,0,0,False,OK,"why do some personal injury cases settle for millions and others don't? georgia (4) | represents victims personal injury (3) | ""roden law"" ""31406"" (1)"
/blog/workers-comp-medical-coverage/,blog,blog,en,False,False,,none,workers_comp,5,5324,34.2,2,1131,19.4,0,0,0,0,False,PROMISING,work-related injury treatment (82) | workers' compensation injury care (49) | workers compensation medical providers (21)
/blog/contingency-fee-system/,blog,blog,en,False,False,,none,,59,41048,16.3,16,2332,11.8,0,176,0,24,False,WINNER,personal injury contingency fee south carolina (84) | do you have to pay legal fees upfront (34) | are contingency fee agreements available for south carolina wrongful death truck crash cases? (27)
/blog/liability-in-a-driverless-car-crash/,blog,blog,en,False,False,,none,car,62,18221,21.4,0,231,48.0,0,0,0,0,False,OK,who is liable in a self driving car accident (87) | who is at fault in a self driving car accident (16) | if a self driving car causes an accident who is liable (13)
/blog/deposition-in-a-personal-injury-claim/,blog,blog,en,False,False,,none,generic_pi,13,7687,32.3,0,433,21.2,0,0,0,0,False,OK,personal injury settlement after deposition (31) | what happens at a personal injury deposition (20) | what happens after a deposition in a personal injury case (14)
/blog/negligence-vs-gross-negligence/,blog,blog,en,False,False,,none,,251,38721,21.2,7,1504,12.2,1,3453,0,988,False,PROMISING,negligence car accident case (100) | negligence in a car accident (60) | negligence car accident (25)
/blog/using-uninsured-underinsured-motorist-coverage-in-georgia/,blog,blog,en,False,False,,statewide GA,car,294,46317,19.6,14,2206,18.2,0,5932,0,341,False,WINNER,is uninsured motorist coverage required in georgia (468) | uninsured motorist coverage georgia (147) | auto insurance for uninsured drivers in georgia (17)
/blog/qualifications-for-car-accident-witnesses/,blog,blog,en,False,False,,none,car,42,11565,17.1,9,990,15.1,0,0,0,0,False,PROMISING,why witness statements matter in car accidents (20) | how important are witness statements in head-on collision cases (9) | crash event expert witness (8)
/blog/compensation-while-not-wearing-seat-belt/,blog,blog,en,False,False,,none,,30,4862,20.9,0,101,18.2,0,0,0,0,False,OK,does not wearing a seatbelt affect compensation in a fatal crash claim (6) | can i claim compensation if i wasnt wearing a seatbelt (5) | can i recover damages if i wasn't wearing a seatbelt (5)
/blog/accident-my-fault-can-i-receive-workers-comp/,blog,blog,en,False,False,,none,workers_comp,15,3089,16.2,0,6,62.8,0,0,0,0,False,OK,do you get workers comp if it's your fault (1)
/blog/workers-comp-for-carpal-tunnel-syndrome/,blog,blog,en,False,False,,none,workers_comp,27,11628,49.5,7,972,34.8,0,240,0,202,False,OK,carpal tunnel workers comp (122) | carpal tunnel workers compensation (89) | workers comp carpal tunnel (40)
/blog/turkey-fryer-injury-claims/,blog,blog,en,False,False,,none,,19,2859,23.2,1,23,18.4,0,0,0,0,False,OK,site:rodenlaw.com (3) | personal injury claims turkey (1)
/blog/major-injuries-from-minor-car-accidents/,blog,blog,en,False,False,,none,car,30,15698,26.3,0,1522,37.8,0,0,0,0,False,OK,minor car accidents (286) | what are minor injuries in a car accident (156) | minor car accident injuries (72)
/blog/changing-workers-comp-doctors-in-georgia/,blog,blog,en,False,False,,statewide GA,workers_comp,53,5526,17.7,0,143,24.0,0,0,0,0,False,OK,can i change my workers comp doctor (11) | can you switch doctors during an illinois workers compensation claim (7) | cambiar doctor de compensacion laboral (2)
/blog/refusing-opioid-prescription-in-workers-comp-claim/,blog,blog,en,False,False,,none,workers_comp,48,7168,21.2,0,213,20.2,0,0,0,0,False,OK,workers compensation drug denial (18) | how do i get injured employee off opioids (14) | workers compensation prescription denial (9)
/blog/georgia-law-on-steps-after-car-accident/,blog,blog,en,False,False,,statewide GA,car,74,25502,17.3,1,784,26.4,0,0,0,0,False,OK,"question #14: which of the following must you do if you are involved in an accident? if your car is drivable, move it off the roadway to a safe place call the police if the property damage is more than $500 or if anyone is injured or killed if possible, help anyone who is injured exchange personal contact information and insurance details with those involved in the accident all of the above (64) | question #2: which of the following must you do if you are involved in an accident? if your car is drivable, move it off the roadway to a safe place call the police if the property damage is more than $500 or if anyone is injured or killed if possible, help anyone who is injured exchange personal contact information and insurance details with those involved in the accident all of the above (57) | georgia car accident damage (55)"
/blog/drunk-pedestrian-injury-claims/,blog,blog,en,False,False,,none,pedestrian,55,5690,10.7,5,488,9.5,0,21,0,5,False,OK,pedestrian under the influence (26) | drunk pedestrian hit by car who is at fault (11) | intoxicated pedestrian (9)
/blog/georgia-law-on-tailgating-accident-liability/,blog,blog,en,False,False,,statewide GA,,14,2924,23.4,0,50,10.3,0,0,0,0,False,OK,
/blog/taxes-on-car-crash-settlement-in-georgia/,blog,blog,en,False,False,,statewide GA,car,37,8619,14.2,7,1767,10.2,0,1115,0,348,False,PROMISING,do you have to pay taxes on a car accident settlement (33) | do you have to pay taxes on a settlement from a car accident (25) | do i have to pay taxes on a car accident settlement (14)
/blog/punitive-damages-in-drunk-driving-accident/,blog,blog,en,False,False,,none,car,20,2433,22.7,0,75,68.0,0,0,0,0,False,OK,drunk driver hit me lawyer punitive damages (13) | punitive damages drunk driver claim lawyer (11)
/blog/what-happens-to-workers-comp-if-employer-bankrupts/,blog,blog,en,False,False,,none,workers_comp,77,6237,8.7,4,263,17.3,0,0,0,0,False,OK,"can i claim after my employer closed? (4) | an employer is on the verge of bankruptcy. to save money, the employer decides to cancel its workers compensation plan. which of the following is true? (3) | employer gone bust work accident claim (3)"
/blog/benefit-of-a-personal-injury-pain-diary/,blog,blog,en,False,False,,none,generic_pi,18,4852,10.4,6,535,10.3,0,98,0,15,False,PROMISING,diary writing on accident (29) | bodily injury claims (5) | personal injuries (5)
/blog/determining-fault-in-multi-vehicle-accidents/,blog,blog,en,False,False,,none,,6,8129,30.2,0,280,12.0,0,0,0,0,False,OK,"how to prove fault in multi-vehicle pileup accident (5) | . in california, what is the most common reason for car crashes where someone is injured? (1) | 3 at fault accidents in 3 years (1)"
/blog/workers-comp-for-skin-cancer/,blog,blog,en,False,False,,none,workers_comp,39,4959,35.1,0,170,10.2,0,0,0,0,False,OK,site:rodenlaw.com (2) | skin cancer compensation (1)
/blog/work-zone-car-accident-liability/,blog,blog,en,False,False,,none,car,7,2581,38.7,0,5,9.2,0,0,0,0,False,OK,georgia law requires you to yield to all highway maintenance vehicles and workers in a construction zone. (1) | roadway workers injuries lawyer (1)
/blog/how-using-social-media-can-hurt-an-accident-claim/,blog,blog,en,False,False,,none,,0,127,17.8,0,0,,0,0,0,0,False,DEAD,
/blog/personal-injury-calculating-loss-of-earning-capacity/,blog,blog,en,False,False,,none,generic_pi,29,11261,27.5,0,296,13.7,0,0,0,0,False,OK,loss of earning capacity (86) | loss of earning capacity lawyer (20) | sue for loss of earning potential (8)
/blog/reasons-for-workers-comp-claim-denial/,blog,blog,en,False,False,,none,workers_comp,23,6357,38.6,0,171,54.1,0,0,0,0,False,OK,workers comp claim denied georgia (78) | employer denied workers comp georgia (43) | how many workers' comp claims are denied (5)
/blog/using-dashcams-as-evidence-of-fault-in-a-car-accident/,blog,blog,en,False,False,,none,car,6,5165,27.4,0,419,38.1,0,0,0,0,False,OK,can dash cam footage prove fault (59) | dashboard camera evidence (58) | do backup cameras record accidents (52)
/blog/rear-end-collision-liability/,blog,blog,en,False,False,,none,car,91,26255,30.1,8,1366,28.4,0,0,0,0,False,OK,rear end accident (125) | rear ended car accident (25) | rear end collision law (21)
/blog/trucking-regulations-and-accident-cases/,blog,blog,en,False,False,,none,truck,3,351,25.8,0,10,15.1,0,0,0,0,False,OK,
/blog/third-party-fault-for-work-injuries/,blog,blog,en,False,False,,none,,50,7306,16.2,10,1521,16.1,0,0,0,0,False,WINNER,third-party caused injury (84) | workers comp third party claim (61) | injured by third-party at work (58)
/blog/aggressive-driving-in-georgia/,blog,blog,en,False,False,,statewide GA,,14,1786,15.8,2,165,11.4,0,0,0,0,False,OK,aggressive driving georgia (3) | ocga aggressive driving (3) | most aggressive drivers in us (2)
/blog/workers-compensation-faqs/,blog,blog,en,False,False,,none,workers_comp,0,145,40.4,0,1,2.0,0,0,0,0,False,DEAD,
/blog/workers-compensation-benefit-types/,blog,blog,en,False,False,,none,workers_comp,0,656,44.1,0,0,,0,0,0,0,False,DEAD,
/blog/negligence-and-18-wheeler-accidents/,blog,blog,en,False,False,,none,truck,0,308,51.2,0,1,11.0,0,0,0,0,False,DEAD,
/blog/dealing-with-uber-lyft-accident/,blog,blog,en,False,False,,none,rideshare,5,10511,40.6,0,661,59.0,0,0,0,0,False,OK,rideshare accident (156) | injured in a ride share accident (84) | what to do if you're injured in a rideshare accident (uber/lyft) (64)
/blog/medical-treatment-after-accident/,blog,blog,en,False,False,,none,,3,273,16.8,0,7,18.9,0,0,0,0,False,OK,
/blog/avoiding-motorcycle-crash-injuries/,blog,blog,en,False,False,,none,motorcycle,4,3263,23.3,1,380,23.1,0,0,0,0,False,OK,tips you can use how to reduce your risk of a motorcycle accident in texas (80) | motorcycle accident advice (67) | south carolina motorcycle accidents: tips for avoiding collisions (42)
/blog/georgia-super-speeder-law/,blog,blog,en,False,False,,statewide GA,,81,78208,28.9,4,5103,29.7,0,1249,0,840,False,OK,ocga super speeder (331) | super speeder ticket (108) | georgia speeding laws (91)
/blog/car-accidents-and-daylight-savings-time/,blog,blog,en,False,False,,none,car,8,5167,19.5,0,451,30.3,0,0,0,0,False,OK,daylight savings traffic accidents (118) | daylight savings car accidents (17) | daylight savings time car accidents (5)
/blog/nursing-home-abuse-warning-signs/,blog,blog,en,False,False,,none,,1,1284,54.0,0,51,12.6,0,0,0,0,False,OK,what signs indicate nursing home neglect or abuse georgia (18) | georgia nursing home neglect statistics (3) | my elderly parent has unexplained bruises from nursing home georgia (3)
/blog/dangerous-savannah-intersections/,blog,blog,en,True,False,savannah,Savannah GA,car,37,4862,17.2,8,1208,18.2,0,184,0,73,False,PROMISING,state farm dangerous intersections (237) | sue city for dangerous intersection georgia (7) | what part of savannah is dangerous (5)
/blog/documents-for-personal-injury-claim/,blog,blog,en,False,False,,none,generic_pi,5,4023,23.0,1,507,28.6,0,0,0,0,False,OK,evidence needed for personal injury claim (93) | what evidence do i need for a personal injury claim (79) | what documentation do i need to prove my claim (33)
/blog/teenagers-and-driving-distracted/,blog,blog,en,False,False,,none,car,0,1943,30.8,0,0,,0,0,0,0,False,DEAD,
/blog/steps-after-slip-and-fall-injury/,blog,blog,en,False,False,,none,premises,1,604,56.2,0,27,9.3,0,0,0,0,False,OK,slip and fall brunswick georgia (1)
/blog/steps-after-dog-bite/,blog,blog,en,False,False,,none,dog_bite,0,1771,36.2,0,20,49.6,0,0,0,0,False,DEAD,what to do after a dog bite injury in bethlehem (5) | site:rodenlaw.com (3) | injuries from dog attack (2)
/blog/advantages-of-a-medical-malpractice-attorney/,blog,blog,en,False,False,,none,med_mal,9,20977,63.5,1,13895,78.4,0,0,0,0,False,OK,medical malpractice lawyer (8955) | medical malpractice attorney (4078) | what does a medical malpractice attorney do (174)
/blog/safe-driving-in-construction-zones/,blog,blog,en,False,False,,none,,3,5334,12.3,0,59,14.3,0,0,0,0,False,OK,roadway construction (2) | site:rodenlaw.com (2) | construction zone (1)
/blog/road-hazard-car-accident-liability/,blog,blog,en,False,False,,none,car,12,3522,31.6,0,57,43.9,0,0,0,0,False,OK,road hazard injuries brunswick georgia (19) | highway hazard injuries brunswick georgia (6) | car accident liability (4)
/blog/workers-compensation-car-accident/,blog,blog,en,False,False,,none,workers_comp,5,1829,39.5,0,42,79.5,0,0,0,0,False,OK,workers comp auto accident (10) | work related car accident (5) | workers comp car accident settlement (3)
/blog/nursing-home-liability/,blog,blog,en,False,False,,none,,0,1541,24.6,0,335,20.3,0,0,0,0,False,OK,nursing home abuse liability (235) | nursing home liability (23) | when can a nursing home be held liable for abuse (13)
/blog/seven-safe-driving-tips/,blog,blog,en,False,False,,none,,0,268,51.1,0,4,21.0,0,0,0,0,False,DEAD,
/blog/passenger-car-accident-claim/,blog,blog,en,False,False,,none,car,8,13151,56.4,0,16,72.1,0,0,0,0,False,OK,car accident passenger claim (6) | passenger accident claim (2) | passenger in car accident (2)
/blog/slip-and-fall-negligence-elements/,blog,blog,en,False,False,,none,premises,6,5165,43.7,0,225,64.6,0,0,0,0,False,OK,slip and fall negligence (189) | negligence slip and fall (10) | slip and fall and wrongful death (8)
/blog/filing-medication-error-lawsuit/,blog,blog,en,False,False,,none,,29,16896,41.0,0,428,77.2,0,0,0,0,False,OK,medication error lawsuit (160) | wrong medication lawsuit settlement (70) | wrong medication lawsuit (28)
/blog/car-accident-claim-evidence/,blog,blog,en,False,False,,none,car,0,4,47.5,0,0,,0,0,0,0,False,DEAD,
/blog/appealing-a-denied-workers-compensation-claim/,blog,blog,en,False,False,,none,workers_comp,0,1446,39.2,0,0,,0,0,0,0,False,DEAD,
/blog/workers-compensation-claim-process-georgia/,blog,blog,en,False,False,,statewide GA,workers_comp,5,3995,45.0,0,283,62.2,0,0,0,0,False,OK,work injury claim (131) | compensation injuries (27) | workplace injury claim (14)
/blog/truck-accident-liability/,blog,blog,en,False,False,,none,truck,1,1260,53.5,0,375,59.6,0,0,0,0,False,OK,truck accident liability (168) | who is liable in a truck accident (66) | who can be held liable in a truck accident (25)
/blog/recovering-damages-with-pre-existing-injuries/,blog,blog,en,False,False,,none,,97,19126,18.3,6,809,13.7,0,32,0,8,False,PROMISING,preexisting condition aggravation eggshell plaintiff lawyer (16) | can i be compensated for pre existing conditions (13) | personal injury claim with a pre-existing condition (11)
/blog/personal-injury-lawsuit-steps/,blog,blog,en,False,False,,none,generic_pi,1,2724,46.0,0,420,32.5,0,0,0,0,False,OK,car accident lawsuit process (114) | steps in a personal injury case (30) | steps in a personal injury lawsuit (20)
/blog/how-do-i-know-if-i-have-a-medical-malpractice-case/,blog,blog,en,False,False,,none,med_mal,0,1939,38.3,0,67,14.5,0,0,0,0,False,DEAD,elements of a medical malpractice claim (3) | what are common defenses used in medical malpractice lawsuits? (3) | elements of medical malpractice claim (2)
/blog/georgia-wrongful-death-lawsuit/,blog,blog,en,False,False,,statewide GA,wrongful_death,3,5484,54.6,0,14,11.3,0,0,0,0,False,OK,wrongful death lawsuit (1)
/blog/brain-injury-claim/,blog,blog,en,False,False,,none,,0,4615,52.5,0,42,72.5,0,0,0,0,False,DEAD,brain injury claim (35) | brain injury claims (2)
/blog/benefits-of-hiring-personal-injury-lawyer/,blog,blog,en,False,False,,none,generic_pi,7,11900,27.1,0,439,10.7,0,0,0,0,False,PROMISING,roden law (31) | did hiring a personal injury lawyer in georgia actually make a difference in your settlement amount? (20) | has anyone gotten a significantly better settlement by hiring a personal injury lawyer in georgia vs going alone? (16)
/blog/duty-of-care-personal-injury-claim/,blog,blog,en,False,False,,none,generic_pi,8,12187,38.6,0,60,51.3,0,0,0,0,False,OK,what is duty of care in personal injury (11) | accidental care (5) | duty of care in accidents (5)
/blog/social-media-personal-injury-claim/,blog,blog,en,False,False,,none,generic_pi,1,187,35.3,1,10,16.9,0,0,0,0,False,OK,
/blog/third-party-liability-for-work-injury/,blog,blog,en,False,False,,none,,7,3093,33.1,0,118,72.7,0,0,0,0,False,OK,workers comp third party claim (27) | workers comp and third party claim (19) | third party workers compensation claims (16)
/blog/roadway-hazard-auto-accident/,blog,blog,en,False,False,,none,car,15,5270,16.2,0,29,54.0,0,0,0,0,False,OK,road hazard injuries brunswick georgia (12) | highway hazard injuries brunswick georgia (3)
/blog/proving-negligence-personal-injury/,blog,blog,en,False,False,,none,generic_pi,2,724,29.2,0,26,10.8,0,0,0,0,False,OK,what should i do if my car accident was caused by another driver's negligence? (3) | 對方全責 (3) | site:rodenlaw.com (1)
/blog/four-common-construction-accidents/,blog,blog,en,False,False,,none,,16,31049,39.1,0,941,75.8,0,0,0,0,False,OK,construction accidents (227) | construction injury (103) | construction worker accidents (58)
/blog/driving-tips-around-trucks/,blog,blog,en,False,False,,none,truck,21,20289,13.7,1,324,10.1,0,99,0,0,False,PROMISING,when sharing the road with large trucks (5) | when sharing the road with large trucks other drivers should (4) | site:rodenlaw.com (3)
/blog/informed-consent/,blog,blog,en,False,False,,none,,51,17089,13.5,11,1850,8.6,0,0,0,0,False,WINNER,what is medical malpractice (11) | site:rodenlaw.com (9) | informed consent (8)
/blog/summer-road-trip-safety/,blog,blog,en,False,False,,none,car,1,444,35.8,0,7,23.4,0,0,0,0,False,OK,site:rodenlaw.com (1)
/blog/choking-at-nursing-homes/,blog,blog,en,False,False,,none,,16,5740,25.9,0,441,29.3,0,0,0,0,False,OK,chocking in nursing homes (28) | choking injury in atlanta nursing home (23) | nursing home chocking lawyers (18)
/blog/how-spinal-cord-injuries-affect-you/,blog,blog,en,False,False,,none,,4,4616,38.9,0,690,31.6,0,0,0,0,False,OK,suffered a spinal cord injury (206) | spinal cord injury complications (38) | how does spinal cord injury affect the body (31)
/blog/avoiding-bicycle-accidents/,blog,blog,en,False,False,,none,bicycle,0,1082,64.5,0,20,19.5,0,0,0,0,False,DEAD,prevent cycling accidents (1) | site:rodenlaw.com (1)
/blog/hospital-liability-for-medical-malpractice/,blog,blog,en,False,False,,none,med_mal,18,7881,44.4,0,375,67.7,0,0,0,0,False,OK,hospital malpractice (66) | lawsuit against hospital malpractice (34) | lawsuit against hospital (29)
/blog/truck-accident-injuries/,blog,blog,en,False,False,,none,truck,21,29446,24.2,0,1781,51.9,0,0,0,0,False,OK,truck accident injuries (628) | common truck accident injuries (308) | injured in a truck accident (196)
/blog/blind-spot-accidents/,blog,blog,en,False,False,,none,,36,12836,16.7,3,1346,14.3,0,91,0,32,False,PROMISING,blind spot accident (70) | car accidents caused by blind spots without rear view mirror (17) | blind spots (15)
/blog/steps-after-truck-accident/,blog,blog,en,False,False,,none,truck,2,895,35.1,1,22,31.5,0,0,0,0,False,OK,site:rodenlaw.com (3) | steps after a truck accident (1) | steps to take after a truck accident (1)
/blog/dog-bite-prevention-tips/,blog,blog,en,False,False,,none,dog_bite,1,4845,16.1,0,48,15.9,0,0,0,0,False,OK,dog bite safety tips (12) | dog bite prevention (1)
/blog/lawsuit-for-work-injury/,blog,blog,en,False,False,,none,,2,7337,58.0,1,26,49.9,0,0,0,0,False,OK,workplace injury lawsuit (5) | workplace accident lawsuit (4) | work accident lawsuit (2)
/blog/signs-of-concussion-from-car-crash/,blog,blog,en,False,False,,none,car,2,4371,39.8,1,317,26.8,0,0,0,0,False,OK,car accident concussion (15) | concussion after car accident symptoms (10) | car crash concussion (8)
/blog/fault-for-car-accident/,blog,blog,en,False,False,,none,car,10,3278,36.7,0,76,27.0,0,0,0,0,False,OK,coastal ga car accident laws (11) | is georgia a no fault state for car accidents (4) | at fault car accident lawyer (2)
/blog/financial-abuse-at-nursing-homes/,blog,blog,en,False,False,,none,,20,6554,16.1,5,963,10.8,0,336,0,130,False,PROMISING,ocga elder financial abuse (113) | ocga elder abuse (34) | nursing home & elder abuse fraud defense (19)
/blog/georgia-comparative-negligence-law/,blog,blog,en,False,False,,statewide GA,,4,20218,9.5,0,1046,12.9,0,0,0,0,False,PROMISING,georgia modified comparative negligence 50 percent bar o.c.g.a. 51-12-33 plaintiff barred if 50% or more at fault (54) | georgia modified comparative negligence 50 percent bar o.c.g.a. 51-12-33 plaintiff 50% or more barred (25) | what is georgia's comparative negligence rule? (15)
/blog/steps-after-hit-and-run-accident/,blog,blog,en,False,False,,none,car,43,18046,33.2,2,1179,46.1,0,0,0,0,False,OK,what to do in a hit and run (259) | what to do after a hit and run accident (104) | hit and run recovery (25)
/blog/georgia-statute-of-limitations/,blog,blog,en,False,False,,statewide GA,,39,36851,12.3,4,3125,22.3,0,2,0,2,False,OK,georgia statute of limitations personal injury (178) | o.c.g.a. § 9-3-33 (155) | georgia personal injury statute of limitations (92)
/blog/burn-injury-workers-compensation/,blog,blog,en,False,False,,none,workers_comp,312,38718,21.8,11,1992,16.0,0,0,0,0,False,WINNER,2nd degree burns workers compensation (590) | workers comp for burns (218) | burn injury workers compensation georgia (71)
/blog/do-you-need-a-workers-compensation-lawyer/,blog,blog,en,False,False,,none,workers_comp,0,5854,46.0,0,27,20.0,0,0,0,0,False,DEAD,workers compensation attorney (10) | workers compensation lawyer (3) | savannah workers compensation attorneys (2)
/blog/valid-premises-liability-claim-georgia/,blog,blog,en,False,False,,statewide GA,premises,13,6854,24.6,0,126,61.3,0,0,0,0,False,OK,premises liability georgia (57) | georgia premises liability (41) | georgia liability laws (8)
/blog/atm-attack-liability/,blog,blog,en,False,False,,none,,11,4534,18.1,1,113,11.1,0,0,0,0,False,OK,atm law (1) | penalty for stealing an atm machine (1) | premises assaults brunswick georgia (1)
/blog/workers-compensation-2017/,blog,blog,en,False,False,,none,workers_comp,0,181,45.1,0,16,26.8,0,0,0,0,False,DEAD,site:rodenlaw.com (8) | 17 a hour (1)
/blog/high-risk-occupations-2017/,blog,blog,en,False,False,,none,,0,18,18.6,0,8,7.8,0,0,0,0,False,DEAD,
/blog/longshoreman-injury-claims/,blog,blog,en,False,False,,none,,10,25770,59.3,0,158,25.2,0,0,0,0,False,OK,longshore workers lawyer savannah (14) | longshoreman injury lawyer (14) | longshore workers attorney savannah (13)
/blog/gym-injury-liability/,blog,blog,en,False,False,,none,,378,46452,18.9,22,2849,13.3,0,0,0,0,False,WINNER,gym injury lawsuit (88) | gym injury compensation (67) | suing gym for negligence (52)
/blog/2017-safest-college-campuses-in-georgia/,blog,blog,en,False,False,,statewide GA,,50,13728,6.9,0,436,7.5,0,0,0,0,False,OK,safety schools in georgia (64) | safest colleges in georgia (6) | university of north georgia (2)
/blog/much-worth-ga-worker-compared-states/,blog,blog,en,False,False,,none,,28,22101,35.0,2,1730,33.8,0,0,0,0,False,OK,georgia workers compensation rates (314) | georgia workers comp rates (146) | georgia workers compensation (114)
/blog/settle-workers-comp-case/,blog,blog,en,False,False,,none,workers_comp,10,7069,48.2,2,2603,47.6,0,0,0,0,False,OK,workers comp settlement (174) | compensation settlement (161) | do workmans comp settlements work (156)
/blog/beginning-motorcycle-biker-risks/,blog,blog,en,False,False,,none,motorcycle,8,4169,9.0,0,165,9.6,0,0,0,0,False,OK,site:rodenlaw.com (4) | how to get a motorcycle license in georgia (2) | best bike insurance for new riders (1)
/blog/get-auto-accident-claim-georgia/,blog,blog,en,False,False,,statewide GA,car,0,166,44.9,0,0,,0,0,0,0,False,DEAD,
/blog/georgia-worker-injury-statistics-prevention/,blog,blog,en,False,False,,statewide GA,,5,908,22.7,0,16,42.4,0,0,0,0,False,OK,common work accident atlanta (6) | annual cost of car accidents by employees of the state of georgia (2)
/blog/pedestrian-safety-georgia/,blog,blog,en,False,False,,statewide GA,pedestrian,2,654,17.1,1,241,17.9,0,0,0,0,False,OK,ocga 40-6-97 (47) | pedestrian collisions (7) | site:rodenlaw.com (6)
/blog/safest-hospitals-georgia/,blog,blog,en,False,False,,statewide GA,,16,1066,22.6,0,30,25.8,0,0,0,0,False,OK,site:rodenlaw.com (6) | hospital rpo in georgia (5)
/blog/help-teen-safer-driver/,blog,blog,en,False,False,,none,,2,109,42.7,0,1,5.0,0,0,0,0,False,OK,
/blog/safe-bike-riding-georgias-roadways/,blog,blog,en,False,False,,statewide GA,bicycle,9,2443,24.5,0,26,37.4,0,0,0,0,False,OK,bike law georgia (1) | can you ride a bike on the sidewalk in georgia (1) | site:rodenlaw.com (1)
/blog/dui-accidents/,blog,blog,en,False,False,,none,,0,1781,30.4,0,3,40.0,0,0,0,0,False,DEAD,savannah drunk driving victim accident lawyer (3)
/blog/summer-driving-safety-tips/,blog,blog,en,False,False,,none,,2,3600,15.3,0,31,16.3,0,0,0,0,False,OK,summer driving safety (4)
/blog/common-driver-distractions/,blog,blog,en,False,False,,none,,3,4409,26.3,0,325,49.0,0,0,0,0,False,OK,common driver distractions (89) | common driver distraction (68) | driver distraction (26)
/blog/avoid-dangerous-medication-errors/,blog,blog,en,False,False,,none,,0,245,40.6,0,4,6.2,0,0,0,0,False,DEAD,
/blog/dangerous-tools-garage/,blog,blog,en,False,False,,none,,123,22063,9.7,3,1715,10.3,0,0,0,0,False,PROMISING,dangerous tools (145) | most dangerous power tools (59) | what is the most dangerous tool (37)
/blog/child-passenger-automobile-safety-georgia/,blog,blog,en,False,False,,statewide GA,car,4,2430,14.9,1,131,49.5,0,0,0,0,False,OK,can you ride in the back of a truck in georgia (9) | car seat laws georgia (4) | georgia car seat laws (4)
/blog/drowsy-driving-epidemic-georgia/,blog,blog,en,False,False,,statewide GA,,13,2056,17.2,0,59,18.4,0,0,0,0,False,OK,site:rodenlaw.com (3) | you should stop driving (2) | driving while sleep deprived law (1)
/blog/steps-take-slip-fall-accident-georgia/,blog,blog,en,False,False,,statewide GA,premises,9,13271,48.5,0,20,63.0,0,0,0,0,False,OK,slip and fall injury lawyers georgia (6) | slip and fall accident attorney savannah ga (1) | slip and fall attorney savannah (1)
/blog/protecting-child-burn-injuries-home/,blog,blog,en,False,False,,none,,1,689,15.3,0,18,10.7,0,0,0,0,False,OK,
/blog/college-campus-safety-tips-every-student-should-know/,blog,blog,en,False,False,,none,,10,4955,26.7,0,134,14.8,0,0,0,0,False,OK,responsible behavior in college campus (3)
/blog/dangerous-products-child-will-find-around-house/,blog,blog,en,False,False,,none,,0,335,24.7,0,24,9.6,0,0,0,0,False,DEAD,10 harmful things at home for kids (1) | is this safe for kids (1)
/blog/protect-child-dog-bite-injury/,blog,blog,en,False,False,,none,dog_bite,4,795,21.7,0,39,17.8,0,0,0,0,False,OK,
/blog/choosing-the-right-nursing-home-for-your-loved-one/,blog,blog,en,False,False,,none,,0,361,62.1,0,0,,0,0,0,0,False,DEAD,
/blog/overview-georgia-distracted-driving-laws/,blog,blog,en,False,False,,statewide GA,car,2,3123,31.0,0,46,37.3,0,0,0,0,False,OK,georgia distracted driving law (5) | distracted driving georgia (1) | driving requires your full attention (1)
/blog/georgia-car-seat-law-overview/,blog,blog,en,False,False,,statewide GA,,11,16160,27.2,0,158,8.9,0,0,0,0,False,OK,what are the requirements to sit in the front seat (53) | how tall do you have to be to drive without a booster seat (17) | how old to ride in front seat (3)
/blog/safety-tips-driving-work-zones-georgia/,blog,blog,en,False,False,,statewide GA,,7,2307,30.6,0,132,35.3,0,0,0,0,False,OK,georgia on-site safety (80) | speeding in construction zone georgia (5) | construction driver safety (3)
/blog/common-workplace-injuries-georgia/,blog,blog,en,False,False,,statewide GA,workers_comp,8,3421,29.6,0,95,15.2,0,0,0,0,False,OK,highest compensation injuries (27) | kennesaw work injuries (16) | common work accident atlanta (7)
/blog/boating-safely-in-georgia/,blog,blog,en,False,False,,statewide GA,,0,778,54.1,0,10,11.8,0,0,0,0,False,DEAD,georgia boating laws life jackets (1)
/blog/workers-comp-benefits-georgia-taxable/,blog,blog,en,False,False,,statewide GA,workers_comp,35,15881,34.7,0,585,57.7,0,0,0,0,False,OK,is workers comp taxable (103) | is workmans comp taxable (19) | is workers comp taxable income (18)
/blog/leg-pain-and-leg-injuries-from-crash/,blog,blog,en,False,False,,none,car,91,25656,17.3,2,908,19.9,0,0,0,0,False,PROMISING,savannah leg pain (182) | leg injuries from car accidents (50) | leg pain after car accident (15)
/blog/why-mitigate-damages-after-a-car-crash/,blog,blog,en,False,False,,none,car,193,19201,12.8,18,949,12.6,0,0,0,0,False,WINNER,mitigate damages car accident (39) | duty to mitigate damages after an accident (38) | minimizing damage after accidents (23)
/blog/determining-liability-for-crash-at-four-way-stop-sign/,blog,blog,en,False,False,,none,car,272,30614,10.7,7,714,9.2,0,0,0,0,False,WINNER,stop 4 way sign (14) | 4 way stop accident fault (9) | stop 4 way (6)
/blog/why-get-black-box-data-after-truck-crash-savannah/,blog,blog,en,True,False,savannah,Savannah GA,truck,3,2434,38.6,0,24,30.2,0,0,0,0,False,OK,black box data truck accident (3) | black box data truck accident claim (2) | black box (1)
/blog/why-driving-while-hungover-is-a-dangerous-savannah-crash-risk/,blog,blog,en,True,False,savannah,Savannah GA,car,3,2475,14.6,0,30,15.5,0,0,0,0,False,OK,drunk driving crash in savannah (3) | can you crash (1) | driving hungover (1)
/blog/knee-injuries-after-georgia-car-crash/,blog,blog,en,False,False,,statewide GA,car,10,11802,37.6,0,506,54.1,0,0,0,0,False,OK,lutut luka jatuh dari motor (152) | lutut jatuh dari motor (49) | knee pain after car accident (32)
/blog/who-pays-for-damages-from-t-bone-crashes-in-savannah/,blog,blog,en,True,False,savannah,Savannah GA,car,4,3451,53.9,0,57,28.5,0,0,0,0,False,OK,savannah t bone crashes accident lawyer (14) | whos at fault t-bone accident in sc (13) | mableton t bone crashes lawyer (4)
/blog/liability-for-crash-due-to-tire-blowout-in-savannah/,blog,blog,en,True,False,savannah,Savannah GA,car,332,31642,16.9,5,532,13.5,0,0,0,0,False,PROMISING,tire blowout accident claim (18) | is a tire blowout an at fault accident (8) | how do i prove fault in a tire blowout crash? (5)
/blog/what-to-do-if-your-georgia-police-report-is-wrong-or-has-mistakes/,blog,blog,en,False,False,,statewide GA,,166,19889,22.4,5,659,19.1,0,0,0,0,False,PROMISING,informes de accidentes policiales en savannah (21) | incorrect police report (20) | car accident police report is wrong (18)
/blog/what-to-know-about-chest-pain-after-a-savannah-car-crash/,blog,blog,en,True,False,savannah,Savannah GA,car,1,522,67.5,0,14,32.6,0,0,0,0,False,OK,is it normal for your chest to hurt after a car accident (2) | breast injury after car accident (1) | chest contusion from car accident (1)
/blog/can-a-witness-be-forced-to-testify-for-a-savannah-car-crash-case/,blog,blog,en,True,False,savannah,Savannah GA,car,0,157,11.9,0,17,11.8,0,0,0,0,False,DEAD,
/blog/blunt-force-trauma-from-a-crash-what-you-need-to-know/,blog,blog,en,False,False,,none,car,16,22364,15.3,4,5378,23.4,0,0,0,0,False,OK,blunt force trauma (260) | blunt trauma (120) | blunt force injuries (109)
/blog/are-red-light-runners-always-liable-if-they-crash/,blog,blog,en,False,False,,none,car,1002,56374,11.5,9,2431,12.6,0,5619,0,1520,False,PROMISING,someone ran a red light and hit me (1820) | ran red light accident (58) | if someone runs a red light and you hit them who is at fault (34)
/blog/rollover-crashes-and-what-they-do-to-your-body/,blog,blog,en,False,False,,none,car,660,155573,13.3,13,9751,33.7,0,6617,0,1072,False,WINNER,rollover accident (860) | car rollover accidents (791) | rolled car (767)
/blog/liability-for-crashes-caused-by-not-using-turn-signal/,blog,blog,en,False,False,,none,car,82,16834,11.2,10,864,9.2,0,1,0,0,False,WINNER,traffic accidents due to improper signaling (17) | california failure to use turn signal truck accident lawyer (5) | the legal implications of not using blinkers (5)
/blog/proving-back-pain-after-savannah-car-crash/,blog,blog,en,True,False,savannah,Savannah GA,car,3,15137,41.6,0,25,25.3,0,0,0,0,False,OK,back pain after car accident irmo sc (8) | back pain after car accident in sc (5) | lower back pain after car crash (1)
/blog/can-passengers-be-at-fault-for-a-crash/,blog,blog,en,False,False,,none,car,1,71,17.0,0,8,12.1,0,0,0,0,False,OK,
/blog/hip-pain-after-car-accident-in-savannah/,blog,blog,en,True,False,savannah,Savannah GA,car,4,8695,29.1,0,174,52.3,0,0,0,0,False,OK,hip pain after car accident (26) | hip pain after auto accident (17) | hip injury from car accident (12)
/blog/legal-rights-after-memory-loss-savannah-crash/,blog,blog,en,True,False,savannah,Savannah GA,car,6,9081,21.7,0,360,21.4,0,0,0,0,False,OK,can you get retrograde amnesia from a bad car accident (31) | can you get retrograde amnesia from a car accident (6) | memory loss from car accident (6)
/blog/dangers-of-emotional-driving-in-savannah-ga/,blog,blog,en,True,False,savannah,Savannah GA,,66,27847,8.4,1,372,11.4,0,0,0,0,False,PROMISING,an overly emotional driver is a(n) __________ driver. (21) | ● 6.) an overly emotional driver is a(n) __________ driver. (16) | emotional driving (13)
/blog/accepting-a-cash-offer-after-savannah-car-crash/,blog,blog,en,True,False,savannah,Savannah GA,car,19,6123,23.6,0,98,15.7,0,0,0,0,False,OK,cash for crash (3) | offered cash after car accident (3) | at fault driver wants to pay out of pocket (1)
/blog/how-to-spot-distracted-drivers-ten-signs-savannah-ga/,blog,blog,en,True,False,savannah,Savannah GA,car,9,4484,16.9,1,374,7.8,0,272,0,0,False,OK,what is a potential sign of a distracted driver (15) | how do you recognize a distracted driver (9) | savannah texting while driving accident lawyer (6)
/blog/liability-in-head-on-collisions-savannah-ga/,blog,blog,en,True,False,savannah,Savannah GA,car,3,1455,37.3,0,8,14.9,0,4,0,0,False,OK,car wreck lawyer savannah ga (2)
/blog/understanding-eye-injuries-after-a-savannah-car-accident/,blog,blog,en,True,False,savannah,Savannah GA,car,1,991,11.9,1,145,13.5,0,12,0,0,False,OK,eye injury car accident settlement (3) | injury (2) | can a car accident cause cataracts (1)
/blog/how-loud-music-increases-crash-risk-charleston/,blog,blog,en,True,False,charleston,Charleston SC,car,21,10021,16.3,0,379,10.8,0,377,0,62,False,PROMISING,auditory distraction (69) | are car crashes loud (48) | does the music stop in a car crash (13)
/blog/what-are-my-legal-options-after-a-rideshare-crash-in-charleston/,blog,blog,en,True,False,charleston,Charleston SC,rideshare,0,292,50.4,0,1,13.0,0,0,0,0,False,DEAD,
/blog/liability-and-causes-for-backing-up-crashes-in-charleston/,blog,blog,en,True,False,charleston,Charleston SC,car,2,733,14.7,1,314,15.6,0,0,0,0,False,PROMISING,car accident backing out of driveway (18) | backing accident meaning (17) | who is at fault in a car accident when backing up (10)
/blog/filing-soft-tissue-injury-claims-in-charleston/,blog,blog,en,True,False,charleston,Charleston SC,,0,215,40.9,0,94,57.5,0,0,0,0,False,DEAD,personal injury claim charleston (24) | injury in charleston (17) | soft tissue injury lawyer (17)
/blog/charleston-lyft-driver-ran-red-light-and-hit-my-car/,blog,blog,en,True,False,charleston,Charleston SC,rideshare,3,4550,36.9,0,63,15.4,0,0,0,0,False,OK,lyft driver ran red light queens attorney (3) | charleston lyft accident attorney (2)
/blog/dangerous-rural-crashes-in-charleston/,blog,blog,en,True,False,charleston,Charleston SC,car,12,3237,31.0,0,42,17.8,0,46,0,0,False,OK,rural driving is dangerous because (1) | rural roads (1) | you have an accident on a rural road (1)
/blog/value-of-car-crash-claim-if-permanent-injuries/,blog,blog,en,False,False,,none,car,24,11745,36.5,0,127,28.9,0,0,0,0,False,OK,auto accident injuries permanent (36) | accident injuries permanent (15) | how much is a permanent injury worth (7)
/blog/mistakes-charleston-slip-and-fall-victims-make/,blog,blog,en,True,False,charleston,Charleston SC,premises,0,16461,37.6,0,348,76.4,0,0,0,0,False,OK,slip and fall lawsuit charleston sc (56) | slip and fall lawyer charleston (24) | charleston slip fall lawyer (22)
/blog/charleston-rideshare-brake-failure-accident/,blog,blog,en,True,False,charleston,Charleston SC,rideshare,3,1297,50.9,1,52,19.9,0,0,0,0,False,OK,scooter accident lawyer mount vernon (2) | do i still have a case if i braked hard right before the rollover accident (1) | electric scooter injury lawyer mount vernon (1)
/blog/how-delayed-injuries-could-impact-your-charleston-car-crash-claim/,blog,blog,en,True,False,charleston,Charleston SC,car,0,785,39.0,0,2,6.0,0,0,0,0,False,DEAD,
/blog/impaired-driving-caused-by-prescription-medications/,blog,blog,en,False,False,,none,,75,52212,8.7,0,567,36.8,0,3626,0,2,False,OK,how medications impact driving (177) | motor+vehicle+accident+pharmacy (24) | driving and prescription medicines (10)
/blog/feeling-fatigued-after-charleston-car-accident/,blog,blog,en,True,False,charleston,Charleston SC,car,93,20886,9.1,1,549,16.8,0,0,0,0,False,PROMISING,extreme fatigue after car accident (9) | fatigue after car accident (8) | tired after car accident (7)
/blog/risk-of-refusing-medical-care-after-car-crash-charleston/,blog,blog,en,True,False,charleston,Charleston SC,car,9,1035,15.7,1,75,14.3,0,0,0,0,False,OK,does refusing medical treatment after a car accident hurt your claim (5) | legal support for auto crash victims in charleston (2) | refusing medical treatment after car accident (2)
/blog/shoulder-injuries-after-charleston-car-crash/,blog,blog,en,True,False,charleston,Charleston SC,car,1,337,31.8,0,93,40.2,0,3,0,3,False,OK,shoulder injury attorney (14) | shoulder injury lawyer (14) | how much compensation for shoulder injury in car accident (6)
/blog/how-to-talk-to-your-doctor-about-your-charleston-car-accident-injuries/,blog,blog,en,True,False,charleston,Charleston SC,car,1,20,27.6,0,4,5.8,0,0,0,0,False,OK,
/blog/charleston-car-crash-brain-injuries/,blog,blog,en,True,False,charleston,Charleston SC,car,6,7843,53.1,1,60,30.9,0,15,0,0,False,OK,brain stem injury car accident (5) | head injury lawyers in charleston (3) | charleston traumatic brain injury lawyer (2)
/blog/charleston-reckless-driving-crash/,blog,blog,en,True,False,charleston,Charleston SC,car,2,3932,44.4,0,465,78.8,0,0,0,0,False,OK,accidents caused by reckless driving (291) | reckless driving accident (101) | reckless driving accidents (42)
/blog/compensation-for-car-crash-facial-injuries-charleston/,blog,blog,en,True,False,charleston,Charleston SC,car,0,522,31.3,0,96,12.7,0,0,0,0,False,DEAD,
/blog/liability-for-brake-checking-crashes-charleston/,blog,blog,en,True,False,charleston,Charleston SC,car,17,2905,21.7,0,124,23.4,0,786,0,14,False,OK,brake check (6) | if someone slams on their brakes and you hit them is it your fault (4) | do i still have a case if i braked hard right before the rollover accident (3)
/blog/tactics-insurers-use-to-deny-crash-claims-charleston/,blog,blog,en,True,False,charleston,Charleston SC,car,17,4609,28.4,0,144,11.8,0,9,0,0,False,OK,car accident claim denied south carolina (53) | denied car insurance claim lawyer (23) | denied insurance claim lawyer (6)
/blog/when-to-call-charleston-personal-injury-lawyer/,blog,blog,en,True,False,charleston,Charleston SC,generic_pi,22,13911,35.1,1,341,40.7,0,183,0,0,False,OK,when should i call a lawyer after an accident (20) | when to call an attorney after a car accident (18) | when should i contact an attorney after an accident (16)
/blog/hearing-loss-after-charleston-car-accident/,blog,blog,en,True,False,charleston,Charleston SC,car,97,15283,18.6,5,359,27.3,0,2536,0,6,False,OK,hearing loss after car accident michigan (31) | tinnitus after car accident compensation (30) | hearing loss after car accident (23)
/blog/why-car-crashes-happen-close-to-home-charleston/,blog,blog,en,True,False,charleston,Charleston SC,car,8,5294,29.2,0,262,23.4,0,0,0,0,False,OK,do most car accidents happen close to home (15) | most car accidents happen close to home (13) | most accidents happen close to home (11)
/blog/liability-for-roundabout-crashes-in-charleston/,blog,blog,en,True,False,charleston,Charleston SC,car,14,5482,23.8,1,351,33.1,0,17,0,0,False,OK,roundabout accident who is at fault (78) | who is at fault in a roundabout accident australia (28) | roundabout accident attorneys (23)
/blog/compensation-for-chronic-pain-after-a-car-crash-in-charleston/,blog,blog,en,True,False,charleston,Charleston SC,car,32,7374,34.6,1,323,41.2,0,186,0,0,False,OK,"auto injury clinical treatment summerville, sc (94) | chronic pain after car accident south carolina (87) | myofascial pain car accident settlement (14)"
/blog/liability-for-charleston-underride-truck-crashes/,blog,blog,en,True,False,charleston,Charleston SC,truck,0,2685,33.7,0,3,64.0,0,0,0,0,False,DEAD,pursue compensation after a truck collision in charleston (2) | who is at fault in a underride truck accident? (1)
/blog/returning-to-work-too-soon-charleston-crash/,blog,blog,en,True,False,charleston,Charleston SC,car,21,4259,12.7,1,123,20.1,0,0,0,0,False,OK,return to work after car accident midtown okc (2) | will going back to work affect my injury claim (2) | can i go back to work (1)
/blog/uturn-crash-liability-in-charleston/,blog,blog,en,True,False,charleston,Charleston SC,car,114,24367,15.4,13,2319,9.2,1,15167,1,4867,False,WINNER,are u turns legal in south carolina (1622) | are u-turns legal in south carolina (364) | are u turns legal in sc (337)
/blog/second-opinion-for-charleston-car-crash-injuries/,blog,blog,en,True,False,charleston,Charleston SC,car,2,1773,33.6,0,20,41.2,0,0,0,0,False,OK,"charleston car crash attorneys (2) | should i get a second opinion before accepting a rear end accident settlement (2) | auto injury assessment summerville, sc (1)"
/blog/wearing-headphones-while-driving-in-charleston/,blog,blog,en,True,False,charleston,Charleston SC,,111,22889,12.9,6,2158,7.7,1,11350,0,2956,False,WINNER,is it illegal to drive with headphones in south carolina (256) | is it illegal to have airpods in while driving (73) | is it illegal to drive with headphones (64)
/blog/nerve-damage-after-charleston-car-crash/,blog,blog,en,True,False,charleston,Charleston SC,car,29,12631,19.1,0,845,7.5,0,0,0,0,False,WINNER,nerve damage after car accident (27) | nerve damage (10) | what causes nerve damage (10)
/blog/why-are-highway-road-shoulder-accidents-in-charleston-dangerous/,blog,blog,en,True,False,charleston,Charleston SC,car,2,573,19.3,0,0,,0,0,0,0,False,OK,
/blog/legal-rights-if-hit-by-driver-in-company-car-charleston/,blog,blog,en,True,False,charleston,Charleston SC,,23,5210,18.8,2,296,35.3,0,0,0,0,False,OK,company vehicle hit my car (164) | hit by company vehicle (2) | van driver accident at work (2)
/blog/charleston-parking-lot-car-accident-liability/,blog,blog,en,True,False,charleston,Charleston SC,car,16,4633,28.2,0,240,42.7,0,3,0,0,False,OK,parking lot accident lawyer charleston (83) | parking lot accident attorney charleston (78) | what happens if you hit a car in a parking lot and leave (13)
/blog/how-to-maximize-your-car-accident-compensation-in-georgia/,blog,blog,en,False,False,,statewide GA,car,16,2211,12.1,5,729,16.3,0,0,0,0,False,PROMISING,how to get the most money from a car accident (26) | georgia vehicle accident settlement reforms (12) | car injury compensation (10)
/blog/car-accidents-on-i-26-in-north-charleston/,blog,blog,en,True,True,charleston,North Charleston SC,car,13,4900,34.2,0,9,44.1,0,0,0,0,False,OK,hurt in a car accident in charleston (4)
/blog/how-pain-and-suffering-is-calculated-after-an-accident-in-south-carolina/,blog,blog,en,False,False,,statewide SC,,8,1315,11.6,6,457,9.6,0,0,0,0,False,OK,how are damages from pain and suffering calculated in south carolina (70) | the per diem method for calculating pain and suffering (2) | what are signs of a good settlement offer? explain how to calculate pain and suffering (2)
/blog/king-calhoun-intersection-car-collisions/,blog,blog,en,True,False,calhoun,Charleston SC,car,2,425,25.9,0,15,11.7,0,0,0,0,False,OK,auto accident treatment calhoun (1)
/blog/what-to-do-after-a-car-crash-on-savannah-highway/,blog,blog,en,True,True,savannah,Savannah GA,car,5,2362,11.7,0,38,6.3,0,0,0,0,False,OK,what to do after car accident savannah (17)
/blog/what-to-do-after-a-hit-and-run-in-downtown-charleston/,blog,blog,en,True,True,charleston,Charleston SC,car,18,2795,16.7,0,245,38.4,0,0,0,0,False,OK,charleston hit and run accident lawyer (85) | charleston hit and run accident attorney (27) | hit and run police (3)
/blog/a-step-by-step-guide-for-folly-road-car-accidents/,blog,blog,en,True,True,folly-road,Charleston SC,car,3,1717,9.5,1,25,10.4,0,0,0,0,False,OK,
/blog/a-guide-to-car-wrecks-on-aviation-avenue-near-charleston-airport/,blog,blog,en,True,True,charleston,Charleston SC,car,6,1164,23.6,0,41,9.2,0,0,0,0,False,OK,aviation avenue (1) | charleston aviation accident lawyer (1) | charleston sc car accident (1)
/blog/car-accidents-on-coleman-boulevard-in-mount-pleasant/,blog,blog,en,True,True,mount-pleasant,Charleston SC,car,10,1175,24.1,1,65,17.9,0,0,0,0,False,OK,car accident (5) | car accidents (2) | automobile accidents today (1)
/blog/charleston-delivery-truck-pedestrian-cyclist-accidents/,blog,blog,en,True,False,charleston,Charleston SC,truck,1,564,24.0,0,7,12.9,0,0,0,0,False,OK,
/blog/18-wheeler-wrecks-on-the-arthur-ravenel-jr-bridge-us-17/,blog,blog,en,True,True,ravenel,Charleston SC,truck,13,2731,10.3,0,18,7.4,0,0,0,0,False,OK,
/blog/i-26-i-526-truck-accidents-what-to-do-whos-liable/,blog,blog,en,True,False,,none,truck,8,2071,20.2,0,13,17.0,0,0,0,0,False,OK,i-26 truck accident lawyers (2)
/blog/calculating-pain-and-suffering-after-a-charleston-pedestrian-accident/,blog,blog,en,True,False,charleston,Charleston SC,pedestrian,2,688,25.6,0,7,7.4,0,0,0,0,False,OK,
/blog/filing-an-emotional-distress-claim-after-a-ravenel-bridge-accident/,blog,blog,en,True,True,ravenel,Charleston SC,,10,1838,13.1,0,26,20.9,0,0,0,0,False,OK,emotional distress (1) | ravenel bridge accident (1)
/blog/proving-pain-and-suffering-after-an-ashley-river-road-accident/,blog,blog,en,False,False,,none,car,0,607,10.7,0,0,,0,0,0,0,False,DEAD,
/blog/what-to-do-after-a-bike-crash-on-charlestons-ravenel-bridge/,blog,blog,en,True,True,ravenel,Charleston SC,bicycle,13,1560,12.2,0,10,19.1,0,0,0,0,False,OK,ravenel bridge accident (1)
/blog/how-pain-and-suffering-is-calculated-after-an-accident-in-georgia/,blog,blog,en,False,False,,statewide GA,,27,3991,7.0,6,1611,6.7,0,28,0,28,False,WINNER,the per diem method for calculating pain and suffering (45) | accident attorney near me (3) | average settlement for car accident back and neck injury with surgery (3)
/blog/determining-fault-in-a-charleston-golf-cart-accident/,blog,blog,en,True,False,charleston,Charleston SC,,4,1171,17.1,0,8,31.2,0,0,0,0,False,OK,golf cart accident lawyer charleston (2)
/blog/a-cyclists-guide-after-a-ravenel-bridge-accident/,blog,blog,en,True,True,ravenel,Charleston SC,bicycle,113,4687,10.2,1,74,13.3,0,0,0,0,False,OK,ravenel bridge accident (2) | what to do after a bike accident (2) | accident on ravenel bridge today (1)
/blog/a-pedestrians-guide-to-proving-negligence-in-charleston-parking-lots/,blog,blog,en,True,False,charleston,Charleston SC,pedestrian,3,752,18.9,1,11,13.9,0,0,0,0,False,OK,
/blog/a-pedestrians-guide-to-claiming-lost-wages-in-charleston/,blog,blog,en,True,False,charleston,Charleston SC,pedestrian,0,43,10.3,0,4,12.8,0,0,0,0,False,DEAD,
/blog/guide-after-a-car-accident-in-columbia-sc/,blog,blog,en,True,False,columbia,Columbia SC,car,1,208,14.6,0,74,16.5,0,0,0,0,False,OK,auto accident injury (4) | car accident help (4) | accident injury (3)
/blog/filing-a-claim-after-a-hazmat-truck-crash-in-charleston/,blog,blog,en,True,False,charleston,Charleston SC,truck,0,141,20.0,0,4,5.2,0,0,0,0,False,DEAD,
/blog/how-poor-truck-maintenance-causes-charleston-accidents/,blog,blog,en,True,False,charleston,Charleston SC,truck,0,150,14.2,0,5,14.8,0,0,0,0,False,DEAD,
/blog/your-guide-to-justice-after-a-charleston-truck-accident/,blog,blog,en,True,False,charleston,Charleston SC,truck,1,242,28.2,0,52,15.5,0,0,0,0,False,OK,legal guidance for a charleston truck accident (45) | pursue compensation after a truck collision in charleston (3)
/blog/columbia-dangerous-intersections-roads/,blog,blog,en,True,False,columbia,Columbia SC,car,41,4420,8.1,17,1913,8.4,0,21,0,16,False,WINNER,"why is columbia, sc so dangerous (198) | why is columbia sc so dangerous (18) | trucks the biggest danger on our columbia roads (11)"
/blog/protecting-your-rights-after-a-myrtle-beach-car-accident/,blog,blog,en,True,False,myrtle-beach,Myrtle Beach SC,car,0,298,14.0,0,15,15.5,0,0,0,0,False,DEAD,myrtle beach car accident lawyer (2) | myrtle beach car accident injury lawyers (1)
/blog/a-drivers-guide-to-wildlife-accidents-near-charleston/,blog,blog,en,True,False,charleston,Charleston SC,,2,682,9.8,0,15,12.5,0,0,0,0,False,OK,
/blog/proving-your-pain-after-a-charleston-car-accident/,blog,blog,en,True,False,charleston,Charleston SC,car,1,136,20.5,0,27,31.7,0,0,0,0,False,OK,get justice after a car accident in charleston (3) | pain after car accident charleston sc (3) | charleston car accident (1)
/blog/proving-a-tourist-was-at-fault-in-your-charleston-accident/,blog,blog,en,True,False,charleston,Charleston SC,,0,160,18.1,0,24,26.0,0,0,0,0,False,DEAD,tourist accident lawyers (4)
/blog/your-guide-to-recovering-lost-wages-after-a-charleston-car-accident/,blog,blog,en,True,False,charleston,Charleston SC,car,1,205,12.0,0,35,7.9,0,0,0,0,False,OK,i missed work after a car accident in charleston can a lawyer help me recover lost wages (4)
/blog/recovering-lost-wages-after-a-truck-accident-on-i-526/,blog,blog,en,True,False,,none,truck,0,221,9.5,0,33,14.7,0,0,0,0,False,DEAD,"pursue compensation after a truck collision in charleston (9) | ""jeffcoat injury and car accident lawyers"" interview (2) | explain the process of filing a claim for lost wages after a commercial truck collision (2)"
/blog/seeking-justice-after-a-fatigued-trucker-accident-on-i-26/,blog,blog,en,True,False,,none,truck,0,328,13.0,0,4,16.5,0,0,0,0,False,DEAD,
/blog/lower-king-street-pedestrian-safety/,blog,blog,en,True,True,king-street,Charleston SC,pedestrian,20,2788,9.2,5,953,8.5,0,0,0,0,False,WINNER,is king street in charleston safe (90) | is jaywalking illegal in south carolina (43) | king street charleston sc (10)
/blog/port-of-charleston-injury-claims-longshoremen-dock-workers/,blog,blog,en,True,False,charleston,Charleston SC,,0,864,11.9,0,60,10.9,0,0,0,0,False,DEAD,dock worker injury attorney (2) | boat injury attorney charleston (1) | dockworker injury attorney (1)
/blog/ashley-phosphate-road-i-26-dangerous-intersection-charleston/,blog,blog,en,True,True,charleston,Charleston SC,car,27,4301,8.9,8,1572,8.2,0,930,0,38,False,WINNER,ashley phosphate road (166) | ashley phosphate (50) | accident on ashley phosphate road today (14)
/blog/savannah-highway-truck-accidents-west-ashley-us-17/,blog,blog,en,True,True,savannah,Savannah GA,truck,3,646,8.0,0,89,10.3,0,0,0,0,False,OK,
/blog/rivers-avenue-pedestrian-deaths-north-charleston/,blog,blog,en,True,True,charleston,North Charleston SC,pedestrian,5,534,10.8,0,52,6.0,0,0,0,0,False,OK,
/blog/boating-accidents-charleston-harbor-legal-rights/,blog,blog,en,True,False,charleston,Charleston SC,,2,644,21.0,0,0,,0,0,0,0,False,OK,
/blog/construction-worker-injuries-charleston-sc-rights/,blog,blog,en,True,False,charleston,Charleston SC,,0,586,14.8,0,184,24.3,0,0,0,0,False,OK,construction workplace injuries charleston sc (35) | compensation for construction workers charleston sc (31) | construction workplace injury charleston sc (10)
/blog/charleston-tourist-injuries-premises-liability-hotels-restaurants/,blog,blog,en,True,False,charleston,Charleston SC,premises,0,483,12.1,0,137,10.8,0,0,0,0,False,OK,charleston restaurant employee burn injury lawyers (2) | charleston restaurant employee burn injury law firm (1) | hotel negligence (1)
/blog/golf-cart-accidents-charleston-island-resort-communities/,blog,blog,en,True,False,charleston,Charleston SC,,1,564,10.6,1,31,7.5,0,0,0,0,False,OK,
/blog/folly-road-car-accidents-james-island-charleston/,blog,blog,en,True,True,charleston,Charleston SC,car,26,2934,8.9,6,1006,9.0,0,186,0,155,False,WINNER,folly road (67) | folly road accident (40) | folly beach road (10)
/blog/boeing-north-charleston-workplace-injuries-workers-comp/,blog,blog,en,True,False,charleston,North Charleston SC,workers_comp,1,520,15.5,0,34,22.0,0,0,0,0,False,OK,"manufacturing staffing agency charleston -indeed -ziprecruiter -jobs -salary -reddit -""now hiring"" (5) | staffing agency north charleston -indeed -ziprecruiter -jobs -salary -reddit -""now hiring"" (2)"
/blog/car-accidents-ladson-i-26-exit-203-danger-zone/,blog,blog,en,True,True,ladson,North Charleston SC,car,4,748,8.2,1,117,8.7,0,0,0,0,False,OK,"""crossroads of three counties"" city (2) | yes, please. (1)"
/blog/johns-island-accidents-no-hospital-emergency-room/,blog,blog,en,True,True,johns-island,Charleston SC,,2,306,12.3,1,56,12.8,0,0,0,0,False,OK,
/blog/nursing-home-abuse-charleston-signs-families/,blog,blog,en,True,False,charleston,Charleston SC,,1,675,10.8,0,245,9.4,0,0,0,0,False,OK,nursing home abuse in charleston sc (163) | charleston nursing home abuse case (22) | understanding nursing home abuse in north charleston (16)
/blog/charleston-medical-malpractice-hospital-claim-south-carolina/,blog,blog,en,True,False,charleston,Charleston SC,med_mal,13,4177,36.5,3,1902,48.3,0,35,0,0,False,OK,how to sue a hospital (186) | hospital malpractice (171) | medical malpractice south carolina (105)
/blog/how-long-personal-injury-case-charleston-sc/,blog,blog,en,True,False,charleston,Charleston SC,generic_pi,8,1988,13.4,4,1228,15.5,0,0,0,0,False,PROMISING,"injury in charleston (83) | ""(843) 790-8999"" roden law (80) | slip and fall lawsuit charleston sc (41)"
/blog/highway-41-accidents-mount-pleasant-development/,blog,blog,en,True,False,mount-pleasant,Charleston SC,car,4,267,10.4,0,33,7.1,0,0,0,0,False,OK,
/blog/jet-ski-personal-watercraft-accidents-charleston/,blog,blog,en,True,False,charleston,Charleston SC,,6,1344,8.1,2,400,8.4,0,0,0,0,False,OK,charleston jet ski rental accident attorneys (31) | charleston jet ski rental accident lawyers (30) | charleston jet ski rental accident attorney (28)
/blog/maybank-highway-car-accidents-johns-island/,blog,blog,en,True,True,maybank-highway,Charleston SC,car,9,1133,9.4,3,417,8.7,0,62,0,29,False,OK,"maybank highway johns island (15) | maybank highway (4) | car insurance companies in johns island, sc (2)"
/blog/i-526-expansion-construction-zone-accidents-charleston/,blog,blog,en,True,True,charleston,Charleston SC,car,3,353,13.8,0,51,8.2,0,0,0,0,False,OK,reinforced concrete contractor charleston south carolina (1)
/blog/shem-creek-boating-dock-injuries-mount-pleasant/,blog,blog,en,True,False,mount-pleasant,Charleston SC,,66,3971,8.6,7,516,7.3,0,132,0,51,False,WINNER,charleston boating accident attorney (3) | the wreck on shem creek (3) | floating dock (2)
/blog/jones-act-claims-south-carolina-maritime-worker-rights/,blog,blog,en,False,False,,statewide SC,,8,1527,11.6,1,191,10.2,0,0,0,0,False,OK,maritime workers compensation (12) | maintenance and cure benefits (5) | jones act workers compensation (4)
/blog/pedestrian-accidents-musc-charleston-medical-district/,blog,blog,en,True,False,charleston,Charleston SC,pedestrian,5,495,10.8,0,221,9.1,0,214,0,156,False,OK,musc nurse hit by car (9) | charleston pedestrian accident attorney (3) | hospital pedestrian safety (2)
/blog/carriage-tour-accidents-downtown-charleston-liability/,blog,blog,en,True,True,charleston,Charleston SC,,24,1670,8.8,9,510,8.6,0,304,0,221,False,WINNER,carriage accident (1) | charleston carriage accident (1) | history of injuries (1)
/blog/military-base-accidents-joint-base-charleston-rights/,blog,blog,en,True,False,charleston,Charleston SC,,12,1960,9.8,2,551,10.8,0,0,0,0,False,PROMISING,how to get a visitor pass for a military base (45) | what is the largest military base in the united states (16) | car accident while on active duty (10)
/blog/summer-dui-accidents-charleston-memorial-day-labor-day/,blog,blog,en,True,False,charleston,Charleston SC,,3,201,14.9,0,72,16.0,0,0,0,0,False,OK,labor day is (1)
/blog/charleston-historic-sidewalk-slip-fall-city-liable/,blog,blog,en,True,False,charleston,Charleston SC,premises,15,1295,7.8,10,629,6.0,0,0,0,0,False,WINNER,charleston sc (15) | sidewalk accident lawyer charleston (7) | downtown charleston (5)
/blog/dog-bite-laws-south-carolina-charleston/,blog,blog,en,True,False,charleston,Charleston SC,dog_bite,37,3807,24.5,24,2076,31.3,0,16,0,16,False,WINNER,charleston dog bite lawyer (200) | charleston dog bite attorney (117) | reporting dog bites south carolina (105)
/blog/emergency-room-errors-charleston-misdiagnosis-malpractice/,blog,blog,en,True,False,charleston,Charleston SC,med_mal,6,1403,11.8,2,591,10.6,0,0,0,0,False,PROMISING,south carolina stroke misdiagnosis lawyer (167) | south carolina stroke misdiagnosis attorney (21) | emergency room misdiagnosis (16)
/blog/daniel-island-accidents-event-traffic-golf-carts/,blog,blog,en,True,True,daniel-island,Charleston SC,,1,500,15.4,0,68,14.6,0,0,0,0,False,OK,
/blog/west-ashley-vs-downtown-charleston-driving-risks/,blog,blog,en,True,True,charleston,Charleston SC,,1,500,11.5,0,54,13.9,0,0,0,0,False,OK,
/blog/south-carolina-comparative-fault-partially-at-fault/,blog,blog,en,False,False,,statewide SC,,7,1414,15.0,5,607,15.0,0,0,0,0,False,PROMISING,is south carolina a no fault state (22) | is sc a no fault state (5) | south carolina comparative negligence (5)
/blog/charleston-parking-lot-parking-garage-accident/,blog,blog,en,True,False,charleston,Charleston SC,,11,3781,18.0,1,1691,16.9,0,170,0,60,False,PROMISING,parking garage accidents (77) | parking lot accident lawyer charleston (76) | parking lot accident laws (67)
/blog/personal-injury-claim-charleston-berkeley-dorchester-county/,blog,blog,en,True,False,charleston,Charleston SC,generic_pi,15,2180,12.1,6,1075,13.4,0,0,0,0,False,PROMISING,"auto injury assessment summerville, sc (113) | what county is north charleston sc in (15) | dorchester personal injury lawyer (12)"
/blog/ben-sawyer-boulevard-bridge-accidents-sullivans-island/,blog,blog,en,True,True,sullivans-island,Charleston SC,car,12,1595,8.1,3,803,7.8,0,104,0,92,False,WINNER,"""harbor street"" bridge pedestrian hours riverwalk (22) | ""harbor street"" pedestrian bridge riverwalk (16) | ""harbor street"" riverwalk bridge hours (16)"
/blog/georgia-pedestrian-right-of-way-laws/,blog,blog,en,False,False,,statewide GA,pedestrian,26,11034,7.6,9,4950,8.1,0,646,0,441,False,WINNER,ocga pedestrian in roadway (399) | ocga due care (276) | ocga 40-6-96 (83)
/blog/south-carolina-pedestrian-right-of-way-laws/,blog,blog,en,False,False,,statewide SC,pedestrian,31,9538,8.8,20,4304,9.2,0,721,0,718,False,WINNER,"motorists are not required to yield to pedestrians when they walk against the traffic light. (47) | tssl pick pedestrian (44) | if the motorist sees a pedestrian in a crosswalk, what should the motorist do? go ahead. the motorist has the right-of-way. yield the right of way to the pedestrian. pull to the right and go behind them. (41)"
/blog/how-to-maximize-your-car-accident-compensation-in-south-carolina/,blog,blog,en,False,False,,statewide SC,car,0,835,16.8,0,94,14.7,0,0,0,0,False,DEAD,maximize car accident settlement (3) | accident compensation program (2) | power claims program car accident (2)
/blog/myrtle-beach-dangerous-roads-intersections/,blog,blog,en,True,False,myrtle-beach,Myrtle Beach SC,car,82,24350,8.4,52,15405,8.1,0,66,0,66,False,WINNER,why is myrtle beach so dangerous (12212) | why is myrtle beach so dangerous today (123) | why myrtle beach is dangerous (37)
/blog/savannah-dangerous-highways-i16-i95-abercorn/,blog,blog,en,True,True,savannah,Savannah GA,car,31,3128,8.6,14,1458,8.6,0,30,0,30,False,WINNER,why is i-95 so dangerous (6) | catastrophic injuries in savannah (5) | fatal car accident on i-95 near savannah today (5)
/blog/darien-brunswick-dangerous-roads-i95-us17/,blog,blog,en,True,True,darien,Darien GA,car,24,4411,9.0,7,1996,9.4,0,272,0,272,False,WINNER,"why is brunswick ga dangerous (253) | why is brunswick, ga dangerous (174) | road hazard injuries brunswick georgia (50)"
/blog/medical-malpractice-limits-south-carolina/,blog,blog,en,False,False,,statewide SC,med_mal,184,15854,10.4,94,6233,12.1,0,2220,0,1760,False,WINNER,medical malpractice south carolina (168) | medical malpractice in south carolina (123) | south carolina medical malpractice laws (78)
/blog/rear-end-accident-injuries/,blog,blog,en,False,False,,none,car,40,11258,14.1,18,3835,23.5,0,0,0,0,False,WINNER,rear end collision injuries (78) | rear ended injury (54) | what causes most rear end accidents (51)
/blog/how-much-is-my-car-accident-claim-worth/,blog,blog,en,False,False,,none,car,4,4797,27.0,2,2429,33.8,0,0,0,0,False,OK,how much is a car accident settlement worth? (318) | how much is my car accident settlement worth (147) | cost of claim car insurance (122)
/blog/average-personal-injury-settlement-amounts/,blog,blog,en,False,False,,none,generic_pi,90,19137,14.6,38,6685,13.8,0,3433,0,1642,False,WINNER,how much of a $30k settlement will i get (1579) | how much of a 50k settlement will i get (281) | personal injury settlement amounts (161)
/blog/diminished-value-claims-after-car-accident/,blog,blog,en,False,False,,none,car,55,45476,26.5,18,10513,31.4,0,205,0,37,False,WINNER,car diminished value (719) | diminished value claim (592) | diminished value claims (265)
/blog/ptsd-after-car-accident-compensation/,blog,blog,en,False,False,,none,car,13,4994,25.3,6,2393,28.6,0,4,0,4,False,OK,ptsd car accident settlement amount (249) | how much compensation for ptsd after car accident (212) | ptsd from car accident settlement (145)
/blog/car-totaled-in-accident-what-to-do/,blog,blog,en,False,False,,none,,0,772,20.9,0,122,20.0,0,0,0,0,False,OK,"vehicle is totaled in accident (15) | north charleston, sc insurance umpire services (1) | what to do with a salvage title (1)"
/blog/fmcsa-violations-truck-accident-claims/,blog,blog,en,False,False,,none,truck,2,3104,6.3,0,98,11.9,0,0,0,0,False,OK,elements of negligence claim truck accident fmcsa regulations (2)
/blog/what-to-do-after-car-accident-georgia/,blog,blog,en,False,False,,statewide GA,car,24,16081,13.8,16,5471,19.9,0,6,0,6,False,WINNER,auto accident injury (513) | accident claim help (458) | car accident case (322)
/blog/what-to-do-after-car-accident-south-carolina/,blog,blog,en,False,False,,statewide SC,car,52,13386,11.8,19,8013,13.6,0,590,0,590,False,WINNER,what to do after a car accident in south carolina (392) | car accident injury (193) | what to do after a car accident in sc (178)
/blog/ashley-phosphate-i-26-south-carolinas-deadliest-intersection/,blog,blog,en,True,True,ashley-phosphate,North Charleston SC,car,19,1590,7.6,5,581,8.5,0,0,0,0,False,WINNER,ashley phosphate road (16) | is ashley phosphate safe (2) | ashley phosphate (1)
/blog/pedestrian-safety-park-circle-north-charleston/,blog,blog,en,True,True,charleston,North Charleston SC,pedestrian,3,681,8.1,0,33,5.8,0,0,0,0,False,OK,
/blog/port-truck-accidents-charleston-liability/,blog,blog,en,True,False,charleston,Charleston SC,truck,1,117,11.0,0,7,7.1,0,0,0,0,False,OK,
/blog/motorcycle-accidents-dorchester-road-data/,blog,blog,en,True,True,dorchester,North Charleston SC,motorcycle,12,628,7.8,2,122,9.1,0,0,0,0,False,OK,dorchester road accident (4) | site:rodenlaw.com (1) | south carolina motorcycle accident statistics (1)
/blog/north-charleston-crime-rate-hit-and-run/,blog,blog,en,True,False,charleston,North Charleston SC,car,12,1757,8.6,2,362,9.0,0,0,0,0,False,OK,north charleston crime rate (210) | north charleston south carolina crime rate (11) | north charleston sc crime rate (9)
/blog/south-carolina-statute-of-limitations-personal-injury/,blog,blog,en,False,False,,statewide SC,generic_pi,86,11531,10.5,49,5469,11.2,0,0,0,0,False,WINNER,statute of limitations sc (160) | what is the statute of limitations in south carolina (95) | south carolina statute of limitations personal injury (84)
/blog/east-bay-street-savannah-pedestrian-accident-lawyer/,blog,blog,en,True,True,savannah,Savannah GA,pedestrian,1,46,40.3,1,46,40.3,0,0,0,0,False,OK,savannah pedestrian accident attorney (13) | savannah pedestrian accident lawyer (7) | accidents (2)
/blog/can-you-sue-hipaa-violation/,blog,blog,en,False,False,,none,med_mal,17,775,8.0,17,775,8.0,0,0,0,0,False,WINNER,can i sue for hipaa violation (7) | suing for hipaa violation (7) | can you sue for a hipaa violation (5)
/blog/is-hipaa-violation-medical-malpractice/,blog,blog,en,False,False,,none,med_mal,3,511,14.5,3,511,14.5,0,0,0,0,False,PROMISING,accidental hipaa violation (8) | hipaa violation by accident (5) | can a patient sue for hipaa violation (4)
/blog/hipaa-violation-lawsuit-worth/,blog,blog,en,False,False,,none,med_mal,32,2039,8.0,32,2039,8.0,0,0,0,0,False,WINNER,how much is a hipaa violation lawsuit worth (336) | how much can you sue for hipaa violation (18) | monetary damages for hipaa violation (18)
/blog/can-you-sue-hospital-negligence/,blog,blog,en,False,False,,none,med_mal,2,1096,30.6,2,1096,30.6,0,0,0,0,False,OK,hospital negligence (81) | can you sue a hospital for negligence (43) | can i sue a hospital for negligence (42)
/es/blog/is-hipaa-violation-medical-malpractice/,es_twin,blog,es,False,False,,none,med_mal,7,497,7.4,7,497,7.4,0,0,0,0,False,OK,cuánto dinero me pueden dar (1) | en estados unidos (1) | hipaa violation (1)
/blog/hipaa-violation-lawyer/,blog,blog,en,False,False,,none,med_mal,37,1896,16.9,37,1896,16.9,0,0,0,0,False,WINNER,hipaa violation lawyer (238) | hipaa violation attorney (151) | lawyer for hipaa violation (91)
/es/blog/can-you-sue-hipaa-violation/,es_twin,blog,es,False,False,,none,med_mal,1,19,5.8,1,19,5.8,0,0,0,0,False,OK,nivel 3 (1)
/es/blog/hipaa-violation-lawsuit-worth/,es_twin,blog,es,False,False,,none,med_mal,0,0,,0,0,,0,0,0,0,False,DEAD,
/es/blog/can-you-sue-hospital-negligence/,es_twin,blog,es,False,False,,none,med_mal,0,0,,0,0,,0,0,0,0,False,DEAD,
/es/blog/hipaa-violation-lawyer/,es_twin,blog,es,False,False,,none,med_mal,0,0,,0,0,,0,0,0,0,False,DEAD,
/blog/medical-malpractice-examples/,blog,blog,en,False,False,,none,med_mal,0,158,13.6,0,158,13.6,0,0,0,0,False,OK,"south carolina medical malpractice laws (13) | ""hospital acquired infection"" -site:reddit.com -site:twitter.com -site:x.com -site:wykop.pl -site:tripadvisor.com -site:youtube.com -site:yelp.com -site:booking.com -site:facebook.com -site:instagram.com -site:tiktok.com (5) | medical malpractice in south carolina (4)"
/testimonials/,about_contact_other,about_contact_other,en,False,False,,none,,50,4023,14.1,6,220,6.6,0,0,0,0,False,OK,site:rodenlaw.com (54) | roden law reviews (12) | eric roden (3)
/case-results/,case_results,case_results,en,False,False,,none,,21,9790,30.8,1,1035,6.3,0,0,0,0,False,WINNER,"eric roden (139) | ""(843) 790-8999"" roden law (124) | roden law (69)"
/blog/,blog_index,blog_index,en,False,False,,none,,3,874,25.3,0,67,36.6,0,53,0,0,False,OK,truck accident lawyer redan (9) | site:rodenlaw.com (8) | valdosta moving van accident lawyer (3)
/contact/,about_contact_other,about_contact_other,en,False,False,,none,,23,5778,9.5,13,2519,11.7,0,0,0,0,False,WINNER,roden law (469) | roden law firm (155) | roden law savannah ga (96)
/,home,home,en,False,False,,none,,2595,486980,15.8,490,128080,5.3,92,12939,6,446,True,WINNER,personal injury lawyer (6465) | car accident lawyer (5876) | medical malpractice lawyer (5174)
/privacy-policy/,about_contact_other,about_contact_other,en,False,False,,none,,0,637,15.8,0,89,9.3,0,0,0,0,False,DEAD,site:rodenlaw.com (42) | roden solicitors (1)
/class-action-lawyers/,pillar,pillar,en,False,False,,none,,10,19034,41.9,2,285,43.4,0,0,0,0,False,OK,roundup lawsuit lawyers near me (15) | can you sue a drug dealer for wrongful death (13) | round up injury lawyer (13)
/about/,about_contact_other,about_contact_other,en,False,False,,none,,24,6368,7.0,9,2589,8.3,0,0,0,0,False,WINNER,roden law (427) | roden law firm (201) | eric roden (141)
/class-action-lawyers/afff-firefighting-foam-lawsuits/,subtype,subtype,en,False,False,,none,,7,5304,13.5,0,87,22.0,0,0,0,0,False,OK,afff legal claim (40) | firefighting foam afff legal (5) | afff cancer (3)
/class-action-lawyers/camp-lejeune-lawsuits/,subtype,subtype,en,False,False,,none,,0,1186,15.2,0,433,18.9,0,0,0,0,False,PROMISING,trichloroethylene exposure lawsuit (74) | tce lawsuit (49) | trichloroethene lawsuit (35)
/class-action-lawyers/hair-relaxer-cancer-lawsuits/,subtype,subtype,en,False,False,,none,,15,4559,19.7,6,1430,22.5,0,0,0,0,False,OK,hair relaxer lawsuit settlement amounts (174) | hair relaxer cancer lawsuit lawyer (139) | hair relaxer cancer lawsuit attorney (118)
/class-action-lawyers/invokana/,subtype,subtype,en,False,False,,none,,0,393,25.6,0,10,50.6,0,0,0,0,False,DEAD,invokana lawsuit commercial (6) | south carolina sglt2 inhibitor lawsuit attorneys (2)
/class-action-lawyers/ivc-filter/,subtype,subtype,en,False,False,,none,,1,719,31.7,1,480,35.6,0,0,0,0,False,OK,ivc filter lawyer (102) | ivc filter lawyer chicago (48) | ivc filter lawyers (26)
/class-action-lawyers/onglyza/,subtype,subtype,en,False,False,,none,,0,1032,12.9,0,12,15.8,0,0,0,0,False,DEAD,metformin lawsuit 2016 (2) | south carolina sglt2 inhibitor lawsuit attorneys (2) | south carolina defective diabetes medication attorneys (1)
/class-action-lawyers/ozempic-lawsuits/,subtype,subtype,en,False,False,,none,,0,1838,15.4,0,75,6.8,0,0,0,0,False,DEAD,ozempic lawsuit (11) | ozempic lawsuit lawyer (9) | ozempic class action lawsuit (4)
/class-action-lawyers/paraquat-lawsuit/,subtype,subtype,en,False,False,,none,,2,797,14.0,0,35,15.1,0,0,0,0,False,OK,paraquat lawsuit commercial (2)
/class-action-lawyers/roundup/,subtype,subtype,en,False,False,,none,,0,527,14.8,0,116,17.9,0,0,0,0,False,OK,roundup lawsuit lawyers near me (8) | site:rodenlaw.com (8) | roundup lawsuit attorneys (7)
/class-action-lawyers/stryker-hip-replacement/,subtype,subtype,en,False,False,,none,,14,9330,23.5,4,5487,24.5,0,0,0,0,False,OK,stryker hip lawsuit (497) | stryker hip replacement lawsuit (254) | stryker hip implant lawyer (186)
/class-action-lawyers/talcum-powder/,subtype,subtype,en,False,False,,none,,7,1566,15.0,1,18,14.3,0,0,0,0,False,OK,
/class-action-lawyers/troubled-teen-industry-abuse/,subtype,subtype,en,False,False,,none,,83,13634,11.6,12,2878,17.8,0,0,0,0,False,WINNER,troubled teen industry abuse lawyer (234) | troubled teen industry (183) | troubled teen industry lawsuit (142)
/class-action-lawyers/truvada/,subtype,subtype,en,False,False,,none,,7,2772,18.8,5,1037,24.0,0,0,0,0,False,OK,truvada lawsuit (213) | truvada kidney damage lawsuit (87) | truvada lawsuit lawyer (75)
/class-action-lawyers/uloric/,subtype,subtype,en,False,False,,none,,2,547,13.0,1,84,17.9,0,0,0,0,False,OK,uloric attorney (24) | south carolina uluric lawsuit attorneys (3) | uloric attorney colorado (3)
/south-carolina-motorcycle-accident-lawyer/,state_practice,state_practice,en,False,False,,statewide SC,motorcycle,2,4405,17.8,2,4405,17.8,0,0,0,0,False,PROMISING,south carolina motorcycle accident lawyer (1177) | motorcycle accident lawyer (747) | south carolina motorcycle accident attorney (515)
/south-carolina-wrongful-death-lawyer/,state_practice,state_practice,en,False,False,,statewide SC,wrongful_death,0,1377,55.2,0,1377,55.2,0,0,0,0,False,OK,south carolina wrongful death lawyer (205) | south carolina wrongful death attorney (151) | lawyers for wrongful death settlement in sc (142)
/south-carolina-workers-compensation-lawyer/,state_practice,state_practice,en,False,False,,statewide SC,workers_comp,0,556,65.5,0,556,65.5,0,0,0,0,False,OK,south carolina workers compensation lawyer (119) | south carolina workers compensation attorney (112) | south carolina workers' compensation attorney (57)
/south-carolina-personal-injury-lawyer/,state_practice,state_practice,en,False,False,,statewide SC,generic_pi,0,209,39.5,0,209,39.5,0,0,0,0,False,OK,"""(843) 790-8999"" roden law (85) | roden law (33) | site:rodenlaw.com (5)"
/south-carolina-truck-accident-lawyers/,state_practice,state_practice,en,False,False,,statewide SC,truck,0,2219,49.1,0,2219,49.1,0,0,0,0,False,OK,south carolina truck accident lawyer (486) | truck accident lawyer (248) | truck accident lawyer south carolina (186)
/south-carolina-car-accident-lawyers/,state_practice,state_practice,en,False,False,,statewide SC,car,0,1682,31.8,0,1682,31.8,0,0,0,0,False,OK,south carolina uninsured motorist accident lawyer (177) | south carolina uninsured motorist accident attorney (160) | simpsonville uninsured motorist accident attorney (159)
/es/,es_twin,home,es,False,False,,none,,0,3112,40.8,0,458,5.7,0,0,0,0,False,OK,eric roden (77) | roden law (55) | site:rodenlaw.com (47)
/es/practice-areas/,es_twin,practice_hub,es,False,False,,none,,0,16,38.9,0,16,38.9,0,0,0,0,False,DEAD,site:rodenlaw.com (4) | abogado de lesiones de turistas en leland (2) | abogado de lesiones personales camden (2)
/es/locations/,es_twin,locations_index,es,False,False,,none,,0,73,12.0,0,73,12.0,0,0,0,0,False,DEAD,site:rodenlaw.com (37) | roden law (9) | doran & cawthorne (1)
/es/about/,es_twin,about_contact_other,es,False,False,,none,,0,32,16.3,0,32,16.3,0,0,0,0,False,DEAD,roden law (10) | ivy vale boyfriend (1) | rodenas abogados (1)
/es/contact/,es_twin,about_contact_other,es,False,False,,none,,1,38,12.8,1,38,12.8,0,0,0,0,False,OK,site:rodenlaw.com (22) | roden law (5) | rodenas abogados (1)
/es/south-carolina-car-accident-lawyers/,es_twin,state_practice,es,False,False,,statewide SC,car,0,201,26.0,0,201,26.0,0,0,0,0,False,OK,abogado de accidentes de auto (25) | abogado de accidentes carro summerville (13) | abogado de accidentes auto summerville (12)
/es/south-carolina-truck-accident-lawyers/,es_twin,state_practice,es,False,False,,statewide SC,truck,1,924,27.8,1,924,27.8,0,0,0,0,False,OK,abogado de accidente de camion (209) | abogado de accidentes de truck (178) | abogado de accidente de trailer (168)
/es/south-carolina-personal-injury-lawyer/,es_twin,state_practice,es,False,False,,statewide SC,generic_pi,0,16,43.4,0,16,43.4,0,0,0,0,False,DEAD,abogado de lesiones personales (8) | abogado de lesiones (2) | abogado de lesiones personales en columbia (1)
/es/south-carolina-workers-compensation-lawyer/,es_twin,state_practice,es,False,False,,statewide SC,workers_comp,0,126,15.7,0,126,15.7,0,0,0,0,False,OK,abogado de compensación de trabajadores de north charleston (20) | abogado de compensación al trabajador charleston (16) | abogados de compensación laboral (10)
/es/south-carolina-motorcycle-accident-lawyer/,es_twin,state_practice,es,False,False,,statewide SC,motorcycle,0,378,17.4,0,378,17.4,0,0,0,0,False,PROMISING,abogado de accidente de motocicleta (54) | abogado de lesiones de motocicleta en north charleston (42) | abogado de accidentes de motocicleta (39)
/es/south-carolina-wrongful-death-lawyer/,es_twin,state_practice,es,False,False,,statewide SC,wrongful_death,0,25,13.6,0,25,13.6,0,0,0,0,False,DEAD,abogado de reclamo del patrimonio por acción de supervivencia (7) | abogado para sobrevivientes (4) | abogado de muerte por negligencia en belville (1)
/es/resources/,es_twin,resource_index,es,False,False,,none,,0,21,12.4,0,21,12.4,0,0,0,0,False,DEAD,site:rodenlaw.com (15) | demanda por daños y perjuicios en estados unidos (2)
/attorneys/eric-roden/,attorney,attorney,en,False,False,,none,,195,4718,4.9,92,1957,5.1,0,0,0,0,False,WINNER,eric roden (295) | roden law firm (209) | roden law firm charleston sc (90)
/attorneys/tyler-love/,attorney,attorney,en,False,False,,none,,117,2093,9.4,50,915,11.5,0,0,0,0,False,WINNER,tyler love (111) | roden law savannah ga (35) | roden law (13)
/attorneys/joshua-dorminy/,attorney,attorney,en,False,False,,none,,239,1521,4.3,95,532,6.4,0,0,0,0,False,WINNER,josh dorminy (59) | joshua dorminy (15) | site:rodenlaw.com (10)
/attorneys/graeham-c-gillin/,attorney,attorney,en,False,False,,none,,94,1326,12.9,52,720,16.4,0,0,0,0,False,WINNER,graeham (70) | roden law (58) | riesen durant (44)
/attorneys/ivy-s-montano/,attorney,attorney,en,False,False,,none,,68,562,8.1,41,281,9.0,0,0,0,0,False,WINNER,"site:rodenlaw.com (7) | ivy law (3) | ""roden law"" ""31406"" (1)"
/attorneys/nolan-alexander/,attorney,attorney,en,False,False,,none,,6,774,9.3,0,557,10.0,0,0,0,0,False,WINNER,nolan alexander (50) | roden law (46) | landon alexander (3)
/practice-areas/car-accident-lawyers/,pillar,pillar,en,False,False,,none,car,1,3519,55.5,0,148,50.7,0,0,0,0,False,OK,i need a lawyer for a car accident (19) | caraccidents.com (13) | motor vehicle accident compensation lawyers (11)
/practice-areas/truck-accident-lawyers/,pillar,pillar,en,False,False,,none,truck,0,27215,54.4,0,20010,54.8,0,0,0,0,False,OK,commercial truck accident attorney (2137) | lawyers truck accident (574) | commercial vehicle accident attorney (433)
/practice-areas/slip-and-fall-lawyers/,pillar,pillar,en,False,False,,none,premises,1,535,35.8,0,278,47.1,0,0,0,0,False,OK,slip and fall lawyer (28) | slip and fall attorneys (23) | slip and fall lawyer near me (20)
/practice-areas/motorcycle-accident-lawyers/,pillar,pillar,en,False,False,,none,motorcycle,4,27582,47.4,0,12507,49.0,0,0,0,0,False,OK,motorcycle accident lawyers near loganville (167) | motorcycle accident attorney loganville (160) | top motorcycle accident lawyers in loganville (159)
/practice-areas/medical-malpractice-lawyers/,pillar,pillar,en,False,False,,none,med_mal,10,1760,54.9,5,1200,69.4,0,0,0,0,False,OK,medical malpractice lawyer (84) | medical negligence attorney (78) | savannah medical malpractice lawyer (58)
/practice-areas/wrongful-death-lawyers/,pillar,pillar,en,False,False,,none,wrongful_death,3,3467,41.2,0,677,58.4,0,0,0,0,False,OK,wrongful death lawyers in easley (129) | wrongful death lawyer near me (44) | camden wrongful death attorney (33)
/practice-areas/workers-compensation-lawyers/,pillar,pillar,en,False,False,,none,workers_comp,4,3789,51.7,0,608,63.5,0,0,0,0,False,OK,best lawyer for work injury (24) | south carolina work injury lawyer (20) | work injury attorneys (16)
/practice-areas/dog-bite-lawyers/,pillar,pillar,en,False,False,,none,dog_bite,5,27673,46.6,0,1587,52.3,0,0,0,0,False,OK,injury lawyer for dog attack ratings (63) | animal attack lawyer (55) | dog attack injury attorneys (52)
/practice-areas/brain-injury-lawyers/,pillar,pillar,en,False,False,,none,generic_pi,0,10735,52.2,0,139,65.3,0,0,0,0,False,OK,brain damage lawyer (31) | rock hill traumatic brain injury lawyer (10) | rock hill traumatic brain injury attorney (9)
/practice-areas/spinal-cord-injury-lawyers/,pillar,pillar,en,False,False,,none,generic_pi,1,10083,55.8,0,928,80.1,0,0,0,0,False,OK,spinal cord injury attorney stone mountain (63) | spinal cord injury lawyer stone mountain (55) | spinal cord injury attorney carrollton (46)
/practice-areas/maritime-injury-lawyers/,pillar,pillar,en,False,False,,none,generic_pi,2,13642,41.4,2,8649,43.7,0,0,0,0,False,OK,maritime injury lawyer (1538) | maritime injury attorney (1283) | maritime accident lawyer (1176)
/practice-areas/product-liability-lawyers/,pillar,pillar,en,False,False,,none,,6,26659,54.9,0,5161,73.4,0,0,0,0,False,OK,defective product attorney (511) | defective product lawyer (368) | defective products lawyer (212)
/practice-areas/boating-accident-lawyers/,pillar,pillar,en,False,False,,none,generic_pi,1,85707,55.9,1,4103,86.2,0,0,0,0,False,OK,atlanta boating accident lawyer (157) | atlanta boating accident attorney (140) | spartanburg boating accident lawyer (137)
/practice-areas/burn-injury-lawyers/,pillar,pillar,en,False,False,,none,generic_pi,24,99230,32.1,0,8923,39.4,0,0,0,0,False,OK,burn injury lawyer (1612) | burn injury attorney (1070) | burn injury lawyers (822)
/practice-areas/construction-accident-lawyers/,pillar,pillar,en,False,False,,none,generic_pi,1,8514,62.1,0,1337,74.0,0,0,0,0,False,OK,simpsonville construction accident lawyer (152) | south carolina construction accident attorney (132) | simpsonville construction accident attorney (125)
/practice-areas/nursing-home-abuse-lawyers/,pillar,pillar,en,False,False,,none,,0,5879,73.7,0,3717,80.9,0,0,0,0,False,OK,nursing home abuse attorney (622) | nursing home abuse lawyer (325) | nursing home abuse law firm (151)
/practice-areas/premises-liability-lawyers/,pillar,pillar,en,False,False,,none,premises,0,33138,60.4,0,16743,63.6,0,0,0,0,False,OK,premises liability lawyer (7221) | premises liability attorney (6116) | premises liability lawyers (1138)
/practice-areas/pedestrian-accident-lawyers/,pillar,pillar,en,False,False,,none,pedestrian,1,39993,46.3,0,23074,44.2,0,0,0,0,False,OK,pedestrian accident attorney (7873) | pedestrian accident lawyer (3380) | pedestrian accident attorneys (2651)
/car-accident-lawyers/rideshare-uber-accident/,subtype,subtype,en,False,False,,none,rideshare,1,1204,42.8,1,27,9.6,0,0,0,0,False,OK,darien uber accident lawyer (1) | rideshare accident lawyer murrells inlet sc (1) | south carolina ridesharing regulations official statements (1)
/car-accident-lawyers/rear-end-collision/,subtype,subtype,en,False,False,,none,car,1,226,19.0,0,18,23.2,0,0,0,0,False,OK,
/car-accident-lawyers/commercial-vehicle-accident/,subtype,subtype,en,False,False,,none,truck,1,685,19.2,0,411,16.9,0,0,0,0,False,PROMISING,commercial vehicle accident lawyers (104) | commercial vehicle accident representation (51) | commercial vehicle accident fleet vehicle accident lawyer (25)
/car-accident-lawyers/company-car-accident/,subtype,subtype,en,False,False,,none,car,1,4278,20.9,0,1652,20.0,0,0,0,0,False,PROMISING,company vehicle accident attorney (189) | company vehicle accident lawyer (163) | company vehicle crash attorney (148)
/car-accident-lawyers/government-vehicle-accident/,subtype,subtype,en,False,False,,none,car,6,940,10.6,5,803,10.9,0,0,0,0,False,PROMISING,government vehicle accident attorney (97) | a government vehicle hit my car in georgia can i sue (45) | government vehicle accident lawyer (20)
/car-accident-lawyers/bus-accident/,subtype,subtype,en,False,False,,none,car,1,693,16.5,0,78,15.5,0,0,0,0,False,OK,
/truck-accident-lawyers/overloaded-improperly-loaded-cargo/,subtype,subtype,en,False,False,,none,truck,1,1419,22.6,0,414,34.4,0,0,0,0,False,OK,improperly loaded cargo attorney (148) | improperly loaded cargo lawyer (119) | atlanta improperly loaded cargo lawyer (19)
/truck-accident-lawyers/jackknife-accident/,subtype,subtype,en,False,False,,none,truck,1,1214,25.7,0,129,29.2,0,0,0,0,False,OK,jackknifed big rig accident lawyers (30) | jackknife truck accident lawyer (14) | truck jackknife attorney camden (13)
/motorcycle-accident-lawyers/lane-splitting-accident/,subtype,subtype,en,False,False,,none,motorcycle,1,733,12.7,1,127,10.2,0,0,0,0,False,OK,kokomo lane splitting motorcycle accident lawyer (19) | motorcycle lane splitting accident lawyer (7) | lane splitting accident attorney (3)
/motorcycle-accident-lawyers/hit-and-run-motorcycle-accident/,subtype,subtype,en,False,False,,none,motorcycle,1,243,14.6,1,9,14.9,0,0,0,0,False,OK,
/motorcycle-accident-lawyers/single-vehicle-motorcycle-crash/,subtype,subtype,en,False,False,,none,motorcycle,0,77,32.5,0,25,17.5,0,0,0,0,False,DEAD,ball ground motorcycle accident lawyers (1)
/pedestrian-accident-lawyers/hit-and-run-pedestrian-accident/,subtype,subtype,en,False,False,,none,pedestrian,0,142,31.8,0,142,31.8,0,0,0,0,False,OK,can a pedestrian bystander sue a rental car driver (6) | pedestrian hit and run lawyer (6) | hit and run pedestrian compensation (5)
/pedestrian-accident-lawyers/backing-up-parking-lot-accident/,subtype,subtype,en,False,False,,none,pedestrian,8,1985,10.3,2,1017,10.6,0,0,0,0,False,PROMISING,backing vehicle (50) | ocga improper backing (31) | back up vehicle improperly (16)
/pedestrian-accident-lawyers/school-zone-pedestrian-accident/,subtype,subtype,en,False,False,,none,pedestrian,1,311,11.7,0,47,7.7,0,0,0,0,False,OK,
/pedestrian-accident-lawyers/jogger-runner-accident/,subtype,subtype,en,False,False,,none,pedestrian,0,456,13.8,0,196,13.6,0,0,0,0,False,OK,south carolina hit and run accident attorney (15) | south carolina hit and run accident lawyer (4) | easley hit-and-run accident attorney (3)
/practice-areas/bicycle-accident-lawyers/,pillar,pillar,en,False,False,,none,bicycle,0,6768,49.4,0,5448,49.5,0,0,0,0,False,OK,bicycle accident attorneys (476) | cycling accident attorney (212) | bicycle accident lawyer (211)
/practice-areas/electric-scooter-accident-lawyers/,pillar,pillar,en,False,False,,none,generic_pi,0,1180,46.1,0,157,63.4,0,0,0,0,False,OK,electric scooter accidents attorney (14) | electric scooter injury lawyer nashville (11) | atlanta electric scooter accident lawyer (9)
/practice-areas/atv-side-by-side-accident-lawyers/,pillar,pillar,en,False,False,,none,generic_pi,0,162,34.0,0,15,30.9,0,0,0,0,False,DEAD,side-by-side accident lawyer (3) | atv accident attorneys (1) | side by side accident attorney (1)
/practice-areas/golf-cart-accident-lawyers/,pillar,pillar,en,False,False,,none,generic_pi,0,1157,36.7,0,48,68.3,0,0,0,0,False,DEAD,golf cart accident attorneys (14) | golf cart injury attorneys (13) | golf cart injury lawyers (9)
/slip-and-fall-lawyers/grocery-store-slip-and-fall/,subtype,subtype,en,False,False,,none,premises,1,380,28.8,0,98,34.9,0,0,0,0,False,OK,grocery store worker injury lawyer georgia (57) | grocery store slip and fall lawyer (22) | grocery store accident lawyer raleigh (1)
/slip-and-fall-lawyers/restaurant-slip-and-fall/,subtype,subtype,en,False,False,,none,premises,1,499,16.4,0,71,11.6,0,0,0,0,False,OK,restaurant slip and fall injury attorney (7) | restaurant slip and fall lawyer (2) | slip and fall claims restaurant liability (1)
/slip-and-fall-lawyers/stairway-escalator-fall/,subtype,subtype,en,False,False,,none,premises,1,106,23.4,0,36,16.8,0,0,0,0,False,OK,stairs and railings attorney (1) | stairs and railings lawyer (1) | stairway fall defective handrail lawyer (1)
/slip-and-fall-lawyers/hotel-resort-injury/,subtype,subtype,en,False,False,,none,premises,0,164,33.3,0,164,33.3,0,0,0,0,False,OK,resort accident lawyer (14) | resort accident attorney (10) | resort injury lawyer (10)
/slip-and-fall-lawyers/retail-store-trip-and-fall/,subtype,subtype,en,False,False,,none,premises,1,107,19.1,1,51,20.2,0,0,0,0,False,OK,store incident report attorneys (3) | retail store accident attorney savannah (2) | retail store accident lawyers savannah (2)
/wrongful-death-lawyers/fatal-car-accident/,subtype,subtype,en,False,False,,none,wrongful_death,0,132,14.0,0,132,14.0,0,0,0,0,False,OK,south carolina fatal car accident attorney (3) | wrongful death accident lawyer (3) | average wrongful death settlement georgia (1)
/wrongful-death-lawyers/medical-malpractice-death/,subtype,subtype,en,False,False,,none,wrongful_death,0,335,13.1,0,278,12.7,0,0,0,0,False,OK,medical malpractice wrongful death lawyer (15) | medical malpractice wrongful death attorney (14) | medical wrongful death attorney (9)
/wrongful-death-lawyers/workplace-fatality/,subtype,subtype,en,False,False,,none,wrongful_death,0,379,36.5,0,292,35.8,0,0,0,0,False,OK,attorney work related death (44) | law firm work related death (40) | work related death attorney (34)
/wrongful-death-lawyers/nursing-home-wrongful-death/,subtype,subtype,en,False,False,,none,wrongful_death,0,263,21.2,0,135,19.5,0,0,0,0,False,OK,nursing home wrongful death attorneys (43) | best rated wrongful death attorneys nursing home cases savannah (7) | top 5 lawyers for nursing home wrongful death cases in savannah georgia (4)
/wrongful-death-lawyers/drowning-swimming-pool-death/,subtype,subtype,en,False,False,,none,wrongful_death,1,650,23.8,0,266,24.0,0,0,0,0,False,OK,drowning accident attorneys (24) | pool drowning lawyer (19) | swimming pool drowning lawyer (18)
/wrongful-death-lawyers/pedestrian-cyclist-fatality/,subtype,subtype,en,False,False,,none,pedestrian,1,89,15.8,1,35,11.5,0,0,0,0,False,OK,ocga 40-6-90 (6)
/workers-compensation-lawyers/repetitive-stress-injury/,subtype,subtype,en,False,False,,none,workers_comp,6,1321,51.6,2,647,52.2,0,0,0,0,False,OK,repetitive stress injury lawyer (99) | repetitive strain injury lawyer georgia (88) | repetitive motion injury lawyer jackson (40)
/workers-compensation-lawyers/occupational-disease/,subtype,subtype,en,False,False,,none,workers_comp,1,618,39.6,1,618,39.6,0,0,0,0,False,OK,occupational diseases attorney (120) | attorney occupational diseases (115) | lawyer occupational diseases (67)
/workers-compensation-lawyers/denied-workers-comp-claim/,subtype,subtype,en,False,False,,none,workers_comp,1,1979,50.2,0,1347,56.5,0,0,0,0,False,OK,denied workers' compensation claim (224) | denied workers compensation claim lawyer (109) | denied workers compensation claim attorney (106)
/workers-compensation-lawyers/third-party-workplace-injury/,subtype,subtype,en,False,False,,none,workers_comp,2,588,11.6,0,148,17.5,0,0,0,0,False,OK,third party liability work injury (9) | third party workplace injury lawyer south carolina (9) | third-party workplace injury lawyer (9)
/dog-bite-lawyers/severe-dog-bite-injury/,subtype,subtype,en,False,False,,none,dog_bite,1,279,21.3,1,67,18.1,0,0,0,0,False,OK,dog attack injury attorneys (1) | dog bite lawyer murrells inlet sc (1) | injury lawyer for dog attack ratings (1)
/dog-bite-lawyers/child-dog-bite/,subtype,subtype,en,False,False,,none,dog_bite,2,883,26.5,1,75,16.1,0,0,0,0,False,OK,child dog bite lawyer (7) | child dog bite attorney (6) | child dog bite lawyers (6)
/dog-bite-lawyers/dog-attack-jogger-cyclist/,subtype,subtype,en,False,False,,none,bicycle,1,337,7.3,0,52,9.0,0,0,0,0,False,OK,
/dog-bite-lawyers/loose-unleashed-dog-attack/,subtype,subtype,en,False,False,,none,dog_bite,9,1244,10.9,7,564,11.1,0,0,0,0,False,PROMISING,dog bite attorney myrtle beach (7) | dog bite attorney north charleston (5) | georgia dog attack attorney (4)
/dog-bite-lawyers/dangerous-breed-attack/,subtype,subtype,en,False,False,,none,dog_bite,1,504,23.5,0,157,23.6,0,0,0,0,False,OK,georgia dog attack lawyers (1)
/dog-bite-lawyers/dog-on-dog-attack/,subtype,subtype,en,False,False,,none,dog_bite,2,222,9.5,2,222,9.5,0,0,0,0,False,OK,lawyer for dog attacking another dog (16) | my dog was attacked by another dog what are my rights (7) | dog attacking another dog law (2)
/dog-bite-lawyers/postal-delivery-worker-bite/,subtype,subtype,en,False,False,,none,dog_bite,1,261,13.2,1,133,12.7,0,0,0,0,False,OK,la grange mail carrier dog bite injury attorney (10) | savannah usps workers compensation claims lawyer (2) | amazon flex (1)
/dog-bite-lawyers/landlord-liability-dog-attack/,subtype,subtype,en,False,False,,none,dog_bite,12,1066,8.7,6,311,11.1,0,0,0,0,False,PROMISING,landlord (1)
/maritime-injury-lawyers/longshore-harbor-worker/,subtype,subtype,en,False,False,,none,generic_pi,5,6898,32.3,1,3940,33.4,0,0,0,0,False,OK,longshore accident attorney (390) | difference between lawyer and attorney (308) | harbor worker injury attorneys (189)
/maritime-injury-lawyers/unseaworthiness-claim/,subtype,subtype,en,False,False,,none,generic_pi,0,0,,0,0,,0,0,0,0,False,DEAD,
/maritime-injury-lawyers/maintenance-and-cure/,subtype,subtype,en,False,False,,none,generic_pi,0,1128,12.1,0,234,13.9,0,0,0,0,False,OK,maintenance and cure attorney (54) | maintenance and cure lawyer (48) | punitive damages for failure to pay maintenance and cure (3)
/maritime-injury-lawyers/offshore-platform-injury/,subtype,subtype,en,False,False,,none,generic_pi,0,417,18.6,0,57,21.4,0,0,0,0,False,DEAD,offshore oil rig accident lawyer (12) | offshore platform injury lawyers (8) | offshore platform injury lawyer (7)
/maritime-injury-lawyers/tugboat-barge-accident/,subtype,subtype,en,False,False,,none,generic_pi,0,0,,0,0,,0,0,0,0,False,DEAD,
/maritime-injury-lawyers/cruise-ship-injury/,subtype,subtype,en,False,False,,none,generic_pi,2,888,16.3,2,513,15.7,0,0,0,0,False,PROMISING,cruise ship injury lawyer charleston (89) | cruise ship injury attorney charleston (79) | charleston cruise ship accident lawyer (48)
/product-liability-lawyers/defective-medical-device/,subtype,subtype,en,False,False,,none,,2,1916,38.7,1,1049,50.6,0,0,0,0,False,OK,defective medical device attorney (161) | lawyers in savannah for medical device failure lawsuit cases (98) | defective medical device lawyers (83)
/product-liability-lawyers/dangerous-pharmaceutical-drug/,subtype,subtype,en,False,False,,none,,9,2568,16.0,7,1476,15.4,0,0,0,0,False,PROMISING,defective drug recalls attorney augusta (59) | defective drug recalls attorney valdosta (53) | failure to warn drug lawsuit (50)
/product-liability-lawyers/defective-consumer-product/,subtype,subtype,en,False,False,,none,,0,341,17.0,0,40,10.8,0,0,0,0,False,DEAD,
/product-liability-lawyers/defective-industrial-equipment/,subtype,subtype,en,False,False,,none,,3,858,31.9,1,183,26.7,0,0,0,0,False,OK,ocga defective equipment (16) | defective equipment injury lawyer (13) | defective lawn and garden equipment lawyer (10)
/product-liability-lawyers/food-contamination/,subtype,subtype,en,False,False,,none,,3,308,27.3,3,308,27.3,0,0,0,0,False,OK,listeriosis attorney (8) | lawyers for food products (7) | orange county salmonella lawyer (7)
/product-liability-lawyers/defective-home-appliance/,subtype,subtype,en,False,False,,none,,4,802,12.2,2,475,11.3,0,0,0,0,False,PROMISING,can i sue if household appliance caused me serious injury is that possible legally (1) | defective appliance injury lawyer (1) | defective equipment ocga (1)
/boating-accident-lawyers/pontoon-boat-accident/,subtype,subtype,en,False,False,,none,generic_pi,5,508,15.4,3,113,4.8,0,0,0,0,False,OK,pontoon accident (3) | are pontoon boats dangerous (1) | how safe are pontoon boats (1)
/boating-accident-lawyers/boating-under-influence/,subtype,subtype,en,False,False,,none,generic_pi,1,355,22.3,1,211,22.6,0,0,0,0,False,OK,boating violations and b.u.i. attorney (11) | south carolina boating accident lawyer (11) | south carolina boat accident attorney (9)
/boating-accident-lawyers/dock-marina-injury/,subtype,subtype,en,False,False,,none,generic_pi,3,937,15.7,2,555,14.5,0,0,0,0,False,PROMISING,dock injury lawyer (176) | dock accidents attorney (46) | dock accidents attorneys (36)
/burn-injury-lawyers/house-apartment-fire-burn/,subtype,subtype,en,False,False,,none,generic_pi,8,529,20.6,8,476,20.8,0,0,0,0,False,OK,fire claim georgia (29) | apartment fire lawyer (18) | apartment fire burn injury attorney (12)
/burn-injury-lawyers/chemical-burn-injury/,subtype,subtype,en,False,False,,none,generic_pi,0,0,,0,0,,0,0,0,0,False,DEAD,
/burn-injury-lawyers/electrical-burn-injury/,subtype,subtype,en,False,False,,none,generic_pi,1,481,20.7,1,474,20.6,0,0,0,0,False,OK,electrical explosion attorneys (94) | electrical burn attorneys (82) | electrical burn lawyers (82)
/burn-injury-lawyers/explosion-gas-line-burn/,subtype,subtype,en,False,False,,none,generic_pi,2,974,25.2,2,457,24.2,0,0,0,0,False,OK,gas line explosion law firm (32) | gas explosion attorney (22) | gas line explosion attorney (22)
/burn-injury-lawyers/scalding-hot-liquid-burn/,subtype,subtype,en,False,False,,none,generic_pi,0,0,,0,0,,0,0,0,0,False,DEAD,
/burn-injury-lawyers/vehicle-fire-burn/,subtype,subtype,en,False,False,,none,generic_pi,2,413,13.1,2,350,13.0,0,0,0,0,False,PROMISING,vehicle fire injury lawyer (17) | vehicle fire injury attorney (10) | car fire injury lawyer (6)
/construction-accident-lawyers/scaffold-ladder-fall/,subtype,subtype,en,False,False,,none,generic_pi,1,1459,24.3,0,655,28.5,0,0,0,0,False,OK,ladder and scaffolding accident lawyer (58) | ladder fall injury attorney (42) | i fell off a scaffold at work in georgia what lawyer do i need (40)
/construction-accident-lawyers/electrocution-construction-site/,subtype,subtype,en,False,False,,none,generic_pi,2,1092,12.9,0,191,16.1,0,0,0,0,False,OK,electrocution on construction sites lawyer (28) | electrocution accident lawyer savannah (18) | electrocution on construction sites attorney (18)
/construction-accident-lawyers/trench-collapse/,subtype,subtype,en,False,False,,none,generic_pi,1,501,16.6,0,398,16.3,0,0,0,0,False,PROMISING,trenching accident lawyer (87) | trench collapse lawyers (53) | trench collapse attorney (49)
/construction-accident-lawyers/defective-construction-equipment/,subtype,subtype,en,False,False,,none,generic_pi,0,576,9.5,0,134,12.7,0,0,0,0,False,OK,ocga defective equipment (24) | faulty equipment damages attorney (12) | defective equipment ocga (11)
/construction-accident-lawyers/highway-road-construction-accident/,subtype,subtype,en,False,False,,none,car,0,137,13.6,0,41,9.8,0,0,0,0,False,DEAD,highway construction accident attorney (2) | ocga 40-6-188 (1)
/nursing-home-abuse-lawyers/physical-abuse-nursing-home/,subtype,subtype,en,False,False,,none,,0,0,,0,0,,0,0,0,0,False,DEAD,
/nursing-home-abuse-lawyers/nursing-home-neglect/,subtype,subtype,en,False,False,,none,,1,2848,25.6,0,1322,23.8,0,0,0,0,False,OK,south carolina nursing home malnutrition & dehydration attorneys (119) | nursing home neglect lawyers savannah ga (117) | nursing home neglect attorneys savannah ga (113)
/nursing-home-abuse-lawyers/medication-error-nursing-home/,subtype,subtype,en,False,False,,none,,1,1017,18.1,0,411,16.6,0,0,0,0,False,PROMISING,fort lauderdale nursing home missed medication dose attorney (36) | nursing home error attorney (25) | nursing home missed medication dose lawyer (22)
/nursing-home-abuse-lawyers/sexual-abuse-elderly/,subtype,subtype,en,False,False,,none,,0,0,,0,0,,0,0,0,0,False,DEAD,
/nursing-home-abuse-lawyers/financial-exploitation-seniors/,subtype,subtype,en,False,False,,none,,0,0,,0,0,,0,0,0,0,False,DEAD,
/nursing-home-abuse-lawyers/assisted-living-abuse/,subtype,subtype,en,False,False,,none,,6,852,17.4,3,244,28.1,0,0,0,0,False,OK,facility complaints lawyers (27) | assisted living facility lawyer (26) | facility complaints lawyer (16)
/nursing-home-abuse-lawyers/wrongful-death-nursing-home/,subtype,subtype,en,False,False,,none,wrongful_death,0,0,,0,0,,0,0,0,0,False,DEAD,
/nursing-home-abuse-lawyers/bedsore-pressure-ulcer/,subtype,subtype,en,False,False,,none,,0,0,,0,0,,0,0,0,0,False,DEAD,
/bicycle-accident-lawyers/dooring-accident/,subtype,subtype,en,False,False,,none,bicycle,2,286,17.2,2,167,15.5,0,0,0,0,False,OK,dooring accident lawyer (14) | dooring law (12) | dooring bicycle accident lawyer (6)
/bicycle-accident-lawyers/right-hook-left-cross-collision/,subtype,subtype,en,False,False,,none,bicycle,0,1969,8.1,0,599,8.4,0,0,0,0,False,WINNER,left cross accident (20) | collision lawyers (4)
/bicycle-accident-lawyers/intersection-bicycle-accident/,subtype,subtype,en,False,False,,none,bicycle,0,248,12.7,0,248,12.7,0,0,0,0,False,OK,bicycle accident lawyer in myrtle beach (24) | bicycle intersection accident attorney (8) | charleston bicycle accident lawyer (4)
/bicycle-accident-lawyers/drunk-driver-bicycle-accident/,subtype,subtype,en,False,False,,none,bicycle,0,223,8.1,0,223,8.1,0,0,0,0,False,OK,40-6-394 (1) | ocga 40-6-394 (1) | what if i was drinking (1)
/bicycle-accident-lawyers/bicycle-vs-truck-accident/,subtype,subtype,en,False,False,,none,truck,0,224,10.4,0,84,8.0,0,0,0,0,False,DEAD,truck accidents bicycle accident (12) | bicycle accident lawyer grants pass (1)
/atv-side-by-side-accident-lawyers/atv-rollover-accident/,subtype,subtype,en,False,False,,none,generic_pi,1,606,6.8,0,34,9.1,0,0,0,0,False,OK,atv rollover expert (10)
/atv-side-by-side-accident-lawyers/side-by-side-utv-accident/,subtype,subtype,en,False,False,,none,generic_pi,2,2085,12.2,1,1208,10.9,0,0,0,0,False,PROMISING,utv rollover accident lawyer (158) | utility vehicle accident lawyer (137) | utv accident attorney (124)
/atv-side-by-side-accident-lawyers/atv-product-defect/,subtype,subtype,en,False,False,,none,generic_pi,3,343,22.1,3,108,23.1,0,0,0,0,False,OK,off road vehicle defect lawsuit (79) | defective drug recalls attorney savannah (1)
/atv-side-by-side-accident-lawyers/child-atv-injury/,subtype,subtype,en,False,False,,none,generic_pi,4,1652,19.1,2,960,20.2,0,0,0,0,False,OK,atv accident on private property (285) | atv accident attorneys (56) | atv accident lawyer (44)
/atv-side-by-side-accident-lawyers/atv-rental-tour-accident/,subtype,subtype,en,False,False,,none,generic_pi,0,0,,0,0,,0,0,0,0,False,DEAD,
/atv-side-by-side-accident-lawyers/atv-road-collision/,subtype,subtype,en,False,False,,none,car,1,196,13.9,0,37,10.6,0,0,0,0,False,OK,
/golf-cart-accident-lawyers/golf-cart-vehicle-collision/,subtype,subtype,en,False,False,,none,car,4,1348,14.3,1,410,15.7,0,0,0,0,False,PROMISING,golf cart injury attorneys (30) | golf cart injury lawyers (30) | golf cart injury attorney (8)
/golf-cart-accident-lawyers/golf-cart-passenger-ejection/,subtype,subtype,en,False,False,,none,generic_pi,5,885,16.6,2,502,12.4,0,0,0,0,False,PROMISING,car ejection injury lawyer (14) | golf cart injury lawyers (12) | atlanta golf cart accident attorney (11)
/golf-cart-accident-lawyers/golf-course-cart-accident/,subtype,subtype,en,False,False,,none,generic_pi,5,1510,49.6,3,1001,60.9,0,0,0,0,False,OK,golf cart accident lawyer (205) | golf cart accident attorney (194) | atlanta golf cart accident attorney (89)
/golf-cart-accident-lawyers/golf-cart-dui/,subtype,subtype,en,False,False,,none,generic_pi,2,2466,20.4,2,1058,24.1,0,0,0,0,False,OK,dui on a golf cart (132) | can you get a dui on a golf cart (72) | golf cart dui (62)
/golf-cart-accident-lawyers/golf-cart-pedestrian-accident/,subtype,subtype,en,False,False,,none,pedestrian,0,612,19.9,0,249,17.7,0,0,0,0,False,OK,atlanta golf cart accident attorney (43) | atlanta golf cart accident lawyer (31) | golf cart accident attorney (9)
/medical-malpractice-lawyers/surgical-error/,subtype,subtype,en,False,False,,none,med_mal,1,557,64.6,0,34,29.0,0,0,0,0,False,OK,wrong site surgery attorney georgia (2) | charlotte neurosurgery error lawyer (1) | lawrence surgical error lawyer (1)
/medical-malpractice-lawyers/misdiagnosis-delayed-diagnosis/,subtype,subtype,en,False,False,,none,med_mal,0,0,,0,0,,0,0,0,0,False,DEAD,
/medical-malpractice-lawyers/medication-error/,subtype,subtype,en,False,False,,none,med_mal,0,2979,58.0,0,2014,62.2,0,0,0,0,False,OK,medication error lawyer (340) | medication error attorney (231) | medication error attorneys (143)
/medical-malpractice-lawyers/birth-injury/,subtype,subtype,en,False,False,,none,med_mal,4,637,32.5,0,86,4.1,0,0,0,0,False,OK,child birth injury attorneys (1) | savannah c-section error lawyers (1) | savannah childbirth related brain injury lawyers (1)
/medical-malpractice-lawyers/anesthesia-error/,subtype,subtype,en,False,False,,none,med_mal,0,1417,69.1,0,1417,69.1,0,0,0,0,False,OK,anesthesia error lawyer (276) | anesthesia error attorney (256) | anesthesia error attorney syracuse (53)
/medical-malpractice-lawyers/emergency-room-negligence/,subtype,subtype,en,False,False,,none,med_mal,1,1109,25.6,0,63,20.7,0,0,0,0,False,OK,greenville emergency room error attorneys (7) | emergency room errors lawyer (5) | columbia emergency room error lawyer (4)
/medical-malpractice-lawyers/hospital-acquired-infection/,subtype,subtype,en,False,False,,none,med_mal,0,0,,0,0,,0,0,0,0,False,DEAD,
/medical-malpractice-lawyers/informed-consent-failure/,subtype,subtype,en,False,False,,none,med_mal,1,441,19.0,1,441,19.0,0,0,0,0,False,PROMISING,failure to obtain informed consent lawyer (67) | informed consent malpractice georgia (34) | violation of patient consent lawyer (27)
/brain-injury-lawyers/concussion-mild-tbi/,subtype,subtype,en,False,False,,none,generic_pi,1,292,36.3,0,29,20.3,0,0,0,0,False,OK,mild traumatic brain injury lawyer (5)
/brain-injury-lawyers/closed-head-injury/,subtype,subtype,en,False,False,,none,generic_pi,0,0,,0,0,,0,0,0,0,False,DEAD,
/brain-injury-lawyers/sports-related-brain-injury/,subtype,subtype,en,False,False,,none,generic_pi,1,349,19.9,0,75,20.3,0,0,0,0,False,OK,high point concussion attorney (2)
/brain-injury-lawyers/second-impact-syndrome/,subtype,subtype,en,False,False,,none,generic_pi,0,0,,0,0,,0,0,0,0,False,DEAD,
/spinal-cord-injury-lawyers/paraplegia/,subtype,subtype,en,False,False,,none,generic_pi,1,611,32.4,1,158,40.6,0,0,0,0,False,OK,paraplegia workers compensation attorney (82) | paraplegia spinal cord injury attorney (15) | paraplegia lawyer (13)
/spinal-cord-injury-lawyers/spinal-fracture/,subtype,subtype,en,False,False,,none,generic_pi,0,99,13.1,0,85,13.1,0,0,0,0,False,DEAD,vertebral compression fracture fall attorney (4) | fractured vertebrae car accident settlement (3) | chance fracture vs compression fracture (1)
/spinal-cord-injury-lawyers/cauda-equina-syndrome/,subtype,subtype,en,False,False,,none,generic_pi,5,3759,21.2,2,2181,20.6,0,0,0,0,False,OK,cauda equina syndrome lawyers (430) | cauda equina syndrome lawyer (421) | cauda equina lawyer (318)
/spinal-cord-injury-lawyers/spinal-cord-injury-car-accident/,subtype,subtype,en,False,False,,none,car,1,438,17.9,1,25,13.2,0,0,0,0,False,OK,catastrophic injury accident spinal cord injury car accident lawyer (3) | lumbar spine savannah ga (1)
/premises-liability-lawyers/retail-store-shopping-center-injury/,subtype,subtype,en,False,False,,none,premises,1,698,31.6,1,92,41.0,0,0,0,0,False,OK,retail store accident lawyers (13) | retail store accident lawyer (12) | retail store accident attorney (9)
/premises-liability-lawyers/parking-lot-garage-accident/,subtype,subtype,en,False,False,,none,premises,1,1144,21.2,1,390,31.4,0,0,0,0,False,OK,parking lot accidents attorney (40) | parking lot accident attorney charleston (34) | parking lot accident lawyer (8)
/premises-liability-lawyers/swimming-pool-accident/,subtype,subtype,en,False,False,,none,premises,1,3530,23.8,0,1145,22.4,0,0,0,0,False,OK,swimming pool accident attorney (167) | swimming pool accident lawyer (127) | swimming pool accident attorney charleston (97)
/premises-liability-lawyers/inadequate-security/,subtype,subtype,en,False,False,,none,premises,2,2419,14.3,0,1355,14.8,0,0,0,0,False,PROMISING,"inadequate security lawyer (58) | robbery at store with inadequate security, can i recover damages? georgia (42) | georgia inadequate security attorney (40)"
/premises-liability-lawyers/elevator-escalator-accident/,subtype,subtype,en,False,False,,none,premises,8,2888,22.7,5,801,22.8,0,0,0,0,False,OK,elevator accident claim georgia (57) | escalator accident attorney (11) | myrtle beach escalator and elevator accident lawyer (11)
/premises-liability-lawyers/amusement-park-recreational-injury/,subtype,subtype,en,False,False,,none,premises,3,597,11.3,1,115,16.9,0,0,0,0,False,OK,amusement park attorney brunswick georgia (6) | amusement park lawyer brunswick georgia (3) | atlanta trampoline injury attorney (3)
/electric-scooter-accident-lawyers/escooter-vehicle-collision/,subtype,subtype,en,False,False,,none,car,6,4407,30.7,3,2565,31.2,0,0,0,0,False,OK,atlanta escooter collision law firm (87) | atlanta motorized scooter collision law firm (84) | scooter accident lawyers (81)
/electric-scooter-accident-lawyers/scooter-malfunction-defect/,subtype,subtype,en,False,False,,none,generic_pi,0,0,,0,0,,0,0,0,0,False,DEAD,
/electric-scooter-accident-lawyers/escooter-pedestrian-accident/,subtype,subtype,en,False,False,,none,pedestrian,3,2458,24.6,1,1280,20.0,0,0,0,0,False,PROMISING,electric scooter accident attorney charleston (100) | electric scooter accident lawyer charleston (87) | electric scooter accident lawyer (74)
/electric-scooter-accident-lawyers/ride-share-scooter-accident/,subtype,subtype,en,False,False,,none,generic_pi,1,160,19.6,1,21,11.1,0,0,0,0,False,OK,
/electric-scooter-accident-lawyers/escooter-intersection-crash/,subtype,subtype,en,False,False,,none,car,1,564,28.3,1,133,12.0,0,0,0,0,False,OK,georgia municipal ante litem notice 6 months o.c.g.a. 36-33-5 (2) | ocga 40-6-70 (2) | +georgia ante litem notice city 6 months o.c.g.a. 36-33-5 (1)
/practice-areas/e-bike-accident-lawyers/,pillar,pillar,en,False,False,,none,bicycle,1,2613,26.5,0,190,33.6,0,0,0,0,False,OK,electric bike accident attorneys (45) | electric bike accident lawyers (30) | e-bike accident attorney (9)
/truck-accident-lawyers/port-freight-truck-accident/,subtype,subtype,en,False,False,,none,truck,1,16,20.3,1,11,26.7,0,0,0,0,False,OK,port chassis leasing savannah (1)
/construction-accident-lawyers/highway-construction-zone/,subtype,subtype,en,False,False,,none,car,1,750,23.7,0,299,29.6,0,0,0,0,False,OK,construction zone accident lawyer charleston (107) | construction zone accident attorney charleston (86) | which south carolina construction accident attorney handles tractor-trailer crash cases in construction zones? (6)
/slip-and-fall-lawyers/retail-shopping-center-fall/,subtype,subtype,en,False,False,,none,premises,0,291,15.0,0,44,23.1,0,0,0,0,False,DEAD,grocery store slip and fall lawyer (18) | georgia food lion slip and fall accident lawyer (3) | retail store accident attorneys (1)
/practice-areas/personal-injury-lawyers/,pillar,pillar,en,False,False,,none,generic_pi,25,28809,30.5,0,1114,49.1,0,0,0,0,False,OK,roden law (75) | camden county car accident lawyer (39) | fall injury lawyer sheridan (38)
/es/practice-areas/car-accident-lawyers/,es_twin,pillar,es,False,False,,none,car,0,1240,25.9,0,1240,25.9,0,0,0,0,False,OK,abogado de accidente de auto en rome (151) | abogado de accidentes de auto (128) | abogado de accidentes de choque y fuga en acworth (101)
/es/practice-areas/truck-accident-lawyers/,es_twin,pillar,es,False,False,,none,truck,0,6549,24.1,0,6549,24.1,0,0,0,0,False,OK,abogado de accidente de camion (1421) | abogado de accidente de rastra (358) | abogados de accidentes de camión (343)
/es/practice-areas/workers-compensation-lawyers/,es_twin,pillar,es,False,False,,none,workers_comp,0,478,43.6,0,478,43.6,0,0,0,0,False,OK,abogados especializados en compensaciones por accidentes laborales en acworth (125) | abogado en compensaciones (102) | abogado de compensacion laboral savannah (16)
/es/practice-areas/construction-accident-lawyers/,es_twin,pillar,es,False,False,,none,generic_pi,0,481,19.3,0,481,19.3,0,0,0,0,False,PROMISING,abogado de accidentes de construcción (147) | abogado de accidente de construcción en commerce (59) | ¿qué bufete de alta reputación lleva accidentes de construcción sin cobrar por adelantado? (21)
/es/practice-areas/motorcycle-accident-lawyers/,es_twin,pillar,es,False,False,,none,motorcycle,0,1101,21.3,0,1101,21.3,0,0,0,0,False,OK,mejor abogado de lesiones de motocicleta (166) | abogado de accidente de motocicleta (158) | abogado de accidente de motocicleta de acworth (116)
/es/practice-areas/pedestrian-accident-lawyers/,es_twin,pillar,es,False,False,,none,pedestrian,0,637,23.2,0,637,23.2,0,0,0,0,False,OK,abogado de accidente de peatón (212) | abogado accidente peatón (81) | abogado de accidentes de peatones (60)
/es/practice-areas/slip-and-fall-lawyers/,es_twin,pillar,es,False,False,,none,premises,0,38,34.5,0,38,34.5,0,0,0,0,False,DEAD,"abogados de accidentes de caidas (30) | abogado de accidentes de resbalones y caídas de acworth (3) | abogado accidentes en tiendas que no cobre por adelantado georgia, united states (1)"
/es/practice-areas/dog-bite-lawyers/,es_twin,pillar,es,False,False,,none,dog_bite,0,62,17.1,0,62,17.1,0,0,0,0,False,DEAD,abogado de mordeduras de perro en acworth (21) | abogado especializado en mordeduras de perro en carolina del sur (7) | abogado de mordedura de perro atlanta (6)
/es/practice-areas/medical-malpractice-lawyers/,es_twin,pillar,es,False,False,,none,med_mal,0,163,14.8,0,163,14.8,0,0,0,0,False,OK,"abogado especialista en casos de negligencia médica en acworth (46) | abogado demanda hospital sin cobrar por adelantado georgia, united states (20) | mi médico cometió error quirúrgico, ¿puedo demandar? georgia (20)"
/es/practice-areas/wrongful-death-lawyers/,es_twin,pillar,es,False,False,,none,wrongful_death,0,34,24.9,0,34,24.9,0,0,0,0,False,DEAD,"abogado de muerte por negligencia en acworth (14) | abogado de muerte por negligencia de topeka (5) | abogado muerte accidente trabajo georgia, united states (2)"
/es/practice-areas/brain-injury-lawyers/,es_twin,pillar,es,False,False,,none,generic_pi,0,77,18.9,0,77,18.9,0,0,0,0,False,DEAD,"abogado de lesiones cerebrales (26) | contratar abogado tbi valoración caso gratis georgia, united states (6) | abogado de lesiones cerebrales primary|brain injury lawyer (4)"
/es/practice-areas/spinal-cord-injury-lawyers/,es_twin,pillar,es,False,False,,none,generic_pi,0,3,55.3,0,3,55.3,0,0,0,0,False,DEAD,abogado de lesiones de la médula espinal onondaga county (1) | durham abogado de lesiones de médula espinal (1)
/es/practice-areas/product-liability-lawyers/,es_twin,pillar,es,False,False,,none,,0,48,49.4,0,48,49.4,0,0,0,0,False,DEAD,"abogado de productos defectuosos en acworth (36) | abogado contingencia producto defectuoso georgia, united states (7) | abogados de accident (2)"
/es/practice-areas/premises-liability-lawyers/,es_twin,pillar,es,False,False,,none,premises,0,92,39.7,0,92,39.7,0,0,0,0,False,DEAD,abogado de responsabilidad de local san jose (11) | abogado de responsabilidad por locales stedman (8) | abogado de responsabilidad por locales wake forest (8)
/es/practice-areas/maritime-injury-lawyers/,es_twin,pillar,es,False,False,,none,generic_pi,0,117,13.0,0,117,13.0,0,0,0,0,False,OK,abogado de lesiones maritimas (68) | abogados de lesiones puertos de (7) | abogado de lesiones marítimas bajo la jones act (6)
/es/practice-areas/boating-accident-lawyers/,es_twin,pillar,es,False,False,,none,generic_pi,0,37,19.1,0,37,19.1,0,0,0,0,False,DEAD,abogado de lesiones por accidentes de navegaciã³n (9) | abogado de accidentes de motocicleta en myrtle beach (4) | abogado de accidentes de navegaciã³n (3)
/es/practice-areas/burn-injury-lawyers/,es_twin,pillar,es,False,False,,none,generic_pi,2,118,25.5,2,118,25.5,0,0,0,0,False,OK,abogado de daños por incendio (25) | abogados de lesiones por incendios forestales (23) | abogados de lesiones relacionadas con incendios (10)
/es/practice-areas/nursing-home-abuse-lawyers/,es_twin,pillar,es,False,False,,none,,0,22,8.9,0,22,8.9,0,0,0,0,False,DEAD,"contratar abogado maltrato adulto mayor georgia, united states (13) | abogado negligencia cuidado ancianos georgia, united states (4)"
/es/practice-areas/bicycle-accident-lawyers/,es_twin,pillar,es,False,False,,none,bicycle,0,755,30.5,0,755,30.5,0,0,0,0,False,OK,abogados de accidente de bicicleta (349) | abogados de accidentes de bicicleta (65) | abogado de accidentes de bicicleta myrtle beach (49)
/es/practice-areas/electric-scooter-accident-lawyers/,es_twin,pillar,es,False,False,,none,generic_pi,0,1,90.0,0,1,90.0,0,0,0,0,False,DEAD,
/es/practice-areas/atv-side-by-side-accident-lawyers/,es_twin,pillar,es,False,False,,none,generic_pi,0,5,27.0,0,5,27.0,0,0,0,0,False,DEAD,abogado de accidentes de atv naples (1)
/es/practice-areas/golf-cart-accident-lawyers/,es_twin,pillar,es,False,False,,none,generic_pi,0,1,8.0,0,1,8.0,0,0,0,0,False,DEAD,
/es/practice-areas/personal-injury-lawyers/,es_twin,pillar,es,False,False,,none,generic_pi,0,63,29.9,0,63,29.9,0,0,0,0,False,DEAD,abogado de lesiones personales (21) | mejor abogado de accidentes de camiones en myrtle beach (6) | mejor abogado de lesiones (5)
/locations/georgia/,state_hub,state_hub,en,True,False,,statewide GA,,4,1876,15.3,2,898,17.6,0,0,0,0,False,PROMISING,"roden law (126) | ""(843) 790-8999"" roden law (96) | roden law savannah ga (52)"
/locations/south-carolina/,state_hub,state_hub,en,True,False,,statewide SC,,10,4442,13.4,6,1560,16.9,0,0,0,0,False,PROMISING,"roden law firm (230) | roden law (195) | ""(843) 790-8999"" roden law (105)"
/locations/georgia/savannah/,location_hub,location_hub,en,True,False,savannah,Savannah GA,,12,30084,31.1,6,10846,33.8,116,33844,32,11467,True,OK,savannah personal injury lawyer (832) | personal injury lawyer savannah (628) | personal injury lawyer (557)
/locations/georgia/darien/,location_hub,location_hub,en,True,False,darien,Darien GA,,8,5939,16.8,3,3175,16.2,0,469,0,469,True,PROMISING,darien personal injury lawyer (176) | darien als hearing attorney (104) | car accident lawyer (90)
/locations/south-carolina/charleston/,location_hub,location_hub,en,True,False,charleston,Charleston SC,,16,11170,32.5,6,3550,37.1,156,216822,37,41279,True,OK,personal injury lawyer (2818) | medical malpractice lawyer (2630) | car accident lawyer (2524)
/locations/south-carolina/columbia/,location_hub,location_hub,en,True,False,columbia,Columbia SC,,9,27710,30.2,7,18566,28.9,0,0,0,0,False,OK,columbia personal injury lawyer (1460) | columbia personal injury attorney (859) | columbia pedestrian accident lawyer (690)
/locations/south-carolina/myrtle-beach/,location_hub,location_hub,en,True,False,myrtle-beach,Myrtle Beach SC,,1,32051,41.2,1,9432,47.8,9,18079,2,7242,True,OK,top car accident lawyers murrells inlet (1597) | hit and run lawyer (1130) | myrtle beach personal injury lawyer (470)
/locations/south-carolina/north-charleston/,location_hub,location_hub,en,True,False,charleston,North Charleston SC,,14,8167,13.1,5,4023,14.2,2,1192,2,1192,True,PROMISING,"roden law (191) | north charleston motorcycle accident lawyer (183) | ""(843) 790-8999"" roden law (179)"
/locations/georgia/darien/brunswick/,location_hub,location_hub,en,True,False,brunswick,Darien GA,,10,3831,13.8,8,1815,16.1,0,0,0,0,False,PROMISING,glynn county personal injury lawyer (131) | car accident lawyer (118) | glynn county car accident lawyer (89)
/es/locations/georgia/savannah/,es_twin,location_hub,es,True,False,savannah,Savannah GA,,1,648,10.7,1,648,10.7,0,0,0,0,False,PROMISING,abogado de lesiones personales (135) | abogado de lesiones personales en savannah (104) | abogado de accidentes de auto en savannah (45)
/es/locations/georgia/darien/,es_twin,location_hub,es,True,False,darien,Darien GA,,0,32,15.3,0,32,15.3,0,0,0,0,False,DEAD,"site:rodenlaw.com (4) | abogado de lesiones personales en meridian (1) | contratar abogado lesiones personales georgia, united states (1)"
/es/locations/south-carolina/charleston/,es_twin,location_hub,es,True,False,charleston,Charleston SC,,0,2427,21.0,0,2427,21.0,0,0,0,0,False,OK,abogado de lesiones personales north charleston (201) | abogado de lesiones personales en charleston (188) | abogado de lesiones en north charleston (187)
/es/locations/south-carolina/columbia/,es_twin,location_hub,es,True,False,columbia,Columbia SC,,3,1755,29.8,3,1755,29.8,0,0,0,0,False,OK,abogado de lesiones en columbia (165) | abogado de lesiones columbia (159) | abogado de lesiones de motocicleta en columbia (118)
/es/locations/south-carolina/myrtle-beach/,es_twin,location_hub,es,True,False,myrtle-beach,Myrtle Beach SC,,0,1846,12.4,0,1846,12.4,0,0,0,0,False,PROMISING,mejor abogado de resbalones y caídas myrtle beach (164) | abogado de lesiones personales (122) | abogado de lesiones (121)
/es/locations/south-carolina/north-charleston/,es_twin,location_hub,es,True,False,charleston,North Charleston SC,,0,0,,0,0,,0,0,0,0,False,DEAD,
/resources/dangerous-roads-north-charleston/,resource,resource,en,True,False,charleston,North Charleston SC,car,21,2174,6.9,14,1426,6.9,0,0,0,0,False,WINNER,is north charleston dangerous (15) | how dangerous is north charleston (9) | charleston sc weather (6)
/resources/north-charleston-truck-accident-guide/,resource,resource,en,True,False,charleston,North Charleston SC,truck,2,528,11.5,1,34,14.5,0,0,0,0,False,OK,
/resources/pedestrian-bicycle-safety-north-charleston/,resource,resource,en,True,False,charleston,North Charleston SC,pedestrian,14,1495,8.3,7,693,8.0,0,0,0,0,False,WINNER,are bikes allowed on sidewalks (8) | is it illegal to ride a bicycle on the sidewalk (5) | how dangerous is north charleston (4)
/resources/personal-injury-claim-charleston-county-court/,resource,resource,en,True,False,charleston,Charleston SC,generic_pi,2,288,11.8,1,27,8.0,0,0,0,0,False,OK,personal injury claims charleston (1)
/resources/i-95-truck-accidents-savannah-brunswick/,resource,resource,en,True,True,savannah,Savannah GA,truck,5,426,9.7,1,37,8.7,0,0,0,0,False,OK,
/resources/i-16-truck-accidents-savannah/,resource,resource,en,True,True,savannah,Savannah GA,truck,1,259,9.8,0,59,8.7,0,0,0,0,False,OK,interstate highway (1) | site:rodenlaw.com (1)
/resources/i-516-truck-accidents-port-savannah/,resource,resource,en,True,True,savannah,Savannah GA,truck,1,130,11.6,0,23,7.6,0,0,0,0,False,OK,
/resources/port-of-savannah-truck-routes/,resource,resource,en,True,False,savannah,Savannah GA,truck,7,435,7.8,4,134,6.7,0,0,0,0,False,OK,commercial truck routes (1)
/resources/pooler-warehouse-district-truck-accidents/,resource,resource,en,True,False,pooler,Savannah GA,truck,3,569,8.1,0,137,9.8,0,0,0,0,False,OK,truck accident pooler ga (18) | industrial site accidents savannah ga (2) | accidents savannah ga (1)
/resources/logging-truck-accidents-us-17-mcintosh-glynn/,resource,resource,en,True,False,mcintosh,Darien GA,truck,3,742,9.5,1,263,9.5,0,0,0,0,False,OK,mcintosh trucking accident lawyer (14) | why is it dangerous to pass a loaded logging truck that is making a turn? (7) | log truck accident (3)
/resources/i-20-truck-accidents-columbia/,resource,resource,en,True,True,columbia,Columbia SC,truck,8,1879,9.2,1,548,11.9,0,0,0,0,False,PROMISING,trucking accidents in columbia (124) | columbia trucking accidents (123) | trucking accident in columbia (50)
/resources/i-77-truck-accidents-columbia-rock-hill/,resource,resource,en,True,True,columbia,Columbia SC,truck,2,1793,8.1,1,292,8.5,0,0,0,0,False,OK,"columbia trucking accidents (41) | ""rock hill"" ""charleston"" ""i-77"" ""i-26"" route (10)"
/resources/columbia-i-26-i-20-i-77-interchange-truck-accidents/,resource,resource,en,True,True,columbia,Columbia SC,truck,5,5852,7.0,1,557,7.1,0,0,0,0,False,WINNER,i-26 and i-77 interchange columbia south carolina (50) | i-26 i-77 interchange columbia south carolina (32) | i-26 i-77 interchange columbia sc (10)
/resources/i-526-truck-accidents-charleston/,resource,resource,en,True,True,charleston,Charleston SC,truck,1,234,9.2,0,79,7.1,0,0,0,0,False,OK,charleston truck accidents (1)
/resources/rivers-avenue-truck-accidents-north-charleston/,resource,resource,en,True,True,charleston,North Charleston SC,truck,1,130,9.9,0,26,9.7,0,0,0,0,False,OK,
/resources/ashley-phosphate-i-26-truck-accidents/,resource,resource,en,True,True,ashley-phosphate,North Charleston SC,truck,1,313,8.8,0,24,9.2,0,0,0,0,False,OK,
/resources/summerville-truck-accidents-i-26-corridor/,resource,resource,en,True,True,summerville,North Charleston SC,truck,1,347,9.0,0,18,11.1,0,0,0,0,False,OK,
/resources/abercorn-street-truck-accidents-savannah/,resource,resource,en,True,True,savannah,Savannah GA,truck,2,367,8.0,1,57,8.9,0,0,0,0,False,OK,savannah fuel truck accident lawyer (1)
/resources/bay-street-truck-accidents-savannah-historic-district/,resource,resource,en,True,True,savannah,Savannah GA,truck,21,679,7.1,12,426,6.3,0,0,0,0,False,WINNER,trucks blocking the road lawyers savannah (8) | bay street savannah (1) | large commercial truck (1)
/resources/dean-forest-road-truck-accidents-pooler/,resource,resource,en,True,True,pooler,Savannah GA,truck,7,613,7.3,0,134,7.8,0,0,0,0,False,OK,pace auto accident attorney (1) | railroad crossings (1)
/resources/dorchester-road-truck-accidents-north-charleston/,resource,resource,en,True,True,charleston,North Charleston SC,truck,5,303,9.3,3,95,8.9,0,0,0,0,False,OK,charleston truck accidents (21) | charleston truck accident (6) | dorchester road accident (5)
/resources/spruill-avenue-port-trucks-north-charleston/,resource,resource,en,True,True,charleston,North Charleston SC,truck,3,412,7.8,1,105,7.8,0,0,0,0,False,OK,
/resources/port-access-road-truck-accidents-leatherman-terminal/,resource,resource,en,True,True,access-road,North Charleston SC,truck,3,345,7.6,0,28,12.9,0,0,0,0,False,OK,
/resources/aviation-avenue-i-26-truck-accidents/,resource,resource,en,True,True,aviation-avenue,North Charleston SC,truck,3,241,9.5,0,26,8.1,0,0,0,0,False,OK,
/resources/broad-river-road-truck-accidents-columbia/,resource,resource,en,True,False,columbia,Columbia SC,truck,9,1140,9.6,3,638,7.5,0,0,0,0,False,WINNER,trucking accidents in columbia (53) | accidents columbia sc (30) | broad river road (26)
/resources/two-notch-road-truck-accidents-columbia/,resource,resource,en,True,True,columbia,Columbia SC,truck,6,1303,9.0,3,798,7.8,0,0,0,0,False,WINNER,trucking accidents in columbia (72) | two notch road (65) | columbia trucking accidents (59)
/resources/bush-river-road-i-26-truck-accidents-columbia/,resource,resource,en,True,True,columbia,Columbia SC,truck,8,1233,9.1,2,390,8.8,0,0,0,0,False,OK,i-26 fatal accident today (2) | columbia crossroads equipment (1) | fatal car accident on i-26 columbia s.c. today (1)
/resources/highway-22-truck-accidents-conway-bypass/,resource,resource,en,True,True,conway,Myrtle Beach SC,truck,4,822,10.4,2,301,9.6,0,0,0,0,False,OK,conway truck accidents (28) | conway freight accident (13) | conway truck accident (11)
/resources/us-17-sc-544-truck-accidents-surfside-beach/,resource,resource,en,True,True,surfside-beach,Myrtle Beach SC,truck,3,274,7.6,3,58,8.4,0,0,0,0,False,OK,myrtle beach 17 and 544 (1)
/resources/i-16-i-95-construction-zone-truck-accidents/,resource,resource,en,True,False,,none,truck,3,315,10.8,0,18,8.7,0,0,0,0,False,OK,
/resources/jimmy-deloach-connector-truck-accidents-savannah/,resource,resource,en,True,True,savannah,Savannah GA,truck,1,412,9.1,0,73,9.1,0,0,0,0,False,OK,
/resources/i-526-construction-zone-truck-accidents-charleston/,resource,resource,en,True,True,charleston,Charleston SC,truck,5,248,7.9,0,35,7.8,0,0,0,0,False,OK,
/resources/us-52-truck-train-accidents-goose-creek/,resource,resource,en,True,True,goose-creek,North Charleston SC,truck,23,1426,8.1,5,631,7.6,0,0,0,0,False,WINNER,"truck accident lawyer in goose creek (2) | ""(843) 790-8999"" roden law (1) | construction grading goose creek sc (1)"
/resources/carolina-crossroads-construction-zone-truck-accidents/,resource,resource,en,False,False,,none,truck,2,546,7.7,1,16,13.2,0,0,0,0,False,OK,
/resources/blythewood-i-77-truck-accidents/,resource,resource,en,True,True,blythewood,Columbia SC,truck,27,4177,9.5,5,2115,11.2,0,0,0,0,False,PROMISING,blythewood truck accident law firm (82) | truck accident attorneys blythewood (78) | blythewood truck accident attorneys (65)
/resources/i-95-widening-construction-zone-ga-sc/,resource,resource,en,True,False,,statewide SC,car,118,11374,7.3,30,3514,8.8,0,0,0,0,False,WINNER,south carolina georgia border (35) | i 95 construction south carolina (12) | i 95 widening south carolina (9)
/resources/georgetown-county-us-17-truck-accidents/,resource,resource,en,True,True,georgetown,Myrtle Beach SC,truck,9,805,9.1,2,211,11.1,0,0,0,0,False,OK,charleston truck accidents (89) | highway 17 south carolina dangerous (6) | 17truck (1)
/resources/south-carolina-truck-accident-settlement-value/,resource,resource,en,False,False,,statewide SC,truck,8,759,14.4,8,759,14.4,0,0,0,0,False,PROMISING,what is the typical settlement range in south carolina wrongful death cases involving tractor-trailers? (48) | how long do south carolina construction accident lawsuits typically take for tractor-trailer wrecks near a construction zone? (25) | how to assess a south carolina construction accident attorney's success rate in amazon truck crash settlements? (24)
/resources/georgia-car-accident-settlement-value/,resource,resource,en,False,False,,statewide GA,car,16,1742,12.8,16,1742,12.8,0,0,0,0,False,WINNER,ga car crash settlement (63) | car injury compensation (44) | average settlement for car accident in georgia (37)
/resources/georgia-truck-accident-settlement-value/,resource,resource,en,False,False,,statewide GA,truck,8,526,7.9,8,526,7.9,0,0,0,0,False,WINNER,how much can i realistically expect to recover in a truck accident case in georgia? (18) | how do truck accident settlements compare to car accidents? georgia (16) | truck accident lawsuit (15)
/resources/south-carolina-car-accident-settlement-value/,resource,resource,en,False,False,,statewide SC,car,38,3332,14.7,38,3332,14.7,0,0,0,0,False,WINNER,how much is a car accident settlement worth? (225) | car accident settlement worth south carolina (105) | average car accident settlement in south carolina (53)
/resources/south-carolina-statute-of-limitations/,resource,resource,en,False,False,,statewide SC,,6,511,17.6,6,511,17.6,0,0,0,0,False,PROMISING,what is the statute of limitations in sc for personal injury (19) | south carolina statute of limitations personal injury (13) | sc statute of limitations personal injury (6)
/resources/south-carolina-comparative-negligence/,resource,resource,en,False,False,,statewide SC,,0,367,5.9,0,367,5.9,0,0,0,0,False,OK,what is south carolina's comparative negligence rule? (9) | south carolina comparative negligence (4) | modified comparative negligence 51 percent rule (1)
/resources/south-carolina-um-uim-stacking/,resource,resource,en,False,False,,statewide SC,,37,1375,6.7,37,1375,6.7,0,0,0,0,False,WINNER,in sc how does um and uim stacking work (22) | stacking uninsured motorist coverage attorney (10) | what is option to purchase stacked uninsured motorist coverage (7)
/resources/south-carolina-car-seat-laws/,resource,resource,en,False,False,,statewide SC,,200,35244,7.8,200,35244,7.8,0,0,0,0,False,WINNER,booster seat requirements sc (907) | sc car seat laws (434) | booster seat requirements (314)
/resources/south-carolina-personal-injury-faq/,resource,resource,en,False,False,,statewide SC,generic_pi,0,28,42.6,0,28,42.6,0,0,0,0,False,DEAD,"""(843) 790-8999"" roden law (10) | greenville personal injury faq (2) | how much does a personal injury lawyer cost sc (1)"
/resources/south-carolina-workers-comp-body-part-values/,resource,resource,en,False,False,,statewide SC,workers_comp,67,5006,8.9,67,5006,8.9,0,0,0,0,False,WINNER,workers' comp settlement chart south carolina (186) | south carolina worker's compensation value of severe sopinal stenosis c5-6 (101) | sc workers compensation rates (100)
/resources/how-much-does-south-carolina-workers-comp-pay/,resource,resource,en,False,False,,statewide SC,workers_comp,5,1416,9.1,5,1416,9.1,0,0,0,0,False,WINNER,how much does workers comp pay (43) | sc workers compensation rates (21) | south carolina workers compensation insurance rates (14)
/resources/south-carolina-workers-comp-impairment-rating-mmi/,resource,resource,en,False,False,,statewide SC,workers_comp,5,771,12.0,5,771,12.0,0,0,0,0,False,PROMISING,mmi rating (21) | mmi workers comp (10) | mmi disability rating (8)
/resources/south-carolina-workers-comp-claim-denied/,resource,resource,en,False,False,,statewide SC,workers_comp,2,467,10.3,2,467,10.3,0,0,0,0,False,PROMISING,sc workers comp claim denied (229) | why was my workers compensation claim denied in sc (5) | why workers compensation claim denied south carolina (4)
/resources/south-carolina-motorcycle-accident-settlement-value/,resource,resource,en,False,False,,statewide SC,motorcycle,1,137,25.2,1,137,25.2,0,0,0,0,False,OK,"average motorcycle accident settlement (14) | (""motorcycle accident"" or ""speeding suv"" or ""rash and negligent driving"" or ""driver arrested"" or ""fatal road crash"" or ""hit-and-run case"") (8) | motorcycle accident payouts (6)"
/resources/south-carolina-slip-and-fall-settlement-value/,resource,resource,en,False,False,,statewide SC,premises,21,578,6.0,21,578,6.0,0,0,0,0,False,WINNER,average slip and fall settlement amounts south carolina (30) | how much is a slip and fall case worth (14) | slip and fall injury settlement amounts (12)
/resources/south-carolina-premises-liability-settlement-value/,resource,resource,en,False,False,,statewide SC,premises,3,206,10.8,3,206,10.8,0,0,0,0,False,OK,premises liability settlement amounts (32) | what factors determine how much a premises liability case is worth? (7) | how are premises liability settlements determined (3)
/resources/south-carolina-wrongful-death-settlement-value/,resource,resource,en,False,False,,statewide SC,wrongful_death,23,740,15.2,23,740,15.2,0,0,0,0,False,WINNER,wrongful death claim in south carolina (48) | wrongful death sc (17) | south carolina wrongful death statute (9)
/es/resources/south-carolina-statute-of-limitations/,es_twin,resource,es,False,False,,statewide SC,,4,75,5.2,4,75,5.2,0,0,0,0,False,OK,plazo legal (1)
/es/resources/south-carolina-comparative-negligence/,es_twin,resource,es,False,False,,statewide SC,,0,9,7.2,0,9,7.2,0,0,0,0,False,DEAD,comparative negligence insurance (1)
/es/resources/south-carolina-um-uim-stacking/,es_twin,resource,es,False,False,,statewide SC,,0,19,6.0,0,19,6.0,0,0,0,0,False,DEAD,acumular valores en seguros (2)
/es/resources/south-carolina-car-accident-settlement-value/,es_twin,resource,es,False,False,,statewide SC,car,5,79,4.8,5,79,4.8,0,0,0,0,False,OK,
/es/resources/how-much-does-south-carolina-workers-comp-pay/,es_twin,resource,es,False,False,,statewide SC,workers_comp,4,95,5.2,4,95,5.2,0,0,0,0,False,OK,cuánto paga (2)
/es/resources/south-carolina-workers-comp-claim-denied/,es_twin,resource,es,False,False,,statewide SC,workers_comp,0,23,11.6,0,23,11.6,0,0,0,0,False,DEAD,abogado de apelaciones de compensación laboral (4) | abogado de negaciones de compensación laboral (1) | abogados de trabajo goose creek (1)
/es/resources/south-carolina-workers-comp-body-part-values/,es_twin,resource,es,False,False,,statewide SC,workers_comp,1,89,6.0,1,89,6.0,0,0,0,0,False,OK,tabla de compensación al trabajador (5)
/es/resources/south-carolina-workers-comp-impairment-rating-mmi/,es_twin,resource,es,False,False,,statewide SC,workers_comp,0,57,7.3,0,57,7.3,0,0,0,0,False,DEAD,mmi significado (1) | what is a permanent impairment rating (1)
/es/resources/south-carolina-personal-injury-faq/,es_twin,resource,es,False,False,,statewide SC,generic_pi,0,47,6.7,0,47,6.7,0,0,0,0,False,DEAD,abogado de lesiones personales goose creek (2)
/es/resources/georgia-car-accident-settlement-value/,es_twin,resource,es,False,False,,statewide GA,car,4,59,3.1,4,59,3.1,0,0,0,0,False,OK,
/es/resources/georgia-truck-accident-settlement-value/,es_twin,resource,es,False,False,,statewide GA,truck,0,24,4.3,0,24,4.3,0,0,0,0,False,DEAD,
/resources/truck-accident-settlement-process/,resource,resource,en,False,False,,none,truck,0,211,22.5,0,211,22.5,0,0,0,0,False,OK,legal steps of a truck accident claim (23) | steps to file a truck accident claim (17) | how can i hire a lawyer to pursue a settlement for a flatbed truck accident injury? (14)
/resources/georgia-statute-of-limitations/,resource,resource,en,False,False,,statewide GA,,4,2549,10.9,4,2549,10.9,0,0,0,0,False,PROMISING,how long do i have to sue for work-related injuries (97) | how long do i have to file a personal injury claim in georgia (46) | o.c.g.a. 36-11-1 county ante litem notice 12 months georgia (38)
/resources/i-26-i-95-corridor-report/,resource,resource,en,True,False,,none,car,1,95,7.3,1,95,7.3,0,0,0,0,False,OK,"(intitle:""car"" or intitle:""truck"" or intitle:""trucking"" or intitle:""car crash"" or intitle:""multi-car"" or intitle:""hit and run"") (""atlanta"" or ""near atlanta"" or ""georgia"") after:2024-12-09 (news or report or incident) and (""critical condition"" or death or hospitalizations or ""life-threatening"" or ""severe injuries"" or ""catastrophic injuries"" or deadly or ""significant injuries"") -site:horstshewmaker.com -site:beyandassociates.com (1) | fatal accident in south carolina on i 95 today (1) | fatal accident in south carolina on i-95 today (1)"
/resources/georgia-vs-south-carolina-comparative-negligence/,resource,resource,en,False,False,,statewide GA,,1,1499,6.8,1,1499,6.8,0,0,0,0,False,WINNER,+georgia modified comparative negligence 50 percent bar o.c.g.a. 51-12-33 (18) | georgia comparative negligence 50 percent bar o.c.g.a. 51-12-33 (18) | %georgia modified comparative negligence 50 percent bar o.c.g.a. 51-12-33 (14)
/resources/georgia-vs-south-carolina-filing-deadlines/,resource,resource,en,False,False,,statewide GA,,0,53,8.6,0,53,8.6,0,0,0,0,False,DEAD,%georgia statute of limitations personal injury two years o.c.g.a. 9-3-33 (1) | +georgia statute of limitations personal injury two years o.c.g.a. 9-3-33 (1)
/resources/georgia-vs-south-carolina-workers-compensation/,resource,resource,en,False,False,,statewide GA,workers_comp,0,61,9.5,0,61,9.5,0,0,0,0,False,DEAD,workers compensation in ga (8) | workers compensation ga (6) | georgia workers compensation rates (3)
/resources/south-carolina-liquor-liability-2026/,resource,resource,en,False,False,,statewide SC,,8,228,6.7,8,228,6.7,0,0,0,0,False,OK,sc liquor law 2026 (12) | south carolina liquor liability law (4) | liquor liability law sc (1)
/resources/myrtle-beach-fatal-crashes/,resource,resource,en,True,False,myrtle-beach,Myrtle Beach SC,wrongful_death,3,164,8.5,3,164,8.5,0,0,0,0,False,OK,horry county accident reports (7) | myrtle beach accident reports (2) | site:rodenlaw.com (2)
/resources/georgia-helmet-laws/,resource,resource,en,False,False,,statewide GA,,1,315,8.7,1,315,8.7,0,0,0,0,False,OK,georgia motorcycle helmet law (21) | georgia helmet law (20) | ga helmet law (10)
/resources/south-carolina-helmet-laws/,resource,resource,en,False,False,,statewide SC,,7,538,5.1,7,538,5.1,0,0,0,0,False,WINNER,south carolina helmet law (18) | does south carolina have a helmet law (17) | is there a helmet law in south carolina (15)
/resources/south-carolina-golf-cart-laws/,resource,resource,en,False,False,,statewide SC,,0,349,7.8,0,349,7.8,0,0,0,0,False,OK,sc golf cart permit (11) | golf cart permit sc (7) | how old do you have to be to drive a golf cart in south carolina (6)
/resources/georgia-moped-laws/,resource,resource,en,False,False,,statewide GA,,4,430,6.7,4,430,6.7,0,0,0,0,False,OK,do you need a license for a moped in ga (13) | moped laws in ga (9) | georgia moped laws (8)
/resources/south-carolina-moped-laws/,resource,resource,en,False,False,,statewide SC,,1,374,7.5,1,374,7.5,0,0,0,0,False,OK,moped laws sc (10) | moped license sc (10) | how to get a moped license in sc (9)
/es/blog/,es_twin,blog_index,es,False,False,,none,,0,30,7.7,0,30,7.7,0,0,0,0,False,DEAD,"site:rodenlaw.com (19) | ""conductor"" ""blog"" -site:reddit.com -site:twitter.com -site:x.com -site:wykop.pl -site:tripadvisor.com -site:youtube.com -site:yelp.com -site:booking.com -site:facebook.com -site:instagram.com -site:tiktok.com (4) | accident monto (1)"
