market,practice,commercial_impressions16,commercial_clicks16,commercial_avg_pos16,commercial_best_pos16,commercial_impressions90,commercial_clicks90,commercial_avg_pos90,impressions16,clicks16,avg_pos16,best_pos16,param_url_impressions16,commercial_impressions30,commercial_avg_pos30,live_url_impressions30,post_retirement_0920_0924_commercial_impressions,post_retirement_0920_0924_avg_pos,post_retirement_0920_0924_receivers,distinct_urls_commercial30,cannibalization30,cannibalizing_urls30,dedicated_live_pages,partial_live_pages,receiving_urls_commercial16,receiving_urls_commercial90,top_commercial_queries16
none,car,561704,21,14.9,1.0,69258,1,13.7,959094,301,23.7,1.0,45967,29439,10.3,3094,3208,10.0,/car-accident-lawyers/savannah-ga/ 51% [retired] | / 31% | /car-accident-lawyers/columbia-sc/ 2% [retired] | /es/practice-areas/car-accident-lawyers/ 2% | /locations/south-carolina/myrtle-beach/?[param/GBP] 2%,124,False,,,,/practice-areas/savannah/car-accident-lawyers/ 42% [retired] | /practice-areas/charleston/car-accident-lawyers/ 13% [retired] | / 8% | /car-accident-lawyers/savannah-ga/ 7% [retired] | /locations/south-carolina/charleston/?[param/GBP] 5% | /es/areas-de-practica/abogado-de-accidente-de-auto/ 3% [retired],/car-accident-lawyers/savannah-ga/ 29% [retired] | / 26% | /locations/south-carolina/charleston/?[param/GBP] 9% | /car-accident-lawyers/charleston-sc/ 8% [retired] | /car-accident-lawyers/columbia-sc/ 8% [retired] | /locations/georgia/savannah/?[param/GBP] 3%,car accident lawyer (63186) | car accident attorney (22745) | car crash lawyer (22235) | auto accident lawyer (19295) | auto accident attorney (18427)
none,generic_pi,538344,52,34.1,1.0,69787,1,12.3,603414,74,35.4,1.0,56589,27050,11.9,8000,3795,11.2,/ 44% | /car-accident-lawyers/savannah-ga/ 14% [retired] | /personal-injury-lawyers/charleston-sc/ 4% [retired] | /medical-malpractice-lawyers/savannah-ga/ 3% [retired] | /locations/south-carolina/myrtle-beach/ 3%,207,True,/ (26%) | /locations/south-carolina/columbia/ (21%),,,/blog/category/personal-injury/ 25% [retired] | / 14% | /practice-areas/albany/personal-injury-lawyers/ 10% [retired] | /locations/south-carolina/charleston/?[param/GBP] 8% | /practice-areas/savannah/personal-injury-lawyers/ 4% [retired] | /practice-areas/macon/personal-injury-lawyers/ 3% [retired],/ 36% | /locations/south-carolina/charleston/?[param/GBP] 12% | /personal-injury-lawyers/charleston-sc/ 8% [retired] | /car-accident-lawyers/savannah-ga/ 5% [retired] | /car-accident-lawyers/charleston-sc/ 4% [retired] | /locations/south-carolina/columbia/ 4%,personal injury lawyer (116399) | personal injury attorney (45615) | personal injury lawyers (21593) | injury lawyer (16613) | injury attorney (12504)
none,other,310624,136,28.8,1.0,38508,13,22.6,1576058,2413,26.4,1.0,75376,13389,21.6,5604,1635,20.3,/ 21% | /workers-compensation-lawyers/savannah-ga/ 14% [retired] | /medical-malpractice-lawyers/savannah-ga/ 6% [retired] | /workers-compensation-lawyers/charleston-sc/ 5% [retired] | /medical-malpractice-lawyers/medication-error/ 4%,216,False,,,,/ 9% | /practice-areas/savannah/workers-compensation-lawyers/ 6% [retired] | /locations/south-carolina/charleston/?[param/GBP] 5% | /practice-areas/savannah/car-accident-lawyers/ 5% [retired] | /class-action/ozempic-lawsuits/ 4% [retired] | /practice-areas/coronavirus-business-claims/ 4% [retired],/ 20% | /class-action-lawyers/stryker-hip-replacement/ 7% | /practice-areas/workers-compensation-lawyers/savannah-ga/ 6% [retired] | /locations/south-carolina/charleston/?[param/GBP] 6% | /workers-compensation-lawyers/savannah-ga/ 6% [retired] | /medical-malpractice-lawyers/medication-error/ 4%,civil law attorney (4680) | worker compensation lawyer (3646) | medication error lawyer (3460) | worker compensation lawyers (3391) | working compensation lawyer (3224)
Charleston SC,generic_pi,264949,31,23.0,1.0,43779,2,17.2,270631,31,23.0,1.0,27580,15334,16.7,2056,1460,13.1,/ 46% | /personal-injury-lawyers/charleston-sc/ 34% [retired] | /locations/south-carolina/charleston/ 4% | /car-accident-lawyers/charleston-sc/ 3% [retired] | /es/locations/south-carolina/charleston/ 2%,65,True,/ (44%) | /locations/south-carolina/charleston/ (40%),/locations/south-carolina/charleston/,/blog/how-long-personal-injury-case-charleston-sc/ | /blog/personal-injury-claim-charleston-berkeley-dorchester-county/ | /blog/when-to-call-charleston-personal-injury-lawyer/ | /resources/personal-injury-claim-charleston-county-court/,/practice-areas/charleston/personal-injury-lawyer/ 37% [retired] | / 14% | /practice-areas/charleston/car-accident-lawyers/ 12% [retired] | /car-accident-lawyers/charleston-sc/ 10% [retired] | /locations/south-carolina/charleston/?[param/GBP] 10% | /personal-injury-lawyers/charleston-sc/ 4% [retired],/car-accident-lawyers/charleston-sc/ 26% [retired] | / 25% | /personal-injury-lawyers/charleston-sc/ 23% [retired] | /locations/south-carolina/charleston/?[param/GBP] 12% | /locations/south-carolina/charleston/ 3% | /practice-areas/spinal-cord-injury-lawyers/charleston-sc/ 2% [retired],charleston personal injury lawyer (23101) | charleston accident attorney (16698) | charleston personal injury attorney (15264) | personal injury lawyer charleston (10712) | injury attorney charleston (10399)
none,workers_comp,219200,11,13.4,1.0,32620,0,12.4,329980,128,21.2,1.0,12958,13456,11.5,1116,2263,9.8,/workers-compensation-lawyers/savannah-ga/ 40% [retired] | /workers-compensation-lawyers/charleston-sc/ 30% [retired] | / 20% | /workers-compensation-lawyers/myrtle-beach-sc/ 6% [retired] | /workers-compensation-lawyers/denied-workers-comp-claim/ 1%,38,True,/ (46%) | /practice-areas/workers-compensation-lawyers/ (16%),,,/practice-areas/savannah/workers-compensation-lawyers/ 26% [retired] | /practice-areas/charleston/workers-compensation-lawyer/ 20% [retired] | /practice-areas/workers-compensation-lawyers/savannah-ga/ 12% [retired] | /practice-areas/macon/workers-compensation-lawyers/ 9% [retired] | /workers-compensation-lawyers/charleston-sc/ 6% [retired] | /practice-areas/workers-compensation-lawyers/charleston-sc/ 5% [retired],/practice-areas/workers-compensation-lawyers/savannah-ga/ 27% [retired] | /workers-compensation-lawyers/savannah-ga/ 27% [retired] | /workers-compensation-lawyers/charleston-sc/ 19% [retired] | / 9% | /workers-compensation-lawyers/myrtle-beach-sc/ 5% [retired] | /locations/south-carolina/charleston/?[param/GBP] 3%,workers compensation lawyer (27988) | workers compensation attorney (22623) | workers comp attorney (14903) | workers comp lawyer (12403) | workers compensation lawyers (9951)
Charleston SC,car,202710,12,19.2,1.0,18481,1,22.0,207655,14,19.5,1.0,11391,4409,26.3,452,545,21.6,/car-accident-lawyers/charleston-sc/ 43% [retired] | / 36% | /pedestrian-accident-lawyers/charleston-sc/ 5% [retired] | /es/car-accident-lawyers/charleston-sc/ 4% [retired] | /personal-injury-lawyers/charleston-sc/ 3% [retired],31,True,/ (55%) | /blog/what-to-do-after-a-hit-and-run-in-downtown-charleston/ (21%) | /locations/south-carolina/charleston/ (19%),,/blog/a-guide-to-car-wrecks-on-aviation-avenue-near-charleston-airport/ | /blog/a-step-by-step-guide-for-folly-road-car-accidents/ | /blog/ashley-phosphate-road-i-26-dangerous-intersection-charleston/ | /blog/ben-sawyer-boulevard-bridge-accidents-sullivans-island/ | /blog/car-accidents-on-coleman-boulevard-in-mount-pleasant/ | /blog/charleston-car-crash-brain-injuries/ | /blog/charleston-parking-lot-car-accident-liability/ | /blog/charleston-reckless-driving-crash/ | /blog/compensation-for-car-crash-facial-injuries-charleston/ | /blog/compensation-for-chronic-pain-after-a-car-crash-in-charleston/,/practice-areas/charleston/car-accident-lawyers/ 66% [retired] | /car-accident-lawyers/charleston-sc/ 12% [retired] | /locations/south-carolina/charleston/?[param/GBP] 6% | /practice-areas/car-accident-lawyers/charleston-sc/ 5% [retired] | / 5% | /charleston/car-accident-lawyers/ 2% [retired],/car-accident-lawyers/charleston-sc/ 66% [retired] | / 16% | /locations/south-carolina/charleston/?[param/GBP] 6% | /pedestrian-accident-lawyers/charleston-sc/ 3% [retired] | /locations/south-carolina/charleston/mount-pleasant/ 2% [retired] | /es/car-accident-lawyers/charleston-sc/ 1% [retired],charleston car accident lawyer (23665) | charleston car accident attorney (17936) | car accident lawyer charleston (10736) | car accident attorney charleston sc (7626) | car accident attorney charleston (7398)
Savannah GA,generic_pi,199570,8,28.3,1.0,18148,4,24.5,202950,9,28.2,1.0,4669,5749,25.4,2123,600,17.2,/ 26% | /premises-liability-lawyers/savannah-ga/ 18% [retired] | /car-accident-lawyers/savannah-ga/ 18% [retired] | /locations/georgia/savannah/ 17% | /locations/georgia/savannah/skidaway-island/ 4% [retired],45,False,,/locations/georgia/savannah/,,/practice-areas/savannah/personal-injury-lawyers/ 23% [retired] | / 20% | /practice-areas/savannah/car-accident-lawyers/ 11% [retired] | /locations/georgia/savannah/ 6% | /practice-areas/savannah/slip-and-fall-attorneys/ 5% [retired] | /car-accident-lawyers/savannah-ga/ 4% [retired],/locations/georgia/savannah/ 27% | /car-accident-lawyers/savannah-ga/ 21% [retired] | / 20% | /locations/georgia/savannah/?[param/GBP] 7% | /premises-liability-lawyers/savannah-ga/ 5% [retired] | /slip-and-fall-lawyers/savannah-ga/ 2% [retired],personal injury lawyer savannah (10121) | savannah personal injury lawyer (9892) | personal injury lawyer savannah ga (8658) | savannah injury attorney (8333) | injury lawyer savannah (7011)
none,med_mal,187686,28,22.9,1.0,40645,8,33.0,212145,42,26.4,1.0,14329,19840,38.1,9298,2938,35.4,/blog/advantages-of-a-medical-malpractice-attorney/ 48% | /medical-malpractice-lawyers/savannah-ga/ 29% [retired] | / 13% | /medical-malpractice-lawyers/charleston-sc/ 8% [retired] | /blog/hipaa-violation-lawyer/ 1%,27,False,,,,/practice-areas/savannah/medical-malpractice-attorneys/ 30% [retired] | /medical-malpractice-lawyers/savannah-ga/ 12% [retired] | / 9% | /blog/advantages-of-a-medical-malpractice-attorney/ 8% | /locations/south-carolina/charleston/?[param/GBP] 5% | /practice-areas/savannah/medical-malpractice-attorneys/dental-negligence/ 5% [retired],/blog/advantages-of-a-medical-malpractice-attorney/ 34% | /medical-malpractice-lawyers/savannah-ga/ 30% [retired] | / 17% | /locations/south-carolina/charleston/?[param/GBP] 8% | /medical-malpractice-lawyers/charleston-sc/ 5% [retired] | /blog/hipaa-violation-lawyer/ 3%,medical malpractice lawyer (48100) | medical malpractice attorney (15358) | medical malpractice lawyers (8624) | medical malpractice attorneys (7066) | medical negligence lawyers near me (2432)
Savannah GA,car,183352,4,28.3,1.0,16739,0,23.1,188804,5,28.0,1.0,2740,4405,25.2,638,267,13.6,/ 44% | /car-accident-lawyers/savannah-ga/ 44% [retired] | /pedestrian-accident-lawyers/savannah-ga/ 4% [retired] | /es/locations/georgia/savannah/ 2% | /locations/georgia/savannah/ 1%,33,True,/locations/georgia/savannah/ (61%) | / (33%),,/blog/accepting-a-cash-offer-after-savannah-car-crash/ | /blog/can-a-witness-be-forced-to-testify-for-a-savannah-car-crash-case/ | /blog/dangerous-savannah-intersections/ | /blog/hip-pain-after-car-accident-in-savannah/ | /blog/how-to-spot-distracted-drivers-ten-signs-savannah-ga/ | /blog/legal-rights-after-memory-loss-savannah-crash/ | /blog/liability-for-crash-due-to-tire-blowout-in-savannah/ | /blog/liability-in-head-on-collisions-savannah-ga/ | /blog/proving-back-pain-after-savannah-car-crash/ | /blog/savannah-dangerous-highways-i16-i95-abercorn/,/practice-areas/savannah/car-accident-lawyers/ 56% [retired] | /car-accident-lawyers/savannah-ga/ 12% [retired] | / 9% | /practice-areas/savannah/car-accident-lawyers/hit-and-run-accidents/ 7% [retired] | /practice-areas/savannah/personal-injury-lawyers/ 5% [retired] | /practice-areas/savannah/car-accident-lawyers/pedestrian-accidents/ 2% [retired],/car-accident-lawyers/savannah-ga/ 72% [retired] | / 12% | /locations/georgia/savannah/?[param/GBP] 4% | /locations/georgia/savannah/ 4% | /practice-areas/savannah/car-accident-lawyers/pedestrian-accidents/ 2% [retired] | /pedestrian-accident-lawyers/savannah-ga/ 2% [retired],savannah car accident lawyer (16954) | car accident lawyer savannah (12190) | savannah car accident attorney (10324) | car accident attorney savannah ga (8821) | car accident lawyer savannah ga (6682)
none,premises,167016,5,32.8,1.0,25383,0,45.2,184980,20,34.3,1.0,5006,3731,14.3,653,881,8.9,/ 45% | /premises-liability-lawyers/savannah-ga/ 18% [retired] | /slip-and-fall-lawyers/charleston-sc/ 15% [retired] | /premises-liability-lawyers/charleston-sc/ 6% [retired] | /slip-and-fall-lawyers/savannah-ga/ 6% [retired],44,True,/ (64%) | /es/locations/south-carolina/myrtle-beach/ (16%),,,/practice-areas/savannah/slip-and-fall-attorneys/ 33% [retired] | /blog/category/personal-injury/ 19% [retired] | /practice-areas/premises-liability-lawyers/ 18% | /practice-areas/savannah/slip-and-fall-attorneys/premises-liability/ 8% [retired] | /slip-and-fall-lawyers/savannah-ga/ 5% [retired] | / 3%,/practice-areas/premises-liability-lawyers/ 63% | /slip-and-fall-lawyers/savannah-ga/ 14% [retired] | / 8% | /slip-and-fall-lawyers/charleston-sc/ 3% [retired] | /premises-liability-lawyers/savannah-ga/ 2% [retired] | /premises-liability-lawyers/north-charleston-sc/ 2% [retired],slip and fall lawyer (33504) | premises liability lawyer (20661) | premises liability attorney (17254) | slip and fall lawyers (13680) | slip and fall attorney (11584)
none,x_boating,164312,1,54.2,1.0,11835,0,45.0,171238,12,53.7,1.0,521,8494,38.8,822,1922,34.0,/boating-accident-lawyers/columbia-sc/ 96% [retired] | /practice-areas/boating-accident-lawyers/ 2% | /boating-accident-lawyers/jet-ski-personal-watercraft/ 1% [retired] | / 1% | /boating-accident-lawyers/boating-under-influence/ 0%,18,False,,,,/practice-areas/charleston/boating-accident-lawyers/ 44% [retired] | /practice-areas/boating-accident-lawyers/ 38% | /boating-accident-lawyers/columbia-sc/ 7% [retired] | /charleston/boating-accident-lawyers/ 6% [retired] | /practice-area/boating-accident-lawyer/ 1% [retired] | /boating-accident-lawyers/charleston-sc/ 1% [retired],/boating-accident-lawyers/columbia-sc/ 69% [retired] | /practice-areas/boating-accident-lawyers/ 24% | / 1% | /blog/murrells-inlet-jet-ski-accident-lawyer/ 1% [retired] | /boating-accident-lawyers/jet-ski-personal-watercraft/ 1% [retired] | /locations/south-carolina/charleston/?[param/GBP] 1%,boating accident lawyer (40654) | boat accident lawyer (33423) | boating accident attorney (26922) | boat accident attorney (11222) | boat accident lawyers (7177)
none,truck,139488,3,23.4,1.0,46996,1,31.6,194544,6,26.2,1.0,12733,19247,26.8,9329,2547,16.2,/truck-accident-lawyers/savannah-ga/ 24% [retired] | /truck-accident-lawyers/charleston-sc/ 22% [retired] | / 22% | /es/practice-areas/truck-accident-lawyers/ 15% | /practice-areas/truck-accident-lawyers/ 4%,75,True,/practice-areas/truck-accident-lawyers/ (53%) | /es/practice-areas/truck-accident-lawyers/ (29%),,,/practice-areas/savannah/truck-accident-lawyers/ 18% [retired] | /practice-areas/truck-accident-lawyers/ 15% | / 10% | /practice-areas/macon/truck-accident-lawyers/ 10% [retired] | /truck-accident-lawyers/charleston-sc/ 8% [retired] | /locations/south-carolina/charleston/?[param/GBP] 6%,/practice-areas/truck-accident-lawyers/ 37% | /truck-accident-lawyers/charleston-sc/ 17% [retired] | /es/practice-areas/truck-accident-lawyers/ 11% | / 10% | /truck-accident-lawyers/savannah-ga/ 9% [retired] | /locations/south-carolina/charleston/?[param/GBP] 3%,truck accident lawyer (20616) | truck accident attorney (11450) | truck accident lawyers (5537) | truck accident attorneys (4410) | macon truck accident lawyer (3117)
none,dog_bite,106828,4,28.8,1.0,7697,1,23.9,110629,7,29.3,1.0,740,2664,17.2,159,473,10.3,/dog-bite-lawyers/charleston-sc/ 68% [retired] | /dog-bite-lawyers/savannah-ga/ 26% [retired] | / 3% | /practice-areas/dog-bite-lawyers/ 2% | /dog-bite-lawyers/dog-on-dog-attack/ 1%,24,False,,,,/practice-areas/charleston/dog-bite-lawyers/ 37% [retired] | /practice-areas/dog-bite-lawyers/ 21% | /practice-areas/savannah/dog-bite-lawyers/ 12% [retired] | /dog-bite-lawyers/charleston-sc/ 5% [retired] | /practice-areas/macon/dog-bite-lawyers/ 5% [retired] | /practice-area/dog-bite-lawyers/ 4% [retired],/dog-bite-lawyers/charleston-sc/ 51% [retired] | /dog-bite-lawyers/savannah-ga/ 24% [retired] | /practice-areas/dog-bite-lawyers/ 14% | / 5% | /practice-areas/dog-bite-lawyers/dog-on-dog-attack/ 1% [retired] | /locations/south-carolina/charleston/?[param/GBP] 1%,dog bite lawyer (30861) | dog bite attorney (23541) | dog bite injury lawyer (4357) | dog bite law firm (3353) | dog bite lawyers (2506)
none,x_burn,102652,11,32.7,1.0,9192,0,34.0,130410,16,33.8,1.0,2759,2165,32.1,1771,224,26.9,/practice-areas/burn-injury-lawyers/ 75% | / 10% | /burn-injury-lawyers/savannah-ga/ 8% [retired] | /practice-areas/burn-injury-lawyers/chemical-burn-injury/ 4% [retired] | /burn-injury-lawyers/house-apartment-fire-burn/ 2%,22,False,,,,/practice-areas/burn-injury-lawyers/ 76% | /practice-areas/savannah/burn-injury-lawyers/ 5% [retired] | / 4% | /practice-areas/charleston/burn-injury-lawyers/ 2% [retired] | /practice-areas/albany/burn-injury-lawyer/ 1% [retired] | /practice-areas/macon/burn-injury-lawyers/ 1% [retired],/practice-areas/burn-injury-lawyers/ 83% | /practice-areas/burn-injury-lawyers/chemical-burn-injury/ 4% [retired] | / 3% | /burn-injury-lawyers/savannah-ga/ 2% [retired] | /burn-injury-lawyers/electrical-burn-injury/ 2% | /burn-injury-lawyers/columbia-sc/ 2% [retired],burn injury lawyer (24700) | burn injury attorney (18528) | burn injury lawyers (7109) | burn injury attorneys (6867) | chemical burn injury attorney (3582)
Charleston SC,truck,81984,2,16.8,1.0,11650,0,10.5,88145,2,17.3,1.0,3097,3239,11.6,136,453,8.7,/truck-accident-lawyers/charleston-sc/ 78% [retired] | / 21% | /locations/south-carolina/charleston/ 0% | /personal-injury-lawyers/charleston-sc/ 0% [retired],10,False,,,/blog/18-wheeler-wrecks-on-the-arthur-ravenel-jr-bridge-us-17/ | /blog/charleston-delivery-truck-pedestrian-cyclist-accidents/ | /blog/filing-a-claim-after-a-hazmat-truck-crash-in-charleston/ | /blog/how-poor-truck-maintenance-causes-charleston-accidents/ | /blog/liability-for-charleston-underride-truck-crashes/ | /blog/port-truck-accidents-charleston-liability/ | /blog/your-guide-to-justice-after-a-charleston-truck-accident/ | /resources/i-526-construction-zone-truck-accidents-charleston/ | /resources/i-526-truck-accidents-charleston/,/practice-areas/charleston/truck-accident-lawyers/ 70% [retired] | /truck-accident-lawyers/charleston-sc/ 16% [retired] | / 5% | /practice-areas/charleston/car-accident-lawyers/ 4% [retired] | /locations/south-carolina/charleston/?[param/GBP] 4% | /truck-accident-lawyers/north-charleston-sc/ 1% [retired],/truck-accident-lawyers/charleston-sc/ 86% [retired] | / 9% | /locations/south-carolina/charleston/?[param/GBP] 4% | /locations/south-carolina/charleston/west-ashley/ 0% [retired] | /blog/category/truck-accident/ 0% [retired] | /locations/south-carolina/north-charleston/?[param/GBP] 0%,charleston truck accident lawyer (15345) | charleston truck accident attorney (9387) | truck accident lawyer charleston (7043) | truck accident attorney charleston (4830) | charleston truck accident attorneys (3866)
none,x_product_masstort,81218,6,45.5,1.0,8045,0,45.3,319515,112,45.8,1.0,1594,2252,37.1,1051,237,28.8,/product-liability-lawyers/columbia-sc/ 22% [retired] | /product-liability-lawyers/savannah-ga/ 14% [retired] | /practice-areas/product-liability-lawyers/ 9% | /class-action-lawyers/ivc-filter/ 8% | /product-liability-lawyers/dangerous-pharmaceutical-drug/ 6%,32,True,/practice-areas/product-liability-lawyers/ (22%) | /class-action-lawyers/hair-relaxer-cancer-lawsuits/ (16%),,,/practice-areas/product-liability-lawyers/ 19% | /class-action/ozempic-lawsuits/ 16% [retired] | /class-action-lawyers/defective-products/roundup-lawsuit/ 11% [retired] | /practice-areas/charleston/product-liability-lawyers/ 8% [retired] | /class-action/paraquat-lawsuits/ 7% [retired] | /class-action/hair-relaxer-cancer-lawsuits/ 4% [retired],/product-liability-lawyers/columbia-sc/ 27% [retired] | /practice-areas/product-liability-lawyers/ 25% | /class-action-lawyers/hair-relaxer-cancer-lawsuits/ 8% | /product-liability-lawyers/savannah-ga/ 5% [retired] | /product-liability-lawyers/defective-medical-device/ 5% | /product-liability-lawyers/charleston-sc/ 5% [retired],product liability lawyer (4992) | product liability attorney (4344) | defective product lawyer (2569) | defective product attorney (2329) | bedsore lawsuit attorney (1807)
none,motorcycle,80526,0,32.3,1.0,21591,0,36.0,83724,1,32.3,1.0,8604,7148,30.0,4238,894,26.4,/practice-areas/motorcycle-accident-lawyers/ 33% | / 17% | /motorcycle-accident-lawyers/charleston-sc/ 13% [retired] | /es/practice-areas/motorcycle-accident-lawyers/ 10% | /car-accident-lawyers/savannah-ga/ 9% [retired],43,True,/practice-areas/motorcycle-accident-lawyers/ (66%) | /south-carolina-motorcycle-accident-lawyer/ (18%),,,/practice-areas/motorcycle-accident-lawyers/ 26% | /practice-areas/brunswick/motorcycle-accident-lawyers/ 13% [retired] | / 12% | /practice-areas/macon/motorcycle-accident-lawyers/ 11% [retired] | /locations/south-carolina/charleston/?[param/GBP] 7% | /motorcycle-accident-lawyers/charleston-sc/ 4% [retired],/practice-areas/motorcycle-accident-lawyers/ 52% | / 16% | /motorcycle-accident-lawyers/charleston-sc/ 9% [retired] | /south-carolina-motorcycle-accident-lawyer/ 5% | /locations/south-carolina/charleston/?[param/GBP] 4% | /es/practice-areas/motorcycle-accident-lawyers/ 3%,motorcycle accident lawyer (11125) | motorcycle accident attorney (7350) | motorcycle accident lawyers (3152) | macon motorcycle accident lawyer (3029) | motorcycle accident attorneys (2757)
Charleston SC,premises,71557,0,26.0,1.0,8164,0,32.5,74286,0,25.8,1.0,2281,3679,31.0,64,399,20.6,/slip-and-fall-lawyers/charleston-sc/ 51% [retired] | /personal-injury-lawyers/charleston-sc/ 18% [retired] | /premises-liability-lawyers/charleston-sc/ 14% [retired] | / 10% | /locations/south-carolina/charleston/mount-pleasant/ 3% [retired],22,False,,,/blog/charleston-historic-sidewalk-slip-fall-city-liable/ | /blog/charleston-tourist-injuries-premises-liability-hotels-restaurants/ | /blog/mistakes-charleston-slip-and-fall-victims-make/,/practice-areas/charleston/slip-and-fall-lawyer/ 41% [retired] | /blog/mistakes-charleston-slip-and-fall-victims-make/ 18% | /slip-and-fall-lawyers/charleston-sc/ 11% [retired] | /practice-areas/charleston/personal-injury-lawyer/ 8% [retired] | / 3% | /premises-liability-lawyers/north-charleston-sc/ 3% [retired],/slip-and-fall-lawyers/charleston-sc/ 32% [retired] | /personal-injury-lawyers/charleston-sc/ 16% [retired] | /premises-liability-lawyers/north-charleston-sc/ 14% [retired] | /practice-areas/premises-liability-lawyers/charleston-sc/ 13% [retired] | / 8% | /locations/south-carolina/charleston/?[param/GBP] 4%,charleston slip and fall lawyer (8375) | charleston slip and fall attorney (7281) | charleston slip and fall accident lawyer (5139) | charleston slip and fall accident attorney (4149) | slip and fall attorney charleston (4144)
none,pedestrian,68183,1,36.7,1.0,28916,0,37.7,77844,15,36.2,1.0,1821,14227,35.8,11605,403,23.4,/pedestrian-accident-lawyers/savannah-ga/ 42% [retired] | /practice-areas/pedestrian-accident-lawyers/ 19% | /es/practice-areas/pedestrian-accident-lawyers/ 16% | /pedestrian-accident-lawyers/charleston-sc/ 12% [retired] | / 7%,34,False,,,,/practice-areas/pedestrian-accident-lawyers/ 54% | /practice-areas/savannah/car-accident-lawyers/pedestrian-accidents/ 20% [retired] | /pedestrian-accident-lawyers/charleston-sc/ 5% [retired] | /pedestrian-accident-lawyers/columbia-sc/ 5% [retired] | / 3% | /pedestrian-accident-lawyers/myrtle-beach-sc/ 3% [retired],/practice-areas/pedestrian-accident-lawyers/ 76% | /practice-areas/savannah/car-accident-lawyers/pedestrian-accidents/ 8% [retired] | /pedestrian-accident-lawyers/charleston-sc/ 7% [retired] | /pedestrian-accident-lawyers/savannah-ga/ 2% [retired] | /es/practice-areas/pedestrian-accident-lawyers/ 2% | / 2%,pedestrian accident attorney (18601) | pedestrian accident lawyer (18083) | pedestrian accident attorneys (4954) | pedestrian accident lawyers (3039) | pedestrian accident lawyer near me (1467)
Charleston SC,workers_comp,68046,3,15.9,1.0,8750,0,15.3,76058,3,17.7,1.0,3509,3408,11.5,176,459,10.2,/workers-compensation-lawyers/charleston-sc/ 68% [retired] | / 29% | /es/workers-compensation-lawyers/north-charleston-sc/ 1% [retired] | /es/workers-compensation-lawyers/charleston-sc/ 1% [retired] | /es/south-carolina-workers-compensation-lawyer/ 0%,12,False,,,,/practice-areas/charleston/workers-compensation-lawyer/ 60% [retired] | /workers-compensation-lawyers/charleston-sc/ 17% [retired] | /practice-areas/workers-compensation-lawyers/charleston-sc/ 9% [retired] | / 6% | /locations/south-carolina/charleston/?[param/GBP] 4% | /practice-areas/charleston/personal-injury-lawyer/ 1% [retired],/workers-compensation-lawyers/charleston-sc/ 75% [retired] | / 16% | /locations/south-carolina/charleston/?[param/GBP] 7% | /es/workers-compensation-lawyers/north-charleston-sc/ 1% [retired] | /es/workers-compensation-lawyers/charleston-sc/ 0% [retired] | /es/south-carolina-workers-compensation-lawyer/ 0%,charleston workers compensation lawyer (7244) | charleston workers compensation attorney (4271) | charleston sc workers' compensation lawyer (2936) | workers compensation lawyer charleston sc (2618) | workers compensation attorney charleston (2102)
none,x_nursing_home,67748,0,19.9,1.0,6357,0,44.7,74834,0,22.8,1.0,1703,3161,44.0,1532,357,26.1,/nursing-home-abuse-lawyers/savannah-ga/ 37% [retired] | /nursing-home-abuse-lawyers/columbia-sc/ 15% [retired] | /practice-areas/nursing-home-abuse-lawyers/ 13% | /nursing-home-abuse-lawyers/charleston-sc/ 10% [retired] | /nursing-home-abuse-lawyers/nursing-home-neglect/ 9%,24,True,/practice-areas/nursing-home-abuse-lawyers/ (79%) | /nursing-home-abuse-lawyers/nursing-home-neglect/ (15%),,,/practice-areas/charleston/nursing-home-abuse-attorneys/ 47% [retired] | /practice-areas/savannah/nursing-home-abuse-attorneys/ 16% [retired] | /practice-areas/savannah/nursing-home-abuse-attorneys/bedsores/ 6% [retired] | /practice-areas/nursing-home-abuse-lawyers/ 5% | /nursing-home-abuse-lawyers/savannah-ga/ 4% [retired] | /practice-areas/savannah/nursing-home-abuse-attorneys/malnutrition-and-dehydration/ 3% [retired],/practice-areas/nursing-home-abuse-lawyers/ 39% | /nursing-home-abuse-lawyers/savannah-ga/ 22% [retired] | /nursing-home-abuse-lawyers/nursing-home-neglect/ 8% | /nursing-home-abuse-lawyers/columbia-sc/ 7% [retired] | /nursing-home-abuse-lawyers/myrtle-beach-sc/ 6% [retired] | / 5%,nursing home abuse lawyer (20078) | nursing home abuse attorney (16939) | nursing home bedsore lawyer (3534) | nursing home attorney (2629) | albany nursing home neglect attorney (1234)
Charleston SC,med_mal,66031,5,34.8,1.0,10281,1,17.1,67015,5,34.6,1.0,11484,3565,13.9,356,456,10.5,/ 50% | /medical-malpractice-lawyers/charleston-sc/ 50% [retired] | /personal-injury-lawyers/charleston-sc/ 0% [retired],9,False,,,/blog/charleston-medical-malpractice-hospital-claim-south-carolina/ | /blog/emergency-room-errors-charleston-misdiagnosis-malpractice/,/practice-areas/charleston/medical-malpractice-attorney/ 43% [retired] | /medical-malpractice-lawyers/charleston-sc/ 18% [retired] | / 14% | /locations/south-carolina/charleston/?[param/GBP] 12% | /practice-areas/medical-malpractice-attorneys/ 5% [retired] | /practice-areas/charleston/car-accident-lawyers/?[param/GBP] 3% [retired],/medical-malpractice-lawyers/charleston-sc/ 52% [retired] | / 33% | /locations/south-carolina/charleston/?[param/GBP] 14% | /contact-us/?[param/GBP] 0% [retired] | /medical-malpractice-lawyers/anesthesia-error/ 0% | /locations/south-carolina/charleston/mount-pleasant/ 0% [retired],charleston medical malpractice lawyer (9857) | charleston medical malpractice attorney (7703) | charleston medical negligence lawyer (3820) | medical malpractice attorney charleston (3703) | charleston medical negligence attorney (2907)
Charleston SC,motorcycle,63069,0,16.9,1.0,7815,0,13.1,64014,0,17.1,1.0,3656,2009,13.1,82,196,14.3,/motorcycle-accident-lawyers/charleston-sc/ 72% [retired] | / 26% | /locations/south-carolina/charleston/west-ashley/byrnes-downs/ 2% [retired],8,False,,,,/practice-areas/charleston/motorcycle-accident-lawyers/ 61% [retired] | /motorcycle-accident-lawyers/charleston-sc/ 17% [retired] | / 7% | /locations/south-carolina/charleston/?[param/GBP] 6% | /practice-areas/motorcycle-accident-lawyers/charleston-sc/ 3% [retired] | /practice-areas/charleston/car-accident-lawyers/ 2% [retired],/motorcycle-accident-lawyers/charleston-sc/ 78% [retired] | / 15% | /locations/south-carolina/charleston/?[param/GBP] 5% | /locations/south-carolina/charleston/mount-pleasant/ 1% [retired] | /car-accident-lawyers/charleston-sc/ 0% [retired] | /locations/south-carolina/north-charleston/ 0%,charleston motorcycle accident lawyer (17141) | charleston motorcycle accident attorney (8767) | motorcycle accident lawyer charleston (5256) | motorcycle accident attorney charleston (4715) | charleston motorcycle accident lawyers (3947)
Charleston SC,wrongful_death,60291,1,22.7,4.86,5866,0,16.8,61179,1,22.5,4.86,0,1491,15.3,0,202,12.6,/wrongful-death-lawyers/charleston-sc/ 96% [retired] | /locations/south-carolina/charleston/mount-pleasant/ 2% [retired] | /personal-injury-lawyers/charleston-sc/ 2% [retired] | /practice-areas/nursing-home-abuse-lawyers/wrongful-death-nursing-home/ 0% [retired],6,False,,,,/practice-areas/charleston/wrongful-death-lawyers/ 62% [retired] | /wrongful-death-lawyers/charleston-sc/ 21% [retired] | /practice-areas/charleston/personal-injury-lawyer/ 14% [retired] | /practice-areas/wrongful-death-lawyers/north-charleston-sc/ 2% [retired] | /wrongful-death-lawyers/north-charleston-sc/ 1% [retired] | /locations/south-carolina/charleston/ 0%,/wrongful-death-lawyers/charleston-sc/ 99% [retired] | /locations/south-carolina/charleston/mount-pleasant/ 0% [retired] | /practice-areas/nursing-home-abuse-lawyers/wrongful-death-nursing-home/ 0% [retired] | /locations/south-carolina/charleston/west-ashley/ 0% [retired] | /medical-malpractice-lawyers/charleston-sc/ 0% [retired] | /personal-injury-lawyers/charleston-sc/ 0% [retired],charleston wrongful death lawyer (17382) | charleston wrongful death attorney (15480) | wrongful death attorney charleston (5402) | wrongful death lawyer charleston (4397) | wrongful death attorney charleston sc (3654)
Savannah GA,workers_comp,57624,3,28.5,1.0,4109,0,8.6,60349,3,28.0,1.0,150,1334,8.9,38,177,7.7,/workers-compensation-lawyers/savannah-ga/ 75% [retired] | / 16% | /es/workers-compensation-lawyers/savannah-ga/ 6% [retired] | /construction-accident-lawyers/savannah-ga/ 1% [retired] | /slip-and-fall-lawyers/savannah-ga/ 1% [retired],11,False,,,,/practice-areas/savannah/workers-compensation-lawyers/ 52% [retired] | /blog/longshoreman-injury-claims/ 14% | /practice-areas/workers-compensation-lawyers/savannah-ga/ 13% [retired] | /blog/do-you-need-a-workers-compensation-lawyer/ 9% | /workers-compensation-lawyers/savannah-ga/ 3% [retired] | / 2%,/practice-areas/workers-compensation-lawyers/savannah-ga/ 50% [retired] | /workers-compensation-lawyers/savannah-ga/ 40% [retired] | / 4% | /locations/georgia/savannah/?[param/GBP] 3% | /es/workers-compensation-lawyers/savannah-ga/ 2% [retired] | /es/practice-areas/workers-compensation-lawyers/ 0%,savannah workers comp lawyer (6381) | savannah workers compensation lawyer (5211) | savannah workers compensation attorney (5072) | workers compensation lawyer savannah (4883) | workers comp attorney savannah (3734)
Savannah GA,truck,56048,1,30.6,1.0,7870,0,24.8,58000,1,30.8,1.0,1072,3274,21.0,104,445,16.3,/truck-accident-lawyers/savannah-ga/ 63% [retired] | / 13% | /car-accident-lawyers/savannah-ga/ 8% [retired] | /construction-accident-lawyers/savannah-ga/ 4% [retired] | /blog/garden-city-eden-loop-truck-accident-lawyer/ 2% [retired],25,False,,,/blog/savannah-highway-truck-accidents-west-ashley-us-17/ | /blog/why-get-black-box-data-after-truck-crash-savannah/ | /resources/abercorn-street-truck-accidents-savannah/ | /resources/bay-street-truck-accidents-savannah-historic-district/ | /resources/dean-forest-road-truck-accidents-pooler/ | /resources/i-16-truck-accidents-savannah/ | /resources/i-516-truck-accidents-port-savannah/ | /resources/i-95-truck-accidents-savannah-brunswick/ | /resources/jimmy-deloach-connector-truck-accidents-savannah/ | /resources/pooler-warehouse-district-truck-accidents/,/practice-areas/savannah/truck-accident-lawyers/ 52% [retired] | /truck-accident-lawyers/savannah-ga/ 12% [retired] | /practice-areas/savannah/car-accident-lawyers/ 10% [retired] | /car-accident-lawyers/savannah-ga/ 6% [retired] | /practice-areas/truck-accident-lawyers/savannah-ga/ 5% [retired] | / 5%,/truck-accident-lawyers/savannah-ga/ 53% [retired] | /car-accident-lawyers/savannah-ga/ 23% [retired] | / 9% | /locations/georgia/savannah/?[param/GBP] 8% | /es/truck-accident-lawyers/savannah-ga/ 2% [retired] | /es/practice-areas/truck-accident-lawyers/ 1%,savannah truck accident lawyer (8400) | savannah truck accident attorney (5504) | savannah truck accident attorneys (2808) | savannah truck accident lawyers (2201) | truck accident lawyer savannah ga (1929)
North Charleston SC,car,54264,0,26.8,1.0,8562,0,17.9,57628,3,26.8,1.0,2026,2657,16.2,149,383,11.6,/es/car-accident-lawyers/north-charleston-sc/ 52% [retired] | /car-accident-lawyers/charleston-sc/ 10% [retired] | /es/motorcycle-accident-lawyers/north-charleston-sc/ 8% [retired] | / 7% | /es/south-carolina-car-accident-lawyers/ 5%,45,True,/es/south-carolina-car-accident-lawyers/ (48%) | / (26%),,/blog/ashley-phosphate-i-26-south-carolinas-deadliest-intersection/ | /blog/car-accidents-ladson-i-26-exit-203-danger-zone/ | /blog/car-accidents-on-i-26-in-north-charleston/ | /blog/north-charleston-crime-rate-hit-and-run/ | /resources/dangerous-roads-north-charleston/,/practice-areas/charleston/car-accident-lawyers/ 39% [retired] | /car-accident-lawyers/charleston-sc/ 14% [retired] | /practice-areas/car-accident-lawyers/charleston-sc/ 10% [retired] | /locations/south-carolina/north-charleston/goose-creek/ 8% [retired] | /car-accident-lawyers/north-charleston-sc/ 4% [retired] | /es/areas-de-practica/abogado-de-accidente-de-auto/ 4% [retired],/car-accident-lawyers/charleston-sc/ 35% [retired] | /es/car-accident-lawyers/north-charleston-sc/ 23% [retired] | /locations/south-carolina/north-charleston/goose-creek/ 7% [retired] | /locations/south-carolina/north-charleston/ 7% | /es/pedestrian-accident-lawyers/charleston-sc/ 4% [retired] | /es/truck-accident-lawyers/north-charleston-sc/ 3% [retired],car accident lawyer in goose creek (2496) | north charleston car accident lawyer (2305) | hit and run lawyer in goose creek (2237) | car accident lawyer north charleston (1933) | auto accident lawyer in charleston (1833)
Columbia SC,car,51334,7,22.3,4.74,20147,2,21.5,51641,7,22.3,4.74,0,7744,21.3,1599,827,17.4,/car-accident-lawyers/columbia-sc/ 82% [retired] | /locations/south-carolina/columbia/ 12% | /es/car-accident-lawyers/columbia-sc/ 2% [retired] | /es/locations/south-carolina/columbia/ 1% | /resources/south-carolina-car-seat-laws/ 1%,20,False,,,/blog/columbia-dangerous-intersections-roads/ | /blog/guide-after-a-car-accident-in-columbia-sc/,/car-accident-lawyers/columbia-sc/ 77% [retired] | /practice-areas/car-accident-lawyers/columbia-sc/ 11% [retired] | /locations/south-carolina/columbia/ 6% | /pedestrian-accident-lawyers/columbia-sc/ 1% [retired] | /es/car-accident-lawyers/columbia-sc/ 0% [retired] | /blog/georgia-car-seat-law-overview/ 0%,/car-accident-lawyers/columbia-sc/ 84% [retired] | /locations/south-carolina/columbia/ 12% | /es/car-accident-lawyers/columbia-sc/ 1% [retired] | /es/truck-accident-lawyers/columbia-sc/ 1% [retired] | /es/locations/south-carolina/columbia/ 1% | /locations/south-carolina/columbia/blythewood/ 0% [retired],columbia car accident lawyer (5334) | columbia car accident attorney (3474) | car accident lawyer columbia (2784) | car accident attorney columbia sc (2163) | car accident lawyer columbia sc (2131)
none,wrongful_death,47077,0,22.8,1.0,2215,0,40.4,50040,0,24.6,1.0,9,669,37.8,108,122,29.1,/wrongful-death-lawyers/charleston-sc/ 47% [retired] | /practice-areas/nursing-home-abuse-lawyers/wrongful-death-nursing-home/ 25% [retired] | /practice-areas/wrongful-death-lawyers/ 8% | /maritime-injury-lawyers/savannah-ga/ 3% [retired] | /wrongful-death-lawyers/darien-ga/ 3% [retired],25,False,,,,/practice-areas/charleston/wrongful-death-lawyers/ 46% [retired] | /practice-areas/macon/wrongful-death-lawyers/ 14% [retired] | /wrongful-death-lawyers/charleston-sc/ 8% [retired] | /practice-areas/macon/personal-injury-lawyers/ 7% [retired] | /practice-areas/albany/wrongful-death-lawyers/ 7% [retired] | /practice-areas/savannah/wrongful-death-lawyers/ 3% [retired],/wrongful-death-lawyers/charleston-sc/ 41% [retired] | /practice-areas/wrongful-death-lawyers/ 25% | /practice-areas/nursing-home-abuse-lawyers/wrongful-death-nursing-home/ 9% [retired] | /locations/georgia/darien/kingsland/ 3% [retired] | / 2% | /south-carolina-wrongful-death-lawyer/ 2%,wrongful death lawyer (12841) | wrongful death attorney (12426) | wrongful death lawyer macon (2689) | macon wrongful death lawyer (2284) | wrongful death lawyers (1905)
North Charleston SC,generic_pi,46584,3,24.8,1.0,9119,1,16.1,47674,3,25.1,1.0,4720,3293,15.1,703,407,10.4,/ 33% | /personal-injury-lawyers/charleston-sc/ 19% [retired] | /es/locations/south-carolina/charleston/ 14% | /es/car-accident-lawyers/north-charleston-sc/ 10% [retired] | /locations/south-carolina/north-charleston/?[param/GBP] 5%,45,True,/es/locations/south-carolina/charleston/ (42%) | /locations/south-carolina/charleston/ (27%) | / (25%),/locations/south-carolina/north-charleston/,,/practice-areas/charleston/personal-injury-lawyer/ 32% [retired] | / 13% | /locations/south-carolina/charleston/?[param/GBP] 10% | /car-accident-lawyers/charleston-sc/ 10% [retired] | /locations/south-carolina/north-charleston/goose-creek/ 7% [retired] | /practice-areas/charleston/car-accident-lawyers/ 4% [retired],/ 19% | /personal-injury-lawyers/charleston-sc/ 18% [retired] | /car-accident-lawyers/charleston-sc/ 17% [retired] | /es/locations/south-carolina/charleston/ 9% | /locations/south-carolina/charleston/?[param/GBP] 8% | /es/car-accident-lawyers/north-charleston-sc/ 6% [retired],personal injury lawyer in charleston (4134) | personal injury lawyers in charleston (3936) | injury lawyer in charleston (3217) | personal injury attorney in charleston (2242) | personal injury lawyer in goose creek (2127)
Savannah GA,premises,43725,0,19.9,1.0,7609,0,24.8,46789,0,20.1,1.0,203,2797,24.2,421,405,11.7,/premises-liability-lawyers/savannah-ga/ 39% [retired] | /slip-and-fall-lawyers/savannah-ga/ 36% [retired] | / 18% | /locations/georgia/savannah/ 2% | /car-accident-lawyers/savannah-ga/ 2% [retired],17,True,/locations/georgia/savannah/ (82%) | / (18%),,,/practice-areas/savannah/slip-and-fall-attorneys/ 36% [retired] | /practice-areas/savannah/slip-and-fall-attorneys/premises-liability/ 21% [retired] | /slip-and-fall-lawyers/savannah-ga/ 13% [retired] | /premises-liability-lawyers/savannah-ga/ 6% [retired] | /practice-areas/savannah/personal-injury-lawyers/ 5% [retired] | / 4%,/slip-and-fall-lawyers/savannah-ga/ 48% [retired] | /premises-liability-lawyers/savannah-ga/ 22% [retired] | /locations/georgia/savannah/ 11% | / 6% | /medical-malpractice-lawyers/savannah-ga/ 5% [retired] | /car-accident-lawyers/savannah-ga/ 3% [retired],savannah slip and fall lawyer (5208) | savannah premises liability lawyer (2901) | premises liability attorney savannah ga (2753) | premises liability lawyer savannah ga (2610) | slip and fall attorney savannah ga (2482)
Savannah GA,other,42379,11,34.9,1.0,3302,5,22.0,73817,12,39.2,1.0,376,1270,21.0,140,161,16.2,/medical-malpractice-lawyers/savannah-ga/ 20% [retired] | /nursing-home-abuse-lawyers/savannah-ga/ 17% [retired] | /workers-compensation-lawyers/savannah-ga/ 14% [retired] | / 11% | /car-accident-lawyers/savannah-ga/ 9% [retired],39,False,,,,/practice-areas/savannah/personal-injury-lawyers/ 10% [retired] | / 9% | /practice-areas/savannah/nursing-home-abuse-attorneys/ 7% [retired] | /practice-areas/savannah/medical-malpractice-attorneys/ 6% [retired] | /practice-areas/savannah/workers-compensation-lawyers/ 5% [retired] | /practice-areas/savannah/construction-accident-lawyers/ 4% [retired],/medical-malpractice-lawyers/savannah-ga/ 28% [retired] | /car-accident-lawyers/savannah-ga/ 11% [retired] | / 11% | /workers-compensation-lawyers/savannah-ga/ 9% [retired] | /practice-areas/workers-compensation-lawyers/savannah-ga/ 8% [retired] | /nursing-home-abuse-lawyers/savannah-ga/ 6% [retired],savannah healthcare lawyer (678) | savannah anesthesia error lawyer (674) | savannah negligence lawyer (662) | savannah negligence attorney (643) | savannah healthcare attorney (636)
none,x_maritime,41195,4,53.1,1.0,10262,0,42.2,42654,6,53.1,1.0,54,3267,40.9,3085,420,38.7,/practice-areas/maritime-injury-lawyers/ 59% | /maritime-injury-lawyers/longshore-harbor-worker/ 31% | /maritime-injury-lawyers/darien-ga/ 5% [retired] | /maritime-injury-lawyers/savannah-ga/ 2% [retired] | /es/practice-areas/maritime-injury-lawyers/ 1%,18,True,/practice-areas/maritime-injury-lawyers/ (72%) | /maritime-injury-lawyers/longshore-harbor-worker/ (26%),,,/practice-areas/maritime-injury-lawyers/ 26% | /blog/longshoreman-injury-claims/ 22% | /practice-areas/maritime-lawyers/ 13% [retired] | /practice-areas/macon/maritime-lawyers/ 13% [retired] | /maritime-injury-lawyers/longshore-harbor-worker/ 11% | /practice-areas/savannah/maritime-lawyers/ 6% [retired],/practice-areas/maritime-injury-lawyers/ 73% | /maritime-injury-lawyers/longshore-harbor-worker/ 23% | /maritime-injury-lawyers/savannah-ga/ 1% [retired] | /maritime-injury-lawyers/darien-ga/ 1% [retired] | /blog/longshoreman-injury-claims/ 0% | /maritime-injury-lawyers/offshore-platform-injury/ 0%,maritime injury lawyer (4480) | maritime injury attorney (3964) | maritime accident lawyer (3936) | maritime accident attorney (2347) | longshore accident attorney (1141)
Savannah GA,med_mal,38459,5,19.6,1.0,6136,0,12.4,38527,5,19.6,1.0,311,2327,9.9,48,350,9.2,/medical-malpractice-lawyers/savannah-ga/ 95% [retired] | / 4% | /blog/hipaa-violation-lawyer/ 1%,9,False,,,,/practice-areas/savannah/medical-malpractice-attorneys/ 38% [retired] | /medical-malpractice-lawyers/savannah-ga/ 20% [retired] | /practice-areas/savannah/medical-malpractice-attorneys/psychiatric-negligence/ 7% [retired] | /practice-areas/savannah/medical-malpractice-attorneys/ob-gyn-negligence/ 6% [retired] | /practice-areas/savannah/medical-malpractice-attorneys/hospital-negligence/ 5% [retired] | /practice-areas/savannah/medical-malpractice-attorneys/surgical-errors/ 4% [retired],/medical-malpractice-lawyers/savannah-ga/ 90% [retired] | / 4% | /practice-areas/medical-malpractice-lawyers/ 2% | /locations/georgia/savannah/?[param/GBP] 2% | /blog/hipaa-violation-lawyer/ 1% | /locations/georgia/savannah/midtown-savannah/ 0% [retired],savannah medical malpractice lawyer (4763) | medical malpractice attorneys in savannah ga (2729) | savannah medical malpractice attorney (2705) | medical malpractice lawyer savannah (2632) | savannah medical malpractice lawyers (2455)
Charleston SC,other,37626,10,31.1,1.0,6352,2,14.7,45810,19,30.9,1.0,4811,2359,15.2,253,335,10.6,/ 39% | /product-liability-lawyers/charleston-sc/ 15% [retired] | /workers-compensation-lawyers/charleston-sc/ 15% [retired] | /personal-injury-lawyers/charleston-sc/ 11% [retired] | /locations/south-carolina/charleston/folly-beach/ 4% [retired],38,False,,,,/ 14% | /practice-areas/charleston/personal-injury-lawyer/ 13% [retired] | /practice-areas/charleston/workers-compensation-lawyer/ 13% [retired] | /locations/south-carolina/charleston/?[param/GBP] 8% | /practice-areas/charleston/product-liability-lawyers/ 8% [retired] | /practice-areas/charleston/nursing-home-abuse-attorneys/ 5% [retired],/ 34% | /locations/south-carolina/charleston/?[param/GBP] 14% | /product-liability-lawyers/charleston-sc/ 13% [retired] | /workers-compensation-lawyers/charleston-sc/ 11% [retired] | /medical-malpractice-lawyers/charleston-sc/ 6% [retired] | /premises-liability-lawyers/north-charleston-sc/ 4% [retired],charleston worker compensation lawyers (1293) | charleston worker compensation lawyer (1220) | charleston worker compensation attorneys (1186) | premise liability lawyer charleston sc (1184) | charleston worker compensation attorney (1101)
Charleston SC,x_burn,36969,0,24.9,1.48,3392,0,17.9,38031,0,24.7,1.48,5014,1176,16.3,205,157,13.1,/ 44% | /burn-injury-lawyers/charleston-sc/ 36% [retired] | /practice-areas/burn-injury-lawyers/ 7% | /personal-injury-lawyers/charleston-sc/ 6% [retired] | /practice-areas/burn-injury-lawyers/chemical-burn-injury/ 3% [retired],17,True,/practice-areas/burn-injury-lawyers/ (50%) | / (47%),,,/practice-areas/charleston/burn-injury-lawyers/ 28% [retired] | /practice-areas/burn-injury-lawyers/ 18% | /practice-areas/charleston/personal-injury-lawyer/ 11% [retired] | / 10% | /locations/south-carolina/charleston/?[param/GBP] 6% | /practice-areas/charleston/car-accident-lawyers/?[param/GBP] 6% [retired],/burn-injury-lawyers/charleston-sc/ 38% [retired] | / 24% | /practice-areas/burn-injury-lawyers/ 12% | /locations/south-carolina/charleston/?[param/GBP] 12% | /personal-injury-lawyers/charleston-sc/ 6% [retired] | /practice-areas/burn-injury-lawyers/chemical-burn-injury/ 3% [retired],charleston burn injury lawyer (5997) | charleston burn injury attorney (5685) | burn injury lawyer charleston (4374) | burn injury attorney charleston (3659) | charleston burn injury lawyers (2308)
Savannah GA,motorcycle,36736,0,36.7,1.5,4027,0,25.5,36826,0,36.7,1.5,412,736,28.3,107,66,23.4,/car-accident-lawyers/savannah-ga/ 62% [retired] | / 21% | /practice-areas/motorcycle-accident-lawyers/ 12% | /es/motorcycle-accident-lawyers/savannah-ga/ 3% [retired] | /es/practice-areas/motorcycle-accident-lawyers/ 2%,14,False,,,,/practice-areas/savannah/motorcycle-accident-lawyers/ 21% [retired] | /practice-areas/motorcycle-accident-lawyers/savannah-ga/ 15% [retired] | / 15% | /practice-areas/savannah/car-accident-lawyers/ 10% [retired] | /motorcycle-accident-lawyers/savannah-ga/ 8% [retired] | /car-accident-lawyers/savannah-ga/ 6% [retired],/car-accident-lawyers/savannah-ga/ 35% [retired] | /motorcycle-accident-lawyers/savannah-ga/ 33% [retired] | / 15% | /practice-areas/workers-compensation-lawyers/savannah-ga/ 4% [retired] | /practice-areas/motorcycle-accident-lawyers/ 4% | /locations/georgia/savannah/?[param/GBP] 4%,savannah motorcycle accident lawyer (6486) | savannah motorcycle accident attorney (2378) | savannah motorcycle accident lawyers (2149) | motorcycle accident attorney savannah ga (2033) | motorcycle accident lawyer savannah ga (1845)
none,x_brain_spinal,36583,1,39.9,1.0,3026,0,31.6,51292,4,44.9,1.0,1083,1077,28.9,252,130,17.9,/brain-injury-lawyers/savannah-ga/ 60% [retired] | / 25% | /practice-areas/brain-injury-lawyers/ 4% | /practice-areas/spinal-cord-injury-lawyers/ 4% | /practice-areas/brain-injury-lawyers/anoxic-hypoxic-brain-injury/ 2% [retired],34,False,,,,/practice-areas/brain-injury-lawyers/ 17% | /practice-areas/macon/spinal-cord-injury-lawyers/ 10% [retired] | /class-action/ozempic-lawsuits/ 9% [retired] | /practice-area/spinal-cord-injury-lawyer/ 7% [retired] | /brain-injury-lawyers/savannah-ga/ 6% [retired] | /practice-areas/spinal-cord-injury-lawyers/ 6%,/brain-injury-lawyers/savannah-ga/ 46% [retired] | / 17% | /practice-areas/spinal-cord-injury-lawyers/ 16% | /locations/south-carolina/charleston/?[param/GBP] 4% | /locations/georgia/savannah/?[param/GBP] 3% | /practice-areas/brain-injury-lawyers/ 3%,brain injury lawyer (3310) | brain injury attorney (2353) | spinal cord injury lawyer (1862) | traumatic brain injury lawyer (1226) | spinal cord injury attorney (1214)
none,bicycle,36228,1,25.7,1.0,6582,0,36.2,37258,1,26.0,1.0,2643,1988,31.1,873,362,27.1,/bicycle-accident-lawyers/columbia-sc/ 25% [retired] | /practice-areas/bicycle-accident-lawyers/ 20% | /practice-areas/e-bike-accident-lawyers/ 14% | /es/bicycle-accident-lawyers/charleston-sc/ 10% [retired] | /es/practice-areas/bicycle-accident-lawyers/ 8%,37,False,,,,/practice-areas/savannah/car-accident-lawyers/bike-accidents/ 28% [retired] | /practice-areas/bicycle-accident-lawyers/columbia-sc/ 20% [retired] | /practice-areas/bicycle-accident-lawyers/ 11% | / 7% | /practice-areas/bicycle-accident-lawyers/charleston-sc/ 5% [retired] | /practice-areas/e-bike-accident-lawyers/ 5%,/practice-areas/bicycle-accident-lawyers/ 50% | /es/practice-areas/bicycle-accident-lawyers/ 10% | /practice-areas/bicycle-accident-lawyers/charleston-sc/ 8% [retired] | /es/bicycle-accident-lawyers/charleston-sc/ 6% [retired] | /bicycle-accident-lawyers/columbia-sc/ 4% [retired] | / 4%,bicycle accident lawyer (7468) | bicycle accident attorney (5008) | bicycle accident lawyer near me (1114) | bike accident attorney (1049) | bicycle accident attorneys (896)
Charleston SC,x_brain_spinal,34638,0,40.0,1.0,2907,0,14.6,34638,0,40.0,1.0,1501,995,18.4,124,131,18.3,/practice-areas/spinal-cord-injury-lawyers/charleston-sc/ 56% [retired] | / 29% | /practice-areas/spinal-cord-injury-lawyers/ 11% | /practice-areas/brain-injury-lawyers/ 5%,10,True,/practice-areas/spinal-cord-injury-lawyers/ (48%) | / (37%),,,/practice-areas/charleston/personal-injury-lawyer/ 22% [retired] | /practice-areas/charleston/brain-injury-lawyers/ 16% [retired] | /practice-areas/spinal-cord-injury-lawyers/charleston-sc/ 11% [retired] | /practice-areas/charleston/spinal-cord-injury-lawyers/ 8% [retired] | /blog/charleston-car-crash-brain-injuries/ 6% | / 6%,/practice-areas/spinal-cord-injury-lawyers/charleston-sc/ 66% [retired] | / 20% | /locations/south-carolina/charleston/?[param/GBP] 6% | /practice-areas/spinal-cord-injury-lawyers/ 3% | /practice-areas/brain-injury-lawyers/charleston-sc/ 3% [retired] | /personal-injury-lawyers/charleston-sc/ 1% [retired],charleston spinal cord injury lawyer (4343) | charleston brain injury lawyer (3607) | charleston spinal cord injury attorney (2905) | charleston traumatic brain injury lawyer (2845) | charleston brain injury attorney (2674)
Savannah GA,x_brain_spinal,28670,0,21.3,1.0,3540,0,23.1,28670,0,21.3,1.0,261,926,21.2,52,111,13.1,/brain-injury-lawyers/savannah-ga/ 71% [retired] | / 7% | /car-accident-lawyers/savannah-ga/ 4% [retired] | /spinal-cord-injury-lawyers/savannah-ga/ 4% [retired] | /locations/georgia/savannah/ 4%,11,False,,,,/practice-areas/savannah/brain-injury-lawyers/ 24% [retired] | /practice-areas/savannah/personal-injury-lawyers/ 24% [retired] | /brain-injury-lawyers/savannah-ga/ 11% [retired] | / 11% | /practice-areas/spinal-cord-injury-lawyers/ 6% | /savannah/spinal-cord-injury-lawyers/ 6% [retired],/brain-injury-lawyers/savannah-ga/ 51% [retired] | /spinal-cord-injury-lawyers/savannah-ga/ 19% [retired] | /medical-malpractice-lawyers/savannah-ga/ 15% [retired] | / 6% | /locations/georgia/savannah/?[param/GBP] 3% | /practice-areas/spinal-cord-injury-lawyers/ 2%,savannah brain injury attorney (3200) | spinal cord injury attorney savannah ga (3022) | brain injury lawyer savannah ga (2334) | savannah brain injury lawyer (2011) | brain injury attorney savannah ga (1974)
statewide GA,generic_pi,27677,3,52.1,1.93,998,2,64.4,33922,4,47.8,1.93,513,211,19.1,161,28,11.8,/blog/benefits-of-hiring-personal-injury-lawyer/ 29% | /es/locations/georgia/savannah/ 18% | /locations/georgia/savannah/ 11% | /car-accident-lawyers/darien-ga/ 7% [retired] | /locations/georgia/darien/woodbine/ 7% [retired],34,False,,/locations/georgia/,,/practice-areas/macon/personal-injury-lawyers/ 32% [retired] | /practice-areas/albany/personal-injury-lawyers/ 22% [retired] | / 9% | /car-accident-lawyers/darien-ga/ 4% [retired] | /macon/personal-injury-lawyers/ 3% [retired] | /practice-areas/macon/spinal-cord-injury-lawyers/ 2% [retired],/car-accident-lawyers/darien-ga/ 28% [retired] | / 16% | /workers-compensation-lawyers/repetitive-stress-injury/ 10% | /?[param/GBP] 8% | /slip-and-fall-lawyers/grocery-store-slip-and-fall/ 6% | /locations/georgia/darien/kingsland/ 5% [retired],personal injury lawyer macon ga (1342) | personal injury attorney macon ga (1034) | albany ga personal injury lawyer (891) | albany ga catastrophic injury attorney (709) | accident attorney albany ga (579)
Charleston SC,x_nursing_home,27458,0,24.1,1.0,2732,0,26.1,27860,0,24.3,1.0,997,1069,19.2,25,158,16.2,/nursing-home-abuse-lawyers/charleston-sc/ 90% [retired] | / 9% | /nursing-home-abuse-lawyers/medication-error-nursing-home/ 1%,7,False,,,,/practice-areas/charleston/nursing-home-abuse-attorneys/ 86% [retired] | / 2% | /nursing-home-abuse-lawyers/charleston-sc/ 2% [retired] | /locations/south-carolina/charleston/?[param/GBP] 2% | /practice-areas/nursing-home-abuse-lawyers/north-charleston-sc/ 2% [retired] | /practice-areas/charleston/car-accident-lawyers/?[param/GBP] 1% [retired],/practice-areas/charleston/nursing-home-abuse-attorneys/ 63% [retired] | /nursing-home-abuse-lawyers/charleston-sc/ 24% [retired] | / 8% | /locations/south-carolina/charleston/?[param/GBP] 5% | /nursing-home-abuse-lawyers/medication-error-nursing-home/ 0% | /medical-malpractice-lawyers/charleston-sc/ 0% [retired],charleston nursing home abuse lawyer (5040) | charleston nursing home lawyer (3140) | charleston nursing home abuse attorney (2846) | charleston nursing home negligence attorney (2434) | nursing home abuse lawyer charleston (1922)
Savannah GA,x_product_masstort,25639,0,20.5,1.0,4862,0,19.2,28429,0,20.9,1.0,63,1940,19.9,82,322,15.9,/product-liability-lawyers/savannah-ga/ 58% [retired] | /premises-liability-lawyers/savannah-ga/ 24% [retired] | / 3% | /personal-injury-lawyers/savannah-ga/ 3% [retired] | /medical-malpractice-lawyers/savannah-ga/ 2% [retired],26,False,,,,/practice-areas/savannah/product-liability-lawyers/ 26% [retired] | /product-liability-lawyers/savannah-ga/ 13% [retired] | /class-action-lawyers/ 8% | /practice-areas/product-liability-lawyers/savannah-ga/ 6% [retired] | /practice-areas/savannah/medical-malpractice-attorneys/medication-errors/ 4% [retired] | /practice-areas/product-liability-lawyers/ 3%,/product-liability-lawyers/savannah-ga/ 68% [retired] | /medical-malpractice-lawyers/savannah-ga/ 10% [retired] | /premises-liability-lawyers/savannah-ga/ 8% [retired] | /product-liability-lawyers/defective-medical-device/ 3% | /slip-and-fall-lawyers/savannah-ga/ 2% [retired] | /product-liability-lawyers/dangerous-pharmaceutical-drug/ 1%,savannah defective product lawyer (1809) | savannah defective product attorney (1724) | savannah product liability attorney (1164) | savannah product liability lawyer (1079) | product liability attorney savannah (943)
Savannah GA,wrongful_death,25403,0,32.9,3.0,1392,0,43.7,28398,0,32.1,3.0,30,445,43.3,1,58,31.8,/practice-areas/savannah/wrongful-death-lawyers/statute-of-limitations/ 31% [retired] | /medical-malpractice-lawyers/savannah-ga/ 29% [retired] | /car-accident-lawyers/savannah-ga/ 17% [retired] | /maritime-injury-lawyers/savannah-ga/ 7% [retired] | /locations/georgia/savannah/skidaway-island/ 5% [retired],14,False,,,,/practice-areas/savannah/wrongful-death-lawyers/ 42% [retired] | /practice-areas/savannah/wrongful-death-lawyers/statute-of-limitations/ 14% [retired] | /practice-areas/savannah/personal-injury-lawyers/ 13% [retired] | / 13% | /medical-malpractice-lawyers/savannah-ga/ 6% [retired] | /practice-area-location/savannah/savannah-wrongful-death/ 3% [retired],/medical-malpractice-lawyers/savannah-ga/ 66% [retired] | /practice-areas/savannah/wrongful-death-lawyers/statute-of-limitations/ 13% [retired] | /car-accident-lawyers/savannah-ga/ 12% [retired] | /wrongful-death-lawyers/defective-product-death/ 4% [retired] | /nursing-home-abuse-lawyers/savannah-ga/ 1% [retired] | /wrongful-death-lawyers/nursing-home-wrongful-death/ 1%,savannah wrongful death attorney (5576) | savannah wrongful death lawyer (4922) | wrongful death lawyer savannah (2132) | wrongful death lawyer savannah ga (1992) | wrongful death attorney savannah (1874)
Charleston SC,x_product_masstort,24492,0,27.9,2.2,3422,0,18.6,27051,0,28.6,2.2,660,1082,19.6,56,132,13.2,/product-liability-lawyers/charleston-sc/ 81% [retired] | / 9% | /personal-injury-lawyers/charleston-sc/ 7% [retired] | /practice-areas/product-liability-lawyers/ 2% | /wrongful-death-lawyers/charleston-sc/ 1% [retired],10,False,,,,/practice-areas/charleston/product-liability-lawyers/ 57% [retired] | /practice-areas/charleston/personal-injury-lawyer/ 15% [retired] | /product-liability-lawyers/charleston-sc/ 13% [retired] | /practice-areas/product-liability-lawyers/north-charleston-sc/ 3% [retired] | /practice-areas/product-liability-lawyers/ 3% | / 3%,/product-liability-lawyers/charleston-sc/ 83% [retired] | /practice-areas/product-liability-lawyers/ 7% | /personal-injury-lawyers/charleston-sc/ 4% [retired] | / 3% | /locations/south-carolina/charleston/?[param/GBP] 2% | /product-liability-lawyers/defective-medical-device/ 0%,charleston defective product lawyer (5923) | charleston product liability lawyer (4298) | charleston defective product attorney (4242) | product liability lawyer charleston sc (2493) | charleston product liability attorney (1950)
none,x_construction,24038,0,31.4,1.0,4363,0,26.8,51321,1,38.1,1.0,513,1546,24.2,244,200,19.5,/construction-accident-lawyers/savannah-ga/ 56% [retired] | /construction-accident-lawyers/charleston-sc/ 12% [retired] | /practice-areas/construction-accident-lawyers/ 10% | /workers-compensation-lawyers/savannah-ga/ 6% [retired] | / 6%,19,True,/practice-areas/construction-accident-lawyers/ (58%) | /construction-accident-lawyers/scaffold-ladder-fall/ (17%) | /construction-accident-lawyers/electrocution-construction-site/ (15%),,,/practice-areas/construction-accident-lawyers/ 19% | /practice-areas/savannah/construction-accident-lawyers/ 15% [retired] | /practice-areas/albany/construction-accident-lawyers/ 12% [retired] | /construction-accident-lawyers/savannah-ga/ 7% [retired] | /practice-areas/construction-accident-lawyers/columbia-sc/ 6% [retired] | /practice-areas/macon/construction-accident-lawyers/ 6% [retired],/construction-accident-lawyers/savannah-ga/ 38% [retired] | /practice-areas/construction-accident-lawyers/ 17% | /construction-accident-lawyers/charleston-sc/ 15% [retired] | /practice-areas/workers-compensation-lawyers/savannah-ga/ 7% [retired] | /workers-compensation-lawyers/savannah-ga/ 6% [retired] | /construction-accident-lawyers/columbia-sc/ 6% [retired],construction accident lawyer (5163) | construction accident attorney (4461) | albany construction accident lawyer (1430) | construction accident lawyers (1059) | construction accident law firm (773)
Darien GA,generic_pi,23445,10,29.3,1.0,2428,5,19.0,24988,10,29.0,1.0,558,830,14.7,368,99,10.2,/locations/georgia/darien/ 22% | /locations/georgia/darien/st-simons-island/ 17% [retired] | /maritime-injury-lawyers/darien-ga/ 13% [retired] | /car-accident-lawyers/darien-ga/ 10% [retired] | /locations/georgia/darien/brunswick/ 10%,24,True,/locations/georgia/darien/brunswick/ (65%) | /locations/georgia/darien/ (32%),/locations/georgia/darien/ | /locations/georgia/darien/brunswick/,,/practice-areas/brunswick/personal-injury-lawyer/ 38% [retired] | /practice-areas/personal-injury-lawyers/ 14% | /practice-areas/brunswick/car-accident-lawyer/ 12% [retired] | / 6% | /car-accident-lawyers/darien-ga/ 6% [retired] | /locations/georgia/darien/ 2%,/car-accident-lawyers/darien-ga/ 36% [retired] | /locations/georgia/darien/st-simons-island/ 14% [retired] | /locations/georgia/darien/brunswick/ 14% | /locations/georgia/darien/ 14% | /brunswick/personal-injury-lawyer/?[param/GBP] 6% [retired] | /locations/georgia/darien/?[param/GBP] 4%,brunswick personal injury lawyer (2427) | personal injury lawyer brunswick ga (1736) | personal injury lawyer brunswick (1648) | personal injury lawyer brunswick georgia (1373) | brunswick personal injury attorney (875)
Columbia SC,generic_pi,23376,2,26.6,2.83,12980,2,25.1,23844,2,26.7,2.83,0,5548,24.8,4767,581,24.1,/locations/south-carolina/columbia/ 78% | /locations/south-carolina/columbia/lexington/ 5% [retired] | /car-accident-lawyers/columbia-sc/ 4% [retired] | /burn-injury-lawyers/columbia-sc/ 4% [retired] | /es/locations/south-carolina/columbia/ 4%,23,False,,/locations/south-carolina/columbia/,,/locations/south-carolina/columbia/ 64% | /car-accident-lawyers/columbia-sc/ 11% [retired] | /locations/south-carolina/columbia/blythewood/ 4% [retired] | /personal-injury-lawyers/columbia-sc/ 3% [retired] | /burn-injury-lawyers/columbia-sc/ 2% [retired] | /es/locations/south-carolina/columbia/ 2%,/locations/south-carolina/columbia/ 73% | /locations/south-carolina/columbia/blythewood/ 6% [retired] | /personal-injury-lawyers/columbia-sc/ 5% [retired] | /car-accident-lawyers/columbia-sc/ 4% [retired] | /es/locations/south-carolina/columbia/ 3% | /burn-injury-lawyers/columbia-sc/ 3% [retired],columbia personal injury lawyer (2493) | columbia personal injury attorney (1649) | personal injury attorney columbia (1022) | personal injury lawyer columbia (1000) | personal injury lawyer columbia sc (923)
Charleston SC,dog_bite,22867,0,18.1,1.0,3670,0,22.7,24079,0,18.0,1.0,348,1315,25.0,273,190,8.0,/dog-bite-lawyers/charleston-sc/ 90% [retired] | / 10%,4,False,,,/blog/dog-bite-laws-south-carolina-charleston/,/practice-areas/charleston/dog-bite-lawyers/ 65% [retired] | /dog-bite-lawyers/charleston-sc/ 20% [retired] | /practice-areas/dog-bite-lawyers/north-charleston-sc/ 4% [retired] | / 3% | /practice-areas/dog-bite-lawyers/ 2% | /blog/dog-bite-laws-south-carolina-charleston/ 2%,/dog-bite-lawyers/charleston-sc/ 78% [retired] | /blog/dog-bite-laws-south-carolina-charleston/ 12% | / 8% | /locations/south-carolina/charleston/?[param/GBP] 2%,charleston dog bite lawyer (7646) | charleston dog bite attorney (5557) | charleston dog bite injury lawyer (1933) | charleston dog bite injury attorney (1529) | dog bite attorney charleston (1317)
North Charleston SC,motorcycle,22602,0,24.4,1.59,6271,0,14.0,22833,0,24.5,1.59,288,2057,14.1,24,307,13.9,/motorcycle-accident-lawyers/charleston-sc/ 39% [retired] | /es/motorcycle-accident-lawyers/north-charleston-sc/ 21% [retired] | /es/motorcycle-accident-lawyers/charleston-sc/ 18% [retired] | /es/car-accident-lawyers/north-charleston-sc/ 8% [retired] | /locations/south-carolina/north-charleston/goose-creek/ 6% [retired],24,False,,,/blog/motorcycle-accidents-dorchester-road-data/,/motorcycle-accident-lawyers/charleston-sc/ 33% [retired] | /practice-areas/charleston/motorcycle-accident-lawyers/ 24% [retired] | /practice-areas/motorcycle-accident-lawyers/north-charleston-sc/ 9% [retired] | /practice-areas/motorcycle-accident-lawyers/charleston-sc/ 9% [retired] | /motorcycle-accident-lawyers/north-charleston-sc/ 4% [retired] | /locations/south-carolina/north-charleston/ 4%,/motorcycle-accident-lawyers/charleston-sc/ 56% [retired] | /locations/south-carolina/north-charleston/ 11% | /es/motorcycle-accident-lawyers/charleston-sc/ 8% [retired] | /es/motorcycle-accident-lawyers/north-charleston-sc/ 8% [retired] | /es/car-accident-lawyers/north-charleston-sc/ 7% [retired] | /es/south-carolina-motorcycle-accident-lawyer/ 2%,motorcycle accident lawyer in goose creek (3866) | north charleston motorcycle accident lawyer (2050) | motorcycle accident lawyer in north charleston (1430) | motorcycle accident lawyer north charleston (1215) | motorcycle accident attorney in charleston (974)
North Charleston SC,truck,22001,0,28.6,1.0,5334,0,11.6,22762,0,28.3,1.0,456,1354,12.8,20,196,12.1,/truck-accident-lawyers/charleston-sc/ 54% [retired] | /es/truck-accident-lawyers/north-charleston-sc/ 19% [retired] | /es/car-accident-lawyers/north-charleston-sc/ 6% [retired] | /locations/south-carolina/north-charleston/?[param/GBP] 6% | / 5%,27,False,,,/resources/ashley-phosphate-i-26-truck-accidents/ | /resources/aviation-avenue-i-26-truck-accidents/ | /resources/dorchester-road-truck-accidents-north-charleston/ | /resources/north-charleston-truck-accident-guide/ | /resources/port-access-road-truck-accidents-leatherman-terminal/ | /resources/rivers-avenue-truck-accidents-north-charleston/ | /resources/spruill-avenue-port-trucks-north-charleston/ | /resources/summerville-truck-accidents-i-26-corridor/ | /resources/us-52-truck-train-accidents-goose-creek/,/practice-areas/charleston/truck-accident-lawyers/ 39% [retired] | /truck-accident-lawyers/charleston-sc/ 28% [retired] | /truck-accident-lawyers/north-charleston-sc/ 8% [retired] | /practice-areas/charleston/car-accident-lawyers/ 4% [retired] | /your-guide-to-justice-after-a-charleston-truck-accident/ 3% [retired] | /locations/south-carolina/north-charleston/goose-creek/ 3% [retired],/truck-accident-lawyers/charleston-sc/ 73% [retired] | /es/truck-accident-lawyers/north-charleston-sc/ 8% [retired] | /es/truck-accident-lawyers/charleston-sc/ 6% [retired] | /locations/south-carolina/north-charleston/ 3% | /es/car-accident-lawyers/north-charleston-sc/ 3% [retired] | /locations/south-carolina/north-charleston/?[param/GBP] 2%,truck accident lawyer in goose creek (2521) | truck accident attorney in charleston (1274) | truck accident lawyer in charleston (1269) | north charleston truck accident lawyer (1233) | truck accident attorney in charleston sc (1137)
statewide SC,x_boating,21527,0,46.3,4.21,1123,0,53.8,21616,0,46.4,4.21,110,484,28.2,36,58,15.8,/boating-accident-lawyers/columbia-sc/ 91% [retired] | /boating-accident-lawyers/boating-under-influence/ 5% | / 3%,7,False,,,,/practice-areas/boating-accident-lawyers/ 46% | /practice-areas/charleston/boating-accident-lawyers/ 29% [retired] | /boating-accident-lawyers/columbia-sc/ 6% [retired] | /charleston/boating-accident-lawyers/ 6% [retired] | / 3% | /blog/charleston-car-crash-brain-injuries/ 2%,/boating-accident-lawyers/columbia-sc/ 44% [retired] | /practice-areas/boating-accident-lawyers/ 42% | /boating-accident-lawyers/speedboat-powerboat-collision/ 4% [retired] | /boating-accident-lawyers/boating-under-influence/ 3% | / 3% | /practice-areas/maritime-injury-lawyers/ 2%,south carolina boating accident lawyer (1668) | south carolina boating accident attorney (1618) | south carolina boating accident attorneys for spinal cord injury (1053) | south carolina spine injury from boat accident attorneys (1000) | south carolina boating accident lawyer for spinal cord injury (995)
Myrtle Beach SC,generic_pi,21038,1,31.3,1.0,6087,1,31.4,21090,1,31.3,1.0,747,1814,28.5,1162,338,24.5,/locations/south-carolina/myrtle-beach/ 50% | /locations/south-carolina/myrtle-beach/murrells-inlet/ 12% [retired] | /es/car-accident-lawyers/myrtle-beach-sc/ 7% [retired] | /workers-compensation-lawyers/myrtle-beach-sc/ 6% [retired] | /locations/south-carolina/myrtle-beach/?[param/GBP] 6%,27,False,,/locations/south-carolina/myrtle-beach/,,/locations/south-carolina/myrtle-beach/ 66% | /locations/south-carolina/myrtle-beach/?[param/GBP] 3% | /locations/south-carolina/myrtle-beach/little-river/ 3% [retired] | /locations/south-carolina/myrtle-beach/murrells-inlet/ 3% [retired] | /workers-compensation-lawyers/myrtle-beach-sc/ 3% [retired] | /locations/south-carolina/myrtle-beach/north-myrtle-beach/ 1% [retired],/locations/south-carolina/myrtle-beach/ 66% | /locations/south-carolina/myrtle-beach/murrells-inlet/ 6% [retired] | /workers-compensation-lawyers/myrtle-beach-sc/ 6% [retired] | /locations/south-carolina/myrtle-beach/?[param/GBP] 6% | /es/construction-accident-lawyers/myrtle-beach-sc/ 4% [retired] | /es/car-accident-lawyers/myrtle-beach-sc/ 3% [retired],myrtle beach personal injury lawyer (1574) | personal injury lawyer myrtle beach sc (1252) | personal injury lawyer myrtle beach (1012) | myrtle beach personal injury attorney (860) | personal injury lawyer murrells inlet (699)
Savannah GA,x_nursing_home,19841,0,17.7,3.77,2558,0,21.6,19843,0,17.7,3.77,70,594,21.4,149,73,15.1,/nursing-home-abuse-lawyers/savannah-ga/ 81% [retired] | /practice-areas/nursing-home-abuse-lawyers/ 11% | /nursing-home-abuse-lawyers/assisted-living-abuse/ 6% | / 1% | /medical-malpractice-lawyers/savannah-ga/ 1% [retired],9,False,,,,/practice-areas/savannah/nursing-home-abuse-attorneys/ 37% [retired] | /nursing-home-abuse-lawyers/savannah-ga/ 13% [retired] | /practice-areas/savannah/nursing-home-abuse-attorneys/bedsores/ 10% [retired] | /practice-areas/savannah/nursing-home-abuse-lawyers/ 9% [retired] | / 6% | /practice-areas/savannah/nursing-home-abuse-attorneys/faqs/ 5% [retired],/nursing-home-abuse-lawyers/savannah-ga/ 70% [retired] | /practice-areas/nursing-home-abuse-lawyers/ 14% | /nursing-home-abuse-lawyers/nursing-home-neglect/ 10% | / 3% | /medical-malpractice-lawyers/savannah-ga/ 2% [retired] | /locations/georgia/savannah/?[param/GBP] 1%,savannah nursing home abuse lawyer (4589) | savannah nursing home abuse attorney (3124) | nursing home abuse attorney savannah ga (2508) | nursing home neglect attorneys savannah ga (2331) | nursing home neglect lawyers savannah ga (2206)
Savannah GA,bicycle,18981,1,19.7,3.43,3278,0,31.9,19339,1,19.5,3.43,45,725,36.1,257,46,33.5,/ 20% | /locations/georgia/savannah/ 17% | /pedestrian-accident-lawyers/savannah-ga/ 17% [retired] | /bicycle-accident-lawyers/savannah-ga/ 11% [retired] | /locations/georgia/savannah/skidaway-island/ 11% [retired],19,True,/locations/georgia/savannah/ (74%) | / (24%),,,/practice-areas/savannah/car-accident-lawyers/bike-accidents/ 52% [retired] | /practice-areas/bicycle-accident-lawyers/savannah-ga/ 14% [retired] | /bicycle-accident-lawyers/savannah-ga/ 7% [retired] | /locations/georgia/savannah/ 6% | / 5% | /practice-areas/savannah/motorcycle-accident-lawyers/ 3% [retired],/bicycle-accident-lawyers/savannah-ga/ 28% [retired] | /practice-areas/bicycle-accident-lawyers/savannah-ga/ 23% [retired] | /locations/georgia/savannah/ 15% | / 12% | /practice-areas/savannah/car-accident-lawyers/pedestrian-accidents/ 7% [retired] | /car-accident-lawyers/savannah-ga/ 7% [retired],savannah bicycle accident lawyer (4045) | savannah bicycle accident attorney (2386) | bike accident attorney savannah ga (2040) | bicycle accident lawyer savannah ga (1647) | bicycle accident attorney savannah ga (1636)
Charleston SC,x_boating,18833,0,31.9,1.2,2397,0,16.9,20760,2,30.1,1.2,1109,867,21.3,107,139,24.4,/boating-accident-lawyers/charleston-sc/ 34% [retired] | /boating-accident-lawyers/columbia-sc/ 27% [retired] | / 15% | /blog/jet-ski-personal-watercraft-accidents-charleston/ 12% | /boating-accident-lawyers/jet-ski-personal-watercraft/ 7% [retired],14,False,,,,/practice-areas/charleston/boating-accident-lawyers/ 32% [retired] | /practice-areas/boating-accident-lawyers/ 27% | /boating-accident-lawyers/charleston-sc/ 13% [retired] | / 6% | /charleston/boating-accident-lawyers/ 6% [retired] | /locations/south-carolina/charleston/?[param/GBP] 4%,/boating-accident-lawyers/charleston-sc/ 58% [retired] | / 16% | /locations/south-carolina/charleston/?[param/GBP] 8% | /blog/jet-ski-personal-watercraft-accidents-charleston/ 6% | /boating-accident-lawyers/columbia-sc/ 5% [retired] | /blog/murrells-inlet-jet-ski-accident-lawyer/ 3% [retired],charleston boating accident lawyer (4348) | charleston boating accident attorney (4024) | charleston boat accident lawyer (2235) | charleston boat accident attorney (1953) | boat accident lawyer charleston (914)
statewide SC,generic_pi,18726,8,60.8,1.0,1216,2,20.2,19644,8,60.1,1.0,636,275,18.4,91,64,18.4,/locations/south-carolina/charleston/johns-island/ 20% [retired] | /personal-injury-lawyers/charleston-sc/ 20% [retired] | / 16% | /locations/south-carolina/charleston/mount-pleasant/ 9% [retired] | /locations/south-carolina/columbia/ 6%,34,False,,/locations/south-carolina/ | /south-carolina-personal-injury-lawyer/,/blog/south-carolina-statute-of-limitations-personal-injury/ | /resources/south-carolina-personal-injury-faq/,/practice-areas/charleston/personal-injury-lawyer/ 44% [retired] | / 16% | /practice-areas/charleston/car-accident-lawyers/ 15% [retired] | /blog/longshoreman-injury-claims/ 5% | /locations/south-carolina/charleston/?[param/GBP] 3% | /class-action-lawyers/defective-medical-devices/stryker-hip-implant-lawsuit/ 1% [retired],/ 47% | /locations/south-carolina/charleston/?[param/GBP] 8% | /locations/south-carolina/charleston/ 4% | /es/locations/south-carolina/columbia/ 4% | /personal-injury-lawyers/charleston-sc/ 4% [retired] | /locations/south-carolina/columbia/ 4%,south carolina personal injury lawyer (1723) | personal injury attorney south carolina (1390) | south carolina personal injury attorney (1380) | personal injury lawyer south carolina (1139) | accident lawyer sc (1084)
statewide GA,car,18718,0,60.6,5.17,1234,0,65.2,44419,50,38.3,1.0,6208,132,22.3,48,23,12.7,/car-accident-lawyers/savannah-ga/ 30% [retired] | /es/practice-areas/car-accident-lawyers/ 13% | / 13% | /car-accident-lawyers/darien-ga/ 13% [retired] | /blog/how-to-maximize-your-car-accident-compensation-in-georgia/ 9%,14,False,,,/blog/child-passenger-automobile-safety-georgia/ | /blog/georgia-law-on-steps-after-car-accident/ | /blog/get-auto-accident-claim-georgia/ | /blog/how-to-maximize-your-car-accident-compensation-in-georgia/ | /blog/knee-injuries-after-georgia-car-crash/ | /blog/overview-georgia-distracted-driving-laws/ | /blog/taxes-on-car-crash-settlement-in-georgia/ | /blog/using-uninsured-underinsured-motorist-coverage-in-georgia/ | /blog/what-to-do-after-car-accident-georgia/ | /resources/georgia-car-accident-settlement-value/,/practice-areas/albany/personal-injury-lawyers/ 29% [retired] | /blog/using-uninsured-underinsured-motorist-coverage-in-georgia/ 13% | /car-accident-lawyers/darien-ga/ 13% [retired] | /practice-areas/macon/car-accident-lawyers/ 9% [retired] | / 8% | /practice-areas/albany/truck-accident-lawyers/ 5% [retired],/car-accident-lawyers/darien-ga/ 66% [retired] | / 18% | /car-accident-lawyers/savannah-ga/ 7% [retired] | /es/practice-areas/car-accident-lawyers/ 3% | /blog/how-to-maximize-your-car-accident-compensation-in-georgia/ 1% | /blog/what-to-do-after-car-accident-georgia/ 1%,car accident lawyer albany ga (877) | georgia underinsured motorist attorney (779) | georgia underinsured motorist lawyer (753) | albany ga car accident lawyer (689) | georgia uninsured motorist attorney (523)
Savannah GA,pedestrian,17579,0,30.3,1.5,2870,0,28.9,17694,0,30.1,1.5,30,718,30.4,90,29,10.0,/pedestrian-accident-lawyers/savannah-ga/ 69% [retired] | /locations/georgia/savannah/skidaway-island/ 10% [retired] | /atv-side-by-side-accident-lawyers/savannah-ga/ 3% [retired] | /blog/category/pedestrian-accident/ 3% [retired] | /blog/yamacraw-village-pedestrian-accident-lawyer/ 3% [retired],21,False,,,/blog/east-bay-street-savannah-pedestrian-accident-lawyer/,/practice-areas/savannah/car-accident-lawyers/pedestrian-accidents/ 54% [retired] | /practice-areas/savannah/car-accident-lawyers/hit-and-run-accidents/ 9% [retired] | /practice-areas/savannah/car-accident-lawyers/ 8% [retired] | /locations/georgia/savannah/ 6% | /car-accident-lawyers/savannah-ga/ 4% [retired] | /practice-areas/savannah/savannah-car-accident-lawyers/ 4% [retired],/practice-areas/savannah/car-accident-lawyers/pedestrian-accidents/ 55% [retired] | /car-accident-lawyers/savannah-ga/ 14% [retired] | /locations/georgia/savannah/ 13% | /pedestrian-accident-lawyers/savannah-ga/ 6% [retired] | /locations/georgia/savannah/midtown-savannah/ 4% [retired] | /practice-areas/pedestrian-accident-lawyers/ 3%,savannah pedestrian accident lawyer (4765) | pedestrian accident attorney savannah ga (2506) | savannah pedestrian accident attorney (1809) | pedestrian accident lawyer savannah ga (1452) | savannah pedestrian accident lawyers (1428)
statewide GA,premises,17575,0,44.4,16.94,72,0,58.3,18972,0,43.7,16.37,0,6,81.8,6,0,,,1,False,,,/blog/steps-take-slip-fall-accident-georgia/ | /blog/valid-premises-liability-claim-georgia/,/practice-areas/albany/personal-injury-lawyers/ 54% [retired] | /practice-areas/savannah/slip-and-fall-attorneys/ 13% [retired] | /blog/steps-take-slip-fall-accident-georgia/ 7% | /practice-areas/savannah/slip-and-fall-attorneys/premises-liability/ 6% [retired] | /practice-areas/albany/brain-injury-lawyers/ 5% [retired] | /practice-areas/albany/ 5% [retired],/ 38% | /locations/georgia/ 29% | /slip-and-fall-lawyers/darien-ga/ 15% [retired] | /blog/steps-take-slip-fall-accident-georgia/ 8% | /slip-and-fall-lawyers/retail-shopping-center-fall/ 4% | /slip-and-fall-lawyers/savannah-ga/ 4% [retired],albany ga slip and fall lawyer (3800) | albany ga slip and fall accident lawyer (2301) | albany ga slip and fall accident attorneys (2223) | albany ga premises liability attorney (2044) | georgia slip and fall attorney (906)
North Charleston SC,workers_comp,16858,0,30.5,1.0,2294,0,17.3,22126,0,29.3,1.0,752,934,13.3,3,121,12.3,/workers-compensation-lawyers/charleston-sc/ 75% [retired] | /es/workers-compensation-lawyers/north-charleston-sc/ 12% [retired] | /es/workers-compensation-lawyers/charleston-sc/ 8% [retired] | /es/south-carolina-workers-compensation-lawyer/ 2% | /locations/south-carolina/north-charleston/summerville/ 2% [retired],10,False,,,/blog/boeing-north-charleston-workplace-injuries-workers-comp/,/practice-areas/charleston/workers-compensation-lawyer/ 45% [retired] | /workers-compensation-lawyers/charleston-sc/ 23% [retired] | /practice-areas/workers-compensation-lawyers/charleston-sc/ 12% [retired] | /practice-areas/workers-compensation-lawyers/north-charleston-sc/ 6% [retired] | /locations/south-carolina/charleston/?[param/GBP] 4% | /workers-compensation-lawyers/north-charleston-sc/ 3% [retired],/workers-compensation-lawyers/charleston-sc/ 82% [retired] | /es/workers-compensation-lawyers/north-charleston-sc/ 8% [retired] | /es/workers-compensation-lawyers/charleston-sc/ 2% [retired] | /locations/south-carolina/north-charleston/ 2% | /locations/south-carolina/north-charleston/?[param/GBP] 2% | /es/south-carolina-workers-compensation-lawyer/ 1%,workers compensation lawyer in charleston (1087) | north charleston workers compensation lawyer (982) | north charleston workers comp lawyer (917) | workers compensation attorney north charleston sc (812) | north charleston workers compensation attorney (528)
Darien GA,car,16719,1,27.3,1.03,1998,1,21.1,20230,1,30.5,1.03,163,664,18.1,338,73,13.2,/locations/georgia/darien/ 36% | /car-accident-lawyers/darien-ga/ 18% [retired] | /locations/georgia/darien/st-simons-island/ 15% [retired] | /blog/boys-estate-glynn-county-best-car-accident-lawyer/ 6% [retired] | /es/practice-areas/car-accident-lawyers/ 6%,21,True,/locations/georgia/darien/brunswick/ (56%) | /locations/georgia/darien/ (39%),,/blog/darien-brunswick-dangerous-roads-i95-us17/,/practice-areas/brunswick/car-accident-lawyer/ 43% [retired] | /practice-areas/brunswick/personal-injury-lawyer/ 23% [retired] | /car-accident-lawyers/darien-ga/ 9% [retired] | /locations/georgia/darien/brunswick/ 3% | /locations/georgia/darien/st-simons-island/ 2% [retired] | /practice-areas/personal-injury-lawyers/ 2%,/car-accident-lawyers/darien-ga/ 47% [retired] | /locations/georgia/darien/ 14% | /locations/georgia/darien/brunswick/ 13% | /locations/georgia/darien/st-simons-island/ 13% [retired] | /blog/boys-estate-glynn-county-best-car-accident-lawyer/ 4% [retired] | /brunswick/personal-injury-lawyer/?[param/GBP] 3% [retired],brunswick car accident lawyer (2617) | brunswick car accident attorney (1200) | car accident lawyer brunswick (1030) | car accident lawyer brunswick ga (804) | car accident lawyer in brunswick ga (702)
Myrtle Beach SC,car,16212,0,26.6,1.0,5379,0,19.9,17098,0,26.0,1.0,4246,1564,20.5,375,324,14.4,/locations/south-carolina/myrtle-beach/?[param/GBP] 39% | /es/car-accident-lawyers/myrtle-beach-sc/ 23% [retired] | /locations/south-carolina/myrtle-beach/ 16% | /es/truck-accident-lawyers/myrtle-beach-sc/ 9% [retired] | /locations/south-carolina/myrtle-beach/murrells-inlet/ 5% [retired],23,False,,,/blog/myrtle-beach-dangerous-roads-intersections/ | /blog/protecting-your-rights-after-a-myrtle-beach-car-accident/,/locations/south-carolina/myrtle-beach/ 26% | /locations/south-carolina/myrtle-beach/?[param/GBP] 25% | /car-accident-lawyers/myrtle-beach-sc/ 11% [retired] | /es/car-accident-lawyers/myrtle-beach-sc/ 4% [retired] | /locations/south-carolina/myrtle-beach/murrells-inlet/ 4% [retired] | /practice-areas/car-accident-lawyers/myrtle-beach-sc/ 4% [retired],/locations/south-carolina/myrtle-beach/?[param/GBP] 39% | /locations/south-carolina/myrtle-beach/ 23% | /es/car-accident-lawyers/myrtle-beach-sc/ 13% [retired] | /es/truck-accident-lawyers/myrtle-beach-sc/ 8% [retired] | /locations/south-carolina/myrtle-beach/murrells-inlet/ 7% [retired] | /es/construction-accident-lawyers/myrtle-beach-sc/ 3% [retired],top car accident lawyers murrells inlet (2897) | murrells inlet car accident lawyer (968) | myrtle beach car accident lawyer (819) | myrtle beach hit and run accident attorney (721) | myrtle beach hit and run accident lawyer (690)
North Charleston SC,dog_bite,15996,0,23.1,1.0,4177,0,11.7,16025,0,23.2,1.0,176,1427,9.7,19,200,8.1,/dog-bite-lawyers/charleston-sc/ 96% [retired] | / 4%,7,False,,,,/dog-bite-lawyers/charleston-sc/ 42% [retired] | /practice-areas/charleston/dog-bite-lawyers/ 37% [retired] | /practice-areas/dog-bite-lawyers/north-charleston-sc/ 14% [retired] | /dog-bite-lawyers/north-charleston-sc/ 2% [retired] | /practice-areas/dog-bite-lawyers/ 2% | / 1%,/dog-bite-lawyers/charleston-sc/ 96% [retired] | / 2% | /blog/dog-bite-laws-south-carolina-charleston/ 1% | /locations/south-carolina/north-charleston/ 0% | /locations/south-carolina/charleston/?[param/GBP] 0% | /locations/south-carolina/north-charleston/?[param/GBP] 0%,dog bite lawyer in goose creek (3742) | dog bite lawyer in charleston (1604) | dog bite attorney in charleston (1483) | dog bite lawyer north charleston (1221) | summerville dog bite lawyer (850)
Darien GA,other,15989,5,35.6,4.27,1086,2,30.0,20714,6,35.2,3.04,418,434,28.6,329,37,24.2,/locations/georgia/darien/ 65% | /es/blog/brunswick-ocean-highway-us-17-underinsured-motorist-lawyer-glynn-county/ 8% [retired] | /es/practice-areas/pedestrian-accident-lawyers/ 5% | /premises-liability-lawyers/darien-ga/ 5% [retired] | /es/motorcycle-accident-lawyers/darien-ga/ 3% [retired],24,True,/locations/georgia/darien/brunswick/ (42%) | /locations/georgia/darien/ (37%),,,/practice-areas/brunswick/personal-injury-lawyer/ 51% [retired] | /practice-areas/personal-injury-lawyers/ 8% | /practice-areas/brunswick/medical-malpractice-attorney/ 5% [retired] | /practice-areas/brunswick/car-accident-lawyer/ 4% [retired] | / 4% | /practice-areas/medical-malpractice-attorneys/ 3% [retired],/locations/georgia/darien/ 26% | /car-accident-lawyers/darien-ga/ 22% [retired] | /locations/georgia/darien/brunswick/ 17% | /medical-malpractice-lawyers/darien-ga/ 8% [retired] | /attorneys/ 3% [retired] | /premises-liability-lawyers/swimming-pool-accident/ 3%,pi lawyer brunswick ga (983) | pi lawyer brunswick georgia (977) | pi lawyer brunswick (904) | road hazard injuries lawyer brunswick georgia (467) | road hazard injuries attorney brunswick georgia (416)
Charleston SC,x_construction,14952,0,37.0,1.82,2419,0,17.8,15098,0,36.9,1.82,1046,732,17.8,100,83,10.9,/construction-accident-lawyers/charleston-sc/ 57% [retired] | / 24% | /workers-compensation-lawyers/charleston-sc/ 8% [retired] | /construction-accident-lawyers/highway-construction-zone/ 5% | /construction-accident-lawyers/scaffold-ladder-fall/ 5%,10,True,/construction-accident-lawyers/highway-construction-zone/ (59%) | / (32%),,,/practice-areas/charleston/personal-injury-lawyer/ 16% [retired] | /practice-areas/charleston/car-accident-lawyers/ 15% [retired] | /practice-areas/charleston/construction-accident-lawyers/ 14% [retired] | /practice-areas/construction-accident-lawyers/charleston-sc/ 12% [retired] | /construction-accident-lawyers/charleston-sc/ 10% [retired] | / 8%,/construction-accident-lawyers/charleston-sc/ 57% [retired] | / 17% | /workers-compensation-lawyers/charleston-sc/ 10% [retired] | /construction-accident-lawyers/highway-construction-zone/ 8% | /locations/south-carolina/charleston/?[param/GBP] 6% | /construction-accident-lawyers/north-charleston-sc/ 2% [retired],charleston construction accident lawyer (5276) | charleston construction accident attorney (3240) | construction accident lawyer charleston (1963) | construction accident attorney charleston (1580) | construction zone accident lawyer charleston (846)
statewide SC,car,14798,2,67.3,1.0,1301,2,26.9,22107,14,51.7,1.0,614,542,22.7,509,77,22.4,/south-carolina-car-accident-lawyers/ 52% | /locations/south-carolina/charleston/johns-island/ 12% [retired] | /blog/what-to-do-after-car-accident-south-carolina/ 8% | /car-accident-lawyers/company-car-accident/ 8% | /blog/why-wont-a-personal-lawyer-take-my-case/ 5%,19,False,,/south-carolina-car-accident-lawyers/,/blog/how-to-maximize-your-car-accident-compensation-in-south-carolina/ | /blog/what-to-do-after-car-accident-south-carolina/ | /resources/i-95-widening-construction-zone-ga-sc/ | /resources/south-carolina-car-accident-settlement-value/,/practice-areas/charleston/car-accident-lawyers/ 80% [retired] | /south-carolina-car-accident-lawyers/ 6% | / 2% | /car-accident-lawyers/columbia-sc/ 2% [retired] | /?[param/GBP] 1% | /charleston/car-accident-lawyers/ 1% [retired],/south-carolina-car-accident-lawyers/ 62% | / 8% | /florence-sc-car-accident-lawyer/ 5% [retired] | /blog/what-to-do-after-car-accident-south-carolina/ 4% | /greenville-sc-car-accident-lawyer/ 3% [retired] | /blog/why-wont-a-personal-lawyer-take-my-case/ 3%,south carolina car accident lawyer (2205) | south carolina car accident attorney (1906) | car accident attorney south carolina (905) | car crash attorney in south carolina (765) | south carolina car accident attorneys (745)
Savannah GA,dog_bite,14441,1,14.9,1.96,2963,0,12.1,14443,1,14.9,1.96,5,1042,8.9,40,164,7.7,/dog-bite-lawyers/savannah-ga/ 99% [retired] | /blog/steps-after-dog-bite/ 1% | /personal-injury-lawyers/savannah-ga/ 1% [retired],7,False,,,,/practice-areas/savannah/dog-bite-lawyers/ 45% [retired] | /dog-bite-lawyers/savannah-ga/ 23% [retired] | /practice-areas/savannah/personal-injury-lawyers/ 8% [retired] | /practice-areas/macon/dog-bite-lawyers/ 6% [retired] | /blog/steps-after-dog-bite/ 4% | /practice-areas/dog-bite-lawyers/ 4%,/dog-bite-lawyers/savannah-ga/ 91% [retired] | /practice-areas/dog-bite-lawyers/ 4% | /locations/georgia/savannah/ 2% | / 1% | /attorneys/ 1% [retired] | /locations/georgia/savannah/?[param/GBP] 0%,savannah dog bite lawyer (3227) | dog bite attorney savannah ga (2793) | dog bite lawyer savannah ga (2206) | savannah dog bite attorney (1985) | savannah dog bite lawyers (597)
none,brand,14130,448,3.0,1.73,2729,77,2.3,84163,1995,12.7,1.0,5766,849,2.6,488,89,2.5,/ 15% | /attorneys/ 15% [retired] | /attorneys/eric-roden/ 9% | /about/ 8% | /contact/ 8%,50,True,/ (22%) | /attorneys/eric-roden/ (16%) | /locations/south-carolina/ (15%),,,/ 13% | /who-we-are/attorneys/ 7% [retired] | /who-we-are/attorneys/eric-roden/ 6% [retired] | /contact-us/ 6% [retired] | /attorneys/ 5% [retired] | /practice-areas/charleston/personal-injury-lawyer/ 5% [retired],/ 13% | /attorneys/ 13% [retired] | /locations/south-carolina/ 8% | /attorneys/eric-roden/ 8% | /about/ 7% | /locations/south-carolina/charleston/downtown-charleston/ 6% [retired],roden law firm (13624) | eric roden attorney (405) | rodenburg law firm (33) | james roden lawyer (28) | riley roden attorney (14)
North Charleston SC,med_mal,14029,1,32.5,1.0,2463,0,18.3,14040,1,32.5,1.0,1608,916,14.9,69,134,12.4,/medical-malpractice-lawyers/charleston-sc/ 60% [retired] | / 37% | /locations/south-carolina/north-charleston/?[param/GBP] 2% | /locations/south-carolina/north-charleston/summerville/ 1% [retired],5,False,,,,/practice-areas/charleston/medical-malpractice-attorney/ 38% [retired] | /medical-malpractice-lawyers/charleston-sc/ 28% [retired] | / 13% | /locations/south-carolina/charleston/?[param/GBP] 9% | /medical-malpractice-lawyers/north-charleston-sc/ 3% [retired] | /practice-areas/charleston/car-accident-lawyers/?[param/GBP] 2% [retired],/medical-malpractice-lawyers/charleston-sc/ 64% [retired] | / 24% | /locations/south-carolina/charleston/?[param/GBP] 11% | /locations/south-carolina/north-charleston/ 1% | /locations/south-carolina/north-charleston/?[param/GBP] 1% | /locations/south-carolina/north-charleston/summerville/ 0% [retired],medical malpractice attorneys in charleston sc (1811) | medical malpractice attorney in charleston (1510) | malpractice attorneys in charleston sc (1010) | medical malpractice lawyers in charleston sc (997) | malpractice lawyers in charleston (967)
Charleston SC,pedestrian,13544,0,33.9,1.54,5027,0,31.1,13551,0,33.9,1.54,1200,1660,31.1,194,208,23.0,/pedestrian-accident-lawyers/charleston-sc/ 49% [retired] | / 26% | /personal-injury-lawyers/charleston-sc/ 8% [retired] | /car-accident-lawyers/charleston-sc/ 8% [retired] | /locations/south-carolina/charleston/ 5%,16,True,/locations/south-carolina/charleston/ (57%) | / (41%),,/blog/a-pedestrians-guide-to-claiming-lost-wages-in-charleston/ | /blog/a-pedestrians-guide-to-proving-negligence-in-charleston-parking-lots/ | /blog/calculating-pain-and-suffering-after-a-charleston-pedestrian-accident/ | /blog/lower-king-street-pedestrian-safety/ | /blog/pedestrian-accidents-musc-charleston-medical-district/,/pedestrian-accident-lawyers/charleston-sc/ 21% [retired] | /practice-areas/charleston/car-accident-lawyers/ 15% [retired] | / 12% | /locations/south-carolina/charleston/?[param/GBP] 9% | /car-accident-lawyers/charleston-sc/ 7% [retired] | /pedestrian-accident-lawyers/north-charleston-sc/ 6% [retired],/pedestrian-accident-lawyers/charleston-sc/ 42% [retired] | / 13% | /locations/south-carolina/charleston/downtown-charleston/ 12% [retired] | /car-accident-lawyers/charleston-sc/ 10% [retired] | /locations/south-carolina/charleston/?[param/GBP] 7% | /personal-injury-lawyers/charleston-sc/ 6% [retired],charleston pedestrian accident lawyer (4316) | charleston pedestrian accident attorney (2539) | pedestrian accident lawyer charleston (1593) | pedestrian injury lawyer charleston (1006) | pedestrian accident attorney charleston (989)
North Charleston SC,other,12804,16,27.2,1.0,1964,1,12.3,19816,24,28.0,1.0,1643,680,13.8,71,91,12.8,/product-liability-lawyers/charleston-sc/ 34% [retired] | / 16% | /workers-compensation-lawyers/charleston-sc/ 13% [retired] | /es/workers-compensation-lawyers/charleston-sc/ 11% [retired] | /es/workers-compensation-lawyers/north-charleston-sc/ 7% [retired],27,False,,,,/practice-areas/charleston/product-liability-lawyers/ 18% [retired] | /practice-areas/charleston/personal-injury-lawyer/ 14% [retired] | / 8% | /locations/south-carolina/charleston/?[param/GBP] 8% | /workers-compensation-lawyers/charleston-sc/ 7% [retired] | /practice-areas/charleston/workers-compensation-lawyer/ 7% [retired],/product-liability-lawyers/charleston-sc/ 31% [retired] | / 19% | /workers-compensation-lawyers/charleston-sc/ 16% [retired] | /locations/south-carolina/charleston/?[param/GBP] 11% | /locations/south-carolina/north-charleston/ 4% | /car-accident-lawyers/charleston-sc/ 2% [retired],products liability lawyers in charleston (996) | products liability lawyer in charleston (942) | products liability attorneys in charleston (891) | products liability law firm in charleston (794) | whiplash attorney in charleston (414)
Columbia SC,truck,12028,1,15.1,2.27,3052,0,16.5,13899,1,14.8,2.27,0,376,17.0,168,43,8.8,/es/practice-areas/truck-accident-lawyers/ 84% | /es/truck-accident-lawyers/columbia-sc/ 12% [retired] | /truck-accident-lawyers/charleston-sc/ 5% [retired],18,False,,,/resources/blythewood-i-77-truck-accidents/ | /resources/broad-river-road-truck-accidents-columbia/ | /resources/bush-river-road-i-26-truck-accidents-columbia/ | /resources/columbia-i-26-i-20-i-77-interchange-truck-accidents/ | /resources/i-20-truck-accidents-columbia/ | /resources/i-77-truck-accidents-columbia-rock-hill/ | /resources/two-notch-road-truck-accidents-columbia/,/truck-accident-lawyers/columbia-sc/ 44% [retired] | /practice-areas/truck-accident-lawyers/columbia-sc/ 38% [retired] | /resources/blythewood-i-77-truck-accidents/ 4% | /car-accident-lawyers/columbia-sc/ 4% [retired] | /locations/south-carolina/columbia/blythewood/ 4% [retired] | /es/practice-areas/truck-accident-lawyers/ 2%,/truck-accident-lawyers/columbia-sc/ 37% [retired] | /resources/blythewood-i-77-truck-accidents/ 18% | /locations/south-carolina/columbia/blythewood/ 14% [retired] | /car-accident-lawyers/columbia-sc/ 12% [retired] | /es/practice-areas/truck-accident-lawyers/ 9% | /es/truck-accident-lawyers/columbia-sc/ 5% [retired],columbia truck accident lawyer (1178) | columbia truck accident attorney (1031) | truck accident attorney columbia (885) | truck accident lawyer columbia (757) | truck accident law firm columbia (437)
Savannah GA,x_burn,11939,0,15.3,2.66,875,0,19.9,11942,0,15.3,2.66,40,232,21.6,62,28,29.2,/burn-injury-lawyers/savannah-ga/ 50% [retired] | /practice-areas/burn-injury-lawyers/ 18% | / 11% | /locations/georgia/savannah/ 11% | /car-accident-lawyers/savannah-ga/ 7% [retired],10,False,,,,/practice-areas/savannah/burn-injury-lawyers/ 42% [retired] | / 25% | /practice-areas/savannah/personal-injury-lawyers/ 12% [retired] | /practice-areas/burn-injury-lawyers/ 6% | /burn-injury-lawyers/savannah-ga/ 5% [retired] | /practice-areas/burn-injury-lawyers/savannah-ga/ 4% [retired],/burn-injury-lawyers/savannah-ga/ 69% [retired] | /practice-areas/burn-injury-lawyers/ 14% | / 7% | /locations/georgia/savannah/ 5% | /locations/georgia/savannah/?[param/GBP] 4% | /construction-accident-lawyers/savannah-ga/ 1% [retired],burn injury lawyer savannah ga (3231) | burn injury attorney savannah ga (2600) | savannah burn injury lawyer (1236) | savannah burn injury attorney (1197) | burn injury lawyer savannah (599)
statewide GA,truck,11466,1,47.9,3.44,1829,0,48.4,12116,1,47.5,1.94,126,365,31.8,342,40,13.7,/es/practice-areas/truck-accident-lawyers/ 65% | /practice-areas/truck-accident-lawyers/ 18% | /resources/georgia-truck-accident-settlement-value/ 8% | / 2% | /blog/garden-city-eden-loop-truck-accident-lawyer/ 2% [retired],12,True,/practice-areas/truck-accident-lawyers/ (73%) | /es/practice-areas/truck-accident-lawyers/ (21%),,/resources/georgia-truck-accident-settlement-value/,/practice-areas/macon/truck-accident-lawyers/ 41% [retired] | /practice-areas/albany/truck-accident-lawyers/ 20% [retired] | /practice-areas/truck-accident-lawyers/ 17% | /practice-areas/savannah/truck-accident-lawyers/ 15% [retired] | /practice-areas/albany/personal-injury-lawyers/ 1% [retired] | /truck-accident-lawyers/brake-failure-accident/ 1% [retired],/practice-areas/truck-accident-lawyers/ 91% | /es/practice-areas/truck-accident-lawyers/ 5% | /truck-accident-lawyers/brake-failure-accident/ 1% [retired] | /resources/georgia-truck-accident-settlement-value/ 1% | /?[param/GBP] 1% | /brunswick/personal-injury-lawyer/?[param/GBP] 0% [retired],truck accident attorney macon ga (1218) | albany ga truck accident lawyer (862) | georgia truck accident lawyer (756) | truck accident lawyer macon ga (527) | albany ga truck accident attorney (503)
Charleston SC,bicycle,10954,0,25.3,1.25,3452,0,28.7,10956,0,25.3,1.25,1781,1036,27.5,171,121,20.0,/bicycle-accident-lawyers/charleston-sc/ 50% [retired] | / 35% | /practice-areas/bicycle-accident-lawyers/ 15%,13,True,/practice-areas/bicycle-accident-lawyers/ (53%) | / (34%),,/blog/a-cyclists-guide-after-a-ravenel-bridge-accident/ | /blog/what-to-do-after-a-bike-crash-on-charlestons-ravenel-bridge/,/practice-areas/bicycle-accident-lawyers/charleston-sc/ 35% [retired] | / 18% | /locations/south-carolina/charleston/?[param/GBP] 15% | /practice-areas/bicycle-accident-lawyers/north-charleston-sc/ 8% [retired] | /bicycle-accident-lawyers/north-charleston-sc/ 4% [retired] | /practice-areas/bicycle-accident-lawyers/ 3%,/practice-areas/bicycle-accident-lawyers/charleston-sc/ 43% [retired] | / 17% | /practice-areas/bicycle-accident-lawyers/ 10% | /car-accident-lawyers/charleston-sc/ 9% [retired] | /bicycle-accident-lawyers/charleston-sc/ 8% [retired] | /locations/south-carolina/charleston/?[param/GBP] 6%,charleston bicycle accident lawyer (2235) | charleston bicycle accident attorney (2174) | bicycle accident attorney charleston (1225) | bicycle accident lawyer charleston (774) | bicycle injury lawyer charleston (697)
North Charleston SC,pedestrian,10889,0,16.3,1.0,3937,0,13.6,10889,0,16.3,1.0,47,1057,13.9,11,99,15.7,/pedestrian-accident-lawyers/charleston-sc/ 59% [retired] | /locations/south-carolina/north-charleston/goose-creek/ 13% [retired] | /locations/south-carolina/north-charleston/summerville/ 12% [retired] | /locations/south-carolina/north-charleston/ 6% | /locations/south-carolina/north-charleston/?[param/GBP] 4%,12,False,,,/blog/pedestrian-safety-park-circle-north-charleston/ | /blog/rivers-avenue-pedestrian-deaths-north-charleston/ | /resources/pedestrian-bicycle-safety-north-charleston/,/pedestrian-accident-lawyers/charleston-sc/ 40% [retired] | /locations/south-carolina/north-charleston/goose-creek/ 17% [retired] | /practice-areas/pedestrian-accident-lawyers/north-charleston-sc/ 14% [retired] | /pedestrian-accident-lawyers/north-charleston-sc/ 8% [retired] | /practice-areas/pedestrian-accident-lawyers/charleston-sc/ 7% [retired] | /practice-areas/charleston/car-accident-lawyers/ 3% [retired],/pedestrian-accident-lawyers/charleston-sc/ 80% [retired] | /locations/south-carolina/north-charleston/goose-creek/ 7% [retired] | /pedestrian-accident-lawyers/north-charleston-sc/ 4% [retired] | /locations/south-carolina/north-charleston/ 4% | /car-accident-lawyers/charleston-sc/ 1% [retired] | / 1%,pedestrian accident lawyer in goose creek (5686) | goose creek pedestrian accident attorney (986) | goose creek pedestrian accident lawyer (924) | summerville pedestrian accident lawyer (431) | north charleston pedestrian accident lawyer (401)
statewide SC,x_product_masstort,10800,0,41.4,3.72,3241,0,53.9,11640,0,41.7,2.76,3,1107,47.3,505,94,39.9,/product-liability-lawyers/columbia-sc/ 45% [retired] | /practice-areas/product-liability-lawyers/ 44% | /product-liability-lawyers/dangerous-pharmaceutical-drug/ 4% | /product-liability-lawyers/charleston-sc/ 3% [retired] | /class-action-lawyers/ivc-filter/ 2%,13,False,,,,/practice-areas/charleston/product-liability-lawyers/ 20% [retired] | /practice-areas/product-liability-lawyers/ 19% | /product-liability-lawyers/columbia-sc/ 18% [retired] | /class-action/paraquat-lawsuits/ 13% [retired] | /class-action-lawyers/ 9% | /class-action/hair-relaxer-cancer-lawsuits/ 4% [retired],/product-liability-lawyers/columbia-sc/ 47% [retired] | /practice-areas/product-liability-lawyers/ 45% | /product-liability-lawyers/charleston-sc/ 4% [retired] | /class-action-lawyers/ivc-filter/ 2% | /product-liability-lawyers/dangerous-pharmaceutical-drug/ 1% | /product-liability-lawyers/defective-medical-device/ 1%,product liability attorney south carolina (1554) | south carolina paraquat lawsuit lawyer (761) | south carolina defective product attorney (677) | south carolina defective product lawyer (655) | product liability attorneys south carolina (640)
none,x_golf_cart,10742,0,37.7,1.2,1634,0,53.8,13264,2,35.6,1.2,123,1011,58.3,839,90,50.9,/golf-cart-accident-lawyers/golf-course-cart-accident/ 52% | /golf-cart-accident-lawyers/savannah-ga/ 14% [retired] | /golf-cart-accident-lawyers/myrtle-beach-sc/ 10% [retired] | /blog/category/golf-cart-accident/ 7% [retired] | /golf-cart-accident-lawyers/golf-cart-dui/ 7%,14,False,,,,/practice-areas/golf-cart-accident-lawyers/columbia-sc/ 22% [retired] | /golf-cart-accident-lawyers/columbia-sc/ 18% [retired] | /golf-cart-accident-lawyers/golf-course-cart-accident/ 9% | /practice-areas/golf-cart-accident-lawyers/north-charleston-sc/ 8% [retired] | /practice-areas/golf-cart-accident-lawyers/ 6% | /practice-areas/golf-cart-accident-lawyers/charleston-sc/ 6% [retired],/golf-cart-accident-lawyers/golf-course-cart-accident/ 48% | /golf-cart-accident-lawyers/golf-cart-dui/ 9% | /golf-cart-accident-lawyers/myrtle-beach-sc/ 8% [retired] | /golf-cart-accident-lawyers/savannah-ga/ 7% [retired] | /golf-cart-accident-lawyers/golf-cart-pedestrian-accident/ 7% | /golf-cart-accident-lawyers/golf-cart-vehicle-collision/ 5%,golf cart accident lawyer (2833) | golf cart accident attorney (2672) | atlanta golf cart accident lawyer (544) | golf cart accident lawyers (511) | atlanta golf cart accident attorney (454)
Columbia SC,x_product_masstort,10674,1,20.2,5.93,5657,1,21.1,11199,1,20.8,5.93,0,1904,17.6,220,202,13.7,/product-liability-lawyers/columbia-sc/ 90% [retired] | /practice-areas/product-liability-lawyers/ 7% | /locations/south-carolina/columbia/ 2% | /product-liability-lawyers/savannah-ga/ 0% [retired],5,False,,,,/product-liability-lawyers/columbia-sc/ 68% [retired] | /practice-areas/product-liability-lawyers/columbia-sc/ 17% [retired] | /practice-areas/product-liability-lawyers/ 11% | /practice-areas/premises-liability-lawyers/columbia-sc/ 2% [retired] | /class-action/afff-firefighting-foam-lawsuits/ 1% [retired] | /practice-areas/charleston/product-liability-lawyers/ 1% [retired],/product-liability-lawyers/columbia-sc/ 86% [retired] | /practice-areas/product-liability-lawyers/ 12% | /practice-areas/product-liability-lawyers/columbia-sc/ 1% [retired] | /locations/south-carolina/columbia/ 0% | /locations/south-carolina/columbia/west-columbia/ 0% [retired] | /car-accident-lawyers/columbia-sc/ 0% [retired],product liability lawyer columbia sc (1571) | columbia defective product lawyer (1475) | columbia defective product attorney (1326) | columbia product liability attorney (1015) | columbia product liability lawyer (970)
North Charleston SC,wrongful_death,10568,0,43.6,5.96,1268,0,16.9,11065,0,43.5,5.96,0,371,16.0,0,42,14.1,/wrongful-death-lawyers/charleston-sc/ 100% [retired],4,False,,,,/practice-areas/charleston/wrongful-death-lawyers/ 49% [retired] | /wrongful-death-lawyers/charleston-sc/ 30% [retired] | /practice-areas/wrongful-death-lawyers/north-charleston-sc/ 9% [retired] | /wrongful-death-lawyers/north-charleston-sc/ 7% [retired] | /locations/south-carolina/north-charleston/goose-creek/ 3% [retired] | /practice-areas/charleston/personal-injury-lawyer/ 2% [retired],/wrongful-death-lawyers/charleston-sc/ 95% [retired] | /wrongful-death-lawyers/north-charleston-sc/ 4% [retired] | /locations/south-carolina/north-charleston/goose-creek/ 0% [retired] | /personal-injury-lawyers/north-charleston-sc/ 0% [retired] | /construction-accident-lawyers/charleston-sc/ 0% [retired] | /locations/south-carolina/north-charleston/goose-creek/liberty-hall-plantation/ 0% [retired],north charleston wrongful death lawyer (1197) | north charleston wrongful death attorney (1028) | wrongful death attorney north charleston (795) | summerville wrongful death lawyers (530) | summerville wrongful death attorneys (482)
Savannah GA,x_maritime,10422,1,22.9,1.0,859,0,23.1,10660,1,23.1,1.0,20,297,21.8,72,55,15.1,/maritime-injury-lawyers/savannah-ga/ 74% [retired] | /maritime-injury-lawyers/longshore-harbor-worker/ 7% | / 6% | /practice-areas/maritime-injury-lawyers/ 6% | /blog/longshoreman-injury-claims/ 4%,11,False,,,,/practice-areas/savannah/maritime-lawyers/ 54% [retired] | /maritime-injury-lawyers/savannah-ga/ 9% [retired] | /practice-areas/macon/maritime-lawyers/ 9% [retired] | /blog/longshoreman-injury-claims/ 7% | /practice-areas/maritime-lawyers/ 6% [retired] | /practice-areas/savannah/boating-accident-lawyers/ 6% [retired],/maritime-injury-lawyers/savannah-ga/ 63% [retired] | /practice-areas/maritime-injury-lawyers/ 16% | / 4% | /blog/longshoreman-injury-claims/ 3% | /maritime-injury-lawyers/longshore-harbor-worker/ 3% | /locations/georgia/savannah/ 3%,savannah maritime lawyer (2823) | savannah maritime accident lawyer (2122) | maritime attorney savannah (1628) | maritime lawyer savannah (1128) | maritime attorneys savannah (501)
Myrtle Beach SC,pedestrian,10051,0,20.4,1.0,2949,0,22.0,10051,0,20.4,1.0,175,437,33.4,235,47,30.8,/locations/south-carolina/myrtle-beach/ 40% | /locations/south-carolina/myrtle-beach/murrells-inlet/ 19% [retired] | /locations/south-carolina/myrtle-beach/?[param/GBP] 15% | /pedestrian-accident-lawyers/myrtle-beach-sc/ 8% [retired] | /locations/south-carolina/myrtle-beach/conway/ 6% [retired],14,False,,,,/pedestrian-accident-lawyers/myrtle-beach-sc/ 51% [retired] | /locations/south-carolina/myrtle-beach/ 21% | /practice-areas/pedestrian-accident-lawyers/myrtle-beach-sc/ 9% [retired] | /locations/south-carolina/myrtle-beach/conway/historic-district/ 4% [retired] | /locations/south-carolina/myrtle-beach/conway/ 3% [retired] | /locations/south-carolina/myrtle-beach/north-myrtle-beach/ 2% [retired],/pedestrian-accident-lawyers/myrtle-beach-sc/ 62% [retired] | /locations/south-carolina/myrtle-beach/ 23% | /locations/south-carolina/myrtle-beach/conway/ 4% [retired] | /locations/south-carolina/myrtle-beach/?[param/GBP] 4% | /locations/south-carolina/myrtle-beach/murrells-inlet/ 3% [retired] | /slip-and-fall-lawyers/myrtle-beach-sc/ 2% [retired],pedestrian accident lawyer in myrtle beach (2054) | pedestrian accident lawyer in conway (1989) | myrtle beach pedestrian accident lawyer (1575) | myrtle beach pedestrian accident attorney (1234) | pedestrian accident lawyer in georgetown (439)
none,x_scooter,9728,0,38.6,1.27,3205,0,32.8,10240,0,37.4,1.27,7,1438,30.3,879,222,26.0,/electric-scooter-accident-lawyers/savannah-ga/ 36% [retired] | /electric-scooter-accident-lawyers/escooter-vehicle-collision/ 24% | /electric-scooter-accident-lawyers/columbia-sc/ 22% [retired] | /practice-areas/electric-scooter-accident-lawyers/ 10% | / 3%,16,False,,,,/electric-scooter-accident-lawyers/escooter-vehicle-collision/ 30% | /electric-scooter-accident-lawyers/escooter-pedestrian-accident/ 11% | /practice-areas/electric-scooter-accident-lawyers/escooter-vehicle-collision/ 8% [retired] | /practice-areas/electric-scooter-accident-lawyers/ 7% | /practice-areas/electric-scooter-accident-lawyers/charleston-sc/ 7% [retired] | /practice-areas/electric-scooter-accident-lawyers/north-charleston-sc/ 6% [retired],/electric-scooter-accident-lawyers/escooter-vehicle-collision/ 56% | /electric-scooter-accident-lawyers/escooter-pedestrian-accident/ 12% | /electric-scooter-accident-lawyers/columbia-sc/ 9% [retired] | /blog/category/scooter-accident/ 7% [retired] | /electric-scooter-accident-lawyers/savannah-ga/ 5% [retired] | /electric-scooter-accident-lawyers/myrtle-beach-sc/ 3% [retired],scooter accident lawyers (636) | electric scooter accident lawyers (429) | electric scooter accident attorneys (402) | electric scooter accident lawyer (367) | electric scooter accident attorney (338)
Columbia SC,premises,9649,0,14.2,2.24,2884,0,15.6,9705,0,14.2,2.24,0,699,20.6,156,44,13.1,/practice-areas/premises-liability-lawyers/columbia-sc/ 100% [retired],10,False,,,,/practice-areas/premises-liability-lawyers/columbia-sc/ 52% [retired] | /slip-and-fall-lawyers/columbia-sc/ 26% [retired] | /practice-areas/slip-and-fall-lawyers/columbia-sc/ 16% [retired] | /locations/south-carolina/columbia/ 3% | /practice-areas/premises-liability-lawyers/ 1% | /locations/south-carolina/columbia/west-columbia/ 1% [retired],/practice-areas/premises-liability-lawyers/columbia-sc/ 62% [retired] | /slip-and-fall-lawyers/columbia-sc/ 30% [retired] | /locations/south-carolina/columbia/ 5% | /es/truck-accident-lawyers/columbia-sc/ 1% [retired] | /practice-areas/premises-liability-lawyers/ 1% | /locations/south-carolina/columbia/cayce/ 0% [retired],premises liability attorney columbia (1243) | columbia slip and fall lawyer (1223) | columbia premises liability lawyer (1157) | columbia slip and fall attorney (1136) | columbia premises liability attorney (1056)
Columbia SC,x_brain_spinal,9269,0,14.9,1.6,2865,0,14.6,9269,0,14.9,1.6,0,547,23.7,57,26,23.0,/spinal-cord-injury-lawyers/columbia-sc/ 88% [retired] | /brain-injury-lawyers/columbia-sc/ 8% [retired] | /practice-areas/spinal-cord-injury-lawyers/ 4%,6,False,,,,/practice-areas/brain-injury-lawyers/columbia-sc/ 71% [retired] | /spinal-cord-injury-lawyers/columbia-sc/ 23% [retired] | /practice-areas/spinal-cord-injury-lawyers/ 5% | /practice-areas/brain-injury-lawyers/ 1% | /locations/south-carolina/columbia/ 1% | /practice-areas/macon/spinal-cord-injury-lawyers/ 0% [retired],/practice-areas/brain-injury-lawyers/columbia-sc/ 65% [retired] | /spinal-cord-injury-lawyers/columbia-sc/ 31% [retired] | /practice-areas/spinal-cord-injury-lawyers/ 4% | /locations/south-carolina/columbia/ 0% | /brain-injury-lawyers/columbia-sc/ 0% [retired] | /personal-injury-lawyers/columbia-sc/ 0% [retired],columbia brain injury lawyer (1334) | columbia brain injury attorney (950) | columbia traumatic brain injury lawyer (530) | columbia spinal cord injury attorney (498) | columbia brain damage attorney (491)
Darien GA,workers_comp,9257,1,21.9,1.0,27,0,16.8,9998,1,23.3,1.0,31,13,15.1,2,3,3.7,/brunswick/personal-injury-lawyer/?[param/GBP] 67% [retired] | /locations/georgia/darien/st-simons-island/ 33% [retired],3,False,,,,/practice-areas/brunswick/workers-compensation-attorney/ 56% [retired] | /practice-areas/brunswick/personal-injury-lawyer/ 20% [retired] | /brunswick/practice-areas/ 11% [retired] | /practice-areas/personal-injury-lawyers/ 6% | /brunswick/workers-compensation-attorney/ 2% [retired] | /practice-areas/workers-compensation-lawyers/ 1%,/brunswick/personal-injury-lawyer/?[param/GBP] 70% [retired] | /car-accident-lawyers/darien-ga/ 11% [retired] | /locations/georgia/darien/st-simons-island/ 7% [retired] | /practice-areas/workers-compensation-lawyers/ 7% | /workers-compensation-lawyers/denied-workers-comp-claim/ 4%,workers compensation lawyer brunswick (1591) | workers comp lawyer brunswick (885) | brunswick workers compensation lawyer (815) | workers compensation lawyer brunswick georgia (814) | workers compensation lawyer brunswick ga (809)
Columbia SC,motorcycle,9249,1,16.0,1.38,2237,0,20.2,9276,1,16.0,1.38,0,304,23.0,243,19,14.8,/es/practice-areas/motorcycle-accident-lawyers/ 37% | /es/motorcycle-accident-lawyers/columbia-sc/ 32% [retired] | /es/locations/south-carolina/columbia/ 21% | /es/practice-areas/brain-injury-lawyers/ 5% | /locations/south-carolina/columbia/ 5%,13,True,/locations/south-carolina/columbia/ (45%) | /es/locations/south-carolina/columbia/ (39%),,,/motorcycle-accident-lawyers/columbia-sc/ 63% [retired] | /practice-areas/motorcycle-accident-lawyers/columbia-sc/ 24% [retired] | /es/locations/south-carolina/columbia/ 3% | /locations/south-carolina/columbia/ 2% | /practice-areas/motorcycle-accident-lawyers/ 1% | /locations/south-carolina/columbia/blythewood/ 1% [retired],/motorcycle-accident-lawyers/columbia-sc/ 51% [retired] | /es/locations/south-carolina/columbia/ 11% | /locations/south-carolina/columbia/ 8% | /practice-areas/motorcycle-accident-lawyers/ 5% | /locations/south-carolina/columbia/blythewood/ 5% [retired] | /es/blog/i-20-bush-river-road-motorcycle-accident-lawyer-columbia/ 5% [retired],columbia motorcycle accident lawyer (1482) | motorcycle accident attorney columbia (1424) | motorcycle accident lawyer columbia (1193) | columbia motorcycle accident attorney (921) | motorcycle accident law firm columbia (705)
statewide GA,workers_comp,9053,0,39.6,4.38,343,0,11.5,27717,5,44.8,1.0,1067,152,12.3,15,6,17.5,/workers-compensation-lawyers/savannah-ga/ 67% [retired] | /maritime-injury-lawyers/longshore-harbor-worker/ 17% | /practice-areas/workers-compensation-lawyers/ 17%,7,False,,,/blog/changing-workers-comp-doctors-in-georgia/ | /blog/common-workplace-injuries-georgia/ | /blog/workers-comp-benefits-georgia-taxable/ | /blog/workers-compensation-claim-process-georgia/ | /resources/georgia-vs-south-carolina-workers-compensation/,/practice-areas/macon/workers-compensation-lawyers/ 51% [retired] | /practice-areas/savannah/workers-compensation-lawyers/ 25% [retired] | /es/areas-de-practica/abogados-de-compensacion-de-trabajo/ 6% [retired] | /practice-areas/albany/workers-compensation-lawyer/ 5% [retired] | /practice-areas/workers-compensation-lawyers/savannah-ga/ 3% [retired] | /practice-areas/albany/personal-injury-lawyers/ 3% [retired],/workers-compensation-lawyers/savannah-ga/ 55% [retired] | /practice-areas/workers-compensation-lawyers/savannah-ga/ 38% [retired] | /practice-areas/workers-compensation-lawyers/ 3% | /blog/how-long-can-a-person-stay-on-workers-compensation/ 2% | /locations/georgia/savannah/?[param/GBP] 1% | /workers-compensation-lawyers/denied-workers-comp-claim/ 1%,workers comp attorney macon ga (1185) | workers comp lawyer macon ga (1153) | georgia workers compensation lawyer (906) | workers compensation lawyer georgia (681) | workers compensation attorney macon ga (678)
North Charleston SC,bicycle,8854,0,10.6,1.0,3926,0,9.3,9140,0,10.9,1.0,26,1051,8.9,2,71,10.9,/bicycle-accident-lawyers/charleston-sc/ 83% [retired] | /es/bicycle-accident-lawyers/north-charleston-sc/ 8% [retired] | /es/blog/tenmile-i-26-best-car-accident-lawyer-north-charleston/ 3% [retired] | /locations/south-carolina/north-charleston/summerville/ 3% [retired] | /es/blog/green-grove-mark-clark-expressway-uninsured-motorist-lawyer-north-charleston/ 1% [retired],16,False,,,,/practice-areas/bicycle-accident-lawyers/charleston-sc/ 75% [retired] | /bicycle-accident-lawyers/charleston-sc/ 6% [retired] | /practice-areas/bicycle-accident-lawyers/north-charleston-sc/ 5% [retired] | /locations/south-carolina/north-charleston/goose-creek/ 4% [retired] | /bicycle-accident-lawyers/north-charleston-sc/ 2% [retired] | /es/bicycle-accident-lawyers/north-charleston-sc/ 2% [retired],/practice-areas/bicycle-accident-lawyers/charleston-sc/ 74% [retired] | /bicycle-accident-lawyers/charleston-sc/ 15% [retired] | /es/bicycle-accident-lawyers/north-charleston-sc/ 3% [retired] | /es/bicycle-accident-lawyers/charleston-sc/ 2% [retired] | /practice-areas/bicycle-accident-lawyers/ 1% | /es/practice-areas/bicycle-accident-lawyers/ 1%,bicycle accident lawyer in goose creek (5470) | bicycle accident attorney north charleston (524) | goose creek bicycle accident lawyer (521) | goose creek bicycle accident attorney (514) | abogado de accidentes de bicicleta north charleston (422)
Myrtle Beach SC,bicycle,8666,0,17.9,1.0,2620,0,23.6,8668,0,17.9,1.0,151,1048,26.3,220,118,24.1,/bicycle-accident-lawyers/myrtle-beach-sc/ 58% [retired] | /locations/south-carolina/myrtle-beach/ 17% | /motorcycle-accident-lawyers/myrtle-beach-sc/ 8% [retired] | /es/locations/south-carolina/myrtle-beach/ 7% | /locations/south-carolina/myrtle-beach/?[param/GBP] 6%,15,True,/locations/south-carolina/myrtle-beach/ (65%) | /es/locations/south-carolina/myrtle-beach/ (24%),,,/bicycle-accident-lawyers/myrtle-beach-sc/ 70% [retired] | /locations/south-carolina/myrtle-beach/ 11% | /locations/south-carolina/myrtle-beach/conway/ 3% [retired] | /motorcycle-accident-lawyers/myrtle-beach-sc/ 3% [retired] | /locations/south-carolina/myrtle-beach/conway/historic-district/ 2% [retired] | /locations/south-carolina/myrtle-beach/?[param/GBP] 2%,/bicycle-accident-lawyers/myrtle-beach-sc/ 55% [retired] | /locations/south-carolina/myrtle-beach/ 14% | /motorcycle-accident-lawyers/myrtle-beach-sc/ 9% [retired] | /es/locations/south-carolina/myrtle-beach/ 4% | /locations/south-carolina/myrtle-beach/conway/ 4% [retired] | /locations/south-carolina/myrtle-beach/?[param/GBP] 4%,bicycle accident lawyer in conway (3674) | bicycle accident lawyer in myrtle beach (1445) | myrtle beach bicycle accident lawyer (772) | myrtle beach bicycle accident attorney (726) | abogado de accidentes de bicicleta myrtle beach (429)
North Charleston SC,x_brain_spinal,8664,0,36.9,1.0,728,0,12.0,8664,0,36.9,1.0,79,219,13.0,1,24,8.8,/practice-areas/spinal-cord-injury-lawyers/charleston-sc/ 75% [retired] | /personal-injury-lawyers/charleston-sc/ 12% [retired] | /locations/south-carolina/north-charleston/?[param/GBP] 12%,8,False,,,,/practice-areas/charleston/personal-injury-lawyer/ 21% [retired] | /practice-areas/spinal-cord-injury-lawyers/charleston-sc/ 17% [retired] | /practice-areas/brain-injury-lawyers/charleston-sc/ 12% [retired] | /practice-areas/charleston/brain-injury-lawyers/ 10% [retired] | /practice-areas/brain-injury-lawyers/north-charleston-sc/ 10% [retired] | /blog/charleston-car-crash-brain-injuries/ 7%,/practice-areas/spinal-cord-injury-lawyers/charleston-sc/ 82% [retired] | /locations/south-carolina/north-charleston/ 4% | /locations/south-carolina/north-charleston/?[param/GBP] 4% | /practice-areas/brain-injury-lawyers/charleston-sc/ 3% [retired] | /practice-areas/brain-injury-lawyers/north-charleston-sc/ 2% [retired] | /practice-areas/spinal-cord-injury-lawyers/north-charleston-sc/ 2% [retired],spinal injuries lawyers in charleston (895) | spinal injuries attorneys in charleston (754) | spinal injuries attorney in charleston (697) | spinal injuries lawyer in charleston (615) | brain injury lawyer in charleston (514)
Darien GA,motorcycle,8641,0,26.1,1.0,1008,0,14.4,9680,10,26.1,1.0,117,354,12.0,98,61,9.6,/blog/darien-i-95-truck-accident-lawyer/ 18% [retired] | /blog/st-simons-island-kings-way-motorcycle-accident-lawyer/ 16% [retired] | /blog/motorcycle-accident-i-95-glynn-county-brunswick-darien/ 13% [retired] | /locations/georgia/darien/ 13% | /motorcycle-accident-lawyers/darien-ga/ 12% [retired],17,False,,,,/practice-areas/brunswick/motorcycle-accident-lawyers/ 48% [retired] | /practice-areas/brunswick/car-accident-lawyer/ 8% [retired] | /practice-areas/brunswick/personal-injury-lawyer/ 8% [retired] | /practice-areas/motorcycle-accident-lawyers/ 7% | /blog/motorcycle-accident-i-95-glynn-county-brunswick-darien/ 6% [retired] | /locations/georgia/darien/st-simons-island/ 4% [retired],/blog/motorcycle-accident-i-95-glynn-county-brunswick-darien/ 26% [retired] | /locations/georgia/darien/st-simons-island/ 17% [retired] | /car-accident-lawyers/darien-ga/ 10% [retired] | /locations/georgia/darien/brunswick/ 9% | /blog/st-simons-island-kings-way-motorcycle-accident-lawyer/ 9% [retired] | /locations/georgia/darien/ 8%,brunswick motorcycle accident lawyer (2360) | brunswick motorcycle accident attorney (970) | darien motorcycle accident lawyer (811) | brunswick ga motorcycle accident lawyer (462) | motorcycle wrecks lawyer brunswick georgia (411)
Savannah GA,x_construction,8612,0,18.3,1.0,3635,0,16.4,8898,0,19.5,1.0,54,1360,15.3,57,182,11.2,/construction-accident-lawyers/savannah-ga/ 81% [retired] | /workers-compensation-lawyers/savannah-ga/ 7% [retired] | /car-accident-lawyers/savannah-ga/ 6% [retired] | / 4% | /construction-accident-lawyers/highway-construction-zone/ 0%,13,False,,,,/construction-accident-lawyers/savannah-ga/ 30% [retired] | /practice-areas/savannah/construction-accident-lawyers/ 29% [retired] | /practice-areas/workers-compensation-lawyers/savannah-ga/ 6% [retired] | /car-accident-lawyers/savannah-ga/ 6% [retired] | / 5% | /practice-areas/construction-accident-lawyers/savannah-ga/ 5% [retired],/construction-accident-lawyers/savannah-ga/ 69% [retired] | /car-accident-lawyers/savannah-ga/ 9% [retired] | /practice-areas/workers-compensation-lawyers/savannah-ga/ 8% [retired] | /workers-compensation-lawyers/savannah-ga/ 8% [retired] | / 3% | /locations/georgia/savannah/?[param/GBP] 1%,savannah construction accident lawyer (1587) | construction accident attorney savannah ga (1275) | savannah construction accident attorney (1154) | construction accident lawyer savannah (895) | construction accident attorney savannah (715)
statewide GA,other,8568,0,42.7,6.15,478,0,18.6,139810,155,21.5,1.0,39171,196,18.5,152,41,13.1,/es/practice-areas/medical-malpractice-lawyers/ 15% | /blog/average-personal-injury-settlement-amounts/ 12% | /premises-liability-lawyers/inadequate-security/ 12% | /practice-areas/burn-injury-lawyers/chemical-burn-injury/ 12% [retired] | /es/practice-areas/nursing-home-abuse-lawyers/ 10%,30,False,,,,/practice-areas/albany/personal-injury-lawyers/ 15% [retired] | /practice-areas/macon/workers-compensation-lawyers/ 8% [retired] | /practice-areas/macon/personal-injury-lawyers/ 6% [retired] | /practice-areas/macon/dog-bite-lawyers/ 6% [retired] | /practice-areas/savannah/wrongful-death-lawyers/statute-of-limitations/ 4% [retired] | /blog/georgia-statute-of-limitations/ 3%,/practice-areas/burn-injury-lawyers/chemical-burn-injury/ 17% [retired] | /premises-liability-lawyers/inadequate-security/ 10% | /construction-accident-lawyers/scaffold-ladder-fall/ 8% | /blog/average-personal-injury-settlement-amounts/ 8% | /es/practice-areas/medical-malpractice-lawyers/ 8% | /product-liability-lawyers/dangerous-pharmaceutical-drug/ 6%,georgia statute of limitations lawyer (640) | georgia negligence lawyer (327) | products liability attorney in macon ga (300) | workers’ compensation attorney in macon ga (261) | injury claim lawyer albany ga (227)
Myrtle Beach SC,motorcycle,8484,0,23.1,1.0,5064,0,19.1,8493,0,23.1,1.0,307,1569,18.8,190,241,14.7,/motorcycle-accident-lawyers/myrtle-beach-sc/ 37% [retired] | /es/motorcycle-accident-lawyers/myrtle-beach-sc/ 32% [retired] | /locations/south-carolina/myrtle-beach/ 12% | /es/car-accident-lawyers/myrtle-beach-sc/ 5% [retired] | /locations/south-carolina/myrtle-beach/?[param/GBP] 4%,18,False,,,,/practice-areas/motorcycle-accident-lawyers/myrtle-beach-sc/ 35% [retired] | /motorcycle-accident-lawyers/myrtle-beach-sc/ 23% [retired] | /locations/south-carolina/myrtle-beach/ 15% | /es/motorcycle-accident-lawyers/myrtle-beach-sc/ 6% [retired] | /es/car-accident-lawyers/myrtle-beach-sc/ 4% [retired] | /locations/south-carolina/myrtle-beach/?[param/GBP] 3%,/motorcycle-accident-lawyers/myrtle-beach-sc/ 39% [retired] | /practice-areas/motorcycle-accident-lawyers/myrtle-beach-sc/ 19% [retired] | /es/motorcycle-accident-lawyers/myrtle-beach-sc/ 10% [retired] | /es/car-accident-lawyers/myrtle-beach-sc/ 7% [retired] | /locations/south-carolina/myrtle-beach/ 7% | /es/construction-accident-lawyers/myrtle-beach-sc/ 3% [retired],motorcycle accident lawyer in myrtle beach (1081) | myrtle beach motorcycle accident lawyer (929) | myrtle beach motorcycle accident attorney (865) | abogado de accidentes de motocicleta en myrtle beach (503) | motorcycle accident lawyer myrtle beach (455)
Darien GA,truck,8154,0,27.0,1.0,737,0,17.3,8490,0,27.3,1.0,117,228,16.3,75,35,6.9,/blog/darien-i-95-truck-accident-lawyer/ 43% [retired] | /blog/brunswick-i-95-truck-accident-lawyer/ 20% [retired] | /blog/eulonia-us-17-ocean-highway-rideshare-uber-accident-lawyer-mcintosh-county/ 6% [retired] | /blog/yamacraw-village-pedestrian-accident-lawyer/ 6% [retired] | /locations/georgia/darien/ 6%,23,False,,,/resources/logging-truck-accidents-us-17-mcintosh-glynn/,/practice-areas/brunswick/car-accident-lawyer/ 33% [retired] | /practice-areas/brunswick/truck-accident-lawyers/ 32% [retired] | /practice-areas/truck-accident-lawyers/ 5% | /blog/brunswick-i-95-truck-accident-lawyer/ 4% [retired] | /practice-areas/brunswick/personal-injury-lawyer/ 4% [retired] | /car-accident-lawyers/darien-ga/ 4% [retired],/car-accident-lawyers/darien-ga/ 22% [retired] | /blog/darien-i-95-truck-accident-lawyer/ 16% [retired] | /practice-areas/truck-accident-lawyers/ 13% | /blog/brunswick-i-95-truck-accident-lawyer/ 11% [retired] | /brunswick/personal-injury-lawyer/?[param/GBP] 8% [retired] | /locations/georgia/darien/ 7%,brunswick truck accident lawyer (2153) | truck accident attorney brunswick (879) | brunswick truck accident attorney (715) | truck accident lawyer brunswick (634) | darien truck accident lawyer (450)
Charleston SC,rideshare,8084,0,51.5,1.0,694,0,21.1,8700,0,50.1,1.0,719,207,15.7,21,11,4.7,/ 91% | /blog/best-car-accident-lawyer-ashley-river-road-greenwood-park-west-ashley/ 9% [retired],6,False,,,/blog/charleston-lyft-driver-ran-red-light-and-hit-my-car/ | /blog/charleston-rideshare-brake-failure-accident/ | /blog/what-are-my-legal-options-after-a-rideshare-crash-in-charleston/,/blog/legal-options-after-rideshare-crash-in-charleston/ 25% [retired] | /practice-areas/charleston/car-accident-lawyers/ 12% [retired] | /blog/charleston-lyft-driver-ran-red-light-and-hit-my-car/ 11% | /locations/south-carolina/charleston/?[param/GBP] 9% | /blog/charleston-rideshare-brake-failure-accident/ 8% | / 7%,/car-accident-lawyers/charleston-sc/ 54% [retired] | / 28% | /locations/south-carolina/charleston/?[param/GBP] 17% | /blog/charleston-lyft-driver-ran-red-light-and-hit-my-car/ 0% | /blog/best-car-accident-lawyer-ashley-river-road-greenwood-park-west-ashley/ 0% [retired] | /blog/mount-pleasant-johnnie-dodds-us-17-uninsured-motorist-lawyer/ 0% [retired],charleston rideshare accident lawyer (1341) | charleston uber accident lawyer (1086) | charleston rideshare accident attorney (1081) | charleston lyft accident lawyer (615) | charleston uber accident attorney (602)
Columbia SC,x_boating,8041,0,29.7,3.77,3097,0,13.9,8041,0,29.7,3.77,0,1082,11.3,22,156,7.7,/boating-accident-lawyers/columbia-sc/ 99% [retired] | /practice-areas/boating-accident-lawyers/ 1%,5,False,,,,/boating-accident-lawyers/columbia-sc/ 57% [retired] | /practice-areas/boating-accident-lawyers/ 32% | /practice-areas/maritime-injury-lawyers/columbia-sc/ 7% [retired] | /practice-areas/brunswick/boating-accident-lawyers/ 2% [retired] | /practice-areas/charleston/boating-accident-lawyers/ 1% [retired] | /boating-accident-lawyers/charleston-sc/ 0% [retired],/boating-accident-lawyers/columbia-sc/ 92% [retired] | /practice-areas/boating-accident-lawyers/ 7% | /practice-areas/maritime-injury-lawyers/ 0% | /blog/after-boat-accident-guide/ 0% | /locations/south-carolina/columbia/west-columbia/ 0% [retired],columbia boat accident lawyer (2364) | boat accident attorney columbia (1548) | columbia boat accident attorney (1399) | boat accident law firm columbia (1388) | boat accident lawyer columbia (702)
statewide SC,workers_comp,7978,1,68.7,1.0,1080,0,43.5,9931,6,59.0,1.0,179,219,24.8,128,49,32.1,/south-carolina-workers-compensation-lawyer/ 61% | / 24% | /practice-areas/workers-compensation-lawyers/ 6% | /workers-compensation-lawyers/myrtle-beach-sc/ 4% [retired] | /maritime-injury-lawyers/longshore-harbor-worker/ 2%,10,False,,/south-carolina-workers-compensation-lawyer/,/resources/how-much-does-south-carolina-workers-comp-pay/ | /resources/south-carolina-workers-comp-body-part-values/ | /resources/south-carolina-workers-comp-claim-denied/ | /resources/south-carolina-workers-comp-impairment-rating-mmi/,/practice-areas/charleston/workers-compensation-lawyer/ 74% [retired] | /south-carolina-workers-compensation-lawyer/ 6% | / 4% | /es/areas-de-practica/abogados-de-compensacion-de-trabajo/ 4% [retired] | /blog/dangerous-tools-garage/ 2% | /locations/south-carolina/charleston/?[param/GBP] 2%,/south-carolina-workers-compensation-lawyer/ 42% | / 14% | /greenville-sc-workers-compensation-lawyer/ 13% [retired] | /florence-sc-workers-compensation-lawyer/ 8% [retired] | /practice-areas/workers-compensation-lawyers/ 7% | /workers-compensation-lawyers/myrtle-beach-sc/ 4% [retired],south carolina workers compensation lawyer (1447) | south carolina workers compensation attorney (724) | south carolina workers comp lawyer (580) | south carolina workers compensation attorneys (387) | south carolina work injury lawyer (304)
North Charleston SC,x_nursing_home,7792,0,26.4,7.77,838,0,16.8,8588,0,25.6,5.25,4,278,15.1,1,49,10.2,/nursing-home-abuse-lawyers/charleston-sc/ 96% [retired] | /locations/south-carolina/north-charleston/goose-creek/ 2% [retired] | /nursing-home-abuse-lawyers/assisted-living-abuse/ 2%,7,False,,,,/practice-areas/charleston/nursing-home-abuse-attorneys/ 87% [retired] | /practice-areas/nursing-home-abuse-lawyers/north-charleston-sc/ 6% [retired] | /nursing-home-abuse-lawyers/north-charleston-sc/ 4% [retired] | /nursing-home-abuse-lawyers/charleston-sc/ 2% [retired] | /practice-areas/nursing-home-abuse-lawyers/ 0% | /practice-areas/nursing-home-abuse-attorneys/ 0% [retired],/practice-areas/charleston/nursing-home-abuse-attorneys/ 78% [retired] | /nursing-home-abuse-lawyers/charleston-sc/ 21% [retired] | /practice-areas/nursing-home-abuse-lawyers/ 0% | / 0% | /blog/category/nursing-home-abuse/ 0% [retired] | /locations/south-carolina/charleston/?[param/GBP] 0%,north charleston nursing home abuse lawyer (973) | north charleston nursing home abuse attorney (937) | goose creek nursing home abuse lawyer (704) | goose creek nursing home abuse attorney (685) | nursing home abuse attorney in charleston (676)
North Charleston SC,premises,7763,0,25.3,1.0,1723,0,18.6,7990,0,25.9,1.0,110,796,19.2,8,128,19.4,/slip-and-fall-lawyers/charleston-sc/ 41% [retired] | /premises-liability-lawyers/charleston-sc/ 19% [retired] | /slip-and-fall-lawyers/north-charleston-sc/ 17% [retired] | /es/car-accident-lawyers/north-charleston-sc/ 8% [retired] | /premises-liability-lawyers/north-charleston-sc/ 4% [retired],16,False,,,,/practice-areas/charleston/slip-and-fall-lawyer/ 17% [retired] | /slip-and-fall-lawyers/charleston-sc/ 16% [retired] | /locations/south-carolina/north-charleston/goose-creek/ 10% [retired] | /premises-liability-lawyers/north-charleston-sc/ 8% [retired] | /blog/mistakes-charleston-slip-and-fall-victims-make/ 7% | /practice-areas/premises-liability-lawyers/north-charleston-sc/ 5% [retired],/slip-and-fall-lawyers/charleston-sc/ 27% [retired] | /premises-liability-lawyers/north-charleston-sc/ 14% [retired] | /car-accident-lawyers/charleston-sc/ 9% [retired] | /es/car-accident-lawyers/north-charleston-sc/ 8% [retired] | /locations/south-carolina/north-charleston/ 7% | /locations/south-carolina/north-charleston/goose-creek/ 7% [retired],slip and fall accident lawyer in charleston (1290) | slip and fall accident attorney in charleston (1107) | slip and fall lawyer north charleston sc (672) | goose creek premises liability attorney (335) | goose creek slip and fall attorney (309)
Columbia SC,pedestrian,7687,2,28.7,1.8,3208,0,26.9,7689,2,28.7,1.8,0,1131,26.8,628,124,24.4,/pedestrian-accident-lawyers/columbia-sc/ 51% [retired] | /locations/south-carolina/columbia/ 46% | /electric-scooter-accident-lawyers/columbia-sc/ 2% [retired] | /blog/category/pedestrian-accident/ 1% [retired] | /locations/south-carolina/columbia/lexington/ 1% [retired],9,False,,,,/pedestrian-accident-lawyers/columbia-sc/ 42% [retired] | /locations/south-carolina/columbia/ 19% | /practice-areas/pedestrian-accident-lawyers/columbia-sc/ 14% [retired] | /blog/broad-river-road-pedestrian-accident-lawyer-harbison-columbia/ 6% [retired] | /practice-areas/car-accident-lawyers/columbia-sc/ 5% [retired] | /car-accident-lawyers/columbia-sc/ 5% [retired],/pedestrian-accident-lawyers/columbia-sc/ 58% [retired] | /locations/south-carolina/columbia/ 39% | /practice-areas/pedestrian-accident-lawyers/ 1% | /personal-injury-lawyers/columbia-sc/ 1% [retired] | /locations/south-carolina/columbia/lexington/ 0% [retired] | /blog/category/pedestrian-accident/ 0% [retired],columbia pedestrian accident lawyer (3649) | columbia pedestrian accident attorney (2715) | pedestrian accident lawyer columbia (334) | pedestrian accident lawyer columbia sc (308) | pedestrian accident lawyer west columbia (204)
Myrtle Beach SC,premises,7622,0,25.1,1.0,3813,0,24.7,7679,0,25.0,1.0,202,1315,23.8,289,205,19.4,/premises-liability-lawyers/myrtle-beach-sc/ 48% [retired] | /slip-and-fall-lawyers/myrtle-beach-sc/ 23% [retired] | /locations/south-carolina/myrtle-beach/ 18% | /locations/south-carolina/myrtle-beach/?[param/GBP] 5% | /es/workers-compensation-lawyers/myrtle-beach-sc/ 2% [retired],16,True,/locations/south-carolina/myrtle-beach/ (76%) | /es/locations/south-carolina/myrtle-beach/ (24%),,,/slip-and-fall-lawyers/myrtle-beach-sc/ 32% [retired] | /premises-liability-lawyers/myrtle-beach-sc/ 22% [retired] | /locations/south-carolina/myrtle-beach/ 21% | /practice-areas/slip-and-fall-lawyers/myrtle-beach-sc/ 9% [retired] | /locations/south-carolina/myrtle-beach/?[param/GBP] 3% | /locations/south-carolina/myrtle-beach/georgetown/historic-district/ 2% [retired],/slip-and-fall-lawyers/myrtle-beach-sc/ 40% [retired] | /premises-liability-lawyers/myrtle-beach-sc/ 28% [retired] | /locations/south-carolina/myrtle-beach/ 16% | /locations/south-carolina/myrtle-beach/?[param/GBP] 4% | /es/locations/south-carolina/myrtle-beach/ 4% | /es/construction-accident-lawyers/myrtle-beach-sc/ 4% [retired],myrtle beach slip and fall lawyer (974) | myrtle beach premises liability lawyer (824) | myrtle beach slip and fall attorney (760) | slip and fall lawyer myrtle beach (532) | premises liability lawyer myrtle beach sc (485)
Myrtle Beach SC,workers_comp,7544,1,15.6,1.0,4699,1,12.3,8066,1,15.8,1.0,43,1633,10.6,48,198,7.9,/workers-compensation-lawyers/myrtle-beach-sc/ 99% [retired] | /es/workers-compensation-lawyers/columbia-sc/ 0% [retired] | /es/workers-compensation-lawyers/darien-ga/ 0% [retired],8,False,,,,/workers-compensation-lawyers/myrtle-beach-sc/ 92% [retired] | /locations/south-carolina/myrtle-beach/ 1% | /practice-areas/charleston/workers-compensation-lawyer/ 1% [retired] | /es/locations/south-carolina/myrtle-beach/ 1% | /es/areas-de-practica/abogados-de-compensacion-de-trabajo/ 1% [retired] | /locations/south-carolina/myrtle-beach/?[param/GBP] 1%,/workers-compensation-lawyers/myrtle-beach-sc/ 96% [retired] | /es/locations/south-carolina/myrtle-beach/ 2% | /locations/south-carolina/myrtle-beach/?[param/GBP] 1% | /es/construction-accident-lawyers/myrtle-beach-sc/ 0% [retired] | /construction-accident-lawyers/myrtle-beach-sc/ 0% [retired] | /locations/south-carolina/myrtle-beach/ 0%,myrtle beach workers compensation lawyer (623) | workers compensation attorney myrtle beach (578) | abogado de compensación de trabajadores de myrtle beach (407) | north myrtle beach workers compensation lawyers (378) | north myrtle beach workers compensation lawyer (341)
statewide GA,dog_bite,7464,0,34.6,6.03,16,0,19.7,7531,0,34.6,6.03,0,3,40.7,1,2,39.5,/dog-bite-lawyers/dog-on-dog-attack/ 50% | /dog-bite-lawyers/savannah-ga/ 50% [retired],2,False,,,,/practice-areas/savannah/dog-bite-lawyers/ 35% [retired] | /practice-areas/albany/personal-injury-lawyers/ 22% [retired] | /practice-areas/macon/dog-bite-lawyers/ 18% [retired] | /practice-areas/albany/dog-bite-lawyers/ 18% [retired] | /practice-areas/dog-bite-lawyers/ 3% | /savannah/dog-bite-lawyers/ 2% [retired],/dog-bite-lawyers/loose-unleashed-dog-attack/ 44% | /dog-bite-lawyers/savannah-ga/ 19% [retired] | /dog-bite-lawyers/child-dog-bite/ 12% | /dog-bite-lawyers/dangerous-breed-attack/ 6% | /dog-bite-lawyers/dog-on-dog-attack/ 6% | /es/practice-areas/dog-bite-lawyers/ 6%,albany ga dog bite injuries attorney (2165) | georgia dog bite lawyer (869) | georgia dog bite attorney (450) | georgia dog bite lawyers (366) | dog bite attorney macon ga (302)
statewide GA,motorcycle,7298,0,50.1,2.07,861,0,48.1,7681,0,49.5,2.07,0,36,40.7,24,11,46.2,/practice-areas/motorcycle-accident-lawyers/ 73% | /locations/georgia/darien/woodbine/ 18% [retired] | /locations/georgia/darien/kingsland/ 9% [retired],4,False,,,,/practice-areas/macon/motorcycle-accident-lawyers/ 41% [retired] | /practice-areas/motorcycle-accident-lawyers/ 23% | /practice-areas/brunswick/motorcycle-accident-lawyers/ 17% [retired] | /practice-areas/albany/personal-injury-lawyers/ 10% [retired] | / 3% | /practice-areas/albany/motorcycle-accident-lawyers/ 3% [retired],/practice-areas/motorcycle-accident-lawyers/ 85% | / 8% | /locations/georgia/darien/woodbine/ 3% [retired] | /locations/georgia/darien/ 2% | /es/practice-areas/motorcycle-accident-lawyers/ 1% | /locations/georgia/darien/kingsland/ 0% [retired],motorcycle accident attorney macon ga (636) | georgia motorcycle accident lawyer (622) | motorcycle accident lawyer macon ga (524) | albany ga motorcycle accident lawyer (421) | georgia motorcycle accident attorney (345)
Columbia SC,workers_comp,7124,0,21.8,6.09,209,0,21.4,7402,0,21.8,6.09,0,34,22.6,13,7,16.9,/workers-compensation-lawyers/myrtle-beach-sc/ 57% [retired] | /es/workers-compensation-lawyers/columbia-sc/ 29% [retired] | /es/practice-areas/workers-compensation-lawyers/ 14%,8,False,,,,/workers-compensation-lawyers/columbia-sc/ 97% [retired] | /practice-areas/workers-compensation-lawyers/columbia-sc/ 2% [retired] | / 0% | /workers-compensation-lawyers/myrtle-beach-sc/ 0% [retired] | /locations/south-carolina/columbia/ 0% | /es/workers-compensation-lawyers/columbia-sc/ 0% [retired],/workers-compensation-lawyers/columbia-sc/ 72% [retired] | /workers-compensation-lawyers/myrtle-beach-sc/ 7% [retired] | /es/workers-compensation-lawyers/columbia-sc/ 5% [retired] | /es/practice-areas/workers-compensation-lawyers/ 4% | /es/construction-accident-lawyers/columbia-sc/ 2% [retired] | /locations/south-carolina/columbia/ 2%,columbia workers compensation lawyer (521) | columbia workers compensation attorney (377) | workers comp lawyer columbia (347) | workers compensation lawyer columbia (312) | workers compensation attorney columbia (275)
Savannah GA,rideshare,7011,0,40.1,6.9,1604,0,28.2,7348,0,39.8,6.9,23,561,33.4,113,42,21.2,/car-accident-lawyers/savannah-ga/ 100% [retired],6,False,,,,/car-accident-lawyers/savannah-ga/ 34% [retired] | /practice-areas/savannah/car-accident-lawyers/ 22% [retired] | /blog/dealing-with-uber-lyft-accident/ 18% | /locations/georgia/savannah/ 6% | /practice-areas/savannah/car-accident-lawyers/hit-and-run-accidents/ 5% [retired] | /slip-and-fall-lawyers/savannah-ga/ 3% [retired],/car-accident-lawyers/savannah-ga/ 78% [retired] | /locations/georgia/savannah/ 9% | /slip-and-fall-lawyers/savannah-ga/ 5% [retired] | /pedestrian-accident-lawyers/savannah-ga/ 3% [retired] | /locations/georgia/savannah/skidaway-island/ 3% [retired] | / 1%,savannah uber accident lawyer (1256) | savannah lyft accident lawyer (1161) | savannah uber accident attorney (1016) | savannah rideshare accident attorney (699) | savannah lyft accident attorney (648)
statewide SC,motorcycle,6860,0,46.8,1.33,3304,0,18.7,7267,0,45.8,1.33,230,1296,16.3,1186,177,13.6,/south-carolina-motorcycle-accident-lawyer/ 95% | / 4% | /motorcycle-accident-lawyers/charleston-sc/ 1% [retired],7,False,,/south-carolina-motorcycle-accident-lawyer/,/resources/south-carolina-motorcycle-accident-settlement-value/,/south-carolina-motorcycle-accident-lawyer/ 44% | /practice-areas/charleston/motorcycle-accident-lawyers/ 44% [retired] | /locations/south-carolina/charleston/?[param/GBP] 3% | /motorcycle-accident-lawyers/charleston-sc/ 3% [retired] | / 3% | /practice-areas/motorcycle-accident-lawyers/ 2%,/south-carolina-motorcycle-accident-lawyer/ 92% | /locations/south-carolina/charleston/?[param/GBP] 2% | / 2% | /practice-areas/motorcycle-accident-lawyers/ 1% | /motorcycle-accident-lawyers/charleston-sc/ 1% [retired] | /motorcycle-accident-lawyers/myrtle-beach-sc/ 0% [retired],south carolina motorcycle accident lawyer (2460) | south carolina motorcycle accident attorney (1244) | motorcycle accident attorney south carolina (741) | motorcycle accident lawyer south carolina (720) | motorcycle accident lawyer in sc (302)
statewide GA,x_boating,6674,0,58.3,7.92,276,0,87.2,6727,0,58.2,7.92,150,121,54.8,29,13,54.3,/boating-accident-lawyers/jet-ski-personal-watercraft/ 77% [retired] | /practice-areas/boating-accident-lawyers/ 23%,4,False,,,,/practice-areas/savannah/boating-accident-lawyers/ 33% [retired] | /practice-areas/macon/boating-accident-lawyers/ 25% [retired] | /practice-areas/brunswick/boating-accident-lawyers/ 11% [retired] | /practice-areas/albany/boating-accident-lawyers/ 9% [retired] | /blog/boating-safely-in-georgia/ 7% | /boating-accident-lawyers/jet-ski-personal-watercraft/ 4% [retired],/practice-areas/boating-accident-lawyers/ 51% | /boating-accident-lawyers/jet-ski-personal-watercraft/ 33% [retired] | /?[param/GBP] 9% | /practice-areas/maritime-injury-lawyers/ 4% | /boating-accident-lawyers/boating-under-influence/ 2% | /blog/after-boat-accident-guide/ 1%,georgia boating accident lawyer (2239) | georgia boating accident attorney (1635) | georgia boat accident lawyers (580) | georgia boat injury lawyer (550) | jet ski accident attorney duluth ga (377)
statewide SC,other,6456,0,40.2,4.28,450,0,24.5,26074,46,22.1,1.0,5752,186,21.0,133,38,15.6,/product-liability-lawyers/dangerous-pharmaceutical-drug/ 32% | / 13% | /class-action-lawyers/ 5% | /class-action-lawyers/stryker-hip-replacement/ 5% | /medical-malpractice-lawyers/medication-error/ 5%,27,False,,,,/practice-areas/medical-malpractice-lawyers/misdiagnosis-delayed-diagnosis/ 29% [retired] | /blog/benefits-for-workplace-violence/ 16% | /practice-areas/charleston/workers-compensation-lawyer/ 9% [retired] | /class-action-lawyers/defective-medical-devices/stryker-hip-implant-lawsuit/ 5% [retired] | / 4% | /es/areas-de-practica/abogados-de-compensacion-de-trabajo/ 4% [retired],/spinal-cord-injury-lawyers/cauda-equina-syndrome/ 16% | /practice-areas/medical-malpractice-lawyers/misdiagnosis-delayed-diagnosis/ 11% [retired] | /product-liability-lawyers/dangerous-pharmaceutical-drug/ 11% | / 9% | /medical-malpractice-lawyers/medication-error/ 7% | /class-action-lawyers/stryker-hip-replacement/ 6%,south carolina failure to diagnose stroke attorney (1847) | south carolina stryker metal lfit hips attorneys (368) | abogado de negligencia profesional en carolina del sur (323) | pharmacy liability lawyers in south carolina (246) | south carolina workplace violence lawyers (190)
none,x_atv_utv,6358,0,28.5,1.82,1397,0,19.0,8881,0,24.5,1.1,8,869,16.5,656,160,12.8,/atv-side-by-side-accident-lawyers/side-by-side-utv-accident/ 71% | /atv-side-by-side-accident-lawyers/charleston-sc/ 14% [retired] | /atv-side-by-side-accident-lawyers/child-atv-injury/ 9% | /atv-side-by-side-accident-lawyers/savannah-ga/ 4% [retired] | / 1%,12,False,,,,/practice-areas/atv-side-by-side-accident-lawyers/columbia-sc/ 48% [retired] | /atv-side-by-side-accident-lawyers/side-by-side-utv-accident/ 18% | /atv-side-by-side-accident-lawyers/columbia-sc/ 7% [retired] | /practice-areas/atv-side-by-side-accident-lawyers/side-by-side-utv-accident/ 6% [retired] | /atv-side-by-side-accident-lawyers/child-atv-injury/ 5% | /atv-side-by-side-accident-lawyers/savannah-ga/ 4% [retired],/atv-side-by-side-accident-lawyers/side-by-side-utv-accident/ 58% | /atv-side-by-side-accident-lawyers/child-atv-injury/ 13% | /atv-side-by-side-accident-lawyers/charleston-sc/ 11% [retired] | /atv-side-by-side-accident-lawyers/savannah-ga/ 8% [retired] | /atv-side-by-side-accident-lawyers/columbia-sc/ 2% [retired] | /practice-areas/atv-side-by-side-accident-lawyers/columbia-sc/ 2% [retired],atv accident lawyer (2268) | atv accident attorney (671) | utv rollover accident lawyer (460) | utv accident attorney (304) | atv & utv accident lawyer (292)
statewide GA,wrongful_death,6149,0,51.7,12.92,16,0,21.6,11685,0,49.6,4.32,0,7,15.7,1,1,25.0,/practice-areas/nursing-home-abuse-lawyers/wrongful-death-nursing-home/ 100% [retired],3,False,,,/blog/georgia-wrongful-death-lawsuit/,/practice-areas/macon/wrongful-death-lawyers/ 37% [retired] | /practice-areas/albany/personal-injury-lawyers/ 27% [retired] | /practice-areas/albany/wrongful-death-lawyers/ 13% [retired] | /practice-areas/albany/brain-injury-lawyers/ 7% [retired] | /practice-areas/macon/personal-injury-lawyers/ 5% [retired] | /practice-areas/albany/construction-accident-lawyers/ 4% [retired],/wrongful-death-lawyers/darien-ga/ 25% [retired] | /wrongful-death-lawyers/nursing-home-wrongful-death/ 25% | /es/practice-areas/wrongful-death-lawyers/ 12% | /practice-areas/nursing-home-abuse-lawyers/wrongful-death-nursing-home/ 12% [retired] | /practice-areas/wrongful-death-lawyers/ 12% | /locations/georgia/savannah/effingham-county/egypt/ 6% [retired],albany ga wrongful death lawyer (1890) | wrongful death attorney macon ga (1022) | albany ga wrongful death lawyers (717) | wrongful death lawyer macon ga (391) | wrongful death lawyer albany ga (330)
Darien GA,premises,6129,0,23.8,1.24,418,0,13.6,6897,0,24.0,1.24,53,149,10.7,58,37,7.3,/locations/georgia/darien/ 30% | /premises-liability-lawyers/darien-ga/ 27% [retired] | /slip-and-fall-lawyers/darien-ga/ 27% [retired] | /locations/georgia/darien/?[param/GBP] 8% | /maritime-injury-lawyers/darien-ga/ 3% [retired],10,False,,,,/practice-areas/brunswick/personal-injury-lawyer/ 41% [retired] | /practice-areas/personal-injury-lawyers/ 18% | /practice-areas/brunswick/slip-and-fall-lawyer/ 10% [retired] | /practice-areas/brunswick/car-accident-lawyer/ 6% [retired] | / 5% | /car-accident-lawyers/darien-ga/ 4% [retired],/car-accident-lawyers/darien-ga/ 40% [retired] | /locations/georgia/darien/ 18% | /premises-liability-lawyers/darien-ga/ 11% [retired] | /slip-and-fall-lawyers/darien-ga/ 10% [retired] | /locations/georgia/darien/brunswick/ 10% | /locations/georgia/darien/?[param/GBP] 6%,brunswick slip & fall law firm (878) | brunswick slip and fall lawyer (657) | slip and fall attorney brunswick ga (397) | trip and fall lawyer brunswick georgia (375) | slip and fall accident lawyer brunswick ga (351)
Myrtle Beach SC,dog_bite,6099,0,20.8,1.33,1704,0,17.9,6100,0,20.8,1.33,33,420,18.0,16,45,24.5,/dog-bite-lawyers/myrtle-beach-sc/ 87% [retired] | /locations/south-carolina/myrtle-beach/ 7% | /dog-bite-lawyers/savannah-ga/ 4% [retired] | /locations/south-carolina/myrtle-beach/georgetown/ 2% [retired],8,False,,,,/dog-bite-lawyers/myrtle-beach-sc/ 80% [retired] | /practice-areas/charleston/dog-bite-lawyers/ 8% [retired] | /practice-areas/dog-bite-lawyers/ 4% | /locations/south-carolina/myrtle-beach/ 2% | /practice-areas/dog-bite-lawyers/myrtle-beach-sc/ 2% [retired] | /practice-areas/savannah/dog-bite-lawyers/ 1% [retired],/dog-bite-lawyers/myrtle-beach-sc/ 96% [retired] | /locations/south-carolina/myrtle-beach/?[param/GBP] 1% | /practice-areas/dog-bite-lawyers/ 1% | /locations/south-carolina/myrtle-beach/ 1% | /dog-bite-lawyers/loose-unleashed-dog-attack/ 0% | /dog-bite-lawyers/charleston-sc/ 0% [retired],dog bite lawyer in myrtle beach (1437) | dog bite lawyer in conway (1378) | myrtle beach dog bite accident attorney (685) | myrtle beach dog bite accident lawyer (648) | dog bite lawyer myrtle beach (512)
Columbia SC,bicycle,6007,0,15.8,1.22,2458,0,18.2,6007,0,15.8,1.22,0,1141,17.9,166,220,14.2,/bicycle-accident-lawyers/columbia-sc/ 93% [retired] | /es/locations/south-carolina/columbia/ 2% | /locations/south-carolina/columbia/ 2% | /practice-areas/bicycle-accident-lawyers/ 1% | /es/bicycle-accident-lawyers/darien-ga/ 1% [retired],10,True,/locations/south-carolina/columbia/ (66%) | /es/locations/south-carolina/columbia/ (23%),,,/practice-areas/bicycle-accident-lawyers/columbia-sc/ 79% [retired] | /bicycle-accident-lawyers/columbia-sc/ 14% [retired] | /locations/south-carolina/columbia/ 3% | /locations/south-carolina/columbia/west-columbia/ 1% [retired] | /practice-areas/bicycle-accident-lawyers/ 1% | /es/locations/south-carolina/columbia/ 1%,/practice-areas/bicycle-accident-lawyers/columbia-sc/ 54% [retired] | /bicycle-accident-lawyers/columbia-sc/ 33% [retired] | /locations/south-carolina/columbia/ 6% | /practice-areas/bicycle-accident-lawyers/ 2% | /es/locations/south-carolina/columbia/ 2% | /bicycle-accident-lawyers/darien-ga/ 1% [retired],columbia bicycle accident lawyer (1932) | columbia bicycle accident attorney (1051) | bicycle accident attorney columbia (889) | bicycle accident lawyer columbia (588) | columbia bicycle accident law firm (413)
statewide SC,premises,5756,0,65.1,11.86,497,0,61.5,6203,0,65.1,6.31,0,71,28.3,5,11,8.8,/premises-liability-lawyers/charleston-sc/ 91% [retired] | /practice-areas/premises-liability-lawyers/ 9%,8,False,,,/resources/south-carolina-premises-liability-settlement-value/ | /resources/south-carolina-slip-and-fall-settlement-value/,/practice-areas/charleston/slip-and-fall-lawyer/ 68% [retired] | /practice-areas/premises-liability-lawyers/ 12% | /practice-areas/premises-liability-lawyers/columbia-sc/ 10% [retired] | /practice-areas/charleston/personal-injury-lawyer/ 2% [retired] | /premises-liability-lawyers/myrtle-beach-sc/ 2% [retired] | /practice-areas/premises-liability-lawyers/charleston-sc/ 1% [retired],/practice-areas/premises-liability-lawyers/ 73% | /premises-liability-lawyers/north-charleston-sc/ 7% [retired] | /slip-and-fall-lawyers/charleston-sc/ 6% [retired] | /practice-areas/premises-liability-lawyers/charleston-sc/ 5% [retired] | /premises-liability-lawyers/charleston-sc/ 4% [retired] | /practice-areas/slip-and-fall-lawyers/ 2%,south carolina slip and fall lawyer (883) | south carolina slip and fall attorney (709) | slip and fall attorney in south carolina (683) | slip and fall attorney south carolina (581) | south carolina premises liability lawyer (418)
statewide SC,x_nursing_home,5720,0,55.1,1.0,532,0,56.3,6075,0,53.6,1.0,11,168,45.2,146,20,45.4,/nursing-home-abuse-lawyers/nursing-home-neglect/ 45% | /practice-areas/nursing-home-abuse-lawyers/ 45% | /nursing-home-abuse-lawyers/medication-error-nursing-home/ 5% | /practice-areas/nursing-home-abuse-lawyers/physical-abuse-nursing-home/ 5% [retired],9,True,/practice-areas/nursing-home-abuse-lawyers/ (51%) | /nursing-home-abuse-lawyers/nursing-home-neglect/ (48%),,,/practice-areas/charleston/nursing-home-abuse-attorneys/ 53% [retired] | /practice-areas/savannah/nursing-home-abuse-attorneys/bedsores/ 14% [retired] | /practice-areas/nursing-home-abuse-lawyers/ 11% | /practice-areas/savannah/nursing-home-abuse-attorneys/malnutrition-and-dehydration/ 9% [retired] | /nursing-home-abuse-lawyers/nursing-home-neglect/ 5% | /practice-areas/nursing-home-abuse-lawyers/bedsore-pressure-ulcer/ 2% [retired],/practice-areas/nursing-home-abuse-lawyers/ 60% | /nursing-home-abuse-lawyers/nursing-home-neglect/ 25% | / 3% | /locations/south-carolina/charleston/seabrook-island/ 2% [retired] | /nursing-home-abuse-lawyers/columbia-sc/ 2% [retired] | /nursing-home-abuse-lawyers/medication-error-nursing-home/ 2%,south carolina nursing home malnutrition & dehydration attorneys (729) | nursing home neglect lawyer south carolina (585) | south carolina nursing home abuse lawyer (520) | south carolina nursing home overmedication attorneys (327) | south carolina nursing home abuse attorney (310)
Myrtle Beach SC,truck,5573,0,20.2,1.0,1088,0,16.8,5757,0,20.1,1.0,338,424,14.6,28,72,10.7,/es/truck-accident-lawyers/myrtle-beach-sc/ 51% [retired] | /es/car-accident-lawyers/myrtle-beach-sc/ 17% [retired] | /locations/south-carolina/myrtle-beach/?[param/GBP] 12% | /locations/south-carolina/myrtle-beach/little-river/ 6% [retired] | /locations/south-carolina/myrtle-beach/ 6%,20,False,,,/resources/georgetown-county-us-17-truck-accidents/ | /resources/highway-22-truck-accidents-conway-bypass/ | /resources/us-17-sc-544-truck-accidents-surfside-beach/,/truck-accident-lawyers/myrtle-beach-sc/ 65% [retired] | /locations/south-carolina/myrtle-beach/ 12% | /es/truck-accident-lawyers/myrtle-beach-sc/ 7% [retired] | /locations/south-carolina/myrtle-beach/?[param/GBP] 6% | /es/car-accident-lawyers/myrtle-beach-sc/ 4% [retired] | /es/construction-accident-lawyers/myrtle-beach-sc/ 1% [retired],/es/truck-accident-lawyers/myrtle-beach-sc/ 35% [retired] | /locations/south-carolina/myrtle-beach/?[param/GBP] 19% | /es/car-accident-lawyers/myrtle-beach-sc/ 19% [retired] | /locations/south-carolina/myrtle-beach/ 9% | /es/construction-accident-lawyers/myrtle-beach-sc/ 5% [retired] | /truck-accident-lawyers/myrtle-beach-sc/ 2% [retired],truck accident lawyer in myrtle beach (908) | truck accident lawyer in conway (725) | myrtle beach truck accident lawyer (618) | myrtle beach truck accident attorney (520) | mejor abogado de accidentes de camiones myrtle beach (334)
Darien GA,med_mal,5533,0,21.9,1.0,356,0,31.7,8170,0,19.6,1.0,114,82,19.0,14,2,8.0,/medical-malpractice-lawyers/darien-ga/ 50% [retired] | /brunswick/personal-injury-lawyer/?[param/GBP] 50% [retired],4,False,,,,/practice-areas/brunswick/medical-malpractice-attorney/ 61% [retired] | /practice-areas/brunswick/personal-injury-lawyer/ 8% [retired] | /practice-areas/medical-malpractice-attorneys/ 5% [retired] | /car-accident-lawyers/darien-ga/ 4% [retired] | /practice-areas/savannah/medical-malpractice-attorneys/ 3% [retired] | /medical-malpractice-lawyers/darien-ga/ 3% [retired],/medical-malpractice-lawyers/darien-ga/ 47% [retired] | /car-accident-lawyers/darien-ga/ 29% [retired] | /brunswick/personal-injury-lawyer/?[param/GBP] 16% [retired] | /locations/georgia/darien/brunswick/ 4% | /medical-malpractice-lawyers/savannah-ga/ 2% [retired] | /practice-areas/medical-malpractice-lawyers/darien-ga/ 1% [retired],"hospital negligence attorney brunswick georgia (1948) | brunswick medical malpractice lawyer (414) | medical malpractice attorney brunswick ga (400) | birth injuries attorney brunswick georgia (383) | brunswick, ga medical malpractice lawyer (382)"
Columbia SC,x_construction,5437,0,8.2,1.1,1748,0,8.4,5437,0,8.2,1.1,0,679,10.1,4,60,7.6,/construction-accident-lawyers/columbia-sc/ 100% [retired],4,False,,,,/practice-areas/construction-accident-lawyers/columbia-sc/ 59% [retired] | /construction-accident-lawyers/columbia-sc/ 37% [retired] | /practice-areas/construction-accident-lawyers/ 2% | /pedestrian-accident-lawyers/columbia-sc/ 0% [retired] | /workers-compensation-lawyers/columbia-sc/ 0% [retired] | /practice-areas/car-accident-lawyers/columbia-sc/ 0% [retired],/construction-accident-lawyers/columbia-sc/ 98% [retired] | /practice-areas/construction-accident-lawyers/ 2% | /construction-accident-lawyers/savannah-ga/ 0% [retired] | /car-accident-lawyers/columbia-sc/ 0% [retired],columbia construction accident lawyer (1400) | columbia construction accident attorney (1090) | construction accident attorney columbia (690) | construction accident lawyer columbia (675) | construction accident law firm columbia (462)
Savannah GA,x_boating,5111,1,20.5,1.43,1223,0,28.2,5657,1,22.6,1.43,18,397,28.5,90,38,19.4,/boating-accident-lawyers/savannah-ga/ 63% [retired] | /maritime-injury-lawyers/savannah-ga/ 24% [retired] | /practice-areas/boating-accident-lawyers/ 8% | /boating-accident-lawyers/dock-marina-injury/ 3% | /car-accident-lawyers/savannah-ga/ 3% [retired],9,False,,,,/practice-areas/savannah/boating-accident-lawyers/ 22% [retired] | /boating-accident-lawyers/savannah-ga/ 19% [retired] | /maritime-injury-lawyers/savannah-ga/ 14% [retired] | /practice-areas/savannah/maritime-lawyers/ 10% [retired] | /practice-areas/boating-accident-lawyers/ 7% | / 7%,/boating-accident-lawyers/savannah-ga/ 49% [retired] | /maritime-injury-lawyers/savannah-ga/ 29% [retired] | /car-accident-lawyers/savannah-ga/ 8% [retired] | /locations/georgia/savannah/ 7% | /practice-areas/boating-accident-lawyers/ 5% | /locations/georgia/savannah/?[param/GBP] 1%,savannah boat accident lawyer (1711) | savannah boat accident attorney (1235) | boat accident lawyer savannah ga (670) | savannah boat accidents lawyer (594) | savannah boat accidents attorney (572)
statewide SC,dog_bite,5052,0,38.3,3.51,338,0,21.3,5766,0,40.0,3.51,13,171,17.7,1,25,10.1,/dog-bite-lawyers/charleston-sc/ 100% [retired],3,False,,,,/practice-areas/charleston/dog-bite-lawyers/ 87% [retired] | /dog-bite-lawyers/charleston-sc/ 7% [retired] | / 2% | /practice-areas/dog-bite-lawyers/ 1% | /practice-areas/savannah/dog-bite-lawyers/ 1% [retired] | /blog/dog-bite-laws-south-carolina-charleston/ 0%,/dog-bite-lawyers/charleston-sc/ 74% [retired] | / 8% | /practice-areas/dog-bite-lawyers/ 5% | /blog/dog-bite-laws-south-carolina-charleston/ 3% | /locations/south-carolina/charleston/?[param/GBP] 3% | /es/practice-areas/dog-bite-lawyers/ 2%,south carolina dog bite lawyer (1678) | south carolina dog bite attorney (1102) | dog bite lawyer south carolina (679) | dog bite attorney south carolina (313) | south carolina dog bite lawyer near me (280)
statewide GA,x_nursing_home,4934,0,56.4,9.0,75,0,57.6,5093,0,55.5,5.28,0,28,43.2,21,6,20.2,/practice-areas/nursing-home-abuse-lawyers/ 50% | /nursing-home-abuse-lawyers/assisted-living-abuse/ 17% | /practice-areas/nursing-home-abuse-lawyers/physical-abuse-nursing-home/ 17% [retired] | /practice-areas/nursing-home-abuse-lawyers/wrongful-death-nursing-home/ 17% [retired],8,False,,,,/practice-areas/savannah/nursing-home-abuse-attorneys/ 76% [retired] | /practice-areas/macon/nursing-home-abuse-attorneys/ 5% [retired] | /blog/choking-at-nursing-homes/ 3% | /practice-areas/savannah/nursing-home-abuse-attorneys/bedsores/ 2% [retired] | /practice-areas/albany/ 2% [retired] | /practice-areas/nursing-home-abuse-lawyers/ 2%,/practice-areas/nursing-home-abuse-lawyers/ 56% | /nursing-home-abuse-lawyers/nursing-home-neglect/ 23% | /practice-areas/nursing-home-abuse-lawyers/bedsore-pressure-ulcer/ 11% [retired] | /nursing-home-abuse-lawyers/savannah-ga/ 4% [retired] | /construction-accident-lawyers/scaffold-ladder-fall/ 1% | /nursing-home-abuse-lawyers/assisted-living-abuse/ 1%,georgia nursing home abuse lawyer (1517) | georgia nursing home abuse lawyers (1104) | georgia nursing home abuse attorney (886) | albany ga nursing home neglect attorney (172) | georgia nursing home bedsores lawyer (151)
statewide GA,x_construction,4833,0,44.2,4.34,38,0,36.9,5636,0,41.5,1.0,0,14,18.5,5,8,9.8,/construction-accident-lawyers/savannah-ga/ 62% [retired] | /workers-compensation-lawyers/third-party-workplace-injury/ 38%,4,False,,,,/practice-areas/savannah/construction-accident-lawyers/ 49% [retired] | /practice-areas/macon/construction-accident-lawyers/ 19% [retired] | /practice-areas/albany/construction-accident-lawyers/ 17% [retired] | /practice-areas/albany/personal-injury-lawyers/ 7% [retired] | /macon/construction-accident-lawyers/ 2% [retired] | /practice-areas/construction-accident-lawyers/savannah-ga/ 1% [retired],/practice-areas/construction-accident-lawyers/ 53% | /construction-accident-lawyers/savannah-ga/ 32% [retired] | /workers-compensation-lawyers/third-party-workplace-injury/ 8% | /construction-accident-lawyers/darien-ga/ 5% [retired] | /maritime-injury-lawyers/longshore-harbor-worker/ 3%,georgia construction accident attorney (1335) | georgia construction accident lawyer (1173) | georgia construction accident lawyers (477) | construction accident lawyer albany ga (421) | construction accident attorney albany ga (402)
Columbia SC,wrongful_death,4551,0,15.1,4.44,632,0,9.0,4602,0,15.1,4.44,0,18,19.1,0,1,53.0,/practice-areas/nursing-home-abuse-lawyers/wrongful-death-nursing-home/ 100% [retired],4,False,,,,/wrongful-death-lawyers/columbia-sc/ 86% [retired] | /locations/south-carolina/columbia/blythewood/ 13% [retired] | /south-carolina-wrongful-death-lawyer/ 0% | /locations/south-carolina/columbia/lexington/ 0% [retired] | /practice-areas/wrongful-death-lawyers/ 0% | /locations/south-carolina/columbia/ 0%,/locations/south-carolina/columbia/blythewood/ 92% [retired] | /south-carolina-wrongful-death-lawyer/ 2% | /locations/south-carolina/columbia/lexington/ 2% [retired] | /practice-areas/wrongful-death-lawyers/ 1% | /wrongful-death-lawyers/columbia-sc/ 1% [retired] | /product-liability-lawyers/columbia-sc/ 1% [retired],columbia wrongful death lawyer (1186) | columbia wrongful death attorney (1044) | wrongful death lawyer columbia (303) | wrongful death attorney columbia (244) | wrongful death lawyer columbia sc (140)
Charleston SC,x_scooter,4402,0,20.6,1.43,1580,0,28.2,4402,0,20.6,1.43,619,493,25.3,161,64,14.6,/electric-scooter-accident-lawyers/charleston-sc/ 31% [retired] | / 27% | /electric-scooter-accident-lawyers/north-charleston-sc/ 22% [retired] | /electric-scooter-accident-lawyers/columbia-sc/ 8% [retired] | /electric-scooter-accident-lawyers/escooter-pedestrian-accident/ 6%,9,True,/electric-scooter-accident-lawyers/escooter-pedestrian-accident/ (45%) | /electric-scooter-accident-lawyers/escooter-vehicle-collision/ (38%),,,/ 17% | /locations/south-carolina/charleston/?[param/GBP] 14% | /practice-areas/electric-scooter-accident-lawyers/charleston-sc/ 11% [retired] | /electric-scooter-accident-lawyers/charleston-sc/ 8% [retired] | /electric-scooter-accident-lawyers/north-charleston-sc/ 8% [retired] | /electric-scooter-accident-lawyers/escooter-pedestrian-accident/ 7%,/electric-scooter-accident-lawyers/charleston-sc/ 19% [retired] | /electric-scooter-accident-lawyers/north-charleston-sc/ 17% [retired] | / 16% | /electric-scooter-accident-lawyers/escooter-pedestrian-accident/ 15% | /electric-scooter-accident-lawyers/escooter-vehicle-collision/ 11% | /practice-areas/electric-scooter-accident-lawyers/charleston-sc/ 8% [retired],scooter accident lawyer charleston (1520) | electric scooter accident attorney charleston (1484) | electric scooter accident lawyer charleston (1398)
statewide SC,med_mal,4357,0,19.0,1.0,579,0,29.4,7183,2,27.4,1.0,716,231,12.8,197,135,11.5,/blog/emergency-room-errors-charleston-misdiagnosis-malpractice/ 92% | / 4% | /practice-areas/medical-malpractice-lawyers/ 2% | /blog/hipaa-violation-lawyer/ 2%,6,False,,,/blog/medical-malpractice-limits-south-carolina/,/practice-areas/medical-malpractice-lawyers/misdiagnosis-delayed-diagnosis/ 51% [retired] | / 17% | /locations/south-carolina/charleston/?[param/GBP] 8% | /practice-areas/charleston/medical-malpractice-attorney/ 7% [retired] | /blog/emergency-room-errors-charleston-misdiagnosis-malpractice/ 5% | /practice-areas/medical-malpractice-lawyers/ 4%,/blog/emergency-room-errors-charleston-misdiagnosis-malpractice/ 32% | /practice-areas/medical-malpractice-lawyers/ 27% | / 19% | /locations/south-carolina/charleston/?[param/GBP] 7% | /practice-areas/medical-malpractice-lawyers/misdiagnosis-delayed-diagnosis/ 7% [retired] | /blog/hipaa-violation-lawyer/ 2%,south carolina stroke misdiagnosis lawyer (2372) | south carolina malpractice lawyers (413) | south carolina medical malpractice lawyer (389) | south carolina medical malpractice attorney (373) | south carolina medical malpractice lawyers (149)
Columbia SC,dog_bite,4222,0,17.3,8.83,1098,0,16.9,4238,0,17.3,8.81,0,251,14.4,4,21,16.5,/dog-bite-lawyers/columbia-sc/ 86% [retired] | /dog-bite-lawyers/savannah-ga/ 10% [retired] | /workers-compensation-lawyers/charleston-sc/ 5% [retired],5,False,,,,/dog-bite-lawyers/columbia-sc/ 93% [retired] | /practice-areas/charleston/dog-bite-lawyers/ 4% [retired] | /practice-areas/dog-bite-lawyers/ 3% | /dog-bite-lawyers/savannah-ga/ 0% [retired] | /dog-bite-lawyers/loose-unleashed-dog-attack/ 0% | /locations/south-carolina/columbia/ 0%,/dog-bite-lawyers/columbia-sc/ 95% [retired] | /practice-areas/dog-bite-lawyers/ 3% | /dog-bite-lawyers/savannah-ga/ 1% [retired] | /dog-bite-lawyers/loose-unleashed-dog-attack/ 0% | /locations/south-carolina/columbia/ 0% | /workers-compensation-lawyers/charleston-sc/ 0% [retired],columbia dog bite attorney (834) | dog bite attorney columbia (803) | dog bite lawyer columbia (771) | columbia dog bite lawyer (649) | dog bite law firm columbia (275)
Columbia SC,x_nursing_home,4139,0,27.1,6.84,2378,0,23.4,4139,0,27.1,6.84,0,1255,19.0,108,290,13.4,/nursing-home-abuse-lawyers/columbia-sc/ 98% [retired] | /practice-areas/nursing-home-abuse-lawyers/ 1% | /nursing-home-abuse-lawyers/savannah-ga/ 0% [retired],7,False,,,,/practice-areas/nursing-home-abuse-lawyers/columbia-sc/ 53% [retired] | /nursing-home-abuse-lawyers/columbia-sc/ 28% [retired] | /practice-areas/nursing-home-abuse-lawyers/ 10% | /nursing-home-abuse-lawyers/nursing-home-neglect/ 4% | /practice-areas/charleston/nursing-home-abuse-attorneys/ 4% [retired] | /practice-areas/nursing-home-abuse-attorneys/ 0% [retired],/nursing-home-abuse-lawyers/columbia-sc/ 48% [retired] | /practice-areas/nursing-home-abuse-lawyers/columbia-sc/ 40% [retired] | /practice-areas/nursing-home-abuse-lawyers/ 11% | /wrongful-death-lawyers/nursing-home-wrongful-death/ 0% | /nursing-home-abuse-lawyers/nursing-home-neglect/ 0% | /medical-malpractice-lawyers/medication-error/ 0%,columbia nursing home abuse lawyer (510) | columbia nursing home abuse attorney (427) | nursing home abuse law firm columbia (368) | columbia nursing home neglect attorney (342) | columbia nursing home neglect lawyer (339)
North Charleston SC,x_boating,4053,0,15.5,2.85,430,0,16.7,4068,0,15.5,2.85,42,111,12.2,3,20,10.4,/boating-accident-lawyers/charleston-sc/ 80% [retired] | /locations/south-carolina/north-charleston/goose-creek/ 10% [retired] | /truck-accident-lawyers/charleston-sc/ 10% [retired],7,False,,,,/practice-areas/charleston/boating-accident-lawyers/ 36% [retired] | /boating-accident-lawyers/charleston-sc/ 22% [retired] | /practice-areas/boating-accident-lawyers/ 17% | /boating-accident-lawyers/north-charleston-sc/ 10% [retired] | / 5% | /charleston/boating-accident-lawyers/ 3% [retired],/boating-accident-lawyers/charleston-sc/ 56% [retired] | / 16% | /boating-accident-lawyers/north-charleston-sc/ 15% [retired] | /practice-areas/boating-accident-lawyers/ 10% | /locations/south-carolina/charleston/?[param/GBP] 1% | /locations/south-carolina/north-charleston/ 1%,boating accident lawyers in charleston south carolina (1172) | boating accident attorneys in charleston south carolina (1145) | goose creek boat accident lawyer (417) | goose creek boat accident attorney (346) | goose creek boating accident attorney (342)
none,rideshare,3864,0,19.6,1.0,986,0,7.1,10977,1,37.7,1.0,1394,353,5.1,37,39,10.1,/ 72% | /car-accident-lawyers/savannah-ga/ 15% [retired] | /blog/charleston-lyft-driver-ran-red-light-and-hit-my-car/ 3% | /blog/columbia-airport-expressway-us-378-truck-accident-springdale-lexington-county/ 3% [retired] | /blog/i-16-port-freight-truck-accident-garden-city-savannah/ 3% [retired],12,False,,,,/ 28% | /locations/georgia/savannah/?[param/GBP] 15% | /locations/south-carolina/myrtle-beach/?[param/GBP] 14% | /practice-areas/macon/car-accident-lawyers/ 11% [retired] | /car-accident-lawyers/rideshare-uber-accident/ 8% | /locations/south-carolina/charleston/?[param/GBP] 7%,/ 43% | /locations/south-carolina/myrtle-beach/?[param/GBP] 26% | /locations/georgia/savannah/?[param/GBP] 12% | /locations/south-carolina/charleston/?[param/GBP] 11% | /es/blog/eulonia-us-17-ocean-highway-rideshare-uber-accident-lawyer-mcintosh-county/ 2% [retired] | /blog/five-points-columbia-uber-accident-lawyer/ 2% [retired],rideshare accident lawyer (1142) | rideshare accident lawyer near me (465) | uber accident lawyer (314) | rideshare accident attorney (159) | uber accident attorney (150)
statewide GA,x_brain_spinal,3744,0,33.1,2.4,76,0,182.3,3833,0,33.1,2.4,122,22,14.3,9,6,11.5,/es/practice-areas/brain-injury-lawyers/ 50% | /practice-areas/brain-injury-lawyers/closed-head-injury/ 33% [retired] | /medical-malpractice-lawyers/anesthesia-error/ 17%,9,False,,,,/practice-areas/macon/spinal-cord-injury-lawyers/ 79% [retired] | /practice-areas/macon/personal-injury-lawyers/ 9% [retired] | /?[param/GBP] 3% | /practice-areas/spinal-cord-injury-lawyers/ 2% | /macon/personal-injury-lawyers/ 1% [retired] | /practice-areas/macon/workers-compensation-lawyers/ 1% [retired],/?[param/GBP] 59% | /brain-injury-lawyers/darien-ga/ 9% [retired] | /es/practice-areas/brain-injury-lawyers/ 8% | /practice-areas/spinal-cord-injury-lawyers/ 5% | /practice-areas/brain-injury-lawyers/closed-head-injury/ 3% [retired] | /practice-areas/spinal-cord-injury-lawyers/charleston-sc/ 3% [retired],spinal cord injury lawyer macon ga (454) | spinal injury lawyer macon ga (371) | spinal injury attorney macon ga (362) | spinal cord injury attorney macon ga (341) | spinal cord injury attorney georgia (304)
statewide SC,wrongful_death,3694,0,57.4,29.43,914,0,56.8,4425,0,59.5,2.71,0,245,51.8,245,18,44.7,/south-carolina-wrongful-death-lawyer/ 100%,1,False,,/south-carolina-wrongful-death-lawyer/,/resources/south-carolina-wrongful-death-settlement-value/,/practice-areas/charleston/wrongful-death-lawyers/ 69% [retired] | /south-carolina-wrongful-death-lawyer/ 24% | /wrongful-death-lawyers/charleston-sc/ 2% [retired] | /practice-areas/wrongful-death-lawyers/ 1% | /who-we-are/attorneys/ 1% [retired] | / 1%,/south-carolina-wrongful-death-lawyer/ 98% | /practice-areas/wrongful-death-lawyers/ 1% | /blog/contingency-fee-system/ 0% | /practice-areas/truck-accident-lawyers/ 0% | /resources/south-carolina-wrongful-death-settlement-value/ 0% | /wrongful-death-lawyers/charleston-sc/ 0% [retired],south carolina wrongful death lawyer (862) | south carolina wrongful death attorney (823) | wrongful death attorney south carolina (408) | wrongful death lawyer in south carolina (279) | wrongful death lawyer south carolina (243)
Darien GA,x_brain_spinal,3686,0,17.6,1.0,180,0,19.0,4503,0,19.7,1.0,234,74,20.7,24,16,4.5,/brain-injury-lawyers/darien-ga/ 38% [retired] | /car-accident-lawyers/darien-ga/ 38% [retired] | /locations/georgia/darien/?[param/GBP] 19% | /locations/georgia/darien/ 6%,6,False,,,,/practice-areas/brunswick/brain-injury-lawyers/ 18% [retired] | /practice-areas/brunswick/personal-injury-lawyer/ 17% [retired] | /practice-areas/personal-injury-lawyers/ 14% | /practice-areas/brunswick/spinal-cord-injury-lawyers/ 11% [retired] | /practice-areas/spinal-cord-injury-lawyers/ 7% | / 7%,/brain-injury-lawyers/darien-ga/ 26% [retired] | /locations/georgia/darien/ 17% | /practice-areas/spinal-cord-injury-lawyers/ 15% | /car-accident-lawyers/darien-ga/ 11% [retired] | /brunswick/personal-injury-lawyer/?[param/GBP] 9% [retired] | /locations/georgia/darien/?[param/GBP] 7%,brain injuries lawyer brunswick georgia (476) | spinal cord injuries lawyer brunswick georgia (427) | spinal cord injuries attorney brunswick georgia (424) | brain injuries attorney brunswick georgia (412) | traumatic brain injury attorney brunswick georgia (400)
statewide GA,med_mal,3684,0,36.4,1.0,93,0,30.5,6201,0,36.3,1.0,13,32,22.5,14,7,37.4,/locations/georgia/darien/woodbine/ 29% [retired] | /medical-malpractice-lawyers/savannah-ga/ 29% [retired] | /medical-malpractice-lawyers/informed-consent-failure/ 14% | /practice-areas/medical-malpractice-lawyers/ 14% | /practice-areas/medical-malpractice-lawyers/misdiagnosis-delayed-diagnosis/ 14% [retired],10,False,,,/blog/medical-malpractice-limits-georgia/,/albany/medical-malpractice-attorney/ 16% [retired] | /practice-areas/albany/medical-malpractice-attorney/ 16% [retired] | /practice-areas/albany/personal-injury-lawyers/ 10% [retired] | /blog/is-there-a-limit-for-medical-negligence-claims/ 9% [retired] | /practice-areas/savannah/medical-malpractice-attorneys/ 6% [retired] | /practice-areas/savannah/medical-malpractice-attorneys/dental-negligence/ 6% [retired],/locations/georgia/darien/woodbine/ 28% [retired] | /practice-areas/medical-malpractice-lawyers/ 20% | /es/practice-areas/medical-malpractice-lawyers/ 10% | /blog/medical-malpractice-limits-georgia/ 10% | /brunswick/personal-injury-lawyer/?[param/GBP] 9% [retired] | /practice-areas/medical-malpractice-lawyers/misdiagnosis-delayed-diagnosis/ 8% [retired],medical malpractice lawyer albany ga (474) | medical malpractice attorney in albany ga (369) | georgia stroke misdiagnosis lawyer (312) | medical malpractice attorney albany ga (290) | personal injury lawyer medical malpractice albany ga (224)
Columbia SC,x_burn,3470,0,11.5,2.9,1627,0,9.7,3472,0,11.5,2.9,0,549,10.9,18,86,9.0,/burn-injury-lawyers/columbia-sc/ 99% [retired] | /practice-areas/burn-injury-lawyers/ 1%,3,False,,,,/burn-injury-lawyers/columbia-sc/ 66% [retired] | /practice-areas/burn-injury-lawyers/columbia-sc/ 23% [retired] | /practice-areas/burn-injury-lawyers/ 9% | /locations/south-carolina/columbia/ 1% | /practice-areas/charleston/burn-injury-lawyers/ 1% [retired] | / 0%,/burn-injury-lawyers/columbia-sc/ 97% [retired] | /practice-areas/burn-injury-lawyers/ 3% | /locations/south-carolina/columbia/ 0% | / 0%,columbia burn injury lawyer (670) | burn injury attorney columbia (589) | columbia burn injury attorney (562) | burn injury lawyer columbia (491) | burn injury law firm columbia (482)
statewide GA,bicycle,3161,0,62.5,15.3,115,0,25.6,3384,0,62.5,15.3,0,31,23.0,9,5,16.8,/bicycle-accident-lawyers/darien-ga/ 60% [retired] | /practice-areas/e-bike-accident-lawyers/ 40%,3,False,,,/blog/safe-bike-riding-georgias-roadways/,/practice-areas/savannah/car-accident-lawyers/bike-accidents/ 88% [retired] | /practice-areas/bicycle-accident-lawyers/ 4% | /practice-areas/macon/motorcycle-accident-lawyers/ 3% [retired] | /bicycle-accident-lawyers/darien-ga/ 2% [retired] | / 1% | /blog/contingency-fee-system/ 0%,/practice-areas/bicycle-accident-lawyers/ 65% | /bicycle-accident-lawyers/darien-ga/ 19% [retired] | / 14% | /practice-areas/e-bike-accident-lawyers/ 2%,georgia bicycle accident lawyer (913) | georgia bicycle accident lawyers (716) | georgia bicycle accident attorney (374) | bicycle accident attorney georgia (284) | bicycle accident lawyer georgia (123)
statewide GA,x_burn,3140,0,53.5,17.8,142,0,35.8,3144,0,53.5,17.8,8,36,36.4,33,3,32.3,/practice-areas/burn-injury-lawyers/ 100%,4,False,,,,/practice-areas/savannah/burn-injury-lawyers/ 58% [retired] | /practice-areas/burn-injury-lawyers/ 18% | /practice-areas/macon/burn-injury-lawyers/ 8% [retired] | /practice-areas/brunswick/burn-injury-lawyers/ 7% [retired] | /practice-areas/macon/personal-injury-lawyers/ 6% [retired] | /practice-areas/burn-injury-lawyers/savannah-ga/ 1% [retired],/practice-areas/burn-injury-lawyers/ 96% | /burn-injury-lawyers/savannah-ga/ 1% [retired] | /practice-areas/burn-injury-lawyers/chemical-burn-injury/ 1% [retired] | /burn-injury-lawyers/electrical-burn-injury/ 1% | /practice-areas/burn-injury-lawyers/workplace-burn-injury/ 1% [retired],georgia burn injury attorney (812) | georgia burn injury lawyer (771) | burn injury lawyer georgia (558) | burn injury attorney georgia (269) | burn injury attorney macon ga (240)
Columbia SC,other,3125,2,20.6,6.17,1072,0,20.3,4714,4,17.7,3.68,0,511,15.3,129,76,14.3,/boating-accident-lawyers/columbia-sc/ 37% [retired] | /product-liability-lawyers/columbia-sc/ 32% [retired] | /es/locations/south-carolina/columbia/ 18% | /nursing-home-abuse-lawyers/columbia-sc/ 7% [retired] | /practice-areas/nursing-home-abuse-lawyers/financial-exploitation-seniors/ 4% [retired],18,False,,,,/product-liability-lawyers/columbia-sc/ 27% [retired] | /medical-malpractice-lawyers/columbia-sc/ 11% [retired] | /practice-areas/product-liability-lawyers/columbia-sc/ 7% [retired] | /dog-bite-lawyers/columbia-sc/ 6% [retired] | /blog/switching-lawyers-during-a-case/ 5% | /practice-areas/wrongful-death-lawyers/drowning-swimming-pool-death/ 5% [retired],/product-liability-lawyers/columbia-sc/ 57% [retired] | /es/locations/south-carolina/columbia/ 10% | /practice-areas/product-liability-lawyers/ 8% | /boating-accident-lawyers/columbia-sc/ 8% [retired] | /blog/switching-lawyers-during-a-case/ 3% | /nursing-home-abuse-lawyers/columbia-sc/ 2% [retired],products liability lawyers columbia sc (404) | columbia dangerous product lawyer (364) | columbia dangerous product attorney (330) | columbia drowning lawyer (188) | columbia drowning attorney (151)
Darien GA,wrongful_death,3071,1,26.3,1.89,260,0,21.2,3364,1,26.0,1.89,8,136,22.5,28,9,10.7,/wrongful-death-lawyers/darien-ga/ 67% [retired] | /locations/georgia/darien/ 22% | /blog/mcintosh-county-drunk-driver-accident-lawyer/ 11% [retired],6,False,,,,/practice-areas/brunswick/wrongful-death-lawyers/ 37% [retired] | /practice-areas/brunswick/personal-injury-lawyer/ 18% [retired] | /practice-areas/wrongful-death-lawyers/ 10% | /practice-areas/personal-injury-lawyers/ 9% | /car-accident-lawyers/darien-ga/ 5% [retired] | /wrongful-death-lawyers/darien-ga/ 4% [retired],/wrongful-death-lawyers/darien-ga/ 44% [retired] | /car-accident-lawyers/darien-ga/ 35% [retired] | /locations/georgia/darien/ 11% | /locations/georgia/darien/brunswick/ 6% | /maritime-injury-lawyers/darien-ga/ 2% [retired] | /practice-areas/wrongful-death-lawyers/darien-ga/ 1% [retired],brunswick wrongful death lawyer (590) | wrongful death attorney brunswick georgia (426) | wrongful death attorney brunswick ga (375) | wrongful death lawyer brunswick georgia (358) | brunswick ga wrongful death lawyers (339)
Myrtle Beach SC,x_product_masstort,3046,0,35.8,1.0,1189,0,33.7,3087,0,35.7,1.0,21,326,34.2,83,42,37.8,/product-liability-lawyers/myrtle-beach-sc/ 67% [retired] | /locations/south-carolina/myrtle-beach/ 31% | /product-liability-lawyers/savannah-ga/ 2% [retired],5,False,,,,/product-liability-lawyers/myrtle-beach-sc/ 38% [retired] | /practice-areas/product-liability-lawyers/ 22% | /locations/south-carolina/myrtle-beach/ 13% | /practice-areas/product-liability-lawyers/myrtle-beach-sc/ 10% [retired] | /practice-areas/charleston/product-liability-lawyers/ 5% [retired] | /premises-liability-lawyers/myrtle-beach-sc/ 2% [retired],/product-liability-lawyers/myrtle-beach-sc/ 64% [retired] | /locations/south-carolina/myrtle-beach/ 15% | /practice-areas/product-liability-lawyers/ 11% | /product-liability-lawyers/charleston-sc/ 5% [retired] | /product-liability-lawyers/columbia-sc/ 2% [retired] | /locations/south-carolina/myrtle-beach/?[param/GBP] 1%,myrtle beach defective product attorney (992) | myrtle beach defective product lawyer (830) | myrtle beach defective products lawyer (193) | product liability lawyer myrtle beach sc (174) | myrtle beach defective products attorney (163)
Myrtle Beach SC,x_brain_spinal,3036,1,26.4,1.0,898,1,20.3,3036,1,26.4,1.0,41,256,17.8,7,14,11.6,/spinal-cord-injury-lawyers/myrtle-beach-sc/ 71% [retired] | /locations/south-carolina/myrtle-beach/?[param/GBP] 14% | /locations/south-carolina/myrtle-beach/ 7% | /practice-areas/brain-injury-lawyers/ 7%,7,False,,,,/brain-injury-lawyers/myrtle-beach-sc/ 40% [retired] | /practice-areas/brain-injury-lawyers/myrtle-beach-sc/ 18% [retired] | /practice-areas/spinal-cord-injury-lawyers/myrtle-beach-sc/ 7% [retired] | /spinal-cord-injury-lawyers/myrtle-beach-sc/ 6% [retired] | /practice-areas/brain-injury-lawyers/ 6% | /practice-areas/albany/brain-injury-lawyers/ 5% [retired],/brain-injury-lawyers/myrtle-beach-sc/ 73% [retired] | /spinal-cord-injury-lawyers/myrtle-beach-sc/ 18% [retired] | /locations/south-carolina/myrtle-beach/?[param/GBP] 5% | /locations/south-carolina/myrtle-beach/ 2% | /practice-areas/spinal-cord-injury-lawyers/ 1% | /practice-areas/brain-injury-lawyers/ 1%,myrtle beach traumatic brain injury attorney (590) | myrtle beach traumatic brain injury lawyer (530) | myrtle beach spinal cord injury lawyers (301) | myrtle beach traumatic brain injury lawyers (249) | spinal cord injury lawyer myrtle beach (164)
North Charleston SC,rideshare,2940,0,33.8,1.0,111,0,11.8,2940,0,33.8,1.0,52,43,5.6,0,4,28.2,/car-accident-lawyers/i-526-accident/ 50% [retired] | /car-accident-lawyers/charleston-sc/ 25% [retired] | /locations/south-carolina/north-charleston/?[param/GBP] 25%,5,False,,,,/blog/charleston-lyft-driver-ran-red-light-and-hit-my-car/ 22% | /resources/rideshare-accident-north-charleston/ 21% [retired] | /practice-areas/car-accident-lawyers/charleston-sc/ 18% [retired] | /car-accident-lawyers/charleston-sc/ 8% [retired] | /practice-areas/charleston/car-accident-lawyers/ 7% [retired] | /locations/south-carolina/north-charleston/ 3%,/locations/south-carolina/north-charleston/?[param/GBP] 32% | /locations/south-carolina/north-charleston/ 24% | /car-accident-lawyers/charleston-sc/ 22% [retired] | / 12% | /locations/south-carolina/charleston/?[param/GBP] 4% | /car-accident-lawyers/i-526-accident/ 2% [retired],goose creek uber accident attorney (245) | goose creek uber accident lawyer (195) | lyft accident lawyer north charleston (173) | goose creek rideshare accident attorney (172) | lyft accident attorney north charleston (147)
statewide SC,truck,2936,0,54.7,1.06,1963,0,48.9,3933,0,48.4,1.06,78,884,41.5,805,95,33.3,/south-carolina-truck-accident-lawyers/ 76% | / 7% | /resources/south-carolina-truck-accident-settlement-value/ 7% | /truck-accident-lawyers/charleston-sc/ 6% [retired] | /blog/5-benefits-of-hiring-a-truck-accident-attorney-in-2023/ 2%,13,False,,/south-carolina-truck-accident-lawyers/,/resources/south-carolina-truck-accident-settlement-value/,/south-carolina-truck-accident-lawyers/ 55% | /practice-areas/charleston/truck-accident-lawyers/ 24% [retired] | / 3% | /blog/5-benefits-of-hiring-a-truck-accident-attorney-in-2023/ 2% | /truck-accident-lawyers/charleston-sc/ 2% [retired] | /locations/south-carolina/charleston/?[param/GBP] 2%,/south-carolina-truck-accident-lawyers/ 82% | /blog/5-benefits-of-hiring-a-truck-accident-attorney-in-2023/ 3% | /truck-accident-lawyers/charleston-sc/ 3% [retired] | / 2% | /locations/south-carolina/charleston/?[param/GBP] 2% | /resources/south-carolina-truck-accident-settlement-value/ 2%,south carolina truck accident lawyer (900) | truck accident lawyer south carolina (363) | truck accident attorney south carolina (322) | south carolina truck accident attorneys (171) | south carolina truck accident attorney (161)
Charleston SC,brand,2904,98,2.9,1.08,849,31,2.5,6048,168,7.2,1.08,618,256,2.2,126,27,3.5,/ 11% | /attorneys/ 11% [retired] | /attorneys/eric-roden/ 11% | /locations/south-carolina/ 11% | /locations/south-carolina/charleston/ 11%,21,True,/ (24%) | /attorneys/eric-roden/ (24%) | /locations/south-carolina/charleston/ (24%),,,/ 12% | /locations/south-carolina/charleston/ 6% | /who-we-are/attorneys/ 6% [retired] | /attorneys/ 6% [retired] | /practice-areas/charleston/personal-injury-lawyer/ 5% [retired] | /practice-areas/ 5% [retired],/ 12% | /attorneys/ 12% [retired] | /locations/south-carolina/charleston/ 12% | /attorneys/eric-roden/ 11% | /locations/south-carolina/charleston/downtown-charleston/ 10% [retired] | /locations/south-carolina/ 8%,roden law firm charleston sc (2904)
Myrtle Beach SC,x_boating,2637,0,46.2,2.46,550,0,45.4,2637,0,46.2,2.46,8,200,47.8,59,21,23.8,/boating-accident-lawyers/myrtle-beach-sc/ 67% [retired] | /locations/south-carolina/myrtle-beach/little-river/ 24% [retired] | /locations/south-carolina/myrtle-beach/?[param/GBP] 10%,7,False,,,,/practice-areas/boating-accident-lawyers/ 41% | /boating-accident-lawyers/myrtle-beach-sc/ 26% [retired] | /locations/south-carolina/myrtle-beach/ 7% | /maritime-injury-lawyers/myrtle-beach-sc/ 7% [retired] | /practice-areas/macon/boating-accident-lawyers/ 5% [retired] | /practice-areas/maritime-injury-lawyers/myrtle-beach-sc/ 5% [retired],/boating-accident-lawyers/myrtle-beach-sc/ 69% [retired] | /practice-areas/boating-accident-lawyers/ 21% | /locations/south-carolina/myrtle-beach/little-river/ 6% [retired] | /boating-accident-lawyers/columbia-sc/ 1% [retired] | /locations/south-carolina/myrtle-beach/ 1% | /blog/after-boat-accident-guide/ 0%,myrtle beach boating accident lawyer (1025) | myrtle beach boating accident attorney (923) | boating accident lawyer in myrtle beach (196) | little river boat accident lawyer (169) | boating accident attorney in myrtle beach (164)
Columbia SC,med_mal,2599,1,20.3,9.36,22,0,20.1,2628,1,20.2,9.11,0,4,20.0,0,0,,,1,False,,,,/medical-malpractice-lawyers/columbia-sc/ 92% [retired] | /practice-areas/medical-malpractice-lawyers/columbia-sc/ 4% [retired] | /practice-areas/savannah/medical-malpractice-attorneys/ 1% [retired] | /practice-areas/medical-malpractice-attorneys/ 1% [retired] | /blog/advantages-of-a-medical-malpractice-attorney/ 1% | /blog/medical-malpractice-limits-south-carolina/ 0%,/medical-malpractice-lawyers/columbia-sc/ 86% [retired] | /blog/medical-malpractice-limits-south-carolina/ 9% | /practice-areas/medical-malpractice-lawyers/ 4%,columbia medical malpractice lawyer (504) | columbia medical malpractice attorney (446) | medical malpractice lawyer columbia sc (217) | medical malpractice lawyer columbia (180) | medical malpractice attorney columbia (149)
Myrtle Beach SC,x_construction,2569,0,29.5,1.0,816,0,25.1,2569,0,29.5,1.0,63,188,22.8,20,28,24.8,/workers-compensation-lawyers/myrtle-beach-sc/ 43% [retired] | /construction-accident-lawyers/myrtle-beach-sc/ 29% [retired] | /locations/south-carolina/myrtle-beach/ 21% | /locations/south-carolina/myrtle-beach/?[param/GBP] 7%,6,False,,,,/workers-compensation-lawyers/myrtle-beach-sc/ 32% [retired] | /practice-areas/construction-accident-lawyers/myrtle-beach-sc/ 28% [retired] | /practice-areas/construction-accident-lawyers/ 11% | /construction-accident-lawyers/myrtle-beach-sc/ 10% [retired] | /locations/south-carolina/myrtle-beach/ 6% | /practice-areas/macon/construction-accident-lawyers/ 3% [retired],/workers-compensation-lawyers/myrtle-beach-sc/ 62% [retired] | /construction-accident-lawyers/myrtle-beach-sc/ 24% [retired] | /locations/south-carolina/myrtle-beach/?[param/GBP] 5% | /locations/south-carolina/myrtle-beach/ 4% | /practice-areas/construction-accident-lawyers/ 2% | /es/construction-accident-lawyers/myrtle-beach-sc/ 1% [retired],myrtle beach construction accident lawyer (1076) | myrtle beach construction accident attorney (910) | construction accident lawyer myrtle beach (157) | construction accident lawyer murrells inlet sc (115) | construction accident lawyer myrtle beach sc (55)
Charleston SC,x_golf_cart,2491,0,18.5,1.43,55,0,37.6,2590,0,19.6,1.43,222,16,41.3,8,0,,,6,False,,,,/blog/determining-fault-in-a-charleston-golf-cart-accident/ 19% | /practice-areas/golf-cart-accident-lawyers/north-charleston-sc/ 14% [retired] | /practice-areas/golf-cart-accident-lawyers/charleston-sc/ 11% [retired] | /practice-areas/golf-cart-accident-lawyers/ 10% | /locations/south-carolina/charleston/?[param/GBP] 9% | /locations/south-carolina/charleston/ 7%,/golf-cart-accident-lawyers/charleston-sc/ 29% [retired] | /golf-cart-accident-lawyers/north-charleston-sc/ 22% [retired] | /golf-cart-accident-lawyers/golf-course-cart-accident/ 20% | /golf-cart-accident-lawyers/golf-cart-pedestrian-accident/ 9% | /golf-cart-accident-lawyers/golf-cart-passenger-ejection/ 7% | /blog/category/golf-cart-accident/ 6% [retired],golf cart accident lawyer charleston (974) | golf cart accident attorney charleston (770) | golf cart accident law firm charleston (747)
North Charleston SC,x_product_masstort,2427,0,25.0,2.83,529,0,16.8,2837,0,24.9,2.83,0,152,14.5,0,26,9.0,/product-liability-lawyers/charleston-sc/ 100% [retired],7,False,,,,/practice-areas/charleston/product-liability-lawyers/ 50% [retired] | /product-liability-lawyers/charleston-sc/ 20% [retired] | /product-liability-lawyers/north-charleston-sc/ 9% [retired] | /practice-areas/product-liability-lawyers/north-charleston-sc/ 7% [retired] | /practice-areas/product-liability-lawyers/ 5% | /locations/south-carolina/north-charleston/goose-creek/ 4% [retired],/product-liability-lawyers/charleston-sc/ 85% [retired] | /product-liability-lawyers/north-charleston-sc/ 6% [retired] | /practice-areas/product-liability-lawyers/ 4% | /premises-liability-lawyers/north-charleston-sc/ 3% [retired] | /locations/south-carolina/north-charleston/goose-creek/ 1% [retired] | /personal-injury-lawyers/charleston-sc/ 0% [retired],product liability lawyernorth charleston (737) | product liability attorneynorth charleston (635) | goose creek defective product attorney (287) | goose creek defective product lawyer (190) | product liability lawyer north charleston sc (184)
statewide SC,x_construction,2421,0,49.4,3.25,530,0,65.3,2856,1,42.7,3.25,5,128,78.5,123,12,56.9,/practice-areas/construction-accident-lawyers/ 58% | /construction-accident-lawyers/highway-construction-zone/ 17% | /construction-accident-lawyers/savannah-ga/ 8% [retired] | /construction-accident-lawyers/scaffold-ladder-fall/ 8% | /maritime-injury-lawyers/longshore-harbor-worker/ 8%,6,False,,,,/practice-areas/construction-accident-lawyers/ 47% | /practice-areas/construction-accident-lawyers/columbia-sc/ 31% [retired] | /practice-areas/construction-accident-lawyers/charleston-sc/ 9% [retired] | /construction-accident-lawyers/columbia-sc/ 6% [retired] | / 1% | /practice-areas/construction-accident-lawyers/myrtle-beach-sc/ 1% [retired],/practice-areas/construction-accident-lawyers/ 79% | /construction-accident-lawyers/columbia-sc/ 12% [retired] | /construction-accident-lawyers/charleston-sc/ 3% [retired] | / 2% | /construction-accident-lawyers/highway-construction-zone/ 2% | /florence-sc-workers-compensation-lawyer/ 0% [retired],south carolina construction accident attorney (1012) | south carolina construction accident lawyer (754) | construction accident lawyer south carolina (264) | construction accident attorney south carolina (244) | south carolina construction site accident lawyer (42)
Myrtle Beach SC,med_mal,2396,1,28.3,1.0,665,0,20.5,2406,1,28.2,1.0,53,182,20.1,0,0,,,2,False,,,,/medical-malpractice-lawyers/myrtle-beach-sc/ 79% [retired] | /practice-areas/medical-malpractice-attorneys/ 15% [retired] | /locations/south-carolina/myrtle-beach/?[param/GBP] 2% | /practice-areas/medical-malpractice-lawyers/ 1% | /locations/south-carolina/myrtle-beach/ 0% | /blog/medical-malpractice-limits-south-carolina/ 0%,/medical-malpractice-lawyers/myrtle-beach-sc/ 89% [retired] | /locations/south-carolina/myrtle-beach/?[param/GBP] 6% | /practice-areas/medical-malpractice-lawyers/ 4% | /locations/south-carolina/myrtle-beach/murrells-inlet/ 0% [retired] | /blog/medical-malpractice-limits-south-carolina/ 0% | /locations/south-carolina/myrtle-beach/ 0%,myrtle beach medical malpractice lawyer (1035) | myrtle beach medical malpractice attorney (279) | myrtle beach medical malpractice attorneys (269) | medical malpractice lawyer myrtle beach (161) | medical malpractice lawyer myrtle beach sc (122)
statewide GA,x_product_masstort,2375,0,41.1,3.11,88,0,16.4,4528,0,38.4,3.11,0,39,16.8,37,5,16.4,/product-liability-lawyers/dangerous-pharmaceutical-drug/ 100%,2,False,,,,/practice-areas/macon/product-liability-lawyers/ 38% [retired] | /practice-areas/savannah/product-liability-lawyers/ 30% [retired] | /class-action/paraquat-lawsuits/ 11% [retired] | /practice-areas/macon/personal-injury-lawyers/ 8% [retired] | /product-liability-lawyers/dangerous-pharmaceutical-drug/ 5% | /practice-areas/product-liability-lawyers/ 2%,/product-liability-lawyers/dangerous-pharmaceutical-drug/ 98% | /practice-areas/savannah/wrongful-death-lawyers/statute-of-limitations/ 2% [retired],product liability lawyer macon ga (441) | defective product lawyer macon ga (262) | product liability attorney macon ga (259) | georgia defective product lawyer (173) | georgia product liability attorneys (165)
statewide SC,x_maritime,2122,0,30.0,3.38,50,0,24.2,2136,0,29.9,3.38,0,11,23.2,11,0,,,1,False,,,,/blog/longshoreman-injury-claims/ 69% | /practice-areas/maritime-injury-lawyers/ 5% | /practice-areas/maritime-lawyers/ 4% [retired] | /practice-areas/savannah/maritime-lawyers/ 4% [retired] | /maritime-injury-lawyers/longshore-harbor-worker/ 4% | /practice-areas/workers-compensation-lawyers/port-worker-injury/ 3% [retired],/practice-areas/maritime-injury-lawyers/ 82% | /maritime-injury-lawyers/longshore-harbor-worker/ 10% | /practice-areas/workers-compensation-lawyers/port-worker-injury/ 6% [retired] | /blog/longshoreman-injury-claims/ 2%,south carolina longshoremen injury attorneys (399) | south carolina longshoremen injury lawyers (389) | south carolina longshoremen injury lawyer (384) | south carolina longshoremen injury attorney (357) | south carolina longshoremen injury law firm (350)
statewide SC,bicycle,2110,0,38.0,1.61,792,0,43.1,2526,0,43.5,1.61,275,175,42.8,140,33,38.5,/practice-areas/bicycle-accident-lawyers/ 67% | / 24% | /bicycle-accident-lawyers/charleston-sc/ 9% [retired],7,False,,,,/practice-areas/bicycle-accident-lawyers/ 34% | /practice-areas/bicycle-accident-lawyers/columbia-sc/ 28% [retired] | / 14% | /locations/south-carolina/charleston/?[param/GBP] 12% | /practice-areas/bicycle-accident-lawyers/charleston-sc/ 7% [retired] | /who-we-are/attorneys/ 1% [retired],/practice-areas/bicycle-accident-lawyers/ 75% | / 14% | /practice-areas/bicycle-accident-lawyers/charleston-sc/ 3% [retired] | /practice-areas/bicycle-accident-lawyers/columbia-sc/ 2% [retired] | /locations/south-carolina/charleston/?[param/GBP] 2% | /south-carolina-motorcycle-accident-lawyer/ 2%,south carolina bicycle accident lawyer (531) | south carolina bicycle accident attorney (391) | bicycle accident lawyer south carolina (373) | bicycle accident attorney south carolina (352) | bicycle accident lawyer florence sc (63)
Charleston SC,x_maritime,1900,0,16.2,1.97,611,0,11.3,1900,0,16.2,1.97,399,175,10.0,103,15,8.6,/maritime-injury-lawyers/cruise-ship-injury/ 80% | / 20%,7,False,,,,/ 25% | /maritime-injury-lawyers/cruise-ship-injury/ 24% | /locations/south-carolina/charleston/?[param/GBP] 21% | /practice-areas/maritime-injury-lawyers/charleston-sc/ 10% [retired] | /practice-areas/maritime-injury-lawyers/cruise-ship-injury/ 6% [retired] | /practice-areas/maritime-injury-lawyers/north-charleston-sc/ 4% [retired],/maritime-injury-lawyers/cruise-ship-injury/ 55% | / 28% | /locations/south-carolina/charleston/?[param/GBP] 14% | /boating-accident-lawyers/charleston-sc/ 2% [retired] | /maritime-injury-lawyers/charleston-sc/ 0% [retired] | /maritime-injury-lawyers/savannah-ga/ 0% [retired],cruise ship injury lawyer charleston (773) | cruise ship injury attorney charleston (728) | charleston maritime lawyers (126) | charleston cruise ship accident attorney (76) | charleston cruise ship accident lawyer (70)
Myrtle Beach SC,wrongful_death,1813,0,28.9,6.65,210,0,55.0,1813,0,28.9,6.65,0,90,40.8,43,10,49.1,/locations/south-carolina/myrtle-beach/ 60% | /locations/south-carolina/myrtle-beach/little-river/ 40% [retired],5,False,,,/resources/myrtle-beach-fatal-crashes/,/wrongful-death-lawyers/myrtle-beach-sc/ 75% [retired] | /locations/south-carolina/myrtle-beach/ 19% | /locations/south-carolina/myrtle-beach/little-river/ 2% [retired] | /medical-malpractice-lawyers/myrtle-beach-sc/ 1% [retired] | /practice-areas/charleston/wrongful-death-lawyers/ 1% [retired] | /locations/south-carolina/myrtle-beach/georgetown/historic-district/ 0% [retired],/locations/south-carolina/myrtle-beach/ 66% | /wrongful-death-lawyers/myrtle-beach-sc/ 23% [retired] | /locations/south-carolina/myrtle-beach/little-river/ 9% [retired] | /workers-compensation-lawyers/myrtle-beach-sc/ 2% [retired] | /resources/us-17-truck-accidents-grand-strand/ 0% [retired],myrtle beach wrongful death lawyer (564) | myrtle beach wrongful death attorney (389) | wrongful death lawyer myrtle beach (183) | wrongful death lawyer conway sc (90) | wrongful death attorney myrtle beach (82)
North Charleston SC,x_golf_cart,1782,0,11.7,2.94,9,0,13.7,1808,0,12.1,2.94,0,0,,0,0,,,0,False,,,,/practice-areas/golf-cart-accident-lawyers/north-charleston-sc/ 40% [retired] | /practice-areas/golf-cart-accident-lawyers/charleston-sc/ 26% [retired] | /golf-cart-accident-lawyers/charleston-sc/ 12% [retired] | /blog/golf-cart-accidents-charleston-island-resort-communities/ 9% | /locations/south-carolina/charleston/ 4% | /locations/south-carolina/north-charleston/summerville/sangaree/ 2% [retired],/golf-cart-accident-lawyers/north-charleston-sc/ 67% [retired] | /golf-cart-accident-lawyers/charleston-sc/ 22% [retired] | /blog/category/golf-cart-accident/ 11% [retired],golf cart accident attorney summerville (385) | golf cart accident law firm summerville (361) | golf cart accident lawyer summerville (279) | summerville golf cart accident law firm (270) | summerville golf cart accident lawyer (254)
Myrtle Beach SC,x_nursing_home,1754,0,23.9,5.15,745,0,16.6,1754,0,23.9,5.15,9,293,13.1,12,78,9.1,/nursing-home-abuse-lawyers/myrtle-beach-sc/ 100% [retired],2,False,,,,/nursing-home-abuse-lawyers/myrtle-beach-sc/ 67% [retired] | /practice-areas/nursing-home-abuse-lawyers/myrtle-beach-sc/ 12% [retired] | /practice-areas/nursing-home-abuse-lawyers/ 7% | /practice-areas/charleston/nursing-home-abuse-attorneys/ 5% [retired] | /practice-areas/nursing-home-abuse-attorneys/ 5% [retired] | /nursing-home-abuse-lawyers/savannah-ga/ 1% [retired],/nursing-home-abuse-lawyers/myrtle-beach-sc/ 95% [retired] | /practice-areas/nursing-home-abuse-lawyers/ 5% | /locations/south-carolina/myrtle-beach/?[param/GBP] 0% | /locations/south-carolina/myrtle-beach/murrells-inlet/marshwalk/ 0% [retired] | /practice-areas/nursing-home-abuse-lawyers/financial-exploitation-seniors/ 0% [retired],nursing home abuse lawyer myrtle beach sc (264) | nursing home abuse lawyer myrtle beach (225) | nursing home abuse lawyer conway sc (176) | nursing home abuse law firm georgetown (170) | myrtle beach nursing home abuse attorney (127)
statewide SC,pedestrian,1527,0,50.7,20.36,514,0,49.5,1853,0,51.6,8.5,38,172,46.8,148,15,49.7,/practice-areas/pedestrian-accident-lawyers/ 93% | /locations/south-carolina/ 7%,5,False,,,/blog/south-carolina-pedestrian-right-of-way-laws/,/practice-areas/pedestrian-accident-lawyers/ 56% | /pedestrian-accident-lawyers/columbia-sc/ 14% [retired] | /pedestrian-accident-lawyers/charleston-sc/ 9% [retired] | /practice-areas/pedestrian-accident-lawyers/columbia-sc/ 5% [retired] | /practice-areas/pedestrian-accident-lawyers/charleston-sc/ 4% [retired] | /pedestrian-accident-lawyers/myrtle-beach-sc/ 3% [retired],/practice-areas/pedestrian-accident-lawyers/ 88% | /pedestrian-accident-lawyers/charleston-sc/ 7% [retired] | /locations/south-carolina/ 2% | /florence-sc-car-accident-lawyer/ 1% [retired] | /spartanburg-sc-car-accident-lawyer/ 0% [retired] | /golf-cart-accident-lawyers/golf-cart-pedestrian-accident/ 0%,south carolina pedestrian accident attorney (595) | south carolina pedestrian accident lawyer (548) | pedestrian accident lawyer florence sc (77) | pedestrian accident lawyer aiken sc (55) | pedestrian accident lawyer hilton head sc (50)
Darien GA,pedestrian,1492,0,22.5,1.31,340,0,22.3,1812,0,24.8,1.31,14,116,21.6,65,10,7.5,/locations/georgia/darien/ 30% | /pedestrian-accident-lawyers/darien-ga/ 30% [retired] | /practice-areas/pedestrian-accident-lawyers/ 20% | /golf-cart-accident-lawyers/darien-ga/ 10% [retired] | /locations/georgia/darien/?[param/GBP] 10%,13,False,,,,/practice-areas/brunswick/car-accident-lawyer/ 23% [retired] | /blog/pedestrian-liability-for-car-accidents/ 17% | /practice-areas/pedestrian-accident-lawyers/ 12% | /practice-areas/savannah/car-accident-lawyers/pedestrian-accidents/ 8% [retired] | /locations/georgia/darien/ 8% | /pedestrian-accident-lawyers/darien-ga/ 7% [retired],/practice-areas/pedestrian-accident-lawyers/ 21% | /locations/georgia/darien/ 19% | /pedestrian-accident-lawyers/darien-ga/ 14% [retired] | /locations/georgia/darien/brunswick/ 14% | /practice-areas/savannah/car-accident-lawyers/pedestrian-accidents/ 14% [retired] | /golf-cart-accident-lawyers/darien-ga/ 7% [retired],pedestrian accidents lawyer brunswick georgia (509) | pedestrian accidents attorney brunswick georgia (443) | darien pedestrian accident lawyer (271) | pedestrian accident lawyer darien ga (186) | brunswick pedestrian accident lawyer (74)
statewide SC,x_brain_spinal,1265,0,63.1,19.2,72,0,57.5,1266,0,63.0,19.2,5,14,58.9,9,0,,,3,False,,,,/practice-areas/charleston/brain-injury-lawyers/ 19% [retired] | /practice-areas/spinal-cord-injury-lawyers/ 17% | /practice-areas/brain-injury-lawyers/columbia-sc/ 14% [retired] | /practice-areas/brain-injury-lawyers/ 8% | /blog/calculating-compensation-for-whiplash-injuries/ 7% | /practice-areas/charleston/spinal-cord-injury-lawyers/ 6% [retired],/practice-areas/spinal-cord-injury-lawyers/ 53% | /practice-areas/spinal-cord-injury-lawyers/charleston-sc/ 32% [retired] | /practice-areas/brain-injury-lawyers/ 8% | / 6% | /spinal-cord-injury-lawyers/cauda-equina-syndrome/ 1%,spinal cord injuries lawyer sc (273) | south carolina traumatic brain injury attorney (176) | south carolina traumatic brain injury lawyer (173) | south carolina whiplash and spinal cord injury lawyer (171) | south carolina brain injury lawyer (162)
Darien GA,dog_bite,1101,0,19.8,1.87,104,0,7.6,1106,0,19.8,1.87,28,42,4.1,15,15,3.9,/dog-bite-lawyers/darien-ga/ 40% [retired] | /locations/georgia/darien/ 40% | /locations/georgia/darien/?[param/GBP] 20%,4,False,,,,/practice-areas/dog-bite-lawyers/ 42% | /practice-areas/brunswick/dog-bite-lawyers/ 20% [retired] | /practice-areas/brunswick/personal-injury-lawyer/ 13% [retired] | /dog-bite-lawyers/darien-ga/ 5% [retired] | /practice-areas/personal-injury-lawyers/ 5% | /locations/georgia/darien/ 3%,/dog-bite-lawyers/darien-ga/ 36% [retired] | /locations/georgia/darien/ 33% | /locations/georgia/darien/?[param/GBP] 12% | /practice-areas/dog-bite-lawyers/ 10% | /dog-bite-lawyers/savannah-ga/ 7% [retired] | /locations/georgia/darien/brunswick/ 3%,dog bite attorney brunswick georgia (443) | dog bite lawyer brunswick georgia (351) | darien dog bites lawyer (104) | dog attack lawyers new brunswick (91) | darien dog bite lawyer (87)
Myrtle Beach SC,other,1083,0,29.0,8.79,391,0,23.0,20088,31,10.5,2.92,2,144,25.1,30,20,28.1,/locations/south-carolina/myrtle-beach/ 30% | /workers-compensation-lawyers/myrtle-beach-sc/ 25% [retired] | /es/locations/south-carolina/myrtle-beach/ 20% | /slip-and-fall-lawyers/myrtle-beach-sc/ 10% [retired] | /wrongful-death-lawyers/myrtle-beach-sc/ 10% [retired],14,False,,,,/slip-and-fall-lawyers/myrtle-beach-sc/ 25% [retired] | /locations/south-carolina/myrtle-beach/ 19% | /workers-compensation-lawyers/myrtle-beach-sc/ 13% [retired] | /wrongful-death-lawyers/myrtle-beach-sc/ 6% [retired] | /practice-areas/slip-and-fall-lawyers/myrtle-beach-sc/ 4% [retired] | /practice-areas/nursing-home-abuse-lawyers/myrtle-beach-sc/ 2% [retired],/slip-and-fall-lawyers/myrtle-beach-sc/ 46% [retired] | /workers-compensation-lawyers/myrtle-beach-sc/ 25% [retired] | /locations/south-carolina/myrtle-beach/ 9% | /es/locations/south-carolina/myrtle-beach/ 6% | /personal-injury-lawyers/myrtle-beach-sc/ 2% [retired] | /dog-bite-lawyers/myrtle-beach-sc/ 2% [retired],myrtle beach trip & fall attorney (127) | myrtle beach trip & fall lawyer (123) | no win no fee lawyer myrtle beach (103) | myrtle beach disfigurement lawyer (64) | myrtle beach workers’ comp attorneys (46)
Darien GA,x_nursing_home,1027,0,30.1,7.94,81,0,58.7,1046,0,30.2,7.94,0,13,68.3,13,0,,,1,False,,,,/practice-areas/nursing-home-abuse-attorneys/ 31% [retired] | /practice-areas/brunswick/nursing-home-abuse-lawyer/ 19% [retired] | /practice-areas/savannah/nursing-home-abuse-lawyers/ 9% [retired] | /practice-areas/nursing-home-abuse-lawyers/ 8% | /practice-areas/brunswick/personal-injury-lawyer/ 8% [retired] | /nursing-home-abuse-lawyers/darien-ga/ 6% [retired],/practice-areas/nursing-home-abuse-lawyers/ 68% | /nursing-home-abuse-lawyers/darien-ga/ 17% [retired] | /nursing-home-abuse-lawyers/nursing-home-neglect/ 10% | /nursing-home-abuse-lawyers/savannah-ga/ 5% [retired],nursing home neglect attorney brunswick georgia (309) | nursing home neglect lawyer brunswick georgia (271) | nursing home abuse attorney brunswick georgia (263) | darien nursing home abuse lawyers (94) | brunswick nursing home abuse lawyer (39)
statewide GA,x_maritime,997,0,15.8,7.72,42,0,27.0,1465,0,14.3,7.72,0,17,28.5,17,2,18.5,/practice-areas/maritime-injury-lawyers/ 100%,2,False,,,,/practice-areas/macon/maritime-lawyers/ 52% [retired] | /practice-areas/savannah/maritime-lawyers/ 37% [retired] | /practice-areas/maritime-injury-lawyers/ 8% | /maritime-injury-lawyers/cruise-ship-injury/ 1% | /practice-areas/maritime-injury-lawyers/cruise-ship-injury/ 1% [retired] | /practice-areas/maritime-lawyers/ 0% [retired],/practice-areas/maritime-injury-lawyers/ 88% | /maritime-injury-lawyers/cruise-ship-injury/ 12%,maritime accident attorney in georgia (476) | maritime attorney ga (438) | maritime injury lawyer atlanta ga (48) | cruise ship injury attorney atlanta ga (29) | georgia maritime accident attorneys (4)
North Charleston SC,x_construction,929,0,20.8,1.0,148,0,26.0,936,0,21.0,1.0,11,39,16.1,1,8,8.4,/construction-accident-lawyers/charleston-sc/ 75% [retired] | /resources/us-52-truck-train-accidents-goose-creek/ 12% | /truck-accident-lawyers/charleston-sc/ 12% [retired],9,False,,,,/practice-areas/construction-accident-lawyers/charleston-sc/ 42% [retired] | /practice-areas/construction-accident-lawyers/north-charleston-sc/ 15% [retired] | /locations/south-carolina/north-charleston/goose-creek/ 13% [retired] | /construction-accident-lawyers/charleston-sc/ 11% [retired] | /workers-compensation-lawyers/charleston-sc/ 4% [retired] | /construction-accident-lawyers/north-charleston-sc/ 3% [retired],/construction-accident-lawyers/charleston-sc/ 52% [retired] | /workers-compensation-lawyers/charleston-sc/ 12% [retired] | /practice-areas/construction-accident-lawyers/ 11% | /locations/south-carolina/north-charleston/ 7% | /locations/south-carolina/north-charleston/?[param/GBP] 5% | /construction-accident-lawyers/north-charleston-sc/ 5% [retired],goose creek construction accident lawyer (245) | goose creek construction accident attorney (243) | construction accident lawyer north charleston sc (191) | construction accident lawyer goose creek sc (68) | summerville construction lawyer (42)
Myrtle Beach SC,rideshare,781,0,41.1,1.02,150,0,9.4,784,0,41.1,1.02,188,55,8.5,3,12,10.5,/car-accident-lawyers/myrtle-beach-sc/ 50% [retired] | /locations/south-carolina/myrtle-beach/?[param/GBP] 42% | /car-accident-lawyers/company-car-accident/ 8%,7,False,,,,/locations/south-carolina/myrtle-beach/ 30% | /locations/south-carolina/myrtle-beach/?[param/GBP] 24% | /pedestrian-accident-lawyers/myrtle-beach-sc/ 10% [retired] | /car-accident-lawyers/rideshare-uber-accident/ 8% | /car-accident-lawyers/myrtle-beach-sc/ 6% [retired] | /blog/dealing-with-uber-lyft-accident/ 4%,/locations/south-carolina/myrtle-beach/?[param/GBP] 79% | /car-accident-lawyers/myrtle-beach-sc/ 8% [retired] | /locations/south-carolina/myrtle-beach/ 6% | /blog/drunk-driver-crash-south-kings-highway-us-17-business-surfside-beach-29575/ 1% [retired] | /blog/n-lake-drive-us-17-business-best-car-accident-lawyer/ 1% [retired] | /locations/south-carolina/myrtle-beach/murrells-inlet/ 1% [retired],myrtle beach rideshare accident attorney (176) | myrtle beach rideshare accident lawyer (176) | uber accident lawyer murrells inlet sc (109) | rideshare accident lawyer murrells inlet sc (101) | uber accident lawyer in georgetown (55)
statewide SC,x_golf_cart,748,0,40.7,4.55,23,0,32.9,2943,10,18.7,3.0,0,0,,0,0,,,0,False,,,,/practice-areas/golf-cart-accident-lawyers/ 9% | /practice-areas/golf-cart-accident-lawyers/columbia-sc/ 9% [retired] | /practice-areas/golf-cart-accident-lawyers/north-charleston-sc/ 8% [retired] | /golf-cart-accident-lawyers/columbia-sc/ 8% [retired] | /blog/determining-fault-in-a-charleston-golf-cart-accident/ 7% | /practice-areas/golf-cart-accident-lawyers/golf-cart-rollover/ 5% [retired],/blog/category/golf-cart-accident/ 35% [retired] | /golf-cart-accident-lawyers/columbia-sc/ 26% [retired] | /blog/litchfield-pawleys-island-golf-cart-accident-lawyer-georgetown-county/ 13% [retired] | /golf-cart-accident-lawyers/golf-cart-passenger-ejection/ 13% | /golf-cart-accident-lawyers/golf-course-cart-accident/ 9% | /golf-cart-accident-lawyers/golf-cart-pedestrian-accident/ 4%,south carolina golf cart accident lawyer (205) | south carolina golf cart injury lawyer (189) | south carolina golf cart accident attorney (187) | south carolina golf cart injury attorney (167)
Myrtle Beach SC,x_golf_cart,739,0,12.2,2.72,222,0,8.7,3810,10,6.9,1.0,0,104,9.3,2,16,12.6,/golf-cart-accident-lawyers/myrtle-beach-sc/ 56% [retired] | /locations/south-carolina/myrtle-beach/little-river/ 31% [retired] | /blog/category/golf-cart-accident/ 6% [retired] | /golf-cart-accident-lawyers/golf-course-cart-accident/ 6%,5,False,,,,/golf-cart-accident-lawyers/myrtle-beach-sc/ 31% [retired] | /locations/south-carolina/myrtle-beach/little-river/ 22% [retired] | /locations/south-carolina/myrtle-beach/ 14% | /practice-areas/golf-cart-accident-lawyers/myrtle-beach-sc/ 9% [retired] | /locations/south-carolina/myrtle-beach/little-river/waterfront/ 6% [retired] | /practice-areas/golf-cart-accident-lawyers/ 4%,/golf-cart-accident-lawyers/myrtle-beach-sc/ 66% [retired] | /locations/south-carolina/myrtle-beach/little-river/ 29% [retired] | /blog/category/golf-cart-accident/ 1% [retired] | /blog/category/car-accident/ 1% [retired] | /golf-cart-accident-lawyers/golf-course-cart-accident/ 1% | /blog/litchfield-pawleys-island-golf-cart-accident-lawyer-georgetown-county/ 1% [retired],little river golf cart accident lawyer (306) | north myrtle beach golf cart accident lawyer (241) | golf cart accident lawyer myrtle beach (106) | myrtle beach golf cart accident lawyer (79) | little river golf cart accident injury lawyer (7)
Myrtle Beach SC,x_scooter,665,0,20.0,2.1,261,0,19.9,671,0,20.0,2.1,0,104,18.1,18,29,27.8,/electric-scooter-accident-lawyers/myrtle-beach-sc/ 55% [retired] | /electric-scooter-accident-lawyers/escooter-pedestrian-accident/ 14% | /electric-scooter-accident-lawyers/north-charleston-sc/ 10% [retired] | /electric-scooter-accident-lawyers/savannah-ga/ 10% [retired] | /practice-areas/electric-scooter-accident-lawyers/ 7%,10,False,,,,/electric-scooter-accident-lawyers/myrtle-beach-sc/ 32% [retired] | /practice-areas/electric-scooter-accident-lawyers/myrtle-beach-sc/ 20% [retired] | /locations/south-carolina/myrtle-beach/ 14% | /electric-scooter-accident-lawyers/escooter-pedestrian-accident/ 7% | /practice-areas/electric-scooter-accident-lawyers/ 6% | /practice-areas/electric-scooter-accident-lawyers/escooter-vehicle-collision/ 4% [retired],/electric-scooter-accident-lawyers/myrtle-beach-sc/ 63% [retired] | /electric-scooter-accident-lawyers/escooter-pedestrian-accident/ 12% | /practice-areas/electric-scooter-accident-lawyers/myrtle-beach-sc/ 9% [retired] | /electric-scooter-accident-lawyers/escooter-vehicle-collision/ 3% | /blog/category/scooter-accident/ 3% [retired] | /locations/south-carolina/myrtle-beach/ 3%,myrtle beach scooter accident injury lawyers (283) | electric scooter accident lawyer myrtle beach (198) | myrtle beach escooter accident lawyer (184)
Darien GA,bicycle,563,0,27.0,1.76,213,0,18.3,799,0,30.5,1.76,7,79,19.7,28,13,12.2,/bicycle-accident-lawyers/darien-ga/ 38% [retired] | /locations/georgia/darien/ 23% | /blog/darien-i-95-truck-accident-lawyer/ 15% [retired] | /locations/georgia/darien/?[param/GBP] 15% | /locations/georgia/darien/eulonia/ 8% [retired],10,False,,,,/practice-areas/savannah/car-accident-lawyers/bike-accidents/ 23% [retired] | /bicycle-accident-lawyers/darien-ga/ 20% [retired] | /practice-areas/bicycle-accident-lawyers/ 8% | /locations/georgia/darien/ 8% | /blog/summer-driving-safety-tips/ 6% | /car-accident-lawyers/darien-ga/ 4% [retired],/bicycle-accident-lawyers/darien-ga/ 34% [retired] | /practice-areas/bicycle-accident-lawyers/ 20% | /locations/georgia/darien/ 19% | /car-accident-lawyers/darien-ga/ 10% [retired] | /locations/georgia/darien/brunswick/ 7% | /locations/georgia/darien/?[param/GBP] 3%,bicycle accidents attorney brunswick georgia (286) | darien bike accident lawyer (138) | darien bicycle accident lawyer (90) | mcintosh bicycle accident lawyer (28) | bicycle accidents lawyer brunswick georgia (17)
Columbia SC,rideshare,547,0,19.8,9.6,33,0,23.5,547,0,19.8,9.6,0,0,,0,0,,,0,False,,,,/car-accident-lawyers/columbia-sc/ 78% [retired] | /blog/five-points-columbia-uber-accident-lawyer/ 16% [retired] | /car-accident-lawyers/rideshare-uber-accident/ 4% | /practice-areas/car-accident-lawyers/columbia-sc/ 1% [retired] | /car-accident-lawyers/uber-lyft-accident/ 0% [retired] | /practice-areas/car-accident-lawyers/uber-lyft-accident/ 0% [retired],/blog/five-points-columbia-uber-accident-lawyer/ 94% [retired] | /car-accident-lawyers/columbia-sc/ 6% [retired],uber accident attorney west columbia (95) | uber accident lawyer west columbia (82) | columbia uber accident lawyer (71) | columbia uber accident attorney (64) | uber accident lawyer columbia (56)
statewide GA,pedestrian,516,0,63.3,44.06,79,0,44.1,719,1,54.2,17.33,0,15,22.9,6,2,8.0,/es/practice-areas/pedestrian-accident-lawyers/ 100%,5,False,,,/blog/georgia-pedestrian-right-of-way-laws/ | /blog/pedestrian-safety-georgia/,/practice-areas/pedestrian-accident-lawyers/ 32% | /practice-areas/savannah/car-accident-lawyers/pedestrian-accidents/ 20% [retired] | /practice-areas/macon/personal-injury-lawyers/ 19% [retired] | /practice-areas/macon/motorcycle-accident-lawyers/ 10% [retired] | /savannah/car-accident-lawyers/pedestrian-accidents/ 8% [retired] | /practice-areas/macon/car-accident-lawyers/ 4% [retired],/practice-areas/pedestrian-accident-lawyers/ 77% | /pedestrian-accident-lawyers/savannah-ga/ 9% [retired] | /es/practice-areas/pedestrian-accident-lawyers/ 6% | /practice-areas/savannah/car-accident-lawyers/pedestrian-accidents/ 5% [retired] | /golf-cart-accident-lawyers/golf-cart-pedestrian-accident/ 1% | /pedestrian-accident-lawyers/distracted-driver-pedestrian-accident/ 1% [retired],pedestrian injury lawyer macon ga (100) | pedestrian accident lawyer alpharetta ga (74) | georgia pedestrian accident lawyer (59) | pedestrian accident lawyer macon ga (46) | gainesville ga pedestrian accident lawyer (40)
Darien GA,x_boating,482,0,20.3,4.52,77,0,42.5,489,0,20.4,4.52,1,21,40.9,20,0,,,3,False,,,,/practice-areas/brunswick/boating-accident-lawyers/ 31% [retired] | /practice-areas/brunswick/personal-injury-lawyer/ 23% [retired] | /practice-areas/personal-injury-lawyers/ 10% | /practice-areas/boating-accident-lawyers/ 8% | /boating-accident-lawyers/darien-ga/ 4% [retired] | /blog/boating-safely-in-georgia/ 4%,/practice-areas/boating-accident-lawyers/ 27% | /boating-accident-lawyers/darien-ga/ 26% [retired] | /locations/georgia/darien/brunswick/ 25% | /car-accident-lawyers/darien-ga/ 14% [retired] | /blog/darien-river-boating-accident-lawyer/ 5% [retired] | /practice-areas/maritime-injury-lawyers/ 3%,boating injuries lawyer brunswick georgia (448) | boating accident lawyers new brunswick (19) | boating injuries attorney brunswick georgia (15)
statewide SC,x_burn,453,0,60.9,36.77,15,0,53.0,453,0,60.9,36.77,0,2,57.5,2,0,,,1,False,,,,/practice-areas/macon/burn-injury-lawyers/ 30% [retired] | /practice-areas/charleston/burn-injury-lawyers/ 26% [retired] | /practice-areas/burn-injury-lawyers/ 18% | /practice-area/burn-injury-lawyer/ 9% [retired] | /practice-areas/burn-injury-lawyers/myrtle-beach-sc/ 5% [retired] | /practice-areas/burn-injury-lawyers/charleston-sc/ 4% [retired],/practice-areas/burn-injury-lawyers/ 100%,south carolina burn injury attorney (239) | south carolina burn injury lawyer (202) | burn injury lawyer anderson sc (9) | burn injury attorney south carolina (1) | burn injury lawyer south carolina (1)
Darien GA,x_burn,382,0,19.3,2.52,3,0,62.7,387,0,19.8,2.52,0,0,,0,0,,,0,False,,,,/practice-areas/brunswick/burn-injury-lawyers/ 35% [retired] | /practice-areas/burn-injury-lawyers/ 33% | / 14% | /blog/steps-of-a-burn-injury-case/ 10% | /practice-areas/brunswick/personal-injury-lawyer/ 4% [retired] | /practice-areas/personal-injury-lawyers/ 1%,/practice-areas/burn-injury-lawyers/ 100%,darien burn injuries lawyer (214) | brunswick burn injury lawyer (144) | new brunswick burn injury attorneys (6) | new brunswick burn injury lawyers (6) | new brunswick burn injury lawyer (4)
statewide SC,rideshare,380,0,39.6,14.0,5,0,22.0,391,0,38.6,14.0,0,1,2.0,0,0,,,1,False,,,,/car-accident-lawyers/rideshare-uber-accident/ 45% | /car-accident-lawyers/uber-lyft-accident/ 37% [retired] | /practice-areas/car-accident-lawyers/uber-lyft-accident/ 13% [retired] | / 2% | /blog/dealing-with-uber-lyft-accident/ 2% | /blog/five-points-columbia-uber-accident-lawyer/ 1% [retired],/blog/five-points-columbia-uber-accident-lawyer/ 60% [retired] | /car-accident-lawyers/uber-lyft-accident/ 20% [retired] | /florence-sc-car-accident-lawyer/ 20% [retired],south carolina rideshare accident attorney (70) | south carolina rideshare accident lawyer (56) | south carolina uber accident attorney (44) | south carolina uber accident lawyer (38) | south carolina lyft accident attorney (34)
Myrtle Beach SC,x_burn,344,0,31.8,4.74,113,0,33.9,344,0,31.8,4.74,0,28,21.4,7,4,33.2,/burn-injury-lawyers/myrtle-beach-sc/ 50% [retired] | /locations/south-carolina/myrtle-beach/ 50%,2,False,,,,/locations/south-carolina/myrtle-beach/ 28% | /practice-areas/burn-injury-lawyers/myrtle-beach-sc/ 25% [retired] | /burn-injury-lawyers/myrtle-beach-sc/ 20% [retired] | /practice-areas/burn-injury-lawyers/ 18% | /practice-areas/charleston/burn-injury-lawyers/ 4% [retired] | / 1%,/burn-injury-lawyers/myrtle-beach-sc/ 58% [retired] | /locations/south-carolina/myrtle-beach/ 26% | /practice-areas/burn-injury-lawyers/ 16%,burn injury lawyer myrtle beach (240) | myrtle beach burn injury lawyer (88) | myrtle beach burn injury attorneys (16)
North Charleston SC,x_burn,235,0,48.5,6.07,45,0,35.8,235,0,48.5,6.07,0,11,29.2,1,0,,,2,False,,,,/practice-areas/charleston/burn-injury-lawyers/ 41% [retired] | /burn-injury-lawyers/north-charleston-sc/ 24% [retired] | /practice-areas/burn-injury-lawyers/charleston-sc/ 20% [retired] | /practice-areas/burn-injury-lawyers/ 6% | /burn-injury-lawyers/charleston-sc/ 4% [retired] | /practice-areas/burn-injury-lawyers/myrtle-beach-sc/ 3% [retired],/burn-injury-lawyers/north-charleston-sc/ 67% [retired] | /burn-injury-lawyers/charleston-sc/ 20% [retired] | /practice-areas/burn-injury-lawyers/ 13%,burn injury lawyer summerville (88) | burn injury attorney summerville (72) | summerville burn injury attorney (47) | summerville burn injury lawyer (28)
Darien GA,rideshare,210,0,16.0,7.14,143,0,10.1,211,0,16.2,7.14,0,38,14.2,0,7,12.0,/blog/eulonia-us-17-ocean-highway-rideshare-uber-accident-lawyer-mcintosh-county/ 57% [retired] | /blog/mcintosh-county-drunk-driver-accident-lawyer/ 14% [retired] | /blog/yamacraw-village-pedestrian-accident-lawyer/ 14% [retired] | /es/blog/eulonia-us-17-ocean-highway-rideshare-uber-accident-lawyer-mcintosh-county/ 14% [retired],6,False,,,,/blog/eulonia-us-17-ocean-highway-rideshare-uber-accident-lawyer-mcintosh-county/ 59% [retired] | /resources/logging-truck-accidents-us-17-mcintosh-glynn/ 6% | /car-accident-lawyers/darien-ga/ 6% [retired] | /blog/mcintosh-county-drunk-driver-accident-lawyer/ 5% [retired] | /practice-areas/car-accident-lawyers/rideshare-uber-accident/ 5% [retired] | /blog/category/rideshare-accident/ 4% [retired],/blog/eulonia-us-17-ocean-highway-rideshare-uber-accident-lawyer-mcintosh-county/ 87% [retired] | /blog/category/rideshare-accident/ 6% [retired] | /car-accident-lawyers/darien-ga/ 3% [retired] | /blog/darien-i-95-truck-accident-lawyer/ 1% [retired] | /blog/mcintosh-county-drunk-driver-accident-lawyer/ 1% [retired] | /blog/yamacraw-village-pedestrian-accident-lawyer/ 1% [retired],mcintosh rideshare accident lawyer (63) | mcintosh lyft accident lawyer (57) | mcintosh uber accident lawyer (48) | darien uber accident lawyer (33) | new brunswick uber accident lawyers (4)
Darien GA,x_construction,180,0,62.0,36.03,0,0,,180,0,62.0,36.03,0,0,,0,0,,,0,False,,,,/practice-areas/construction-accident-lawyers/ 42% | /practice-areas/brunswick/construction-accident-lawyers/ 38% [retired] | /practice-areas/charleston/personal-injury-lawyer/ 6% [retired] | /practice-areas/brunswick/personal-injury-lawyer/ 4% [retired] | /blog/category/personal-injury/ 4% [retired] | /practice-areas/personal-injury-lawyers/ 2%,,darien construction injury lawyer (112) | new brunswick construction injury lawyers (25) | new brunswick construction injury lawyer (18) | new brunswick construction injury attorney (13) | new brunswick construction injury attorneys (12)
Columbia SC,x_atv_utv,154,0,7.4,3.21,71,0,7.1,154,0,7.4,3.21,0,20,15.1,0,0,,,3,False,,,,/practice-areas/atv-side-by-side-accident-lawyers/columbia-sc/ 62% [retired] | /atv-side-by-side-accident-lawyers/columbia-sc/ 27% [retired] | /locations/south-carolina/columbia/ 3% | /atv-side-by-side-accident-lawyers/child-atv-injury/ 1% | /practice-areas/car-accident-lawyers/columbia-sc/ 1% [retired] | /truck-accident-lawyers/columbia-sc/ 1% [retired],/practice-areas/atv-side-by-side-accident-lawyers/columbia-sc/ 56% [retired] | /atv-side-by-side-accident-lawyers/columbia-sc/ 41% [retired] | /atv-side-by-side-accident-lawyers/savannah-ga/ 1% [retired] | /locations/south-carolina/columbia/west-columbia/ 1% [retired],columbia atv accident lawyer (154)
Darien GA,x_scooter,153,0,9.9,5.18,81,0,7.5,153,0,9.9,5.18,0,41,6.9,1,12,4.2,/electric-scooter-accident-lawyers/darien-ga/ 100% [retired],3,False,,,,/electric-scooter-accident-lawyers/darien-ga/ 50% [retired] | /practice-areas/electric-scooter-accident-lawyers/darien-ga/ 15% [retired] | /blog/eastern-wharf-harbor-street-electric-scooter-accident-lawyer/ 12% [retired] | /locations/georgia/darien/ 8% | /blog/mcintosh-county-drunk-driver-accident-lawyer/ 5% [retired] | /locations/georgia/darien/darien/ 1% [retired],/electric-scooter-accident-lawyers/darien-ga/ 73% [retired] | /blog/eastern-wharf-harbor-street-electric-scooter-accident-lawyer/ 24% [retired] | /blog/avoiding-motorcycle-crash-injuries/ 1% | /blog/darien-river-boating-accident-lawyer/ 1% [retired] | /blog/us-17-i-95-darien-wrongful-death-mcintosh-county/ 1% [retired],mcintosh scooter accident lawyer (153)
Myrtle Beach SC,x_atv_utv,117,0,29.9,3.4,34,0,10.5,117,0,29.9,3.4,0,10,11.5,1,3,26.7,/practice-areas/atv-side-by-side-accident-lawyers/myrtle-beach-sc/ 67% [retired] | /locations/south-carolina/myrtle-beach/ 33%,2,False,,,,/practice-areas/atv-side-by-side-accident-lawyers/myrtle-beach-sc/ 36% [retired] | /locations/south-carolina/myrtle-beach/ 20% | /atv-side-by-side-accident-lawyers/child-atv-injury/ 9% | /locations/south-carolina/myrtle-beach/red-hill/ 6% [retired] | /practice-areas/atv-side-by-side-accident-lawyers/columbia-sc/ 6% [retired] | /locations/south-carolina/myrtle-beach/galivants-ferry/ 3% [retired],/practice-areas/atv-side-by-side-accident-lawyers/myrtle-beach-sc/ 85% [retired] | /atv-side-by-side-accident-lawyers/child-atv-injury/ 6% | /locations/south-carolina/myrtle-beach/ 6% | /blog/category/atv-accident/ 3% [retired],myrtle beach atv accidents attorneys (117)
statewide GA,x_scooter,114,0,43.9,33.7,33,0,36.1,116,0,43.5,33.7,0,16,37.0,14,2,25.0,/electric-scooter-accident-lawyers/columbia-sc/ 50% [retired] | /electric-scooter-accident-lawyers/north-charleston-sc/ 50% [retired],3,False,,,,/electric-scooter-accident-lawyers/escooter-vehicle-collision/ 28% | /practice-areas/electric-scooter-accident-lawyers/ 27% | /electric-scooter-accident-lawyers/escooter-pedestrian-accident/ 15% | /electric-scooter-accident-lawyers/darien-ga/ 8% [retired] | /practice-areas/electric-scooter-accident-lawyers/escooter-vehicle-collision/ 5% [retired] | /electric-scooter-accident-lawyers/escooter-intersection-crash/ 4%,/electric-scooter-accident-lawyers/escooter-vehicle-collision/ 79% | /electric-scooter-accident-lawyers/escooter-pedestrian-accident/ 9% | /blog/category/scooter-accident/ 6% [retired] | /electric-scooter-accident-lawyers/columbia-sc/ 3% [retired] | /electric-scooter-accident-lawyers/north-charleston-sc/ 3% [retired],scooter accident lawyer atlanta ga (32) | e scooter accident lawyer atlanta ga (30) | scooter accident lawyers atlanta ga (29) | e scooter accident attorney atlanta ga (23)
Savannah GA,x_scooter,89,0,30.7,5.5,74,0,33.3,90,0,30.7,5.5,0,73,33.5,34,1,17.0,/electric-scooter-accident-lawyers/savannah-ga/ 100% [retired],6,False,,,,/electric-scooter-accident-lawyers/savannah-ga/ 44% [retired] | /electric-scooter-accident-lawyers/escooter-pedestrian-accident/ 19% | /electric-scooter-accident-lawyers/escooter-vehicle-collision/ 14% | /electric-scooter-accident-lawyers/columbia-sc/ 9% [retired] | /practice-areas/electric-scooter-accident-lawyers/ 6% | /pedestrian-accident-lawyers/savannah-ga/ 4% [retired],/electric-scooter-accident-lawyers/savannah-ga/ 36% [retired] | /electric-scooter-accident-lawyers/escooter-pedestrian-accident/ 23% | /electric-scooter-accident-lawyers/escooter-vehicle-collision/ 16% | /electric-scooter-accident-lawyers/columbia-sc/ 11% [retired] | /practice-areas/electric-scooter-accident-lawyers/ 7% | /pedestrian-accident-lawyers/savannah-ga/ 5% [retired],"e-scooter accident lawyer savannah, ga (72) | richmond hill e-scooter crash lawyer (17)"
statewide GA,rideshare,79,0,49.4,40.55,0,0,,81,0,49.1,40.55,0,0,,0,0,,,0,False,,,,/car-accident-lawyers/rideshare-uber-accident/ 96% | /practice-areas/macon/car-accident-lawyers/ 2% [retired] | /practice-areas/macon/truck-accident-lawyers/ 1% [retired],,georgia rideshare accident lawyers (58) | uber accident lawyer georgia (10) | uber accident attorney georgia (5) | uber accident attorney macon ga (3) | ga uber accident lawyers rome (2)
Columbia SC,x_scooter,65,0,17.8,7.73,23,0,12.3,65,0,17.8,7.73,0,13,3.8,0,2,5.5,/electric-scooter-accident-lawyers/columbia-sc/ 100% [retired],1,False,,,,/practice-areas/electric-scooter-accident-lawyers/columbia-sc/ 32% [retired] | /practice-areas/electric-scooter-accident-lawyers/ 29% | /electric-scooter-accident-lawyers/columbia-sc/ 20% [retired] | /blog/category/scooter-accident/ 6% [retired] | /electric-scooter-accident-lawyers/escooter-vehicle-collision/ 5% | /practice-areas/electric-scooter-accident-lawyers/charleston-sc/ 3% [retired],/electric-scooter-accident-lawyers/columbia-sc/ 56% [retired] | /practice-areas/electric-scooter-accident-lawyers/columbia-sc/ 26% [retired] | /blog/category/scooter-accident/ 17% [retired],columbia scooter accident attorney (33) | columbia electric scooter accident lawyer (24) | columbia scooter accident lawyer (8)
Myrtle Beach SC,x_maritime,60,0,21.9,11.9,9,0,36.6,60,0,21.9,11.9,0,4,7.3,0,3,8.3,/maritime-injury-lawyers/darien-ga/ 100% [retired],1,False,,,,/practice-areas/maritime-injury-lawyers/ 45% | /practice-areas/personal-injury-lawyers/ 18% | /maritime-injury-lawyers/darien-ga/ 15% [retired] | /maritime-injury-lawyers/myrtle-beach-sc/ 7% [retired] | /maritime-injury-lawyers/offshore-platform-injury/ 5% | /maritime-injury-lawyers/charleston-sc/ 3% [retired],/practice-areas/maritime-injury-lawyers/ 44% | /maritime-injury-lawyers/darien-ga/ 44% [retired] | /practice-areas/personal-injury-lawyers/ 11%,georgetown offshore injuries attorney (26) | georgetown offshore injuries lawyer (20) | offshore injuries attorney georgetown (8) | surfside maritime attorney (4) | offshore injuries lawyer georgetown (2)
Savannah GA,x_atv_utv,30,0,7.3,2.83,24,0,7.4,33,0,11.6,2.83,9,24,7.4,1,0,,,3,False,,,,/atv-side-by-side-accident-lawyers/savannah-ga/ 57% [retired] | /locations/georgia/savannah/?[param/GBP] 30% | /locations/georgia/savannah/ 10% | / 3%,/atv-side-by-side-accident-lawyers/savannah-ga/ 58% [retired] | /locations/georgia/savannah/?[param/GBP] 38% | /locations/georgia/savannah/ 4%,atv accident attorneys savannah (21) | atv accident lawyers savannah (9)
statewide GA,x_atv_utv,24,0,14.5,,19,0,14.7,24,0,14.5,,0,19,14.7,19,0,,,2,False,,,,/atv-side-by-side-accident-lawyers/child-atv-injury/ 58% | /atv-side-by-side-accident-lawyers/side-by-side-utv-accident/ 21% | /practice-areas/atv-side-by-side-accident-lawyers/atv-rollover-accident/ 8% [retired] | /practice-areas/atv-side-by-side-accident-lawyers/darien-ga/ 8% [retired] | /atv-side-by-side-accident-lawyers/darien-ga/ 4% [retired],/atv-side-by-side-accident-lawyers/child-atv-injury/ 74% | /atv-side-by-side-accident-lawyers/side-by-side-utv-accident/ 26%,atv accident attorneys georgia (10) | atv accident lawyers georgia (9) | georgia atv accident attorney (2) | georgia atv accident lawyer (2) | atv accident lawyer roswell ga (1)
Darien GA,x_product_masstort,3,0,96.7,,0,0,,89,0,16.6,3.68,0,0,,0,0,,,0,False,,,,/practice-areas/product-liability-lawyers/ 100%,,st. marys county defective product lawyer (3)
statewide GA,x_golf_cart,1,0,97.0,,0,0,,4,0,42.8,,0,0,,0,0,,,0,False,,,,/locations/georgia/savannah/ 100%,,georgia golf cart accident attorney (1)
statewide SC,brand,0,0,,,0,0,,80,0,31.9,29.12,0,0,,0,0,,,0,False,,,,,,
Darien GA,x_atv_utv,0,0,,,0,0,,1,0,7.0,,0,0,,0,0,,,0,False,,,,,,
Savannah GA,brand,0,0,,,0,0,,2809,106,2.6,1.0,292,0,,0,0,,,0,False,,,,,,
statewide GA,brand,0,0,,,0,0,,156,9,2.5,1.16,5,0,,0,0,,,0,False,,,,,,
North Charleston SC,brand,0,0,,,0,0,,1058,46,3.7,1.05,95,0,,0,0,,,0,False,,,,,,
statewide SC,x_atv_utv,0,0,,,0,0,,5,0,1.8,,0,0,,0,0,,,0,False,,,,,,
Darien GA,x_golf_cart,0,0,,,0,0,,2,0,28.5,,0,0,,0,0,,,0,False,,,,,,
