url,impr30,clicks30,pos30,impr90,clicks16,param_or_gbp_only,redirect_target,resolved_by,hops,target_in_sitemap,triage_class,top_queries90,kind,live_check_2026_09_26
/car-accident-lawyers/savannah-ga/,21641,0,18.7,48572,3,False,/practice-areas/car-accident-lawyers/,map,1,True,REMOVE,car accident lawyer (3836) | car accident attorney (1427) | savannah car accident lawyer (1306),retired/redirected,
/personal-injury-lawyers/charleston-sc/,16240,3,21.2,23303,3,False,/practice-areas/personal-injury-lawyers/,map,1,True,REMOVE,personal injury lawyer (1480) | charleston personal injury lawyer (1269) | charleston personal injury attorney (705),retired/redirected,
/car-accident-lawyers/columbia-sc/,11606,4,12.7,23841,9,False,/practice-areas/car-accident-lawyers/,map,1,True,REMOVE,columbia car accident lawyer (2571) | columbia car accident attorney (1644) | car accident lawyer (1420),retired/redirected,
/workers-compensation-lawyers/savannah-ga/,10870,2,10.5,15806,2,False,/practice-areas/workers-compensation-lawyers/,map,1,True,REMOVE,workers compensation lawyer (547) | workers comp lawyer (496) | workers compensation attorney (437),retired/redirected,
/medical-malpractice-lawyers/savannah-ga/,10542,2,15.6,24909,8,False,/practice-areas/medical-malpractice-lawyers/,map,1,True,REMOVE,medical malpractice lawyer (4101) | medical malpractice attorney (1059) | savannah medical malpractice lawyer (714),retired/redirected,
/workers-compensation-lawyers/charleston-sc/,10144,1,12.7,20675,3,False,/practice-areas/workers-compensation-lawyers/,map,1,True,REMOVE,workers compensation lawyer (1235) | workers compensation attorney (878) | workers comp attorney (533),retired/redirected,
/boating-accident-lawyers/columbia-sc/,9352,0,30.8,11960,1,False,/practice-areas/boating-accident-lawyers/,map,1,True,REMOVE,boat accident lawyer (1066) | boating accident lawyer (1033) | boat accident attorney (929),retired/redirected,
/truck-accident-lawyers/charleston-sc/,7087,0,18.0,23481,0,False,/practice-areas/truck-accident-lawyers/,map,1,True,REMOVE,truck accident lawyer (2238) | charleston truck accident lawyer (1325) | truck accident attorney (1048),retired/redirected,
/truck-accident-lawyers/savannah-ga/,6067,0,13.6,8813,1,False,/practice-areas/truck-accident-lawyers/,map,1,True,REMOVE,truck accident lawyer (987) | truck accident attorney (660) | savannah truck accident lawyer (572),retired/redirected,
/dog-bite-lawyers/charleston-sc/,4683,0,15.2,12040,1,False,/practice-areas/dog-bite-lawyers/,map,1,True,REMOVE,dog bite lawyer in goose creek (1472) | dog bite lawyer (958) | dog bite attorney (790),retired/redirected,
/medical-malpractice-lawyers/charleston-sc/,4601,3,19.6,10389,6,False,/practice-areas/medical-malpractice-lawyers/,map,1,True,REMOVE,medical malpractice lawyer (1075) | charleston medical malpractice lawyer (672) | charleston medical malpractice attorney (641),retired/redirected,
/car-accident-lawyers/charleston-sc/,3884,0,37.8,41421,6,False,/practice-areas/car-accident-lawyers/,map,1,True,REMOVE,charleston car accident lawyer (1533) | charleston car accident attorney (1149) | charleston accident attorney (962),retired/redirected,
/motorcycle-accident-lawyers/charleston-sc/,3644,0,21.7,12136,0,False,/practice-areas/motorcycle-accident-lawyers/,map,1,True,REMOVE,charleston motorcycle accident lawyer (1336) | motorcycle accident lawyer in goose creek (726) | charleston motorcycle accident attorney (598),retired/redirected,
/product-liability-lawyers/columbia-sc/,3489,0,21.5,10279,3,False,/practice-areas/product-liability-lawyers/,map,1,True,REMOVE,columbia defective product lawyer (734) | columbia defective product attorney (672) | product liability lawyer columbia sc (670),retired/redirected,
/workers-compensation-lawyers/myrtle-beach-sc/,3203,0,13.3,8468,4,False,/practice-areas/workers-compensation-lawyers/,map,1,True,REMOVE,myrtle beach workers compensation lawyer (412) | workers compensation attorney myrtle beach (379) | workers compensation lawyer (333),retired/redirected,
/pedestrian-accident-lawyers/charleston-sc/,3077,0,13.5,8382,0,False,/practice-areas/pedestrian-accident-lawyers/,map,1,True,REMOVE,pedestrian accident lawyer in goose creek (2168) | pedestrian accident lawyer (1399) | charleston pedestrian accident lawyer (557),retired/redirected,
/slip-and-fall-lawyers/charleston-sc/,2872,0,24.9,4186,0,False,/practice-areas/slip-and-fall-lawyers/,map,1,True,REMOVE,charleston slip and fall lawyer (377) | charleston slip and fall attorney (345) | slip and fall lawyer charleston (197),retired/redirected,
/es/car-accident-lawyers/north-charleston-sc/,2734,0,18.8,5669,1,False,/es/practice-areas/car-accident-lawyers/,map,1,True,REMOVE,abogado de accidente de auto near me (295) | abogado de accidente de carro cerca de mi (245) | abogado de accidentes automovilísticos north charleston (211),retired/redirected,
/premises-liability-lawyers/savannah-ga/,2638,1,10.8,4182,3,False,/practice-areas/premises-liability-lawyers/,map,1,True,REMOVE,savannah premises liability lawyer (320) | premises liability lawyer (253) | savannah premises liability attorney (220),retired/redirected,
/slip-and-fall-lawyers/savannah-ga/,2296,0,17.0,9029,1,False,/practice-areas/slip-and-fall-lawyers/,map,1,True,REMOVE,slip and fall attorney (533) | slip and fall lawyer (532) | savannah slip and fall lawyer (370),retired/redirected,
/wrongful-death-lawyers/charleston-sc/,2266,0,16.8,8413,0,False,/practice-areas/wrongful-death-lawyers/,map,1,True,REMOVE,charleston wrongful death lawyer (1168) | charleston wrongful death attorney (1119) | wrongful death attorney charleston (643),retired/redirected,
/construction-accident-lawyers/savannah-ga/,2113,0,11.6,4970,0,False,/practice-areas/construction-accident-lawyers/,map,1,True,REMOVE,construction accident attorney (495) | construction accident lawyer (493) | savannah construction accident lawyer (418),retired/redirected,
/product-liability-lawyers/charleston-sc/,1857,0,13.9,5774,1,False,/practice-areas/product-liability-lawyers/,map,1,True,REMOVE,product liability lawyer charleston sc (484) | charleston defective product lawyer (476) | charleston defective product attorney (379),retired/redirected,
/dog-bite-lawyers/savannah-ga/,1795,0,11.2,4964,1,False,/practice-areas/dog-bite-lawyers/,map,1,True,REMOVE,savannah dog bite lawyer (580) | dog bite lawyer (519) | dog bite attorney (493),retired/redirected,
/nursing-home-abuse-lawyers/columbia-sc/,1679,0,13.5,1679,0,False,/practice-areas/nursing-home-abuse-lawyers/,map,1,True,REMOVE,columbia nursing home abuse lawyer (139) | nursing home abuse lawyer (117) | columbia nursing home abuse attorney (96),retired/redirected,
/pedestrian-accident-lawyers/savannah-ga/,1476,1,21.3,1476,1,False,/practice-areas/pedestrian-accident-lawyers/,map,1,True,REMOVE,pedestrian accident attorney (276) | pedestrian accident lawyer (224) | savannah car accident lawyer (86),retired/redirected,
/product-liability-lawyers/savannah-ga/,1406,0,13.3,4302,0,False,/practice-areas/product-liability-lawyers/,map,1,True,REMOVE,savannah product liability attorney (339) | product liability attorney savannah (308) | savannah defective product lawyer (288),retired/redirected,
/nursing-home-abuse-lawyers/savannah-ga/,1319,1,13.7,3711,2,False,/practice-areas/nursing-home-abuse-lawyers/,map,1,True,REMOVE,savannah nursing home abuse lawyer (629) | nursing home abuse lawyer (584) | nursing home abuse attorney (431),retired/redirected,
/motorcycle-accident-lawyers/myrtle-beach-sc/,1283,0,29.1,2997,0,False,/practice-areas/motorcycle-accident-lawyers/,map,1,True,REMOVE,myrtle beach motorcycle accident lawyer (243) | myrtle beach motorcycle accident attorney (220) | motorcycle accident lawyer (196),retired/redirected,
/brain-injury-lawyers/savannah-ga/,1255,0,17.8,3696,0,False,/practice-areas/brain-injury-lawyers/,map,1,True,REMOVE,brain injury lawyer (410) | savannah brain injury attorney (380) | savannah brain injury lawyer (286),retired/redirected,
/brunswick/personal-injury-lawyer/,1242,3,2.3,3495,53,True,/practice-areas/personal-injury-lawyers/,live check,2,True,,personal injury lawyer (146) | car accident lawyer (138) | motorcycle accident lawyer (125),retired/redirected,301
/bicycle-accident-lawyers/columbia-sc/,1192,0,13.4,1192,0,False,/practice-areas/bicycle-accident-lawyers/,map,1,True,REMOVE,columbia bicycle accident lawyer (265) | columbia bicycle accident attorney (191) | bicycle accident lawyer (109),retired/redirected,
/attorneys/,1159,33,13.1,3775,259,False,,,0,False,,roden law (590) | roden law firm (349) | roden law firm charleston sc (100),live but not in sitemap (index/archive/testimonial/other),200
/nursing-home-abuse-lawyers/charleston-sc/,1138,1,17.0,1138,1,False,/practice-areas/nursing-home-abuse-lawyers/,map,1,True,REMOVE,charleston nursing home abuse lawyer (102) | charleston nursing home lawyer (76) | nursing home abuse lawyer (54),retired/redirected,
/locations/south-carolina/charleston/mount-pleasant/,1115,0,15.6,1650,3,False,/locations/south-carolina/charleston/,map,1,True,EVALUATE,"""(843) 790-8999"" roden law (109) | mount pleasant personal injury lawyer (69) | mount pleasant car accident lawyers (63)",retired/redirected,
/practice-areas/savannah/car-accident-lawyers/pedestrian-accidents/,1086,0,18.8,4884,2,False,/practice-areas/pedestrian-accident-lawyers/,map,2,True,,pedestrian accident lawyer (944) | pedestrian accident attorney (894) | savannah pedestrian accident lawyer (374),retired/redirected,
/practice-areas/spinal-cord-injury-lawyers/charleston-sc/,1047,0,17.9,3536,0,False,/practice-areas/spinal-cord-injury-lawyers/,nested-pa,2,True,,charleston spinal cord injury lawyer (462) | charleston spinal cord injury attorney (305) | spinal cord injury lawyer charleston (136),retired/redirected,
/bicycle-accident-lawyers/charleston-sc/,946,0,12.6,946,0,False,/practice-areas/bicycle-accident-lawyers/,map,1,True,REMOVE,bicycle accident lawyer in goose creek (358) | charleston bicycle accident attorney (67) | bicycle accident attorney north charleston (64),retired/redirected,
/construction-accident-lawyers/charleston-sc/,871,0,19.2,2695,0,False,/practice-areas/construction-accident-lawyers/,map,1,True,REMOVE,charleston construction accident lawyer (397) | charleston construction accident attorney (321) | construction accident lawyer (309),retired/redirected,
/burn-injury-lawyers/columbia-sc/,743,2,9.8,2152,2,False,/practice-areas/burn-injury-lawyers/,map,1,True,REMOVE,columbia burn injury lawyer (324) | columbia burn injury attorney (285) | burn injury attorney columbia (271),retired/redirected,
/premises-liability-lawyers/charleston-sc/,734,0,20.3,734,0,False,/practice-areas/premises-liability-lawyers/,map,1,True,REMOVE,charleston premises liability lawyer (89) | premises liability lawyer (80) | premises liability attorney (57),retired/redirected,
/construction-accident-lawyers/columbia-sc/,720,0,9.4,2184,0,False,/practice-areas/construction-accident-lawyers/,map,1,True,REMOVE,construction accident lawyer columbia (333) | construction accident attorney columbia (306) | columbia construction accident lawyer (266),retired/redirected,
/car-accident-lawyers/darien-ga/,697,0,30.7,6701,3,False,/practice-areas/car-accident-lawyers/,map,1,True,REMOVE,car accident lawyer (189) | brunswick car accident lawyer (139) | brunswick personal injury lawyer (105),retired/redirected,
/locations/south-carolina/north-charleston/goose-creek/,694,0,26.3,1664,2,False,/locations/south-carolina/north-charleston/,map,1,True,EVALUATE,hit and run lawyer in goose creek (230) | car accident lawyer in goose creek (160) | goose creek pedestrian accident attorney (140),retired/redirected,
/es/car-accident-lawyers/myrtle-beach-sc/,659,0,11.6,1634,0,False,/es/practice-areas/car-accident-lawyers/,map,1,True,REMOVE,abogado de accidentes de carro myrtle beach (202) | mejor abogado de accidentes automovilísticos en myrtle beach (184) | abogado de accidentes automovilísticos myrtle beach (176),retired/redirected,
/bicycle-accident-lawyers/myrtle-beach-sc/,651,0,12.6,1486,0,False,/practice-areas/bicycle-accident-lawyers/,map,1,True,REMOVE,bicycle accident lawyer in conway (828) | abogado de accidentes de bicicleta myrtle beach (118) | myrtle beach bicycle accident lawyer (112),retired/redirected,
/practice-areas/bicycle-accident-lawyers/charleston-sc/,648,0,18.6,5257,0,False,/practice-areas/bicycle-accident-lawyers/,nested-pa,2,True,,bicycle accident lawyer in goose creek (2233) | charleston bicycle accident attorney (366) | charleston bicycle accident lawyer (363),retired/redirected,
/maritime-injury-lawyers/savannah-ga/,598,0,25.5,1595,1,False,/practice-areas/maritime-injury-lawyers/,map,1,True,REMOVE,savannah maritime lawyer (208) | savannah boat accident attorney (164) | savannah boat accident lawyer (161),retired/redirected,
/boating-accident-lawyers/charleston-sc/,587,0,17.0,1883,0,False,/practice-areas/boating-accident-lawyers/,map,1,True,REMOVE,charleston boating accident attorney (278) | charleston boating accident lawyer (240) | charleston boat accident attorney (239),retired/redirected,
/es/motorcycle-accident-lawyers/north-charleston-sc/,570,0,14.7,847,0,False,/es/practice-areas/motorcycle-accident-lawyers/,map,1,True,REMOVE,mejor abogado de accidentes de motocicleta north charleston (123) | abogado de lesiones de motocicleta north charleston (118) | abogado de lesiones de motocicleta en north charleston (117),retired/redirected,
/premises-liability-lawyers/myrtle-beach-sc/,533,0,7.5,1180,1,False,/practice-areas/premises-liability-lawyers/,map,1,True,REMOVE,myrtle beach premises liability lawyer (447) | premises liability lawyer myrtle beach sc (223) | myrtle beach premises liability attorney (84),retired/redirected,
/nursing-home-abuse-lawyers/myrtle-beach-sc/,528,0,15.9,1223,1,False,/practice-areas/nursing-home-abuse-lawyers/,map,1,True,REMOVE,nursing home abuse lawyer (185) | nursing home abuse law firm georgetown (155) | nursing home abuse lawyer myrtle beach sc (132),retired/redirected,
/practice-areas/nursing-home-abuse-lawyers/financial-exploitation-seniors/,503,5,13.4,1475,33,False,/nursing-home-abuse-lawyers/financial-exploitation-seniors/,nested-pa,1,True,,elder abuse laws sc (58) | ocga 16-5-102 (26) | elderly abuse attorney lexington sc (19),retired/redirected,
/es/truck-accident-lawyers/myrtle-beach-sc/,503,0,12.2,1222,0,False,/es/practice-areas/truck-accident-lawyers/,map,1,True,REMOVE,mejor abogado de accidentes de camiones myrtle beach (192) | mejor abogado de accidentes de camiones en myrtle beach (191) | abogado de accidentes de truck (159),retired/redirected,
/pedestrian-accident-lawyers/columbia-sc/,495,0,21.6,1915,1,False,/practice-areas/pedestrian-accident-lawyers/,map,1,True,REMOVE,columbia pedestrian accident lawyer (913) | columbia pedestrian accident attorney (660) | pedestrian accident lawyer columbia sc (110),retired/redirected,
/truck-accident-lawyers/underride-override-accident/,491,0,29.0,1158,0,False,/practice-areas/truck-accident-lawyers/,map,1,True,KEEP,underride accident lawyer (503) | underride accident attorney (111) | underride truck accident lawyer (69),retired/redirected,
/practice-areas/charleston/nursing-home-abuse-attorneys/,477,0,32.3,2738,0,False,/practice-areas/nursing-home-abuse-lawyers/,map,2,True,,charleston nursing home abuse lawyer (264) | charleston nursing home lawyer (200) | charleston nursing home abuse attorney (170),retired/redirected,
/practice-areas/premises-liability-lawyers/columbia-sc/,472,0,12.0,1858,1,False,/practice-areas/premises-liability-lawyers/,nested-pa,2,True,,premises liability attorney columbia (632) | premises liability law firm columbia (456) | columbia premises liability lawyer (217),retired/redirected,
/locations/,464,1,6.5,1624,12,False,,,0,False,,"roden law (179) | ""(843) 790-8999"" roden law (152) | eric roden (141)",live but not in sitemap (index/archive/testimonial/other),200
/burn-injury-lawyers/charleston-sc/,457,0,15.9,1479,1,False,/practice-areas/burn-injury-lawyers/,map,1,True,REMOVE,burn injury lawyer charleston (220) | burn injury attorney charleston (168) | charleston burn injury attorney (147),retired/redirected,
/slip-and-fall-lawyers/myrtle-beach-sc/,454,0,22.5,2052,0,False,/practice-areas/slip-and-fall-lawyers/,map,1,True,REMOVE,myrtle beach slip and fall lawyer (307) | myrtle beach slip and fall attorney (243) | slip and fall lawyer myrtle beach (196),retired/redirected,
/es/motorcycle-accident-lawyers/myrtle-beach-sc/,434,0,5.9,658,0,False,/es/practice-areas/motorcycle-accident-lawyers/,map,1,True,REMOVE,abogado de accidentes de motocicleta en myrtle beach (157) | abogado de lesiones de motocicleta en myrtle beach (128) | abogado de lesiones de motocicleta myrtle beach (119),retired/redirected,
/practice-areas/,428,0,6.5,1686,7,False,,,0,False,,"roden law (309) | ""(843) 790-8999"" roden law (144) | eric roden (139)",live but not in sitemap (index/archive/testimonial/other),200
/medical-malpractice-lawyers/darien-ga/,426,1,15.7,1332,1,False,/practice-areas/medical-malpractice-lawyers/,map,1,True,REMOVE,"""9-11-9.1"" ""magistrate court"" georgia (236) | ""expert affidavit"" ""magistrate court"" georgia malpractice (84) | medical malpractice lawyer (46)",retired/redirected,
/locations/georgia/savannah/downtown-savannah/,416,1,36.5,1269,8,False,/locations/georgia/savannah/,map,1,True,REMOVE,roden law savannah ga (85) | savannah premises liability lawyer (66) | roden law (53),retired/redirected,
/dog-bite-lawyers/myrtle-beach-sc/,406,0,17.1,1685,1,False,/practice-areas/dog-bite-lawyers/,map,1,True,REMOVE,dog bite lawyer in myrtle beach (410) | dog bite attorney myrtle beach (255) | dog bite lawyer myrtle beach (250),retired/redirected,
/locations/georgia/darien/st-simons-island/,399,0,10.6,1095,4,False,/locations/georgia/darien/,map,1,True,REMOVE,st simons island personal injury attorney (114) | st simons island car accident attorney (96) | st simons island motorcycle accident attorney (92),retired/redirected,
/practice-areas/burn-injury-lawyers/chemical-burn-injury/,393,0,16.9,1658,2,False,/burn-injury-lawyers/chemical-burn-injury/,nested-pa,1,True,,chemical burn lawsuit (139) | chemical burn attorneys (105) | industrial liquid chemical injury attorneys (84),retired/redirected,
/workers-compensation-lawyers/fatal-workplace-accident/,388,0,39.4,922,0,False,/practice-areas/workers-compensation-lawyers/,map,1,True,KEEP,law firm work related death (124) | work related death law firm (120) | attorney work related death (119),retired/redirected,
/locations/south-carolina/myrtle-beach/murrells-inlet/,381,1,10.5,1246,2,False,/locations/south-carolina/myrtle-beach/,map,1,True,REMOVE,murrells inlet car accident lawyer (180) | murrells inlet car accident attorney (88) | personal injury attorney murrells inlet sc (81),retired/redirected,
/premises-liability-lawyers/north-charleston-sc/,373,0,40.8,2609,0,False,/practice-areas/premises-liability-lawyers/,map,1,True,REMOVE,charleston premises liability lawyer (340) | charleston premises liability attorney (284) | premise liability lawyer charleston sc (159),retired/redirected,
/es/motorcycle-accident-lawyers/charleston-sc/,367,0,12.1,555,0,False,/es/practice-areas/motorcycle-accident-lawyers/,map,1,True,REMOVE,abogado de lesiones de motocicleta north charleston (138) | abogado de lesiones de motocicleta en north charleston (123) | abogado de accidentes de motocicleta en north charleston (121),retired/redirected,
/practice-areas/nursing-home-abuse-lawyers/wrongful-death-nursing-home/,357,0,34.0,366,1,False,/nursing-home-abuse-lawyers/wrongful-death-nursing-home/,nested-pa,1,True,,nursing home wrongful death attorney (78) | nursing home wrongful death (70) | nursing home wrongful death attorneys (57),retired/redirected,
/locations/south-carolina/charleston/downtown-charleston/,353,2,30.9,1952,16,False,/locations/south-carolina/charleston/,map,1,True,REMOVE,charleston pedestrian accident lawyer (197) | charleston pedestrian accident attorney (161) | roden law firm (156),retired/redirected,
/electric-scooter-accident-lawyers/columbia-sc/,352,0,31.8,352,0,False,/practice-areas/electric-scooter-accident-lawyers/,map,1,True,REMOVE,scooter accident lawyers (32) | scooter accident lawyer (15) | scooter accident lawyer monticello (13),retired/redirected,
/es/bicycle-accident-lawyers/charleston-sc/,334,0,25.3,643,0,False,/es/practice-areas/bicycle-accident-lawyers/,map,1,True,REMOVE,abogado de accidentes de bicicleta (145) | abogado de accidentes de bicicleta north charleston (92) | abogado de accidente de bicicleta (73),retired/redirected,
/burn-injury-lawyers/savannah-ga/,331,0,13.9,1163,0,False,/practice-areas/burn-injury-lawyers/,map,1,True,REMOVE,burn injury lawyer savannah ga (176) | burn injury attorney savannah ga (152) | burn injury lawyer (90),retired/redirected,
/es/car-accident-lawyers/charleston-sc/,303,0,12.4,622,0,False,/es/practice-areas/car-accident-lawyers/,map,1,True,REMOVE,abogado de accidente de auto charleston (123) | abogado latino para accidente de carro (115) | abogado de accidente de coche charleston (83),retired/redirected,
/personal-injury-lawyers/savannah-ga/,300,0,32.7,300,0,False,/practice-areas/personal-injury-lawyers/,map,1,True,,savannah personal injury lawyer (19) | personal injury lawyer savannah ga (15) | savannah defective product attorney (15),retired/redirected,
/locations/south-carolina/columbia/lexington/,294,0,29.2,475,0,False,/locations/south-carolina/columbia/,map,1,True,REMOVE,personal injury lawyer lexington sc (62) | lexington sc personal injury lawyer (54) | lexington personal injury lawyer (31),retired/redirected,
/boating-accident-lawyers/jet-ski-personal-watercraft/,292,0,46.5,345,0,False,/practice-areas/boating-accident-lawyers/,map,1,True,KEEP,jet ski accident attorney duluth ga (89) | jet ski accident attorney (25) | jet ski accident lawyer (18),retired/redirected,
/locations/south-carolina/columbia/west-columbia/,288,1,17.2,344,2,False,/locations/south-carolina/columbia/,map,1,True,EVALUATE,"""(843) 790-8999"" roden law (40) | injury lawyer columbia sc (25) | personal injury lawyer columbia sc (21)",retired/redirected,
/locations/south-carolina/myrtle-beach/little-river/,288,0,9.3,415,1,False,/locations/south-carolina/myrtle-beach/,map,1,True,REMOVE,little river golf cart accident lawyer (58) | little river personal injury lawyer (41) | little river car accident lawyer (39),retired/redirected,
/es/pedestrian-accident-lawyers/charleston-sc/,287,0,22.5,896,0,False,/es/practice-areas/pedestrian-accident-lawyers/,map,1,True,REMOVE,abogado de accidentes automovilísticos north charleston (76) | mejor abogado de resbalones y caídas north charleston (72) | abogado de lesiones charleston (61),retired/redirected,
/boating-accident-lawyers/savannah-ga/,285,0,7.2,763,0,False,/practice-areas/boating-accident-lawyers/,map,1,True,REMOVE,savannah boat accident lawyer (247) | savannah boat accident attorney (190) | savannah boat accidents attorney (56),retired/redirected,
/practice-areas/savannah/wrongful-death-lawyers/statute-of-limitations/,278,0,14.1,650,9,False,/practice-areas/wrongful-death-lawyers/,map,2,True,,wrongful death savannah (59) | over the legal limit lawyers (42) | wrongful death lawyer savannah ga (39),retired/redirected,
/blog/i-77-truck-accident-northeast-columbia-richland-county/,276,1,9.6,932,16,False,/practice-areas/truck-accident-lawyers/,map,1,True,KEEP,richland truck accident settlement (17) | columbia overloaded truck accident (16) | 18 wheeler accident guide 2026 (12),retired/redirected,
/practice-areas/dog-bite-lawyers/dog-on-dog-attack/,272,2,9.7,1933,38,False,/dog-bite-lawyers/dog-on-dog-attack/,nested-pa,1,True,,my dog was attacked by another dog what are my rights (41) | lawyer for dog attacking another dog (40) | personal injury lawyer dog attack (37),retired/redirected,
/contact-us/,268,0,10.6,883,83,False,/contact/,map,1,True,,roden law (93) | roden law firm (72) | roden law charleston (36),retired/redirected,
/es/truck-accident-lawyers/charleston-sc/,266,0,14.1,1428,0,False,/es/practice-areas/truck-accident-lawyers/,map,1,True,REMOVE,abogado de accidente de rastra (246) | mejor abogado de accidentes de camiones en north charleston (158) | mejor abogado de accidentes de camiones north charleston (135),retired/redirected,
/spinal-cord-injury-lawyers/columbia-sc/,266,0,18.1,982,0,False,/practice-areas/spinal-cord-injury-lawyers/,map,1,True,REMOVE,spinal cord injury lawyer columbia (317) | spinal cord injury attorney columbia (255) | columbia spinal cord injury lawyer (132),retired/redirected,
/bicycle-accident-lawyers/darien-ga/,255,0,25.8,343,1,False,/practice-areas/bicycle-accident-lawyers/,map,1,True,REMOVE,darien bicycle accident lawyer (29) | darien bike accident lawyer (23) | bicycle accident lawyer (19),retired/redirected,
/florence-sc-workers-compensation-lawyer/,253,0,13.0,1004,1,False,/practice-areas/workers-compensation-lawyers/,map,1,True,REMOVE,workers compensation lawyer florence (98) | work comp lawyer florence (61) | work injury attorney florence (55),retired/redirected,
/dog-bite-lawyers/columbia-sc/,248,0,14.0,1102,2,False,/practice-areas/dog-bite-lawyers/,map,1,True,REMOVE,dog bite lawyer columbia (308) | dog bite attorney columbia (299) | columbia dog bite attorney (246),retired/redirected,
/practice-areas/premises-liability-lawyers/charleston-sc/,247,0,20.9,1430,1,False,/practice-areas/premises-liability-lawyers/,nested-pa,2,True,,charleston premises liability lawyer (300) | charleston premises liability attorney (236) | premises liability attorney charleston (167),retired/redirected,
/brain-injury-lawyers/charleston-sc/,244,0,11.2,579,0,False,/practice-areas/brain-injury-lawyers/,map,1,True,REMOVE,charleston head injury law firm (95) | head injury law firm in charleston (93) | charleston head injury attorneys (76),retired/redirected,
/product-liability-lawyers/myrtle-beach-sc/,240,0,17.3,790,0,False,/practice-areas/product-liability-lawyers/,map,1,True,REMOVE,myrtle beach defective product attorney (215) | myrtle beach defective product lawyer (186) | myrtle beach defective products lawyer (112),retired/redirected,
/blog/blog-when-does-workers-compensation-stop-paying/,234,0,9.4,284,0,False,/blog/when-does-workers-compensation-stop-paying/,live check,0,True,,when does workers comp stop paying (5) | when do ttd payments stop (3) | 42-9-30 (1),retired/redirected,301
/blog/motorcycle-accident-i-95-glynn-county-brunswick-darien/,232,0,18.1,708,62,False,/practice-areas/motorcycle-accident-lawyers/,map,1,True,KEEP,glynn county motorcycle accident lawyer (99) | motorcycle wrecks brunswick georgia (48) | motorcycle wrecks lawyer brunswick georgia (36),retired/redirected,
/wrongful-death-lawyers/darien-ga/,232,0,17.4,323,1,False,/practice-areas/wrongful-death-lawyers/,map,1,True,REMOVE,darien wrongful death lawyer (28) | wrongful death attorney brunswick ga (21) | brunswick wrongful death lawyer (18),retired/redirected,
/practice-areas/brain-injury-lawyers/columbia-sc/,227,0,17.9,1889,0,False,/practice-areas/brain-injury-lawyers/,nested-pa,2,True,,columbia brain injury lawyer (290) | brain injury lawyer columbia (224) | columbia brain damage lawyer (217),retired/redirected,
/bicycle-accident-lawyers/savannah-ga/,226,0,15.4,1043,0,False,/practice-areas/bicycle-accident-lawyers/,map,1,True,REMOVE,savannah bicycle accident lawyer (208) | bicycle accident law firm savannah ga (102) | savannah bicycle accident attorney (97),retired/redirected,
/blog/litchfield-beach-pawleys-island-us-17-car-accident-georgetown-county/,225,0,8.5,742,80,False,/practice-areas/car-accident-lawyers/,map,1,True,KEEP,fatal car accident in pawleys island today (34) | attorney for accident on highway 17 bypass (4) | accident on hwy 17 pawleys island today (3),retired/redirected,
/electric-scooter-accident-lawyers/north-charleston-sc/,225,0,25.8,499,0,False,/practice-areas/electric-scooter-accident-lawyers/,map,1,True,REMOVE,scooter accident lawyer charleston (110) | electric scooter accident lawyer charleston (86) | electric scooter accident attorney charleston (78),retired/redirected,
/locations/south-carolina/charleston/james-island/,224,0,16.0,448,1,False,/locations/south-carolina/charleston/,map,1,True,EVALUATE,"""(843) 790-8999"" roden law (106) | james island mold lawyer (43) | car accident attorney in james island sc (27)",retired/redirected,
/locations/south-carolina/charleston/downtown-charleston/king-street-district/,221,2,7.2,476,12,False,/locations/south-carolina/charleston/,map,1,True,REMOVE,"""(843) 790-8999"" roden law (115) | roden law (45) | roden law firm charleston sc (34)",retired/redirected,
/atv-side-by-side-accident-lawyers/charleston-sc/,217,0,26.1,217,0,False,/practice-areas/atv-side-by-side-accident-lawyers/,map,1,True,REMOVE,"""(843) 790-8999"" roden law (41) | utv rollover accident lawyer (24) | utv accident attorney (23)",retired/redirected,
/practice-areas/medical-malpractice-lawyers/misdiagnosis-delayed-diagnosis/,215,1,40.2,1090,3,False,/medical-malpractice-lawyers/misdiagnosis-delayed-diagnosis/,nested-pa,1,True,,delayed diagnosis lawyer (377) | delayed diagnosis attorney (194) | late diagnosis lawyer (69),retired/redirected,
/locations/georgia/savannah/skidaway-island/,211,0,22.5,322,1,False,/locations/georgia/savannah/,map,1,True,REMOVE,savannah rideshare accident lawyer (17) | savannah lyft accident lawyer (14) | savannah personal injury lawyer (14),retired/redirected,
/slip-and-fall-lawyers/north-charleston-sc/,210,0,24.5,226,0,False,/practice-areas/slip-and-fall-lawyers/,map,1,True,REMOVE,slip and fall lawyer north charleston sc (60) | charleston commercial slip fall attorney (30) | charleston commercial slip fall lawyer (18),retired/redirected,
/locations/georgia/darien/kingsland/,201,0,19.1,561,2,False,/locations/georgia/darien/,map,1,True,EVALUATE,"camden county wrongful death attorney (54) | personal injury attorney camden county ga (29) | woodbine, ga personal injury lawyer (15)",retired/redirected,
/medical-malpractice-lawyers/myrtle-beach-sc/,201,0,19.5,673,4,False,/practice-areas/medical-malpractice-lawyers/,map,1,True,REMOVE,myrtle beach medical malpractice lawyer (474) | myrtle beach medical malpractice attorneys (64) | medical malpractice lawyers myrtle beach sc (18),retired/redirected,
/blog/us-17-i-95-darien-wrongful-death-mcintosh-county/,198,0,7.7,1035,21,False,/practice-areas/wrongful-death-lawyers/,map,1,True,KEEP,mcintosh car accident lawsuit (47) | darien truck accident lawyer (3) | darien motorcycle accident lawyer (2),retired/redirected,
/electric-scooter-accident-lawyers/myrtle-beach-sc/,198,0,21.6,346,1,False,/practice-areas/electric-scooter-accident-lawyers/,map,1,True,REMOVE,myrtle beach scooter accident injury lawyers (118) | scooter accident lawyers (50) | myrtle beach escooter accident lawyer (27),retired/redirected,
/locations/south-carolina/charleston/west-ashley/grand-oaks-plantation/,196,0,14.5,262,6,False,/locations/south-carolina/charleston/,map,1,True,REMOVE,grand oaks plantation (33) | grand oaks west ashley (30) | grand oaks plantation charleston sc (13),retired/redirected,
/locations/georgia/darien/woodbine/,194,0,13.8,1013,21,False,/locations/georgia/darien/,map,1,True,EVALUATE,woodbine dui lawyer (69) | woodbine dui attorney (50) | woodbine ga motorcycle accident lawyer (29),retired/redirected,
/brain-injury-lawyers/myrtle-beach-sc/,191,0,22.7,785,0,False,/practice-areas/brain-injury-lawyers/,map,1,True,REMOVE,myrtle beach traumatic brain injury lawyer (132) | myrtle beach traumatic brain injury attorney (125) | myrtle beach brain injury lawyer (85),retired/redirected,
/blog/darien-i-95-truck-accident-lawyer/,189,0,16.3,366,0,False,/practice-areas/truck-accident-lawyers/,map,1,True,REMOVE,mcintosh semi-truck accident lawyer (57) | mcintosh trucking accident lawyer (45) | big rig accident lawyer (22),retired/redirected,
/es/workers-compensation-lawyers/charleston-sc/,188,1,21.5,188,1,False,/es/practice-areas/workers-compensation-lawyers/,map,1,True,REMOVE,abogado de compensación de trabajadores de north charleston (46) | abogado de compensación al trabajador charleston (36) | abogados de trabajo north charleston (15),retired/redirected,
/locations/georgia/savannah/midtown-savannah/,188,0,37.4,460,0,False,/locations/georgia/savannah/,map,1,True,REMOVE,savannah pedestrian accident attorney (50) | savannah pedestrian accident lawyer (45) | midtown personal injury lawyer (40),retired/redirected,
/practice-areas/nursing-home-abuse-lawyers/bedsore-pressure-ulcer/,187,0,52.0,385,2,False,/nursing-home-abuse-lawyers/bedsore-pressure-ulcer/,nested-pa,1,True,,bedsores lawsuit attorney (48) | pressure ulcer lawyer (39) | bedsore legal representation (21),retired/redirected,
/locations/georgia/savannah/westside-savannah/,184,0,44.5,330,0,False,/locations/georgia/savannah/,map,1,True,REMOVE,savannah premises liability attorney (28) | savannah bicycle accident lawyer (14) | savannah pedestrian accident lawyer (13),retired/redirected,
/es/truck-accident-lawyers/north-charleston-sc/,181,0,7.9,994,0,False,/es/practice-areas/truck-accident-lawyers/,map,1,True,REMOVE,mejor abogado de accidentes de camiones north charleston (199) | mejor abogado de accidentes de camiones en north charleston (193) | abogado de lesiones north charleston (53),retired/redirected,
/locations/south-carolina/north-charleston/goose-creek/liberty-hall-plantation/,172,0,8.7,342,9,False,/locations/south-carolina/north-charleston/,map,1,True,REMOVE,"truck accident lawyer in goose creek (46) | car accident lawyer in goose creek (32) | ""(843) 790-8999"" roden law (31)",retired/redirected,
/practice-areas/brain-injury-lawyers/second-impact-syndrome/,167,0,16.6,358,2,False,/brain-injury-lawyers/second-impact-syndrome/,nested-pa,1,True,,second impact syndrome lawyer (59) | post-concussions syndrome attorney (57) | alpharetta post-concussions syndrome attorney (26),retired/redirected,
/practice-areas/bicycle-accident-lawyers/columbia-sc/,158,0,16.9,1442,0,False,/practice-areas/bicycle-accident-lawyers/,nested-pa,2,True,,columbia bicycle accident lawyer (557) | bicycle accident attorney columbia (237) | bicycle accident lawyer columbia (212),retired/redirected,
/practice-areas/electric-scooter-accident-lawyers/scooter-malfunction-defect/,156,0,12.2,507,2,False,/electric-scooter-accident-lawyers/scooter-malfunction-defect/,nested-pa,1,True,,scooter brake failure injury (198) | defective electric scooter accident (190) | electric scooter accident attorneys (2),retired/redirected,
/maritime-injury-lawyers/darien-ga/,154,0,31.2,167,1,False,/practice-areas/maritime-injury-lawyers/,map,1,True,REMOVE,maritime injury attorney (27) | maritime injury lawyer (16) | darien personal injury lawyer (12),retired/redirected,
/blog/i-16-port-freight-truck-accident-garden-city-savannah/,152,0,15.5,621,24,False,/practice-areas/truck-accident-lawyers/,map,1,True,KEEP,tractor trailer accident savannah ga (67) | tractor trailer crash savannah ga (46) | commercial vehicle accident (7),retired/redirected,
/electric-scooter-accident-lawyers/savannah-ga/,147,0,19.1,227,0,False,/practice-areas/electric-scooter-accident-lawyers/,map,1,True,REMOVE,"electric scooter accident lawyers (54) | electric scooter accident attorneys (46) | e-scooter accident lawyer savannah, ga (26)",retired/redirected,
/personal-injury-lawyers/north-charleston-sc/,146,1,17.5,148,1,False,/practice-areas/personal-injury-lawyers/,map,1,True,REMOVE,injury attorney charleston (9) | dog bite attorney north charleston (6) | personal injury attorney charleston (6),retired/redirected,
/locations/south-carolina/charleston/johns-island/,145,0,9.9,168,0,False,/locations/south-carolina/charleston/,map,1,True,REMOVE,"""(843) 790-8999"" roden law (32) | personal injury attorney in kiawah island sc (13) | personal injury attorney in seabrook island, sc (11)",retired/redirected,
/es/workers-compensation-lawyers/north-charleston-sc/,144,0,10.2,322,0,False,/es/practice-areas/workers-compensation-lawyers/,map,1,True,REMOVE,abogado de compensación de trabajadores de north charleston (180) | abogado de compensación al trabajador charleston (106) | abogado de lesiones de trabajo charleston (10),retired/redirected,
/truck-accident-lawyers/columbia-sc/,144,0,22.9,1148,1,False,/practice-areas/truck-accident-lawyers/,map,1,True,REMOVE,truck accident lawyer columbia (210) | truck accident attorney columbia (189) | truck accident lawyer in columbia (99),retired/redirected,
/blog/sunset-boulevard-us-378-lexington-medical-center-accident/,139,0,8.2,208,14,False,/practice-areas/car-accident-lawyers/,map,1,True,KEEP,"""lexington medical center"" or ""lexington medical center extended care"" medical malpractice or negligence or ""wrongful death"" settlement (1)",retired/redirected,
/es/motorcycle-accident-lawyers/savannah-ga/,138,0,18.6,331,0,False,/es/practice-areas/motorcycle-accident-lawyers/,map,1,True,REMOVE,abogado de accidentes de auto en savannah (129) | abogado de accidente de motocicleta en savannah (46) | accidente de camion abogado savannah (23),retired/redirected,
/locations/south-carolina/north-charleston/summerville/,135,0,21.6,401,3,False,/locations/south-carolina/north-charleston/,map,1,True,EVALUATE,"""(843) 790-8999"" roden law (102) | summerville pedestrian accident lawyer (17) | roden law firm (16)",retired/redirected,
/golf-cart-accident-lawyers/myrtle-beach-sc/,133,0,7.3,330,1,False,/practice-areas/golf-cart-accident-lawyers/,map,1,True,REMOVE,north myrtle beach golf cart accident lawyer (100) | aynor golf cart accident lawyer (72) | longs golf cart accident lawyer (65),retired/redirected,
/es/bicycle-accident-lawyers/myrtle-beach-sc/,127,0,11.2,161,0,False,/es/practice-areas/bicycle-accident-lawyers/,map,1,True,REMOVE,abogado de accidentes de bicicleta (86) | abogado de accidente de bicicleta (55) | abogado de accidentes de bicicleta myrtle beach (4),retired/redirected,
/spinal-cord-injury-lawyers/savannah-ga/,127,0,9.1,756,0,False,/practice-areas/spinal-cord-injury-lawyers/,map,1,True,REMOVE,spinal cord injury attorney savannah ga (172) | spinal cord injury lawyer savannah ga (123) | spinal cord injuries attorney savannah (89),retired/redirected,
/golf-cart-accident-lawyers/savannah-ga/,124,0,27.5,187,0,False,/practice-areas/golf-cart-accident-lawyers/,map,1,True,REMOVE,atlanta golf cart accident lawyer (39) | richmond golf cart accident lawyer (24) | golf cart accident lawyer bluffton (17),retired/redirected,
/blog/us-17-truck-accident-broadfield-glynn-county/,123,1,16.6,485,31,False,/practice-areas/truck-accident-lawyers/,map,1,True,KEEP,tractor trailer accidents brunswick georgia (43) | single vehicle accidents brunswick georgia (32) | highway hazard injuries brunswick georgia (31),retired/redirected,
/locations/georgia/savannah/wilmington-island/town-center/,122,0,9.7,192,1,False,/locations/georgia/savannah/,map,1,True,REMOVE,wilmington island dui lawyer (14) | injury lawyers in savannah ga (9) | 3035850 -filetype:pdf -filetype:doc -filetype:docx -filetype:xls -filetype:xlsx -filetype:ppt -filetype:pptx -filetype:txt -filetype:eps -filetype:raw (7),retired/redirected,
/es/construction-accident-lawyers/myrtle-beach-sc/,120,0,17.2,845,0,False,/es/practice-areas/construction-accident-lawyers/,map,1,True,REMOVE,abogado de lesiones en myrtle beach (156) | mejor abogado de resbalones y caídas myrtle beach (147) | abogado de lesiones myrtle beach (67),retired/redirected,
/electric-scooter-accident-lawyers/charleston-sc/,119,0,5.0,317,0,False,/practice-areas/electric-scooter-accident-lawyers/,map,1,True,REMOVE,electric scooter accident attorney charleston (115) | scooter accident lawyer charleston (104) | electric scooter accident lawyer charleston (81),retired/redirected,
/locations/south-carolina/columbia/hopkins/,118,1,8.4,226,1,False,/locations/south-carolina/columbia/,map,1,True,REMOVE,roden law (12) | personal injury lawyer near me (3) | roden law firm (3),retired/redirected,
/practice-areas/brain-injury-lawyers/charleston-sc/,116,0,16.0,116,0,False,/practice-areas/brain-injury-lawyers/,nested-pa,2,True,,charleston brain injury attorney (14) | charleston brain injury lawyer (12) | charleston traumatic brain injury lawyer (10),retired/redirected,
/class-actions/,112,0,4.7,427,0,False,/class-action-lawyers/,live check,0,True,KEEP,eric roden (77) | roden law (67) | roden law firm (19),retired/redirected,301
/es/bicycle-accident-lawyers/north-charleston-sc/,111,0,7.2,180,0,False,/es/practice-areas/bicycle-accident-lawyers/,map,1,True,REMOVE,abogado de accidentes de bicicleta north charleston (129) | abogado de accidentes coche north charleston (15) | abogado de accidentes con conductor sin seguro en charleston (8),retired/redirected,
/locations/georgia/darien/folkston/,111,0,15.1,497,6,False,/locations/georgia/darien/,map,1,True,EVALUATE,"""(843) 790-8999"" roden law (37) | site:rodenlaw.com (12) | folkston ga (4)",retired/redirected,
/es/car-accident-lawyers/columbia-sc/,110,0,6.5,646,0,False,/es/practice-areas/car-accident-lawyers/,map,1,True,REMOVE,abogado de accidentes de auto en columbia (224) | abogados de accident (43) | abogados de accidentes de auto cerca de mi (34),retired/redirected,
/boating-accident-lawyers/myrtle-beach-sc/,107,0,38.9,387,0,False,/practice-areas/boating-accident-lawyers/,map,1,True,REMOVE,myrtle beach boating accident lawyer (170) | myrtle beach boating accident attorney (159) | boating accident lawyer in myrtle beach (19),retired/redirected,
/brain-injury-lawyers/darien-ga/,107,0,22.1,133,0,False,/practice-areas/brain-injury-lawyers/,map,1,True,REMOVE,darien traumatic brain injury lawyer (32) | head injury lawyer sheridan (10) | head injury lawyer monticello (6),retired/redirected,
/locations/south-carolina/charleston/folly-beach/,107,0,23.9,118,0,False,/locations/south-carolina/charleston/,map,1,True,REMOVE,"""(843) 790-8999"" roden law (48) | corporate law attorneys in folly beach, sc (15) | personal injury attorney in folly beach sc (9)",retired/redirected,
/atv-side-by-side-accident-lawyers/savannah-ga/,105,0,18.7,204,0,False,/practice-areas/atv-side-by-side-accident-lawyers/,map,1,True,REMOVE,atv accident lawyer statesboro (93) | atv accident attorneys savannah (9) | atv accident attorney statesboro (6),retired/redirected,
/es/truck-accident-lawyers/savannah-ga/,102,0,4.9,317,0,False,/es/practice-areas/truck-accident-lawyers/,map,1,True,REMOVE,accidente de camion abogado savannah (80) | abogado de accidentes de camion en savannah (76) | abogado de accidentes de autobús en savannah (42),retired/redirected,
/es/pedestrian-accident-lawyers/myrtle-beach-sc/,101,0,19.8,253,0,False,/es/practice-areas/pedestrian-accident-lawyers/,map,1,True,REMOVE,abogado de accidentes de motocicleta en myrtle beach (94) | mejor abogado de accidentes automovilísticos en myrtle beach (31) | abogado de accidentes de carro myrtle beach (28),retired/redirected,
/slip-and-fall-lawyers/wet-floor-accident/,101,0,20.2,145,0,False,/practice-areas/slip-and-fall-lawyers/,map,1,True,KEEP,wet floor fall accident attorneys (5) | wet floor fall lawyer (4) | fall due to wet floor attorney (3),retired/redirected,
/premises-liability-lawyers/darien-ga/,100,0,19.9,137,2,False,/practice-areas/premises-liability-lawyers/,map,1,True,REMOVE,darien premises liability lawyer (38) | premises liability lawyer sheridan (10) | darien slip and fall lawyer (7),retired/redirected,
/blog/credit-one-stadium-event-day-crashes-daniel-island-beekman-street/,98,1,10.3,184,4,False,/practice-areas/car-accident-lawyers/,map,1,True,KEEP,credit one auto (3) | daniel island (2) | daniel island park (2),retired/redirected,
/blog/rifle-range-road-mount-pleasant-car-accident-heritage-park-west/,95,1,7.8,331,7,False,/practice-areas/car-accident-lawyers/,map,1,True,KEEP,rifle car accident lawyer (31) | car crash lawyer rifle (16) | mount pleasant car accident (8),retired/redirected,
/locations/south-carolina/charleston/isle-of-palms/,95,0,14.7,106,1,False,/locations/south-carolina/charleston/,map,1,True,EVALUATE,"""(843) 790-8999"" roden law (24) | personal injury attorneys isle of palms (14) | personal injury lawyers isle of palms (13)",retired/redirected,
/blog/north-rhett-avenue-truck-accident-hanahan-berkeley-county/,94,1,11.7,274,10,False,/practice-areas/truck-accident-lawyers/,map,1,True,KEEP,berkeley truck accident lawyer (4) | hanahan auto policy (3) | berkeley truck accident lawyers (2),retired/redirected,
/spinal-cord-injury-lawyers/tetraplegia-quadriplegia/,93,0,35.4,130,0,False,/practice-areas/spinal-cord-injury-lawyers/,map,1,True,KEEP,quadriplegia workers comp lawyer (21) | quadriplegia tetraplegia injury lawyer (12) | quadriplegia (9),retired/redirected,
/locations/south-carolina/columbia/forest-acres/,89,0,7.7,293,3,False,/locations/south-carolina/columbia/,map,1,True,EVALUATE,forest acres personal injury lawyer (69) | forest acres dui lawyers (17) | roden law (6),retired/redirected,
/blog/kemira-plant-drive-savannah-fatal-truck-accident-lawyer/,88,0,10.3,88,0,False,/practice-areas/truck-accident-lawyers/,map,1,True,REMOVE,chatham county truck accident lawyer (12) | abogado de accidentes chatham county (3) | tractor trailer accident savannah ga (3),retired/redirected,
/slip-and-fall-lawyers/columbia-sc/,88,0,21.4,921,1,False,/practice-areas/slip-and-fall-lawyers/,map,1,True,REMOVE,columbia slip and fall lawyer (283) | columbia slip and fall attorney (208) | slip and fall attorney columbia (116),retired/redirected,
/blog/tenmile-i-26-best-car-accident-lawyer-north-charleston/,84,0,30.7,120,0,False,/practice-areas/car-accident-lawyers/,map,1,True,REMOVE,i-26 truck accident attorney (12) | i-26 truck accident law firm (11) | i-26 truck accident lawyer (10),retired/redirected,
/blog/st-simons-island-kings-way-motorcycle-accident-lawyer/,83,0,6.9,139,0,False,/practice-areas/motorcycle-accident-lawyers/,map,1,True,REMOVE,st simons island motorcycle accident lawyer (46) | st simons island motorcycle accident attorney (45) | abogado de accidentes governors village (4),retired/redirected,
/locations/south-carolina/charleston/downtown-charleston/the-crosstown/,82,0,40.3,262,2,False,/locations/south-carolina/charleston/,map,1,True,REMOVE,"""(843) 790-8999"" roden law (110) | charleston pedestrian accident lawyers (15) | crosstown charleston (8)",retired/redirected,
/maritime-injury-lawyers/commercial-fishing-injury/,81,0,22.7,339,0,False,/practice-areas/maritime-injury-lawyers/,map,1,True,KEEP,commercial fishing accidents attorney (139) | commercial fishing accident lawyer (90) | commercial fishing accident attorney (62),retired/redirected,
/spinal-cord-injury-lawyers/myrtle-beach-sc/,80,1,9.2,254,1,False,/practice-areas/spinal-cord-injury-lawyers/,map,1,True,REMOVE,myrtle beach spinal cord injury lawyers (122) | spinal cord injury lawyer myrtle beach (30) | myrtle beach spinal cord injury lawyer (12),retired/redirected,
/locations/south-carolina/charleston/west-ashley/byrnes-downs/,79,0,9.8,199,1,False,/locations/south-carolina/charleston/,map,1,True,REMOVE,"""(843) 790-8999"" roden law (121) | west ashley personal injury lawyer (5) | west ashley personal injury attorney (3)",retired/redirected,
/blog/hit-and-run-drunk-driver-crashes-ashley-river-road-sc-61-west-ashley-greenwood-park/,77,1,12.1,145,13,False,/practice-areas/car-accident-lawyers/,map,1,True,KEEP,charleston hit and run accident attorney (3) | hit by drunk driver (3) | charleston hit and run accident lawyers (2),retired/redirected,
/locations/georgia/darien/eulonia/,76,0,22.1,186,0,False,/locations/georgia/darien/,map,1,True,REMOVE,"""(843) 790-8999"" roden law (19) | personal injury attorney darien ga (11) | personal injury lawyer (9)",retired/redirected,
/blog/boys-estate-glynn-county-best-car-accident-lawyer/,72,0,7.3,200,0,False,/practice-areas/car-accident-lawyers/,map,1,True,KEEP,glynn county car accident lawyer (74) | glynn county truck accident lawyer (44) | filing an insurance claim in glynn county (29),retired/redirected,
/es/workers-compensation-lawyers/savannah-ga/,72,0,15.0,183,1,False,/es/practice-areas/workers-compensation-lawyers/,map,1,True,REMOVE,abogado de compensacion laboral savannah (66) | médico de compensación de trabajadores en richmond hill (21) | abogado de compensación laboral chatham county (16),retired/redirected,
/pedestrian-accident-lawyers/myrtle-beach-sc/,72,0,20.0,1852,0,False,/practice-areas/pedestrian-accident-lawyers/,map,1,True,REMOVE,pedestrian accident lawyer in myrtle beach (703) | myrtle beach pedestrian accident lawyer (308) | myrtle beach pedestrian accident attorney (229),retired/redirected,
/locations/south-carolina/columbia/lugoff/,69,0,22.9,133,1,False,/locations/south-carolina/columbia/,map,1,True,REMOVE,"lugoff car accident lawyer (21) | ""(843) 790-8999"" roden law (15) | kershaw county sc personal injury lawyer (1)",retired/redirected,
/slip-and-fall-lawyers/darien-ga/,69,0,7.7,110,0,False,/practice-areas/slip-and-fall-lawyers/,map,1,True,REMOVE,darien slip and fall lawyer (33) | georgia food lion slip and fall accident lawyer (7) | darien premises liability lawyer (6),retired/redirected,
/es/truck-accident-lawyers/columbia-sc/,64,0,10.6,924,0,False,/es/practice-areas/truck-accident-lawyers/,map,1,True,REMOVE,abogado de accidente de camion (82) | abogado de accidentes de auto en columbia (78) | abogado de accidentes de camion en columbia (77),retired/redirected,
/locations/south-carolina/charleston/downtown-charleston/south-of-broad/,64,0,26.9,232,1,False,/locations/south-carolina/charleston/,map,1,True,REMOVE,"""(843) 790-8999"" roden law (111) | roden law (16) | roden law charleston (11)",retired/redirected,
/locations/south-carolina/columbia/pelion/,62,1,7.7,95,1,False,/locations/south-carolina/columbia/,map,1,True,REMOVE,,retired/redirected,
/locations/south-carolina/myrtle-beach/conway/,60,0,16.1,540,1,False,/locations/south-carolina/myrtle-beach/,map,1,True,EVALUATE,motorcycle accident lawyer in conway (114) | pedestrian accident lawyer in conway (108) | bicycle accident lawyer in conway (106),retired/redirected,
/locations/georgia/darien/townsend/,59,0,12.0,148,0,False,/locations/georgia/darien/,map,1,True,REMOVE,site:rodenlaw.com (9) | brantley county truck accident lawyer (4) | brantley county personal injury lawyer (3),retired/redirected,
/testimonials/megan-l/,59,0,7.6,206,0,False,,,0,False,KEEP,"roden law reviews (12) | site:rodenlaw.com (12) | ""holmestown"" ""nursing home"" (5)",live but not in sitemap (index/archive/testimonial/other),200
/blog/murrells-inlet-jet-ski-accident-lawyer/,58,0,19.0,250,0,False,/practice-areas/boating-accident-lawyers/,map,1,True,REMOVE,jet ski rental accident law firm (21) | jet ski rental accident attorneys (20) | jet ski rental accident lawyers (20),retired/redirected,
/construction-accident-lawyers/falling-object-injury/,58,0,23.4,709,0,False,/practice-areas/construction-accident-lawyers/,map,1,True,KEEP,falling objects injury lawyer (201) | struck by object law firm (35) | falling object injuries lawyer (23),retired/redirected,
/locations/south-carolina/columbia/elgin/,57,0,24.8,155,2,False,/locations/south-carolina/columbia/,map,1,True,EVALUATE,kershaw county sc injury attorney (27) | elgin injury lawyer (14) | kershaw county sc personal injury lawyer (8),retired/redirected,
/practice-areas/medical-malpractice-lawyers/hospital-acquired-infection/,56,0,67.0,201,1,False,/medical-malpractice-lawyers/hospital-acquired-infection/,nested-pa,1,True,,hospital infection lawyer (67) | hospital infections attorney (36) | mrsa lawsuit lawyer (20),retired/redirected,
/workers-compensation-lawyers/port-worker-injury/,55,0,30.9,103,0,False,/practice-areas/workers-compensation-lawyers/,map,1,True,KEEP,longshoremen injury attorneys (11) | north charleston injured warehouse worker lawyers (10) | north charleston injured warehouse worker lawyer (7),retired/redirected,
/blog/old-fort-jackson-savannah-fatal-truck-accident-lawyer/,54,0,14.2,93,1,False,/practice-areas/truck-accident-lawyers/,map,1,True,KEEP,chatham county truck wreck lawyer (12) | chatham county truck accident lawyer (11) | fort mccoy semi-truck accident lawyer (10),retired/redirected,
/burn-injury-lawyers/myrtle-beach-sc/,54,0,9.6,119,0,False,/practice-areas/burn-injury-lawyers/,map,1,True,REMOVE,burn injury lawyer myrtle beach (49) | myrtle beach burn injury lawyer (17),retired/redirected,
/golf-cart-accident-lawyers/darien-ga/,51,0,19.9,140,0,False,/practice-areas/golf-cart-accident-lawyers/,map,1,True,REMOVE,darien pedestrian accident lawyer (24) | golf cart accident lawyer bluffton (12) | darien truck accident lawyer (11),retired/redirected,
/truck-accident-lawyers/brake-failure-accident/,49,0,20.4,194,0,False,/practice-areas/truck-accident-lawyers/,map,1,True,KEEP,truck accidents law firm for brake failure (45) | georgia truck brake failure attorney (26) | truck accidents lawyer for brake failure and lack of maintenance (10),retired/redirected,
/truck-accident-lawyers/i-26-truck-accident/,49,0,15.9,150,0,False,/practice-areas/truck-accident-lawyers/,map,1,True,CONSOLIDATE,i-26 truck accident attorney (29) | i-26 truck accident lawyers (28) | i-26 truck accident law firm (27),retired/redirected,
/blog/park-circle-east-montague-drunk-driving-accident-lawyer-north-charleston/,48,0,20.0,100,0,False,/practice-areas/car-accident-lawyers/,map,1,True,REMOVE,montague owi lawyer (12) | north charleston drunk driving accident law firm (10) | north charleston drunk driving accident lawyer (7),retired/redirected,
/wrongful-death-lawyers/myrtle-beach-sc/,46,1,9.2,92,1,False,/practice-areas/wrongful-death-lawyers/,map,1,True,REMOVE,murrells inlet wrongful death lawyer (49) | cremation liability lawyer myrtle beach (3) | cremation law attorney myrtle beach (2),retired/redirected,
/es/motorcycle-accident-lawyers/columbia-sc/,46,0,8.7,74,0,False,/es/practice-areas/motorcycle-accident-lawyers/,map,1,True,REMOVE,abogado de lesiones de motocicleta en columbia (37) | abogado de accidentes de motocicleta en columbia (30) | mejor abogado de accidentes de motocicleta columbia (3),retired/redirected,
/locations/georgia/darien/jekyll-island/,46,0,25.6,71,2,False,/locations/georgia/darien/,map,1,True,REMOVE,camden county wrongful death attorney (3) | car accident lawyer (2) | the rodd firm (2),retired/redirected,
/locations/south-carolina/myrtle-beach/andrews/,46,0,19.0,56,1,False,/locations/south-carolina/myrtle-beach/,map,1,True,EVALUATE,serious injury lawyer georgetown sc (5) | personal injury lawyer (4) | bike accident attorney andrews (3),retired/redirected,
/blog/blog-am-i-eligible-for-workers-compensation/,45,0,51.3,118,0,False,/blog/am-i-eligible-for-workers-compensation/,live check,0,True,,am i eligible for workers compensation (28) | who is eligible for workers compensation (24) | workers compensation eligibility (6),retired/redirected,301
/es/bicycle-accident-lawyers/darien-ga/,45,0,36.0,93,0,False,/es/practice-areas/bicycle-accident-lawyers/,map,1,True,REMOVE,abogado de accidentes en bicicleta en la ciudad de acworth (66) | site:rodenlaw.com (10) | abogado de accidentes de bicicleta columbia (5),retired/redirected,
/blog/category/car-accident/,43,0,25.4,59,11,False,,,0,False,,"""holmestown"" ""nursing home"" (8) | charleston uninsured motorist accident lawyer (4) | car accident attorney (3)",live but not in sitemap (index/archive/testimonial/other),200
/es/workers-compensation-lawyers/myrtle-beach-sc/,41,0,24.4,90,0,False,/es/practice-areas/workers-compensation-lawyers/,map,1,True,REMOVE,abogado de lesiones myrtle beach (19) | abogado de lesiones personales myrtle beach (15) | abogado de lesiones en myrtle beach (12),retired/redirected,
/locations/south-carolina/columbia/gaston/,41,0,25.9,47,0,False,/locations/south-carolina/columbia/,map,1,True,REMOVE,"""(843) 790-8999"" roden law (15) | attorney for personal injuries (1) | car accident lawyer (1)",retired/redirected,
/blog/islands-expressway-whitemarsh-island-motorcycle-accident-chatham-county/,40,0,15.1,89,0,False,/practice-areas/motorcycle-accident-lawyers/,map,1,True,REMOVE,%georgia municipal ante litem notice six months o.c.g.a. 36-33-5 (3) | +georgia municipal ante litem notice six months o.c.g.a. 36-33-5 (2) | motorcycle accident lawyer primary (2),retired/redirected,
/blog/wando-gardens-faber-place-drive-best-car-accident-lawyer-north-charleston/,40,0,20.9,40,0,False,/practice-areas/car-accident-lawyers/,map,1,True,,north charleston car accident lawyer (5) | charleston uninsured motorist accident attorney (3) | north charleston car accident attorney (3),retired/redirected,
/locations/south-carolina/myrtle-beach/carolina-forest/,40,0,5.4,56,2,False,/locations/south-carolina/myrtle-beach/,map,1,True,REMOVE,personal injury lawyer in carolina forest (29),retired/redirected,
/locations/georgia/savannah/rincon/town-center/,39,1,20.6,108,3,False,/locations/georgia/savannah/,map,1,True,REMOVE,rincon dui lawyer (9) | rincon felony dui attorney (5) | rincon dui attorney (3),retired/redirected,
/blog/drunk-driver-crash-south-kings-highway-us-17-business-surfside-beach-29575/,39,0,8.6,89,20,False,/practice-areas/car-accident-lawyers/,map,1,True,KEEP,uber accident lawyer conway sc (2) | surfside beach auto liability insurance (1) | surfside beach drunk driving accident lawyer (1),retired/redirected,
/blog/category/pedestrian-accident/,38,0,21.7,39,0,False,,,0,False,,pedestrian accident lawyer in myrtle beach (15) | columbia pedestrian accident attorney (5) | myrtle beach pedestrian accident attorney (3),live but not in sitemap (index/archive/testimonial/other),200
/blog/garden-city-ga-21-augusta-road-car-accident-lawyer/,38,0,17.2,64,1,False,/practice-areas/car-accident-lawyers/,map,1,True,KEEP,"garden city auto accident lawyer (5) | ¿puede ayudarme a encontrar un abogado de accidentes de camiones en garden city, georgia? (4) | can you help me find a lawyer for my car accident case in garden city, georgia? (3)",retired/redirected,
/pedestrian-accident-lawyers/north-charleston-sc/,38,0,39.7,332,0,False,/practice-areas/pedestrian-accident-lawyers/,map,1,True,REMOVE,charleston pedestrian accident lawyer (56) | pedestrian injury lawyer charleston (35) | pedestrian injury attorney charleston (34),retired/redirected,
/car-accident-lawyers/i-526-accident/,37,2,10.4,172,3,False,/practice-areas/car-accident-lawyers/,map,1,True,CONSOLIDATE,bus accident attorney mount pleasant sc (3) | uber accident attorney north charleston (2) | charleston drowsy driving accident lawyer (1),retired/redirected,
/locations/georgia/darien/alma/,37,1,9.7,83,2,False,/locations/georgia/darien/,map,1,True,EVALUATE,912-632-8961 (6),retired/redirected,
/resources/,37,1,37.1,60,1,False,,,0,False,,sunrise manor truck accident lawyer (13) | roden law (3) | site:rodenlaw.com (3),live but not in sitemap (index/archive/testimonial/other),200
/atv-side-by-side-accident-lawyers/columbia-sc/,37,0,22.4,75,0,False,/practice-areas/atv-side-by-side-accident-lawyers/,map,1,True,REMOVE,columbia atv accident lawyer (29) | atv & utv accident lawyer (12) | utv accident lawyer (9),retired/redirected,
/locations/georgia/darien/waycross/,37,0,14.0,177,4,False,/locations/georgia/darien/,map,1,True,EVALUATE,personal injury ware county ga (9) | waycross personal injury lawyer (4) | car accident lawyer waycross ga (1),retired/redirected,
/electric-scooter-accident-lawyers/darien-ga/,36,0,4.5,74,0,False,/practice-areas/electric-scooter-accident-lawyers/,map,1,True,REMOVE,mcintosh scooter accident lawyer (59) | darien catastrophic injury lawyer (2),retired/redirected,
/es/blog/green-grove-mark-clark-expressway-uninsured-motorist-lawyer-north-charleston/,36,0,11.0,40,0,False,/es/practice-areas/car-accident-lawyers/,map,1,True,REMOVE,abogado de accidentes automovilísticos north charleston (6) | abogado de accidentes de motocicleta en north charleston (4) | abogado de lesiones de motocicleta north charleston (4),retired/redirected,
/locations/south-carolina/charleston/west-ashley/west-ashley-park/,36,0,5.6,41,0,False,/locations/south-carolina/charleston/,map,1,True,REMOVE,"""(843) 790-8999"" roden law (32)",retired/redirected,
/construction-accident-lawyers/myrtle-beach-sc/,35,0,15.3,310,0,False,/practice-areas/construction-accident-lawyers/,map,1,True,REMOVE,myrtle beach construction accident lawyer (70) | myrtle beach construction accident attorney (55) | construction accident lawyer myrtle beach (23),retired/redirected,
/locations/georgia/darien/harrietts-bluff/,35,0,46.9,64,1,False,/locations/georgia/darien/,map,1,True,REMOVE,"""(843) 790-8999"" roden law (16) | harrietts (1) | personal injury attorney nahunta ga (1)",retired/redirected,
/wrongful-death-lawyers/defective-product-death/,35,0,25.9,110,0,False,/practice-areas/wrongful-death-lawyers/,map,1,True,KEEP,my family member died because of defective product need wrongful death attorney in savannah georgia area (55) | defective product wrongful death lawyer (43),retired/redirected,
/blog/dick-pond-road-sc-544-truck-accident-lawyer-surfside-beach/,34,0,11.3,117,0,False,/practice-areas/truck-accident-lawyers/,map,1,True,REMOVE,surfside truck accident attorney (8) | myrtle beach truck accident attorney (5) | myrtle beach truck accident lawyers (2),retired/redirected,
/blog/pedestrian-accident-dorchester-road-school-zone-29418-north-charleston/,34,0,8.4,83,8,False,/practice-areas/pedestrian-accident-lawyers/,map,1,True,KEEP,,retired/redirected,
/locations/south-carolina/north-charleston/park-circle/,34,0,17.1,238,1,False,/locations/south-carolina/north-charleston/,map,1,True,REMOVE,"""(843) 790-8999"" roden law (75) | personal injury attorney holme circle (10) | park circle law (9)",retired/redirected,
/blog/brunswick-i-95-truck-accident-lawyer/,33,0,7.9,149,0,False,/practice-areas/truck-accident-lawyers/,map,1,True,REMOVE,glynn county truck accident lawyer (64) | brunswick truck accident lawyer (8) | truck accident attorney brunswick (5),retired/redirected,
/blog/category/truck-accident/,33,0,16.3,54,5,False,,,0,False,,old fort car accident lawyer (4) | big rig accident lawyer jackson (3) | summerville truck accident lawyer (3),live but not in sitemap (index/archive/testimonial/other),200
/locations/south-carolina/charleston/meggett/,33,0,39.7,62,0,False,/locations/south-carolina/charleston/,map,1,True,REMOVE,"""(843) 790-8999"" roden law (32) | personal injury attorney in meggett sc (18)",retired/redirected,
/practice-areas/brain-injury-lawyers/anoxic-hypoxic-brain-injury/,32,0,13.4,74,0,False,/practice-areas/brain-injury-lawyers/,nested-pa,2,True,,anoxic hypoxic brain injury lawyer (6) | hypoxic brain injury lawyer (6) | oxygen deprivation injury attorney (3),retired/redirected,
/blog/eulonia-us-17-ocean-highway-rideshare-uber-accident-lawyer-mcintosh-county/,31,0,13.6,213,1,False,/practice-areas/car-accident-lawyers/,map,1,True,KEEP,mcintosh rideshare accident lawyer (52) | mcintosh lyft accident lawyer (37) | mcintosh uber accident lawyer (35),retired/redirected,
/locations/south-carolina/columbia/seven-oaks/,31,0,6.3,309,0,False,/locations/south-carolina/columbia/,map,1,True,REMOVE,,retired/redirected,
/locations/south-carolina/myrtle-beach/red-hill/,31,0,14.7,82,0,False,/locations/south-carolina/myrtle-beach/,map,1,True,REMOVE,(843) 347-7111 (7) | 843-347-7111 (6) | personal injury lawyer (5),retired/redirected,
/pedestrian-accident-lawyers/darien-ga/,31,0,5.2,66,0,False,/practice-areas/pedestrian-accident-lawyers/,map,1,True,REMOVE,darien pedestrian accident lawyer (47) | %georgia modified comparative negligence 50 percent bar o.c.g.a. 51-12-33 (1) | +georgia modified comparative negligence 50 percent bar o.c.g.a. 51-12-33 (1),retired/redirected,
/workers-compensation-lawyers/factory-manufacturing-injury/,31,0,21.4,170,0,False,/practice-areas/workers-compensation-lawyers/,map,1,True,KEEP,manufacturing injury workers comp attorney (66) | industrial-plant lawyers (13) | factory workplace injury attorney (10),retired/redirected,
/blog/garden-city-eden-loop-truck-accident-lawyer/,29,0,8.7,61,0,False,/practice-areas/truck-accident-lawyers/,map,1,True,KEEP,chatham county truck accident lawyer (7) | chatham county truck accident lawyers (5) | garden city sc truck accident lawyer (4),retired/redirected,
/locations/south-carolina/myrtle-beach/georgetown/,29,0,20.7,41,1,False,/locations/south-carolina/myrtle-beach/,map,1,True,EVALUATE,georgetown motorcycle accidents lawyer (3) | personal injury lawyer georgetown sc (3) | catastrophic injury lawyer georgetown sc (2),retired/redirected,
/es/blog/tenmile-i-26-best-car-accident-lawyer-north-charleston/,28,0,20.6,34,0,False,/es/practice-areas/car-accident-lawyers/,map,1,True,REMOVE,centennial abogado de accidentes de auto (9) | mejor abogado de accidentes de auto (5) | mejor abogado de accidentes de motocicleta (4),retired/redirected,
/locations/georgia/darien/nahunta/,28,0,5.3,218,3,False,/locations/georgia/darien/,map,1,True,EVALUATE,brantley county personal injury lawyer (23) | nahunta personal injury lawyer (14) | nahunta car accident lawyer (9),retired/redirected,
/locations/south-carolina/columbia/cayce/,28,0,11.5,80,1,False,/locations/south-carolina/columbia/,map,1,True,EVALUATE,personal injury lawyer cayce (12) | slip and fall lawyer cayce (11) | car accident lawyer cayce (1),retired/redirected,
/locations/south-carolina/north-charleston/summerville/historic-district/,28,0,29.1,187,4,False,/locations/south-carolina/north-charleston/,map,1,True,REMOVE,"""(843) 790-8999"" roden law (79) | summerville historic district (15) | summerville sc historic district (5)",retired/redirected,
/locations/georgia/darien/blackshear/,26,0,13.6,63,1,False,/locations/georgia/darien/,map,1,True,EVALUATE,personal injury ware county ga (3) | waycross truck accident lawyer (1),retired/redirected,
/locations/georgia/darien/waverly/,26,0,7.6,47,0,False,/locations/georgia/darien/,map,1,True,REMOVE,roden island (1),retired/redirected,
/locations/georgia/savannah/port-wentworth/,25,0,19.6,63,1,False,/locations/georgia/savannah/,map,1,True,EVALUATE,,retired/redirected,
/blog/category/bicycle-accident/,24,0,23.3,68,0,False,,,0,False,,bicycle accident lawyers valdosta (14) | charleston bicycle accident lawyer (9) | dalton bicycle accident lawyer (9),live but not in sitemap (index/archive/testimonial/other),200
/blog/golf-colony-south-reindeer-road-underinsured-motorist-lawyer/,24,0,12.0,31,0,False,/practice-areas/car-accident-lawyers/,map,1,True,REMOVE,auto accident attorney the colony (1),retired/redirected,
/truck-accident-lawyers/fatigued-trucker-accident/,24,0,21.0,77,0,False,/practice-areas/truck-accident-lawyers/,map,1,True,KEEP,truck driver fatigue accident lawyer (12) | driver fatigue truck accident attorneys (7) | dupage truck driver fatigue accident lawyer (3),retired/redirected,
/blog/daniel-island-i-526-wando-bridge-truck-accident-berkeley-county/,23,0,6.6,260,3,False,/practice-areas/truck-accident-lawyers/,map,1,True,KEEP,,retired/redirected,
/blog/i-526-mount-pleasant-wando-bridge-accident/,23,0,8.0,116,6,False,/practice-areas/car-accident-lawyers/,map,1,True,KEEP,,retired/redirected,
/nursing-home-abuse-lawyers/darien-ga/,23,0,7.8,92,0,False,/practice-areas/nursing-home-abuse-lawyers/,map,1,True,REMOVE,"darien nursing home abuse lawyers (14) | ""9-11-9.1"" ""magistrate court"" georgia (2) | ""9-11-9.1"" ""magistrate court"" georgia affidavit (1)",retired/redirected,
/premises-liability-lawyers/apartment-complex-injury/,23,0,12.4,84,0,False,/practice-areas/premises-liability-lawyers/,map,1,True,KEEP,apartment complex injury lawyer (4) | apartment complex property damage attorney (2) | water damage lawyer charleston sc (1),retired/redirected,
/brain-injury-lawyers/columbia-sc/,21,0,15.3,21,0,False,/practice-areas/brain-injury-lawyers/,map,1,True,REMOVE,brain injury attorney columbia sc (3) | concussion injury lawyer midland (3) | brain injury attorney columbia (2),retired/redirected,
/es/blog/n-lake-drive-dick-pond-road-sc-544-underinsured-motorist-lawyer/,21,0,14.3,25,0,False,/es/practice-areas/car-accident-lawyers/,map,1,True,REMOVE,abogado de accidentes de bicicleta myrtle beach (6) | abogado de lesiones myrtle beach (6) | abogado de accidentes de auto dunn (1),retired/redirected,
/golf-cart-accident-lawyers/charleston-sc/,21,0,12.7,71,0,False,/practice-areas/golf-cart-accident-lawyers/,map,1,True,REMOVE,"golf cart accident lawyer charleston (15) | ""(843) 790-8999"" roden law (13) | charleston golf accident attorney (10)",retired/redirected,
/spinal-cord-injury-lawyers/herniated-ruptured-disc/,21,0,18.3,50,0,False,/practice-areas/spinal-cord-injury-lawyers/,map,1,True,KEEP,herniated disc injury lawyer (9) | ruptured disc rincon ga (4) | microdiscectomy savannah ga (2),retired/redirected,
/truck-accident-lawyers/myrtle-beach-sc/,21,0,16.8,63,0,False,/practice-areas/truck-accident-lawyers/,map,1,True,REMOVE,truck accident lawyer murrells inlet sc (19) | murrells inlet sc truck accident lawyer (3) | delivery truck accident lawyer myrtle beach (2),retired/redirected,
/resources/us-17-truck-accidents-grand-strand/,20,2,12.8,39,2,False,/resources/i-26-i-95-corridor-report/,map,1,True,CONSOLIDATE,georgetown sc wrongful death lawyers (1) | murrells inlet truck accident lawyer (1),retired/redirected,
/blog/dog-bite-surfside-beach-29575/,20,0,24.8,114,0,False,/practice-areas/dog-bite-lawyers/,map,1,True,KEEP,,retired/redirected,
/car-accident-lawyers/myrtle-beach-sc/,20,0,9.8,113,0,False,/practice-areas/car-accident-lawyers/,map,1,True,REMOVE,myrtle beach car accident attorney (30) | myrtle beach hit and run accident lawyer (9) | hit and run lawyer in myrtle beach (6),retired/redirected,
/dog-bite-lawyers/darien-ga/,20,0,2.8,55,0,False,/practice-areas/dog-bite-lawyers/,map,1,True,REMOVE,darien dog bite lawyer (36) | dog bite attorney brunswick georgia (1),retired/redirected,
/personal-injury-lawyers/myrtle-beach-sc/,20,0,22.2,101,0,False,/practice-areas/personal-injury-lawyers/,map,1,True,REMOVE,personal injury lawyer myrtle beach sc (8) | no win no fee lawyer myrtle beach (6) | injury claims myrtle beach (5),retired/redirected,
/slip-and-fall-lawyers/parking-lot-fall/,20,0,10.1,50,0,False,/practice-areas/slip-and-fall-lawyers/,map,1,True,KEEP,parking lot light maintenance charleston sc (1) | savannah retail store accident lawyers (1),retired/redirected,
/blog/goose-creek-car-accidents-military-traffic-us-52/,19,0,15.4,73,0,False,/practice-areas/car-accident-lawyers/,map,1,True,REMOVE,,retired/redirected,
/blog/green-grove-mark-clark-expressway-uninsured-motorist-lawyer-north-charleston/,19,0,7.0,29,0,False,/practice-areas/car-accident-lawyers/,map,1,True,REMOVE,uninsured motorist accident lawyer (1),retired/redirected,
/blog/mount-pleasant-johnnie-dodds-us-17-uninsured-motorist-lawyer/,19,0,9.3,100,1,False,/practice-areas/car-accident-lawyers/,map,1,True,KEEP,johnnie dodds (6) | john dodds lawyer (1) | mt pleasant uber accident attorney (1),retired/redirected,
/florence-sc-car-accident-lawyer/,19,0,8.5,419,0,False,/practice-areas/car-accident-lawyers/,map,1,True,REMOVE,auto accident settlement florence (31) | florence car accident attorney (24) | florence car accident lawyer (23),retired/redirected,
/locations/georgia/darien/dock-junction/,19,0,7.7,210,0,False,/locations/georgia/darien/,map,1,True,REMOVE,glynn county personal injury lawyer (3),retired/redirected,
/locations/georgia/darien/white-oak/,19,0,12.2,58,0,False,/locations/georgia/darien/,map,1,True,REMOVE,nahunta truck accident lawyer (1),retired/redirected,
/medical-malpractice-lawyers/columbia-sc/,19,0,13.5,80,2,False,/practice-areas/medical-malpractice-lawyers/,map,1,True,REMOVE,columbia medical negligence lawyer (13) | medical malpractice columbia south carolina (5) | columbia medical negligence attorney (3),retired/redirected,
/pedestrian-accident-lawyers/distracted-driver-pedestrian-accident/,19,0,7.5,49,0,False,/practice-areas/pedestrian-accident-lawyers/,map,1,True,KEEP,if you are distracted by a cell phone at 30 mph (3) | distracted driving accident attorneys (1) | pedestrian accident lawyers georgia (1),retired/redirected,
/pedestrian-accident-lawyers/drunk-driver-pedestrian-accident/,19,0,10.4,38,0,False,/practice-areas/pedestrian-accident-lawyers/,map,1,True,KEEP,north charleston drunk driving accident attorneys (1),retired/redirected,
/practice-areas/brain-injury-lawyers/north-charleston-sc/,19,0,11.9,56,0,False,/practice-areas/brain-injury-lawyers/,nested-pa,2,True,,north charleston brain injury lawyer (7) | traumatic brain injury law firm knightsville (6) | north charleston brain injury law firm (5),retired/redirected,
/practice-areas/nursing-home-abuse-lawyers/sexual-abuse-elderly/,19,0,15.6,41,1,False,/nursing-home-abuse-lawyers/sexual-abuse-elderly/,nested-pa,1,True,,elderly sexual assault lawyer (8) | 16-5-100 ocga (1) | senior sexual assault law firm (1),retired/redirected,
/blog/edmund-highway-lexington-county-car-accident-lawyer/,18,0,8.4,203,0,False,/practice-areas/car-accident-lawyers/,map,1,True,REMOVE,truck accident lawyer cayce (15) | car accident lawyer cayce (14) | lexington sc car accident lawyers (11),retired/redirected,
/blog/page/21/,18,0,5.7,68,0,False,,,0,False,,site:rodenlaw.com (23) | roden law (8) | rodden law (1),live but not in sitemap (index/archive/testimonial/other),200
/burn-injury-lawyers/defective-product-burn/,18,0,7.8,30,0,False,/practice-areas/burn-injury-lawyers/,map,1,True,KEEP,defective drug recalls lawyer savannah (1),retired/redirected,
/locations/georgia/darien/kings-bay/,18,0,8.6,165,1,False,/locations/georgia/darien/,map,1,True,REMOVE,workers compensation doctor kings bay (21),retired/redirected,
/locations/south-carolina/north-charleston/chicora-cherokee/,18,0,30.6,163,0,False,/locations/south-carolina/north-charleston/,map,1,True,REMOVE,cherokee injury attorney (18) | 3000 chicora ave (5) | chicora-cherokee (5),retired/redirected,
/locations/south-carolina/charleston/mount-pleasant/park-west/,17,0,3.9,34,0,False,/locations/south-carolina/charleston/,map,1,True,REMOVE,"""(843) 790-8999"" roden law (20) | roden law (4)",retired/redirected,
/personal-injury-lawyers/columbia-sc/,17,0,8.6,849,0,False,/practice-areas/personal-injury-lawyers/,map,1,True,REMOVE,columbia personal injury lawyer (123) | columbia personal injury attorney (68) | personal injury lawyer columbia (45),retired/redirected,
/practice-areas/nursing-home-abuse-lawyers/columbia-sc/,17,0,30.6,1024,0,False,/practice-areas/nursing-home-abuse-lawyers/,nested-pa,2,True,,columbia nursing home abuse lawyer (133) | columbia nursing home neglect attorney (110) | columbia nursing home neglect lawyer (92),retired/redirected,
/premises-liability-lawyers/restaurant-hotel-injury/,17,0,7.9,41,0,False,/practice-areas/premises-liability-lawyers/,map,1,True,KEEP,,retired/redirected,
/blog/mount-pleasant-johnnie-dodds-us-17-wrongful-death-car-accident-lawyer/,16,0,13.6,32,3,False,/practice-areas/wrongful-death-lawyers/,map,1,True,KEEP,johnnie dodds attorney (2) | johnnie dodds (1),retired/redirected,
/blog/mount-pleasant-mark-clark-expressway-i-526-motorcycle-accident-lawyer/,16,0,7.7,71,1,False,/practice-areas/motorcycle-accident-lawyers/,map,1,True,KEEP,"""mark clark"" cheek wound (5) | south carolina accident (1)",retired/redirected,
/blog/n-lake-drive-us-17-business-best-car-accident-lawyer/,16,0,22.4,55,0,False,/practice-areas/car-accident-lawyers/,map,1,True,KEEP,abogado de accidentes de carro myrtle beach (3) | car accident lawyers in kings beach (3) | merging collision lawyer myrtle beach (2),retired/redirected,
/es/blog/wando-gardens-faber-place-drive-best-car-accident-lawyer-north-charleston/,16,0,24.7,16,0,False,/es/practice-areas/car-accident-lawyers/,map,1,True,,abogado de accidentes de motocicleta en north charleston (3) | abogado de conducción imprudente en ashland (2) | abogado de accidentes automovilísticos north charleston (1),retired/redirected,
/es/pedestrian-accident-lawyers/darien-ga/,16,0,34.6,37,0,False,/es/practice-areas/pedestrian-accident-lawyers/,map,1,True,REMOVE,abogado de accidente de peatones en acworth (11) | abogado accidente peatón fernandina beach (2) | abogado de accidente de auto en savannah (2),retired/redirected,
/es/workers-compensation-lawyers/columbia-sc/,16,0,29.6,54,1,False,/es/practice-areas/workers-compensation-lawyers/,map,1,True,REMOVE,abogado de compensación de trabajadores de columbia (10) | abogado de lesiones personales en columbia (7) | abogados de accidentes de trabajo cerca de mi en español (5),retired/redirected,
/product-liability-lawyers/defective-childrens-product/,16,0,10.8,81,0,False,/practice-areas/product-liability-lawyers/,map,1,True,KEEP,defective children's products (2) | child products liability attorney (1) | defective baby products attorney (1),retired/redirected,
/testimonials/ricky-h/,16,0,20.7,17,0,False,,,0,False,KEEP,site:rodenlaw.com (4) | ricky curtis (3) | rick reed attorney at law (1),live but not in sitemap (index/archive/testimonial/other),200
/car-accident-lawyers/dorchester-road-accident/,15,0,9.3,57,3,False,/practice-areas/car-accident-lawyers/,map,1,True,CONSOLIDATE,north charleston fatal car accident lawyers (1),retired/redirected,
/locations/south-carolina/charleston/hollywood/,15,0,7.3,29,0,False,/locations/south-carolina/charleston/,map,1,True,REMOVE,hollywood scooter accident lawyer (3),retired/redirected,
/locations/south-carolina/columbia/st-andrews/,15,0,9.7,81,0,False,/locations/south-carolina/columbia/,map,1,True,REMOVE,st andrews lawyers (2),retired/redirected,
/locations/georgia/darien/darien/,14,1,5.5,50,2,False,/locations/georgia/darien/,map,1,True,,,retired/redirected,
/blog/eastern-wharf-harbor-street-electric-scooter-accident-lawyer/,14,0,11.9,237,0,False,/practice-areas/electric-scooter-accident-lawyers/,map,1,True,KEEP,"mcintosh scooter accident lawyer (19) | ""harbor street"" bridge pedestrian hours riverwalk (6) | ""harbor street"" bridge riverwalk (4)",retired/redirected,
/burn-injury-lawyers/north-charleston-sc/,14,0,20.1,134,0,False,/practice-areas/burn-injury-lawyers/,map,1,True,REMOVE,charleston burn accident lawyers (25) | charleston burn accident attorney (24) | burn injury lawyer summerville (11),retired/redirected,
/es/blog/murrells-inlet-jet-ski-accident-lawyer/,14,0,12.6,23,0,False,/es/practice-areas/boating-accident-lawyers/,map,1,True,REMOVE,abogado de accidentes en vacaciones de playa en wilmington (2) | abogados accidente jet ski (2) | abogado de accidentes de bote en leland (1),retired/redirected,
/locations/south-carolina/charleston/seabrook-island/,14,0,14.4,86,0,False,/locations/south-carolina/charleston/,map,1,True,REMOVE,"seabrook dog bite lawyer (25) | seabrook bicycle accident lawyer (17) | nursing home abuse lawyer in seabrook island, sc (12)",retired/redirected,
/motorcycle-accident-lawyers/darien-ga/,14,0,5.6,46,0,False,/practice-areas/motorcycle-accident-lawyers/,map,1,True,REMOVE,darien motorcycle accident lawyer (42) | waycross motorcycle accident lawyer (1),retired/redirected,
/practice-areas/brain-injury-lawyers/birth-related-brain-injury/,14,0,13.9,99,0,False,/practice-areas/brain-injury-lawyers/,nested-pa,2,True,,childbirth related brain injury lawyers (4) | savannah childbirth related brain injury lawyers (2) | savannah hypoxic-ischemic encephalopathy lawyers (2),retired/redirected,
/practice-areas/workers-compensation-lawyers/warehouse-logistics-injury/,14,0,16.6,31,0,False,/practice-areas/workers-compensation-lawyers/,nested-pa,2,True,,north charleston injured warehouse worker law firm (10) | forklift accident lawyer charleston (3) | north charleston injured warehouse worker attorney (1),retired/redirected,
/privacy-policy-2/,14,0,2.8,30,0,False,,,0,False,KEEP,,live but not in sitemap (index/archive/testimonial/other),200
/product-liability-lawyers/defective-auto-parts/,14,0,40.4,95,0,False,/practice-areas/product-liability-lawyers/,map,1,True,KEEP,ocga defective equipment (10) | defective auto parts lawyer (7) | defective car parts attorney (6),retired/redirected,
/testimonials/rebecca-harris/,14,0,10.4,36,5,False,,,0,False,KEEP,rebecca harris attorney (2),live but not in sitemap (index/archive/testimonial/other),200
/practice-areas/brain-injury-lawyers/closed-head-injury/,13,1,22.8,39,1,False,/brain-injury-lawyers/closed-head-injury/,nested-pa,1,True,,closed head injury attorney (19) | diffuse axonal injury lawyer (4) | certified brain injury specialist attorney georgia (2),retired/redirected,
/blog/mark-clark-expressway-i-526-18-wheeler-accident-lawyer-north-charleston/,13,0,11.2,111,0,False,/practice-areas/truck-accident-lawyers/,map,1,True,REMOVE,"""(843) 790-8999"" roden law (18) | best truck accident lawyer north charleston (3) | best truck accident attorney clark (2)",retired/redirected,
/blog/n-lake-drive-dick-pond-road-sc-544-underinsured-motorist-lawyer/,13,0,8.8,18,0,False,/practice-areas/car-accident-lawyers/,map,1,True,REMOVE,underinsured motorist lawyer lake county (1),retired/redirected,
/es/blog/kemira-plant-drive-savannah-fatal-truck-accident-lawyer/,13,0,27.7,16,0,False,/es/practice-areas/truck-accident-lawyers/,map,1,True,REMOVE,accidente de camion abogado savannah (10) | abogado de accidente de auto en savannah (2) | accidente de mi hija: mi esposo salvó al culpable (1),retired/redirected,
/es/pedestrian-accident-lawyers/savannah-ga/,13,0,32.9,15,0,False,/es/practice-areas/pedestrian-accident-lawyers/,map,1,True,REMOVE,abogado de compensación laboral chatham county (4) | no hay culpa doctor en richmond hill (2) | abogado de accidente de auto en savannah (1),retired/redirected,
/locations/south-carolina/north-charleston/summerville/nexton/,13,0,34.5,41,0,False,/locations/south-carolina/north-charleston/,map,1,True,REMOVE,"corporate law attorneys in nexton, sc (3) | nursing home abuse attorney knightsville (2) | nursing home abuse lawyer knightsville (2)",retired/redirected,
/motorcycle-accident-lawyers/columbia-sc/,13,0,29.3,1164,1,False,/practice-areas/motorcycle-accident-lawyers/,map,1,True,REMOVE,motorcycle accident attorney columbia (388) | motorcycle accident lawyer columbia (272) | motorcycle accident law firm columbia (200),retired/redirected,
/motorcycle-accident-lawyers/drunk-driver-motorcycle-accident/,13,0,13.5,66,0,False,/practice-areas/motorcycle-accident-lawyers/,map,1,True,KEEP,drunk motorcycle accident (2) | accident case types georgia (1),retired/redirected,
/blog/best-car-accident-lawyer-ashley-river-road-greenwood-park-west-ashley/,12,0,14.1,36,0,False,/practice-areas/car-accident-lawyers/,map,1,True,REMOVE,greenwood uber accident lawyer (3) | best car accident lawyer in charleston sc (1) | charleston uber accident attorney (1),retired/redirected,
/brain-injury-lawyers/severe-traumatic-brain-injury/,12,0,21.9,38,0,False,/practice-areas/brain-injury-lawyers/,map,1,True,KEEP,traumatic brain injury (tbi) criminal defense lawyer (6) | georgia brain injury lawyers (1),retired/redirected,
/es/blog/eastern-wharf-harbor-street-electric-scooter-accident-lawyer/,12,0,28.1,34,0,False,/es/practice-areas/electric-scooter-accident-lawyers/,map,1,True,KEEP,no hay culpa doctor en richmond hill (20) | abogado de choques de carros (2) | abogado de choques de caro (1),retired/redirected,
/testimonials/dante-williams-dante/,12,0,17.2,45,1,False,,,0,False,KEEP,site:rodenlaw.com (4),live but not in sitemap (index/archive/testimonial/other),200
/truck-accident-lawyers/commercial-van-delivery-truck-accident/,12,0,6.2,20,0,False,/practice-areas/truck-accident-lawyers/,map,1,True,KEEP,,retired/redirected,
/blog/bucksport-marina-waccamaw-intracoastal-boating-accident-lawyer/,11,0,10.0,26,0,False,/practice-areas/boating-accident-lawyers/,map,1,True,REMOVE,hurt in a boating accident (1),retired/redirected,
/blog/page/38/,11,0,6.3,11,0,False,,,0,False,,site:rodenlaw.com (2),live but not in sitemap (index/archive/testimonial/other),200
/es/blog/dick-pond-road-sc-544-truck-accident-lawyer-surfside-beach/,11,0,11.8,32,0,False,/es/practice-areas/truck-accident-lawyers/,map,1,True,REMOVE,abogado de lesiones de motocicleta myrtle beach (5) | abogado de accidentes de motocicleta en myrtle beach (2) | abogado de accidentes de carro myrtle beach (1),retired/redirected,
/es/pedestrian-accident-lawyers/north-charleston-sc/,11,0,21.1,14,0,False,/es/practice-areas/pedestrian-accident-lawyers/,map,1,True,REMOVE,mejor abogado de resbalones y caídas north charleston (7) | abogado de accidentes auto hanahan (3) | abogado de accidentes con conductor sin seguro en charleston (2),retired/redirected,
/practice-areas/atv-side-by-side-accident-lawyers/myrtle-beach-sc/,11,0,5.6,34,0,False,/practice-areas/atv-side-by-side-accident-lawyers/,nested-pa,2,True,,myrtle beach atv accidents attorneys (29),retired/redirected,
/practice-areas/burn-injury-lawyers/scalding-hot-liquid-burn/,11,0,5.3,59,3,False,/burn-injury-lawyers/scalding-hot-liquid-burn/,nested-pa,1,True,,,retired/redirected,
/practice-areas/nursing-home-abuse-lawyers/physical-abuse-nursing-home/,11,0,27.4,19,1,False,/nursing-home-abuse-lawyers/physical-abuse-nursing-home/,nested-pa,1,True,,nursing home abuse law (3) | elder abuse victim attorney georgia (1) | healthcare professional abuse lawyer (1),retired/redirected,
/practice-areas/premises-liability-lawyers/myrtle-beach-sc/,11,0,33.0,11,0,False,/practice-areas/premises-liability-lawyers/,nested-pa,2,True,,premises liability lawyer (4) | cremation liability attorney myrtle beach (2) | myrtle beach property damage attorney (2),retired/redirected,
/testimonials/anthony-b/,11,0,13.6,13,0,False,,,0,False,KEEP,anthony wrongful death lawyer (1),live but not in sitemap (index/archive/testimonial/other),200
/truck-accident-lawyers/darien-ga/,11,0,6.7,46,0,False,/practice-areas/truck-accident-lawyers/,map,1,True,REMOVE,darien truck accident lawyer (34),retired/redirected,
/truck-accident-lawyers/hazardous-materials-accident/,11,0,20.0,68,0,False,/practice-areas/truck-accident-lawyers/,map,1,True,KEEP,hazardous materials accident lawyer (14) | hazardous materials truck accident attorney (8) | cargo spill hazardous materials accident lawyer (1),retired/redirected,
/wrongful-death-lawyers/columbia-sc/,11,0,19.8,28,1,False,/practice-areas/wrongful-death-lawyers/,map,1,True,REMOVE,columbia wrongful death lawsuit (5) | wrongful death lawyers blythewood (3) | blythewood wrongful death lawyers (2),retired/redirected,
/blog/category/rideshare-accident/,10,0,8.8,10,0,False,,,0,False,,mcintosh rideshare accident lawyer (9) | mcintosh bicycle accident lawyer (1),live but not in sitemap (index/archive/testimonial/other),200
/blog/litchfield-pawleys-island-golf-cart-accident-lawyer-georgetown-county/,10,0,6.7,106,2,False,/practice-areas/golf-cart-accident-lawyers/,map,1,True,KEEP,accident in pawleys island yesterday (2) | longs golf cart accident lawyer (2) | rhode island golf cart accident lawyer (2),retired/redirected,
/car-accident-lawyers/distracted-driving-accident/,10,0,9.7,20,0,False,/practice-areas/car-accident-lawyers/,map,1,True,KEEP,distracted driving accident attorney (1) | distracted driving accident attorney groton (1) | distracted driving accident lawyer east haven (1),retired/redirected,
/car-accident-lawyers/hit-and-run-accident/,10,0,13.8,29,0,False,/practice-areas/car-accident-lawyers/,map,1,True,KEEP,car accident injury treatment darien (1) | ocga 40-6-270 (1),retired/redirected,
/car-accident-lawyers/t-bone-accident/,10,0,15.1,46,0,False,/practice-areas/car-accident-lawyers/,map,1,True,KEEP,t bone accident attorney (18) | savannah t bone crashes accident lawyer (2) | t-bone accident attorney (1),retired/redirected,
/construction-accident-lawyers/crane-heavy-equipment-accident/,10,0,28.5,86,0,False,/practice-areas/construction-accident-lawyers/,map,1,True,KEEP,crane collapse attorney (3) | georgia crane accident lawyers (3) | big equipment rental savannah ga (2),retired/redirected,
/es/blog/rivers-avenue-northwoods-bus-accident-lawyer-north-charleston/,10,0,15.5,11,0,False,/es/practice-areas/car-accident-lawyers/,map,1,True,REMOVE,abogado de lesiones en north charleston (4) | abogado de accidentes de carro myrtle beach (3) | abogado de lesiones north charleston (2),retired/redirected,
/locations/georgia/savannah/richmond-hill/,10,0,9.8,44,0,False,/locations/georgia/savannah/,map,1,True,REMOVE,personal injury lawyer near me (5),retired/redirected,
/locations/south-carolina/columbia/red-bank/,10,0,6.2,67,1,False,/locations/south-carolina/columbia/,map,1,True,REMOVE,,retired/redirected,
/locations/south-carolina/north-charleston/charleston-heights/,10,0,7.5,19,1,False,/locations/south-carolina/north-charleston/,map,1,True,REMOVE,,retired/redirected,
/medical-malpractice-lawyers/north-charleston-sc/,10,0,25.3,25,0,False,/practice-areas/medical-malpractice-lawyers/,map,1,True,REMOVE,,retired/redirected,
/product-liability-lawyers/north-charleston-sc/,10,0,9.2,67,0,False,/practice-areas/product-liability-lawyers/,map,1,True,REMOVE,product liability lawyer north charleston sc (17) | product liability lawyer charleston (9) | product liability lawyernorth charleston (9),retired/redirected,
/resources/highway-501-truck-accidents-conway-myrtle-beach/,10,0,6.4,20,0,False,/resources/i-26-i-95-corridor-report/,map,1,True,CONSOLIDATE,,retired/redirected,
/bicycle-accident-lawyers/distracted-driver-bicycle-accident/,9,0,12.2,31,0,False,/practice-areas/bicycle-accident-lawyers/,map,1,True,KEEP,,retired/redirected,
/blog/atlantic-coastal-highway-us-17-rideshare-uber-lyft-crash-savannah-intermodal-transit-center/,9,0,7.8,17,1,False,/practice-areas/car-accident-lawyers/,map,1,True,KEEP,coastal ga car accident laws (6) | lyft+rivers (1),retired/redirected,
/blog/category/personal-injury/page/2/,9,0,15.2,9,0,False,,,0,False,,car injury lawyers (2) | personal injury lawyer for car accident (2) | south carolina personal injury lawyer (2),live but not in sitemap (index/archive/testimonial/other),200
/blog/columbia-airport-expressway-us-378-truck-accident-springdale-lexington-county/,9,0,17.6,56,1,False,/practice-areas/truck-accident-lawyers/,map,1,True,KEEP,springdale federal defense lawyer (1) | springdale lyft accident lawyer (1) | springdale pedestrian accident lawyer (1),retired/redirected,
/blog/green-grove-dorchester-road-atv-accident-lawyer-north-charleston/,9,0,9.3,58,0,False,/practice-areas/atv-side-by-side-accident-lawyers/,map,1,True,REMOVE,"""(843) 790-8999"" roden law (10) | accidents columbia sc (1) | atv (1)",retired/redirected,
/boating-accident-lawyers/kayak-canoe-accident/,9,0,4.8,36,0,False,/practice-areas/boating-accident-lawyers/,map,1,True,KEEP,,retired/redirected,
/car-accident-lawyers/drunk-driver-accident/,9,0,15.8,35,0,False,/practice-areas/car-accident-lawyers/,map,1,True,KEEP,columbia sc dui under 21 lawyer (1) | north charleston drunk driving accident attorneys (1) | north charleston drunk driving accident lawyer (1),retired/redirected,
/locations/georgia/darien/jesup/,9,0,7.1,55,1,False,/locations/georgia/darien/,map,1,True,EVALUATE,,retired/redirected,
/locations/georgia/savannah/bryan-county/,9,0,16.8,20,1,False,/locations/georgia/savannah/,map,1,True,EVALUATE,personal injury lawyer savannah (1) | personal injury lawyer savannah ga (1) | personal injury lawyers savannah (1),retired/redirected,
/locations/georgia/savannah/effingham-county/egypt/,9,0,9.4,25,0,False,/locations/georgia/savannah/,map,1,True,REMOVE,"effingham truck accident lawyer (1) | springfield, ga wrongful death lawyers (1)",retired/redirected,
/locations/south-carolina/columbia/camden/,9,0,8.1,12,0,False,/locations/south-carolina/columbia/,map,1,True,REMOVE,"803-432-4311 (2) | camden, sc motorcycle accident lawyer (1) | kershaw county sc personal injury lawyer (1)",retired/redirected,
/locations/south-carolina/myrtle-beach/socastee/socastee-village/,9,0,29.9,16,0,False,/locations/south-carolina/myrtle-beach/,map,1,True,REMOVE,socastee personal injury lawyer (6) | socastee drunk driving accident lawyer (4) | socastee car accident lawyer (2),retired/redirected,
/locations/south-carolina/north-charleston/hanahan/,9,0,7.9,16,0,False,/locations/south-carolina/north-charleston/,map,1,True,REMOVE,,retired/redirected,
/maritime-injury-lawyers/myrtle-beach-sc/,9,0,6.0,29,2,False,/practice-areas/maritime-injury-lawyers/,map,1,True,REMOVE,,retired/redirected,
/practice-areas/burn-injury-lawyers/workplace-burn-injury/,9,0,15.4,29,0,False,/practice-areas/burn-injury-lawyers/,nested-pa,2,True,,restaurant employee burn injury attorney (7) | burn injury at work attorney (3) | burn injury lawyer georgia (1),retired/redirected,
/practice-areas/nursing-home-abuse-lawyers/savannah-ga/,9,0,73.3,18,2,False,/practice-areas/nursing-home-abuse-lawyers/,nested-pa,2,True,,savannah nursing home abuse lawyer (1) | sexual abuse lawyers savannah (1),retired/redirected,
/workers-compensation-lawyers/savannah-port-worker-injury/,9,0,8.6,63,1,False,/practice-areas/workers-compensation-lawyers/,map,1,True,CONSOLIDATE,site:rodenlaw.com (7) | repetitive stress injury attorney savannah (4) | crane accident attorney savannah (3),retired/redirected,
/locations/south-carolina/myrtle-beach/north-myrtle-beach/,8,1,5.6,29,1,False,/locations/south-carolina/myrtle-beach/,map,1,True,REMOVE,,retired/redirected,
/atv-side-by-side-accident-lawyers/darien-ga/,8,0,13.8,23,0,False,/practice-areas/atv-side-by-side-accident-lawyers/,map,1,True,REMOVE,darien truck accident lawyer (1) | product liability insurance waycross (1) | rov & atv accidents (1),retired/redirected,
/blog/category/golf-cart-accident/,8,0,9.9,96,0,False,,,0,False,,golf cart accident lawyer macon (9) | golf cart accident lawyer (8) | aynor golf cart accident lawyer (3),live but not in sitemap (index/archive/testimonial/other),200
/blog/chicora-cherokee-carner-avenue-us-52-car-accident-attorney-north-charleston/,8,0,9.0,29,0,False,/practice-areas/car-accident-lawyers/,map,1,True,REMOVE,north charleston car accident attorney (1),retired/redirected,
/blog/mcintosh-county-drunk-driver-accident-lawyer/,8,0,10.5,29,1,False,/practice-areas/car-accident-lawyers/,map,1,True,KEEP,mcintosh car accident lawsuit (2) | mcintosh car accident lawyer (1) | mcintosh collision lawyer (1),retired/redirected,
/blog/summerville-i-26-18-wheeler-accident-lawyer-dorchester-county/,8,0,18.6,89,0,False,/practice-areas/truck-accident-lawyers/,map,1,True,REMOVE,i-26 truck accident lawyer (5) | summerville fatal truck accident lawyers (5) | summerville fatal truck accident lawyer (4),retired/redirected,
/car-accident-lawyers/delivery-vehicle-accident/,8,0,6.5,92,0,False,/practice-areas/car-accident-lawyers/,map,1,True,KEEP,valdosta food delivery car accident lawyer (13) | delivery driver accident lawyer (6) | summerville delivery driver injury lawyers (5),retired/redirected,
/es/blog/brunswick-ocean-highway-us-17-underinsured-motorist-lawyer-glynn-county/,8,0,31.6,18,0,False,/es/practice-areas/car-accident-lawyers/,map,1,True,REMOVE,abogado de conducción imprudente en brunswick (5) | fracturas por accidente new brunswick (1) | local bicycle accident attorney panorama (1),retired/redirected,
/es/blog/st-simons-island-kings-way-motorcycle-accident-lawyer/,8,0,12.5,25,0,False,/es/practice-areas/motorcycle-accident-lawyers/,map,1,True,REMOVE,bufete de abogados de lesiones del condado de kings (14) | abogado de lesiones de motocicleta en myrtle beach (4) | abogado de lesiones de motocicleta myrtle beach (3),retired/redirected,
/es/workers-compensation-lawyers/darien-ga/,8,0,16.6,10,0,False,/es/practice-areas/workers-compensation-lawyers/,map,1,True,REMOVE,abogado de compensación de trabajadores de north charleston (2) | compensación de trabajadores despacho de abogados cerca de mi (2) | abogado de compensación de trabajadores de myrtle beach (1),retired/redirected,
/golf-cart-accident-lawyers/north-charleston-sc/,8,0,21.4,36,0,False,/practice-areas/golf-cart-accident-lawyers/,map,1,True,REMOVE,golf cart accident lawyer charleston (11) | golf cart accident lawyer summerville (2) | golf cart accident attorney charleston (1),retired/redirected,
/locations/georgia/darien/sea-island/,8,0,7.0,25,2,False,/locations/georgia/darien/,map,1,True,REMOVE,,retired/redirected,
/locations/georgia/savannah/hinesville/,8,0,13.1,14,1,False,/locations/georgia/savannah/,map,1,True,EVALUATE,,retired/redirected,
/locations/south-carolina/columbia/blythewood/,8,0,6.1,2130,0,False,/locations/south-carolina/columbia/,map,1,True,REMOVE,blythewood personal injury lawyer (146) | blythewood personal injury attorney (105) | blythewood personal injury law firm (104),retired/redirected,
/locations/south-carolina/columbia/dentsville/,8,0,8.8,76,0,False,/locations/south-carolina/columbia/,map,1,True,REMOVE,slip and fall lawyer dentsville (6) | car accident lawyer dentsville (5),retired/redirected,
/locations/south-carolina/columbia/irmo/,8,0,7.1,76,0,False,/locations/south-carolina/columbia/,map,1,True,REMOVE,irmo personal injury lawyer (1),retired/redirected,
/practice-areas/maritime-injury-lawyers/columbia-sc/,8,0,4.6,31,0,False,/practice-areas/maritime-injury-lawyers/,nested-pa,2,True,,maritime accident lawyer near me (4) | maritime accident lawyers (1),retired/redirected,
/resources/what-to-do-after-car-accident-north-charleston/,8,0,19.5,388,0,False,/practice-areas/car-accident-lawyers/,map,1,True,CONSOLIDATE,get justice after a car accident in charleston (31) | hurt in a car accident in charleston (22) | legal support for auto crash victims in charleston (13),retired/redirected,
/slip-and-fall-lawyers/workplace-slip-and-fall/,8,0,9.0,22,0,False,/practice-areas/slip-and-fall-lawyers/,map,1,True,KEEP,workplace fall injury attorney (1) | workplace slip and fall attorney (1),retired/redirected,
/testimonials/britany-roberson/,8,0,11.9,8,1,False,,,0,False,KEEP,site:rodenlaw.com (2),live but not in sitemap (index/archive/testimonial/other),200
/testimonials/nicole-barber/,8,0,6.0,9,0,False,,,0,False,KEEP,site:rodenlaw.com (1),live but not in sitemap (index/archive/testimonial/other),200
/workers-compensation-lawyers/gulfstream-aerospace-injury/,8,0,7.4,33,0,False,/practice-areas/workers-compensation-lawyers/,map,1,True,CONSOLIDATE,fayetteville aviation worker injury lawyer (1),retired/redirected,
/blog/page/42/,7,0,4.9,16,0,False,,,0,False,,site:rodenlaw.com (11),404,404
/blog/rivers-avenue-northwoods-bus-accident-lawyer-north-charleston/,7,0,23.9,82,0,False,/practice-areas/car-accident-lawyers/,map,1,True,REMOVE,charleston bus accident lawyer (9) | bus injury attorney charleston (7) | bus accident attorney charleston (6),retired/redirected,
/blog/savannah-veterans-parkway-car-accident-lawyer/,7,0,7.7,24,0,False,/practice-areas/car-accident-lawyers/,map,1,True,KEEP,savannah speeding accident lawyer (3) | savannah fatal car accident lawyer (1) | savannah rear end collision accident lawyer (1),retired/redirected,
/boating-accident-lawyers/speedboat-powerboat-collision/,7,0,6.4,108,0,False,/practice-areas/boating-accident-lawyers/,map,1,True,KEEP,south carolina boat accident lawyer (11) | south carolina boat accident attorney (9) | south carolina boating accident lawyer (9),retired/redirected,
/construction-accident-lawyers/north-charleston-sc/,7,0,28.4,82,0,False,/practice-areas/construction-accident-lawyers/,map,1,True,REMOVE,charleston construction accident lawyer (13) | charleston construction accident attorney (9) | construction accident lawyer north charleston sc (7),retired/redirected,
/locations/georgia/savannah/guyton/,7,0,5.1,21,0,False,/locations/georgia/savannah/,map,1,True,REMOVE,,retired/redirected,
/locations/south-carolina/charleston/west-ashley/shadowmoss/,7,0,7.9,20,0,False,/locations/south-carolina/charleston/,map,1,True,REMOVE,,retired/redirected,
/locations/south-carolina/columbia/northeast-columbia/,7,0,5.3,40,1,False,/locations/south-carolina/columbia/,map,1,True,REMOVE,medical malpractice lawyer in spring valley cdp (5) | 803-865-4500 (1),retired/redirected,
/locations/south-carolina/columbia/oak-grove/,7,0,6.4,66,0,False,/locations/south-carolina/columbia/,map,1,True,REMOVE,,retired/redirected,
/locations/south-carolina/myrtle-beach/conway/historic-district/,7,0,13.6,92,0,False,/locations/south-carolina/myrtle-beach/,map,1,True,REMOVE,(843) 347-7111 (5) | 843-347-7111 (5),retired/redirected,
/resources/lexington-county-truck-accidents-distribution-corridor/,7,0,8.7,46,0,False,/resources/i-26-i-95-corridor-report/,map,1,True,CONSOLIDATE,lexington rv tire failure lawyer (2) | loading dock repair companies goose creek sc (2) | lexington 3pl company (1),retired/redirected,
/truck-accident-lawyers/cement-truck-accident/,7,0,17.6,44,0,False,/practice-areas/truck-accident-lawyers/,map,1,True,KEEP,north charleston fatal truck accident attorneys (1),retired/redirected,
/workers-compensation-lawyers/darien-ga/,7,0,10.4,63,0,False,/practice-areas/workers-compensation-lawyers/,map,1,True,REMOVE,workers comp injury darien (14),retired/redirected,
/workers-compensation-lawyers/north-charleston-sc/,7,0,10.7,34,0,False,/practice-areas/workers-compensation-lawyers/,map,1,True,REMOVE,workers compensation north charleston sc (7) | boeing workers compensation charleston sc (1) | north charleston injured warehouse worker attorneys (1),retired/redirected,
/blog/category/personal-injury/,6,0,14.8,35,1,False,,,0,False,,car accident injury treatment darien (2) | roden law (1),live but not in sitemap (index/archive/testimonial/other),200
/blog/darien-river-boating-accident-lawyer/,6,0,26.0,61,0,False,/practice-areas/boating-accident-lawyers/,map,1,True,KEEP,site:rodenlaw.com (7) | boating injuries brunswick georgia (4) | boating injuries lawyer brunswick georgia (4),retired/redirected,
/blog/eastern-wharf-savannah-pedestrian-bike-accidents/,6,0,8.7,10,0,False,/practice-areas/pedestrian-accident-lawyers/,map,1,True,KEEP,,retired/redirected,
/blog/hanahan-murray-avenue-highland-park-bicycle-accident-lawyer/,6,0,43.5,87,1,False,/practice-areas/bicycle-accident-lawyers/,map,1,True,KEEP,highland park bike accident lawyer (14) | personal injury attorney urb highland pk pr (6) | charleston bicycle accident attorney (1),retired/redirected,
/blog/rideshare-accident-i-26-tenmile-north-charleston/,6,0,8.5,24,1,False,/practice-areas/car-accident-lawyers/,map,1,True,KEEP,north charleston lyft accident lawyer (1),retired/redirected,
/blog/surfside-beach-golf-colony-golf-cart-accident-lawyer/,6,0,36.0,85,2,False,/practice-areas/golf-cart-accident-lawyers/,map,1,True,KEEP,plantation cart crash lawyer (1),retired/redirected,
/blog/yamacraw-village-pedestrian-accident-lawyer/,6,0,10.5,15,1,False,/practice-areas/pedestrian-accident-lawyers/,map,1,True,KEEP,mcintosh semi-truck accident lawyer (2) | mcintosh rideshare accident lawyer (1) | savannah pedestrian accident lawyer (1),retired/redirected,
/blog/your-guide-to-documenting-a-james-island-parkway-car-accident/,6,0,6.7,138,0,False,/practice-areas/car-accident-lawyers/,map,1,True,REMOVE,,retired/redirected,
/car-accident-lawyers/ashley-phosphate-road-accident/,6,0,13.5,29,1,False,/practice-areas/car-accident-lawyers/,map,1,True,CONSOLIDATE,roundabout accident lawyers (2),retired/redirected,
/car-accident-lawyers/rivers-avenue-accident/,6,0,10.3,38,0,False,/practice-areas/car-accident-lawyers/,map,1,True,CONSOLIDATE,,retired/redirected,
/es/blog/cayce-12th-street-uninsured-motorist-lawyer/,6,0,13.0,6,0,False,/es/practice-areas/car-accident-lawyers/,map,1,True,REMOVE,mejor abogado de accidentes de motocicleta columbia (3),retired/redirected,
/locations/georgia/savannah/rincon/,6,0,78.0,13,0,False,/locations/georgia/savannah/,map,1,True,REMOVE,,retired/redirected,
/locations/georgia/savannah/statesboro/,6,0,7.7,13,1,False,/locations/georgia/savannah/,map,1,True,EVALUATE,,retired/redirected,
/locations/georgia/savannah/thunderbolt/,6,0,7.3,28,0,False,/locations/georgia/savannah/,map,1,True,REMOVE,,retired/redirected,
/locations/georgia/savannah/whitemarsh-island/,6,0,5.5,18,1,False,/locations/georgia/savannah/,map,1,True,REMOVE,,retired/redirected,
/locations/south-carolina/north-charleston/goose-creek/howe-hall/,6,0,7.8,9,0,False,/locations/south-carolina/north-charleston/,map,1,True,REMOVE,,retired/redirected,
/motorcycle-accident-lawyers/left-turn-accident/,6,0,7.7,29,0,False,/practice-areas/motorcycle-accident-lawyers/,map,1,True,KEEP,,retired/redirected,
/practice-areas/brain-injury-lawyers/penetrating-brain-injury/,6,0,16.5,40,0,False,/practice-areas/brain-injury-lawyers/,nested-pa,2,True,,cranial drill defect injury attorney (15),retired/redirected,
/practice-areas/workers-compensation-lawyers/boeing-aerospace-injury/,6,0,6.3,16,1,False,/practice-areas/workers-compensation-lawyers/,nested-pa,2,True,,boeing workers compensation charleston sc (2),retired/redirected,
/testimonials/bryston-butler/,6,0,7.8,8,0,False,,,0,False,KEEP,butler beach motorcycle accident lawyer (1),live but not in sitemap (index/archive/testimonial/other),200
/testimonials/tie-miller/,6,0,4.7,9,0,False,,,0,False,KEEP,,live but not in sitemap (index/archive/testimonial/other),200
/truck-accident-lawyers/18-wheeler-semi-truck-accident/,6,0,12.7,20,0,False,/practice-areas/truck-accident-lawyers/,map,1,True,KEEP,18 wheeler truck wreck attorney (3) | eighteen wheeler accident legal (1),retired/redirected,
/blog/blog-workers-compensation-benefit-types/,5,0,15.2,6,0,False,/blog/workers-compensation-benefit-types/,live check,0,True,,what are the four types of benefits? (2) | what are the four types of workers' compensation benefits (1) | what are workers compensation benefits (1),retired/redirected,301
/blog/category/free-case-review/,5,0,54.6,6,0,False,,,0,False,,bicycle accident lawyer sunrise (1),live but not in sitemap (index/archive/testimonial/other),200
/blog/category/workers-compensation/page/2/,5,0,42.0,6,0,False,,,0,False,,workers comp sprained ankle (1),live but not in sitemap (index/archive/testimonial/other),200
/blog/cayce-12th-street-uninsured-motorist-lawyer/,5,0,9.8,48,1,False,/practice-areas/car-accident-lawyers/,map,1,True,KEEP,columbia uninsured motorist accident attorney (4) | cayce (3) | columbia uninsured motorist accident lawyer (1),retired/redirected,
/blog/garden-city-dean-forest-road-truck-accident-lawyer/,5,0,13.8,212,0,False,/practice-areas/truck-accident-lawyers/,map,1,True,REMOVE,garden city truck accident lawyer (26) | chatham county truck wreck lawyers (10) | garden city sc truck accident lawyer (9),retired/redirected,
/blog/st-andrews-road-widewater-18-wheeler-accident-lawyer-richland-county/,5,0,8.0,75,1,False,/practice-areas/truck-accident-lawyers/,map,1,True,KEEP,accident 333 (1) | richland truck accident settlement (1) | south carolina accident (1),retired/redirected,
/boating-accident-lawyers/north-charleston-sc/,5,0,18.4,71,0,False,/practice-areas/boating-accident-lawyers/,map,1,True,REMOVE,"boat accident lawyer in north charleston, sc (57) | north charleston boating accident lawyer (6)",retired/redirected,
/car-accident-lawyers/construction-vehicle-accident/,5,0,10.4,58,0,False,/practice-areas/car-accident-lawyers/,map,1,True,KEEP,what are the best indicators that a south carolina construction accident attorney is experienced with commercial vehicle cases? (1),retired/redirected,
/case-results/2500000-settlement-auto-accident/,5,0,9.0,12,0,False,/case-results/,case-result pattern,1,True,KEEP,"$2,500,000 (3) | $2500000 (1) | site:rodenlaw.com (1)",retired/redirected,
/case-results/9800000-recovery-premises-liability/,5,0,8.0,6,0,False,/case-results/,case-result pattern,1,True,KEEP,,retired/redirected,
/construction-accident-lawyers/darien-ga/,5,0,11.4,65,0,False,/practice-areas/construction-accident-lawyers/,map,1,True,REMOVE,darien catastrophic injury lawyer (9) | darien motorcycle accident lawyer (3) | new haven construction accident lawyer (3),retired/redirected,
/es/blog/garden-city-ga-21-augusta-road-car-accident-lawyer/,5,0,9.8,17,0,False,/es/practice-areas/car-accident-lawyers/,map,1,True,REMOVE,abogado de lesiones personales en augusta (4),retired/redirected,
/es/blog/southover-mills-b-lane-motorcycle-accident-lawyer/,5,0,19.2,26,0,False,/es/practice-areas/motorcycle-accident-lawyers/,map,1,True,REMOVE,abogado de accidente de motocicleta en savannah (15) | abogado de lesiones de motocicleta en myrtle beach (3) | abogado de accidentes chatham county (2),retired/redirected,
/locations/georgia/darien/ludowici/,5,0,6.6,61,0,False,/locations/georgia/darien/,map,1,True,REMOVE,,retired/redirected,
/locations/georgia/darien/odum/,5,0,7.2,16,0,False,/locations/georgia/darien/,map,1,True,REMOVE,912-427-6811 (1),retired/redirected,
/locations/georgia/darien/screven/,5,0,6.0,13,0,False,/locations/georgia/darien/,map,1,True,REMOVE,912-427-6811 (1),retired/redirected,
/locations/georgia/savannah/eastside-savannah/,5,0,9.4,26,0,False,/locations/georgia/savannah/,map,1,True,REMOVE,,retired/redirected,
/locations/georgia/savannah/effingham-county/,5,0,8.8,19,0,False,/locations/georgia/savannah/,map,1,True,REMOVE,,retired/redirected,
/locations/south-carolina/charleston/west-ashley/ashley-river-road/,5,0,12.4,54,4,False,/locations/south-carolina/charleston/,map,1,True,REMOVE,,retired/redirected,
/locations/south-carolina/charleston/west-ashley/citadel-mall-area/,5,0,6.6,45,1,False,/locations/south-carolina/charleston/,map,1,True,REMOVE,citadel injury lawyers (2),retired/redirected,
/locations/south-carolina/columbia/batesburg-leesville/,5,0,7.2,23,1,False,/locations/south-carolina/columbia/,map,1,True,EVALUATE,,retired/redirected,
/locations/south-carolina/columbia/south-congaree/,5,0,8.0,28,0,False,/locations/south-carolina/columbia/,map,1,True,REMOVE,,retired/redirected,
/locations/south-carolina/myrtle-beach/burgess/,5,0,9.4,10,0,False,/locations/south-carolina/myrtle-beach/,map,1,True,REMOVE,burgess south carolina (1),retired/redirected,
/locations/south-carolina/myrtle-beach/litchfield-beach/,5,0,12.8,29,0,False,/locations/south-carolina/myrtle-beach/,map,1,True,REMOVE,,retired/redirected,
/locations/south-carolina/myrtle-beach/myrtle-beach/golden-mile/,5,0,8.6,75,1,False,/locations/south-carolina/myrtle-beach/,map,1,True,REMOVE,"""(843) 790-8999"" roden law (29) | where is the golden mile in myrtle beach (10) | roden law firm (3)",retired/redirected,
/motorcycle-accident-lawyers/savannah-ga/,5,0,12.2,1386,0,False,/practice-areas/motorcycle-accident-lawyers/,map,1,True,REMOVE,savannah motorcycle accident lawyer (725) | savannah motorcycle accident attorney (226) | motorcycle accident attorney savannah (106),retired/redirected,
/pedestrian-accident-lawyers/intersection-pedestrian-accident/,5,0,6.2,48,0,False,/practice-areas/pedestrian-accident-lawyers/,map,1,True,KEEP,,retired/redirected,
/practice-areas/atv-side-by-side-accident-lawyers/atv-rental-tour-accident/,5,0,8.8,15,1,False,/atv-side-by-side-accident-lawyers/atv-rental-tour-accident/,nested-pa,1,True,,,retired/redirected,
/practice-areas/bicycle-accident-lawyers/road-hazard-bicycle-crash/,5,0,5.4,13,0,False,/practice-areas/bicycle-accident-lawyers/,nested-pa,2,True,,,retired/redirected,
/practice-areas/electric-scooter-accident-lawyers/road-hazard-escooter-crash/,5,0,7.2,33,0,False,/practice-areas/electric-scooter-accident-lawyers/,nested-pa,2,True,,escooter georgia (1),retired/redirected,
/testimonials/charles-constant/,5,0,3.8,6,0,False,,,0,False,KEEP,,live but not in sitemap (index/archive/testimonial/other),200
/testimonials/kmarieee-_/,5,0,9.2,5,0,False,,,0,False,KEEP,site:rodenlaw.com (1),live but not in sitemap (index/archive/testimonial/other),200
/workers-compensation-lawyers/columbia-sc/,5,0,26.4,270,0,False,/practice-areas/workers-compensation-lawyers/,map,1,True,REMOVE,workers comp lawyer columbia (49) | workers compensation lawyer columbia (40) | columbia workplace injury lawyer (21),retired/redirected,
/wrongful-death-lawyers/north-charleston-sc/,5,0,6.0,77,0,False,/practice-areas/wrongful-death-lawyers/,map,1,True,REMOVE,wrongful death attorney north charleston (21) | wrongful death lawyer north charleston (12) | north charleston wrongful death lawyer (10),retired/redirected,
/locations/south-carolina/north-charleston/wescott-plantation/,4,1,9.2,9,2,False,/locations/south-carolina/north-charleston/,map,1,True,REMOVE,,retired/redirected,
/blog/broad-river-road-pedestrian-accident-lawyer-harbison-columbia/,4,0,25.2,19,0,False,/practice-areas/pedestrian-accident-lawyers/,map,1,True,REMOVE,columbia pedestrian accident lawyer (1),retired/redirected,
/blog/five-points-columbia-uber-accident-lawyer/,4,0,11.8,93,0,False,/practice-areas/car-accident-lawyers/,map,1,True,REMOVE,uber accident attorney columbia (23) | fountain rideshare accident lawyers (7) | fountain rideshare accident attorneys (5),retired/redirected,
/blog/sunset-boulevard-west-columbia-drunk-driver-accident-lawyer/,4,0,7.5,22,0,False,/practice-areas/car-accident-lawyers/,map,1,True,REMOVE,drunk driving accident law firm columbia (2) | columbia drunk driver attorney (1) | columbia drunk driver lawyer (1),retired/redirected,
/blog/west-ashley-sam-rittenberg-boulevard-motorcycle-accident-lawyer/,4,0,11.0,41,0,False,/practice-areas/motorcycle-accident-lawyers/,map,1,True,REMOVE,fight for your rights after a charleston motorcycle accident (15) | van buren motorcycle accident lawyer (3) | sam & ash injury law (1),retired/redirected,
/car-accident-lawyers/uber-lyft-accident/,4,0,3.8,8,0,False,/practice-areas/car-accident-lawyers/,map,1,True,KEEP,north charleston lyft accident lawyer (1) | what are the best class action firms for uber/lyft crash lawsuits in sc? (1),retired/redirected,
/dog-bite-lawyers/north-charleston-sc/,4,0,46.0,31,0,False,/practice-areas/dog-bite-lawyers/,map,1,True,REMOVE,"dog bite law firm knightsville (4) | dog bite injury attorney in sharon, sc (3) | dog bite law firm north charleston (3)",retired/redirected,
/es/bicycle-accident-lawyers/savannah-ga/,4,0,39.2,41,0,False,/es/practice-areas/bicycle-accident-lawyers/,map,1,True,REMOVE,abogado de accidentes en bicicleta en la ciudad de acworth (12) | site:rodenlaw.com (9) | abogado de accidentes de bicicleta columbia (3),retired/redirected,
/es/blog/mount-pleasant-johnnie-dodds-us-17-uninsured-motorist-lawyer/,4,0,9.2,19,0,False,/es/practice-areas/car-accident-lawyers/,map,1,True,REMOVE,"abogado de lesiones de motocicleta north charleston (3) | abogado de accidentes de motocicleta en mount pleasant (2) | ""conductor"" ""blog"" -site:reddit.com -site:twitter.com -site:x.com -site:wykop.pl -site:tripadvisor.com -site:youtube.com -site:yelp.com -site:booking.com -site:facebook.com -site:instagram.com -site:tiktok.com (1)",retired/redirected,
/es/blog/n-lake-drive-us-17-business-best-car-accident-lawyer/,4,0,14.5,29,0,False,/es/practice-areas/car-accident-lawyers/,map,1,True,KEEP,bufete de abogados de lesiones del condado de kings (10) | abogado de accidente de carro johnston county (4) | abogado de accidentes de auto wake forest (2),retired/redirected,
/es/construction-accident-lawyers/savannah-ga/,4,0,18.0,50,0,False,/es/practice-areas/construction-accident-lawyers/,map,1,True,REMOVE,abogado de accidentes de auto en savannah (13) | abogado de accidentes de autobús en savannah (6) | abogado de accidentes de camion en savannah (6),retired/redirected,
/golf-cart-accident-lawyers/columbia-sc/,4,0,16.2,44,0,False,/practice-areas/golf-cart-accident-lawyers/,map,1,True,REMOVE,golf cart accident attorney aiken (7) | aynor golf cart accident lawyer (4) | golf cart accident lawyer near me (4),retired/redirected,
/locations/georgia/savannah/southside-savannah/savannah-quarters/,4,0,12.5,15,0,False,/locations/georgia/savannah/,map,1,True,REMOVE,(912) 819-6000 (3) | 912-819-6000 (2) | hoa attorneys savannah (1),retired/redirected,
/locations/south-carolina/charleston/edisto-island/,4,0,9.8,22,0,False,/locations/south-carolina/charleston/,map,1,True,REMOVE,personal injury attorney in edisto beach sc (7),retired/redirected,
/locations/south-carolina/charleston/mount-pleasant/carolina-park/,4,0,6.5,11,0,False,/locations/south-carolina/charleston/,map,1,True,REMOVE,,retired/redirected,
/locations/south-carolina/charleston/mount-pleasant/dunes-west/,4,0,8.0,10,0,False,/locations/south-carolina/charleston/,map,1,True,REMOVE,,retired/redirected,
/locations/south-carolina/columbia/woodfield/,4,0,6.2,28,0,False,/locations/south-carolina/columbia/,map,1,True,REMOVE,,retired/redirected,
/locations/south-carolina/myrtle-beach/wampee/,4,0,6.2,17,0,False,/locations/south-carolina/myrtle-beach/,map,1,True,REMOVE,,retired/redirected,
/locations/south-carolina/north-charleston/goose-creek/crowfield-plantation/,4,0,11.0,27,3,False,/locations/south-carolina/north-charleston/,map,1,True,REMOVE,plantation premises liability (2) | goose creek pedestrian accident attorney (1),retired/redirected,
/motorcycle-accident-lawyers/intersection-motorcycle-accident/,4,0,14.0,123,0,False,/practice-areas/motorcycle-accident-lawyers/,map,1,True,KEEP,georgia motorcycle accident lawyers (2) | motorcycle accident intersection (2),retired/redirected,
/practice-areas/maritime-injury-lawyers/north-charleston-sc/,4,0,46.2,8,0,False,/practice-areas/maritime-injury-lawyers/,nested-pa,2,True,,longshoremen injury attorneys (1) | longshoremen injury law firm (1),retired/redirected,
/resources/mount-pleasant-truck-accidents-wando-welch/,4,0,6.0,42,0,False,/resources/i-26-i-95-corridor-report/,map,1,True,CONSOLIDATE,,retired/redirected,
/spartanburg-sc-workers-compensation-lawyer/,4,0,18.2,235,0,False,/practice-areas/workers-compensation-lawyers/,map,1,True,REMOVE,spartanburg workers compensation lawyer (48) | spartanburg workers compensation attorney (36) | workers comp lawyers spartanburg sc (25),retired/redirected,
/testimonials/byshiba-moon/,4,0,2.5,14,0,False,,,0,False,KEEP,site:rodenlaw.com (10) | abogado de accidentes de carro myrtle beach (1),live but not in sitemap (index/archive/testimonial/other),200
/workers-compensation-lawyers/warehouse-distribution-injury/,4,0,21.0,43,0,False,/practice-areas/workers-compensation-lawyers/,map,1,True,KEEP,warehouse injury lawyers (15) | overexertion injury attorney savannah (4) | forklift lawyer myrtle beach (2),retired/redirected,
/locations/south-carolina/charleston/downtown-charleston/ansonborough/,3,1,3.7,19,2,False,/locations/south-carolina/charleston/,map,1,True,REMOVE,,retired/redirected,
/blog/car-accident-attorney-near-me-west-ashley-citadel-mall/,3,0,49.7,24,0,False,/practice-areas/car-accident-lawyers/,map,1,True,REMOVE,"""(843) 790-8999"" roden law (6) | auto accident attorney west ashley (1) | car accident attorney south carolina (1)",retired/redirected,
/blog/international-boulevard-airport-rideshare-uber-lyft-crash-north-charleston/,3,0,14.7,13,1,False,/practice-areas/car-accident-lawyers/,map,1,True,KEEP,lyft accident lawyer north charleston (1),retired/redirected,
/blog/page/2/,3,0,35.3,40,1,False,,,0,False,,roden law (15) | scooter accident lawyer mount vernon (2) | bicycle accident lawyer garden city (1),live but not in sitemap (index/archive/testimonial/other),200
/blog/southover-mills-b-lane-motorcycle-accident-lawyer/,3,0,10.0,44,0,False,/practice-areas/motorcycle-accident-lawyers/,map,1,True,REMOVE,i had motorcycle crash in savannah need attorney who works on contingency basis no upfront fees (3) | motorcycle accident lawyers savannah ga no upfront fees (3) | superior motorcycle accident lawyer (2),retired/redirected,
/boating-accident-lawyers/commercial-vessel-accident/,3,0,9.0,12,0,False,/practice-areas/boating-accident-lawyers/,map,1,True,KEEP,maritime injury lawyers proving negligence vessel accident (1),retired/redirected,
/car-accident-lawyers/service-vehicle-accident/,3,0,14.7,23,0,False,/practice-areas/car-accident-lawyers/,map,1,True,KEEP,car accident reconstruction service (1),retired/redirected,
/es/blog/chicora-cherokee-carner-avenue-us-52-car-accident-attorney-north-charleston/,3,0,8.3,15,0,False,/es/practice-areas/car-accident-lawyers/,map,1,True,REMOVE,abogado de accidentes auto north charleston (2) | abogado de accidentes de carro myrtle beach (2) | abogado de accidentes de auto en charleston (1),retired/redirected,
/es/blog/i-20-bush-river-road-motorcycle-accident-lawyer-columbia/,3,0,10.0,116,0,False,/es/practice-areas/motorcycle-accident-lawyers/,map,1,True,REMOVE,abogado de lesiones de motocicleta en columbia (28) | abogado de lesiones de motocicleta columbia (27) | abogado de accidentes de motocicleta en columbia (24),retired/redirected,
/es/blog/summerville-i-26-18-wheeler-accident-lawyer-dorchester-county/,3,0,15.7,40,0,False,/es/practice-areas/truck-accident-lawyers/,map,1,True,REMOVE,abogados de accidentes carro summerville (8) | abogado de accidentes carro summerville (6) | abogado de accidentes de camion en st. george (3),retired/redirected,
/locations/georgia/savannah/bloomingdale/,3,0,6.0,18,0,False,/locations/georgia/savannah/,map,1,True,REMOVE,,retired/redirected,
/locations/georgia/savannah/effingham-county/guyton/,3,0,8.0,22,0,False,/locations/georgia/savannah/,map,2,True,,,retired/redirected,
/locations/georgia/savannah/effingham-county/south-effingham/,3,0,9.0,9,0,False,/locations/georgia/savannah/,map,1,True,REMOVE,,retired/redirected,
/locations/georgia/savannah/pooler/,3,0,7.7,14,1,False,/locations/georgia/savannah/,map,1,True,EVALUATE,,retired/redirected,
/locations/georgia/savannah/southside-savannah/georgetown-savannah/,3,0,5.3,10,0,False,/locations/georgia/savannah/,map,1,True,REMOVE,,retired/redirected,
/locations/south-carolina/charleston/downtown-charleston/wagener-terrace/,3,0,11.0,17,0,False,/locations/south-carolina/charleston/,map,1,True,REMOVE,,retired/redirected,
/locations/south-carolina/charleston/mount-pleasant/rivertowne/,3,0,33.7,118,2,False,/locations/south-carolina/charleston/,map,1,True,REMOVE,"""(843) 790-8999"" roden law (68) | pedestrian accident lawyer mt pleasant sc (4) | roden law (4)",retired/redirected,
/locations/south-carolina/myrtle-beach/forestbrook/,3,0,10.7,16,0,False,/locations/south-carolina/myrtle-beach/,map,1,True,REMOVE,,retired/redirected,
/locations/south-carolina/myrtle-beach/surfside-beach/,3,0,4.7,10,2,False,/locations/south-carolina/myrtle-beach/,map,1,True,EVALUATE,,retired/redirected,
/locations/south-carolina/north-charleston/goose-creek/boulder-bluff/,3,0,10.3,7,0,False,/locations/south-carolina/north-charleston/,map,1,True,REMOVE,,retired/redirected,
/locations/south-carolina/north-charleston/summerville/sangaree/,3,0,34.7,10,1,False,/locations/south-carolina/north-charleston/,map,1,True,REMOVE,riesen durant (1),retired/redirected,
/motorcycle-accident-lawyers/dorchester-road-motorcycle/,3,0,22.7,12,0,False,/practice-areas/motorcycle-accident-lawyers/,map,1,True,CONSOLIDATE,chester motorcycle accident lawyer (3),retired/redirected,
/motorcycle-accident-lawyers/north-charleston-sc/,3,0,10.3,9,0,False,/practice-areas/motorcycle-accident-lawyers/,map,1,True,REMOVE,motorcycle accident lawyer north charleston (1),retired/redirected,
/practice-areas/atv-side-by-side-accident-lawyers/charleston-sc/,3,0,4.3,11,1,False,/practice-areas/atv-side-by-side-accident-lawyers/,nested-pa,2,True,,atv injury lawyer (3) | utv accident lawyer (2) | atv & utv accident lawyer (1),retired/redirected,
/practice-areas/bicycle-accident-lawyers/hit-and-run-bicycle-accident/,3,0,11.3,4,0,False,/practice-areas/bicycle-accident-lawyers/,nested-pa,2,True,,hit and run bicycle accident lawyer (1),retired/redirected,
/practice-areas/maritime-injury-lawyers/unseaworthiness-claim/,3,0,14.0,14,2,False,/maritime-injury-lawyers/unseaworthiness-claim/,nested-pa,1,True,,seafarer unseaworthiness injury attorney (1),retired/redirected,
/resources/page/6/,3,0,8.3,5,0,False,,,0,False,,,live but not in sitemap (index/archive/testimonial/other),200
/resources/rideshare-accident-north-charleston/,3,0,3.7,21,0,False,/practice-areas/car-accident-lawyers/,map,1,True,CONSOLIDATE,,retired/redirected,
/spartanburg-sc-car-accident-lawyer/,3,0,17.7,298,0,False,/practice-areas/car-accident-lawyers/,map,1,True,REMOVE,spartanburg car accident attorney (69) | spartanburg car accident lawyer (44) | spartanburg auto accident attorney (32),retired/redirected,
/spinal-cord-injury-lawyers/complete-spinal-cord-injury/,3,0,9.0,15,0,False,/practice-areas/spinal-cord-injury-lawyers/,map,1,True,KEEP,,retired/redirected,
/spinal-cord-injury-lawyers/incomplete-spinal-cord-injury/,3,0,8.3,37,0,False,/practice-areas/spinal-cord-injury-lawyers/,map,1,True,KEEP,spinal cord injury attorney savannah ga (6) | back and spinal cord injury lawyer savannah (2) | ocga 51-12-4 (2),retired/redirected,
/testimonials/bryant-grinnell/,3,0,5.3,3,0,False,,,0,False,KEEP,,live but not in sitemap (index/archive/testimonial/other),200
/blog/blog-7-mistakes-to-avoid-after-a-motorcycle-accident/,2,0,9.0,5,0,False,/blog/7-mistakes-to-avoid-after-a-motorcycle-accident/,live check,0,True,,,retired/redirected,301
/blog/brunswick-ocean-highway-us-17-underinsured-motorist-lawyer-glynn-county/,2,0,10.5,40,0,False,/practice-areas/car-accident-lawyers/,map,1,True,REMOVE,filing an insurance claim in glynn county (4) | highway hazard injuries brunswick georgia (3) | road hazard injuries brunswick georgia (3),retired/redirected,
/blog/category/medical-malpractice/,2,0,37.0,2,1,False,,,0,False,,,live but not in sitemap (index/archive/testimonial/other),200
/blog/page/27/,2,0,5.5,3,0,False,,,0,False,,,live but not in sitemap (index/archive/testimonial/other),200
/blog/page/3/,2,0,5.5,19,0,False,,,0,False,,,live but not in sitemap (index/archive/testimonial/other),200
/blog/page/4/,2,0,8.5,36,0,False,,,0,False,,"""holmestown"" ""nursing home"" (1)",live but not in sitemap (index/archive/testimonial/other),200
/blog/page/46/,2,0,8.0,2,0,False,,,0,False,,,404,404
/blog/socastee-holmestown-road-underinsured-motorist-lawyer/,2,0,2.0,15,0,False,/practice-areas/car-accident-lawyers/,map,1,True,REMOVE,socastee truck accident lawyer (3) | socastee car accident lawyer (2) | socastee personal injury lawyer (1),retired/redirected,
/blog/south-kings-highway-us-17-business-underinsured-motorist-lawyer/,2,0,14.5,9,1,False,/practice-areas/car-accident-lawyers/,map,1,True,KEEP,myrtle beach business policy (1),retired/redirected,
/case-results/27000000-settlement-truck-accident/,2,0,3.0,3,0,False,/case-results/,case-result pattern,1,True,KEEP,,retired/redirected,
/case-results/350000-settlement-auto-accident/,2,0,9.0,12,2,False,/case-results/,case-result pattern,1,True,KEEP,site:rodenlaw.com (1),retired/redirected,
/construction-accident-lawyers/roofing-accident/,2,0,7.5,18,0,False,/practice-areas/construction-accident-lawyers/,map,1,True,KEEP,roofing accident (1),retired/redirected,
/es/blog/litchfield-pawleys-island-golf-cart-accident-lawyer-georgetown-county/,2,0,3.0,10,0,False,/es/practice-areas/golf-cart-accident-lawyers/,map,1,True,REMOVE,abogado de accidentes en vacaciones de playa en wilmington (2),retired/redirected,
/es/motorcycle-accident-lawyers/darien-ga/,2,0,10.5,2,0,False,/es/practice-areas/motorcycle-accident-lawyers/,map,1,True,REMOVE,abogado de conducción imprudente en brunswick (1),retired/redirected,
/free-consultation-with-charleston-personal-injury-lawyer/,2,0,7.5,33,0,False,,,0,False,KEEP,charleston injury lawyer free consultation (16) | i'm looking for a law firm that offers free consultations for personal injury cases. any recommendations? (1),live but not in sitemap (index/archive/testimonial/other),200
/greenville-sc-car-accident-lawyer/,2,0,4.5,53,0,False,/practice-areas/car-accident-lawyers/,map,1,True,REMOVE,car accident lawyer greenville sc (21) | car accident attorney greenville sc (12) | car accident lawyers greenville sc (7),retired/redirected,
/locations/georgia/darien/st-marys/,2,0,7.0,53,0,False,/locations/georgia/darien/,map,1,True,REMOVE,submarine capital of the world (1) | uss frank cable (1),retired/redirected,
/locations/georgia/savannah/ardsley-park/,2,0,9.0,9,0,False,/locations/georgia/savannah/,map,2,True,,,retired/redirected,
/locations/georgia/savannah/effingham-county/marlow/,2,0,6.0,21,0,False,/locations/georgia/savannah/,map,1,True,REMOVE,nearest driveways marlow (2),retired/redirected,
/locations/georgia/savannah/effingham-county/springfield/,2,0,9.0,17,1,False,/locations/georgia/savannah/,map,2,True,,springfield dangerous highways attorney (1),retired/redirected,
/locations/georgia/savannah/hinesville/fort-stewart-area/,2,0,3.5,41,0,False,/locations/georgia/savannah/,map,1,True,REMOVE,"roden law (3) | ""roden law"" ""31406"" (1)",retired/redirected,
/locations/georgia/savannah/richmond-hill/city-center/,2,0,10.0,9,0,False,/locations/georgia/savannah/,map,1,True,REMOVE,,retired/redirected,
/locations/georgia/savannah/southside-savannah/,2,0,9.5,21,0,False,/locations/georgia/savannah/,map,1,True,REMOVE,,retired/redirected,
/locations/south-carolina/charleston/wadmalaw-island/,2,0,6.5,7,0,False,/locations/south-carolina/charleston/,map,1,True,REMOVE,,retired/redirected,
/locations/south-carolina/columbia/chapin/,2,0,5.5,32,1,False,/locations/south-carolina/columbia/,map,1,True,EVALUATE,,retired/redirected,
/locations/south-carolina/columbia/springdale/,2,0,21.0,14,0,False,/locations/south-carolina/columbia/,map,1,True,REMOVE,"personal injury attorney in springdale, sc (6)",retired/redirected,
/locations/south-carolina/myrtle-beach/briarcliffe-acres/,2,0,2.0,6,0,False,/locations/south-carolina/myrtle-beach/,map,1,True,REMOVE,,retired/redirected,
/locations/south-carolina/myrtle-beach/garden-city-beach/pier-area/,2,0,7.0,7,0,False,/locations/south-carolina/myrtle-beach/,map,1,True,REMOVE,,retired/redirected,
/locations/south-carolina/myrtle-beach/georgetown/historic-district/,2,0,30.0,9,0,False,/locations/south-carolina/myrtle-beach/,map,1,True,REMOVE,,retired/redirected,
/locations/south-carolina/myrtle-beach/green-sea/,2,0,6.5,8,0,False,/locations/south-carolina/myrtle-beach/,map,1,True,REMOVE,,retired/redirected,
/locations/south-carolina/myrtle-beach/longs/,2,0,10.5,20,0,False,/locations/south-carolina/myrtle-beach/,map,1,True,REMOVE,longs car accident lawyer (1),retired/redirected,
/locations/south-carolina/myrtle-beach/loris/,2,0,9.5,12,0,False,/locations/south-carolina/myrtle-beach/,map,1,True,REMOVE,843-716-7000 (6),retired/redirected,
/locations/south-carolina/myrtle-beach/myrtle-beach/grande-dunes/,2,0,39.5,13,0,False,/locations/south-carolina/myrtle-beach/,map,1,True,REMOVE,merging collision lawyer myrtle beach (2) | 843-347-7111 (1),retired/redirected,
/locations/south-carolina/myrtle-beach/surfside-beach/town-center/,2,0,8.5,7,0,False,/locations/south-carolina/myrtle-beach/,map,1,True,REMOVE,,retired/redirected,
/locations/south-carolina/north-charleston/goose-creek/devon-forest/,2,0,9.5,5,1,False,/locations/south-carolina/north-charleston/,map,1,True,REMOVE,,retired/redirected,
/locations/south-carolina/north-charleston/goose-creek/westchester/,2,0,8.5,5,0,False,/locations/south-carolina/north-charleston/,map,1,True,REMOVE,,retired/redirected,
/locations/south-carolina/north-charleston/northwoods/,2,0,6.0,4,0,False,/locations/south-carolina/north-charleston/,map,1,True,REMOVE,,retired/redirected,
/locations/south-carolina/north-charleston/olde-north-charleston/,2,0,2.0,6,3,False,/locations/south-carolina/north-charleston/,map,1,True,REMOVE,,retired/redirected,
/locations/south-carolina/north-charleston/summerville/summers-corner/,2,0,12.0,2,0,False,/locations/south-carolina/north-charleston/,map,1,True,REMOVE,,retired/redirected,
/locations/south-carolina/north-charleston/summerville/wescott/,2,0,7.0,4,0,False,/locations/south-carolina/north-charleston/,map,1,True,REMOVE,,retired/redirected,
/maritime-injury-lawyers/jones-act-seaman-claim/,2,0,54.0,17,0,False,/practice-areas/maritime-injury-lawyers/,map,1,True,KEEP,jones act seaman accident attorney (2) | merchant seaman penalty wage lawyer (1) | seaman injury lawyer (1),retired/redirected,
/pedestrian-accident-lawyers/rivers-avenue-pedestrian/,2,0,10.5,11,0,False,/practice-areas/pedestrian-accident-lawyers/,map,1,True,CONSOLIDATE,,retired/redirected,
/practice-areas/atv-side-by-side-accident-lawyers/north-charleston-sc/,2,0,48.5,4,0,False,/practice-areas/atv-side-by-side-accident-lawyers/,nested-pa,2,True,,atv injury lawyer (1) | premises liability law firm knightsville (1),retired/redirected,
/practice-areas/electric-scooter-accident-lawyers/columbia-sc/,2,0,7.5,14,0,False,/practice-areas/electric-scooter-accident-lawyers/,nested-pa,2,True,,columbia electric scooter accident lawyer (2) | columbia scooter accident attorney (2) | columbia scooter accident lawyer (2),retired/redirected,
/practice-areas/pedestrian-accident-lawyers/crosswalk-accident/,2,0,4.0,6,0,False,/practice-areas/pedestrian-accident-lawyers/,nested-pa,2,True,,,retired/redirected,
/practice-areas/premisesliability-lawyers/columbia-sc/,2,0,1.0,2,0,False,/practice-areas/premisesliability-lawyers/,nested-pa+fallback,2,False,,premises liability law firm columbia (2),retired/redirected,
/resources/page/3/,2,0,2.0,5,0,False,,,0,False,,site:rodenlaw.com (1),live but not in sitemap (index/archive/testimonial/other),200
/spinal-cord-injury-lawyers/darien-ga/,2,0,16.0,11,0,False,/practice-areas/spinal-cord-injury-lawyers/,map,1,True,REMOVE,spinal cord injuries lawyer brunswick georgia (7) | darien injury lawyer (1),retired/redirected,
/spinal-cord-injury-lawyers/north-charleston-sc/,2,0,8.5,4,0,False,/practice-areas/spinal-cord-injury-lawyers/,map,1,True,REMOVE,spinal cord injury attorney north charleston (2),retired/redirected,
/testimonials/ben-young/,2,0,5.0,5,0,False,,,0,False,KEEP,,live but not in sitemap (index/archive/testimonial/other),200
/truck-accident-lawyers/north-charleston-sc/,2,0,22.0,50,0,False,/practice-areas/truck-accident-lawyers/,map,1,True,REMOVE,north charleston trucking attorney (13) | truck accident lawyer north charleston sc (8) | truck accident attorney north charleston (5),retired/redirected,
/testimonials/lizzie-kirkley/,1,1,4.0,4,2,False,,,0,False,KEEP,,live but not in sitemap (index/archive/testimonial/other),200
/bicycle-accident-lawyers/north-charleston-sc/,1,0,5.0,14,0,False,/practice-areas/bicycle-accident-lawyers/,map,1,True,REMOVE,bicycle accident lawyer north charleston sc (9) | bicycle accident attorney north charleston (3),retired/redirected,
/blog/category/atv-accident/,1,0,11.0,83,0,False,,,0,False,,atv (18) | accident (17) | accidents (9),live but not in sitemap (index/archive/testimonial/other),200
/blog/category/car-accident/page/8/,1,0,9.0,5,0,False,,,0,False,,,live but not in sitemap (index/archive/testimonial/other),200
/blog/category/charleston/,1,0,31.0,1,0,False,,,0,False,,,live but not in sitemap (index/archive/testimonial/other),200
/blog/category/nursing-home-abuse/,1,0,25.0,4,0,False,,,0,False,,north charleston nursing home abuse lawyer (1),live but not in sitemap (index/archive/testimonial/other),200
/blog/category/personal-injury/page/9/,1,0,10.0,13,0,False,,,0,False,,,live but not in sitemap (index/archive/testimonial/other),200
/blog/category/uncategorized/,1,0,7.0,1,0,False,,,0,False,,,live but not in sitemap (index/archive/testimonial/other),200
/blog/i-20-bush-river-road-motorcycle-accident-lawyer-columbia/,1,0,8.0,73,0,False,/practice-areas/motorcycle-accident-lawyers/,map,1,True,REMOVE,columbia motorcycle accident lawyer (12) | columbia motorcycle accident attorney (6) | east end motorcycle accident lawyer (6),retired/redirected,
/blog/independent-medical-examination/,1,0,1.0,1,0,False,,,0,False,,,404,404
/blog/page/20/,1,0,5.0,2,0,False,,,0,False,,,live but not in sitemap (index/archive/testimonial/other),200
/blog/page/25/,1,0,5.0,4,0,False,,,0,False,,,live but not in sitemap (index/archive/testimonial/other),200
/blog/page/36/,1,0,4.0,3,0,False,,,0,False,,,live but not in sitemap (index/archive/testimonial/other),200
/blog/page/43/,1,0,1.0,1,0,False,,,0,False,,,404,404
/blog/page/45/,1,0,3.0,7,0,False,,,0,False,,,404,404
/blog/rollover-crashes-and-what-they-do-to-body/,1,0,1.0,1,0,False,,,0,False,,car flip over (1),404,404
/boating-accident-lawyers/darien-ga/,1,0,8.0,30,0,False,/practice-areas/boating-accident-lawyers/,map,1,True,REMOVE,boating injuries lawyer brunswick georgia (19) | boating injuries attorney brunswick georgia (1),retired/redirected,
/boating-accident-lawyers/sailboat-accident/,1,0,3.0,9,0,False,/practice-areas/boating-accident-lawyers/,map,1,True,KEEP,,retired/redirected,
/burn-injury-lawyers/darien-ga/,1,0,10.0,5,0,False,/practice-areas/burn-injury-lawyers/,map,1,True,REMOVE,,retired/redirected,
/car-accident-lawyers/multi-vehicle-pileup/,1,0,9.0,71,0,False,/practice-areas/car-accident-lawyers/,map,1,True,KEEP,multi-car pileup lawyer (7) | leland multi car pileup lawyer (3) | multi-car accident laws in sc (3),retired/redirected,
/car-accident-lawyers/north-charleston-sc/,1,0,6.0,6,0,False,/practice-areas/car-accident-lawyers/,map,1,True,REMOVE,car accident attorney in nexton sc (1) | north charleston lyft accident lawyer (1),retired/redirected,
/case-results/100000-settlement-auto-accident/,1,0,3.0,6,0,False,/case-results/,case-result pattern,1,True,KEEP,,retired/redirected,
/case-results/1000000-settlement-auto-accident/,1,0,3.0,1,0,False,/case-results/,case-result pattern,1,True,KEEP,,retired/redirected,
/case-results/10860000-verdict-product-liability/,1,0,3.0,1,0,False,/case-results/,case-result pattern,1,True,KEEP,,retired/redirected,
/case-results/600000-settlement-truck-accident/,1,0,11.0,1,0,False,/case-results/,case-result pattern,1,True,KEEP,,retired/redirected,
/case-results/900000-settlement-workers-compensation/,1,0,4.0,1,0,False,/case-results/,case-result pattern,1,True,KEEP,,retired/redirected,
/columbia-sc/columbia-sc/,1,0,1.0,1,0,False,,,0,False,,,404,404
/darien-ga/,1,0,1.0,1,0,False,,,0,False,,,404,404
/es/blog/eulonia-us-17-ocean-highway-rideshare-uber-accident-lawyer-mcintosh-county/,1,0,5.0,25,0,False,/es/practice-areas/car-accident-lawyers/,map,1,True,KEEP,abogados de accidentes de lyft del condado de contra costa (12) | newport beach abogados de accidentes de uber (4) | abogado accidente uber atlantic beach (3),retired/redirected,
/es/blog/st-andrews-road-widewater-18-wheeler-accident-lawyer-richland-county/,1,0,9.0,23,0,False,/es/practice-areas/truck-accident-lawyers/,map,1,True,REMOVE,abogado de accidentes de camion en columbia (2) | abogados de accidents de camion columbia (2) | center abogada de accidente de camion (2),retired/redirected,
/es/construction-accident-lawyers/north-charleston-sc/,1,0,1.0,29,0,False,/es/practice-areas/construction-accident-lawyers/,map,1,True,REMOVE,abogado de lesiones personales north charleston (9) | mejor abogado de resbalones y caídas north charleston (4) | abogado de lesiones charleston (2),retired/redirected,
/es/pedestrian-accident-lawyers/columbia-sc/,1,0,5.0,1,0,False,/es/practice-areas/pedestrian-accident-lawyers/,map,1,True,REMOVE,,retired/redirected,
/greenville-sc-workers-compensation-lawyer/,1,0,16.0,355,0,False,/practice-areas/workers-compensation-lawyers/,map,1,True,REMOVE,workers compensation lawyer greenville (44) | greenville workers compensation lawyer (42) | greenville workers compensation attorney (37),retired/redirected,
/locations/georgia/darien/hoboken/,1,0,10.0,16,1,False,/locations/georgia/darien/,map,1,True,EVALUATE,,retired/redirected,
/locations/georgia/savannah/downtown-savannah/river-street/,1,0,9.0,13,0,False,/locations/georgia/savannah/,map,1,True,REMOVE,,retired/redirected,
/locations/georgia/savannah/isle-of-hope/,1,0,10.0,23,0,False,/locations/georgia/savannah/,map,1,True,REMOVE,,retired/redirected,
/locations/georgia/savannah/pooler/godley-station/,1,0,11.0,5,0,False,/locations/georgia/savannah/,map,1,True,REMOVE,,retired/redirected,
/locations/georgia/savannah/port-wentworth/town-center/,1,0,9.0,23,1,False,/locations/georgia/savannah/,map,1,True,REMOVE,,retired/redirected,
/locations/georgia/savannah/springfield/,1,0,7.0,7,0,False,/locations/georgia/savannah/,map,1,True,REMOVE,"wrongful death lawyer in springfield, ga (1)",retired/redirected,
/locations/georgia/savannah/tybee-island/,1,0,11.0,3,0,False,/locations/georgia/savannah/,map,1,True,REMOVE,,retired/redirected,
/locations/georgia/savannah/wilmington-island/,1,0,1.0,14,0,False,/locations/georgia/savannah/,map,1,True,REMOVE,,retired/redirected,
/locations/south-carolina/charleston/awendaw/,1,0,79.0,145,0,False,/locations/south-carolina/charleston/,map,1,True,REMOVE,"""(843) 790-8999"" roden law (56) | personal injury attorney in awendaw sc (18) | corporate law lawyer in awendaw, sc (2)",retired/redirected,
/locations/south-carolina/charleston/downtown-charleston/harleston-village/,1,0,11.0,10,0,False,/locations/south-carolina/charleston/,map,1,True,REMOVE,,retired/redirected,
/locations/south-carolina/charleston/mcclellanville/,1,0,7.0,20,1,False,/locations/south-carolina/charleston/,map,1,True,REMOVE,"corporate law lawyer in mcclellanville, sc (2) | personal injury attorney in mccleuanville sc (2)",retired/redirected,
/locations/south-carolina/charleston/mount-pleasant/shem-creek/,1,0,3.0,10,2,False,/locations/south-carolina/charleston/,map,1,True,REMOVE,,retired/redirected,
/locations/south-carolina/charleston/west-ashley/south-windermere/,1,0,10.0,13,0,False,/locations/south-carolina/charleston/,map,1,True,REMOVE,windermere premises liability attorney (1),retired/redirected,
/locations/south-carolina/columbia/pine-ridge/,1,0,3.0,23,0,False,/locations/south-carolina/columbia/,map,1,True,REMOVE,,retired/redirected,
/locations/south-carolina/myrtle-beach/carolina-forest/the-farm/,1,0,8.0,12,0,False,/locations/south-carolina/myrtle-beach/,map,1,True,REMOVE,(843) 347-7111 (1) | 843-347-7111 (1),retired/redirected,
/locations/south-carolina/myrtle-beach/myrtle-beach/,1,0,1.0,11,0,False,/locations/south-carolina/myrtle-beach/,map,1,True,,,retired/redirected,
/locations/south-carolina/north-charleston/dorchester-terrace-waylyn/,1,0,2.0,10,0,False,/locations/south-carolina/north-charleston/,map,1,True,REMOVE,,retired/redirected,
/locations/south-carolina/north-charleston/goose-creek/carnes-crossroads/,1,0,7.0,5,1,False,/locations/south-carolina/north-charleston/,map,1,True,REMOVE,,retired/redirected,
/locations/south-carolina/north-charleston/liberty-hill/,1,0,13.0,6,0,False,/locations/south-carolina/north-charleston/,map,1,True,REMOVE,,retired/redirected,
/locations/south-carolina/north-charleston/moncks-corner/,1,0,8.0,24,0,False,/locations/south-carolina/north-charleston/,map,1,True,REMOVE,,retired/redirected,
/locations/south-carolina/north-charleston/summerville/cane-bay/,1,0,6.0,6,0,False,/locations/south-carolina/north-charleston/,map,1,True,REMOVE,,retired/redirected,
/locations/south-carolina/north-charleston/summerville/knightsville/,1,0,9.0,45,0,False,/locations/south-carolina/north-charleston/,map,1,True,REMOVE,premises liability law firm knightsville (12) | dog bite attorney knightsville (4) | wrongful death lawyer knightsville (4),retired/redirected,
/locations/south-carolina/north-charleston/summerville/pine-forest-inn/,1,0,9.0,6,0,False,/locations/south-carolina/north-charleston/,map,1,True,REMOVE,,retired/redirected,
/motorcycle-accident-lawyers/head-on-motorcycle-collision/,1,0,5.0,3,0,False,/practice-areas/motorcycle-accident-lawyers/,map,1,True,KEEP,,retired/redirected,
/practice-areas/golf-cart-accident-lawyers/golf-cart-rollover/,1,0,2.0,9,0,False,/practice-areas/golf-cart-accident-lawyers/,nested-pa,2,True,,,retired/redirected,
/practice-areas/maritime-injury-lawyers/tugboat-barge-accident/,1,0,12.0,69,1,False,/maritime-injury-lawyers/tugboat-barge-accident/,nested-pa,1,True,,tugboat accident lawyer (46) | barge injury attorney (4) | tug and barge injuries attorneys (1),retired/redirected,
/product-liability-lawyers/darien-ga/,1,0,39.0,11,0,False,/practice-areas/product-liability-lawyers/,map,1,True,REMOVE,,retired/redirected,
/resources/ogeechee-road-truck-accidents-savannah/,1,0,11.0,44,0,False,/resources/i-26-i-95-corridor-report/,map,1,True,CONSOLIDATE,,retired/redirected,
/resources/page/7/,1,0,10.0,1,0,False,,,0,False,,,live but not in sitemap (index/archive/testimonial/other),200
/resources/seasonal-truck-accidents-myrtle-beach/,1,0,2.0,4,0,False,/resources/i-26-i-95-corridor-report/,map,1,True,CONSOLIDATE,,retired/redirected,
/resources/south-carolina-laws/,1,0,2.0,1,0,False,,,0,False,,,404,404
/test/,1,0,2.0,7,0,False,,,0,False,KEEP,site:rodenlaw.com (5),live but not in sitemap (index/archive/testimonial/other),200
/testimonials/kim-howard/,1,0,10.0,7,0,False,,,0,False,KEEP,,live but not in sitemap (index/archive/testimonial/other),200
/testimonials/rachel-fraser/,1,0,7.0,7,0,False,,,0,False,KEEP,motorcycle lawyer in fraser (1),live but not in sitemap (index/archive/testimonial/other),200
/workers-compensation-lawyers/construction-worker-injury/,1,0,4.0,19,0,False,/practice-areas/workers-compensation-lawyers/,map,1,True,KEEP,,retired/redirected,
/wrongful-death-lawyers/fatal-truck-accident/,1,0,57.0,27,0,False,/practice-areas/wrongful-death-lawyers/,map,1,True,KEEP,south carolina fatal pickup truck accident attorney (3) | south carolina fatal pickup truck accident attorneys (2) | south carolina fatal pickup truck accident law firm (2),retired/redirected,
