url,post_type,path_depth,locale,post_id,slug,words,parent_id,status,title
https://rodenlaw.com/es/blog/kemira-plant-drive-savannah-fatal-truck-accident-lawyer/,post,3,es,5238,es-kemira-plant-drive-savannah-fatal-truck-accident-lawyer,2927,0,publish,"¿Un tráiler mató a un ser querido en el condado de Chatham? Un abogado de accidentes fatales de camión en Kemira Plant Drive, Savannah, explica los derechos de su familia"
https://rodenlaw.com/blog/kemira-plant-drive-savannah-fatal-truck-accident-lawyer/,post,2,en,5235,kemira-plant-drive-savannah-fatal-truck-accident-lawyer,2402,0,publish,"Killed by a Tractor-Trailer in Chatham County? A Kemira Plant Drive Savannah Fatal Truck Accident Lawyer Explains Your Family's Rights"
https://rodenlaw.com/es/blog/golf-colony-south-reindeer-road-underinsured-motorist-lawyer/,post,3,es,5233,es-golf-colony-south-reindeer-road-underinsured-motorist-lawyer,2827,0,publish,"Abogado de motorista con seguro insuficiente en Golf Colony South Reindeer Road: cuando una póliza 25/50 se agota en una calle residencial"
https://rodenlaw.com/blog/golf-colony-south-reindeer-road-underinsured-motorist-lawyer/,post,2,en,5231,golf-colony-south-reindeer-road-underinsured-motorist-lawyer,2283,0,publish,"Golf Colony South Reindeer Road Underinsured Motorist Lawyer: When a 25/50 Policy Runs Out on a Residential Street"
https://rodenlaw.com/es/blog/old-fort-jackson-savannah-fatal-truck-accident-lawyer/,post,3,es,5228,es-old-fort-jackson-savannah-fatal-truck-accident-lawyer,2756,0,publish,"¿Perdió a un ser querido en un choque con camión cerca de Old Fort Jackson? Guía de un abogado de accidentes fatales de camión en Old Fort Jackson, Savannah para familias del condado de Chatham"
https://rodenlaw.com/blog/old-fort-jackson-savannah-fatal-truck-accident-lawyer/,post,2,en,5160,old-fort-jackson-savannah-fatal-truck-accident-lawyer,2159,0,publish,"Killed in a Truck Crash Near Old Fort Jackson? An Old Fort Jackson Savannah Fatal Truck Accident Lawyer's Guide for Chatham County Families"
https://rodenlaw.com/es/blog/tenmile-i-26-best-car-accident-lawyer-north-charleston/,post,3,es,5218,es-tenmile-i-26-best-car-accident-lawyer-north-charleston,2816,0,publish,"Mejor abogado de accidentes de auto en Tenmile I-26: cómo evaluar a su abogado después de un choque en la interestatal de North Charleston"
https://rodenlaw.com/blog/tenmile-i-26-best-car-accident-lawyer-north-charleston/,post,2,en,5216,tenmile-i-26-best-car-accident-lawyer-north-charleston,2259,0,publish,"Tenmile I-26 Best Car Accident Lawyer: How to Judge Counsel After a North Charleston Interstate Crash"
https://rodenlaw.com/es/blog/green-grove-mark-clark-expressway-uninsured-motorist-lawyer-north-charleston/,post,3,es,5214,es-green-grove-mark-clark-expressway-uninsured-motorist-lawyer-north-charleston,2856,0,publish,"¿Lo chocó un conductor sin seguro en la I-526 en North Charleston? Un abogado de conductor sin seguro en Green Grove y la Mark Clark Expressway explica su reclamo UM"
https://rodenlaw.com/blog/green-grove-mark-clark-expressway-uninsured-motorist-lawyer-north-charleston/,post,2,en,5212,green-grove-mark-clark-expressway-uninsured-motorist-lawyer-north-charleston,2260,0,publish,"Hit by an Uninsured Driver on I-526 in North Charleston? A Green Grove Mark Clark Expressway Uninsured Motorist Lawyer Explains Your UM Claim"
https://rodenlaw.com/es/blog/n-lake-drive-dick-pond-road-sc-544-underinsured-motorist-lawyer/,post,3,es,5165,es-n-lake-drive-dick-pond-road-sc-544-underinsured-motorist-lawyer,2708,0,publish,"Abogado de Motorista con Seguro Insuficiente en N Lake Drive y Dick Pond Road (SC 544): Cuando un Choque a 45 MPH Supera la Póliza del Otro Conductor"
https://rodenlaw.com/blog/n-lake-drive-dick-pond-road-sc-544-underinsured-motorist-lawyer/,post,2,en,5163,n-lake-drive-dick-pond-road-sc-544-underinsured-motorist-lawyer,2267,0,publish,"N Lake Drive Dick Pond Road Underinsured Motorist Lawyer: When a 45-MPH Crash Outruns the Other Driver's Policy"
https://rodenlaw.com/blog/medical-malpractice-examples/,post,2,en,5145,medical-malpractice-examples,2141,0,publish,"Medical Malpractice Examples: What Qualifies in Georgia and South Carolina"
https://rodenlaw.com/es/blog/hipaa-violation-lawyer/,post,3,es,5143,es-hipaa-violation-lawyer,2407,0,publish,"Abogado de violación de HIPAA para pacientes en Georgia y Carolina del Sur"
https://rodenlaw.com/es/blog/can-you-sue-hospital-negligence/,post,3,es,5141,es-can-you-sue-hospital-negligence,2959,0,publish,"¿Puedo demandar a un hospital por negligencia en Georgia o Carolina del Sur?"
https://rodenlaw.com/es/blog/hipaa-violation-lawsuit-worth/,post,3,es,5139,es-hipaa-violation-lawsuit-worth,2911,0,publish,"¿Cuánto vale una demanda por violación de HIPAA?"
https://rodenlaw.com/es/blog/can-you-sue-hipaa-violation/,post,3,es,5137,es-can-you-sue-hipaa-violation,2826,0,publish,"¿Puedo demandar por violación de HIPAA en Georgia o Carolina del Sur?"
https://rodenlaw.com/blog/hipaa-violation-lawyer/,post,2,en,5135,hipaa-violation-lawyer,1993,0,publish,"HIPAA Violation Lawyer for Patients in Georgia and South Carolina"
https://rodenlaw.com/es/blog/is-hipaa-violation-medical-malpractice/,post,3,es,5133,es-is-hipaa-violation-medical-malpractice,2445,0,publish,"¿Una violación de HIPAA es negligencia médica?"
https://rodenlaw.com/blog/can-you-sue-hospital-negligence/,post,2,en,5128,can-you-sue-hospital-negligence,2291,0,publish,"Can You Sue a Hospital for Negligence in Georgia or South Carolina?"
https://rodenlaw.com/blog/hipaa-violation-lawsuit-worth/,post,2,en,5126,hipaa-violation-lawsuit-worth,2220,0,publish,"How Much Is a HIPAA Violation Lawsuit Worth?"
https://rodenlaw.com/blog/is-hipaa-violation-medical-malpractice/,post,2,en,5123,is-hipaa-violation-medical-malpractice,1922,0,publish,"Is a HIPAA Violation Medical Malpractice?"
https://rodenlaw.com/blog/can-you-sue-hipaa-violation/,post,2,en,5121,can-you-sue-hipaa-violation,2302,0,publish,"Can You Sue for a HIPAA Violation in Georgia or South Carolina?"
https://rodenlaw.com/es/blog/n-lake-drive-us-17-business-best-car-accident-lawyer/,post,3,es,5119,es-n-lake-drive-us-17-business-best-car-accident-lawyer,2941,0,publish,"El Mejor Abogado de Accidentes de Auto en N Lake Drive y US 17 Business: Guía del Corredor del Condado de Horry"
https://rodenlaw.com/blog/n-lake-drive-us-17-business-best-car-accident-lawyer/,post,2,en,5049,n-lake-drive-us-17-business-best-car-accident-lawyer,2220,0,publish,"N Lake Drive US 17 Business Best Car Accident Lawyer: A Horry County Corridor Guide"
https://rodenlaw.com/es/blog/boys-estate-glynn-county-best-car-accident-lawyer/,post,3,es,5047,es-boys-estate-glynn-county-best-car-accident-lawyer,2833,0,publish,"Mejor abogado de accidentes de carro en Boys Estate, Condado de Glynn"
https://rodenlaw.com/blog/boys-estate-glynn-county-best-car-accident-lawyer/,post,2,en,5045,boys-estate-glynn-county-best-car-accident-lawyer,2165,0,publish,"Best Car Accident Lawyer for Boys Estate & Glynn County, GA"
https://rodenlaw.com/es/blog/green-grove-dorchester-road-atv-accident-lawyer-north-charleston/,post,3,es,5043,es-green-grove-dorchester-road-atv-accident-lawyer-north-charleston,3268,0,publish,"¿Herido en un ATV en Green Grove o el Corredor de Dorchester Road (SC 642)? Guía de un Abogado de Accidentes de ATV en Green Grove Dorchester Road bajo la Ley Chandler"
https://rodenlaw.com/blog/green-grove-dorchester-road-atv-accident-lawyer-north-charleston/,post,2,en,5041,green-grove-dorchester-road-atv-accident-lawyer-north-charleston,2445,0,publish,"Hurt on an ATV in Green Grove or on the Dorchester Road (SC 642) Corridor? A North Charleston ATV Accident Lawyer's Guide Under Chandler's Law"
https://rodenlaw.com/es/blog/eastern-wharf-harbor-street-electric-scooter-accident-lawyer/,post,3,es,5039,es-eastern-wharf-harbor-street-electric-scooter-accident-lawyer,3130,0,publish,"¿Lesionado en una Patineta Eléctrica en Eastern Wharf? Un Abogado de Accidentes de Patineta Eléctrica en Eastern Wharf Harbor Street le Explica sus Opciones"
https://rodenlaw.com/blog/eastern-wharf-harbor-street-electric-scooter-accident-lawyer/,post,2,en,5037,eastern-wharf-harbor-street-electric-scooter-accident-lawyer,2341,0,publish,"Injured on an E-Scooter at Eastern Wharf? A Harbor Street Riverwalk Accident Lawyer Explains Your Options"
https://rodenlaw.com/es/blog/murrells-inlet-jet-ski-accident-lawyer/,post,3,es,5034,es-murrells-inlet-jet-ski-accident-lawyer,2444,0,publish,"Abogado de Accidentes de Moto Acuática en Murrells Inlet: Lo Que Conductores y Personas que Alquilan Deben Saber"
https://rodenlaw.com/blog/murrells-inlet-jet-ski-accident-lawyer/,post,2,en,5031,murrells-inlet-jet-ski-accident-lawyer,2223,0,publish,"Jet Ski Accident Lawyer in Murrells Inlet: What Riders and Renters Need to Know"
https://rodenlaw.com/es/blog/cayce-12th-street-uninsured-motorist-lawyer/,post,3,es,5028,es-cayce-12th-street-uninsured-motorist-lawyer,2421,0,publish,"¿Lo Golpeó un Conductor Sin Seguro en Cayce? Cómo un Abogado de Accidentes con Conductor Sin Seguro en Cayce Logra que le Paguen"
https://rodenlaw.com/blog/cayce-12th-street-uninsured-motorist-lawyer/,post,2,en,5025,cayce-12th-street-uninsured-motorist-lawyer,2076,0,publish,"Hit by an Uninsured Driver in Cayce? How an Uninsured Motorist Lawyer in Cayce Gets You Paid When the Other Driver Can't"
https://rodenlaw.com/es/blog/rivers-avenue-northwoods-bus-accident-lawyer-north-charleston/,post,3,es,5022,es-rivers-avenue-northwoods-bus-accident-lawyer-north-charleston,2436,0,publish,"Abogado de Accidentes de Autobús en North Charleston: Lo Que los Pasajeros y Conductores de Northwoods Deben Saber"
https://rodenlaw.com/blog/rivers-avenue-northwoods-bus-accident-lawyer-north-charleston/,post,2,en,5019,rivers-avenue-northwoods-bus-accident-lawyer-north-charleston,2111,0,publish,"Bus Accident Lawyer Rivers Avenue North Charleston: What Northwoods Riders and Drivers Need to Know"
https://rodenlaw.com/es/blog/car-accident-attorney-near-me-west-ashley-citadel-mall/,post,3,es,5016,es-car-accident-attorney-near-me-west-ashley-citadel-mall,2468,0,publish,"¿Busca un ""Abogado de Accidentes de Auto Cerca de Mí en West Ashley""? Lo Que el Conductor del 29407 Debe Saber Antes de Llamar"
https://rodenlaw.com/blog/car-accident-attorney-near-me-west-ashley-citadel-mall/,post,2,en,5013,car-accident-attorney-near-me-west-ashley-citadel-mall,2416,0,publish,"Searching ""Car Accident Attorney Near Me"" in West Ashley? What 29407 Drivers Should Know Before They Call"
https://rodenlaw.com/es/blog/st-simons-island-kings-way-motorcycle-accident-lawyer/,post,3,es,5010,es-st-simons-island-kings-way-motorcycle-accident-lawyer,2499,0,publish,"¿Lo Chocaron Manejando en Kings Way? Un Abogado de Accidentes de Motocicleta en St. Simons Island Le Explica Qué Hacer"
https://rodenlaw.com/blog/st-simons-island-kings-way-motorcycle-accident-lawyer/,post,2,en,5007,st-simons-island-kings-way-motorcycle-accident-lawyer,2372,0,publish,"Hit Riding on Kings Way? What a St. Simons Island Kings Way Motorcycle Accident Lawyer Wants You to Know After a Crash"
https://rodenlaw.com/es/blog/east-bay-street-savannah-pedestrian-accident-lawyer/,post,3,es,5004,es-east-bay-street-savannah-pedestrian-accident-lawyer,2921,0,publish,"¿Lo Atropellaron Caminando en East Bay Street? Un Abogado de Accidentes de Peatones en Savannah Le Explica Qué Hacer"
https://rodenlaw.com/blog/east-bay-street-savannah-pedestrian-accident-lawyer/,post,2,en,5001,east-bay-street-savannah-pedestrian-accident-lawyer,2375,0,publish,"East Bay Street Savannah Pedestrian Accident Lawyer: What to Do If You're Hit Walking Downtown"
https://rodenlaw.com/es/blog/mount-pleasant-johnnie-dodds-us-17-uninsured-motorist-lawyer/,post,3,es,4980,es-mount-pleasant-johnnie-dodds-us-17-uninsured-motorist-lawyer,2934,0,publish,"¿Lo golpeó un conductor sin seguro en Johnnie Dodds Boulevard (US 17)? Un abogado de motorista sin seguro en Mount Pleasant explica su reclamo UM"
https://rodenlaw.com/es/blog/chicora-cherokee-carner-avenue-us-52-car-accident-attorney-north-charleston/,post,3,es,4976,es-chicora-cherokee-carner-avenue-us-52-car-accident-attorney-north-charleston,2493,0,publish,"¿Se Lesionó en un Accidente en Carner Avenue (US 52) en Chicora-Cherokee? Un Abogado de Accidentes de Auto en North Charleston Le Explica Qué Hacer"
https://rodenlaw.com/es/blog/dick-pond-road-sc-544-truck-accident-lawyer-surfside-beach/,post,3,es,4972,es-dick-pond-road-sc-544-truck-accident-lawyer-surfside-beach,2681,0,publish,"¿Lo golpeó un camión en Dick Pond Road (SC 544)? Un abogado de accidentes de camión en Myrtle Beach explica sus derechos en Surfside Beach"
https://rodenlaw.com/es/blog/i-20-bush-river-road-motorcycle-accident-lawyer-columbia/,post,3,es,4968,es-i-20-bush-river-road-motorcycle-accident-lawyer-columbia,2774,0,publish,"Abogado de Accidentes de Motocicleta en Columbia: Choques en la I-20 y Bush River Road"
https://rodenlaw.com/es/blog/brunswick-ocean-highway-us-17-underinsured-motorist-lawyer-glynn-county/,post,3,es,4964,es-brunswick-ocean-highway-us-17-underinsured-motorist-lawyer-glynn-county,3105,0,publish,"¿Lo golpeó un conductor sin seguro en Ocean Highway (US 17) en Brunswick? Cómo funciona un reclamo UM/UIM en el Condado de Glynn"
https://rodenlaw.com/es/blog/garden-city-ga-21-augusta-road-car-accident-lawyer/,post,3,es,4960,es-garden-city-ga-21-augusta-road-car-accident-lawyer,2712,0,publish,"¿Lesionado en Augusta Road (GA 21) en Garden City? Lo que un abogado de accidentes de auto en Garden City quiere que usted sepa sobre este corredor de 45 mph"
https://rodenlaw.com/es/blog/litchfield-pawleys-island-golf-cart-accident-lawyer-georgetown-county/,post,3,es,4956,es-litchfield-pawleys-island-golf-cart-accident-lawyer-georgetown-county,2509,0,publish,"¿Lesionado en un accidente de carrito de golf en Pawleys Island o Litchfield by the Sea? Un abogado de accidentes de carrito de golf explica sus derechos en Georgetown County"
https://rodenlaw.com/es/blog/st-andrews-road-widewater-18-wheeler-accident-lawyer-richland-county/,post,3,es,4954,es-st-andrews-road-widewater-18-wheeler-accident-lawyer-richland-county,2998,0,publish,"¿Golpeado por un Camión de 18 Ruedas en el Corredor de St. Andrews Road Cerca del Widewater Shopping Center? Guía de un Abogado de Accidentes de Camión en Columbia (Richland County)"
https://rodenlaw.com/es/blog/summerville-i-26-18-wheeler-accident-lawyer-dorchester-county/,post,3,es,4952,es-summerville-i-26-18-wheeler-accident-lawyer-dorchester-county,2855,0,publish,"¿Lo golpeó un camión de 18 ruedas en la I-26 en Summerville? Un abogado de accidentes de camión en Summerville explica sus opciones en el condado de Dorchester"
https://rodenlaw.com/es/blog/mount-pleasant-mark-clark-expressway-i-526-motorcycle-accident-lawyer/,post,3,es,4950,es-mount-pleasant-mark-clark-expressway-i-526-motorcycle-accident-lawyer,2435,0,publish,"¿Lo Atropellaron en la Mark Clark Expressway (I-526) Cerca del Credit One Stadium? Un Abogado de Accidentes de Motocicleta en Mount Pleasant Explica Sus Derechos"
https://rodenlaw.com/es/blog/eulonia-us-17-ocean-highway-rideshare-uber-accident-lawyer-mcintosh-county/,post,3,es,4948,es-eulonia-us-17-ocean-highway-rideshare-uber-accident-lawyer-mcintosh-county,2631,0,publish,"¿Lesionado en un Uber o Lyft en la US-17 (Ocean Highway) cerca de Eulonia? Guía de un Abogado de Accidentes de Uber en el Condado McIntosh"
https://rodenlaw.com/es/blog/southover-mills-b-lane-motorcycle-accident-lawyer/,post,3,es,4946,es-southover-mills-b-lane-motorcycle-accident-lawyer,2496,0,publish,"Abogado de Accidentes de Motocicleta en Savannah: Sus Derechos en Southover y Mills B Lane Boulevard"
https://rodenlaw.com/blog/chicora-cherokee-carner-avenue-us-52-car-accident-attorney-north-charleston/,post,2,en,4974,chicora-cherokee-carner-avenue-us-52-car-accident-attorney-north-charleston,2086,0,publish,"Hurt in a Crash on Carner Avenue (US 52) in Chicora-Cherokee? A North Charleston Car Accident Attorney Near You Explains What to Do"
https://rodenlaw.com/blog/mount-pleasant-johnnie-dodds-us-17-uninsured-motorist-lawyer/,post,2,en,4978,mount-pleasant-johnnie-dodds-us-17-uninsured-motorist-lawyer,2391,0,publish,"Hit by an Uninsured Driver on Johnnie Dodds Boulevard (US 17)? A Mount Pleasant Uninsured Motorist Lawyer Explains Your UM Claim"
https://rodenlaw.com/blog/dick-pond-road-sc-544-truck-accident-lawyer-surfside-beach/,post,2,en,4970,dick-pond-road-sc-544-truck-accident-lawyer-surfside-beach,2159,0,publish,"Hit by a Truck on Dick Pond Road (SC 544)? A Surfside Beach Dick Pond Road SC 544 Truck Accident Lawyer Explains Your Rights"
https://rodenlaw.com/blog/i-20-bush-river-road-motorcycle-accident-lawyer-columbia/,post,2,en,4966,i-20-bush-river-road-motorcycle-accident-lawyer-columbia,2188,0,publish,"I-20 Bush River Road Motorcycle Accident Lawyer in Columbia, SC"
https://rodenlaw.com/blog/brunswick-ocean-highway-us-17-underinsured-motorist-lawyer-glynn-county/,post,2,en,4962,brunswick-ocean-highway-us-17-underinsured-motorist-lawyer-glynn-county,2528,0,publish,"Hit by an Uninsured or Underinsured Driver on Ocean Highway (US 17) in Brunswick? How a UM/UIM Claim Works in Glynn County"
https://rodenlaw.com/blog/garden-city-ga-21-augusta-road-car-accident-lawyer/,post,2,en,4958,garden-city-ga-21-augusta-road-car-accident-lawyer,2174,0,publish,"Hurt on Augusta Road (GA 21) in Garden City? What a Car Accident Lawyer Wants You to Know About This 45-MPH Corridor"
https://rodenlaw.com/blog/litchfield-pawleys-island-golf-cart-accident-lawyer-georgetown-county/,post,2,en,4804,litchfield-pawleys-island-golf-cart-accident-lawyer-georgetown-county,2047,0,publish,"Hurt in a Golf Cart Crash at Litchfield by the Sea or Pawleys Island? A Georgetown County Golf Cart Accident Lawyer Explains Your Rights"
https://rodenlaw.com/blog/st-andrews-road-widewater-18-wheeler-accident-lawyer-richland-county/,post,2,en,4802,st-andrews-road-widewater-18-wheeler-accident-lawyer-richland-county,2213,0,publish,"Hit by an 18-Wheeler on the St. Andrews Road Corridor Near Widewater Shopping Center? A Richland County Truck-Crash Guide"
https://rodenlaw.com/blog/summerville-i-26-18-wheeler-accident-lawyer-dorchester-county/,post,2,en,4800,summerville-i-26-18-wheeler-accident-lawyer-dorchester-county,2229,0,publish,"Hit by an 18-Wheeler on I-26 Through Summerville? A Summerville I-26 18 Wheeler Accident Lawyer Explains Your Dorchester County Options"
https://rodenlaw.com/blog/mount-pleasant-mark-clark-expressway-i-526-motorcycle-accident-lawyer/,post,2,en,4798,mount-pleasant-mark-clark-expressway-i-526-motorcycle-accident-lawyer,2115,0,publish,"Hit on the Mark Clark Expressway (I-526) Near Credit One Stadium? A Mount Pleasant Mark Clark Expressway Motorcycle Accident Lawyer Explains Your Rights"
https://rodenlaw.com/blog/eulonia-us-17-ocean-highway-rideshare-uber-accident-lawyer-mcintosh-county/,post,2,en,4796,eulonia-us-17-ocean-highway-rideshare-uber-accident-lawyer-mcintosh-county,2153,0,publish,"Hurt in an Uber or Lyft on US-17 (Ocean Highway) Through Eulonia? A Northern McIntosh County Rideshare-Crash Guide"
https://rodenlaw.com/blog/southover-mills-b-lane-motorcycle-accident-lawyer/,post,2,en,4794,southover-mills-b-lane-motorcycle-accident-lawyer,1893,0,publish,"Southover Mills B Lane Boulevard Motorcycle Accident Lawyer: Rider Rights on Ogeechee Road"
https://rodenlaw.com/blog/socastee-holmestown-road-underinsured-motorist-lawyer/,post,2,en,4791,socastee-holmestown-road-underinsured-motorist-lawyer,1896,0,publish,"Socastee Holmestown Road Underinsured Motorist Lawyer: When the At-Fault Driver's Policy Runs Out"
https://rodenlaw.com/blog/edmund-highway-lexington-county-car-accident-lawyer/,post,2,en,4789,edmund-highway-lexington-county-car-accident-lawyer,1947,0,publish,"Edmund Highway Lexington County Car Accident Lawyer | West Columbia & Cayce (SC-302)"
https://rodenlaw.com/blog/park-circle-east-montague-drunk-driving-accident-lawyer-north-charleston/,post,2,en,4787,park-circle-east-montague-drunk-driving-accident-lawyer-north-charleston,2023,0,publish,"Park Circle East Montague Drunk Driving Accident Lawyer: Nightlife Crashes in North Charleston"
https://rodenlaw.com/blog/mark-clark-expressway-i-526-18-wheeler-accident-lawyer-north-charleston/,post,2,en,4785,mark-clark-expressway-i-526-18-wheeler-accident-lawyer-north-charleston,2021,0,publish,"Mark Clark Expressway 18 wheeler accident lawyer: Your North Charleston Freight-Corridor Crash Guide"
https://rodenlaw.com/blog/darien-i-95-truck-accident-lawyer/,post,2,en,4783,darien-i-95-truck-accident-lawyer,1926,0,publish,"Darien I-95 Truck Accident Lawyer: Your Rights After a McIntosh County Big-Rig Crash"
https://rodenlaw.com/blog/garden-city-dean-forest-road-truck-accident-lawyer/,post,2,en,4781,garden-city-dean-forest-road-truck-accident-lawyer,2055,0,publish,"Garden City Dean Forest Road Truck Accident Lawyer: A Chatham County Port-Freight Crash Guide"
https://rodenlaw.com/blog/bucksport-marina-waccamaw-intracoastal-boating-accident-lawyer/,post,2,en,4778,bucksport-marina-waccamaw-intracoastal-boating-accident-lawyer,2189,0,publish,"Hurt in a Boat Crash at Bucksport Marina? A Bucksport Boating Accident Lawyer's Guide to the Waccamaw River and Intracoastal Waterway"
https://rodenlaw.com/blog/five-points-columbia-uber-accident-lawyer/,post,2,en,4776,five-points-columbia-uber-accident-lawyer,2239,0,publish,"Hurt in an Uber or Lyft Near The Fountain at Five Points? A Five Points Columbia Uber Accident Lawyer Explains Your Rights"
https://rodenlaw.com/blog/hanahan-murray-avenue-highland-park-bicycle-accident-lawyer/,post,2,en,4774,hanahan-murray-avenue-highland-park-bicycle-accident-lawyer,2190,0,publish,"Hit While Cycling on Murray Avenue in Hanahan's Highland Park? A Hanahan Murray Avenue Bicycle Accident Lawyer's Guide for Berkeley County Riders"
https://rodenlaw.com/blog/west-ashley-sam-rittenberg-boulevard-motorcycle-accident-lawyer/,post,2,en,4772,west-ashley-sam-rittenberg-boulevard-motorcycle-accident-lawyer,2051,0,publish,"Hit on Sam Rittenberg Boulevard? A West Ashley Sam Rittenberg Boulevard Motorcycle Accident Lawyer Explains Your Rights"
https://rodenlaw.com/blog/darien-river-boating-accident-lawyer/,post,2,en,4770,darien-river-boating-accident-lawyer,2161,0,publish,"Hurt in a Boat Crash on the Darien River? A Darien River Boating Accident Lawyer's Guide for McIntosh County Waters"
https://rodenlaw.com/blog/savannah-veterans-parkway-car-accident-lawyer/,post,2,en,4768,savannah-veterans-parkway-car-accident-lawyer,2058,0,publish,"Savannah Veterans Parkway Car Accident Lawyer: Recovering After a High-Speed Crash on the Southside Expressway"
https://rodenlaw.com/blog/south-kings-highway-us-17-business-underinsured-motorist-lawyer/,post,2,en,4766,south-kings-highway-us-17-business-underinsured-motorist-lawyer,2136,0,publish,"South Kings Highway US-17 Business Underinsured Motorist Lawyer: Recovering When a Tourist's Policy Runs Out"
https://rodenlaw.com/blog/sunset-boulevard-west-columbia-drunk-driver-accident-lawyer/,post,2,en,4764,sunset-boulevard-west-columbia-drunk-driver-accident-lawyer,2111,0,publish,"Hit by a Drunk Driver on Sunset Boulevard in West Columbia? A US-378 DUI-Crash Recovery Guide"
https://rodenlaw.com/blog/best-car-accident-lawyer-ashley-river-road-greenwood-park-west-ashley/,post,2,en,4762,best-car-accident-lawyer-ashley-river-road-greenwood-park-west-ashley,1922,0,publish,"West Ashley Ashley River Road Best Car Accident Lawyer: Choosing Counsel After a Greenwood Park (SC 61) Crash"
https://rodenlaw.com/blog/mount-pleasant-johnnie-dodds-us-17-wrongful-death-car-accident-lawyer/,post,2,en,4760,mount-pleasant-johnnie-dodds-us-17-wrongful-death-car-accident-lawyer,2098,0,publish,"Fatal Crashes on Johnnie Dodds Boulevard (US-17): A Mount Pleasant Johnnie Dodds Wrongful Death Car Accident Lawyer's Guide for East Cooper Families"
https://rodenlaw.com/blog/mcintosh-county-drunk-driver-accident-lawyer/,post,2,en,4758,mcintosh-county-drunk-driver-accident-lawyer,2137,0,publish,"Hit by a Drunk Driver on US-17 in Darien? A McIntosh County Drunk Driver Accident Lawyer Explains Your Rights"
https://rodenlaw.com/blog/yamacraw-village-pedestrian-accident-lawyer/,post,2,en,4756,yamacraw-village-pedestrian-accident-lawyer,2269,0,publish,"Yamacraw Village Pedestrian Accident Lawyer: Hit While Walking Near the Joe Murray Rivers Intermodal Transit Center"
https://rodenlaw.com/blog/surfside-beach-golf-colony-golf-cart-accident-lawyer/,post,2,en,4754,surfside-beach-golf-colony-golf-cart-accident-lawyer,2110,0,publish,"Surfside Beach Golf Colony Golf Cart Accident Lawyer (South Reindeer Road)"
https://rodenlaw.com/blog/broad-river-road-pedestrian-accident-lawyer-harbison-columbia/,post,2,en,4752,broad-river-road-pedestrian-accident-lawyer-harbison-columbia,1994,0,publish,"Broad River Road Pedestrian Accident Lawyer Columbia | Harbison Corridor, NW Columbia"
https://rodenlaw.com/blog/international-boulevard-airport-rideshare-uber-lyft-crash-north-charleston/,post,2,en,4750,international-boulevard-airport-rideshare-uber-lyft-crash-north-charleston,2003,0,publish,"Hurt in an Uber or Lyft on International Boulevard? Your International Boulevard Airport Rideshare Accident Lawyer North Charleston Guide"
https://rodenlaw.com/blog/daniel-island-i-526-wando-bridge-truck-accident-berkeley-county/,post,2,en,4748,daniel-island-i-526-wando-bridge-truck-accident-berkeley-county,2099,0,publish,"Hit by a Truck on the I-526 Wando River Bridge Near Daniel Island? Why You Need a Daniel Island I-526 Truck Accident Lawyer"
https://rodenlaw.com/blog/brunswick-i-95-truck-accident-lawyer/,post,2,en,4746,brunswick-i-95-truck-accident-lawyer,1879,0,publish,"Brunswick I-95 Truck Accident Lawyer: Glynn County Crash Help"
https://rodenlaw.com/blog/garden-city-eden-loop-truck-accident-lawyer/,post,2,en,4744,garden-city-eden-loop-truck-accident-lawyer,2197,0,publish,"Garden City Eden Loop Truck Accident Lawyer: Your Chatham County Injury Guide"
https://rodenlaw.com/blog/us-17-i-95-darien-wrongful-death-mcintosh-county/,post,2,en,4742,us-17-i-95-darien-wrongful-death-mcintosh-county,2342,0,publish,"Killed in a Crash on US-17 or I-95 Through Downtown Darien? A McIntosh County Wrongful-Death Guide for the Atlantic Coastal Highway Corridor"
https://rodenlaw.com/blog/islands-expressway-whitemarsh-island-motorcycle-accident-chatham-county/,post,2,en,4740,islands-expressway-whitemarsh-island-motorcycle-accident-chatham-county,2295,0,publish,"Whitemarsh Island Islands Expressway Motorcycle Accident Lawyer: A Tybee-Bound Coastal Georgia Rider's Guide"
https://rodenlaw.com/blog/litchfield-beach-pawleys-island-us-17-car-accident-georgetown-county/,post,2,en,4738,litchfield-beach-pawleys-island-us-17-car-accident-georgetown-county,2631,0,publish,"Crashed on US-17 Through Litchfield Beach or Pawleys Island? A Georgetown County Resort-Corridor Crash Guide"
https://rodenlaw.com/blog/north-rhett-avenue-truck-accident-hanahan-berkeley-county/,post,2,en,4733,north-rhett-avenue-truck-accident-hanahan-berkeley-county,2264,0,publish,"Hit by a Truck on North Rhett Avenue in Hanahan? A Berkeley County Cargo-Corridor Crash Guide for the Ingevity / WestRock Complex and I-526 Connector"
https://rodenlaw.com/blog/rifle-range-road-mount-pleasant-car-accident-heritage-park-west/,post,2,en,4735,rifle-range-road-mount-pleasant-car-accident-heritage-park-west,2626,0,publish,"Crashed on Rifle Range Road in Mount Pleasant? A Heritage and Park West Driver's Guide to East-Cooper Car-Accident Claims"
https://rodenlaw.com/blog/columbia-airport-expressway-us-378-truck-accident-springdale-lexington-county/,post,2,en,4731,columbia-airport-expressway-us-378-truck-accident-springdale-lexington-county,2135,0,publish,"Hit on Columbia Airport Expressway (US-378)? A Springdale Columbia Airport Expressway Truck Accident Lawyer Guide for Lexington County"
https://rodenlaw.com/blog/atlantic-coastal-highway-us-17-rideshare-uber-lyft-crash-savannah-intermodal-transit-center/,post,2,en,4719,atlantic-coastal-highway-us-17-rideshare-uber-lyft-crash-savannah-intermodal-transit-center,2086,0,publish,"Hit in an Uber or Lyft on Atlantic Coastal Highway (US-17) Near the Joe Murray Rivers Intermodal Transit Center? A Savannah Rideshare-Crash Guide"
https://rodenlaw.com/blog/motorcycle-accident-i-95-glynn-county-brunswick-darien/,post,2,en,4721,motorcycle-accident-i-95-glynn-county-brunswick-darien,2093,0,publish,"Hurt in a Motorcycle Crash on I-95 Through Glynn County? A Brunswick and Darien Rider's Guide to Coastal Georgia Claims"
https://rodenlaw.com/blog/credit-one-stadium-event-day-crashes-daniel-island-beekman-street/,post,2,en,4723,credit-one-stadium-event-day-crashes-daniel-island-beekman-street,2075,0,publish,"Crashes on Credit One Stadium Event Days: A Daniel Island Driver, Rideshare, and Pedestrian Guide for Beekman Street and Seven Farms Drive"
https://rodenlaw.com/blog/hit-and-run-drunk-driver-crashes-ashley-river-road-sc-61-west-ashley-greenwood-park/,post,2,en,4725,hit-and-run-drunk-driver-crashes-ashley-river-road-sc-61-west-ashley-greenwood-park,2077,0,publish,"Hit-and-Run and Drunk-Driver Crashes on Ashley River Road (SC 61) in West Ashley: A Greenwood Park Driver's Recovery Guide"
https://rodenlaw.com/blog/i-77-truck-accident-northeast-columbia-richland-county/,post,2,en,4727,i-77-truck-accident-northeast-columbia-richland-county,2053,0,publish,"Hit by an 18-Wheeler on I-77 Through Northeast Columbia? A Richland County Truck-Crash Guide for the I-20 Interchange and Two Notch Road Exits"
https://rodenlaw.com/blog/drunk-driver-crash-south-kings-highway-us-17-business-surfside-beach-29575/,post,2,en,4729,drunk-driver-crash-south-kings-highway-us-17-business-surfside-beach-29575,2070,0,publish,"Hit by a Drunk Driver on South Kings Highway (US-17 Business) Through Surfside Beach? A Grand Strand DUI-Crash Guide"
https://rodenlaw.com/blog/i-16-port-freight-truck-accident-garden-city-savannah/,post,2,en,4715,i-16-port-freight-truck-accident-garden-city-savannah,2331,0,publish,"Hit by a Port-Freight Tractor-Trailer on I-16 Through Garden City? A Savannah Truck-Crash Guide for the Port-of-Savannah Corridor"
https://rodenlaw.com/blog/pedestrian-accident-dorchester-road-school-zone-29418-north-charleston/,post,2,en,4717,pedestrian-accident-dorchester-road-school-zone-29418-north-charleston,2668,0,publish,"Hit on Dorchester Road or in a 29418 School Zone? A North Charleston Pedestrian-Crash Guide for Families Near Goodwin Elementary and Jerry Zucker Middle"
https://rodenlaw.com/blog/us-17-truck-accident-broadfield-glynn-county/,post,2,en,4709,us-17-truck-accident-broadfield-glynn-county,2302,0,publish,"Hit by a Big Rig on US-17 / GA-25 Through Broadfield? A Glynn County Truck-Crash Guide for Brunswick & Darien"
https://rodenlaw.com/blog/sunset-boulevard-us-378-lexington-medical-center-accident/,post,2,en,4711,sunset-boulevard-us-378-lexington-medical-center-accident,2559,0,publish,"Hurt on Sunset Boulevard (US-378) Near Lexington Medical Center? A West Columbia & Lexington County Crash Guide"
https://rodenlaw.com/blog/dog-bite-surfside-beach-29575/,post,2,en,4713,dog-bite-surfside-beach-29575,2323,0,publish,"Bitten by a Dog in Surfside Beach? A Beach-Town Bite Claim Guide for Renters, Walkers, and Dog-Park Visitors"
https://rodenlaw.com/blog/i-526-mount-pleasant-wando-bridge-accident/,post,2,en,4707,i-526-mount-pleasant-wando-bridge-accident,2370,0,publish,"Hurt on I-526 Through Mount Pleasant? A Wando Bridge Corridor Crash Guide"
https://rodenlaw.com/blog/rideshare-accident-i-26-tenmile-north-charleston/,post,2,en,4704,rideshare-accident-i-26-tenmile-north-charleston,2066,0,publish,"Hurt in an Uber or Lyft on I-26 Through Tenmile? A North Charleston Rideshare-Crash Guide"
https://rodenlaw.com/blog/eastern-wharf-savannah-pedestrian-bike-accidents/,post,2,en,4702,eastern-wharf-savannah-pedestrian-bike-accidents,2380,0,publish,"Eastern Wharf Pedestrian, Bike, and Scooter Accidents: A Savannah Visitor's Guide to Injury Claims"
https://rodenlaw.com/blog/south-carolina-statute-of-limitations-personal-injury/,post,2,en,4646,south-carolina-statute-of-limitations-personal-injury,582,0,publish,"Understanding South Carolina's 3-Year Statute of Limitations After a Crash"
https://rodenlaw.com/blog/north-charleston-crime-rate-hit-and-run/,post,2,en,4645,north-charleston-crime-rate-hit-and-run,563,0,publish,"Is North Charleston's Crime Rate Connected to Hit-and-Run Accidents?"
https://rodenlaw.com/blog/motorcycle-accidents-dorchester-road-data/,post,2,en,4644,motorcycle-accidents-dorchester-road-data,446,0,publish,"Motorcycle Accidents on Dorchester Road: What the Data Shows"
https://rodenlaw.com/blog/port-truck-accidents-charleston-liability/,post,2,en,4643,port-truck-accidents-charleston-liability,549,0,publish,"Port Truck Accidents in Charleston: Who's Liable?"
https://rodenlaw.com/blog/pedestrian-safety-park-circle-north-charleston/,post,2,en,4642,pedestrian-safety-park-circle-north-charleston,453,0,publish,"Pedestrian Safety in Park Circle: A Growing Concern"
https://rodenlaw.com/blog/ashley-phosphate-i-26-south-carolinas-deadliest-intersection/,post,2,en,4624,ashley-phosphate-i-26-south-carolinas-deadliest-intersection,1190,0,publish,"Why Ashley Phosphate & I-26 Is South Carolina's Deadliest Intersection"
https://rodenlaw.com/blog/what-to-do-after-car-accident-south-carolina/,post,2,en,4590,what-to-do-after-car-accident-south-carolina,2876,0,publish,"What to Do After a Car Accident in South Carolina: A Complete Legal Guide"
https://rodenlaw.com/blog/what-to-do-after-car-accident-georgia/,post,2,en,4589,what-to-do-after-car-accident-georgia,2621,0,publish,"What to Do After a Car Accident in Georgia: A Complete Legal Guide"
https://rodenlaw.com/blog/fmcsa-violations-truck-accident-claims/,post,2,en,4588,fmcsa-violations-truck-accident-claims,3243,0,publish,"How FMCSA Violations Strengthen Your Truck Accident Claim"
https://rodenlaw.com/blog/car-totaled-in-accident-what-to-do/,post,2,en,4587,car-totaled-in-accident-what-to-do,2669,0,publish,"What to Do When Your Car Is Totaled in an Accident"
https://rodenlaw.com/blog/ptsd-after-car-accident-compensation/,post,2,en,4586,ptsd-after-car-accident-compensation,2628,0,publish,"PTSD After a Car Accident: Symptoms, Treatment, and Compensation"
https://rodenlaw.com/blog/diminished-value-claims-after-car-accident/,post,2,en,4585,diminished-value-claims-after-car-accident,2686,0,publish,"Diminished Value Claims After a Car Accident: How to Recover What Your Vehicle Lost"
https://rodenlaw.com/blog/average-personal-injury-settlement-amounts/,post,2,en,4584,average-personal-injury-settlement-amounts,2610,0,publish,"Average Personal Injury Settlement Amounts: What to Realistically Expect"
https://rodenlaw.com/blog/how-much-is-my-car-accident-claim-worth/,post,2,en,4583,how-much-is-my-car-accident-claim-worth,2888,0,publish,"How Much Is My Car Accident Claim Worth?"
https://rodenlaw.com/blog/options-for-recovering-more-than-policy-limits/,post,2,en,1724,options-for-recovering-more-than-policy-limits,2896,0,publish,"How to Recover More Than the At-Fault Driver's Insurance Policy Limits"
https://rodenlaw.com/blog/independent-medical-exams/,post,2,en,1723,independent-medical-exams,3184,0,publish,"Independent Medical Exams in Personal Injury Cases: What You Need to Know"
https://rodenlaw.com/blog/demand-letters-in-personal-injury-cases/,post,2,en,1722,demand-letters-in-personal-injury-cases,3005,0,publish,"What Is a Personal Injury Demand Letter and How Does It Work?"
https://rodenlaw.com/blog/options-for-denied-injury-claims/,post,2,en,1720,options-for-denied-injury-claims,2917,0,publish,"What to Do If Your Personal Injury Claim Is Denied"
https://rodenlaw.com/blog/car-insurance-claim-denial-tactics/,post,2,en,1719,car-insurance-claim-denial-tactics,2710,0,publish,"Insurance Company Tactics Used to Deny or Devalue Personal Injury Claims"
https://rodenlaw.com/blog/continuing-post-accident-medical-treatment/,post,2,en,1718,continuing-post-accident-medical-treatment,2742,0,publish,"Why Continuing Medical Treatment After an Accident Matters for Your Claim"
https://rodenlaw.com/blog/resolving-claims-through-arbitration/,post,2,en,1717,resolving-claims-through-arbitration,2783,0,publish,"How Arbitration Works in Personal Injury Cases"
https://rodenlaw.com/blog/liability-for-crashes-in-heavy-rainfall/,post,2,en,1716,liability-for-crashes-in-heavy-rainfall,2811,0,publish,"Who Is Liable for a Car Accident Caused by Heavy Rain?"
https://rodenlaw.com/blog/car-insurance-add-ons/,post,2,en,1715,car-insurance-add-ons,2908,0,publish,"Car Insurance Add-Ons That Can Help Your Personal Injury Claim"
https://rodenlaw.com/blog/importance-of-eyewitness-testimony/,post,2,en,1713,importance-of-eyewitness-testimony,2909,0,publish,"How Eyewitness Testimony Strengthens Your Personal Injury Claim"
https://rodenlaw.com/blog/letters-of-protection-for-injury-victims/,post,2,en,1712,letters-of-protection-for-injury-victims,2829,0,publish,"How Letters of Protection Help Injury Victims Get Medical Treatment"
https://rodenlaw.com/blog/liens-and-your-personal-injury-claims/,post,2,en,1711,liens-and-your-personal-injury-claims,2901,0,publish,"Types of Liens That Can Affect Your Personal Injury Settlement"
https://rodenlaw.com/blog/how-car-insurers-use-private-investigators/,post,2,en,1709,how-car-insurers-use-private-investigators,3800,0,publish,"How Insurance Companies Use Private Investigators to Deny Your Claim"
https://rodenlaw.com/blog/switching-lawyers-during-a-case/,post,2,en,1708,switching-lawyers-during-a-case,2917,0,publish,"Can You Switch Personal Injury Lawyers in the Middle of Your Case?"
https://rodenlaw.com/blog/liability-for-sudden-emergency-accidents/,post,2,en,1707,liability-for-sudden-emergency-accidents,3707,0,publish,"Can You Sue a Driver Who Had a Medical Emergency Behind the Wheel?"
https://rodenlaw.com/blog/claims-for-lost-wages/,post,2,en,1706,claims-for-lost-wages,3283,0,publish,"How to Recover Lost Wages After a Personal Injury Accident"
https://rodenlaw.com/blog/filing-a-claim-for-an-injured-minor/,post,2,en,1704,filing-a-claim-for-an-injured-minor,2899,0,publish,"Filing a Personal Injury Claim on Behalf of an Injured Child"
https://rodenlaw.com/blog/driving-record-and-injury-claim/,post,2,en,1703,driving-record-and-injury-claim,3038,0,publish,"How Your Driving Record May Affect Your Personal Injury Claim"
https://rodenlaw.com/blog/rear-end-accident-injuries/,post,2,en,4581,rear-end-accident-injuries,2793,0,publish,"Common Injuries from Rear-End Car Accidents"
https://rodenlaw.com/blog/maximum-medical-improvement-in-an-injury-claim/,post,2,en,1702,maximum-medical-improvement-in-an-injury-claim,3459,0,publish,"How Maximum Medical Improvement (MMI) Affects Your Injury Claim in Georgia and South Carolina"
https://rodenlaw.com/blog/steps-to-take-if-you-are-involved-in-a-bicycle-hit-and-run/,post,2,en,1698,steps-to-take-if-you-are-involved-in-a-bicycle-hit-and-run,2156,0,publish,"Steps to Take After a Bicycle Hit and Run in Georgia or South Carolina"
https://rodenlaw.com/blog/what-happens-if-i-resign-while-on-workers-compensation/,post,2,en,1697,what-happens-if-i-resign-while-on-workers-compensation,2434,0,publish,"What Happens If You Resign While on Workers' Compensation in Georgia or South Carolina?"
https://rodenlaw.com/blog/should-i-file-a-personal-injury-or-a-workers-compensation-claim/,post,2,en,1695,should-i-file-a-personal-injury-or-a-workers-compensation-claim,1965,0,publish,"Should I File a Personal Injury or Workers' Compensation Claim in Georgia or South Carolina?"
https://rodenlaw.com/blog/am-i-eligible-for-workers-compensation/,post,2,en,1693,am-i-eligible-for-workers-compensation,2414,0,publish,"Am I Eligible for Workers' Compensation in Georgia or South Carolina?"
https://rodenlaw.com/blog/when-is-the-right-time-to-hire-a-personal-injury-lawyer/,post,2,en,1692,when-is-the-right-time-to-hire-a-personal-injury-lawyer,3001,0,publish,"When Is the Right Time to Hire a Personal Injury Lawyer After an Accident in Georgia or South Carolina?"
https://rodenlaw.com/blog/does-worker-compensation-cover-employee-negligence/,post,2,en,1690,does-worker-compensation-cover-employee-negligence,2678,0,publish,"Does Workers' Compensation Cover Employee Negligence in Georgia and South Carolina?"
https://rodenlaw.com/blog/why-wont-a-personal-lawyer-take-my-case/,post,2,en,1686,why-wont-a-personal-lawyer-take-my-case,2830,0,publish,"Why a Personal Injury Lawyer Might Not Take Your Case in Georgia or South Carolina"
https://rodenlaw.com/blog/tips-for-choosing-a-motor-vehicle-accident-attorney/,post,2,en,1681,tips-for-choosing-a-motor-vehicle-accident-attorney,2926,0,publish,"How to Choose the Right Car Accident Lawyer in Georgia or South Carolina"
https://rodenlaw.com/blog/benefits-for-workplace-violence/,post,2,en,1650,benefits-for-workplace-violence,2210,0,publish,"Are Workplace Violence Injuries Covered by Workers' Compensation in Georgia and South Carolina?"
https://rodenlaw.com/blog/medical-malpractice-limits-south-carolina/,post,2,en,4562,medical-malpractice-limits-south-carolina,2286,0,publish,"Medical Malpractice Damage Caps and Filing Limits in South Carolina"
https://rodenlaw.com/blog/what-if-i-suspect-medical-malpractice/,post,2,en,1696,what-if-i-suspect-medical-malpractice,2323,0,publish,"What to Do If You Suspect Medical Malpractice in Georgia or South Carolina"
https://rodenlaw.com/blog/how-long-can-a-person-stay-on-workers-compensation/,post,2,en,1682,how-long-can-a-person-stay-on-workers-compensation,2382,0,publish,"How Long Can You Stay on Workers' Compensation in Georgia or South Carolina?"
https://rodenlaw.com/blog/when-does-workers-compensation-stop-paying/,post,2,en,1677,when-does-workers-compensation-stop-paying,2267,0,publish,"When Does Workers' Compensation Stop Paying? Georgia and South Carolina Rules"
https://rodenlaw.com/blog/medical-malpractice-limits-georgia/,post,2,en,1676,medical-malpractice-limits-georgia,2282,0,publish,"Medical Malpractice Damage Limits and Filing Deadlines in Georgia"
https://rodenlaw.com/blog/can-someone-sue-me-for-a-car-accident/,post,2,en,1675,can-someone-sue-me-for-a-car-accident,2664,0,publish,Can
https://rodenlaw.com/blog/does-workers-compensation-cover-prescriptions/,post,2,en,1674,does-workers-compensation-cover-prescriptions,2355,0,publish,"Does Workers' Compensation Cover Prescriptions in Georgia and South Carolina?"
https://rodenlaw.com/blog/how-do-i-know-if-i-have-a-personal-injury-case/,post,2,en,1673,how-do-i-know-if-i-have-a-personal-injury-case,2642,0,publish,"How Do I Know If I Have a Personal Injury Case?"
https://rodenlaw.com/blog/are-accident-lawyers-worth-it/,post,2,en,1672,are-accident-lawyers-worth-it,2592,0,publish,"Are Accident Lawyers Worth It?"
https://rodenlaw.com/blog/how-long-can-someone-sue-you-after-a-car-accident/,post,2,en,1670,how-long-can-someone-sue-you-after-a-car-accident,2533,0,publish,"How Long Can Someone Sue You After a Car Accident?"
https://rodenlaw.com/blog/claims-against-at-fault-drivers-who-died/,post,2,en,1649,claims-against-at-fault-drivers-who-died,2462,0,publish,"Filing a Claim Against a Deceased At-Fault Driver in Georgia or South Carolina"
https://rodenlaw.com/blog/first-steps-in-a-medical-malpractice-case/,post,2,en,1646,first-steps-in-a-medical-malpractice-case,2567,0,publish,"Medical Malpractice in Georgia and South Carolina: A Complete Guide"
https://rodenlaw.com/blog/benefit-of-a-personal-injury-pain-diary/,post,2,en,1772,benefit-of-a-personal-injury-pain-diary,2002,0,publish,"How a Post-Accident Pain Diary Can Strengthen Your Personal Injury Claim"
https://rodenlaw.com/blog/qualifications-for-car-accident-witnesses/,post,2,en,1758,qualifications-for-car-accident-witnesses,2434,0,publish,"Why Witnesses Matter in Car Accident Cases"
https://rodenlaw.com/blog/animal-accident-insurance-coverage/,post,2,en,1746,animal-accident-insurance-coverage,1781,0,publish,"Does Car Insurance Cover an Accident with an Animal in Georgia or South Carolina?"
https://rodenlaw.com/blog/what-is-the-role-of-a-personal-injury-lawyer-in-a-case/,post,2,en,1683,what-is-the-role-of-a-personal-injury-lawyer-in-a-case,2085,0,publish,"What Does a Personal Injury Lawyer Do?"
https://rodenlaw.com/blog/pedestrian-safety-georgia/,post,2,en,1856,pedestrian-safety-georgia,2543,0,publish,"Pedestrian Safety Laws and Accident Claims in Georgia and South Carolina"
https://rodenlaw.com/blog/georgia-statute-of-limitations/,post,2,en,1840,georgia-statute-of-limitations,2284,0,publish,"Statute of Limitations for Personal Injury Claims in Georgia and South Carolina"
https://rodenlaw.com/blog/financial-abuse-at-nursing-homes/,post,2,en,1837,financial-abuse-at-nursing-homes,2091,0,publish,"Elder Financial Abuse in Nursing Homes: Georgia and South Carolina Laws"
https://rodenlaw.com/blog/signs-of-concussion-from-car-crash/,post,2,en,1835,signs-of-concussion-from-car-crash,2125,0,publish,"Concussion Signs to Watch for After a Car Accident in Georgia and South Carolina"
https://rodenlaw.com/blog/blind-spot-accidents/,post,2,en,1831,blind-spot-accidents,2146,0,publish,"Blind Spot Accidents: Causes, Prevention, and Your Legal Rights in Georgia and South Carolina"
https://rodenlaw.com/blog/informed-consent/,post,2,en,1824,informed-consent,2281,0,publish,"Informed Consent in Georgia and South Carolina: What Patients Need to Know"
https://rodenlaw.com/blog/driving-tips-around-trucks/,post,2,en,1823,driving-tips-around-trucks,1981,0,publish,"Safe Driving Tips for Sharing the Road with Large Trucks in Georgia and South Carolina"
https://rodenlaw.com/blog/how-do-i-know-if-i-have-a-medical-malpractice-case/,post,2,en,1813,how-do-i-know-if-i-have-a-medical-malpractice-case,2590,0,publish,"Four Elements of a Medical Malpractice Claim"
https://rodenlaw.com/blog/recovering-damages-with-pre-existing-injuries/,post,2,en,1811,recovering-damages-with-pre-existing-injuries,2343,0,publish,"Can You Recover Damages With a Pre-Existing Injury in Georgia or South Carolina?"
https://rodenlaw.com/blog/truck-accident-liability/,post,2,en,1810,truck-accident-liability,2189,0,publish,"Who Can Be Held Liable for a Truck Accident in Georgia and South Carolina?"
https://rodenlaw.com/blog/steps-after-slip-and-fall-injury/,post,2,en,1796,steps-after-slip-and-fall-injury,2195,0,publish,"Steps to Take After a Slip and Fall Injury in Georgia and South Carolina"
https://rodenlaw.com/blog/georgia-super-speeder-law/,post,2,en,1790,georgia-super-speeder-law,2204,0,publish,"What Are Excessive Speeding Laws?"
https://rodenlaw.com/blog/determining-fault-in-multi-vehicle-accidents/,post,2,en,1773,determining-fault-in-multi-vehicle-accidents,2031,0,publish,"Why Fault Is Complicated in Multi-Vehicle Crashes in Georgia and South Carolina"
https://rodenlaw.com/blog/taxes-on-car-crash-settlement-in-georgia/,post,2,en,1769,taxes-on-car-crash-settlement-in-georgia,2379,0,publish,"Are Personal Injury Settlements Tax-Free?"
https://rodenlaw.com/blog/drunk-pedestrian-injury-claims/,post,2,en,1767,drunk-pedestrian-injury-claims,2351,0,publish,"Can a Drunk Pedestrian File an Injury Claim?"
https://rodenlaw.com/blog/workers-comp-for-carpal-tunnel-syndrome/,post,2,en,1761,workers-comp-for-carpal-tunnel-syndrome,2394,0,publish,"Can You Get Workers' Comp for Carpal Tunnel in Georgia and South Carolina?"
https://rodenlaw.com/blog/using-uninsured-underinsured-motorist-coverage-in-georgia/,post,2,en,1757,using-uninsured-underinsured-motorist-coverage-in-georgia,2419,0,publish,"Uninsured and Underinsured Motorist Coverage in Georgia and South Carolina: What You Need to Know"
https://rodenlaw.com/blog/negligence-vs-gross-negligence/,post,2,en,1756,negligence-vs-gross-negligence,2265,0,publish,"Negligence vs. Gross Negligence in a Car Accident Case: Georgia and South Carolina Laws"
https://rodenlaw.com/blog/contingency-fee-system/,post,2,en,1753,contingency-fee-system,2182,0,publish,"How the Contingency Fee System Works: No Upfront Costs for Georgia and South Carolina Injury Claims"
https://rodenlaw.com/blog/workers-comp-medical-coverage/,post,2,en,1752,workers-comp-medical-coverage,2250,0,publish,"Types of Medical Care Covered by Workers' Compensation in Georgia and South Carolina"
https://rodenlaw.com/blog/fault-vs-no-fault-car-insurance/,post,2,en,1749,fault-vs-no-fault-car-insurance,2043,0,publish,"What Do Fault and No-Fault Mean in Car Insurance?"
https://rodenlaw.com/blog/certification-of-permanent-injury/,post,2,en,1745,certification-of-permanent-injury,2190,0,publish,"Certification of a Permanent Injury: How It Strengthens Your Georgia or South Carolina Lawsuit"
https://rodenlaw.com/blog/traffic-tickets-and-car-accident-claims/,post,2,en,1740,traffic-tickets-and-car-accident-claims,2354,0,publish,"Do Traffic Tickets Determine Fault in a Car Accident?"
https://rodenlaw.com/blog/accident-claims-with-an-expired-license/,post,2,en,1714,accident-claims-with-an-expired-license,2142,0,publish,"Can You File a Claim With an Expired License?"
https://rodenlaw.com/blog/benefits-of-an-accident-reconstruction-expert/,post,2,en,1705,benefits-of-an-accident-reconstruction-expert,1919,0,publish,"What Is an Accident Reconstructionist?"
https://rodenlaw.com/blog/is-workers-compensation-an-employee-benefit/,post,2,en,1684,is-workers-compensation-an-employee-benefit,1993,0,publish,"Is Workers' Compensation an Employee Benefit? What Georgia and South Carolina Workers Need to Know"
https://rodenlaw.com/blog/5-most-common-types-of-medical-malpractice-in-2023/,post,2,en,1668,5-most-common-types-of-medical-malpractice-in-2023,2211,0,publish,"5 Most Common Types of Medical Malpractice in Georgia and South Carolina"
https://rodenlaw.com/blog/7-mistakes-to-avoid-after-a-motorcycle-accident/,post,2,en,1667,7-mistakes-to-avoid-after-a-motorcycle-accident,2098,0,publish,"7 Post-Accident Mistakes That Can Destroy Your Motorcycle Claim"
https://rodenlaw.com/blog/the-role-of-vocational-rehabilitation-in-workers-compensation-cases/,post,2,en,1666,the-role-of-vocational-rehabilitation-in-workers-compensation-cases,2189,0,publish,"The Role of Vocational Rehabilitation in Workers' Compensation Cases in Georgia and South Carolina"
https://rodenlaw.com/blog/steps-after-work-injury/,post,2,en,1658,steps-after-work-injury,2688,0,publish,"5 Steps to Take After a Workplace Injury for Workers Compensation Benefits in Georgia and South Carolina"
https://rodenlaw.com/blog/answering-insurance-questions-after-crash/,post,2,en,1657,answering-insurance-questions-after-crash,2264,0,publish,"How to Answer Insurance Company Questions After a Car Accident in Georgia or South Carolina"
https://rodenlaw.com/blog/truck-accident-reconstruction/,post,2,en,1647,truck-accident-reconstruction,2119,0,publish,"What Is Truck Accident Reconstruction?"
https://rodenlaw.com/blog/5-benefits-of-hiring-a-truck-accident-attorney-in-2023/,post,2,en,1669,5-benefits-of-hiring-a-truck-accident-attorney-in-2023,2489,0,publish,"5 Benefits of Hiring a Truck Accident Attorney in Georgia and South Carolina"
https://rodenlaw.com/blog/the-importance-of-gathering-evidence-after-a-motorcycle-accident/,post,2,en,1664,the-importance-of-gathering-evidence-after-a-motorcycle-accident,2442,0,publish,"The Importance of Gathering Evidence After a Motorcycle Accident in Georgia and South Carolina"
https://rodenlaw.com/blog/what-to-do-if-your-workers-compensation-claim-is-denied/,post,2,en,1662,what-to-do-if-your-workers-compensation-claim-is-denied,2196,0,publish,"What to Do If Your Workers' Compensation Claim Is Denied in Georgia or South Carolina"
https://rodenlaw.com/blog/darien-brunswick-dangerous-roads-i95-us17/,post,2,en,4539,darien-brunswick-dangerous-roads-i95-us17,2435,0,publish,"Dangerous Roads Near Darien and Brunswick, Georgia: I-95, US-17, and Rural Highway Risks"
https://rodenlaw.com/blog/savannah-dangerous-highways-i16-i95-abercorn/,post,2,en,4538,savannah-dangerous-highways-i16-i95-abercorn,2361,0,publish,"Savannah's Most Dangerous Highways: I-16, I-95, Abercorn Street, and DeRenne Avenue"
https://rodenlaw.com/blog/myrtle-beach-dangerous-roads-intersections/,post,2,en,4537,myrtle-beach-dangerous-roads-intersections,2470,0,publish,"The Most Dangerous Roads and Intersections in Myrtle Beach, South Carolina"
https://rodenlaw.com/blog/columbia-dangerous-intersections-roads/,post,2,en,3553,columbia-dangerous-intersections-roads,2645,0,publish,"The Most Dangerous Intersections and Roads in Columbia, South Carolina: A Driver's Guide"
https://rodenlaw.com/blog/what-to-do-when-you-are-in-a-car-accident/,post,2,en,1671,what-to-do-when-you-are-in-a-car-accident,2907,0,publish,"Car Accident Checklist: What to Do After a Wreck in Georgia and South Carolina"
https://rodenlaw.com/blog/georgia-comparative-negligence-law/,post,2,en,1838,georgia-comparative-negligence-law,2539,0,publish,"Comparative Negligence in Georgia and South Carolina: How Shared Fault Affects Your Injury Claim"
https://rodenlaw.com/blog/dangerous-savannah-intersections/,post,2,en,1793,dangerous-savannah-intersections,2832,0,publish,"The Most Dangerous Intersections and Roads in Savannah, Georgia: What Drivers Need to Know"
https://rodenlaw.com/blog/the-most-common-causes-of-truck-accidents/,post,2,en,1665,the-most-common-causes-of-truck-accidents,3180,0,publish,"The Most Common Causes of Truck Accidents in Georgia and South Carolina"
https://rodenlaw.com/blog/commercial-truck-accidents-who-is-at-fault/,post,2,en,1661,commercial-truck-accidents-who-is-at-fault,2597,0,publish,"Who Is at Fault in a Commercial Truck Accident in Georgia and South Carolina?"
https://rodenlaw.com/blog/south-carolina-pedestrian-right-of-way-laws/,post,2,en,4478,south-carolina-pedestrian-right-of-way-laws,2913,0,publish,"South Carolina Pedestrian Right-of-Way Laws: What Accident Victims Need to Know"
https://rodenlaw.com/blog/how-to-maximize-your-car-accident-compensation-in-south-carolina/,post,2,en,4534,how-to-maximize-your-car-accident-compensation-in-south-carolina,3615,0,publish,"How to Maximize Your Car Accident Compensation in South Carolina"
https://rodenlaw.com/blog/georgia-pedestrian-right-of-way-laws/,post,2,en,4477,georgia-pedestrian-right-of-way-laws,2687,0,publish,"Georgia Pedestrian Right-of-Way Laws: What Accident Victims Need to Know"
https://rodenlaw.com/blog/how-pain-and-suffering-is-calculated-after-an-accident-in-georgia/,post,2,en,3493,how-pain-and-suffering-is-calculated-after-an-accident-in-georgia,4152,0,publish,"How Pain and Suffering Is Calculated After an Accident in Georgia"
https://rodenlaw.com/blog/how-pain-and-suffering-is-calculated-after-an-accident-in-south-carolina/,post,2,en,3440,how-pain-and-suffering-is-calculated-after-an-accident-in-south-carolina,3973,0,publish,"How Pain and Suffering Is Calculated After an Accident in South Carolina"
https://rodenlaw.com/blog/how-to-maximize-your-car-accident-compensation-in-georgia/,post,2,en,3433,how-to-maximize-your-car-accident-compensation-in-georgia,2816,0,publish,"How to Maximize Your Car Accident Compensation in Georgia"
https://rodenlaw.com/blog/benefits-of-hiring-personal-injury-lawyer/,post,2,en,1816,benefits-of-hiring-personal-injury-lawyer,2895,0,publish,"Benefits of Hiring a Personal Injury Lawyer in Georgia and South Carolina"
https://rodenlaw.com/blog/calculating-compensation-for-whiplash-injuries/,post,2,en,1653,calculating-compensation-for-whiplash-injuries,2873,0,publish,"Calculating Compensation for Whiplash Injuries in Georgia and South Carolina"
https://rodenlaw.com/blog/golf-cart-accidents-charleston-island-resort-communities/,post,2,en,4343,golf-cart-accidents-charleston-island-resort-communities,2607,0,publish,"Golf Cart Accidents in Charleston's Island and Resort Communities"
https://rodenlaw.com/blog/charleston-tourist-injuries-premises-liability-hotels-restaurants/,post,2,en,4342,charleston-tourist-injuries-premises-liability-hotels-restaurants,2353,0,publish,"Tourist Injuries in Charleston: Premises Liability Claims at Hotels, Restaurants, and Attractions"
https://rodenlaw.com/blog/construction-worker-injuries-charleston-sc-rights/,post,2,en,4341,construction-worker-injuries-charleston-sc-rights,2533,0,publish,"Construction Worker Injuries in Charleston: Your Rights on the Fastest-Growing Job Sites in SC"
https://rodenlaw.com/blog/boating-accidents-charleston-harbor-legal-rights/,post,2,en,4340,boating-accidents-charleston-harbor-legal-rights,2522,0,publish,"Boating Accidents in Charleston Harbor: Common Causes and Your Legal Rights"
https://rodenlaw.com/blog/rivers-avenue-pedestrian-deaths-north-charleston/,post,2,en,4339,rivers-avenue-pedestrian-deaths-north-charleston,2727,0,publish,"Pedestrian Deaths on Rivers Avenue: Why North Charleston's Main Corridor Is So Deadly for Walkers"
https://rodenlaw.com/blog/savannah-highway-truck-accidents-west-ashley-us-17/,post,2,en,4338,savannah-highway-truck-accidents-west-ashley-us-17,2730,0,publish,"Savannah Highway Truck Accidents in West Ashley: Why US-17 Is One of Charleston's Most Dangerous Roads"
https://rodenlaw.com/blog/ashley-phosphate-road-i-26-dangerous-intersection-charleston/,post,2,en,4337,ashley-phosphate-road-i-26-dangerous-intersection-charleston,2675,0,publish,"Ashley Phosphate Road and I-26: Inside the Most Dangerous Intersection in the Charleston Area"
https://rodenlaw.com/blog/port-of-charleston-injury-claims-longshoremen-dock-workers/,post,2,en,4336,port-of-charleston-injury-claims-longshoremen-dock-workers,2888,0,publish,"Port of Charleston Injury Claims: What Longshoremen and Dock Workers Need to Know"
https://rodenlaw.com/blog/rollover-crashes-and-what-they-do-to-your-body/,post,2,en,2647,rollover-crashes-and-what-they-do-to-your-body,2508,0,publish,"Rollover Crashes: How They Happen, Common Injuries, and Your Rights in Georgia and South Carolina"
https://rodenlaw.com/blog/are-red-light-runners-always-liable-if-they-crash/,post,2,en,2586,are-red-light-runners-always-liable-if-they-crash,2462,0,publish,"Are Red Light Runners Always Liable if They Crash in Georgia or South Carolina?"
https://rodenlaw.com/blog/can-an-insurance-company-go-against-a-police-report/,post,2,en,1679,can-an-insurance-company-go-against-a-police-report,2435,0,publish,"Can an Insurance Company Go Against a Police Report in Georgia or South Carolina?"
https://rodenlaw.com/blog/compensatory-damages-vs-punitive-damages/,post,2,en,1663,compensatory-damages-vs-punitive-damages,2098,0,publish,"Compensatory Damages vs. Punitive Damages: What Injury Victims in Georgia and South Carolina Should Know"
https://rodenlaw.com/blog/value-of-pain-and-suffering/,post,2,en,1651,value-of-pain-and-suffering,2405,0,publish,"The Value of Pain and Suffering in Georgia and South Carolina Personal Injury Claims"
https://rodenlaw.com/blog/ben-sawyer-boulevard-bridge-accidents-sullivans-island/,post,2,en,4370,ben-sawyer-boulevard-bridge-accidents-sullivans-island,2637,0,publish,"Ben Sawyer Boulevard Bridge Accidents: Risks on the Road to Sullivan's Island"
https://rodenlaw.com/blog/personal-injury-claim-charleston-berkeley-dorchester-county/,post,2,en,4369,personal-injury-claim-charleston-berkeley-dorchester-county,3079,0,publish,"Filing a Personal Injury Claim in Three Different Counties: Charleston, Berkeley, and Dorchester"
https://rodenlaw.com/blog/charleston-parking-lot-parking-garage-accident/,post,2,en,4368,charleston-parking-lot-parking-garage-accident,3748,0,publish,"What to Do After an Accident in a Charleston Parking Lot or Parking Garage"
https://rodenlaw.com/blog/south-carolina-comparative-fault-partially-at-fault/,post,2,en,4367,south-carolina-comparative-fault-partially-at-fault,2389,0,publish,"South Carolina Comparative Fault: How Being Partially at Fault Affects Your Charleston Accident Case"
https://rodenlaw.com/blog/west-ashley-vs-downtown-charleston-driving-risks/,post,2,en,4366,west-ashley-vs-downtown-charleston-driving-risks,2700,0,publish,"West Ashley vs. Downtown: Different Roads, Different Risks for Charleston Drivers"
https://rodenlaw.com/blog/goose-creek-car-accidents-military-traffic-us-52/,post,2,en,4365,goose-creek-car-accidents-military-traffic-us-52,3063,0,publish,"Goose Creek Car Accidents: Military Traffic, US-52, and Berkeley County Claims"
https://rodenlaw.com/blog/daniel-island-accidents-event-traffic-golf-carts/,post,2,en,4364,daniel-island-accidents-event-traffic-golf-carts,3220,0,publish,"Accidents on Daniel Island: Event Traffic, Golf Carts, and Single-Access Road Risks"
https://rodenlaw.com/blog/emergency-room-errors-charleston-misdiagnosis-malpractice/,post,2,en,4363,emergency-room-errors-charleston-misdiagnosis-malpractice,2475,0,publish,"Emergency Room Errors in Charleston: When a Misdiagnosis Leads to a Malpractice Claim"
https://rodenlaw.com/blog/dog-bite-laws-south-carolina-charleston/,post,2,en,4362,dog-bite-laws-south-carolina-charleston,3409,0,publish,"Dog Bite Laws in South Carolina: What Charleston Pet Owners and Victims Need to Know"
https://rodenlaw.com/blog/charleston-historic-sidewalk-slip-fall-city-liable/,post,2,en,4361,charleston-historic-sidewalk-slip-fall-city-liable,2216,0,publish,"Slip and Fall on Charleston's Historic Sidewalks: When the City or Property Owner Is Liable"
https://rodenlaw.com/blog/summer-dui-accidents-charleston-memorial-day-labor-day/,post,2,en,4360,summer-dui-accidents-charleston-memorial-day-labor-day,2880,0,publish,"Summer DUI Accidents in Charleston: Why Memorial Day Through Labor Day Is the Most Dangerous Time"
https://rodenlaw.com/blog/military-base-accidents-joint-base-charleston-rights/,post,2,en,4359,military-base-accidents-joint-base-charleston-rights,2374,0,publish,"Military Base Accidents Near Joint Base Charleston: Your Rights as Active Duty or a Civilian"
https://rodenlaw.com/blog/carriage-tour-accidents-downtown-charleston-liability/,post,2,en,4358,carriage-tour-accidents-downtown-charleston-liability,3124,0,publish,"Carriage Tour Accidents in Downtown Charleston: Who Is Liable When a Horse-Drawn Carriage Causes Injury?"
https://rodenlaw.com/blog/pedestrian-accidents-musc-charleston-medical-district/,post,2,en,4357,pedestrian-accidents-musc-charleston-medical-district,3369,0,publish,"Pedestrian Accidents Near MUSC and the Charleston Medical District"
https://rodenlaw.com/blog/jones-act-claims-south-carolina-maritime-worker-rights/,post,2,en,4356,jones-act-claims-south-carolina-maritime-worker-rights,2871,0,publish,"Jones Act Claims in South Carolina: Maritime Worker Injury Rights Explained"
https://rodenlaw.com/blog/shem-creek-boating-dock-injuries-mount-pleasant/,post,2,en,4355,shem-creek-boating-dock-injuries-mount-pleasant,3350,0,publish,"Shem Creek Boating and Dock Injuries: What Mount Pleasant Visitors Should Know"
https://rodenlaw.com/blog/i-526-expansion-construction-zone-accidents-charleston/,post,2,en,4354,i-526-expansion-construction-zone-accidents-charleston,2683,0,publish,"I-526 Expansion and Construction Zone Accidents: What Charleston Drivers Should Know"
https://rodenlaw.com/blog/maybank-highway-car-accidents-johns-island/,post,2,en,4353,maybank-highway-car-accidents-johns-island,2404,0,publish,"Maybank Highway Bottleneck: Car Accidents on Johns Island's Only Way In and Out"
https://rodenlaw.com/blog/jet-ski-personal-watercraft-accidents-charleston/,post,2,en,4352,jet-ski-personal-watercraft-accidents-charleston,1592,0,publish,"Jet Ski and Personal Watercraft Accidents on Charleston's Waterways"
https://rodenlaw.com/blog/highway-41-accidents-mount-pleasant-development/,post,2,en,4351,highway-41-accidents-mount-pleasant-development,1467,0,publish,"Highway 41 Accidents in Mount Pleasant: How Rapid Development Is Making Roads More Dangerous"
https://rodenlaw.com/blog/how-long-personal-injury-case-charleston-sc/,post,2,en,4350,how-long-personal-injury-case-charleston-sc,2206,0,publish,"How Long Does a Personal Injury Case Take in Charleston, SC?"
https://rodenlaw.com/blog/charleston-medical-malpractice-hospital-claim-south-carolina/,post,2,en,4349,charleston-medical-malpractice-hospital-claim-south-carolina,2130,0,publish,"Charleston Medical Malpractice: How to File a Claim Against a Hospital in South Carolina"
https://rodenlaw.com/blog/nursing-home-abuse-charleston-signs-families/,post,2,en,4348,nursing-home-abuse-charleston-signs-families,2336,0,publish,"Signs of Nursing Home Abuse in Charleston: What Families Should Watch For"
https://rodenlaw.com/blog/johns-island-accidents-no-hospital-emergency-room/,post,2,en,4347,johns-island-accidents-no-hospital-emergency-room,2234,0,publish,"Johns Island Accidents and the Problem of No Emergency Room"
https://rodenlaw.com/blog/car-accidents-ladson-i-26-exit-203-danger-zone/,post,2,en,4346,car-accidents-ladson-i-26-exit-203-danger-zone,2096,0,publish,"Car Accidents in Ladson and the I-26 Exit 203 Danger Zone"
https://rodenlaw.com/blog/boeing-north-charleston-workplace-injuries-workers-comp/,post,2,en,4345,boeing-north-charleston-workplace-injuries-workers-comp,2398,0,publish,"Boeing North Charleston Workplace Injuries: Workers' Comp and Third-Party Claims"
https://rodenlaw.com/blog/folly-road-car-accidents-james-island-charleston/,post,2,en,4344,folly-road-car-accidents-james-island-charleston,2320,0,publish,"Folly Road Car Accidents: What Charleston Drivers Need to Know About James Island's Most Dangerous Corridor"
https://rodenlaw.com/blog/lower-king-street-pedestrian-safety/,post,2,en,3583,lower-king-street-pedestrian-safety,1028,0,publish,"The Lower King Street Pedestrian Safety Guide"
https://rodenlaw.com/blog/seeking-justice-after-a-fatigued-trucker-accident-on-i-26/,post,2,en,3578,seeking-justice-after-a-fatigued-trucker-accident-on-i-26,1322,0,publish,"Seeking Justice After a Fatigued Trucker Accident on I 26"
https://rodenlaw.com/blog/recovering-lost-wages-after-a-truck-accident-on-i-526/,post,2,en,3576,recovering-lost-wages-after-a-truck-accident-on-i-526,1429,0,publish,"Recovering Lost Wages After a Truck Accident on I 526"
https://rodenlaw.com/blog/your-guide-to-recovering-lost-wages-after-a-charleston-car-accident/,post,2,en,3574,your-guide-to-recovering-lost-wages-after-a-charleston-car-accident,1455,0,publish,"Your Guide to Recovering Lost Wages After a Charleston Car Accident"
https://rodenlaw.com/blog/proving-a-tourist-was-at-fault-in-your-charleston-accident/,post,2,en,3572,proving-a-tourist-was-at-fault-in-your-charleston-accident,1587,0,publish,"Proving a Tourist Was at Fault in Your Charleston Accident"
https://rodenlaw.com/blog/proving-your-pain-after-a-charleston-car-accident/,post,2,en,3570,proving-your-pain-after-a-charleston-car-accident,1448,0,publish,"Proving Your Pain After a Charleston Car Accident"
https://rodenlaw.com/blog/a-drivers-guide-to-wildlife-accidents-near-charleston/,post,2,en,3568,a-drivers-guide-to-wildlife-accidents-near-charleston,1494,0,publish,"A Driver's Guide to Wildlife Accidents Near Charleston"
https://rodenlaw.com/blog/protecting-your-rights-after-a-myrtle-beach-car-accident/,post,2,en,3563,protecting-your-rights-after-a-myrtle-beach-car-accident,1398,0,publish,"Protecting Your Rights After a Myrtle Beach Car Accident"
https://rodenlaw.com/blog/your-guide-to-justice-after-a-charleston-truck-accident/,post,2,en,3539,your-guide-to-justice-after-a-charleston-truck-accident,1390,0,publish,"Your Guide to Justice After a Charleston Truck Accident"
https://rodenlaw.com/blog/how-poor-truck-maintenance-causes-charleston-accidents/,post,2,en,3531,how-poor-truck-maintenance-causes-charleston-accidents,1428,0,publish,"How Poor Truck Maintenance Causes Charleston Accidents"
https://rodenlaw.com/blog/your-step-by-step-guide-after-a-downtown-columbia-truck-accident/,post,2,en,3528,your-step-by-step-guide-after-a-downtown-columbia-truck-accident,1383,0,publish,"Your Step by Step Guide After a Downtown Columbia Truck Accident"
https://rodenlaw.com/blog/filing-a-claim-after-a-hazmat-truck-crash-in-charleston/,post,2,en,3521,filing-a-claim-after-a-hazmat-truck-crash-in-charleston,1507,0,publish,"Filing a Claim After a Hazmat Truck Crash in Charleston"
https://rodenlaw.com/blog/guide-after-a-car-accident-in-columbia-sc/,post,2,en,3518,guide-after-a-car-accident-in-columbia-sc,1365,0,publish,"Your Step by Step Guide After a Car Accident in Columbia SC"
https://rodenlaw.com/blog/a-pedestrians-guide-to-claiming-lost-wages-in-charleston/,post,2,en,3515,a-pedestrians-guide-to-claiming-lost-wages-in-charleston,1443,0,publish,"A Pedestrian's Guide to Claiming Lost Wages in Charleston"
https://rodenlaw.com/blog/a-pedestrians-guide-to-proving-negligence-in-charleston-parking-lots/,post,2,en,3501,a-pedestrians-guide-to-proving-negligence-in-charleston-parking-lots,1490,0,publish,"A Pedestrian's Guide to Proving Negligence in Charleston Parking Lots"
https://rodenlaw.com/blog/a-cyclists-guide-after-a-ravenel-bridge-accident/,post,2,en,3499,a-cyclists-guide-after-a-ravenel-bridge-accident,1439,0,publish,"A Cyclist's Guide After a Ravenel Bridge Accident"
https://rodenlaw.com/blog/determining-fault-in-a-charleston-golf-cart-accident/,post,2,en,3497,determining-fault-in-a-charleston-golf-cart-accident,1549,0,publish,"Determining Fault in a Charleston Golf Cart Accident"
https://rodenlaw.com/blog/your-guide-to-rideshare-accidents-in-downtown-charleston/,post,2,en,3495,your-guide-to-rideshare-accidents-in-downtown-charleston,1304,0,publish,"Your Guide to Rideshare Accidents in Downtown Charleston"
https://rodenlaw.com/blog/what-to-do-after-a-truck-accident-on-i-526-in-charleston/,post,2,en,3490,what-to-do-after-a-truck-accident-on-i-526-in-charleston,1506,0,publish,"What to Do After a Truck Accident on I 526 in Charleston"
https://rodenlaw.com/blog/what-to-do-after-a-bike-crash-on-charlestons-ravenel-bridge/,post,2,en,3487,what-to-do-after-a-bike-crash-on-charlestons-ravenel-bridge,1398,0,publish,"What to Do After a Bike Crash on Charleston's Ravenel Bridge"
https://rodenlaw.com/blog/proving-pain-and-suffering-after-an-ashley-river-road-accident/,post,2,en,3485,proving-pain-and-suffering-after-an-ashley-river-road-accident,1328,0,publish,"Proving Pain and Suffering After an Ashley River Road Accident"
https://rodenlaw.com/blog/filing-an-emotional-distress-claim-after-a-ravenel-bridge-accident/,post,2,en,3483,filing-an-emotional-distress-claim-after-a-ravenel-bridge-accident,1281,0,publish,"Filing an Emotional Distress Claim After a Ravenel Bridge Accident"
https://rodenlaw.com/blog/calculating-pain-and-suffering-after-a-charleston-pedestrian-accident/,post,2,en,3481,calculating-pain-and-suffering-after-a-charleston-pedestrian-accident,1417,0,publish,"Calculating Pain and Suffering After a Charleston Pedestrian Accident"
https://rodenlaw.com/blog/i-26-i-526-truck-accidents-what-to-do-whos-liable/,post,2,en,3470,i-26-i-526-truck-accidents-what-to-do-whos-liable,1367,0,publish,"I 26 & I 526 Truck Accidents: What to Do & Who’s Liable"
https://rodenlaw.com/blog/18-wheeler-wrecks-on-the-arthur-ravenel-jr-bridge-us-17/,post,2,en,3467,18-wheeler-wrecks-on-the-arthur-ravenel-jr-bridge-us-17,1102,0,publish,"18-Wheeler Wrecks on the Arthur Ravenel Jr. Bridge & US-17: What to Know"
https://rodenlaw.com/blog/charleston-delivery-truck-pedestrian-cyclist-accidents/,post,2,en,3462,charleston-delivery-truck-pedestrian-cyclist-accidents,1002,0,publish,"Delivery Truck Crashes Downtown: Pedestrian & Cyclist Guide | Charleston"
https://rodenlaw.com/blog/car-accidents-on-coleman-boulevard-in-mount-pleasant/,post,2,en,3461,car-accidents-on-coleman-boulevard-in-mount-pleasant,1305,0,publish,"Car Accidents on Coleman Boulevard in Mount Pleasant"
https://rodenlaw.com/blog/a-guide-to-car-wrecks-on-aviation-avenue-near-charleston-airport/,post,2,en,3456,a-guide-to-car-wrecks-on-aviation-avenue-near-charleston-airport,1192,0,publish,"A Guide to Car Wrecks on Aviation Avenue Near Charleston Airport"
https://rodenlaw.com/blog/a-step-by-step-guide-for-folly-road-car-accidents/,post,2,en,3451,a-step-by-step-guide-for-folly-road-car-accidents,1560,0,publish,"A Step by Step Guide for Folly Road Car Accidents"
https://rodenlaw.com/blog/what-to-do-after-a-hit-and-run-in-downtown-charleston/,post,2,en,3448,what-to-do-after-a-hit-and-run-in-downtown-charleston,1293,0,publish,"What to Do After a Hit and Run in Downtown Charleston"
https://rodenlaw.com/blog/what-to-do-after-a-car-crash-on-savannah-highway/,post,2,en,3444,what-to-do-after-a-car-crash-on-savannah-highway,1366,0,publish,"What to Do After a Car Crash on Savannah Highway"
https://rodenlaw.com/blog/king-calhoun-intersection-car-collisions/,post,2,en,3442,king-calhoun-intersection-car-collisions,1265,0,publish,"King & Calhoun Intersection Car Collisions"
https://rodenlaw.com/blog/your-guide-to-documenting-a-james-island-parkway-car-accident/,post,2,en,3437,your-guide-to-documenting-a-james-island-parkway-car-accident,1385,0,publish,"Your Guide to Documenting a James Island Parkway Car Accident"
https://rodenlaw.com/blog/car-accidents-on-i-26-in-north-charleston/,post,2,en,3435,car-accidents-on-i-26-in-north-charleston,1209,0,publish,"Car Accidents on I 26 in North Charleston"
https://rodenlaw.com/blog/charleston-parking-lot-car-accident-liability/,post,2,en,3420,charleston-parking-lot-car-accident-liability,1956,0,publish,"Who May Be Liable for a Parking Lot Car Accident in Charleston?"
https://rodenlaw.com/blog/legal-rights-if-hit-by-driver-in-company-car-charleston/,post,2,en,3413,legal-rights-if-hit-by-driver-in-company-car-charleston,1552,0,publish,"What if the Person Who Hit My Car Was Driving a Company Car in Charleston?"
https://rodenlaw.com/blog/why-are-highway-road-shoulder-accidents-in-charleston-dangerous/,post,2,en,3404,why-are-highway-road-shoulder-accidents-in-charleston-dangerous,1548,0,publish,"Why Are Highway Road Shoulder Accidents in Charleston Dangerous?"
https://rodenlaw.com/blog/nerve-damage-after-charleston-car-crash/,post,2,en,3393,nerve-damage-after-charleston-car-crash,2196,0,publish,"What if I Have Nerve Damage After a Car Crash in Charleston?"
https://rodenlaw.com/blog/wearing-headphones-while-driving-in-charleston/,post,2,en,3386,wearing-headphones-while-driving-in-charleston,1526,0,publish,"Is it Illegal to Wear Headphones or AirPods While Driving in Charleston?"
https://rodenlaw.com/blog/second-opinion-for-charleston-car-crash-injuries/,post,2,en,3376,second-opinion-for-charleston-car-crash-injuries,1066,0,publish,"Should I Get a Second Opinion About My Charleston Car Crash Injuries?"
https://rodenlaw.com/blog/uturn-crash-liability-in-charleston/,post,2,en,3239,uturn-crash-liability-in-charleston,1972,0,publish,"Who May Be Liable for a U-Turn Car Accident in Charleston?"
https://rodenlaw.com/blog/returning-to-work-too-soon-charleston-crash/,post,2,en,3231,returning-to-work-too-soon-charleston-crash,1632,0,publish,"Can Going Back to Work Too Soon After a Crash Hurt My Charleston Injury Claim?"
https://rodenlaw.com/blog/liability-for-charleston-underride-truck-crashes/,post,2,en,3226,liability-for-charleston-underride-truck-crashes,1394,0,publish,"Who May Be Liable for a Dangerous Underride Truck Crash in Charleston"
https://rodenlaw.com/blog/compensation-for-chronic-pain-after-a-car-crash-in-charleston/,post,2,en,3210,compensation-for-chronic-pain-after-a-car-crash-in-charleston,1492,0,publish,"Can I Seek Compensation for Chronic Pain After a Car Accident in Charleston?"
https://rodenlaw.com/blog/liability-for-roundabout-crashes-in-charleston/,post,2,en,3183,liability-for-roundabout-crashes-in-charleston,1151,0,publish,"Roundabout Crashes in Charleston: Who May Be at Fault for Your Damages"
https://rodenlaw.com/blog/why-car-crashes-happen-close-to-home-charleston/,post,2,en,3105,why-car-crashes-happen-close-to-home-charleston,1355,0,publish,"Do Most Car Accidents Happen Close to Home in Charleston, SC?"
https://rodenlaw.com/blog/hearing-loss-after-charleston-car-accident/,post,2,en,3096,hearing-loss-after-charleston-car-accident,1485,0,publish,"Can I Sue if I Have Hearing Loss After a Car Accident in Charleston?"
https://rodenlaw.com/blog/when-to-call-charleston-personal-injury-lawyer/,post,2,en,3088,when-to-call-charleston-personal-injury-lawyer,1379,0,publish,"Can It Be Too Late to Call a Personal Injury Lawyer After an Accident in Charleston?"
https://rodenlaw.com/blog/tactics-insurers-use-to-deny-crash-claims-charleston/,post,2,en,3082,tactics-insurers-use-to-deny-crash-claims-charleston,1696,0,publish,"Why Insurance Companies May Dispute or Deny Your Charleston Car Accident Claim"
https://rodenlaw.com/blog/liability-for-brake-checking-crashes-charleston/,post,2,en,3067,liability-for-brake-checking-crashes-charleston,1053,0,publish,"Who Is At Fault in a Charleston Accident Caused by Brake Checking?"
https://rodenlaw.com/blog/compensation-for-car-crash-facial-injuries-charleston/,post,2,en,3054,compensation-for-car-crash-facial-injuries-charleston,1370,0,publish,"Can I Seek Compensation for Facial Injuries After a Charleston Car Crash?"
https://rodenlaw.com/blog/charleston-reckless-driving-crash/,post,2,en,3035,charleston-reckless-driving-crash,899,0,publish,"How Do Reckless Drivers Cause Accidents on Charleston Roads?"
https://rodenlaw.com/blog/charleston-car-crash-brain-injuries/,post,2,en,3022,charleston-car-crash-brain-injuries,1383,0,publish,"What Types of Traumatic Brain Injuries Can Happen in a Charleston Car Crash?"
https://rodenlaw.com/blog/how-to-talk-to-your-doctor-about-your-charleston-car-accident-injuries/,post,2,en,2992,how-to-talk-to-your-doctor-about-your-charleston-car-accident-injuries,1085,0,publish,"How to Talk to Your Doctor About Your Charleston Car Accident Injuries"
https://rodenlaw.com/blog/shoulder-injuries-after-charleston-car-crash/,post,2,en,2963,shoulder-injuries-after-charleston-car-crash,1324,0,publish,"Shoulder Injuries After a Charleston Car Crash: What You Need to Know"
https://rodenlaw.com/blog/risk-of-refusing-medical-care-after-car-crash-charleston/,post,2,en,2953,risk-of-refusing-medical-care-after-car-crash-charleston,1039,0,publish,"Can Refusing Medical Treatment Hurt My Charleston Car Crash Claim?"
https://rodenlaw.com/blog/feeling-fatigued-after-charleston-car-accident/,post,2,en,2944,feeling-fatigued-after-charleston-car-accident,1147,0,publish,"Is It Normal to Feel Fatigued After a Charleston Car Accident?"
https://rodenlaw.com/blog/impaired-driving-caused-by-prescription-medications/,post,2,en,2875,impaired-driving-caused-by-prescription-medications,1043,0,publish,"Does Prescription Medication Increase Your Crash Risk?"
https://rodenlaw.com/blog/how-delayed-injuries-could-impact-your-charleston-car-crash-claim/,post,2,en,2872,how-delayed-injuries-could-impact-your-charleston-car-crash-claim,911,0,publish,"How Delayed Injuries Could Impact Your Charleston Car Crash Claim"
https://rodenlaw.com/blog/charleston-rideshare-brake-failure-accident/,post,2,en,2865,charleston-rideshare-brake-failure-accident,992,0,publish,"What If My Rideshare Driver Crashed Due to a Brake Failure?"
https://rodenlaw.com/blog/mistakes-charleston-slip-and-fall-victims-make/,post,2,en,2855,mistakes-charleston-slip-and-fall-victims-make,912,0,publish,"Costly Mistakes Victims Make After a Charleston Slip-and-Fall Injury"
https://rodenlaw.com/blog/value-of-car-crash-claim-if-permanent-injuries/,post,2,en,2844,value-of-car-crash-claim-if-permanent-injuries,1086,0,publish,"How Much Is My Charleston Car Crash Claim Worth if I Have Permanent Injuries?"
https://rodenlaw.com/blog/dangerous-rural-crashes-in-charleston/,post,2,en,2833,dangerous-rural-crashes-in-charleston,1167,0,publish,"Rural Crashes in Charleston: Why Country Roads Are So Dangerous"
https://rodenlaw.com/blog/charleston-lyft-driver-ran-red-light-and-hit-my-car/,post,2,en,2795,charleston-lyft-driver-ran-red-light-and-hit-my-car,1003,0,publish,"Charleston Lyft Driver Ran a Red Light and Hit My Car: Can I Sue?"
https://rodenlaw.com/blog/filing-soft-tissue-injury-claims-in-charleston/,post,2,en,2792,filing-soft-tissue-injury-claims-in-charleston,1074,0,publish,"Soft-Tissue Injuries in Charleston: Your Guide to Filing an Injury Claim"
https://rodenlaw.com/blog/what-are-my-legal-options-after-a-rideshare-crash-in-charleston/,post,2,en,2768,what-are-my-legal-options-after-a-rideshare-crash-in-charleston,1037,0,publish,"What Are My Legal Options After a Rideshare Crash in Charleston?"
https://rodenlaw.com/blog/liability-and-causes-for-backing-up-crashes-in-charleston/,post,2,en,2777,liability-and-causes-for-backing-up-crashes-in-charleston,1092,0,publish,"Backing-Up Crashes – How They Happen and Who May Be Liable"
https://rodenlaw.com/blog/how-loud-music-increases-crash-risk-charleston/,post,2,en,2761,how-loud-music-increases-crash-risk-charleston,992,0,publish,"Loud Music and Crashes: What Charleston Drivers Need to Know"
https://rodenlaw.com/blog/understanding-eye-injuries-after-a-savannah-car-accident/,post,2,en,2743,understanding-eye-injuries-after-a-savannah-car-accident,1375,0,publish,"Understanding Eye Injuries After a Savannah Car Accident"
https://rodenlaw.com/blog/liability-in-head-on-collisions-savannah-ga/,post,2,en,2738,liability-in-head-on-collisions-savannah-ga,1466,0,publish,"Head-on Collisions in Savannah, GA: Who May Be Liable?"
https://rodenlaw.com/blog/how-to-spot-distracted-drivers-ten-signs-savannah-ga/,post,2,en,2729,how-to-spot-distracted-drivers-ten-signs-savannah-ga,1373,0,publish,"Can You Spot Distracted Drivers in Savannah? 10 Signs to Know"
https://rodenlaw.com/blog/accepting-a-cash-offer-after-savannah-car-crash/,post,2,en,2709,accepting-a-cash-offer-after-savannah-car-crash,1219,0,publish,"What if an At-Fault Driver Offers Cash After a Savannah Car Crash?"
https://rodenlaw.com/blog/dangers-of-emotional-driving-in-savannah-ga/,post,2,en,2701,dangers-of-emotional-driving-in-savannah-ga,1003,0,publish,"Emotional Driving in Savannah: What It Is and Why It Is Dangerous"
https://rodenlaw.com/blog/legal-rights-after-memory-loss-savannah-crash/,post,2,en,2695,legal-rights-after-memory-loss-savannah-crash,1256,0,publish,"Memory Loss After a Savannah Car Crash? What Victims Need to Know"
https://rodenlaw.com/blog/hip-pain-after-car-accident-in-savannah/,post,2,en,2690,hip-pain-after-car-accident-in-savannah,1381,0,publish,"Hip Pain After a Savannah Car Accident: What Crash Victims Should Know"
https://rodenlaw.com/blog/can-passengers-be-at-fault-for-a-crash/,post,2,en,2678,can-passengers-be-at-fault-for-a-crash,867,0,publish,"Can Passengers Be Held Liable for Causing a Crash in Savannah?"
https://rodenlaw.com/blog/proving-back-pain-after-savannah-car-crash/,post,2,en,2674,proving-back-pain-after-savannah-car-crash,918,0,publish,"What You Should Know About Linking Back Pain to a Savannah Car Crash"
https://rodenlaw.com/blog/liability-for-crashes-caused-by-not-using-turn-signal/,post,2,en,2658,liability-for-crashes-caused-by-not-using-turn-signal,1160,0,publish,"Who Is Liable for a Crash Caused by Not Using a Turn Signal? "
https://rodenlaw.com/blog/blunt-force-trauma-from-a-crash-what-you-need-to-know/,post,2,en,2556,blunt-force-trauma-from-a-crash-what-you-need-to-know,884,0,publish,"Blunt Force Trauma From a Crash – What You Need To Know"
https://rodenlaw.com/blog/can-a-witness-be-forced-to-testify-for-a-savannah-car-crash-case/,post,2,en,2546,can-a-witness-be-forced-to-testify-for-a-savannah-car-crash-case,919,0,publish,"Can a Witness Be Forced To Testify for a Savannah Car Crash Case?"
https://rodenlaw.com/blog/what-to-know-about-chest-pain-after-a-savannah-car-crash/,post,2,en,2510,what-to-know-about-chest-pain-after-a-savannah-car-crash,919,0,publish,"What if I Have Chest Pain After a Savannah Car Crash?"
https://rodenlaw.com/blog/what-to-do-if-your-georgia-police-report-is-wrong-or-has-mistakes/,post,2,en,2500,what-to-do-if-your-georgia-police-report-is-wrong-or-has-mistakes,1064,0,publish,"What Can I Do if My Georgia Car Crash Police Report Is Wrong?"
https://rodenlaw.com/blog/who-pays-for-damages-from-t-bone-crashes-in-savannah/,post,2,en,2475,who-pays-for-damages-from-t-bone-crashes-in-savannah,1114,0,publish,"Who Can Be Liable for Damages From a Savannah T-Bone Crash?"
https://rodenlaw.com/blog/liability-for-crash-due-to-tire-blowout-in-savannah/,post,2,en,2479,liability-for-crash-due-to-tire-blowout-in-savannah,928,0,publish,"Can a Driver Be Liable for a Crash Caused by a Tire Blowout?"
https://rodenlaw.com/blog/knee-injuries-after-georgia-car-crash/,post,2,en,2425,knee-injuries-after-georgia-car-crash,1302,0,publish,"Knee Injuries From a Georgia Car Crash and What To Do Next"
https://rodenlaw.com/blog/why-driving-while-hungover-is-a-dangerous-savannah-crash-risk/,post,2,en,2420,why-driving-while-hungover-is-a-dangerous-savannah-crash-risk,896,0,publish,"Why Driving While Hungover Is a Dangerous Savannah Crash Risk"
https://rodenlaw.com/blog/why-get-black-box-data-after-truck-crash-savannah/,post,2,en,2417,why-get-black-box-data-after-truck-crash-savannah,847,0,publish,"Why You Should Request the Black Box Data After a Truck Crash"
https://rodenlaw.com/blog/determining-liability-for-crash-at-four-way-stop-sign/,post,2,en,2401,determining-liability-for-crash-at-four-way-stop-sign,1266,0,publish,"How Is Liability Determined for a Crash at a Four-Way Stop in Savannah?"
https://rodenlaw.com/blog/why-mitigate-damages-after-a-car-crash/,post,2,en,2398,why-mitigate-damages-after-a-car-crash,1429,0,publish,"Understanding Your Duty To Mitigate Damages After a Car Crash"
https://rodenlaw.com/blog/leg-pain-and-leg-injuries-from-crash/,post,2,en,2388,leg-pain-and-leg-injuries-from-crash,1266,0,publish,"Why Am I Experiencing Leg Pain After a Car Crash in Savannah, GA?"
https://rodenlaw.com/blog/after-boat-accident-guide/,post,2,en,1648,after-boat-accident-guide,623,0,publish,"What to Do After a Boat Accident: A Comprehensive Guide"
https://rodenlaw.com/blog/when-does-a-sprained-ankle-become-a-work-injury/,post,2,en,1652,when-does-a-sprained-ankle-become-a-work-injury,784,0,publish,"Seeking Workers’ Compensation for a Sprained Ankle at Work"
https://rodenlaw.com/blog/liability-for-epilepsy-related-car-accidents/,post,2,en,1654,liability-for-epilepsy-related-car-accidents,651,0,publish,"Epilepsy & Driving: Liability for Seizure-Related Crashes"
https://rodenlaw.com/blog/steps-of-a-burn-injury-case/,post,2,en,1655,steps-of-a-burn-injury-case,722,0,publish,"Documenting Your Burn Injuries: Steps to Take After an Accident"
https://rodenlaw.com/blog/impact-of-surgery-recommendation/,post,2,en,1656,impact-of-surgery-recommendation,832,0,publish,"How Surgery Impacts Your Personal Injury Claim: What You Need to Know"
https://rodenlaw.com/blog/releasing-medical-records/,post,2,en,1659,releasing-medical-records,946,0,publish,"Disclosing Medical Records in Charleston Injury Claims: What You Need to Know"
https://rodenlaw.com/blog/supporting-a-whiplash-claim/,post,2,en,1660,supporting-a-whiplash-claim,875,0,publish,"5 Steps to Build a Whiplash Claim After a Car Accident in Charleston"
https://rodenlaw.com/blog/understanding-vicarious-liability/,post,2,en,1710,understanding-vicarious-liability,624,0,publish,"Understanding Vicarious Liability for a Personal Injury"
https://rodenlaw.com/blog/when-to-consider-settling-a-claim/,post,2,en,1721,when-to-consider-settling-a-claim,650,0,publish,"What You Should Consider Before Settling a Personal Injury Claim"
https://rodenlaw.com/blog/mediation-for-a-personal-injury-claim/,post,2,en,1725,mediation-for-a-personal-injury-claim,612,0,publish,"Resolving a Personal Injury Claim Through Mediation"
https://rodenlaw.com/blog/paying-medical-bills-during-a-claim/,post,2,en,1726,paying-medical-bills-during-a-claim,651,0,publish,"How Do I Pay My Medical Bills While My Personal Injury Claim is Open?"
https://rodenlaw.com/blog/questions-about-filing-a-lawsuit/,post,2,en,1727,questions-about-filing-a-lawsuit,713,0,publish,"Factors to Consider Before Filing a Personal Injury Lawsuit"
https://rodenlaw.com/blog/why-injury-claims-may-be-delayed/,post,2,en,1728,why-injury-claims-may-be-delayed,692,0,publish,"Common Reasons Why Personal Injury Claims May Be Delayed"
https://rodenlaw.com/blog/discovery-process-in-personal-injury-cases/,post,2,en,1729,discovery-process-in-personal-injury-cases,628,0,publish,"What Should I Expect During the Discovery Process in my Personal Injury Case?"
https://rodenlaw.com/blog/liability-waivers-and-injury-lawsuits/,post,2,en,1730,liability-waivers-and-injury-lawsuits,737,0,publish,"How a Liability Waiver May Affect Your Ability to File a Lawsuit After an Injury"
https://rodenlaw.com/blog/police-report-as-proof-of-liability/,post,2,en,1731,police-report-as-proof-of-liability,694,0,publish,"Can a Police Report Help Prove Liability After an Accident?"
https://rodenlaw.com/blog/expert-witness-testimony/,post,2,en,1732,expert-witness-testimony,722,0,publish,"What is the Role of an Expert Witness in an Injury Claim?"
https://rodenlaw.com/blog/liability-for-crashes-caused-by-teen-drivers/,post,2,en,1733,liability-for-crashes-caused-by-teen-drivers,633,0,publish,"Filing a Claim for an Accident Caused by a Teen Driver"
https://rodenlaw.com/blog/lane-change-accident-liability/,post,2,en,1734,lane-change-accident-liability,696,0,publish,"Who May Be Liable for a Lane-Change Accident?"
https://rodenlaw.com/blog/choosing-your-personal-injury-lawyer/,post,2,en,1735,choosing-your-personal-injury-lawyer,673,0,publish,"How Your Choice of Lawyer May Impact Your Personal Injury Claim"
https://rodenlaw.com/blog/when-do-injury-claims-go-to-court/,post,2,en,1736,when-do-injury-claims-go-to-court,632,0,publish,"When Do Personal Injury Claims End Up in Court?"
https://rodenlaw.com/blog/pedestrian-liability-for-car-accidents/,post,2,en,1737,pedestrian-liability-for-car-accidents,668,0,publish,"Liability for Car Accidents Caused by Pedestrians"
https://rodenlaw.com/blog/liability-for-accidents-with-borrowed-vehicles/,post,2,en,1738,liability-for-accidents-with-borrowed-vehicles,788,0,publish,"Who May Be Liable for an Accident Involving a Borrowed Vehicle?"
https://rodenlaw.com/blog/follow-doctors-orders-after-accident/,post,2,en,1739,follow-doctors-orders-after-accident,807,0,publish,"The Importance of Following the Doctor’s Orders After an Accident"
https://rodenlaw.com/blog/how-covid-19-affects-a-workers-comp-claim/,post,2,en,1741,how-covid-19-affects-a-workers-comp-claim,653,0,publish,"How Could COVID-19 Affect Your Workers' Compensation Claim?"
https://rodenlaw.com/blog/personal-injury-lawsuit-vs-insurance-claim/,post,2,en,1742,personal-injury-lawsuit-vs-insurance-claim,661,0,publish,"Differences Between Insurance Claims and Personal Injury Lawsuits"
https://rodenlaw.com/blog/how-to-handle-calls-from-insurance-companies/,post,2,en,1743,how-to-handle-calls-from-insurance-companies,722,0,publish,"How to Handle Calls From Insurance Companies After an Accident"
https://rodenlaw.com/blog/insurance-company-ignoring-demand-letter/,post,2,en,1744,insurance-company-ignoring-demand-letter,758,0,publish,"Reasons Why Insurance Companies May Ignore Your Demand Letter"
https://rodenlaw.com/blog/damage-coverage-for-stolen-car/,post,2,en,1748,damage-coverage-for-stolen-car,705,0,publish,"How Are Damages Covered if My Car Was Stolen and Damaged in an Accident?"
https://rodenlaw.com/blog/liability-for-school-bus-crash/,post,2,en,1750,liability-for-school-bus-crash,786,0,publish,"Who Can Be Liable When a Child is Hurt on a School Bus?"
https://rodenlaw.com/blog/valuing-compensation-for-a-personal-injury/,post,2,en,1751,valuing-compensation-for-a-personal-injury,655,0,publish,"Why Some Injury Victims Recover More than Others"
https://rodenlaw.com/blog/liability-in-a-driverless-car-crash/,post,2,en,1754,liability-in-a-driverless-car-crash,683,0,publish,"Determining Fault for an Accident Involving a Driverless Car"
https://rodenlaw.com/blog/deposition-in-a-personal-injury-claim/,post,2,en,1755,deposition-in-a-personal-injury-claim,801,0,publish,"What is a Deposition in a Personal Injury Claim?"
https://rodenlaw.com/blog/compensation-while-not-wearing-seat-belt/,post,2,en,1759,compensation-while-not-wearing-seat-belt,762,0,publish,"Can I Be Compensated if I Was Not Wearing a Seat Belt?"
https://rodenlaw.com/blog/accident-my-fault-can-i-receive-workers-comp/,post,2,en,1760,accident-my-fault-can-i-receive-workers-comp,673,0,publish,"Can I Receive Workers’ Comp if I Am At-Fault?"
https://rodenlaw.com/blog/turkey-fryer-injury-claims/,post,2,en,1762,turkey-fryer-injury-claims,727,0,publish,"Claims for Turkey Fryer Injuries During the Holidays"
https://rodenlaw.com/blog/major-injuries-from-minor-car-accidents/,post,2,en,1763,major-injuries-from-minor-car-accidents,633,0,publish,"Types of Major Injuries From ‘Minor’ Car Accidents"
https://rodenlaw.com/blog/changing-workers-comp-doctors-in-georgia/,post,2,en,1764,changing-workers-comp-doctors-in-georgia,863,0,publish,"Can You Change Doctors After Filing a Workers’ Comp Claim?"
https://rodenlaw.com/blog/refusing-opioid-prescription-in-workers-comp-claim/,post,2,en,1765,refusing-opioid-prescription-in-workers-comp-claim,745,0,publish,"Can Your Workers’ Comp Claim Be Denied for Refusing an Opioid Prescription?"
https://rodenlaw.com/blog/georgia-law-on-steps-after-car-accident/,post,2,en,1766,georgia-law-on-steps-after-car-accident,859,0,publish,"What Georgia Law Requires Drivers to do After an Accident"
https://rodenlaw.com/blog/georgia-law-on-tailgating-accident-liability/,post,2,en,1768,georgia-law-on-tailgating-accident-liability,717,0,publish,"How Negligence Per Se May Apply to a Tailgating Claim"
https://rodenlaw.com/blog/punitive-damages-in-drunk-driving-accident/,post,2,en,1770,punitive-damages-in-drunk-driving-accident,716,0,publish,"When Victims of Drunk Driving May Pursue Punitive Damages"
https://rodenlaw.com/blog/what-happens-to-workers-comp-if-employer-bankrupts/,post,2,en,1771,what-happens-to-workers-comp-if-employer-bankrupts,615,0,publish,"Does Employer Bankruptcy Halt Workers’ Comp Benefits?"
https://rodenlaw.com/blog/workers-comp-for-skin-cancer/,post,2,en,1774,workers-comp-for-skin-cancer,747,0,publish,"Does Workers’ Compensation Cover Skin Cancer?"
https://rodenlaw.com/blog/work-zone-car-accident-liability/,post,2,en,1775,work-zone-car-accident-liability,726,0,publish,"Why Liability for a Road Work Zone Crash Is Complicated"
https://rodenlaw.com/blog/how-using-social-media-can-hurt-an-accident-claim/,post,2,en,1776,how-using-social-media-can-hurt-an-accident-claim,628,0,publish,"How Using Social Media Can Hurt an Accident Claim"
https://rodenlaw.com/blog/personal-injury-calculating-loss-of-earning-capacity/,post,2,en,1777,personal-injury-calculating-loss-of-earning-capacity,777,0,publish,"Valuing Your Loss of Earning Capacity"
https://rodenlaw.com/blog/reasons-for-workers-comp-claim-denial/,post,2,en,1778,reasons-for-workers-comp-claim-denial,776,0,publish,"Reasons a Workers' Comp Claim is Likely to be Denied"
https://rodenlaw.com/blog/using-dashcams-as-evidence-of-fault-in-a-car-accident/,post,2,en,1779,using-dashcams-as-evidence-of-fault-in-a-car-accident,669,0,publish,"How Dashcam Footage Can Help Prove Fault for a Car Accident"
https://rodenlaw.com/blog/rear-end-collision-liability/,post,2,en,1780,rear-end-collision-liability,724,0,publish,"Liability in a Rear-End Car Accident"
https://rodenlaw.com/blog/trucking-regulations-and-accident-cases/,post,2,en,1781,trucking-regulations-and-accident-cases,795,0,publish,"What Trucking Safety Regulations Affect My Case?"
https://rodenlaw.com/blog/third-party-fault-for-work-injuries/,post,2,en,1782,third-party-fault-for-work-injuries,640,0,publish,"What to Do When a Third-Party Caused My Work Accident"
https://rodenlaw.com/blog/aggressive-driving-in-georgia/,post,2,en,1783,aggressive-driving-in-georgia,666,0,publish,"Study: Georgia Has Third-Most Aggressive Drivers in Nation"
https://rodenlaw.com/blog/workers-compensation-faqs/,post,2,en,1784,workers-compensation-faqs,646,0,publish,"Frequently Asked Questions About Georgia Workers’ Compensation"
https://rodenlaw.com/blog/workers-compensation-benefit-types/,post,2,en,1785,workers-compensation-benefit-types,628,0,publish,"What Workers’ Compensation Benefits Am I Entitled To?"
https://rodenlaw.com/blog/negligence-and-18-wheeler-accidents/,post,2,en,1786,negligence-and-18-wheeler-accidents,745,0,publish,"How Are 18-Wheeler Accidents Caused by Negligence?"
https://rodenlaw.com/blog/dealing-with-uber-lyft-accident/,post,2,en,1787,dealing-with-uber-lyft-accident,813,0,publish,"What to Do If Injured in an Uber or Lyft Car Accident"
https://rodenlaw.com/blog/medical-treatment-after-accident/,post,2,en,1788,medical-treatment-after-accident,731,0,publish,"Why You Should Seek Medical Care Right After an Accident"
https://rodenlaw.com/blog/avoiding-motorcycle-crash-injuries/,post,2,en,1789,avoiding-motorcycle-crash-injuries,758,0,publish,"What Can I Do to Help Prevent Injury in a Motorcycle Crash?"
https://rodenlaw.com/blog/car-accidents-and-daylight-savings-time/,post,2,en,1791,car-accidents-and-daylight-savings-time,635,0,publish,"Does Daylight Saving Time Increase Car Accidents?"
https://rodenlaw.com/blog/nursing-home-abuse-warning-signs/,post,2,en,1792,nursing-home-abuse-warning-signs,727,0,publish,"Signs and Risks of Nursing Home Abuse in Georgia"
https://rodenlaw.com/blog/documents-for-personal-injury-claim/,post,2,en,1794,documents-for-personal-injury-claim,679,0,publish,"What Documents Do I Need to Prove My Personal Injury Claim?"
https://rodenlaw.com/blog/teenagers-and-driving-distracted/,post,2,en,1795,teenagers-and-driving-distracted,724,0,publish,"What You Need to Know About Teenagers and Distracted Driving"
https://rodenlaw.com/blog/steps-after-dog-bite/,post,2,en,1797,steps-after-dog-bite,623,0,publish,"Do You Know What to Do After a Dog Attack?"
https://rodenlaw.com/blog/advantages-of-a-medical-malpractice-attorney/,post,2,en,1798,advantages-of-a-medical-malpractice-attorney,790,0,publish,"Why Should I Hire a Medical Malpractice Lawyer?"
https://rodenlaw.com/blog/safe-driving-in-construction-zones/,post,2,en,1799,safe-driving-in-construction-zones,693,0,publish,"Tips for Driving Safely Near Roadway Construction"
https://rodenlaw.com/blog/road-hazard-car-accident-liability/,post,2,en,1800,road-hazard-car-accident-liability,891,0,publish,"Liability for a Car Crash Caused by Roadway Hazards"
https://rodenlaw.com/blog/workers-compensation-car-accident/,post,2,en,1801,workers-compensation-car-accident,964,0,publish,"Filing a Workers’ Compensation Claim for a Car Accident"
https://rodenlaw.com/blog/nursing-home-liability/,post,2,en,1802,nursing-home-liability,770,0,publish,"Can a Nursing Home Itself be Liable for Abuse?"
https://rodenlaw.com/blog/seven-safe-driving-tips/,post,2,en,1803,seven-safe-driving-tips,986,0,publish,"7 Tips for Driving Safe During the Holiday Season"
https://rodenlaw.com/blog/passenger-car-accident-claim/,post,2,en,1804,passenger-car-accident-claim,750,0,publish,"Filing a Car Accident Claim as a Passenger"
https://rodenlaw.com/blog/slip-and-fall-negligence-elements/,post,2,en,1805,slip-and-fall-negligence-elements,891,0,publish,"Proving Negligence in a Slip and Fall Accident"
https://rodenlaw.com/blog/filing-medication-error-lawsuit/,post,2,en,1806,filing-medication-error-lawsuit,725,0,publish,"What You Need to Know About Medication Error Lawsuits"
https://rodenlaw.com/blog/car-accident-claim-evidence/,post,2,en,1807,car-accident-claim-evidence,695,0,publish,"What Evidence is Useful in a Car Accident Claim?"
https://rodenlaw.com/blog/appealing-a-denied-workers-compensation-claim/,post,2,en,1808,appealing-a-denied-workers-compensation-claim,810,0,publish,"Appealing a Denied Workers' Compensation Claim"
https://rodenlaw.com/blog/workers-compensation-claim-process-georgia/,post,2,en,1809,workers-compensation-claim-process-georgia,750,0,publish,"What Should I Do After Being Injured in a Workplace Accident?"
https://rodenlaw.com/blog/personal-injury-lawsuit-steps/,post,2,en,1812,personal-injury-lawsuit-steps,934,0,publish,"Steps in a Personal Injury Lawsuit"
https://rodenlaw.com/blog/georgia-wrongful-death-lawsuit/,post,2,en,1814,georgia-wrongful-death-lawsuit,724,0,publish,"How a Wrongful Death Lawsuit Works"
https://rodenlaw.com/blog/brain-injury-claim/,post,2,en,1815,brain-injury-claim,707,0,publish,"Filing a Personal Injury Claim for a Brain Injury"
https://rodenlaw.com/blog/duty-of-care-personal-injury-claim/,post,2,en,1817,duty-of-care-personal-injury-claim,790,0,publish,"What Is Duty of Care in a Personal Injury Claim?"
https://rodenlaw.com/blog/social-media-personal-injury-claim/,post,2,en,1818,social-media-personal-injury-claim,780,0,publish,"Social Media’s Effect on Your Personal Injury Claim"
https://rodenlaw.com/blog/third-party-liability-for-work-injury/,post,2,en,1819,third-party-liability-for-work-injury,731,0,publish,"Is a Third Party Liable for My Workplace Injury?"
https://rodenlaw.com/blog/roadway-hazard-auto-accident/,post,2,en,1820,roadway-hazard-auto-accident,795,0,publish,"Who Can Be Liable an Auto Accident Caused by Poor Road Conditions?"
https://rodenlaw.com/blog/proving-negligence-personal-injury/,post,2,en,1821,proving-negligence-personal-injury,790,0,publish,"How Do I Prove the Other Party Is Liable for My Injury?"
https://rodenlaw.com/blog/four-common-construction-accidents/,post,2,en,1822,four-common-construction-accidents,696,0,publish,"4 Dangerous Types of Construction Accidents"
https://rodenlaw.com/blog/summer-road-trip-safety/,post,2,en,1825,summer-road-trip-safety,728,0,publish,"Tips on Safe Driving and Readying a Car for Road Trips"
https://rodenlaw.com/blog/choking-at-nursing-homes/,post,2,en,1826,choking-at-nursing-homes,619,0,publish,"Lowering the Risk of Choking Accidents in Nursing Homes"
https://rodenlaw.com/blog/how-spinal-cord-injuries-affect-you/,post,2,en,1827,how-spinal-cord-injuries-affect-you,706,0,publish,"How Does a Spinal Cord Injury Affect Your Life?"
https://rodenlaw.com/blog/avoiding-bicycle-accidents/,post,2,en,1828,avoiding-bicycle-accidents,648,0,publish,"How to Avoid Bicycle Accidents"
https://rodenlaw.com/blog/hospital-liability-for-medical-malpractice/,post,2,en,1829,hospital-liability-for-medical-malpractice,638,0,publish,"When Can I File a Lawsuit Against a Hospital for Medical Malpractice?"
https://rodenlaw.com/blog/truck-accident-injuries/,post,2,en,1830,truck-accident-injuries,808,0,publish,"Common Truck Accident Injuries"
https://rodenlaw.com/blog/steps-after-truck-accident/,post,2,en,1832,steps-after-truck-accident,936,0,publish,"Steps to Take After a Truck Accident"
https://rodenlaw.com/blog/dog-bite-prevention-tips/,post,2,en,1833,dog-bite-prevention-tips,690,0,publish,"Prevent Dog Bites by Following These Safety Tips"
https://rodenlaw.com/blog/lawsuit-for-work-injury/,post,2,en,1834,lawsuit-for-work-injury,828,0,publish,"Can I File a Lawsuit for a Workplace Injury?"
https://rodenlaw.com/blog/fault-for-car-accident/,post,2,en,1836,fault-for-car-accident,639,0,publish,"Determining Fault After a Georgia Car Accident"
https://rodenlaw.com/blog/steps-after-hit-and-run-accident/,post,2,en,1839,steps-after-hit-and-run-accident,853,0,publish,"7 Steps to Take After a Hit-and-Run Accident"
https://rodenlaw.com/blog/burn-injury-workers-compensation/,post,2,en,1841,burn-injury-workers-compensation,807,0,publish,"What to Know About Workers' Compensation for Burn Injuries"
https://rodenlaw.com/blog/do-you-need-a-workers-compensation-lawyer/,post,2,en,1842,do-you-need-a-workers-compensation-lawyer,793,0,publish,"Should I Hire a Workers' Compensation Lawyer?"
https://rodenlaw.com/blog/valid-premises-liability-claim-georgia/,post,2,en,1844,valid-premises-liability-claim-georgia,647,0,publish,"What To Know About A Georgia Premises Liability Claim"
https://rodenlaw.com/blog/atm-attack-liability/,post,2,en,1845,atm-attack-liability,633,0,publish,"ATM Attacks & Bank Liability in Georgia"
https://rodenlaw.com/blog/workers-compensation-2017/,post,2,en,1846,workers-compensation-2017,655,0,publish,"A Glance at Workers’ Compensation for 2017"
https://rodenlaw.com/blog/high-risk-occupations-2017/,post,2,en,1847,high-risk-occupations-2017,695,0,publish,"High-Risk Occupations in 2017"
https://rodenlaw.com/blog/longshoreman-injury-claims/,post,2,en,1848,longshoreman-injury-claims,653,0,publish,"Savannah Longshoreman Injury Attorney"
https://rodenlaw.com/blog/gym-injury-liability/,post,2,en,1849,gym-injury-liability,627,0,publish,"Gym Liability Explained"
https://rodenlaw.com/blog/2017-safest-college-campuses-in-georgia/,post,2,en,1850,2017-safest-college-campuses-in-georgia,667,0,publish,"2017 Safest College Campuses in Georgia"
https://rodenlaw.com/blog/much-worth-ga-worker-compared-states/,post,2,en,1851,much-worth-ga-worker-compared-states,672,0,publish,"How Much Am I Worth as a GA Worker, Compared to Other States?"
https://rodenlaw.com/blog/settle-workers-comp-case/,post,2,en,1852,settle-workers-comp-case,667,0,publish,"When To Settle in A Workers Compensation Case"
https://rodenlaw.com/blog/beginning-motorcycle-biker-risks/,post,2,en,1853,beginning-motorcycle-biker-risks,702,0,publish,"Beginning Bikers: Risks for New Motorcycle Owners"
https://rodenlaw.com/blog/get-auto-accident-claim-georgia/,post,2,en,1854,get-auto-accident-claim-georgia,685,0,publish,"How to Get the Most Out of an Auto Accident Claim in Georgia"
https://rodenlaw.com/blog/georgia-worker-injury-statistics-prevention/,post,2,en,1855,georgia-worker-injury-statistics-prevention,696,0,publish,"Georgia Worker Injury Statistics and Prevention"
https://rodenlaw.com/blog/safest-hospitals-georgia/,post,2,en,1857,safest-hospitals-georgia,622,0,publish,"Safest Hospitals in Georgia"
https://rodenlaw.com/blog/help-teen-safer-driver/,post,2,en,1858,help-teen-safer-driver,685,0,publish,"How to Help Your Teen Be a Safer Driver"
https://rodenlaw.com/blog/safe-bike-riding-georgias-roadways/,post,2,en,1859,safe-bike-riding-georgias-roadways,682,0,publish,"Safe Bike Riding on Georgia’s Roadways"
https://rodenlaw.com/blog/dui-accidents/,post,2,en,1860,dui-accidents,747,0,publish,"Savannah, GA DUI Accident Attorney"
https://rodenlaw.com/blog/summer-driving-safety-tips/,post,2,en,1861,summer-driving-safety-tips,793,0,publish,"Summer Driving Safety Tips"
https://rodenlaw.com/blog/common-driver-distractions/,post,2,en,1862,common-driver-distractions,652,0,publish,"What Are the Most Common Driver Distractions?"
https://rodenlaw.com/blog/avoid-dangerous-medication-errors/,post,2,en,1863,avoid-dangerous-medication-errors,679,0,publish,"How to Avoid Dangerous Medication Errors"
https://rodenlaw.com/blog/dangerous-tools-garage/,post,2,en,1864,dangerous-tools-garage,630,0,publish,"How Dangerous Are the Tools in Your Garage?"
https://rodenlaw.com/blog/child-passenger-automobile-safety-georgia/,post,2,en,1865,child-passenger-automobile-safety-georgia,663,0,publish,"Overview of Child Passenger Automobile Safety in Georgia"
https://rodenlaw.com/blog/drowsy-driving-epidemic-georgia/,post,2,en,1866,drowsy-driving-epidemic-georgia,674,0,publish,"The Drowsy Driving Epidemic in Georgia"
https://rodenlaw.com/blog/steps-take-slip-fall-accident-georgia/,post,2,en,1867,steps-take-slip-fall-accident-georgia,628,0,publish,"Steps to Take After a Slip and Fall Accident in Georgia"
https://rodenlaw.com/blog/protecting-child-burn-injuries-home/,post,2,en,1868,protecting-child-burn-injuries-home,690,0,publish,"Protecting Your Child from Burn Injuries in Your Home"
https://rodenlaw.com/blog/college-campus-safety-tips-every-student-should-know/,post,2,en,1869,college-campus-safety-tips-every-student-should-know,778,0,publish,"College Campus Safety Tips Every Student Should Know"
https://rodenlaw.com/blog/dangerous-products-child-will-find-around-house/,post,2,en,1870,dangerous-products-child-will-find-around-house,675,0,publish,"Most Dangerous Household Products For Children"
https://rodenlaw.com/blog/protect-child-dog-bite-injury/,post,2,en,1871,protect-child-dog-bite-injury,708,0,publish,"How to Protect Your Child from a Dog Bite Injury"
https://rodenlaw.com/blog/choosing-the-right-nursing-home-for-your-loved-one/,post,2,en,1872,choosing-the-right-nursing-home-for-your-loved-one,741,0,publish,"Choosing the Right Nursing Home for Your Loved One"
https://rodenlaw.com/blog/overview-georgia-distracted-driving-laws/,post,2,en,1873,overview-georgia-distracted-driving-laws,642,0,publish,"Overview of Georgia Distracted Driving Laws"
https://rodenlaw.com/blog/georgia-car-seat-law-overview/,post,2,en,1874,georgia-car-seat-law-overview,679,0,publish,"Georgia Car Seat Law Overview"
https://rodenlaw.com/blog/safety-tips-driving-work-zones-georgia/,post,2,en,1875,safety-tips-driving-work-zones-georgia,682,0,publish,"Safety Tips for Driving in Work Zones in Georgia"
https://rodenlaw.com/blog/common-workplace-injuries-georgia/,post,2,en,1876,common-workplace-injuries-georgia,663,0,publish,"Most Common Workplace Injuries in Georgia"
https://rodenlaw.com/blog/boating-safely-in-georgia/,post,2,en,1877,boating-safely-in-georgia,696,0,publish,"Boating Safely in Georgia"
https://rodenlaw.com/blog/workers-comp-benefits-georgia-taxable/,post,2,en,1878,workers-comp-benefits-georgia-taxable,666,0,publish,"Are Workers’ Comp Benefits in Georgia Taxable?"
https://rodenlaw.com/es/resources/,page,2,es,4938,resources,310,4862,publish,"Recursos Legales en Español"
https://rodenlaw.com/es/south-carolina-wrongful-death-lawyer/,page,2,es,4928,south-carolina-wrongful-death-lawyer,951,4862,publish,"Abogados de Muerte por Negligencia en Carolina del Sur"
https://rodenlaw.com/es/south-carolina-motorcycle-accident-lawyer/,page,2,es,4927,south-carolina-motorcycle-accident-lawyer,980,4862,publish,"Abogados de Accidentes de Motocicleta en Carolina del Sur"
https://rodenlaw.com/es/south-carolina-workers-compensation-lawyer/,page,2,es,4926,south-carolina-workers-compensation-lawyer,1020,4862,publish,"Abogados de Compensación Laboral en Carolina del Sur"
https://rodenlaw.com/es/south-carolina-personal-injury-lawyer/,page,2,es,4925,south-carolina-personal-injury-lawyer,856,4862,publish,"Abogados de Lesiones Personales en Carolina del Sur"
https://rodenlaw.com/es/south-carolina-truck-accident-lawyers/,page,2,es,4924,south-carolina-truck-accident-lawyers,1067,4862,publish,"Abogados de Accidentes de Camiones en Carolina del Sur"
https://rodenlaw.com/es/south-carolina-car-accident-lawyers/,page,2,es,4923,south-carolina-car-accident-lawyers,998,4862,publish,"Abogados de Accidentes de Auto en Carolina del Sur"
https://rodenlaw.com/es/gracias/,page,2,es,4867,gracias,43,4862,publish,Gracias
https://rodenlaw.com/es/contact/,page,2,es,4866,contact,0,4862,publish,Contáctenos
https://rodenlaw.com/es/about/,page,2,es,4865,about,146,4862,publish,"Sobre Nosotros"
https://rodenlaw.com/es/locations/,page,2,es,4864,locations,72,4862,publish,"Nuestras Oficinas"
https://rodenlaw.com/es/practice-areas/,page,2,es,4863,practice-areas,209,4862,publish,"Áreas de Práctica"
https://rodenlaw.com/es/,page,1,es,4862,es,224,0,publish,"Abogados de Lesiones Personales en Georgia y Carolina del Sur"
https://rodenlaw.com/south-carolina-car-accident-lawyers/,page,1,en,4846,south-carolina-car-accident-lawyers,963,0,publish,"South Carolina Car Accident Lawyers"
https://rodenlaw.com/florence-sc-workers-compensation-lawyer/,page,1,en,4832,florence-sc-workers-compensation-lawyer,908,0,publish,"Florence SC Workers' Compensation Lawyer"
https://rodenlaw.com/spartanburg-sc-workers-compensation-lawyer/,page,1,en,4831,spartanburg-sc-workers-compensation-lawyer,913,0,publish,"Spartanburg SC Workers' Compensation Lawyer"
https://rodenlaw.com/greenville-sc-workers-compensation-lawyer/,page,1,en,4830,greenville-sc-workers-compensation-lawyer,901,0,publish,"Greenville SC Workers' Compensation Lawyer"
https://rodenlaw.com/florence-sc-car-accident-lawyer/,page,1,en,4829,florence-sc-car-accident-lawyer,912,0,publish,"Florence SC Car Accident Lawyer"
https://rodenlaw.com/greenville-sc-car-accident-lawyer/,page,1,en,4828,greenville-sc-car-accident-lawyer,905,0,publish,"Greenville SC Car Accident Lawyer"
https://rodenlaw.com/spartanburg-sc-car-accident-lawyer/,page,1,en,4827,spartanburg-sc-car-accident-lawyer,878,0,publish,"Spartanburg SC Car Accident Lawyer"
https://rodenlaw.com/south-carolina-truck-accident-lawyers/,page,1,en,4820,south-carolina-truck-accident-lawyers,1119,0,publish,"South Carolina Truck Accident Lawyers"
https://rodenlaw.com/south-carolina-personal-injury-lawyer/,page,1,en,4819,south-carolina-personal-injury-lawyer,802,0,publish,"South Carolina Personal Injury Lawyers"
https://rodenlaw.com/south-carolina-workers-compensation-lawyer/,page,1,en,4817,south-carolina-workers-compensation-lawyer,974,0,publish,"South Carolina Workers' Compensation Lawyers"
https://rodenlaw.com/south-carolina-wrongful-death-lawyer/,page,1,en,4816,south-carolina-wrongful-death-lawyer,917,0,publish,"South Carolina Wrongful Death Lawyers"
https://rodenlaw.com/south-carolina-motorcycle-accident-lawyer/,page,1,en,4815,south-carolina-motorcycle-accident-lawyer,952,0,publish,"South Carolina Motorcycle Accident Lawyers"
https://rodenlaw.com/georgia-car-accident-lawyer/,page,1,en,4579,georgia-car-accident-lawyer,0,0,publish,"Georgia Car Accident Lawyer"
https://rodenlaw.com/south-carolina-car-accident-lawyer/,page,1,en,4536,south-carolina-car-accident-lawyer,0,0,publish,"South Carolina Car Accident Lawyers"
https://rodenlaw.com/charleston-car-accident-lawyer/,page,1,en,4253,charleston-car-accident-lawyer,0,0,publish,"Charleston Car Accident Lawyers"
https://rodenlaw.com/columbia-truck-accident-lawyer/,page,1,en,4231,columbia-truck-accident-lawyer,0,0,publish,"Columbia Truck Accident Lawyer"
https://rodenlaw.com/south-carolina-truck-accident-lawyer/,page,1,en,4230,south-carolina-truck-accident-lawyer,0,0,publish,"South Carolina Truck Accident Lawyer"
https://rodenlaw.com/about/,page,1,en,4047,about,0,0,publish,"About Us"
https://rodenlaw.com/class-action-lawyers/,page,1,en,4046,class-action-lawyers,311,0,publish,"Class Action Lawyers"
https://rodenlaw.com/car-accident-lawyer/,page,1,en,3787,car-accident-lawyer,0,0,publish,"Car Accident Lawyer"
https://rodenlaw.com/privacy-policy-2/,page,1,en,3602,privacy-policy-2,890,0,publish,"Privacy Policy"
https://rodenlaw.com/free-consultation-with-charleston-personal-injury-lawyer/,page,1,en,2851,free-consultation-with-charleston-personal-injury-lawyer,1075,0,publish,"Free Consultation With a Personal Injury Lawyer: What You Need to Know"
https://rodenlaw.com/class-action-lawyers/troubled-teen-industry-abuse/,page,2,en,4574,troubled-teen-industry-abuse,1346,4046,publish,"Troubled Teen Industry Abuse"
https://rodenlaw.com/class-action-lawyers/ozempic-lawsuits/,page,2,en,4569,ozempic-lawsuits,1459,4046,publish,Ozempic
https://rodenlaw.com/class-action-lawyers/paraquat-lawsuit/,page,2,en,4570,paraquat-lawsuit,1721,4046,publish,"Paraquat Lawsuits"
https://rodenlaw.com/class-action-lawyers/hair-relaxer-cancer-lawsuits/,page,2,en,4565,hair-relaxer-cancer-lawsuits,1589,4046,publish,"Hair Relaxer Lawsuits"
https://rodenlaw.com/class-action-lawyers/afff-firefighting-foam-lawsuits/,page,2,en,4563,afff-firefighting-foam-lawsuits,1991,4046,publish,"Aqueous Film-Forming Foam (AFFF)/PFAS"
https://rodenlaw.com/class-action-lawyers/camp-lejeune-lawsuits/,page,2,en,4564,camp-lejeune-lawsuits,2203,4046,publish,"Camp Lejeune"
https://rodenlaw.com/test/,page,1,en,2498,test,0,0,publish,"Test Form"
https://rodenlaw.com/home-espanol/,page,1,en,2433,home-espanol,0,0,publish,"Home Español"
https://rodenlaw.com/privacy-policy/,page,1,en,2374,privacy-policy,893,0,publish,"Privacy Policy"
https://rodenlaw.com/class-actions/,page,1,en,2324,class-actions,195,0,publish,"Mass Torts & Class Actions"
https://rodenlaw.com/class-action-lawyers/talcum-powder/,page,2,en,4573,talcum-powder,1736,4046,publish,"Talcum Powder Lawsuits"
https://rodenlaw.com/class-action-lawyers/roundup/,page,2,en,4571,roundup,1996,4046,publish,Roundup
https://rodenlaw.com/class-action-lawyers/stryker-hip-replacement/,page,2,en,4572,stryker-hip-replacement,1610,4046,publish,"Stryker Hip Replacement"
https://rodenlaw.com/class-action-lawyers/ivc-filter/,page,2,en,4567,ivc-filter,1788,4046,publish,"IVC Filter"
https://rodenlaw.com/class-action-lawyers/uloric/,page,2,en,4576,uloric,1532,4046,publish,Uloric
https://rodenlaw.com/class-action-lawyers/truvada/,page,2,en,4575,truvada,2032,4046,publish,Truvada
https://rodenlaw.com/class-action-lawyers/onglyza/,page,2,en,4568,onglyza,1776,4046,publish,Onglyza
https://rodenlaw.com/class-action-lawyers/invokana/,page,2,en,4566,invokana,1601,4046,publish,Invokana
https://rodenlaw.com/charleston/,page,1,en,1977,charleston,0,0,publish,"Practice Areas - Charleston"
https://rodenlaw.com/brunswick/,page,1,en,1975,brunswick,0,0,publish,"Practice Areas - Brunswick"
https://rodenlaw.com/savannah/,page,1,en,1973,savannah,0,0,publish,"Practice Areas - Savannah"
https://rodenlaw.com/gracias-ppc-3/,page,1,en,1942,gracias-ppc-3,90,0,publish,Gracias
https://rodenlaw.com/thank-you/,page,1,en,1940,thank-you,74,0,publish,"Thank You"
https://rodenlaw.com/gracias-ppc-2/,page,1,en,1938,gracias-ppc-2,90,0,publish,Gracias
https://rodenlaw.com/,page,0,en,1931,home,0,0,publish,Home
https://rodenlaw.com/contact/,page,1,en,1912,contact,241,0,publish,Contact
https://rodenlaw.com/blog/,page,1,en,1911,blog,0,0,publish,Blog
https://rodenlaw.com/case-results/,page,1,en,1905,case-results,0,0,publish,"Case Results"
https://rodenlaw.com/testimonials/,page,1,en,1895,testimonials,106,0,publish,Testimonials
https://rodenlaw.com/savannah-ppi-attorney/,page,1,en,1843,savannah-ppi-attorney,660,0,publish,"Savannah PPI Attorney"
https://rodenlaw.com/attorneys/ja-moore/,attorney,2,en,3738,ja-moore,0,0,publish,"JA Moore"
https://rodenlaw.com/attorneys/leah-crane/,attorney,2,en,3737,leah-crane,0,0,publish,"Leah Crane"
https://rodenlaw.com/attorneys/nolan-alexander/,attorney,2,en,3736,nolan-alexander,0,0,publish,"Nolan Alexander"
https://rodenlaw.com/attorneys/ivy-s-montano/,attorney,2,en,3733,ivy-s-montano,212,0,publish,"Ivy S. Montano"
https://rodenlaw.com/attorneys/graeham-c-gillin/,attorney,2,en,3732,graeham-c-gillin,60,0,publish,"Graeham C. Gillin"
https://rodenlaw.com/attorneys/joshua-dorminy/,attorney,2,en,3731,joshua-dorminy,124,0,publish,"Joshua Dorminy"
https://rodenlaw.com/attorneys/tyler-love/,attorney,2,en,3730,tyler-love,132,0,publish,"Tyler Love"
https://rodenlaw.com/attorneys/eric-roden/,attorney,2,en,3729,eric-roden,171,0,publish,"Eric Roden"
https://rodenlaw.com/attorneys/logan-wiggins/,attorney,2,en,3728,logan-wiggins,0,0,publish,"Logan Wiggins"
https://rodenlaw.com/attorneys/zoe-link/,attorney,2,en,3727,zoe-link,0,0,publish,"Zoe Link"
https://rodenlaw.com/attorneys/dyanna-velez/,attorney,2,en,3726,dyanna-velez,0,0,publish,"Dyanna Velez"
https://rodenlaw.com/attorneys/kelli-threm/,attorney,2,en,3725,kelli-threm,0,0,publish,"Kelli Threm"
https://rodenlaw.com/attorneys/amsi-raudales/,attorney,2,en,3724,amsi-raudales,0,0,publish,"Amsi Raudales"
https://rodenlaw.com/attorneys/megan-socha/,attorney,2,en,3723,megan-socha,0,0,publish,"Megan Socha"
https://rodenlaw.com/attorneys/maddie-dowling/,attorney,2,en,3721,maddie-dowling,0,0,publish,"Maddie Dowling"
https://rodenlaw.com/attorneys/stephanie-aguirre/,attorney,2,en,3720,stephanie-aguirre,0,0,publish,"Stephanie Aguirre"
https://rodenlaw.com/attorneys/christina-butkus/,attorney,2,en,3718,christina-butkus,0,0,publish,"Christina Butkus"
https://rodenlaw.com/blog/case-result/75000-recovery-truck-accident/,case-result,3,en,2991,75000-recovery-truck-accident,16,0,publish,"$750,00 Recovery | Truck <br />Accident"
https://rodenlaw.com/blog/case-result/200000-policy-limit-auto-accident/,case-result,3,en,2990,200000-policy-limit-auto-accident,26,0,publish,"$200,000 Policy Limits | Auto <br />Accident"
https://rodenlaw.com/blog/case-result/140000-settlement-auto-accident-2/,case-result,3,en,2989,140000-settlement-auto-accident-2,16,0,publish,"$140,000 Settlement | Auto <br />Accident"
https://rodenlaw.com/blog/case-result/100000-policy-limits-auto-accident/,case-result,3,en,2988,100000-policy-limits-auto-accident,15,0,publish,"$100,000 Policy Limits | Auto <br />Accident"
https://rodenlaw.com/blog/case-result/300000-recovery-product-liability/,case-result,3,en,2987,300000-recovery-product-liability,14,0,publish,"$300,000 Recovery | Product <br />Liability"
https://rodenlaw.com/blog/case-result/1250000-settlement-wrongful-death/,case-result,3,en,2986,1250000-settlement-wrongful-death,31,0,publish,"$1,250,000 Settlement | Wrongful <br />Death"
https://rodenlaw.com/blog/case-result/100000-recovery-work-injury/,case-result,3,en,2985,100000-recovery-work-injury,20,0,publish,"$100,000 Recovery | Work <br />Injury"
https://rodenlaw.com/blog/case-result/250000-settlement-premises-liability-3/,case-result,3,en,2984,250000-settlement-premises-liability-3,21,0,publish,"$250,000 Settlement | Premises <br />Liability"
https://rodenlaw.com/blog/case-result/500000-settlement-auto-accident/,case-result,3,en,2983,500000-settlement-auto-accident,18,0,publish,"$500,000 Settlement | Auto <br />Accident"
https://rodenlaw.com/blog/case-result/318000-settlement-truck-accident/,case-result,3,en,2982,318000-settlement-truck-accident,14,0,publish,"$318,000 Settlement | Truck <br />Accident"
https://rodenlaw.com/blog/case-result/355000-settlement-auto-accident/,case-result,3,en,2981,355000-settlement-auto-accident,15,0,publish,"$355,000 Settlement | Auto <br />Accident"
https://rodenlaw.com/blog/case-result/250000-settlement-premises-liability-2/,case-result,3,en,2980,250000-settlement-premises-liability-2,16,0,publish,"$250,000 Settlement | Premises <br />Liability"
https://rodenlaw.com/blog/case-result/400000-settlement-premises-liability/,case-result,3,en,2979,400000-settlement-premises-liability,17,0,publish,"$400,000 Settlement | Premises <br />Liability"
https://rodenlaw.com/blog/case-result/250000-policy-limits-dui-accident/,case-result,3,en,2978,250000-policy-limits-dui-accident,18,0,publish,"$250,000 Policy Limits | DUI <br />Accident"
https://rodenlaw.com/blog/case-result/150000-recovery-truck-accident/,case-result,3,en,2977,150000-recovery-truck-accident,17,0,publish,"$150,000 Recovery | Truck <br />Accident"
https://rodenlaw.com/blog/case-result/142000-recovery-truck-accident/,case-result,3,en,2976,142000-recovery-truck-accident,17,0,publish,"$142,000 Recovery | Truck <br />Accident"
https://rodenlaw.com/blog/case-result/1700000-settlement-brain-injury/,case-result,3,en,2975,1700000-settlement-brain-injury,14,0,publish,"$1,700,000 Settlement | Brain <br />Injury"
https://rodenlaw.com/blog/case-result/250000-recovery-wrongful-death/,case-result,3,en,2974,250000-recovery-wrongful-death,6,0,publish,"$250,000 Recovery | Wrongful <br />Death"
https://rodenlaw.com/blog/case-result/150000-recovery-auto-accident/,case-result,3,en,2973,150000-recovery-auto-accident,10,0,publish,"$150,000 Recovery | Auto <br />Accident"
https://rodenlaw.com/blog/case-result/100000-recovery-animal-attack/,case-result,3,en,2971,100000-recovery-animal-attack,9,0,publish,"$130,000 Recovery | Animal <br />Attack"
https://rodenlaw.com/blog/case-result/100000-settlement-nursing-home/,case-result,3,en,2970,100000-settlement-nursing-home,3,0,publish,"$100,000 Settlement | Nursing <br/>Home"
https://rodenlaw.com/blog/case-result/2969/,case-result,3,en,2969,2969,10,0,publish,"$100,000 Recovery | Auto <br> Accident"
https://rodenlaw.com/blog/case-result/100000-settlement-auto-accident-8/,case-result,3,en,2247,100000-settlement-auto-accident-8,30,0,publish,"$100,000 Settlement | Auto <br>
 Accident"
https://rodenlaw.com/blog/case-result/100000-settlement-workers-compensation-2/,case-result,3,en,2246,100000-settlement-workers-compensation-2,19,0,publish,"$100,000 Settlement | Workers' <br>
 Compensation"
https://rodenlaw.com/blog/case-result/100000-recovery-auto-accident-2/,case-result,3,en,2245,100000-recovery-auto-accident-2,17,0,publish,"$100,000 Recovery | Auto <br>
 Accident"
https://rodenlaw.com/blog/case-result/100000-settlement-auto-accident-7/,case-result,3,en,2244,100000-settlement-auto-accident-7,17,0,publish,"$100,000 Settlement | Auto <br>
 Accident"
https://rodenlaw.com/blog/case-result/100000-recovery-auto-accident/,case-result,3,en,2243,100000-recovery-auto-accident,25,0,publish,"$100,000 Recovery | Auto <br>
 Accident"
https://rodenlaw.com/blog/case-result/100000-settlement-auto-accident-6/,case-result,3,en,2242,100000-settlement-auto-accident-6,20,0,publish,"$100,000 Settlement | Auto <br>
 Accident"
https://rodenlaw.com/blog/case-result/100000-settlement-auto-accident-5/,case-result,3,en,2241,100000-settlement-auto-accident-5,17,0,publish,"$100,000 Settlement | Auto <br>
 Accident"
https://rodenlaw.com/blog/case-result/100000-settlement-auto-accident-4/,case-result,3,en,2240,100000-settlement-auto-accident-4,22,0,publish,"$100,000 Settlement | Auto <br>
 Accident"
https://rodenlaw.com/blog/case-result/100000-settlement-auto-accident-3/,case-result,3,en,2239,100000-settlement-auto-accident-3,16,0,publish,"$100,000 Settlement | Auto <br>
 Accident"
https://rodenlaw.com/blog/case-result/100000-settlement-auto-accident-2/,case-result,3,en,2238,100000-settlement-auto-accident-2,19,0,publish,"$100,000 Settlement | Auto <br>
 Accident"
https://rodenlaw.com/blog/case-result/100000-settlement-auto-accident/,case-result,3,en,2237,100000-settlement-auto-accident,10,0,publish,"$100,000 Settlement | Auto <br>
 Accident"
https://rodenlaw.com/blog/case-result/100000-resolution-auto-accident-6/,case-result,3,en,2236,100000-resolution-auto-accident-6,27,0,publish,"$100,000 Resolution | Auto <br>
 Accident"
https://rodenlaw.com/blog/case-result/100000-resolution-auto-accident-5/,case-result,3,en,2235,100000-resolution-auto-accident-5,15,0,publish,"$100,000 Resolution | Auto <br>
 Accident"
https://rodenlaw.com/blog/case-result/100000-resolution-auto-accident-4/,case-result,3,en,2234,100000-resolution-auto-accident-4,17,0,publish,"$100,000 Resolution | Auto <br>
 Accident"
https://rodenlaw.com/blog/case-result/100000-resolution-auto-accident-3/,case-result,3,en,2233,100000-resolution-auto-accident-3,22,0,publish,"$100,000 Resolution | Auto <br>
 Accident"
https://rodenlaw.com/blog/case-result/100000-resolution-auto-accident-2/,case-result,3,en,2232,100000-resolution-auto-accident-2,15,0,publish,"$100,000 Resolution | Auto <br>
 Accident"
https://rodenlaw.com/blog/case-result/100000-resolution-auto-accident/,case-result,3,en,2231,100000-resolution-auto-accident,16,0,publish,"$100,000 Resolution | Auto <br>
 Accident"
https://rodenlaw.com/blog/case-result/100000-recovery-workers-compensation-2/,case-result,3,en,2230,100000-recovery-workers-compensation-2,13,0,publish,"$100,000 Recovery | Workers' <br>
 Compensation"
https://rodenlaw.com/blog/case-result/100000-recovery-workers-compensation/,case-result,3,en,2229,100000-recovery-workers-compensation,12,0,publish,"$100,000 Recovery | Workers' <br>
 Compensation"
https://rodenlaw.com/blog/case-result/100000-settlement-workers-compensation/,case-result,3,en,2228,100000-settlement-workers-compensation,20,0,publish,"$100,000 Settlement | Workers' <br>
 Compensation"
https://rodenlaw.com/blog/case-result/103000-recovery-workers-compensation/,case-result,3,en,2227,103000-recovery-workers-compensation,17,0,publish,"$103,000 Recovery | Workers' <br>
 Compensation"
https://rodenlaw.com/blog/case-result/106000-recovery-workers-compensation/,case-result,3,en,2226,106000-recovery-workers-compensation,15,0,publish,"$106,000 Recovery | Workers' <br>
 Compensation"
https://rodenlaw.com/blog/case-result/117500-recovery-truck-accidents/,case-result,3,en,2225,117500-recovery-truck-accidents,21,0,publish,"$117,500 Recovery | Truck <br> Accident"
https://rodenlaw.com/blog/case-result/120000-recovery-auto-accident/,case-result,3,en,2224,120000-recovery-auto-accident,15,0,publish,"$120,000 Recovery | Auto <br>
 Accident"
https://rodenlaw.com/blog/case-result/120000-settlement-truck-accidents/,case-result,3,en,2223,120000-settlement-truck-accidents,22,0,publish,"$120,000 Settlement | Truck <br> Accident"
https://rodenlaw.com/blog/case-result/120000-recovery-workers-compensation/,case-result,3,en,2222,120000-recovery-workers-compensation,16,0,publish,"$120,000 Recovery | Workers' <br>
 Compensation"
https://rodenlaw.com/blog/case-result/123000-settlement-auto-accident/,case-result,3,en,2221,123000-settlement-auto-accident,16,0,publish,"$123,000 Settlement | Auto <br>
 Accident"
https://rodenlaw.com/blog/case-result/125000-settlement-auto-accident-3/,case-result,3,en,2220,125000-settlement-auto-accident-3,23,0,publish,"$125,000 Settlement | Auto <br>
 Accident"
https://rodenlaw.com/blog/case-result/125000-settlement-auto-accident-2/,case-result,3,en,2219,125000-settlement-auto-accident-2,17,0,publish,"$125,000 Settlement | Auto <br>
 Accident"
https://rodenlaw.com/blog/case-result/125000-settlement-auto-accident/,case-result,3,en,2218,125000-settlement-auto-accident,24,0,publish,"$125,000 Settlement | Auto <br>
 Accident"
https://rodenlaw.com/blog/case-result/125000-recovery-auto-accident/,case-result,3,en,2217,125000-recovery-auto-accident,16,0,publish,"$125,000 Recovery | Auto <br>
 Accident"
https://rodenlaw.com/blog/case-result/125000-resolution-auto-accident/,case-result,3,en,2216,125000-resolution-auto-accident,14,0,publish,"$125,000 Resolution | Auto <br>
 Accident"
https://rodenlaw.com/blog/case-result/125000-settlement-workers-compensation/,case-result,3,en,2215,125000-settlement-workers-compensation,16,0,publish,"$125,000 Settlement | Workers' <br>
 Compensation"
https://rodenlaw.com/blog/case-result/130000-settlement-auto-accident/,case-result,3,en,2214,130000-settlement-auto-accident,31,0,publish,"$130,000 Settlement | Auto <br>
 Accident"
https://rodenlaw.com/blog/case-result/130000-settlement-workers-compensation/,case-result,3,en,2213,130000-settlement-workers-compensation,23,0,publish,"$130,000 Settlement | Workers' <br>
 Compensation"
https://rodenlaw.com/blog/case-result/135000-settlement-premises-liability/,case-result,3,en,2212,135000-settlement-premises-liability,26,0,publish,"$135,000 Settlement | Premises <br>
 Liability"
https://rodenlaw.com/blog/case-result/135000-workers-comp-resolution-workers-compensation/,case-result,3,en,2211,135000-workers-comp-resolution-workers-compensation,16,0,publish,"$135,000 Workers' Comp Resolution | Workers' <br>
 Compensation"
https://rodenlaw.com/blog/case-result/135000-recovery-auto-accident/,case-result,3,en,2210,135000-recovery-auto-accident,12,0,publish,"$135,000 Recovery | Auto <br>
 Accident"
https://rodenlaw.com/blog/case-result/140000-settlement-auto-accident/,case-result,3,en,2209,140000-settlement-auto-accident,13,0,publish,"$140,000 Settlement | Auto <br>
 Accident"
https://rodenlaw.com/blog/case-result/150000-settlement-auto-accident-4/,case-result,3,en,2208,150000-settlement-auto-accident-4,12,0,publish,"$150,000 Settlement | Auto <br>
 Accident"
https://rodenlaw.com/blog/case-result/150000-recovery-premises-liability/,case-result,3,en,2207,150000-recovery-premises-liability,14,0,publish,"$150,000 Recovery | Premises <br>
 Liability"
https://rodenlaw.com/blog/case-result/150000-resolution-auto-accident/,case-result,3,en,2206,150000-resolution-auto-accident,16,0,publish,"$150,000 Resolution | Auto <br>
 Accident"
https://rodenlaw.com/blog/case-result/150000-settlement-auto-accident-3/,case-result,3,en,2205,150000-settlement-auto-accident-3,15,0,publish,"$150,000 Settlement | Auto <br>
 Accident"
https://rodenlaw.com/blog/case-result/150000-settlement-auto-accident-2/,case-result,3,en,2204,150000-settlement-auto-accident-2,16,0,publish,"$150,000 Settlement | Auto <br>
 Accident"
https://rodenlaw.com/blog/case-result/150000-settlement-auto-accident/,case-result,3,en,2203,150000-settlement-auto-accident,24,0,publish,"$150,000 Settlement | Auto <br>
 Accident"
https://rodenlaw.com/blog/case-result/155000-settlement-auto-accident/,case-result,3,en,2202,155000-settlement-auto-accident,22,0,publish,"$155,000 Settlement | Auto <br>
 Accident"
https://rodenlaw.com/blog/case-result/160000-recovery-truck-accidents/,case-result,3,en,2201,160000-recovery-truck-accidents,15,0,publish,"$160,000 Recovery | Truck <br> Accident"
https://rodenlaw.com/blog/case-result/160000-settlement-workers-compensation/,case-result,3,en,2200,160000-settlement-workers-compensation,25,0,publish,"$160,000 Settlement | Workers' <br>
 Compensation"
https://rodenlaw.com/blog/case-result/162500-settlement-premises-liability/,case-result,3,en,2199,162500-settlement-premises-liability,22,0,publish,"$162,500 Settlement | Premises <br>
 Liability"
https://rodenlaw.com/blog/case-result/162500-settlement-truck-accidents/,case-result,3,en,2198,162500-settlement-truck-accidents,21,0,publish,"$162,500 Settlement | Truck <br>
 Accidents"
https://rodenlaw.com/blog/case-result/172000-settlement-workers-compensation/,case-result,3,en,2197,172000-settlement-workers-compensation,19,0,publish,"$172,000 Settlement | Workers' <br>
 Compensation"
https://rodenlaw.com/blog/case-result/175000-recovery-auto-accident/,case-result,3,en,2196,175000-recovery-auto-accident,22,0,publish,"$175,000 Recovery | Auto <br>
 Accident"
https://rodenlaw.com/blog/case-result/175000-settlement-auto-accident/,case-result,3,en,2195,175000-settlement-auto-accident,26,0,publish,"$175,000 Settlement | Auto <br>
 Accident"
https://rodenlaw.com/blog/case-result/180000-settlement-truck-accidents/,case-result,3,en,2194,180000-settlement-truck-accidents,17,0,publish,"$180,000 Settlement | Truck <br> Accident"
https://rodenlaw.com/blog/case-result/190000-settlement-auto-accident/,case-result,3,en,2193,190000-settlement-auto-accident,21,0,publish,"$190,000 Settlement | Auto <br>
 Accident"
https://rodenlaw.com/blog/case-result/200000-settlement-premises-liability/,case-result,3,en,2192,200000-settlement-premises-liability,12,0,publish,"$200,000 Settlement | Premises <br>
 Liability"
https://rodenlaw.com/blog/case-result/200000-settlement-auto-accident-4/,case-result,3,en,2191,200000-settlement-auto-accident-4,21,0,publish,"$200,000 Settlement | Auto <br>
 Accident"
https://rodenlaw.com/blog/case-result/200000-settlement-auto-accident-3/,case-result,3,en,2190,200000-settlement-auto-accident-3,8,0,publish,"$200,000 Settlement | Auto <br>
 Accident"
https://rodenlaw.com/blog/case-result/200000-resolution-auto-accident/,case-result,3,en,2189,200000-resolution-auto-accident,19,0,publish,"$200,000 Resolution | Auto <br>
 Accident"
https://rodenlaw.com/blog/case-result/200000-settlement-auto-accident-2/,case-result,3,en,2188,200000-settlement-auto-accident-2,21,0,publish,"$200,000 Settlement | Auto <br>
 Accident"
https://rodenlaw.com/blog/case-result/200000-settlement-auto-accident/,case-result,3,en,2187,200000-settlement-auto-accident,16,0,publish,"$200,000 Settlement | Auto <br>
 Accident"
https://rodenlaw.com/blog/case-result/200000-recovery-workers-compensation/,case-result,3,en,2186,200000-recovery-workers-compensation,12,0,publish,"$200,000 Recovery | Workers' <br>
 Compensation"
https://rodenlaw.com/blog/case-result/205000-settlement-auto-accident/,case-result,3,en,2185,205000-settlement-auto-accident,20,0,publish,"$205,000 Settlement | Auto <br>
 Accident"
https://rodenlaw.com/blog/case-result/205000-resolution-auto-accident/,case-result,3,en,2184,205000-resolution-auto-accident,15,0,publish,"$205,000 Resolution | Auto <br>
 Accident"
https://rodenlaw.com/blog/case-result/210000-settlement-auto-accident/,case-result,3,en,2183,210000-settlement-auto-accident,14,0,publish,"$210,000 Settlement | Auto <br>
 Accident"
https://rodenlaw.com/blog/case-result/210000-recovery-truck-accidents/,case-result,3,en,2182,210000-recovery-truck-accidents,12,0,publish,"$210,000 Recovery | Truck <br> Accident"
https://rodenlaw.com/blog/case-result/225000-settlement-auto-accident/,case-result,3,en,2181,225000-settlement-auto-accident,14,0,publish,"$225,000 Settlement | Auto <br>
 Accident"
https://rodenlaw.com/blog/case-result/225000-recovery-auto-accident/,case-result,3,en,2180,225000-recovery-auto-accident,14,0,publish,"$225,000 Recovery | Auto <br>
 Accident"
https://rodenlaw.com/blog/case-result/225000-resolution-auto-accident/,case-result,3,en,2179,225000-resolution-auto-accident,17,0,publish,"$225,000 Resolution | Auto <br>
 Accident"
https://rodenlaw.com/blog/case-result/250000-settlement-auto-accident-4/,case-result,3,en,2178,250000-settlement-auto-accident-4,13,0,publish,"$250,000 Settlement | Auto <br>
 Accident"
https://rodenlaw.com/blog/case-result/250000-settlement-auto-accident-3/,case-result,3,en,2177,250000-settlement-auto-accident-3,18,0,publish,"$250,000 Settlement | Auto <br>
 Accident"
https://rodenlaw.com/blog/case-result/250000-settlement-auto-accident-2/,case-result,3,en,2176,250000-settlement-auto-accident-2,13,0,publish,"$250,000 Settlement | Auto <br>
 Accident"
https://rodenlaw.com/blog/case-result/250000-settlement-auto-accident/,case-result,3,en,2175,250000-settlement-auto-accident,15,0,publish,"$250,000 Settlement | Auto <br>
 Accident"
https://rodenlaw.com/blog/case-result/250000-settlement-premises-liability/,case-result,3,en,2174,250000-settlement-premises-liability,25,0,publish,"$250,000 Settlement | Premises <br>
 Liability"
https://rodenlaw.com/blog/case-result/275000-settlement-auto-accident-3/,case-result,3,en,2173,275000-settlement-auto-accident-3,27,0,publish,"$275,000 Settlement | Auto <br>
 Accident"
https://rodenlaw.com/blog/case-result/275000-recovery-auto-accident-2/,case-result,3,en,2172,275000-recovery-auto-accident-2,20,0,publish,"$275,000 Recovery | Auto <br>
 Accident"
https://rodenlaw.com/blog/case-result/275000-recovery-auto-accident/,case-result,3,en,2171,275000-recovery-auto-accident,12,0,publish,"$275,000 Recovery | Auto <br>
 Accident"
https://rodenlaw.com/blog/case-result/275000-settlement-auto-accident-2/,case-result,3,en,2170,275000-settlement-auto-accident-2,21,0,publish,"$275,000 Settlement | Auto <br>
 Accident"
https://rodenlaw.com/blog/case-result/275000-settlement-auto-accident/,case-result,3,en,2169,275000-settlement-auto-accident,15,0,publish,"$275,000 Settlement | Auto <br>
 Accident"
https://rodenlaw.com/blog/case-result/295000-recovery-auto-accident/,case-result,3,en,2168,295000-recovery-auto-accident,15,0,publish,"$295,000 Recovery | Auto <br>
 Accident"
https://rodenlaw.com/blog/case-result/300000-settlement-workers-compensation/,case-result,3,en,2167,300000-settlement-workers-compensation,20,0,publish,"$300,000 Settlement | Workers' <br>
 Compensation"
https://rodenlaw.com/blog/case-result/300000-settlement-auto-accident-4/,case-result,3,en,2166,300000-settlement-auto-accident-4,34,0,publish,"$300,000 Settlement | Auto <br>
 Accident"
https://rodenlaw.com/blog/case-result/300000-settlement-auto-accident-3/,case-result,3,en,2165,300000-settlement-auto-accident-3,15,0,publish,"$300,000 Settlement | Auto <br>
 Accident"
https://rodenlaw.com/blog/case-result/300000-recovery-truck-accidents/,case-result,3,en,2164,300000-recovery-truck-accidents,13,0,publish,"$300,000 Recovery | Truck <br> Accident"
https://rodenlaw.com/blog/case-result/300000-settlement-auto-accident-2/,case-result,3,en,2163,300000-settlement-auto-accident-2,15,0,publish,"$300,000 Settlement | Auto <br>
 Accident"
https://rodenlaw.com/blog/case-result/300000-settlement-premises-liability/,case-result,3,en,2162,300000-settlement-premises-liability,16,0,publish,"$300,000 Settlement | Premises <br>
 Liability"
https://rodenlaw.com/blog/case-result/300000-resolution-auto-accident/,case-result,3,en,2161,300000-resolution-auto-accident,18,0,publish,"$300,000 Resolution | Auto <br>
 Accident"
https://rodenlaw.com/blog/case-result/300000-settlement-auto-accident/,case-result,3,en,2160,300000-settlement-auto-accident,13,0,publish,"$300,000 Settlement | Auto <br>
 Accident"
https://rodenlaw.com/blog/case-result/305000-settlement-premises-liability-2/,case-result,3,en,2159,305000-settlement-premises-liability-2,20,0,publish,"$305,000 Settlement | Premises <br>
 Liability"
https://rodenlaw.com/blog/case-result/305000-settlement-premises-liability/,case-result,3,en,2158,305000-settlement-premises-liability,31,0,publish,"$305,000 Settlement | Premises <br>
 Liability"
https://rodenlaw.com/blog/case-result/320000-recovery-workers-compensation/,case-result,3,en,2157,320000-recovery-workers-compensation,14,0,publish,"$320,000 Recovery | Workers' <br>
 Compensation"
https://rodenlaw.com/blog/case-result/325000-resolution-auto-accident/,case-result,3,en,2156,325000-resolution-auto-accident,16,0,publish,"$325,000 Resolution | Auto <br>
 Accident"
https://rodenlaw.com/blog/case-result/350000-settlement-nursing-home-elder-abuse/,case-result,3,en,2155,350000-settlement-nursing-home-elder-abuse,18,0,publish,"$350,000 Settlement | Nursing Home <br> &amp; Elder Abuse"
https://rodenlaw.com/blog/case-result/350000-settlement-auto-accident/,case-result,3,en,2154,350000-settlement-auto-accident,29,0,publish,"$350,000 Settlement | Auto <br>
 Accident"
https://rodenlaw.com/blog/case-result/385000-recovery-auto-accident/,case-result,3,en,2153,385000-recovery-auto-accident,8,0,publish,"$385,000 Recovery | Auto <br>
 Accident"
https://rodenlaw.com/blog/case-result/390000-recovery-auto-accident/,case-result,3,en,2152,390000-recovery-auto-accident,25,0,publish,"$390,000 Recovery | Auto <br>
 Accident"
https://rodenlaw.com/blog/case-result/400000-settlement-auto-accident-2/,case-result,3,en,2151,400000-settlement-auto-accident-2,24,0,publish,"$400,000 Settlement | Auto <br>
 Accident"
https://rodenlaw.com/blog/case-result/400000-settlement-auto-accident/,case-result,3,en,2150,400000-settlement-auto-accident,13,0,publish,"$400,000 Settlement | Auto <br>
 Accident"
https://rodenlaw.com/blog/case-result/405000-settlement-auto-accident/,case-result,3,en,2149,405000-settlement-auto-accident,12,0,publish,"$405,000 Settlement | Auto <br>
 Accident"
https://rodenlaw.com/blog/case-result/465000-recovery-truck-accidents/,case-result,3,en,2148,465000-recovery-truck-accidents,20,0,publish,"$465,000 Recovery | Truck <br>
 Accidents"
https://rodenlaw.com/blog/case-result/496000-settlement-truck-accidents/,case-result,3,en,2147,496000-settlement-truck-accidents,21,0,publish,"$496,000 Settlement | Truck <br> Accident"
https://rodenlaw.com/blog/case-result/500000-workers-comp-resolution-workers-compensation/,case-result,3,en,2146,500000-workers-comp-resolution-workers-compensation,11,0,publish,"$500,000 Workers' Comp Resolution | Workers' <br>
 Compensation"
https://rodenlaw.com/blog/case-result/500000-recovery-truck-accidents/,case-result,3,en,2145,500000-recovery-truck-accidents,16,0,publish,"$500,000 Recovery | Truck <br> Accident"
https://rodenlaw.com/blog/case-result/515000-settlement-auto-accident/,case-result,3,en,2144,515000-settlement-auto-accident,15,0,publish,"$515,000 Settlement | Auto <br>
 Accident"
https://rodenlaw.com/blog/case-result/525000-settlement-truck-accidents/,case-result,3,en,2143,525000-settlement-truck-accidents,27,0,publish,"$525,000 Settlement | Truck <br> Accident"
https://rodenlaw.com/blog/case-result/525000-recovery-auto-accident/,case-result,3,en,2142,525000-recovery-auto-accident,23,0,publish,"$525,000 Recovery | Auto <br>
 Accident"
https://rodenlaw.com/blog/case-result/565000-settlement-truck-accidents/,case-result,3,en,2141,565000-settlement-truck-accidents,16,0,publish,"$565,000 Settlement | Truck <br> Accident"
https://rodenlaw.com/blog/case-result/575000-settlement-auto-accident/,case-result,3,en,2140,575000-settlement-auto-accident,16,0,publish,"$575,000 Settlement | Auto <br>
 Accident"
https://rodenlaw.com/blog/case-result/575000-settlement-truck-accidents/,case-result,3,en,2139,575000-settlement-truck-accidents,17,0,publish,"$575,000 Settlement | Truck <br> Accident"
https://rodenlaw.com/blog/case-result/575000-settlement-workers-compensation/,case-result,3,en,2138,575000-settlement-workers-compensation,21,0,publish,"$575,000 Settlement | Workers' <br>
 Compensation"
https://rodenlaw.com/blog/case-result/600000-settlement-auto-accident-2/,case-result,3,en,2137,600000-settlement-auto-accident-2,17,0,publish,"$600,000 Settlement | Auto <br>
 Accident"
https://rodenlaw.com/blog/case-result/600000-settlement-auto-accident/,case-result,3,en,2136,600000-settlement-auto-accident,20,0,publish,"$600,000 Settlement | Auto <br>
 Accident"
https://rodenlaw.com/blog/case-result/600000-recovery-truck-accidents/,case-result,3,en,2135,600000-recovery-truck-accidents,17,0,publish,"$600,000 Recovery | Truck <br> Accident"
https://rodenlaw.com/blog/case-result/600000-settlement-truck-accidents/,case-result,3,en,2134,600000-settlement-truck-accidents,15,0,publish,"$600,000 Settlement | Truck <br> Accident"
https://rodenlaw.com/blog/case-result/650000-recovery-truck-accidents-2/,case-result,3,en,2133,650000-recovery-truck-accidents-2,15,0,publish,"$650,000 Recovery | Truck <br> Accident"
https://rodenlaw.com/blog/case-result/650000-recovery-truck-accidents/,case-result,3,en,2132,650000-recovery-truck-accidents,17,0,publish,"$650,000 Recovery | Truck <br> Accident"
https://rodenlaw.com/blog/case-result/700000-settlement-product-liability/,case-result,3,en,2131,700000-settlement-product-liability,11,0,publish,"$700,000 Settlement | Product <br>
 Liability"
https://rodenlaw.com/blog/case-result/700000-recovery-auto-accident/,case-result,3,en,2130,700000-recovery-auto-accident,15,0,publish,"$700,000 Recovery | Auto <br>
 Accident"
https://rodenlaw.com/blog/case-result/780000-resolution-truck-accidents/,case-result,3,en,2129,780000-resolution-truck-accidents,24,0,publish,"$780,000 Resolution | Truck <br> Accident"
https://rodenlaw.com/blog/case-result/900000-mva-settlement-truck-accidents/,case-result,3,en,2128,900000-mva-settlement-truck-accidents,20,0,publish,"$900,000 MVA Settlement | Truck <br> Accident"
https://rodenlaw.com/blog/case-result/900000-settlement-workers-compensation/,case-result,3,en,2127,900000-settlement-workers-compensation,21,0,publish,"$900,000 Settlement | Workers' <br>
 Compensation"
https://rodenlaw.com/blog/case-result/950000-recovery-truck-accidents/,case-result,3,en,2126,950000-recovery-truck-accidents,14,0,publish,"$950,000 Recovery | Truck <br> Accident"
https://rodenlaw.com/blog/case-result/1000000-recovery-auto-accident/,case-result,3,en,2125,1000000-recovery-auto-accident,10,0,publish,"$1,000,000 Recovery | Auto <br>
 Accident"
https://rodenlaw.com/blog/case-result/1000000-settlement-auto-accident-2/,case-result,3,en,2124,1000000-settlement-auto-accident-2,11,0,publish,"$1,000,000 Settlement | Auto <br>
 Accident"
https://rodenlaw.com/blog/case-result/1000000-settlement-auto-accident/,case-result,3,en,2123,1000000-settlement-auto-accident,10,0,publish,"$1,000,000 Settlement | Auto <br>
 Accident"
https://rodenlaw.com/blog/case-result/1300000-settlement-auto-accident/,case-result,3,en,2122,1300000-settlement-auto-accident,15,0,publish,"$1,300,000 Settlement | Auto <br>
 Accident"
https://rodenlaw.com/blog/case-result/1550000-settlement-auto-accident/,case-result,3,en,2121,1550000-settlement-auto-accident,22,0,publish,"$1,550,000 Settlement | Auto <br>
 Accident"
https://rodenlaw.com/blog/case-result/1675000-recovery-auto-accident/,case-result,3,en,2120,1675000-recovery-auto-accident,19,0,publish,"$1,675,000 Recovery | Auto <br>
 Accident"
https://rodenlaw.com/blog/case-result/2500000-settlement-auto-accident/,case-result,3,en,2119,2500000-settlement-auto-accident,31,0,publish,"$2,500,000 Settlement | Auto <br>
 Accident"
https://rodenlaw.com/blog/case-result/3000000-settlement-auto-accident/,case-result,3,en,2118,3000000-settlement-auto-accident,14,0,publish,"$3,000,000 Settlement | Auto <br>
 Accident"
https://rodenlaw.com/blog/case-result/3350000-verdict-premises-liability/,case-result,3,en,2117,3350000-verdict-premises-liability,18,0,publish,"$3,350,000 Verdict | Premises <br>
 Liability"
https://rodenlaw.com/blog/case-result/9800000-recovery-premises-liability/,case-result,3,en,2116,9800000-recovery-premises-liability,15,0,publish,"$9,800,000 Recovery | Premises <br>
 Liability"
https://rodenlaw.com/blog/case-result/10860000-verdict-product-liability/,case-result,3,en,2115,10860000-verdict-product-liability,15,0,publish,"$10,860,000 Verdict | Product <br>
 Liability"
https://rodenlaw.com/blog/case-result/27000000-settlement-truck-accidents/,case-result,3,en,2114,27000000-settlement-truck-accidents,11,0,publish,"$27,000,000 Settlement | Truck <br> Accident"
https://rodenlaw.com/blog/staff/hillary-burris/,staff,3,en,3548,hillary-burris,0,0,publish,"Hillary Burris"
https://rodenlaw.com/blog/staff/carolin-shaw/,staff,3,en,3546,carolin-shaw,0,0,publish,"Caroline Shaw"
https://rodenlaw.com/blog/staff/christina-butkus/,staff,3,en,3544,christina-butkus,0,0,publish,"Christina Butkus"
https://rodenlaw.com/blog/staff/haley-yokeley/,staff,3,en,3541,haley-yokeley,0,0,publish,"Haley Yokeley"
https://rodenlaw.com/blog/staff/logan-wiggins/,staff,3,en,2913,logan-wiggins,0,0,publish,"Logan Wiggins"
https://rodenlaw.com/blog/staff/zoe-link/,staff,3,en,2824,zoe-link,0,0,publish,"Zoe Link"
https://rodenlaw.com/blog/staff/stephanie-aguirre/,staff,3,en,2618,stephanie-aguirre,0,0,publish,"Stephanie Aguirre"
https://rodenlaw.com/blog/staff/megan-socha/,staff,3,en,2621,megan-socha,0,0,publish,"Megan Socha"
https://rodenlaw.com/blog/staff/logan-sudholz/,staff,3,en,2624,logan-sudholz,0,0,publish,"Logan Sudholz"
https://rodenlaw.com/blog/staff/amsi-raudales/,staff,3,en,2626,amsi-raudales,0,0,publish,"Amsi Raudales"
https://rodenlaw.com/blog/staff/kelli-threm/,staff,3,en,2627,kelli-threm,0,0,publish,"Kelli Threm"
https://rodenlaw.com/blog/staff/dyanna-velez/,staff,3,en,2628,dyanna-velez,0,0,publish,"Dyanna Velez"
https://rodenlaw.com/blog/staff/maddie-dowling/,staff,3,en,2619,maddie-dowling,0,0,publish,"Maddie Dowling"
https://rodenlaw.com/blog/staff/marina-baldwin/,staff,3,en,2620,marina-baldwin,0,0,publish,"Marina Baldwin"
https://rodenlaw.com/testimonials/byshiba-moon/,testimonial,2,en,3108,byshiba-moon,11,0,publish,"Byshiba Moon"
https://rodenlaw.com/testimonials/charles-constant/,testimonial,2,en,3095,charles-constant,16,0,publish,"Charles Constant"
https://rodenlaw.com/testimonials/joshua-johnson/,testimonial,2,en,3053,joshua-johnson,19,0,publish,"Joshua Johnson"
https://rodenlaw.com/testimonials/kim-howard/,testimonial,2,en,3026,kim-howard,15,0,publish,"Kim Howard"
https://rodenlaw.com/testimonials/bryant-grinnell/,testimonial,2,en,3020,bryant-grinnell,28,0,publish,"Bryant Grinnell"
https://rodenlaw.com/testimonials/rebecca-harris/,testimonial,2,en,2820,rebecca-harris,140,0,publish,"Rebecca Harris"
https://rodenlaw.com/testimonials/tie-miller/,testimonial,2,en,2815,tie-miller,196,0,publish,"Tie Miller"
https://rodenlaw.com/testimonials/lizzie-kirkley/,testimonial,2,en,2808,lizzie-kirkley,22,0,publish,"Lizzie Kirkley"
https://rodenlaw.com/testimonials/a-mcgee/,testimonial,2,en,2782,a-mcgee,24,0,publish,"A. McGee"
https://rodenlaw.com/testimonials/s-miller/,testimonial,2,en,2759,s-miller,33,0,publish,"S Miller"
https://rodenlaw.com/testimonials/britany-roberson/,testimonial,2,en,2758,britany-roberson,29,0,publish,"Britany Roberson"
https://rodenlaw.com/testimonials/nicole-barber/,testimonial,2,en,2756,nicole-barber,88,0,publish,"NiCole Barber"
https://rodenlaw.com/testimonials/ben-young/,testimonial,2,en,2715,ben-young,80,0,publish,"Ben Young"
https://rodenlaw.com/testimonials/dante-williams-dante/,testimonial,2,en,2688,dante-williams-dante,83,0,publish,"dante williams (Dante)"
https://rodenlaw.com/testimonials/bryston-butler/,testimonial,2,en,2687,bryston-butler,32,0,publish,"Bryston Butler"
https://rodenlaw.com/testimonials/kmarieee-_/,testimonial,2,en,2686,kmarieee-_,96,0,publish,"KMarieee _"
https://rodenlaw.com/testimonials/rachel-fraser/,testimonial,2,en,2642,rachel-fraser,20,0,publish,"Rachel Fraser"
https://rodenlaw.com/testimonials/anthony-b/,testimonial,2,en,1902,anthony-b,68,0,publish,"Anthony B."
https://rodenlaw.com/testimonials/megan-l/,testimonial,2,en,1901,megan-l,74,0,publish,"Megan L."
https://rodenlaw.com/testimonials/ashley-b/,testimonial,2,en,1900,ashley-b,35,0,publish,"Ashley B."
https://rodenlaw.com/testimonials/ricky-h/,testimonial,2,en,1897,ricky-h,35,0,publish,"Ricky H."
https://rodenlaw.com/personal-injury-lawyers/north-charleston-sc/,practice_area,2,en,5275,north-charleston-sc,280,4692,publish,"Personal Injury Lawyers in North Charleston, SC"
https://rodenlaw.com/car-accident-lawyers/simpsonville-sc/,practice_area,2,en,5274,simpsonville-sc,230,3604,publish,"Car Accident Lawyers in Simpsonville, SC"
https://rodenlaw.com/car-accident-lawyers/greer-sc/,practice_area,2,en,5273,greer-sc,264,3604,publish,"Car Accident Lawyers in Greer, SC"
https://rodenlaw.com/car-accident-lawyers/fort-mill-sc/,practice_area,2,en,5272,fort-mill-sc,272,3604,publish,"Car Accident Lawyers in Fort Mill, SC"
https://rodenlaw.com/workers-compensation-lawyers/rock-hill-sc/,practice_area,2,en,5271,rock-hill-sc,219,3610,publish,"Workers' Compensation Lawyers in Rock Hill, SC"
https://rodenlaw.com/truck-accident-lawyers/rock-hill-sc/,practice_area,2,en,5270,rock-hill-sc,206,3605,publish,"Truck Accident Lawyers in Rock Hill, SC"
https://rodenlaw.com/car-accident-lawyers/rock-hill-sc/,practice_area,2,en,5269,rock-hill-sc,294,3604,publish,"Car Accident Lawyers in Rock Hill, SC"
https://rodenlaw.com/workers-compensation-lawyers/spartanburg-sc/,practice_area,2,en,5268,spartanburg-sc,235,3610,publish,"Workers' Compensation Lawyers in Spartanburg, SC"
https://rodenlaw.com/motorcycle-accident-lawyers/spartanburg-sc/,practice_area,2,en,5267,spartanburg-sc,214,3607,publish,"Motorcycle Accident Lawyers in Spartanburg, SC"
https://rodenlaw.com/truck-accident-lawyers/spartanburg-sc/,practice_area,2,en,5266,spartanburg-sc,224,3605,publish,"Truck Accident Lawyers in Spartanburg, SC"
https://rodenlaw.com/car-accident-lawyers/spartanburg-sc/,practice_area,2,en,5265,spartanburg-sc,261,3604,publish,"Car Accident Lawyers in Spartanburg, SC"
https://rodenlaw.com/car-accident-lawyers/irmo-sc/,practice_area,2,en,5264,irmo-sc,223,3604,publish,"Car Accident Lawyers in Irmo, SC"
https://rodenlaw.com/car-accident-lawyers/blythewood-sc/,practice_area,2,en,5263,blythewood-sc,219,3604,publish,"Car Accident Lawyers in Blythewood, SC"
https://rodenlaw.com/car-accident-lawyers/sumter-sc/,practice_area,2,en,5262,sumter-sc,269,3604,publish,"Car Accident Lawyers in Sumter, SC"
https://rodenlaw.com/personal-injury-lawyers/orangeburg-sc/,practice_area,2,en,5261,orangeburg-sc,195,4692,publish,"Personal Injury Lawyers in Orangeburg, SC"
https://rodenlaw.com/car-accident-lawyers/orangeburg-sc/,practice_area,2,en,5260,orangeburg-sc,271,3604,publish,"Car Accident Lawyers in Orangeburg, SC"
https://rodenlaw.com/personal-injury-lawyers/pawleys-island-sc/,practice_area,2,en,5259,pawleys-island-sc,245,4692,publish,"Personal Injury Lawyers in Pawleys Island, SC"
https://rodenlaw.com/car-accident-lawyers/north-myrtle-beach-sc/,practice_area,2,en,5258,north-myrtle-beach-sc,268,3604,publish,"Car Accident Lawyers in North Myrtle Beach, SC"
https://rodenlaw.com/personal-injury-lawyers/conway-sc/,practice_area,2,en,5257,conway-sc,212,4692,publish,"Personal Injury Lawyers in Conway, SC"
https://rodenlaw.com/truck-accident-lawyers/conway-sc/,practice_area,2,en,5256,conway-sc,233,3605,publish,"Truck Accident Lawyers in Conway, SC"
https://rodenlaw.com/car-accident-lawyers/conway-sc/,practice_area,2,en,5255,conway-sc,310,3604,publish,"Car Accident Lawyers in Conway, SC"
https://rodenlaw.com/personal-injury-lawyers/hilton-head-sc/,practice_area,2,en,5254,hilton-head-sc,296,4692,publish,"Personal Injury Lawyers in Hilton Head Island, SC"
https://rodenlaw.com/personal-injury-lawyers/mount-pleasant-sc/,practice_area,2,en,5253,mount-pleasant-sc,225,4692,publish,"Personal Injury Lawyers in Mount Pleasant, SC"
https://rodenlaw.com/car-accident-lawyers/mount-pleasant-sc/,practice_area,2,en,5252,mount-pleasant-sc,275,3604,publish,"Car Accident Lawyers in Mount Pleasant, SC"
https://rodenlaw.com/truck-accident-lawyers/moncks-corner-sc/,practice_area,2,en,5251,moncks-corner-sc,235,3605,publish,"Truck Accident Lawyers in Moncks Corner, SC"
https://rodenlaw.com/car-accident-lawyers/moncks-corner-sc/,practice_area,2,en,5250,moncks-corner-sc,241,3604,publish,"Car Accident Lawyers in Moncks Corner, SC"
https://rodenlaw.com/slip-and-fall-lawyers/goose-creek-sc/,practice_area,2,en,5249,goose-creek-sc,255,3606,publish,"Slip & Fall Lawyers in Goose Creek, SC"
https://rodenlaw.com/personal-injury-lawyers/goose-creek-sc/,practice_area,2,en,5248,goose-creek-sc,204,4692,publish,"Personal Injury Lawyers in Goose Creek, SC"
https://rodenlaw.com/workers-compensation-lawyers/goose-creek-sc/,practice_area,2,en,5247,goose-creek-sc,259,3610,publish,"Workers' Compensation Lawyers in Goose Creek, SC"
https://rodenlaw.com/car-accident-lawyers/goose-creek-sc/,practice_area,2,en,5246,goose-creek-sc,291,3604,publish,"Car Accident Lawyers in Goose Creek, SC"
https://rodenlaw.com/personal-injury-lawyers/summerville-sc/,practice_area,2,en,5245,summerville-sc,256,4692,publish,"Personal Injury Lawyers in Summerville, SC"
https://rodenlaw.com/workers-compensation-lawyers/summerville-sc/,practice_area,2,en,5244,summerville-sc,268,3610,publish,"Workers' Compensation Lawyers in Summerville, SC"
https://rodenlaw.com/motorcycle-accident-lawyers/summerville-sc/,practice_area,2,en,5243,summerville-sc,248,3607,publish,"Motorcycle Accident Lawyers in Summerville, SC"
https://rodenlaw.com/truck-accident-lawyers/summerville-sc/,practice_area,2,en,5242,summerville-sc,321,3605,publish,"Truck Accident Lawyers in Summerville, SC"
https://rodenlaw.com/car-accident-lawyers/summerville-sc/,practice_area,2,en,5241,summerville-sc,354,3604,publish,"Car Accident Lawyers in Summerville, SC"
https://rodenlaw.com/es/practice-areas/personal-injury-lawyers/,practice_area,3,es,5200,es-personal-injury-lawyers,1299,0,publish,"Abogados de Lesiones Personales"
https://rodenlaw.com/es/pedestrian-accident-lawyers/myrtle-beach-sc/,practice_area,3,es,5199,myrtle-beach-sc,583,4878,publish,"Abogados de Accidentes de Peatones en Myrtle Beach, SC"
https://rodenlaw.com/es/pedestrian-accident-lawyers/columbia-sc/,practice_area,3,es,5198,columbia-sc,590,4878,publish,"Abogados de Accidentes de Peatones en Columbia, SC"
https://rodenlaw.com/es/pedestrian-accident-lawyers/north-charleston-sc/,practice_area,3,es,5197,north-charleston-sc,569,4878,publish,"Abogados de Accidentes de Peatones en North Charleston, SC"
https://rodenlaw.com/es/pedestrian-accident-lawyers/charleston-sc/,practice_area,3,es,5196,charleston-sc,609,4878,publish,"Abogados de Accidentes de Peatones en Charleston, SC"
https://rodenlaw.com/es/pedestrian-accident-lawyers/darien-ga/,practice_area,3,es,5195,darien-ga,475,4878,publish,"Abogados de Accidentes de Peatones en Darien, GA"
https://rodenlaw.com/es/pedestrian-accident-lawyers/savannah-ga/,practice_area,3,es,5194,savannah-ga,484,4878,publish,"Abogados de Accidentes de Peatones en Savannah, GA"
https://rodenlaw.com/es/bicycle-accident-lawyers/myrtle-beach-sc/,practice_area,3,es,5193,myrtle-beach-sc,643,4898,publish,"Abogados de Accidentes de Bicicleta en Myrtle Beach, SC"
https://rodenlaw.com/es/bicycle-accident-lawyers/columbia-sc/,practice_area,3,es,5192,columbia-sc,641,4898,publish,"Abogados de Accidentes de Bicicleta en Columbia, SC"
https://rodenlaw.com/es/bicycle-accident-lawyers/north-charleston-sc/,practice_area,3,es,5191,north-charleston-sc,627,4898,publish,"Abogados de Accidentes de Bicicleta en North Charleston, SC"
https://rodenlaw.com/es/bicycle-accident-lawyers/charleston-sc/,practice_area,3,es,5190,charleston-sc,637,4898,publish,"Abogados de Accidentes de Bicicleta en Charleston, SC"
https://rodenlaw.com/es/bicycle-accident-lawyers/darien-ga/,practice_area,3,es,5189,darien-ga,833,4898,publish,"Abogados de Accidentes de Bicicleta en Darien, GA"
https://rodenlaw.com/es/bicycle-accident-lawyers/savannah-ga/,practice_area,3,es,5188,savannah-ga,826,4898,publish,"Abogados de Accidentes de Bicicleta en Savannah, GA"
https://rodenlaw.com/es/motorcycle-accident-lawyers/myrtle-beach-sc/,practice_area,3,es,5187,myrtle-beach-sc,663,4877,publish,"Abogados de Accidentes de Motocicleta en Myrtle Beach, SC"
https://rodenlaw.com/es/motorcycle-accident-lawyers/columbia-sc/,practice_area,3,es,5186,columbia-sc,678,4877,publish,"Abogados de Accidentes de Motocicleta en Columbia, SC"
https://rodenlaw.com/es/motorcycle-accident-lawyers/north-charleston-sc/,practice_area,3,es,5185,north-charleston-sc,678,4877,publish,"Abogados de Accidentes de Motocicleta en North Charleston, SC"
https://rodenlaw.com/es/motorcycle-accident-lawyers/charleston-sc/,practice_area,3,es,5184,charleston-sc,668,4877,publish,"Abogados de Accidentes de Motocicleta en Charleston, SC"
https://rodenlaw.com/es/motorcycle-accident-lawyers/darien-ga/,practice_area,3,es,5183,darien-ga,591,4877,publish,"Abogados de Accidentes de Motocicleta en Darien, GA"
https://rodenlaw.com/es/motorcycle-accident-lawyers/savannah-ga/,practice_area,3,es,5182,savannah-ga,613,4877,publish,"Abogados de Accidentes de Motocicleta en Savannah, GA"
https://rodenlaw.com/es/workers-compensation-lawyers/darien-ga/,practice_area,3,es,5168,darien-ga,1316,4875,publish,"Abogados de Compensación Laboral en Darien, GA"
https://rodenlaw.com/workers-compensation-lawyers/gulfstream-aerospace-injury/,practice_area,2,en,5167,gulfstream-aerospace-injury,2003,3610,publish,"Gulfstream & Aerospace Worker Injury Lawyers"
https://rodenlaw.com/workers-compensation-lawyers/savannah-port-worker-injury/,practice_area,2,en,5162,savannah-port-worker-injury,1489,3610,publish,"Savannah Port Worker Injury Lawyers"
https://rodenlaw.com/personal-injury-lawyers/charleston-sc/,practice_area,2,en,5052,charleston-sc,2173,4692,publish,"Personal Injury Lawyers in Charleston, SC"
https://rodenlaw.com/personal-injury-lawyers/myrtle-beach-sc/,practice_area,2,en,5051,myrtle-beach-sc,2033,4692,publish,"Personal Injury Lawyers in Myrtle Beach, SC"
https://rodenlaw.com/es/construction-accident-lawyers/myrtle-beach-sc/,practice_area,3,es,4921,myrtle-beach-sc,518,4876,publish,"Abogados de Accidentes de Construcción en Myrtle Beach, SC"
https://rodenlaw.com/es/workers-compensation-lawyers/myrtle-beach-sc/,practice_area,3,es,4920,myrtle-beach-sc,497,4875,publish,"Abogados de Compensación Laboral en Myrtle Beach, SC"
https://rodenlaw.com/es/truck-accident-lawyers/myrtle-beach-sc/,practice_area,3,es,4919,myrtle-beach-sc,449,4874,publish,"Abogados de Accidentes de Camiones en Myrtle Beach, SC"
https://rodenlaw.com/es/car-accident-lawyers/myrtle-beach-sc/,practice_area,3,es,4918,myrtle-beach-sc,462,4873,publish,"Abogados de Accidentes de Auto en Myrtle Beach, SC"
https://rodenlaw.com/es/construction-accident-lawyers/savannah-ga/,practice_area,3,es,4917,savannah-ga,469,4876,publish,"Abogados de Accidentes de Construcción en Savannah, GA"
https://rodenlaw.com/es/workers-compensation-lawyers/savannah-ga/,practice_area,3,es,4916,savannah-ga,450,4875,publish,"Abogados de Compensación Laboral en Savannah, GA"
https://rodenlaw.com/es/truck-accident-lawyers/savannah-ga/,practice_area,3,es,4915,savannah-ga,468,4874,publish,"Abogados de Accidentes de Camiones en Savannah, GA"
https://rodenlaw.com/es/car-accident-lawyers/savannah-ga/,practice_area,3,es,4914,savannah-ga,1058,4873,publish,"Abogados de Accidentes de Auto en Savannah, GA"
https://rodenlaw.com/es/construction-accident-lawyers/columbia-sc/,practice_area,3,es,4913,columbia-sc,481,4876,publish,"Abogados de Accidentes de Construcción en Columbia, SC"
https://rodenlaw.com/es/workers-compensation-lawyers/columbia-sc/,practice_area,3,es,4912,columbia-sc,456,4875,publish,"Abogados de Compensación Laboral en Columbia, SC"
https://rodenlaw.com/es/truck-accident-lawyers/columbia-sc/,practice_area,3,es,4911,columbia-sc,486,4874,publish,"Abogados de Accidentes de Camiones en Columbia, SC"
https://rodenlaw.com/es/car-accident-lawyers/columbia-sc/,practice_area,3,es,4910,columbia-sc,512,4873,publish,"Abogados de Accidentes de Auto en Columbia, SC"
https://rodenlaw.com/es/construction-accident-lawyers/north-charleston-sc/,practice_area,3,es,4909,north-charleston-sc,458,4876,publish,"Abogados de Accidentes de Construcción en North Charleston, SC"
https://rodenlaw.com/es/workers-compensation-lawyers/north-charleston-sc/,practice_area,3,es,4908,north-charleston-sc,474,4875,publish,"Abogados de Compensación Laboral en North Charleston, SC"
https://rodenlaw.com/es/truck-accident-lawyers/north-charleston-sc/,practice_area,3,es,4907,north-charleston-sc,492,4874,publish,"Abogados de Accidentes de Camiones en North Charleston, SC"
https://rodenlaw.com/es/car-accident-lawyers/north-charleston-sc/,practice_area,3,es,4906,north-charleston-sc,395,4873,publish,"Abogados de Accidentes de Auto en North Charleston, SC"
https://rodenlaw.com/es/construction-accident-lawyers/charleston-sc/,practice_area,3,es,4905,charleston-sc,526,4876,publish,"Abogados de Accidentes de Construcción en Charleston, SC"
https://rodenlaw.com/es/workers-compensation-lawyers/charleston-sc/,practice_area,3,es,4904,charleston-sc,518,4875,publish,"Abogados de Compensación Laboral en Charleston, SC"
https://rodenlaw.com/es/truck-accident-lawyers/charleston-sc/,practice_area,3,es,4903,charleston-sc,497,4874,publish,"Abogados de Accidentes de Camiones en Charleston, SC"
https://rodenlaw.com/es/car-accident-lawyers/charleston-sc/,practice_area,3,es,4902,charleston-sc,503,4873,publish,"Abogados de Accidentes de Auto en Charleston, SC"
https://rodenlaw.com/es/practice-areas/golf-cart-accident-lawyers/,practice_area,3,es,4901,es-golf-cart-accident-lawyers,934,0,publish,"Abogados de Accidentes de Carritos de Golf"
https://rodenlaw.com/es/practice-areas/atv-side-by-side-accident-lawyers/,practice_area,3,es,4900,es-atv-side-by-side-accident-lawyers,878,0,publish,"Abogados de Accidentes de ATV y Side-by-Side"
https://rodenlaw.com/es/practice-areas/electric-scooter-accident-lawyers/,practice_area,3,es,4899,es-electric-scooter-accident-lawyers,893,0,publish,"Abogados de Accidentes de Scooter Eléctrico"
https://rodenlaw.com/es/practice-areas/bicycle-accident-lawyers/,practice_area,3,es,4898,es-bicycle-accident-lawyers,1071,0,publish,"Abogados de Accidentes de Bicicleta"
https://rodenlaw.com/es/practice-areas/nursing-home-abuse-lawyers/,practice_area,3,es,4897,es-nursing-home-abuse-lawyers,1266,0,publish,"Abogados de Abuso en Hogares de Ancianos"
https://rodenlaw.com/es/practice-areas/burn-injury-lawyers/,practice_area,3,es,4896,es-burn-injury-lawyers,1252,0,publish,"Abogados de Quemaduras"
https://rodenlaw.com/es/practice-areas/boating-accident-lawyers/,practice_area,3,es,4895,es-boating-accident-lawyers,1305,0,publish,"Abogados de Accidentes de Navegación"
https://rodenlaw.com/es/practice-areas/maritime-injury-lawyers/,practice_area,3,es,4894,es-maritime-injury-lawyers,1267,0,publish,"Abogados de Lesiones Marítimas"
https://rodenlaw.com/es/practice-areas/premises-liability-lawyers/,practice_area,3,es,4893,es-premises-liability-lawyers,1361,0,publish,"Abogados de Responsabilidad de Locales"
https://rodenlaw.com/es/practice-areas/product-liability-lawyers/,practice_area,3,es,4892,es-product-liability-lawyers,1215,0,publish,"Abogados de Responsabilidad de Productos"
https://rodenlaw.com/es/practice-areas/spinal-cord-injury-lawyers/,practice_area,3,es,4891,es-spinal-cord-injury-lawyers,1273,0,publish,"Abogados de Lesiones de la Médula Espinal"
https://rodenlaw.com/es/practice-areas/brain-injury-lawyers/,practice_area,3,es,4890,es-brain-injury-lawyers,1283,0,publish,"Abogados de Lesiones Cerebrales"
https://rodenlaw.com/es/practice-areas/wrongful-death-lawyers/,practice_area,3,es,4882,es-wrongful-death-lawyers,1252,0,publish,"Abogados de Muerte por Negligencia"
https://rodenlaw.com/es/practice-areas/medical-malpractice-lawyers/,practice_area,3,es,4881,es-medical-malpractice-lawyers,1294,0,publish,"Abogados de Negligencia Médica"
https://rodenlaw.com/es/practice-areas/dog-bite-lawyers/,practice_area,3,es,4880,es-dog-bite-lawyers,1187,0,publish,"Abogados de Mordeduras de Perro"
https://rodenlaw.com/es/practice-areas/slip-and-fall-lawyers/,practice_area,3,es,4879,es-slip-and-fall-lawyers,1215,0,publish,"Abogados de Accidentes por Caídas"
https://rodenlaw.com/es/practice-areas/pedestrian-accident-lawyers/,practice_area,3,es,4878,es-pedestrian-accident-lawyers,1230,0,publish,"Abogados de Accidentes de Peatones"
https://rodenlaw.com/es/practice-areas/motorcycle-accident-lawyers/,practice_area,3,es,4877,es-motorcycle-accident-lawyers,1090,0,publish,"Abogados de Accidentes de Motocicleta"
https://rodenlaw.com/es/practice-areas/construction-accident-lawyers/,practice_area,3,es,4876,es-construction-accident-lawyers,1330,0,publish,"Abogados de Accidentes de Construcción"
https://rodenlaw.com/es/practice-areas/workers-compensation-lawyers/,practice_area,3,es,4875,es-workers-compensation-lawyers,1302,0,publish,"Abogados de Compensación Laboral"
https://rodenlaw.com/es/practice-areas/truck-accident-lawyers/,practice_area,3,es,4874,es-truck-accident-lawyers,1219,0,publish,"Abogados de Accidentes de Camiones"
https://rodenlaw.com/es/practice-areas/car-accident-lawyers/,practice_area,3,es,4873,es-car-accident-lawyers,1202,0,publish,"Abogados de Accidentes de Auto"
https://rodenlaw.com/personal-injury-lawyers/columbia-sc/,practice_area,2,en,4793,columbia-sc,1102,4692,publish,"Personal Injury Lawyers in Columbia, SC"
https://rodenlaw.com/practice-areas/personal-injury-lawyers/,practice_area,2,en,4692,personal-injury-lawyers,1253,0,publish,"Personal Injury Lawyers"
https://rodenlaw.com/slip-and-fall-lawyers/retail-shopping-center-fall/,practice_area,2,en,4638,retail-shopping-center-fall,656,3606,publish,"Retail & Shopping Center Slip and Fall Lawyers"
https://rodenlaw.com/pedestrian-accident-lawyers/rivers-avenue-pedestrian/,practice_area,2,en,4637,rivers-avenue-pedestrian,643,3621,publish,"Rivers Avenue Pedestrian Accident Lawyers"
https://rodenlaw.com/motorcycle-accident-lawyers/dorchester-road-motorcycle/,practice_area,2,en,4636,dorchester-road-motorcycle,667,3607,publish,"Dorchester Road Motorcycle Accident Lawyers"
https://rodenlaw.com/construction-accident-lawyers/highway-construction-zone/,practice_area,2,en,4635,highway-construction-zone,523,3618,publish,"Highway Construction Zone Injury Lawyers"
https://rodenlaw.com/workers-compensation-lawyers/port-worker-injury/,practice_area,2,en,4631,port-worker-injury,710,3610,publish,"Port Worker Injury Lawyers"
https://rodenlaw.com/workers-compensation-lawyers/boeing-aerospace-injury/,practice_area,2,en,4629,boeing-aerospace-injury,811,3610,publish,"Boeing & Aerospace Worker Injury Lawyers"
https://rodenlaw.com/truck-accident-lawyers/cement-truck-accident/,practice_area,2,en,4628,cement-truck-accident,775,3605,publish,"Cement & Construction Truck Accident Lawyers"
https://rodenlaw.com/truck-accident-lawyers/port-freight-truck-accident/,practice_area,2,en,4627,port-freight-truck-accident,716,3605,publish,"Port & Freight Truck Accident Lawyers"
https://rodenlaw.com/truck-accident-lawyers/i-26-truck-accident/,practice_area,2,en,4626,i-26-truck-accident,867,3605,publish,"I-26 Truck Accident Lawyers"
https://rodenlaw.com/car-accident-lawyers/uber-lyft-accident/,practice_area,2,en,4625,uber-lyft-accident,840,3604,publish,"Uber & Lyft Accident Lawyers"
https://rodenlaw.com/car-accident-lawyers/dorchester-road-accident/,practice_area,2,en,4623,dorchester-road-accident,945,3604,publish,"Dorchester Road Car Accident Lawyers"
https://rodenlaw.com/car-accident-lawyers/ashley-phosphate-road-accident/,practice_area,2,en,4622,ashley-phosphate-road-accident,901,3604,publish,"Ashley Phosphate Road Car Accident Lawyers"
https://rodenlaw.com/car-accident-lawyers/rivers-avenue-accident/,practice_area,2,en,4621,rivers-avenue-accident,904,3604,publish,"Rivers Avenue Car Accident Lawyers"
https://rodenlaw.com/car-accident-lawyers/i-526-accident/,practice_area,2,en,4620,i-526-accident,875,3604,publish,"I-526 Car Accident Lawyers"
https://rodenlaw.com/car-accident-lawyers/i-26-accident/,practice_area,2,en,4619,i-26-accident,1072,3604,publish,"I-26 Car Accident Lawyers"
https://rodenlaw.com/practice-areas/e-bike-accident-lawyers/,practice_area,2,en,4578,e-bike-accident-lawyers,2180,0,publish,"E-Bike Accident Lawyers"
https://rodenlaw.com/golf-cart-accident-lawyers/north-charleston-sc/,practice_area,2,en,4561,north-charleston-sc,814,4090,publish,"Golf Cart Accident Lawyers in North Charleston, SC"
https://rodenlaw.com/atv-side-by-side-accident-lawyers/north-charleston-sc/,practice_area,2,en,4560,north-charleston-sc,798,4089,publish,"ATV & Side-by-Side Accident Lawyers in North Charleston, SC"
https://rodenlaw.com/electric-scooter-accident-lawyers/north-charleston-sc/,practice_area,2,en,4559,north-charleston-sc,799,4088,publish,"Electric Scooter Accident Lawyers in North Charleston, SC"
https://rodenlaw.com/bicycle-accident-lawyers/north-charleston-sc/,practice_area,2,en,4558,north-charleston-sc,786,4087,publish,"Bicycle Accident Lawyers in North Charleston, SC"
https://rodenlaw.com/pedestrian-accident-lawyers/north-charleston-sc/,practice_area,2,en,4557,north-charleston-sc,750,3621,publish,"Pedestrian Accident Lawyers in North Charleston, SC"
https://rodenlaw.com/premises-liability-lawyers/north-charleston-sc/,practice_area,2,en,4556,north-charleston-sc,854,3620,publish,"Premises Liability Lawyers in North Charleston, SC"
https://rodenlaw.com/nursing-home-abuse-lawyers/north-charleston-sc/,practice_area,2,en,4555,north-charleston-sc,806,3619,publish,"Nursing Home Abuse Lawyers in North Charleston, SC"
https://rodenlaw.com/construction-accident-lawyers/north-charleston-sc/,practice_area,2,en,4554,north-charleston-sc,857,3618,publish,"Construction Accident Lawyers in North Charleston, SC"
https://rodenlaw.com/burn-injury-lawyers/north-charleston-sc/,practice_area,2,en,4553,north-charleston-sc,867,3617,publish,"Burn Injury Lawyers in North Charleston, SC"
https://rodenlaw.com/boating-accident-lawyers/north-charleston-sc/,practice_area,2,en,4552,north-charleston-sc,766,3616,publish,"Boating Accident Lawyers in North Charleston, SC"
https://rodenlaw.com/product-liability-lawyers/north-charleston-sc/,practice_area,2,en,4551,north-charleston-sc,846,3615,publish,"Product Liability Lawyers in North Charleston, SC"
https://rodenlaw.com/maritime-injury-lawyers/north-charleston-sc/,practice_area,2,en,4550,north-charleston-sc,824,3614,publish,"Maritime Injury Lawyers in North Charleston, SC"
https://rodenlaw.com/spinal-cord-injury-lawyers/north-charleston-sc/,practice_area,2,en,4549,north-charleston-sc,869,3613,publish,"Spinal Cord Injury Lawyers in North Charleston, SC"
https://rodenlaw.com/brain-injury-lawyers/north-charleston-sc/,practice_area,2,en,4548,north-charleston-sc,884,3612,publish,"Brain Injury Lawyers in North Charleston, SC"
https://rodenlaw.com/dog-bite-lawyers/north-charleston-sc/,practice_area,2,en,4547,north-charleston-sc,758,3611,publish,"Dog Bite Lawyers in North Charleston, SC"
https://rodenlaw.com/workers-compensation-lawyers/north-charleston-sc/,practice_area,2,en,4546,north-charleston-sc,963,3610,publish,"Workers' Compensation Lawyers in North Charleston, SC"
https://rodenlaw.com/wrongful-death-lawyers/north-charleston-sc/,practice_area,2,en,4545,north-charleston-sc,901,3609,publish,"Wrongful Death Lawyers in North Charleston, SC"
https://rodenlaw.com/medical-malpractice-lawyers/north-charleston-sc/,practice_area,2,en,4544,north-charleston-sc,954,3608,publish,"Medical Malpractice Lawyers in North Charleston, SC"
https://rodenlaw.com/motorcycle-accident-lawyers/north-charleston-sc/,practice_area,2,en,4543,north-charleston-sc,903,3607,publish,"Motorcycle Accident Lawyers in North Charleston, SC"
https://rodenlaw.com/slip-and-fall-lawyers/north-charleston-sc/,practice_area,2,en,4542,north-charleston-sc,930,3606,publish,"Slip and Fall Lawyers in North Charleston, SC"
https://rodenlaw.com/truck-accident-lawyers/north-charleston-sc/,practice_area,2,en,4541,north-charleston-sc,917,3605,publish,"Truck Accident Lawyers in North Charleston, SC"
https://rodenlaw.com/car-accident-lawyers/north-charleston-sc/,practice_area,2,en,4540,north-charleston-sc,655,3604,publish,"Car Accident Lawyers in North Charleston, SC"
https://rodenlaw.com/golf-cart-accident-lawyers/myrtle-beach-sc/,practice_area,2,en,4251,myrtle-beach-sc,876,4090,publish,"Golf Cart Accident Lawyers in Myrtle Beach, SC"
https://rodenlaw.com/golf-cart-accident-lawyers/columbia-sc/,practice_area,2,en,4250,columbia-sc,838,4090,publish,"Golf Cart Accident Lawyers in Columbia, SC"
https://rodenlaw.com/golf-cart-accident-lawyers/charleston-sc/,practice_area,2,en,4249,charleston-sc,823,4090,publish,"Golf Cart Accident Lawyers in Charleston, SC"
https://rodenlaw.com/golf-cart-accident-lawyers/darien-ga/,practice_area,2,en,4248,darien-ga,1021,4090,publish,"Golf Cart Accident Lawyers in Darien, GA"
https://rodenlaw.com/golf-cart-accident-lawyers/savannah-ga/,practice_area,2,en,4247,savannah-ga,1017,4090,publish,"Golf Cart Accident Lawyers in Savannah, GA"
https://rodenlaw.com/atv-side-by-side-accident-lawyers/myrtle-beach-sc/,practice_area,2,en,4246,myrtle-beach-sc,831,4089,publish,"ATV & Side-by-Side Accident Lawyers in Myrtle Beach, SC"
https://rodenlaw.com/atv-side-by-side-accident-lawyers/columbia-sc/,practice_area,2,en,4245,columbia-sc,828,4089,publish,"ATV & Side-by-Side Accident Lawyers in Columbia, SC"
https://rodenlaw.com/atv-side-by-side-accident-lawyers/charleston-sc/,practice_area,2,en,4244,charleston-sc,823,4089,publish,"ATV & Side-by-Side Accident Lawyers in Charleston, SC"
https://rodenlaw.com/atv-side-by-side-accident-lawyers/darien-ga/,practice_area,2,en,4243,darien-ga,1004,4089,publish,"ATV & Side-by-Side Accident Lawyers in Darien, GA"
https://rodenlaw.com/atv-side-by-side-accident-lawyers/savannah-ga/,practice_area,2,en,4242,savannah-ga,1000,4089,publish,"ATV & Side-by-Side Accident Lawyers in Savannah, GA"
https://rodenlaw.com/electric-scooter-accident-lawyers/myrtle-beach-sc/,practice_area,2,en,4241,myrtle-beach-sc,833,4088,publish,"Electric Scooter Accident Lawyers in Myrtle Beach, SC"
https://rodenlaw.com/electric-scooter-accident-lawyers/columbia-sc/,practice_area,2,en,4240,columbia-sc,834,4088,publish,"Electric Scooter Accident Lawyers in Columbia, SC"
https://rodenlaw.com/electric-scooter-accident-lawyers/charleston-sc/,practice_area,2,en,4239,charleston-sc,820,4088,publish,"Electric Scooter Accident Lawyers in Charleston, SC"
https://rodenlaw.com/electric-scooter-accident-lawyers/darien-ga/,practice_area,2,en,4238,darien-ga,965,4088,publish,"Electric Scooter Accident Lawyers in Darien, GA"
https://rodenlaw.com/electric-scooter-accident-lawyers/savannah-ga/,practice_area,2,en,4237,savannah-ga,961,4088,publish,"Electric Scooter Accident Lawyers in Savannah, GA"
https://rodenlaw.com/bicycle-accident-lawyers/myrtle-beach-sc/,practice_area,2,en,4236,myrtle-beach-sc,790,4087,publish,"Bicycle Accident Lawyers in Myrtle Beach, SC"
https://rodenlaw.com/bicycle-accident-lawyers/columbia-sc/,practice_area,2,en,4235,columbia-sc,786,4087,publish,"Bicycle Accident Lawyers in Columbia, SC"
https://rodenlaw.com/bicycle-accident-lawyers/charleston-sc/,practice_area,2,en,4234,charleston-sc,802,4087,publish,"Bicycle Accident Lawyers in Charleston, SC"
https://rodenlaw.com/bicycle-accident-lawyers/darien-ga/,practice_area,2,en,4233,darien-ga,963,4087,publish,"Bicycle Accident Lawyers in Darien, GA"
https://rodenlaw.com/bicycle-accident-lawyers/savannah-ga/,practice_area,2,en,4232,savannah-ga,959,4087,publish,"Bicycle Accident Lawyers in Savannah, GA"
https://rodenlaw.com/electric-scooter-accident-lawyers/escooter-intersection-crash/,practice_area,2,en,4229,escooter-intersection-crash,1079,4088,publish,"E-Scooter Intersection Crash Lawyers"
https://rodenlaw.com/electric-scooter-accident-lawyers/ride-share-scooter-accident/,practice_area,2,en,4228,ride-share-scooter-accident,868,4088,publish,"Ride-Share Scooter (Lime, Bird) Accident Lawyers"
https://rodenlaw.com/electric-scooter-accident-lawyers/escooter-pedestrian-accident/,practice_area,2,en,4227,escooter-pedestrian-accident,852,4088,publish,"E-Scooter Pedestrian Accident Lawyers"
https://rodenlaw.com/electric-scooter-accident-lawyers/road-hazard-escooter-crash/,practice_area,2,en,4226,road-hazard-escooter-crash,911,4088,publish,"Road Hazard E-Scooter Crash Lawyers"
https://rodenlaw.com/electric-scooter-accident-lawyers/scooter-malfunction-defect/,practice_area,2,en,4225,scooter-malfunction-defect,876,4088,publish,"Scooter Malfunction and Defect Lawyers"
https://rodenlaw.com/electric-scooter-accident-lawyers/escooter-vehicle-collision/,practice_area,2,en,4224,escooter-vehicle-collision,946,4088,publish,"E-Scooter vs. Vehicle Collision Lawyers"
https://rodenlaw.com/premises-liability-lawyers/amusement-park-recreational-injury/,practice_area,2,en,4223,amusement-park-recreational-injury,848,3620,publish,"Amusement Park and Recreational Injury Lawyers"
https://rodenlaw.com/premises-liability-lawyers/elevator-escalator-accident/,practice_area,2,en,4222,elevator-escalator-accident,853,3620,publish,"Elevator and Escalator Accident Lawyers"
https://rodenlaw.com/premises-liability-lawyers/inadequate-security/,practice_area,2,en,4221,inadequate-security,840,3620,publish,"Inadequate Security Lawyers"
https://rodenlaw.com/premises-liability-lawyers/swimming-pool-accident/,practice_area,2,en,4220,swimming-pool-accident,825,3620,publish,"Swimming Pool Accident Lawyers"
https://rodenlaw.com/premises-liability-lawyers/parking-lot-garage-accident/,practice_area,2,en,4219,parking-lot-garage-accident,767,3620,publish,"Parking Lot and Garage Accident Lawyers"
https://rodenlaw.com/premises-liability-lawyers/apartment-complex-injury/,practice_area,2,en,4218,apartment-complex-injury,868,3620,publish,"Apartment Complex Injury Lawyers"
https://rodenlaw.com/premises-liability-lawyers/restaurant-hotel-injury/,practice_area,2,en,4217,restaurant-hotel-injury,805,3620,publish,"Restaurant and Hotel Injury Lawyers"
https://rodenlaw.com/premises-liability-lawyers/retail-store-shopping-center-injury/,practice_area,2,en,4216,retail-store-shopping-center-injury,893,3620,publish,"Retail Store and Shopping Center Injury Lawyers"
https://rodenlaw.com/spinal-cord-injury-lawyers/spinal-cord-injury-car-accident/,practice_area,2,en,4215,spinal-cord-injury-car-accident,838,3613,publish,"Spinal Cord Injuries in Car Accidents"
https://rodenlaw.com/spinal-cord-injury-lawyers/cauda-equina-syndrome/,practice_area,2,en,4214,cauda-equina-syndrome,844,3613,publish,"Cauda Equina Syndrome Lawyers"
https://rodenlaw.com/spinal-cord-injury-lawyers/spinal-fracture/,practice_area,2,en,4213,spinal-fracture,848,3613,publish,"Spinal Fracture Lawyers"
https://rodenlaw.com/spinal-cord-injury-lawyers/herniated-ruptured-disc/,practice_area,2,en,4212,herniated-ruptured-disc,916,3613,publish,"Herniated and Ruptured Disc Lawyers"
https://rodenlaw.com/spinal-cord-injury-lawyers/tetraplegia-quadriplegia/,practice_area,2,en,4211,tetraplegia-quadriplegia,852,3613,publish,"Tetraplegia / Quadriplegia Lawyers"
https://rodenlaw.com/spinal-cord-injury-lawyers/paraplegia/,practice_area,2,en,4210,paraplegia,774,3613,publish,"Paraplegia Lawyers"
https://rodenlaw.com/spinal-cord-injury-lawyers/incomplete-spinal-cord-injury/,practice_area,2,en,4209,incomplete-spinal-cord-injury,896,3613,publish,"Incomplete Spinal Cord Injury Lawyers"
https://rodenlaw.com/spinal-cord-injury-lawyers/complete-spinal-cord-injury/,practice_area,2,en,4208,complete-spinal-cord-injury,994,3613,publish,"Complete Spinal Cord Injury Lawyers"
https://rodenlaw.com/brain-injury-lawyers/second-impact-syndrome/,practice_area,2,en,4207,second-impact-syndrome,945,3612,publish,"Second Impact Syndrome Lawyers"
https://rodenlaw.com/brain-injury-lawyers/birth-related-brain-injury/,practice_area,2,en,4206,birth-related-brain-injury,981,3612,publish,"Birth-Related Brain Injury Lawyers"
https://rodenlaw.com/brain-injury-lawyers/sports-related-brain-injury/,practice_area,2,en,4205,sports-related-brain-injury,886,3612,publish,"Sports-Related Brain Injury Lawyers"
https://rodenlaw.com/brain-injury-lawyers/anoxic-hypoxic-brain-injury/,practice_area,2,en,4204,anoxic-hypoxic-brain-injury,985,3612,publish,"Anoxic and Hypoxic Brain Injury Lawyers"
https://rodenlaw.com/brain-injury-lawyers/penetrating-brain-injury/,practice_area,2,en,4203,penetrating-brain-injury,895,3612,publish,"Penetrating Brain Injury Lawyers"
https://rodenlaw.com/brain-injury-lawyers/closed-head-injury/,practice_area,2,en,4202,closed-head-injury,1045,3612,publish,"Closed Head Injury Lawyers"
https://rodenlaw.com/brain-injury-lawyers/severe-traumatic-brain-injury/,practice_area,2,en,4201,severe-traumatic-brain-injury,925,3612,publish,"Severe Traumatic Brain Injury Lawyers"
https://rodenlaw.com/brain-injury-lawyers/concussion-mild-tbi/,practice_area,2,en,4200,concussion-mild-tbi,943,3612,publish,"Concussion and Mild TBI Lawyers"
https://rodenlaw.com/medical-malpractice-lawyers/informed-consent-failure/,practice_area,2,en,4199,informed-consent-failure,893,3608,publish,"Failure to Obtain Informed Consent Lawyers"
https://rodenlaw.com/medical-malpractice-lawyers/hospital-acquired-infection/,practice_area,2,en,4198,hospital-acquired-infection,771,3608,publish,"Hospital-Acquired Infection Lawyers"
https://rodenlaw.com/medical-malpractice-lawyers/emergency-room-negligence/,practice_area,2,en,4197,emergency-room-negligence,860,3608,publish,"Emergency Room Negligence Lawyers"
https://rodenlaw.com/medical-malpractice-lawyers/anesthesia-error/,practice_area,2,en,4196,anesthesia-error,795,3608,publish,"Anesthesia Error Lawyers"
https://rodenlaw.com/medical-malpractice-lawyers/birth-injury/,practice_area,2,en,4195,birth-injury,805,3608,publish,"Birth Injury Lawyers"
https://rodenlaw.com/medical-malpractice-lawyers/medication-error/,practice_area,2,en,4194,medication-error,748,3608,publish,"Medication Error Lawyers"
https://rodenlaw.com/medical-malpractice-lawyers/misdiagnosis-delayed-diagnosis/,practice_area,2,en,4193,misdiagnosis-delayed-diagnosis,876,3608,publish,"Misdiagnosis and Delayed Diagnosis Lawyers"
https://rodenlaw.com/medical-malpractice-lawyers/surgical-error/,practice_area,2,en,4192,surgical-error,858,3608,publish,"Surgical Error Lawyers"
https://rodenlaw.com/golf-cart-accident-lawyers/golf-cart-pedestrian-accident/,practice_area,2,en,4190,golf-cart-pedestrian-accident,970,4090,publish,"Golf Cart Pedestrian Accident Lawyers"
https://rodenlaw.com/golf-cart-accident-lawyers/golf-cart-dui/,practice_area,2,en,4189,golf-cart-dui,967,4090,publish,"Golf Cart DUI Accident Lawyers"
https://rodenlaw.com/golf-cart-accident-lawyers/golf-course-cart-accident/,practice_area,2,en,4188,golf-course-cart-accident,1003,4090,publish,"Golf Course Cart Accident Lawyers"
https://rodenlaw.com/golf-cart-accident-lawyers/golf-cart-passenger-ejection/,practice_area,2,en,4187,golf-cart-passenger-ejection,957,4090,publish,"Golf Cart Passenger Ejection Lawyers"
https://rodenlaw.com/golf-cart-accident-lawyers/golf-cart-vehicle-collision/,practice_area,2,en,4186,golf-cart-vehicle-collision,993,4090,publish,"Golf Cart vs. Vehicle Collision Lawyers"
https://rodenlaw.com/golf-cart-accident-lawyers/golf-cart-rollover/,practice_area,2,en,4185,golf-cart-rollover,992,4090,publish,"Golf Cart Rollover Accident Lawyers"
https://rodenlaw.com/atv-side-by-side-accident-lawyers/atv-road-collision/,practice_area,2,en,4184,atv-road-collision,1037,4089,publish,"ATV Road Collision Lawyers"
https://rodenlaw.com/atv-side-by-side-accident-lawyers/atv-rental-tour-accident/,practice_area,2,en,4183,atv-rental-tour-accident,925,4089,publish,"ATV Rental and Tour Accident Lawyers"
https://rodenlaw.com/atv-side-by-side-accident-lawyers/child-atv-injury/,practice_area,2,en,4182,child-atv-injury,1000,4089,publish,"Child ATV Injury Lawyers"
https://rodenlaw.com/atv-side-by-side-accident-lawyers/atv-product-defect/,practice_area,2,en,4181,atv-product-defect,901,4089,publish,"ATV Product Defect Lawyers"
https://rodenlaw.com/atv-side-by-side-accident-lawyers/side-by-side-utv-accident/,practice_area,2,en,4180,side-by-side-utv-accident,851,4089,publish,"Side-by-Side (UTV) Accident Lawyers"
https://rodenlaw.com/atv-side-by-side-accident-lawyers/atv-rollover-accident/,practice_area,2,en,4179,atv-rollover-accident,934,4089,publish,"ATV Rollover Accident Lawyers"
https://rodenlaw.com/bicycle-accident-lawyers/bicycle-vs-truck-accident/,practice_area,2,en,4178,bicycle-vs-truck-accident,872,4087,publish,"Bicycle vs. Truck Accident Lawyers"
https://rodenlaw.com/bicycle-accident-lawyers/drunk-driver-bicycle-accident/,practice_area,2,en,4177,drunk-driver-bicycle-accident,844,4087,publish,"Drunk Driver Bicycle Accident Lawyers"
https://rodenlaw.com/bicycle-accident-lawyers/distracted-driver-bicycle-accident/,practice_area,2,en,4176,distracted-driver-bicycle-accident,830,4087,publish,"Distracted Driver Bicycle Accident Lawyers"
https://rodenlaw.com/bicycle-accident-lawyers/road-hazard-bicycle-crash/,practice_area,2,en,4175,road-hazard-bicycle-crash,835,4087,publish,"Road Hazard Bicycle Crash Lawyers"
https://rodenlaw.com/bicycle-accident-lawyers/hit-and-run-bicycle-accident/,practice_area,2,en,4174,hit-and-run-bicycle-accident,824,4087,publish,"Hit and Run Bicycle Accident Lawyers"
https://rodenlaw.com/bicycle-accident-lawyers/intersection-bicycle-accident/,practice_area,2,en,4173,intersection-bicycle-accident,816,4087,publish,"Intersection Bicycle Accident Lawyers"
https://rodenlaw.com/bicycle-accident-lawyers/right-hook-left-cross-collision/,practice_area,2,en,4172,right-hook-left-cross-collision,900,4087,publish,"Right-Hook and Left-Cross Collision Lawyers"
https://rodenlaw.com/bicycle-accident-lawyers/dooring-accident/,practice_area,2,en,4171,dooring-accident,841,4087,publish,"Dooring Accident Lawyers"
https://rodenlaw.com/nursing-home-abuse-lawyers/bedsore-pressure-ulcer/,practice_area,2,en,4170,bedsore-pressure-ulcer,872,3619,publish,"Bedsore and Pressure Ulcer Lawyers"
https://rodenlaw.com/nursing-home-abuse-lawyers/wrongful-death-nursing-home/,practice_area,2,en,4169,wrongful-death-nursing-home,890,3619,publish,"Wrongful Death in Nursing Homes Lawyers"
https://rodenlaw.com/nursing-home-abuse-lawyers/assisted-living-abuse/,practice_area,2,en,4168,assisted-living-abuse,803,3619,publish,"Assisted Living Facility Abuse Lawyers"
https://rodenlaw.com/nursing-home-abuse-lawyers/financial-exploitation-seniors/,practice_area,2,en,4167,financial-exploitation-seniors,764,3619,publish,"Financial Exploitation of Seniors Lawyers"
https://rodenlaw.com/nursing-home-abuse-lawyers/sexual-abuse-elderly/,practice_area,2,en,4166,sexual-abuse-elderly,838,3619,publish,"Sexual Abuse of Elderly Residents Lawyers"
https://rodenlaw.com/nursing-home-abuse-lawyers/medication-error-nursing-home/,practice_area,2,en,4165,medication-error-nursing-home,800,3619,publish,"Medication Error Nursing Home Lawyers"
https://rodenlaw.com/nursing-home-abuse-lawyers/nursing-home-neglect/,practice_area,2,en,4164,nursing-home-neglect,846,3619,publish,"Nursing Home Neglect Lawyers"
https://rodenlaw.com/nursing-home-abuse-lawyers/physical-abuse-nursing-home/,practice_area,2,en,4163,physical-abuse-nursing-home,907,3619,publish,"Physical Abuse in Nursing Homes Lawyers"
https://rodenlaw.com/construction-accident-lawyers/highway-road-construction-accident/,practice_area,2,en,4162,highway-road-construction-accident,785,3618,publish,"Highway and Road Construction Accident Lawyers"
https://rodenlaw.com/construction-accident-lawyers/roofing-accident/,practice_area,2,en,4161,roofing-accident,754,3618,publish,"Roofing Accident Lawyers"
https://rodenlaw.com/construction-accident-lawyers/defective-construction-equipment/,practice_area,2,en,4160,defective-construction-equipment,802,3618,publish,"Defective Construction Equipment Lawyers"
https://rodenlaw.com/construction-accident-lawyers/falling-object-injury/,practice_area,2,en,4159,falling-object-injury,748,3618,publish,"Falling Object Injury Lawyers"
https://rodenlaw.com/construction-accident-lawyers/trench-collapse/,practice_area,2,en,4158,trench-collapse,782,3618,publish,"Trench Collapse Lawyers"
https://rodenlaw.com/construction-accident-lawyers/electrocution-construction-site/,practice_area,2,en,4157,electrocution-construction-site,747,3618,publish,"Electrocution on Construction Site Lawyers"
https://rodenlaw.com/construction-accident-lawyers/crane-heavy-equipment-accident/,practice_area,2,en,4156,crane-heavy-equipment-accident,708,3618,publish,"Crane and Heavy Equipment Accident Lawyers"
https://rodenlaw.com/construction-accident-lawyers/scaffold-ladder-fall/,practice_area,2,en,4155,scaffold-ladder-fall,746,3618,publish,"Scaffold and Ladder Fall Lawyers"
https://rodenlaw.com/burn-injury-lawyers/defective-product-burn/,practice_area,2,en,4154,defective-product-burn,798,3617,publish,"Defective Product Burn Lawyers"
https://rodenlaw.com/burn-injury-lawyers/vehicle-fire-burn/,practice_area,2,en,4153,vehicle-fire-burn,752,3617,publish,"Vehicle Fire Burn Lawyers"
https://rodenlaw.com/burn-injury-lawyers/scalding-hot-liquid-burn/,practice_area,2,en,4152,scalding-hot-liquid-burn,768,3617,publish,"Scalding and Hot Liquid Burn Lawyers"
https://rodenlaw.com/burn-injury-lawyers/explosion-gas-line-burn/,practice_area,2,en,4151,explosion-gas-line-burn,797,3617,publish,"Explosion and Gas Line Burn Lawyers"
https://rodenlaw.com/burn-injury-lawyers/electrical-burn-injury/,practice_area,2,en,4150,electrical-burn-injury,768,3617,publish,"Electrical Burn Injury Lawyers"
https://rodenlaw.com/burn-injury-lawyers/chemical-burn-injury/,practice_area,2,en,4149,chemical-burn-injury,730,3617,publish,"Chemical Burn Injury Lawyers"
https://rodenlaw.com/burn-injury-lawyers/house-apartment-fire-burn/,practice_area,2,en,4148,house-apartment-fire-burn,777,3617,publish,"House Fire and Apartment Fire Burn Lawyers"
https://rodenlaw.com/burn-injury-lawyers/workplace-burn-injury/,practice_area,2,en,4147,workplace-burn-injury,770,3617,publish,"Workplace Burn Injury Lawyers"
https://rodenlaw.com/boating-accident-lawyers/dock-marina-injury/,practice_area,2,en,4146,dock-marina-injury,826,3616,publish,"Dock and Marina Injury Lawyers"
https://rodenlaw.com/boating-accident-lawyers/commercial-vessel-accident/,practice_area,2,en,4145,commercial-vessel-accident,710,3616,publish,"Commercial Vessel Accident Lawyers"
https://rodenlaw.com/boating-accident-lawyers/boating-under-influence/,practice_area,2,en,4144,boating-under-influence,757,3616,publish,"Boating Under the Influence (BUI) Lawyers"
https://rodenlaw.com/boating-accident-lawyers/kayak-canoe-accident/,practice_area,2,en,4143,kayak-canoe-accident,740,3616,publish,"Kayak and Canoe Accident Lawyers"
https://rodenlaw.com/boating-accident-lawyers/sailboat-accident/,practice_area,2,en,4142,sailboat-accident,711,3616,publish,"Sailboat Accident Lawyers"
https://rodenlaw.com/boating-accident-lawyers/pontoon-boat-accident/,practice_area,2,en,4141,pontoon-boat-accident,751,3616,publish,"Pontoon Boat Accident Lawyers"
https://rodenlaw.com/boating-accident-lawyers/speedboat-powerboat-collision/,practice_area,2,en,4140,speedboat-powerboat-collision,685,3616,publish,"Speedboat and Powerboat Collision Lawyers"
https://rodenlaw.com/boating-accident-lawyers/jet-ski-personal-watercraft/,practice_area,2,en,4139,jet-ski-personal-watercraft,804,3616,publish,"Jet Ski and Personal Watercraft Accident Lawyers"
https://rodenlaw.com/product-liability-lawyers/defective-home-appliance/,practice_area,2,en,4138,defective-home-appliance,952,3615,publish,"Defective Home Appliance Lawyers"
https://rodenlaw.com/product-liability-lawyers/food-contamination/,practice_area,2,en,4137,food-contamination,857,3615,publish,"Food Contamination Lawyers"
https://rodenlaw.com/product-liability-lawyers/defective-childrens-product/,practice_area,2,en,4136,defective-childrens-product,889,3615,publish,"Defective Children's Product Lawyers"
https://rodenlaw.com/product-liability-lawyers/defective-industrial-equipment/,practice_area,2,en,4135,defective-industrial-equipment,875,3615,publish,"Defective Industrial Equipment Lawyers"
https://rodenlaw.com/product-liability-lawyers/defective-consumer-product/,practice_area,2,en,4134,defective-consumer-product,874,3615,publish,"Defective Consumer Product Lawyers"
https://rodenlaw.com/product-liability-lawyers/dangerous-pharmaceutical-drug/,practice_area,2,en,4133,dangerous-pharmaceutical-drug,910,3615,publish,"Dangerous Pharmaceutical Drug Lawyers"
https://rodenlaw.com/product-liability-lawyers/defective-medical-device/,practice_area,2,en,4132,defective-medical-device,933,3615,publish,"Defective Medical Device Lawyers"
https://rodenlaw.com/product-liability-lawyers/defective-auto-parts/,practice_area,2,en,4131,defective-auto-parts,925,3615,publish,"Defective Auto Parts Lawyers"
https://rodenlaw.com/maritime-injury-lawyers/cruise-ship-injury/,practice_area,2,en,4130,cruise-ship-injury,941,3614,publish,"Cruise Ship Injury Lawyers"
https://rodenlaw.com/maritime-injury-lawyers/tugboat-barge-accident/,practice_area,2,en,4129,tugboat-barge-accident,870,3614,publish,"Tugboat and Barge Accident Lawyers"
https://rodenlaw.com/maritime-injury-lawyers/commercial-fishing-injury/,practice_area,2,en,4128,commercial-fishing-injury,908,3614,publish,"Commercial Fishing Injury Lawyers"
https://rodenlaw.com/maritime-injury-lawyers/offshore-platform-injury/,practice_area,2,en,4127,offshore-platform-injury,819,3614,publish,"Offshore and Platform Injury Lawyers"
https://rodenlaw.com/maritime-injury-lawyers/maintenance-and-cure/,practice_area,2,en,4126,maintenance-and-cure,940,3614,publish,"Maintenance and Cure Lawyers"
https://rodenlaw.com/maritime-injury-lawyers/unseaworthiness-claim/,practice_area,2,en,4125,unseaworthiness-claim,867,3614,publish,"Unseaworthiness Claim Lawyers"
https://rodenlaw.com/maritime-injury-lawyers/longshore-harbor-worker/,practice_area,2,en,4124,longshore-harbor-worker,938,3614,publish,"Longshore and Harbor Worker Lawyers"
https://rodenlaw.com/maritime-injury-lawyers/jones-act-seaman-claim/,practice_area,2,en,4123,jones-act-seaman-claim,923,3614,publish,"Jones Act Seaman Claim Lawyers"
https://rodenlaw.com/dog-bite-lawyers/landlord-liability-dog-attack/,practice_area,2,en,4122,landlord-liability-dog-attack,967,3611,publish,"Landlord Liability for Dog Attack Lawyers"
https://rodenlaw.com/dog-bite-lawyers/postal-delivery-worker-bite/,practice_area,2,en,4121,postal-delivery-worker-bite,975,3611,publish,"Postal and Delivery Worker Bite Lawyers"
https://rodenlaw.com/dog-bite-lawyers/dog-on-dog-attack/,practice_area,2,en,4120,dog-on-dog-attack,858,3611,publish,"Dog-on-Dog Attack Lawyers"
https://rodenlaw.com/dog-bite-lawyers/dangerous-breed-attack/,practice_area,2,en,4119,dangerous-breed-attack,900,3611,publish,"Dangerous Breed Attack Lawyers"
https://rodenlaw.com/dog-bite-lawyers/loose-unleashed-dog-attack/,practice_area,2,en,4118,loose-unleashed-dog-attack,970,3611,publish,"Loose or Unleashed Dog Attack Lawyers"
https://rodenlaw.com/dog-bite-lawyers/dog-attack-jogger-cyclist/,practice_area,2,en,4117,dog-attack-jogger-cyclist,929,3611,publish,"Dog Attack on Jogger and Cyclist Lawyers"
https://rodenlaw.com/dog-bite-lawyers/child-dog-bite/,practice_area,2,en,4116,child-dog-bite,906,3611,publish,"Child Dog Bite Lawyers"
https://rodenlaw.com/dog-bite-lawyers/severe-dog-bite-injury/,practice_area,2,en,4115,severe-dog-bite-injury,865,3611,publish,"Severe Dog Bite Injury Lawyers"
https://rodenlaw.com/workers-compensation-lawyers/fatal-workplace-accident/,practice_area,2,en,4114,fatal-workplace-accident,998,3610,publish,"Fatal Workplace Accident Lawyers"
https://rodenlaw.com/workers-compensation-lawyers/third-party-workplace-injury/,practice_area,2,en,4113,third-party-workplace-injury,866,3610,publish,"Third-Party Workplace Injury Lawyers"
https://rodenlaw.com/workers-compensation-lawyers/denied-workers-comp-claim/,practice_area,2,en,4112,denied-workers-comp-claim,860,3610,publish,"Denied Workers' Comp Claim Lawyers"
https://rodenlaw.com/workers-compensation-lawyers/occupational-disease/,practice_area,2,en,4111,occupational-disease,905,3610,publish,"Occupational Disease Lawyers"
https://rodenlaw.com/workers-compensation-lawyers/repetitive-stress-injury/,practice_area,2,en,4110,repetitive-stress-injury,884,3610,publish,"Repetitive Stress Injury Lawyers"
https://rodenlaw.com/workers-compensation-lawyers/warehouse-distribution-injury/,practice_area,2,en,4109,warehouse-distribution-injury,1152,3610,publish,"Warehouse and Distribution Injury Lawyers"
https://rodenlaw.com/workers-compensation-lawyers/factory-manufacturing-injury/,practice_area,2,en,4108,factory-manufacturing-injury,803,3610,publish,"Factory and Manufacturing Injury Lawyers"
https://rodenlaw.com/workers-compensation-lawyers/construction-worker-injury/,practice_area,2,en,4107,construction-worker-injury,839,3610,publish,"Construction Worker Injury Lawyers"
https://rodenlaw.com/wrongful-death-lawyers/pedestrian-cyclist-fatality/,practice_area,2,en,4106,pedestrian-cyclist-fatality,878,3609,publish,"Pedestrian and Cyclist Fatality Lawyers"
https://rodenlaw.com/wrongful-death-lawyers/drowning-swimming-pool-death/,practice_area,2,en,4105,drowning-swimming-pool-death,749,3609,publish,"Drowning and Swimming Pool Death Lawyers"
https://rodenlaw.com/wrongful-death-lawyers/nursing-home-wrongful-death/,practice_area,2,en,4104,nursing-home-wrongful-death,740,3609,publish,"Nursing Home Wrongful Death Lawyers"
https://rodenlaw.com/wrongful-death-lawyers/defective-product-death/,practice_area,2,en,4103,defective-product-death,804,3609,publish,"Defective Product Death Lawyers"
https://rodenlaw.com/wrongful-death-lawyers/workplace-fatality/,practice_area,2,en,4102,workplace-fatality,796,3609,publish,"Workplace Fatality Lawyers"
https://rodenlaw.com/wrongful-death-lawyers/medical-malpractice-death/,practice_area,2,en,4101,medical-malpractice-death,804,3609,publish,"Medical Malpractice Death Lawyers"
https://rodenlaw.com/wrongful-death-lawyers/fatal-truck-accident/,practice_area,2,en,4100,fatal-truck-accident,751,3609,publish,"Fatal Truck Accident Lawyers"
https://rodenlaw.com/wrongful-death-lawyers/fatal-car-accident/,practice_area,2,en,4099,fatal-car-accident,806,3609,publish,"Fatal Car Accident Lawyers"
https://rodenlaw.com/slip-and-fall-lawyers/workplace-slip-and-fall/,practice_area,2,en,4098,workplace-slip-and-fall,830,3606,publish,"Workplace Slip and Fall Lawyers"
https://rodenlaw.com/slip-and-fall-lawyers/retail-store-trip-and-fall/,practice_area,2,en,4097,retail-store-trip-and-fall,748,3606,publish,"Retail Store Trip and Fall Lawyers"
https://rodenlaw.com/slip-and-fall-lawyers/hotel-resort-injury/,practice_area,2,en,4096,hotel-resort-injury,805,3606,publish,"Hotel / Resort Injury Lawyers"
https://rodenlaw.com/slip-and-fall-lawyers/stairway-escalator-fall/,practice_area,2,en,4095,stairway-escalator-fall,734,3606,publish,"Stairway and Escalator Fall Lawyers"
https://rodenlaw.com/slip-and-fall-lawyers/parking-lot-fall/,practice_area,2,en,4094,parking-lot-fall,853,3606,publish,"Parking Lot Fall Lawyers"
https://rodenlaw.com/slip-and-fall-lawyers/wet-floor-accident/,practice_area,2,en,4093,wet-floor-accident,927,3606,publish,"Wet Floor Accident Lawyers"
https://rodenlaw.com/slip-and-fall-lawyers/restaurant-slip-and-fall/,practice_area,2,en,4092,restaurant-slip-and-fall,839,3606,publish,"Restaurant Slip and Fall Lawyers"
https://rodenlaw.com/slip-and-fall-lawyers/grocery-store-slip-and-fall/,practice_area,2,en,4091,grocery-store-slip-and-fall,844,3606,publish,"Grocery Store Slip and Fall Lawyers"
https://rodenlaw.com/practice-areas/golf-cart-accident-lawyers/,practice_area,2,en,4090,golf-cart-accident-lawyers,1060,0,publish,"Golf Cart Accident Lawyers"
https://rodenlaw.com/practice-areas/atv-side-by-side-accident-lawyers/,practice_area,2,en,4089,atv-side-by-side-accident-lawyers,1006,0,publish,"ATV & Side-by-Side Accident Lawyers"
https://rodenlaw.com/practice-areas/electric-scooter-accident-lawyers/,practice_area,2,en,4088,electric-scooter-accident-lawyers,893,0,publish,"Electric Scooter Accident Lawyers"
https://rodenlaw.com/practice-areas/bicycle-accident-lawyers/,practice_area,2,en,4087,bicycle-accident-lawyers,1074,0,publish,"Bicycle Accident Lawyers"
https://rodenlaw.com/pedestrian-accident-lawyers/jogger-runner-accident/,practice_area,2,en,4086,jogger-runner-accident,892,3621,publish,"Jogger and Runner Accident Lawyers"
https://rodenlaw.com/pedestrian-accident-lawyers/school-zone-pedestrian-accident/,practice_area,2,en,4085,school-zone-pedestrian-accident,783,3621,publish,"School Zone Pedestrian Accident Lawyers"
https://rodenlaw.com/pedestrian-accident-lawyers/backing-up-parking-lot-accident/,practice_area,2,en,4084,backing-up-parking-lot-accident,774,3621,publish,"Backing-Up / Parking Lot Pedestrian Accident Lawyers"
https://rodenlaw.com/pedestrian-accident-lawyers/drunk-driver-pedestrian-accident/,practice_area,2,en,4083,drunk-driver-pedestrian-accident,774,3621,publish,"Drunk Driver Pedestrian Accident Lawyers"
https://rodenlaw.com/pedestrian-accident-lawyers/distracted-driver-pedestrian-accident/,practice_area,2,en,4082,distracted-driver-pedestrian-accident,796,3621,publish,"Distracted Driver Pedestrian Accident Lawyers"
https://rodenlaw.com/pedestrian-accident-lawyers/hit-and-run-pedestrian-accident/,practice_area,2,en,4081,hit-and-run-pedestrian-accident,705,3621,publish,"Hit & Run Pedestrian Accident Lawyers"
https://rodenlaw.com/pedestrian-accident-lawyers/intersection-pedestrian-accident/,practice_area,2,en,4080,intersection-pedestrian-accident,770,3621,publish,"Intersection Pedestrian Accident Lawyers"
https://rodenlaw.com/pedestrian-accident-lawyers/crosswalk-accident/,practice_area,2,en,4079,crosswalk-accident,818,3621,publish,"Crosswalk Accident Lawyers"
https://rodenlaw.com/motorcycle-accident-lawyers/single-vehicle-motorcycle-crash/,practice_area,2,en,4078,single-vehicle-motorcycle-crash,783,3607,publish,"Single-Vehicle Motorcycle Crash Lawyers"
https://rodenlaw.com/motorcycle-accident-lawyers/intersection-motorcycle-accident/,practice_area,2,en,4077,intersection-motorcycle-accident,758,3607,publish,"Intersection Motorcycle Accident Lawyers"
https://rodenlaw.com/motorcycle-accident-lawyers/drunk-driver-motorcycle-accident/,practice_area,2,en,4076,drunk-driver-motorcycle-accident,765,3607,publish,"Drunk Driver vs. Motorcycle Accident Lawyers"
https://rodenlaw.com/motorcycle-accident-lawyers/hit-and-run-motorcycle-accident/,practice_area,2,en,4075,hit-and-run-motorcycle-accident,718,3607,publish,"Hit & Run Motorcycle Accident Lawyers"
https://rodenlaw.com/motorcycle-accident-lawyers/rear-end-motorcycle-accident/,practice_area,2,en,4074,rear-end-motorcycle-accident,745,3607,publish,"Rear-End Motorcycle Accident Lawyers"
https://rodenlaw.com/motorcycle-accident-lawyers/lane-splitting-accident/,practice_area,2,en,4073,lane-splitting-accident,799,3607,publish,"Lane-Splitting Accident Lawyers"
https://rodenlaw.com/motorcycle-accident-lawyers/left-turn-accident/,practice_area,2,en,4072,left-turn-accident,737,3607,publish,"Left-Turn Motorcycle Accident Lawyers"
https://rodenlaw.com/motorcycle-accident-lawyers/head-on-motorcycle-collision/,practice_area,2,en,4071,head-on-motorcycle-collision,768,3607,publish,"Head-On Motorcycle Collision Lawyers"
https://rodenlaw.com/truck-accident-lawyers/jackknife-accident/,practice_area,2,en,4070,jackknife-accident,809,3605,publish,"Jackknife Accident Lawyers"
https://rodenlaw.com/truck-accident-lawyers/hazardous-materials-accident/,practice_area,2,en,4069,hazardous-materials-accident,765,3605,publish,"Hazardous Materials Accident Lawyers"
https://rodenlaw.com/truck-accident-lawyers/commercial-van-delivery-truck-accident/,practice_area,2,en,4068,commercial-van-delivery-truck-accident,762,3605,publish,"Commercial Van & Delivery Truck Accident Lawyers"
https://rodenlaw.com/truck-accident-lawyers/underride-override-accident/,practice_area,2,en,4067,underride-override-accident,815,3605,publish,"Underride and Override Accident Lawyers"
https://rodenlaw.com/truck-accident-lawyers/brake-failure-accident/,practice_area,2,en,4066,brake-failure-accident,704,3605,publish,"Brake Failure Accident Lawyers"
https://rodenlaw.com/truck-accident-lawyers/overloaded-improperly-loaded-cargo/,practice_area,2,en,4065,overloaded-improperly-loaded-cargo,782,3605,publish,"Overloaded / Improperly Loaded Cargo Accident Lawyers"
https://rodenlaw.com/truck-accident-lawyers/fatigued-trucker-accident/,practice_area,2,en,4064,fatigued-trucker-accident,767,3605,publish,"Fatigued Trucker Accident Lawyers"
https://rodenlaw.com/truck-accident-lawyers/18-wheeler-semi-truck-accident/,practice_area,2,en,4063,18-wheeler-semi-truck-accident,915,3605,publish,"18-Wheeler Accident Lawyers"
https://rodenlaw.com/car-accident-lawyers/t-bone-accident/,practice_area,2,en,4062,t-bone-accident,966,3604,publish,"T-Bone Accident Lawyers"
https://rodenlaw.com/car-accident-lawyers/bus-accident/,practice_area,2,en,4061,bus-accident,987,3604,publish,"Bus Accident Lawyers"
https://rodenlaw.com/car-accident-lawyers/construction-vehicle-accident/,practice_area,2,en,4060,construction-vehicle-accident,834,3604,publish,"Construction Vehicle Accident Lawyers"
https://rodenlaw.com/car-accident-lawyers/government-vehicle-accident/,practice_area,2,en,4059,government-vehicle-accident,953,3604,publish,"Government Vehicle Accident Lawyers"
https://rodenlaw.com/car-accident-lawyers/service-vehicle-accident/,practice_area,2,en,4058,service-vehicle-accident,888,3604,publish,"Service & Utility Vehicle Crash Lawyers"
https://rodenlaw.com/car-accident-lawyers/company-car-accident/,practice_area,2,en,4057,company-car-accident,916,3604,publish,"Company Car Accident Lawyers"
https://rodenlaw.com/car-accident-lawyers/delivery-vehicle-accident/,practice_area,2,en,4056,delivery-vehicle-accident,864,3604,publish,"Delivery Vehicle Accident Lawyers"
https://rodenlaw.com/car-accident-lawyers/multi-vehicle-pileup/,practice_area,2,en,4055,multi-vehicle-pileup,882,3604,publish,"Multi-Vehicle Pileup Lawyers"
https://rodenlaw.com/car-accident-lawyers/commercial-vehicle-accident/,practice_area,2,en,4054,commercial-vehicle-accident,815,3604,publish,"Commercial Vehicle Accident Lawyers"
https://rodenlaw.com/car-accident-lawyers/distracted-driving-accident/,practice_area,2,en,4052,distracted-driving-accident,716,3604,publish,"Distracted Driving Accident Lawyers"
https://rodenlaw.com/car-accident-lawyers/hit-and-run-accident/,practice_area,2,en,4051,hit-and-run-accident,786,3604,publish,"Hit & Run Accident Lawyers"
https://rodenlaw.com/car-accident-lawyers/rear-end-collision/,practice_area,2,en,4050,rear-end-collision,737,3604,publish,"Rear-End Collision Lawyers"
https://rodenlaw.com/car-accident-lawyers/rideshare-uber-accident/,practice_area,2,en,4049,rideshare-uber-accident,676,3604,publish,"Rideshare & Uber Accident Lawyers"
https://rodenlaw.com/car-accident-lawyers/drunk-driver-accident/,practice_area,2,en,4048,drunk-driver-accident,839,3604,publish,"Drunk Driver Accident Lawyers"
https://rodenlaw.com/pedestrian-accident-lawyers/myrtle-beach-sc/,practice_area,2,en,3711,myrtle-beach-sc,751,3621,publish,"Pedestrian Accident Lawyers in Myrtle Beach, SC"
https://rodenlaw.com/pedestrian-accident-lawyers/columbia-sc/,practice_area,2,en,3710,columbia-sc,773,3621,publish,"Pedestrian Accident Lawyers in Columbia, SC"
https://rodenlaw.com/pedestrian-accident-lawyers/charleston-sc/,practice_area,2,en,3709,charleston-sc,834,3621,publish,"Pedestrian Accident Lawyers in Charleston, SC"
https://rodenlaw.com/pedestrian-accident-lawyers/darien-ga/,practice_area,2,en,3708,darien-ga,851,3621,publish,"Pedestrian Accident Lawyers in Darien, GA"
https://rodenlaw.com/pedestrian-accident-lawyers/savannah-ga/,practice_area,2,en,3707,savannah-ga,847,3621,publish,"Pedestrian Accident Lawyers in Savannah, GA"
https://rodenlaw.com/premises-liability-lawyers/myrtle-beach-sc/,practice_area,2,en,3706,myrtle-beach-sc,883,3620,publish,"Premises Liability Lawyers in Myrtle Beach, SC"
https://rodenlaw.com/premises-liability-lawyers/columbia-sc/,practice_area,2,en,3705,columbia-sc,856,3620,publish,"Premises Liability Lawyers in Columbia, SC"
https://rodenlaw.com/premises-liability-lawyers/charleston-sc/,practice_area,2,en,3704,charleston-sc,839,3620,publish,"Premises Liability Lawyers in Charleston, SC"
https://rodenlaw.com/premises-liability-lawyers/darien-ga/,practice_area,2,en,3703,darien-ga,848,3620,publish,"Premises Liability Lawyers in Darien, GA"
https://rodenlaw.com/premises-liability-lawyers/savannah-ga/,practice_area,2,en,3702,savannah-ga,844,3620,publish,"Premises Liability Lawyers in Savannah, GA"
https://rodenlaw.com/nursing-home-abuse-lawyers/myrtle-beach-sc/,practice_area,2,en,3701,myrtle-beach-sc,824,3619,publish,"Nursing Home Abuse Lawyers in Myrtle Beach, SC"
https://rodenlaw.com/nursing-home-abuse-lawyers/columbia-sc/,practice_area,2,en,3700,columbia-sc,807,3619,publish,"Nursing Home Abuse Lawyers in Columbia, SC"
https://rodenlaw.com/nursing-home-abuse-lawyers/charleston-sc/,practice_area,2,en,3699,charleston-sc,800,3619,publish,"Nursing Home Abuse Lawyers in Charleston, SC"
https://rodenlaw.com/nursing-home-abuse-lawyers/darien-ga/,practice_area,2,en,3698,darien-ga,866,3619,publish,"Nursing Home Abuse Lawyers in Darien, GA"
https://rodenlaw.com/nursing-home-abuse-lawyers/savannah-ga/,practice_area,2,en,3697,savannah-ga,862,3619,publish,"Nursing Home Abuse Lawyers in Savannah, GA"
https://rodenlaw.com/construction-accident-lawyers/myrtle-beach-sc/,practice_area,2,en,3696,myrtle-beach-sc,844,3618,publish,"Construction Accident Lawyers in Myrtle Beach, SC"
https://rodenlaw.com/construction-accident-lawyers/columbia-sc/,practice_area,2,en,3695,columbia-sc,847,3618,publish,"Construction Accident Lawyers in Columbia, SC"
https://rodenlaw.com/construction-accident-lawyers/charleston-sc/,practice_area,2,en,3694,charleston-sc,843,3618,publish,"Construction Accident Lawyers in Charleston, SC"
https://rodenlaw.com/construction-accident-lawyers/darien-ga/,practice_area,2,en,3693,darien-ga,853,3618,publish,"Construction Accident Lawyers in Darien, GA"
https://rodenlaw.com/construction-accident-lawyers/savannah-ga/,practice_area,2,en,3692,savannah-ga,849,3618,publish,"Construction Accident Lawyers in Savannah, GA"
https://rodenlaw.com/burn-injury-lawyers/myrtle-beach-sc/,practice_area,2,en,3691,myrtle-beach-sc,847,3617,publish,"Burn Injury Lawyers in Myrtle Beach, SC"
https://rodenlaw.com/burn-injury-lawyers/columbia-sc/,practice_area,2,en,3690,columbia-sc,856,3617,publish,"Burn Injury Lawyers in Columbia, SC"
https://rodenlaw.com/burn-injury-lawyers/charleston-sc/,practice_area,2,en,3689,charleston-sc,866,3617,publish,"Burn Injury Lawyers in Charleston, SC"
https://rodenlaw.com/burn-injury-lawyers/darien-ga/,practice_area,2,en,3688,darien-ga,842,3617,publish,"Burn Injury Lawyers in Darien, GA"
https://rodenlaw.com/burn-injury-lawyers/savannah-ga/,practice_area,2,en,3687,savannah-ga,838,3617,publish,"Burn Injury Lawyers in Savannah, GA"
https://rodenlaw.com/boating-accident-lawyers/myrtle-beach-sc/,practice_area,2,en,3686,myrtle-beach-sc,793,3616,publish,"Boating Accident Lawyers in Myrtle Beach, SC"
https://rodenlaw.com/boating-accident-lawyers/columbia-sc/,practice_area,2,en,3685,columbia-sc,796,3616,publish,"Boating Accident Lawyers in Columbia, SC"
https://rodenlaw.com/boating-accident-lawyers/charleston-sc/,practice_area,2,en,3684,charleston-sc,766,3616,publish,"Boating Accident Lawyers in Charleston, SC"
https://rodenlaw.com/boating-accident-lawyers/darien-ga/,practice_area,2,en,3683,darien-ga,859,3616,publish,"Boating Accident Lawyers in Darien, GA"
https://rodenlaw.com/boating-accident-lawyers/savannah-ga/,practice_area,2,en,3682,savannah-ga,855,3616,publish,"Boating Accident Lawyers in Savannah, GA"
https://rodenlaw.com/product-liability-lawyers/myrtle-beach-sc/,practice_area,2,en,3681,myrtle-beach-sc,835,3615,publish,"Product Liability Lawyers in Myrtle Beach, SC"
https://rodenlaw.com/product-liability-lawyers/columbia-sc/,practice_area,2,en,3680,columbia-sc,842,3615,publish,"Product Liability Lawyers in Columbia, SC"
https://rodenlaw.com/product-liability-lawyers/charleston-sc/,practice_area,2,en,3679,charleston-sc,827,3615,publish,"Product Liability Lawyers in Charleston, SC"
https://rodenlaw.com/product-liability-lawyers/darien-ga/,practice_area,2,en,3678,darien-ga,851,3615,publish,"Product Liability Lawyers in Darien, GA"
https://rodenlaw.com/product-liability-lawyers/savannah-ga/,practice_area,2,en,3677,savannah-ga,847,3615,publish,"Product Liability Lawyers in Savannah, GA"
https://rodenlaw.com/maritime-injury-lawyers/myrtle-beach-sc/,practice_area,2,en,3676,myrtle-beach-sc,831,3614,publish,"Maritime Injury Lawyers in Myrtle Beach, SC"
https://rodenlaw.com/maritime-injury-lawyers/columbia-sc/,practice_area,2,en,3675,columbia-sc,826,3614,publish,"Maritime Injury Lawyers in Columbia, SC"
https://rodenlaw.com/maritime-injury-lawyers/charleston-sc/,practice_area,2,en,3674,charleston-sc,816,3614,publish,"Maritime Injury Lawyers in Charleston, SC"
https://rodenlaw.com/maritime-injury-lawyers/darien-ga/,practice_area,2,en,3673,darien-ga,852,3614,publish,"Maritime Injury Lawyers in Darien, GA"
https://rodenlaw.com/maritime-injury-lawyers/savannah-ga/,practice_area,2,en,3672,savannah-ga,848,3614,publish,"Maritime Injury Lawyers in Savannah, GA"
https://rodenlaw.com/spinal-cord-injury-lawyers/myrtle-beach-sc/,practice_area,2,en,3671,myrtle-beach-sc,848,3613,publish,"Spinal Cord Injury Lawyers in Myrtle Beach, SC"
https://rodenlaw.com/spinal-cord-injury-lawyers/columbia-sc/,practice_area,2,en,3670,columbia-sc,857,3613,publish,"Spinal Cord Injury Lawyers in Columbia, SC"
https://rodenlaw.com/spinal-cord-injury-lawyers/charleston-sc/,practice_area,2,en,3669,charleston-sc,866,3613,publish,"Spinal Cord Injury Lawyers in Charleston, SC"
https://rodenlaw.com/spinal-cord-injury-lawyers/darien-ga/,practice_area,2,en,3668,darien-ga,860,3613,publish,"Spinal Cord Injury Lawyers in Darien, GA"
https://rodenlaw.com/spinal-cord-injury-lawyers/savannah-ga/,practice_area,2,en,3667,savannah-ga,856,3613,publish,"Spinal Cord Injury Lawyers in Savannah, GA"
https://rodenlaw.com/brain-injury-lawyers/myrtle-beach-sc/,practice_area,2,en,3666,myrtle-beach-sc,898,3612,publish,"Brain Injury Lawyers in Myrtle Beach, SC"
https://rodenlaw.com/brain-injury-lawyers/columbia-sc/,practice_area,2,en,3665,columbia-sc,889,3612,publish,"Brain Injury Lawyers in Columbia, SC"
https://rodenlaw.com/brain-injury-lawyers/charleston-sc/,practice_area,2,en,3664,charleston-sc,871,3612,publish,"Brain Injury Lawyers in Charleston, SC"
https://rodenlaw.com/brain-injury-lawyers/darien-ga/,practice_area,2,en,3663,darien-ga,847,3612,publish,"Brain Injury Lawyers in Darien, GA"
https://rodenlaw.com/brain-injury-lawyers/savannah-ga/,practice_area,2,en,3662,savannah-ga,843,3612,publish,"Brain Injury Lawyers in Savannah, GA"
https://rodenlaw.com/dog-bite-lawyers/myrtle-beach-sc/,practice_area,2,en,3661,myrtle-beach-sc,786,3611,publish,"Dog Bite Lawyers in Myrtle Beach, SC"
https://rodenlaw.com/dog-bite-lawyers/columbia-sc/,practice_area,2,en,3660,columbia-sc,757,3611,publish,"Dog Bite Lawyers in Columbia, SC"
https://rodenlaw.com/dog-bite-lawyers/charleston-sc/,practice_area,2,en,3659,charleston-sc,763,3611,publish,"Dog Bite Lawyers in Charleston, SC"
https://rodenlaw.com/dog-bite-lawyers/darien-ga/,practice_area,2,en,3658,darien-ga,854,3611,publish,"Dog Bite Lawyers in Darien, GA"
https://rodenlaw.com/dog-bite-lawyers/savannah-ga/,practice_area,2,en,3657,savannah-ga,850,3611,publish,"Dog Bite Lawyers in Savannah, GA"
https://rodenlaw.com/workers-compensation-lawyers/myrtle-beach-sc/,practice_area,2,en,3656,myrtle-beach-sc,939,3610,publish,"Workers' Compensation Lawyers in Myrtle Beach, SC"
https://rodenlaw.com/workers-compensation-lawyers/columbia-sc/,practice_area,2,en,3655,columbia-sc,965,3610,publish,"Workers' Compensation Lawyers in Columbia, SC"
https://rodenlaw.com/workers-compensation-lawyers/charleston-sc/,practice_area,2,en,3654,charleston-sc,938,3610,publish,"Workers' Compensation Lawyers in Charleston, SC"
https://rodenlaw.com/workers-compensation-lawyers/darien-ga/,practice_area,2,en,3653,darien-ga,1370,3610,publish,"Workers' Compensation Lawyers in Darien, GA"
https://rodenlaw.com/workers-compensation-lawyers/savannah-ga/,practice_area,2,en,3652,savannah-ga,1397,3610,publish,"Workers' Compensation Lawyers in Savannah, GA"
https://rodenlaw.com/wrongful-death-lawyers/myrtle-beach-sc/,practice_area,2,en,3651,myrtle-beach-sc,920,3609,publish,"Wrongful Death Lawyers in Myrtle Beach, SC"
https://rodenlaw.com/wrongful-death-lawyers/columbia-sc/,practice_area,2,en,3650,columbia-sc,910,3609,publish,"Wrongful Death Lawyers in Columbia, SC"
https://rodenlaw.com/wrongful-death-lawyers/charleston-sc/,practice_area,2,en,3649,charleston-sc,900,3609,publish,"Wrongful Death Lawyers in Charleston, SC"
https://rodenlaw.com/wrongful-death-lawyers/darien-ga/,practice_area,2,en,3648,darien-ga,843,3609,publish,"Wrongful Death Lawyers in Darien, GA"
https://rodenlaw.com/wrongful-death-lawyers/savannah-ga/,practice_area,2,en,3647,savannah-ga,839,3609,publish,"Wrongful Death Lawyers in Savannah, GA"
https://rodenlaw.com/medical-malpractice-lawyers/myrtle-beach-sc/,practice_area,2,en,3646,myrtle-beach-sc,966,3608,publish,"Medical Malpractice Lawyers in Myrtle Beach, SC"
https://rodenlaw.com/medical-malpractice-lawyers/columbia-sc/,practice_area,2,en,3645,columbia-sc,955,3608,publish,"Medical Malpractice Lawyers in Columbia, SC"
https://rodenlaw.com/medical-malpractice-lawyers/charleston-sc/,practice_area,2,en,3644,charleston-sc,955,3608,publish,"Medical Malpractice Lawyers in Charleston, SC"
https://rodenlaw.com/medical-malpractice-lawyers/darien-ga/,practice_area,2,en,3643,darien-ga,845,3608,publish,"Medical Malpractice Lawyers in Darien, GA"
https://rodenlaw.com/medical-malpractice-lawyers/savannah-ga/,practice_area,2,en,3642,savannah-ga,841,3608,publish,"Medical Malpractice Lawyers in Savannah, GA"
https://rodenlaw.com/motorcycle-accident-lawyers/myrtle-beach-sc/,practice_area,2,en,3641,myrtle-beach-sc,981,3607,publish,"Motorcycle Accident Lawyers in Myrtle Beach, SC"
https://rodenlaw.com/motorcycle-accident-lawyers/columbia-sc/,practice_area,2,en,3640,columbia-sc,914,3607,publish,"Motorcycle Accident Lawyers in Columbia, SC"
https://rodenlaw.com/motorcycle-accident-lawyers/charleston-sc/,practice_area,2,en,3639,charleston-sc,907,3607,publish,"Motorcycle Accident Lawyers in Charleston, SC"
https://rodenlaw.com/motorcycle-accident-lawyers/darien-ga/,practice_area,2,en,3638,darien-ga,829,3607,publish,"Motorcycle Accident Lawyers in Darien, GA"
https://rodenlaw.com/motorcycle-accident-lawyers/savannah-ga/,practice_area,2,en,3637,savannah-ga,825,3607,publish,"Motorcycle Accident Lawyers in Savannah, GA"
https://rodenlaw.com/slip-and-fall-lawyers/myrtle-beach-sc/,practice_area,2,en,3636,myrtle-beach-sc,966,3606,publish,"Slip and Fall Lawyers in Myrtle Beach, SC"
https://rodenlaw.com/slip-and-fall-lawyers/columbia-sc/,practice_area,2,en,3635,columbia-sc,916,3606,publish,"Slip and Fall Lawyers in Columbia, SC"
https://rodenlaw.com/slip-and-fall-lawyers/charleston-sc/,practice_area,2,en,3634,charleston-sc,928,3606,publish,"Slip and Fall Lawyers in Charleston, SC"
https://rodenlaw.com/slip-and-fall-lawyers/darien-ga/,practice_area,2,en,3633,darien-ga,856,3606,publish,"Slip & Fall Lawyers in Darien, GA"
https://rodenlaw.com/slip-and-fall-lawyers/savannah-ga/,practice_area,2,en,3632,savannah-ga,852,3606,publish,"Slip & Fall Lawyers in Savannah, GA"
https://rodenlaw.com/truck-accident-lawyers/myrtle-beach-sc/,practice_area,2,en,3631,myrtle-beach-sc,905,3605,publish,"Truck Accident Lawyers in Myrtle Beach, SC"
https://rodenlaw.com/truck-accident-lawyers/columbia-sc/,practice_area,2,en,3630,columbia-sc,925,3605,publish,"Truck Accident Lawyers in Columbia, SC"
https://rodenlaw.com/truck-accident-lawyers/charleston-sc/,practice_area,2,en,3629,charleston-sc,969,3605,publish,"Truck Accident Lawyers in Charleston, SC"
https://rodenlaw.com/truck-accident-lawyers/darien-ga/,practice_area,2,en,3628,darien-ga,829,3605,publish,"Truck Accident Lawyers in Darien, GA"
https://rodenlaw.com/truck-accident-lawyers/savannah-ga/,practice_area,2,en,3627,savannah-ga,3083,3605,publish,"Truck Accident Lawyers in Savannah, GA"
https://rodenlaw.com/car-accident-lawyers/myrtle-beach-sc/,practice_area,2,en,3626,myrtle-beach-sc,1084,3604,publish,"Car Accident Lawyers in Myrtle Beach, SC"
https://rodenlaw.com/car-accident-lawyers/columbia-sc/,practice_area,2,en,3625,columbia-sc,1044,3604,publish,"Car Accident Lawyers in Columbia, SC"
https://rodenlaw.com/car-accident-lawyers/charleston-sc/,practice_area,2,en,3624,charleston-sc,1041,3604,publish,"Car Accident Lawyers in Charleston, SC"
https://rodenlaw.com/car-accident-lawyers/darien-ga/,practice_area,2,en,3623,darien-ga,829,3604,publish,"Car Accident Lawyers in Darien, GA"
https://rodenlaw.com/car-accident-lawyers/savannah-ga/,practice_area,2,en,3622,savannah-ga,3380,3604,publish,"Car Accident Lawyers in Savannah, GA"
https://rodenlaw.com/practice-areas/pedestrian-accident-lawyers/,practice_area,2,en,3621,pedestrian-accident-lawyers,1000,0,publish,"Pedestrian Accident Lawyers"
https://rodenlaw.com/practice-areas/premises-liability-lawyers/,practice_area,2,en,3620,premises-liability-lawyers,1085,0,publish,"Premises Liability Lawyers"
https://rodenlaw.com/practice-areas/nursing-home-abuse-lawyers/,practice_area,2,en,3619,nursing-home-abuse-lawyers,1031,0,publish,"Nursing Home Abuse Lawyers"
https://rodenlaw.com/practice-areas/construction-accident-lawyers/,practice_area,2,en,3618,construction-accident-lawyers,1010,0,publish,"Construction Accident Lawyers"
https://rodenlaw.com/practice-areas/burn-injury-lawyers/,practice_area,2,en,3617,burn-injury-lawyers,1009,0,publish,"Burn Injury Lawyers"
https://rodenlaw.com/practice-areas/boating-accident-lawyers/,practice_area,2,en,3616,boating-accident-lawyers,1067,0,publish,"Boating Accident Lawyers"
https://rodenlaw.com/practice-areas/product-liability-lawyers/,practice_area,2,en,3615,product-liability-lawyers,1033,0,publish,"Product Liability Lawyers"
https://rodenlaw.com/practice-areas/maritime-injury-lawyers/,practice_area,2,en,3614,maritime-injury-lawyers,1062,0,publish,"Maritime Injury Lawyers"
https://rodenlaw.com/practice-areas/spinal-cord-injury-lawyers/,practice_area,2,en,3613,spinal-cord-injury-lawyers,1013,0,publish,"Spinal Cord Injury Lawyers"
https://rodenlaw.com/practice-areas/brain-injury-lawyers/,practice_area,2,en,3612,brain-injury-lawyers,975,0,publish,"Brain Injury Lawyers"
https://rodenlaw.com/practice-areas/dog-bite-lawyers/,practice_area,2,en,3611,dog-bite-lawyers,1001,0,publish,"Dog Bite Lawyers"
https://rodenlaw.com/practice-areas/workers-compensation-lawyers/,practice_area,2,en,3610,workers-compensation-lawyers,1047,0,publish,"Workers' Compensation Lawyers"
https://rodenlaw.com/practice-areas/wrongful-death-lawyers/,practice_area,2,en,3609,wrongful-death-lawyers,950,0,publish,"Wrongful Death Lawyers"
https://rodenlaw.com/practice-areas/medical-malpractice-lawyers/,practice_area,2,en,3608,medical-malpractice-lawyers,1008,0,publish,"Medical Malpractice Lawyers"
https://rodenlaw.com/practice-areas/motorcycle-accident-lawyers/,practice_area,2,en,3607,motorcycle-accident-lawyers,985,0,publish,"Motorcycle Accident Lawyers"
https://rodenlaw.com/practice-areas/slip-and-fall-lawyers/,practice_area,2,en,3606,slip-and-fall-lawyers,1053,0,publish,"Slip & Fall Lawyers"
https://rodenlaw.com/practice-areas/truck-accident-lawyers/,practice_area,2,en,3605,truck-accident-lawyers,1072,0,publish,"Truck Accident Lawyers"
https://rodenlaw.com/practice-areas/car-accident-lawyers/,practice_area,2,en,3604,car-accident-lawyers,900,0,publish,"Car Accident Lawyers"
https://rodenlaw.com/locations/south-carolina/simpsonville/,location,3,en,5338,simpsonville,296,3596,publish,Simpsonville
https://rodenlaw.com/locations/south-carolina/greer/,location,3,en,5337,greer,315,3596,publish,Greer
https://rodenlaw.com/locations/south-carolina/fort-mill/,location,3,en,5336,fort-mill,316,3596,publish,"Fort Mill"
https://rodenlaw.com/locations/south-carolina/rock-hill/,location,3,en,5335,rock-hill,321,3596,publish,"Rock Hill"
https://rodenlaw.com/locations/south-carolina/spartanburg/,location,3,en,5334,spartanburg,270,3596,publish,Spartanburg
https://rodenlaw.com/locations/south-carolina/sumter/,location,3,en,5333,sumter,295,3596,publish,Sumter
https://rodenlaw.com/locations/south-carolina/orangeburg/,location,3,en,5332,orangeburg,300,3596,publish,Orangeburg
https://rodenlaw.com/locations/south-carolina/hilton-head/,location,3,en,5331,hilton-head,322,3596,publish,"Hilton Head Island"
https://rodenlaw.com/es/locations/south-carolina/north-charleston/,location,4,es,4883,es-north-charleston,657,0,publish,"Abogados de Lesiones Personales en North Charleston, SC"
https://rodenlaw.com/es/locations/south-carolina/myrtle-beach/,location,4,es,4872,es-myrtle-beach,863,0,publish,"Abogados de Lesiones Personales en Myrtle Beach, SC"
https://rodenlaw.com/es/locations/south-carolina/columbia/,location,4,es,4871,es-columbia,860,0,publish,"Abogados de Lesiones Personales en Columbia, SC"
https://rodenlaw.com/es/locations/south-carolina/charleston/,location,4,es,4870,es-charleston,819,0,publish,"Abogados de Lesiones Personales en Charleston, SC"
https://rodenlaw.com/es/locations/georgia/darien/,location,4,es,4869,es-darien,857,0,publish,"Abogados de Lesiones Personales en Darien, GA"
https://rodenlaw.com/es/locations/georgia/savannah/,location,4,es,4868,es-savannah,857,0,publish,"Abogados de Lesiones Personales en Savannah, GA"
https://rodenlaw.com/locations/georgia/savannah/effingham-county/egypt/,location,5,en,4335,egypt,224,3799,publish,Egypt
https://rodenlaw.com/locations/georgia/savannah/effingham-county/marlow/,location,5,en,4334,marlow,235,3799,publish,Marlow
https://rodenlaw.com/locations/georgia/savannah/effingham-county/south-effingham/,location,5,en,4331,south-effingham,239,3799,publish,"South Effingham"
https://rodenlaw.com/locations/georgia/savannah/statesboro/georgia-southern/,location,5,en,4330,georgia-southern,229,3798,publish,"Georgia Southern University Area"
https://rodenlaw.com/locations/georgia/savannah/port-wentworth/town-center/,location,5,en,4329,town-center,255,3792,publish,"Port Wentworth Town Center"
https://rodenlaw.com/locations/georgia/savannah/wilmington-island/town-center/,location,5,en,4328,town-center,249,3793,publish,"Wilmington Island Town Center"
https://rodenlaw.com/locations/georgia/savannah/rincon/town-center/,location,5,en,4327,town-center,214,3790,publish,"Rincon Town Center"
https://rodenlaw.com/locations/georgia/savannah/hinesville/fort-stewart-area/,location,5,en,4326,fort-stewart-area,242,3797,publish,"Fort Stewart Area"
https://rodenlaw.com/locations/georgia/savannah/richmond-hill/city-center/,location,5,en,4325,city-center,225,3789,publish,"Richmond Hill City Center"
https://rodenlaw.com/locations/georgia/savannah/midtown-savannah/ardsley-park-chatham-crescent/,location,5,en,4324,ardsley-park-chatham-crescent,226,3796,publish,"Ardsley Park-Chatham Crescent"
https://rodenlaw.com/locations/georgia/savannah/downtown-savannah/river-street/,location,5,en,4323,river-street,260,3801,publish,"River Street"
https://rodenlaw.com/locations/georgia/savannah/downtown-savannah/historic-district/,location,5,en,4322,historic-district,264,3801,publish,"Savannah Historic District"
https://rodenlaw.com/locations/georgia/savannah/southside-savannah/savannah-quarters/,location,5,en,4321,savannah-quarters,233,3795,publish,"Savannah Quarters"
https://rodenlaw.com/locations/georgia/savannah/southside-savannah/georgetown-savannah/,location,5,en,4320,georgetown-savannah,231,3795,publish,Georgetown
https://rodenlaw.com/locations/georgia/savannah/pooler/west-pooler/,location,5,en,4319,west-pooler,240,3788,publish,"West Pooler"
https://rodenlaw.com/locations/georgia/savannah/pooler/godley-station/,location,5,en,4318,godley-station,249,3788,publish,"Godley Station"
https://rodenlaw.com/locations/south-carolina/myrtle-beach/garden-city-beach/pier-area/,location,5,en,4317,pier-area,277,3819,publish,"Garden City Pier Area"
https://rodenlaw.com/locations/south-carolina/myrtle-beach/murrells-inlet/marshwalk/,location,5,en,4316,marshwalk,251,3821,publish,"Murrells Inlet MarshWalk"
https://rodenlaw.com/locations/south-carolina/myrtle-beach/little-river/waterfront/,location,5,en,4315,waterfront,255,3820,publish,"Little River Waterfront"
https://rodenlaw.com/locations/south-carolina/myrtle-beach/georgetown/historic-district/,location,5,en,4314,historic-district,232,3823,publish,"Georgetown Historic District"
https://rodenlaw.com/locations/south-carolina/myrtle-beach/surfside-beach/town-center/,location,5,en,4313,town-center,240,3817,publish,"Surfside Beach Town Center"
https://rodenlaw.com/locations/south-carolina/myrtle-beach/socastee/socastee-village/,location,5,en,4312,socastee-village,236,3818,publish,"Socastee Village"
https://rodenlaw.com/locations/south-carolina/myrtle-beach/carolina-forest/the-farm/,location,5,en,4311,the-farm,242,3816,publish,"The Farm at Carolina Forest"
https://rodenlaw.com/locations/south-carolina/myrtle-beach/north-myrtle-beach/barefoot-landing/,location,5,en,4310,barefoot-landing,242,3815,publish,"Barefoot Landing Area"
https://rodenlaw.com/locations/south-carolina/myrtle-beach/conway/historic-district/,location,5,en,4309,historic-district,243,3814,publish,"Conway Historic District"
https://rodenlaw.com/locations/south-carolina/myrtle-beach/myrtle-beach/golden-mile/,location,5,en,4308,golden-mile,259,3813,publish,"The Golden Mile"
https://rodenlaw.com/locations/south-carolina/myrtle-beach/myrtle-beach/grande-dunes/,location,5,en,4307,grande-dunes,248,3813,publish,"Grande Dunes"
https://rodenlaw.com/locations/south-carolina/myrtle-beach/myrtle-beach/market-common/,location,5,en,4306,market-common,239,3813,publish,"The Market Common"
https://rodenlaw.com/locations/south-carolina/north-charleston/summerville/pine-forest-inn/,location,5,en,4305,pine-forest-inn,269,3764,publish,"Pine Forest Inn"
https://rodenlaw.com/locations/south-carolina/north-charleston/summerville/wescott/,location,5,en,4304,wescott,244,3764,publish,Wescott
https://rodenlaw.com/locations/south-carolina/north-charleston/summerville/summers-corner/,location,5,en,4303,summers-corner,239,3764,publish,"Summers Corner"
https://rodenlaw.com/locations/south-carolina/north-charleston/summerville/sangaree/,location,5,en,4302,sangaree,237,3764,publish,Sangaree
https://rodenlaw.com/locations/south-carolina/north-charleston/summerville/knightsville/,location,5,en,4301,knightsville,255,3764,publish,Knightsville
https://rodenlaw.com/locations/south-carolina/north-charleston/summerville/nexton/,location,5,en,4300,nexton,242,3764,publish,Nexton
https://rodenlaw.com/locations/south-carolina/north-charleston/summerville/cane-bay/,location,5,en,4299,cane-bay,243,3764,publish,"Cane Bay Plantation"
https://rodenlaw.com/locations/south-carolina/north-charleston/summerville/historic-district/,location,5,en,4298,historic-district,240,3764,publish,"Summerville Historic District"
https://rodenlaw.com/locations/south-carolina/charleston/west-ashley/grand-oaks-plantation/,location,5,en,4297,grand-oaks-plantation,258,3765,publish,"Grand Oaks Plantation"
https://rodenlaw.com/locations/south-carolina/charleston/west-ashley/south-windermere/,location,5,en,4296,south-windermere,241,3765,publish,"South Windermere"
https://rodenlaw.com/locations/south-carolina/charleston/west-ashley/ashley-river-road/,location,5,en,4295,ashley-river-road,280,3765,publish,"Ashley River Road Historic Corridor"
https://rodenlaw.com/locations/south-carolina/charleston/west-ashley/byrnes-downs/,location,5,en,4294,byrnes-downs,267,3765,publish,"Byrnes Downs"
https://rodenlaw.com/locations/south-carolina/charleston/west-ashley/west-ashley-park/,location,5,en,4293,west-ashley-park,252,3765,publish,"West Ashley Park"
https://rodenlaw.com/locations/south-carolina/charleston/west-ashley/shadowmoss/,location,5,en,4292,shadowmoss,255,3765,publish,Shadowmoss
https://rodenlaw.com/locations/south-carolina/charleston/west-ashley/citadel-mall-area/,location,5,en,4291,citadel-mall-area,249,3765,publish,"Citadel Mall Area"
https://rodenlaw.com/locations/south-carolina/charleston/west-ashley/avondale/,location,5,en,4290,avondale,268,3765,publish,Avondale
https://rodenlaw.com/locations/south-carolina/north-charleston/goose-creek/westchester/,location,5,en,4289,westchester,254,3766,publish,Westchester
https://rodenlaw.com/locations/south-carolina/north-charleston/goose-creek/brickhope-plantation/,location,5,en,4288,brickhope-plantation,250,3766,publish,"Brickhope Plantation"
https://rodenlaw.com/locations/south-carolina/north-charleston/goose-creek/devon-forest/,location,5,en,4287,devon-forest,250,3766,publish,"Devon Forest"
https://rodenlaw.com/locations/south-carolina/north-charleston/goose-creek/howe-hall/,location,5,en,4286,howe-hall,284,3766,publish,"Howe Hall"
https://rodenlaw.com/locations/south-carolina/north-charleston/goose-creek/boulder-bluff/,location,5,en,4285,boulder-bluff,243,3766,publish,"Boulder Bluff"
https://rodenlaw.com/locations/south-carolina/north-charleston/goose-creek/carnes-crossroads/,location,5,en,4284,carnes-crossroads,255,3766,publish,"Carnes Crossroads"
https://rodenlaw.com/locations/south-carolina/north-charleston/goose-creek/liberty-hall-plantation/,location,5,en,4283,liberty-hall-plantation,255,3766,publish,"Liberty Hall Plantation"
https://rodenlaw.com/locations/south-carolina/north-charleston/goose-creek/crowfield-plantation/,location,5,en,4282,crowfield-plantation,257,3766,publish,"Crowfield Plantation"
https://rodenlaw.com/locations/south-carolina/charleston/downtown-charleston/wagener-terrace/,location,5,en,4281,wagener-terrace,278,3775,publish,"Wagener Terrace"
https://rodenlaw.com/locations/south-carolina/charleston/downtown-charleston/the-crosstown/,location,5,en,4280,the-crosstown,252,3775,publish,"The Crosstown"
https://rodenlaw.com/locations/south-carolina/charleston/downtown-charleston/cannonborough-elliotborough/,location,5,en,4279,cannonborough-elliotborough,250,3775,publish,Cannonborough-Elliotborough
https://rodenlaw.com/locations/south-carolina/charleston/downtown-charleston/ansonborough/,location,5,en,4278,ansonborough,282,3775,publish,Ansonborough
https://rodenlaw.com/locations/south-carolina/charleston/downtown-charleston/harleston-village/,location,5,en,4277,harleston-village,278,3775,publish,"Harleston Village"
https://rodenlaw.com/locations/south-carolina/charleston/downtown-charleston/king-street-district/,location,5,en,4276,king-street-district,281,3775,publish,"King Street District"
https://rodenlaw.com/locations/south-carolina/charleston/downtown-charleston/french-quarter/,location,5,en,4275,french-quarter,287,3775,publish,"French Quarter"
https://rodenlaw.com/locations/south-carolina/charleston/downtown-charleston/south-of-broad/,location,5,en,4274,south-of-broad,277,3775,publish,"South of Broad"
https://rodenlaw.com/locations/south-carolina/charleston/mount-pleasant/rivertowne/,location,5,en,4272,rivertowne,250,3762,publish,Rivertowne
https://rodenlaw.com/locations/south-carolina/charleston/mount-pleasant/snee-farm/,location,5,en,4271,snee-farm,256,3762,publish,"Snee Farm"
https://rodenlaw.com/locations/south-carolina/charleston/mount-pleasant/shem-creek/,location,5,en,4270,shem-creek,286,3762,publish,"Shem Creek"
https://rodenlaw.com/locations/south-carolina/charleston/mount-pleasant/dunes-west/,location,5,en,4269,dunes-west,270,3762,publish,"Dunes West"
https://rodenlaw.com/locations/south-carolina/charleston/mount-pleasant/carolina-park/,location,5,en,4268,carolina-park,259,3762,publish,"Carolina Park"
https://rodenlaw.com/locations/south-carolina/charleston/mount-pleasant/belle-hall/,location,5,en,4267,belle-hall,290,3762,publish,"Belle Hall"
https://rodenlaw.com/locations/south-carolina/charleston/mount-pleasant/park-west/,location,5,en,4266,park-west,266,3762,publish,"Park West"
https://rodenlaw.com/locations/south-carolina/charleston/mount-pleasant/ion/,location,5,en,4265,ion,279,3762,publish,I'On
https://rodenlaw.com/locations/south-carolina/charleston/mount-pleasant/old-village/,location,5,en,4264,old-village,281,3762,publish,"Old Village"
https://rodenlaw.com/locations/south-carolina/north-charleston/northwoods/,location,4,en,4263,northwoods,289,3763,publish,Northwoods
https://rodenlaw.com/locations/south-carolina/north-charleston/wescott-plantation/,location,4,en,4262,wescott-plantation,266,3763,publish,"Wescott Plantation"
https://rodenlaw.com/locations/south-carolina/north-charleston/chicora-cherokee/,location,4,en,4261,chicora-cherokee,254,3763,publish,Chicora-Cherokee
https://rodenlaw.com/locations/south-carolina/north-charleston/charleston-heights/,location,4,en,4260,charleston-heights,264,3763,publish,"Charleston Heights"
https://rodenlaw.com/locations/south-carolina/north-charleston/oak-terrace-preserve/,location,4,en,4259,oak-terrace-preserve,279,3763,publish,"Oak Terrace Preserve"
https://rodenlaw.com/locations/south-carolina/north-charleston/ferndale/,location,4,en,4258,ferndale,262,3763,publish,Ferndale
https://rodenlaw.com/locations/south-carolina/north-charleston/liberty-hill/,location,4,en,4257,liberty-hill,261,3763,publish,"Liberty Hill"
https://rodenlaw.com/locations/south-carolina/north-charleston/dorchester-terrace-waylyn/,location,4,en,4256,dorchester-terrace-waylyn,277,3763,publish,"Dorchester Terrace-Waylyn"
https://rodenlaw.com/locations/south-carolina/north-charleston/olde-north-charleston/,location,4,en,4255,olde-north-charleston,298,3763,publish,"Olde North Charleston"
https://rodenlaw.com/locations/south-carolina/north-charleston/park-circle/,location,4,en,4254,park-circle,280,3763,publish,"Park Circle"
https://rodenlaw.com/locations/georgia/darien/harrietts-bluff/,location,4,en,3887,harrietts-bluff,197,3598,publish,"Harrietts Bluff"
https://rodenlaw.com/locations/georgia/darien/sea-island/,location,4,en,3886,sea-island,260,3598,publish,"Sea Island"
https://rodenlaw.com/locations/georgia/darien/screven/,location,4,en,3885,screven,148,3598,publish,Screven
https://rodenlaw.com/locations/georgia/darien/odum/,location,4,en,3884,odum,147,3598,publish,Odum
https://rodenlaw.com/locations/georgia/darien/eulonia/,location,4,en,3883,eulonia,168,3598,publish,Eulonia
https://rodenlaw.com/locations/georgia/darien/townsend/,location,4,en,3882,townsend,178,3598,publish,Townsend
https://rodenlaw.com/locations/georgia/darien/white-oak/,location,4,en,3881,white-oak,161,3598,publish,"White Oak"
https://rodenlaw.com/locations/georgia/darien/waverly/,location,4,en,3880,waverly,165,3598,publish,Waverly
https://rodenlaw.com/locations/georgia/darien/kings-bay/,location,4,en,3879,kings-bay,327,3598,publish,"Kings Bay"
https://rodenlaw.com/locations/georgia/darien/dock-junction/,location,4,en,3878,dock-junction,263,3598,publish,"Dock Junction"
https://rodenlaw.com/locations/georgia/darien/hoboken/,location,4,en,3877,hoboken,236,3598,publish,Hoboken
https://rodenlaw.com/locations/georgia/darien/alma/,location,4,en,3876,alma,223,3598,publish,Alma
https://rodenlaw.com/locations/georgia/darien/blackshear/,location,4,en,3875,blackshear,262,3598,publish,Blackshear
https://rodenlaw.com/locations/georgia/darien/ludowici/,location,4,en,3874,ludowici,267,3598,publish,Ludowici
https://rodenlaw.com/locations/georgia/darien/nahunta/,location,4,en,3873,nahunta,277,3598,publish,Nahunta
https://rodenlaw.com/locations/georgia/darien/woodbine/,location,4,en,3872,woodbine,272,3598,publish,Woodbine
https://rodenlaw.com/locations/georgia/darien/jekyll-island/,location,4,en,3870,jekyll-island,419,3598,publish,"Jekyll Island"
https://rodenlaw.com/locations/georgia/darien/folkston/,location,4,en,3869,folkston,370,3598,publish,Folkston
https://rodenlaw.com/locations/georgia/darien/jesup/,location,4,en,3868,jesup,373,3598,publish,Jesup
https://rodenlaw.com/locations/georgia/darien/waycross/,location,4,en,3867,waycross,414,3598,publish,Waycross
https://rodenlaw.com/locations/georgia/darien/st-marys/,location,4,en,3866,st-marys,390,3598,publish,"St. Marys"
https://rodenlaw.com/locations/georgia/darien/kingsland/,location,4,en,3865,kingsland,412,3598,publish,Kingsland
https://rodenlaw.com/locations/georgia/darien/st-simons-island/,location,4,en,3864,st-simons-island,427,3598,publish,"St. Simons Island"
https://rodenlaw.com/locations/georgia/darien/brunswick/,location,4,en,3863,brunswick,417,3598,publish,Brunswick
https://rodenlaw.com/locations/south-carolina/columbia/pelion/,location,4,en,3862,pelion,218,3600,publish,Pelion
https://rodenlaw.com/locations/south-carolina/columbia/gaston/,location,4,en,3861,gaston,178,3600,publish,Gaston
https://rodenlaw.com/locations/south-carolina/columbia/camden/,location,4,en,3860,camden,204,3600,publish,Camden
https://rodenlaw.com/locations/south-carolina/columbia/pine-ridge/,location,4,en,3859,pine-ridge,154,3600,publish,"Pine Ridge"
https://rodenlaw.com/locations/south-carolina/columbia/south-congaree/,location,4,en,3858,south-congaree,181,3600,publish,"South Congaree"
https://rodenlaw.com/locations/south-carolina/columbia/elgin/,location,4,en,3857,elgin,201,3600,publish,Elgin
https://rodenlaw.com/locations/south-carolina/columbia/batesburg-leesville/,location,4,en,3856,batesburg-leesville,183,3600,publish,Batesburg-Leesville
https://rodenlaw.com/locations/south-carolina/columbia/springdale/,location,4,en,3855,springdale,165,3600,publish,Springdale
https://rodenlaw.com/locations/south-carolina/columbia/hopkins/,location,4,en,3854,hopkins,216,3600,publish,Hopkins
https://rodenlaw.com/locations/south-carolina/columbia/lugoff/,location,4,en,3853,lugoff,209,3600,publish,Lugoff
https://rodenlaw.com/locations/south-carolina/columbia/northeast-columbia/,location,4,en,3852,northeast-columbia,211,3600,publish,"Northeast Columbia"
https://rodenlaw.com/locations/south-carolina/columbia/woodfield/,location,4,en,3851,woodfield,211,3600,publish,Woodfield
https://rodenlaw.com/locations/south-carolina/columbia/chapin/,location,4,en,3850,chapin,230,3600,publish,Chapin
https://rodenlaw.com/locations/south-carolina/columbia/blythewood/,location,4,en,3849,blythewood,242,3600,publish,Blythewood
https://rodenlaw.com/locations/south-carolina/columbia/oak-grove/,location,4,en,3848,oak-grove,239,3600,publish,"Oak Grove"
https://rodenlaw.com/locations/south-carolina/columbia/red-bank/,location,4,en,3847,red-bank,224,3600,publish,"Red Bank"
https://rodenlaw.com/locations/south-carolina/columbia/forest-acres/,location,4,en,3846,forest-acres,257,3600,publish,"Forest Acres"
https://rodenlaw.com/locations/south-carolina/columbia/dentsville/,location,4,en,3845,dentsville,267,3600,publish,Dentsville
https://rodenlaw.com/locations/south-carolina/columbia/seven-oaks/,location,4,en,3844,seven-oaks,266,3600,publish,"Seven Oaks"
https://rodenlaw.com/locations/south-carolina/columbia/st-andrews/,location,4,en,3843,st-andrews,289,3600,publish,"St. Andrews"
https://rodenlaw.com/locations/south-carolina/columbia/irmo/,location,4,en,3842,irmo,293,3600,publish,Irmo
https://rodenlaw.com/locations/south-carolina/columbia/cayce/,location,4,en,3841,cayce,267,3600,publish,Cayce
https://rodenlaw.com/locations/south-carolina/columbia/west-columbia/,location,4,en,3840,west-columbia,277,3600,publish,"West Columbia"
https://rodenlaw.com/locations/south-carolina/columbia/lexington/,location,4,en,3839,lexington,283,3600,publish,Lexington
https://rodenlaw.com/locations/south-carolina/myrtle-beach/green-sea/,location,4,en,3837,green-sea,86,3601,publish,"Green Sea"
https://rodenlaw.com/locations/south-carolina/myrtle-beach/galivants-ferry/,location,4,en,3836,galivants-ferry,93,3601,publish,"Galivants Ferry"
https://rodenlaw.com/locations/south-carolina/myrtle-beach/wampee/,location,4,en,3835,wampee,92,3601,publish,Wampee
https://rodenlaw.com/locations/south-carolina/myrtle-beach/briarcliffe-acres/,location,4,en,3834,briarcliffe-acres,115,3601,publish,"Briarcliffe Acres"
https://rodenlaw.com/locations/south-carolina/myrtle-beach/atlantic-beach/,location,4,en,3833,atlantic-beach,114,3601,publish,"Atlantic Beach"
https://rodenlaw.com/locations/south-carolina/myrtle-beach/andrews/,location,4,en,3832,andrews,101,3601,publish,Andrews
https://rodenlaw.com/locations/south-carolina/myrtle-beach/bucksport/,location,4,en,3831,bucksport,107,3601,publish,Bucksport
https://rodenlaw.com/locations/south-carolina/myrtle-beach/burgess/,location,4,en,3830,burgess,106,3601,publish,Burgess
https://rodenlaw.com/locations/south-carolina/myrtle-beach/red-hill/,location,4,en,3829,red-hill,146,3601,publish,"Red Hill"
https://rodenlaw.com/locations/south-carolina/myrtle-beach/litchfield-beach/,location,4,en,3828,litchfield-beach,174,3601,publish,"Litchfield Beach"
https://rodenlaw.com/locations/south-carolina/myrtle-beach/aynor/,location,4,en,3827,aynor,183,3601,publish,Aynor
https://rodenlaw.com/locations/south-carolina/myrtle-beach/loris/,location,4,en,3826,loris,163,3601,publish,Loris
https://rodenlaw.com/locations/south-carolina/myrtle-beach/longs/,location,4,en,3825,longs,234,3601,publish,Longs
https://rodenlaw.com/locations/south-carolina/myrtle-beach/forestbrook/,location,4,en,3824,forestbrook,186,3601,publish,Forestbrook
https://rodenlaw.com/locations/south-carolina/myrtle-beach/georgetown/,location,4,en,3823,georgetown,250,3601,publish,Georgetown
https://rodenlaw.com/locations/south-carolina/myrtle-beach/pawleys-island/,location,4,en,3822,pawleys-island,269,3601,publish,"Pawleys Island"
https://rodenlaw.com/locations/south-carolina/myrtle-beach/murrells-inlet/,location,4,en,3821,murrells-inlet,293,3601,publish,"Murrells Inlet"
https://rodenlaw.com/locations/south-carolina/myrtle-beach/little-river/,location,4,en,3820,little-river,263,3601,publish,"Little River"
https://rodenlaw.com/locations/south-carolina/myrtle-beach/garden-city-beach/,location,4,en,3819,garden-city-beach,264,3601,publish,"Garden City Beach"
https://rodenlaw.com/locations/south-carolina/myrtle-beach/socastee/,location,4,en,3818,socastee,248,3601,publish,Socastee
https://rodenlaw.com/locations/south-carolina/myrtle-beach/surfside-beach/,location,4,en,3817,surfside-beach,295,3601,publish,"Surfside Beach"
https://rodenlaw.com/locations/south-carolina/myrtle-beach/carolina-forest/,location,4,en,3816,carolina-forest,300,3601,publish,"Carolina Forest"
https://rodenlaw.com/locations/south-carolina/myrtle-beach/north-myrtle-beach/,location,4,en,3815,north-myrtle-beach,285,3601,publish,"North Myrtle Beach"
https://rodenlaw.com/locations/south-carolina/myrtle-beach/conway/,location,4,en,3814,conway,294,3601,publish,Conway
https://rodenlaw.com/locations/georgia/savannah/eastside-savannah/,location,4,en,3812,eastside-savannah,283,3597,publish,"Eastside Savannah"
https://rodenlaw.com/locations/georgia/savannah/bryan-county/,location,4,en,3811,bryan-county,262,3597,publish,"Bryan County"
https://rodenlaw.com/locations/georgia/savannah/westside-savannah/,location,4,en,3809,westside-savannah,278,3597,publish,"Westside Savannah"
https://rodenlaw.com/locations/georgia/savannah/guyton/,location,4,en,3807,guyton,241,3597,publish,Guyton
https://rodenlaw.com/locations/georgia/savannah/springfield/,location,4,en,3806,springfield,228,3597,publish,Springfield
https://rodenlaw.com/locations/georgia/savannah/skidaway-island/,location,4,en,3805,skidaway-island,273,3597,publish,"Skidaway Island"
https://rodenlaw.com/locations/georgia/savannah/whitemarsh-island/,location,4,en,3804,whitemarsh-island,235,3597,publish,"Whitemarsh Island"
https://rodenlaw.com/locations/georgia/savannah/thunderbolt/,location,4,en,3803,thunderbolt,222,3597,publish,Thunderbolt
https://rodenlaw.com/locations/georgia/savannah/isle-of-hope/,location,4,en,3802,isle-of-hope,220,3597,publish,"Isle of Hope"
https://rodenlaw.com/locations/georgia/savannah/downtown-savannah/,location,4,en,3801,downtown-savannah,279,3597,publish,"Downtown Savannah"
https://rodenlaw.com/locations/georgia/savannah/bloomingdale/,location,4,en,3800,bloomingdale,259,3597,publish,Bloomingdale
https://rodenlaw.com/locations/georgia/savannah/effingham-county/,location,4,en,3799,effingham-county,283,3597,publish,"Effingham County"
https://rodenlaw.com/locations/georgia/savannah/statesboro/,location,4,en,3798,statesboro,248,3597,publish,Statesboro
https://rodenlaw.com/locations/georgia/savannah/hinesville/,location,4,en,3797,hinesville,292,3597,publish,Hinesville
https://rodenlaw.com/locations/georgia/savannah/midtown-savannah/,location,4,en,3796,midtown-savannah,323,3597,publish,"Midtown Savannah"
https://rodenlaw.com/locations/georgia/savannah/southside-savannah/,location,4,en,3795,southside-savannah,342,3597,publish,"Southside Savannah"
https://rodenlaw.com/locations/georgia/savannah/tybee-island/,location,4,en,3794,tybee-island,334,3597,publish,"Tybee Island"
https://rodenlaw.com/locations/georgia/savannah/wilmington-island/,location,4,en,3793,wilmington-island,286,3597,publish,"Wilmington Island"
https://rodenlaw.com/locations/georgia/savannah/port-wentworth/,location,4,en,3792,port-wentworth,340,3597,publish,"Port Wentworth"
https://rodenlaw.com/locations/georgia/savannah/garden-city/,location,4,en,3791,garden-city,288,3597,publish,"Garden City"
https://rodenlaw.com/locations/georgia/savannah/rincon/,location,4,en,3790,rincon,332,3597,publish,Rincon
https://rodenlaw.com/locations/georgia/savannah/richmond-hill/,location,4,en,3789,richmond-hill,412,3597,publish,"Richmond Hill"
https://rodenlaw.com/locations/georgia/savannah/pooler/,location,4,en,3788,pooler,409,3597,publish,Pooler
https://rodenlaw.com/locations/south-carolina/charleston/johns-island/,location,4,en,3768,johns-island,260,3599,publish,"Johns Island"
https://rodenlaw.com/locations/south-carolina/charleston/james-island/,location,4,en,3767,james-island,272,3599,publish,"James Island"
https://rodenlaw.com/locations/south-carolina/north-charleston/goose-creek/,location,4,en,3766,goose-creek,321,3763,publish,"Goose Creek"
https://rodenlaw.com/locations/south-carolina/charleston/west-ashley/,location,4,en,3765,west-ashley,336,3599,publish,"West Ashley"
https://rodenlaw.com/locations/south-carolina/north-charleston/summerville/,location,4,en,3764,summerville,308,3763,publish,Summerville
https://rodenlaw.com/locations/south-carolina/north-charleston/,location,3,en,3763,north-charleston,684,3596,publish,"North Charleston"
https://rodenlaw.com/locations/south-carolina/charleston/mount-pleasant/,location,4,en,3762,mount-pleasant,435,3599,publish,"Mount Pleasant"
https://rodenlaw.com/locations/south-carolina/charleston/seabrook-island/,location,4,en,3778,seabrook-island,125,3599,publish,"Seabrook Island"
https://rodenlaw.com/locations/south-carolina/charleston/kiawah-island/,location,4,en,3777,kiawah-island,147,3599,publish,"Kiawah Island"
https://rodenlaw.com/locations/south-carolina/north-charleston/moncks-corner/,location,4,en,3776,moncks-corner,124,3763,publish,"Moncks Corner"
https://rodenlaw.com/locations/south-carolina/charleston/downtown-charleston/,location,4,en,3775,downtown-charleston,210,3599,publish,"Downtown Charleston"
https://rodenlaw.com/locations/south-carolina/charleston/sullivans-island/,location,4,en,3774,sullivans-island,150,3599,publish,"Sullivan's Island"
https://rodenlaw.com/locations/south-carolina/charleston/isle-of-palms/,location,4,en,3773,isle-of-palms,199,3599,publish,"Isle of Palms"
https://rodenlaw.com/locations/south-carolina/charleston/folly-beach/,location,4,en,3772,folly-beach,206,3599,publish,"Folly Beach"
https://rodenlaw.com/locations/south-carolina/north-charleston/hanahan/,location,4,en,3771,hanahan,167,3763,publish,Hanahan
https://rodenlaw.com/locations/south-carolina/north-charleston/ladson/,location,4,en,3770,ladson,206,3763,publish,Ladson
https://rodenlaw.com/locations/south-carolina/charleston/daniel-island/,location,4,en,3769,daniel-island,209,3599,publish,"Daniel Island"
https://rodenlaw.com/locations/south-carolina/charleston/mcclellanville/,location,4,en,3786,mcclellanville,160,3599,publish,McClellanville
https://rodenlaw.com/locations/south-carolina/charleston/edisto-island/,location,4,en,3785,edisto-island,207,3599,publish,"Edisto Island"
https://rodenlaw.com/locations/south-carolina/charleston/wadmalaw-island/,location,4,en,3784,wadmalaw-island,149,3599,publish,"Wadmalaw Island"
https://rodenlaw.com/locations/south-carolina/charleston/meggett/,location,4,en,3783,meggett,92,3599,publish,Meggett
https://rodenlaw.com/locations/south-carolina/charleston/ravenel/,location,4,en,3782,ravenel,128,3599,publish,Ravenel
https://rodenlaw.com/locations/south-carolina/charleston/hollywood/,location,4,en,3781,hollywood,114,3599,publish,Hollywood
https://rodenlaw.com/locations/south-carolina/charleston/awendaw/,location,4,en,3780,awendaw,142,3599,publish,Awendaw
https://rodenlaw.com/locations/south-carolina/myrtle-beach/,location,3,en,3601,myrtle-beach,783,3596,publish,"Myrtle Beach, SC"
https://rodenlaw.com/locations/south-carolina/columbia/,location,3,en,3600,columbia,766,3596,publish,"Columbia, SC"
https://rodenlaw.com/locations/south-carolina/charleston/,location,3,en,3599,charleston,783,3596,publish,"Charleston, SC"
https://rodenlaw.com/locations/georgia/darien/,location,3,en,3598,darien,779,3595,publish,"Darien, GA"
https://rodenlaw.com/locations/georgia/savannah/,location,3,en,3597,savannah,790,3595,publish,"Savannah, GA"
https://rodenlaw.com/locations/south-carolina/,location,2,en,3596,south-carolina,814,0,publish,"South Carolina"
https://rodenlaw.com/locations/georgia/,location,2,en,3595,georgia,794,0,publish,Georgia
https://rodenlaw.com/case-results/275000-settlement-auto-accident-3/,case_result,2,en,4045,275000-settlement-auto-accident-3,0,0,publish,"$275,000 Settlement | Auto Accident"
https://rodenlaw.com/case-results/275000-recovery-auto-accident-2/,case_result,2,en,4044,275000-recovery-auto-accident-2,0,0,publish,"$275,000 Recovery | Auto Accident"
https://rodenlaw.com/case-results/275000-recovery-auto-accident/,case_result,2,en,4043,275000-recovery-auto-accident,0,0,publish,"$275,000 Recovery | Auto Accident"
https://rodenlaw.com/case-results/275000-settlement-auto-accident-2/,case_result,2,en,4042,275000-settlement-auto-accident-2,0,0,publish,"$275,000 Settlement | Auto Accident"
https://rodenlaw.com/case-results/275000-settlement-auto-accident/,case_result,2,en,4041,275000-settlement-auto-accident,0,0,publish,"$275,000 Settlement | Auto Accident"
https://rodenlaw.com/case-results/295000-recovery-auto-accident/,case_result,2,en,4040,295000-recovery-auto-accident,0,0,publish,"$295,000 Recovery | Auto Accident"
https://rodenlaw.com/case-results/300000-settlement-workers-compensation/,case_result,2,en,4039,300000-settlement-workers-compensation,0,0,publish,"$300,000 Settlement | Workers' Compensation"
https://rodenlaw.com/case-results/300000-settlement-auto-accident-4/,case_result,2,en,4038,300000-settlement-auto-accident-4,0,0,publish,"$300,000 Settlement | Auto Accident"
https://rodenlaw.com/case-results/300000-settlement-auto-accident-3/,case_result,2,en,4037,300000-settlement-auto-accident-3,0,0,publish,"$300,000 Settlement | Auto Accident"
https://rodenlaw.com/case-results/300000-recovery-truck-accident/,case_result,2,en,4036,300000-recovery-truck-accident,0,0,publish,"$300,000 Recovery | Truck Accident"
https://rodenlaw.com/case-results/300000-settlement-auto-accident-2/,case_result,2,en,4035,300000-settlement-auto-accident-2,0,0,publish,"$300,000 Settlement | Auto Accident"
https://rodenlaw.com/case-results/300000-settlement-premises-liability/,case_result,2,en,4034,300000-settlement-premises-liability,0,0,publish,"$300,000 Settlement | Premises Liability"
https://rodenlaw.com/case-results/300000-resolution-auto-accident/,case_result,2,en,4033,300000-resolution-auto-accident,0,0,publish,"$300,000 Resolution | Auto Accident"
https://rodenlaw.com/case-results/300000-settlement-auto-accident/,case_result,2,en,4032,300000-settlement-auto-accident,0,0,publish,"$300,000 Settlement | Auto Accident"
https://rodenlaw.com/case-results/305000-settlement-premises-liability-2/,case_result,2,en,4031,305000-settlement-premises-liability-2,0,0,publish,"$305,000 Settlement | Premises Liability"
https://rodenlaw.com/case-results/305000-settlement-premises-liability/,case_result,2,en,4030,305000-settlement-premises-liability,0,0,publish,"$305,000 Settlement | Premises Liability"
https://rodenlaw.com/case-results/320000-recovery-workers-compensation/,case_result,2,en,4029,320000-recovery-workers-compensation,0,0,publish,"$320,000 Recovery | Workers' Compensation"
https://rodenlaw.com/case-results/325000-resolution-auto-accident/,case_result,2,en,4028,325000-resolution-auto-accident,0,0,publish,"$325,000 Resolution | Auto Accident"
https://rodenlaw.com/case-results/350000-settlement-nursing-home-elder-abuse/,case_result,2,en,4027,350000-settlement-nursing-home-elder-abuse,0,0,publish,"$350,000 Settlement | Nursing Home & Elder Abuse"
https://rodenlaw.com/case-results/350000-settlement-auto-accident/,case_result,2,en,4026,350000-settlement-auto-accident,0,0,publish,"$350,000 Settlement | Auto Accident"
https://rodenlaw.com/case-results/385000-recovery-auto-accident/,case_result,2,en,4025,385000-recovery-auto-accident,0,0,publish,"$385,000 Recovery | Auto Accident"
https://rodenlaw.com/case-results/390000-recovery-auto-accident/,case_result,2,en,4024,390000-recovery-auto-accident,0,0,publish,"$390,000 Recovery | Auto Accident"
https://rodenlaw.com/case-results/400000-settlement-auto-accident-2/,case_result,2,en,4023,400000-settlement-auto-accident-2,0,0,publish,"$400,000 Settlement | Auto Accident"
https://rodenlaw.com/case-results/400000-settlement-auto-accident/,case_result,2,en,4022,400000-settlement-auto-accident,0,0,publish,"$400,000 Settlement | Auto Accident"
https://rodenlaw.com/case-results/405000-settlement-auto-accident/,case_result,2,en,4021,405000-settlement-auto-accident,0,0,publish,"$405,000 Settlement | Auto Accident"
https://rodenlaw.com/case-results/465000-recovery-truck-accident/,case_result,2,en,4020,465000-recovery-truck-accident,0,0,publish,"$465,000 Recovery | Truck Accident"
https://rodenlaw.com/case-results/496000-settlement-truck-accident/,case_result,2,en,4019,496000-settlement-truck-accident,0,0,publish,"$496,000 Settlement | Truck Accident"
https://rodenlaw.com/case-results/500000-resolution-workers-compensation/,case_result,2,en,4018,500000-resolution-workers-compensation,0,0,publish,"$500,000 Resolution | Workers' Compensation"
https://rodenlaw.com/case-results/500000-recovery-truck-accident/,case_result,2,en,4017,500000-recovery-truck-accident,0,0,publish,"$500,000 Recovery | Truck Accident"
https://rodenlaw.com/case-results/515000-settlement-auto-accident/,case_result,2,en,4016,515000-settlement-auto-accident,0,0,publish,"$515,000 Settlement | Auto Accident"
https://rodenlaw.com/case-results/525000-settlement-truck-accident/,case_result,2,en,4015,525000-settlement-truck-accident,0,0,publish,"$525,000 Settlement | Truck Accident"
https://rodenlaw.com/case-results/525000-recovery-auto-accident/,case_result,2,en,4014,525000-recovery-auto-accident,0,0,publish,"$525,000 Recovery | Auto Accident"
https://rodenlaw.com/case-results/565000-settlement-truck-accident/,case_result,2,en,4013,565000-settlement-truck-accident,0,0,publish,"$565,000 Settlement | Truck Accident"
https://rodenlaw.com/case-results/575000-settlement-auto-accident/,case_result,2,en,4012,575000-settlement-auto-accident,0,0,publish,"$575,000 Settlement | Auto Accident"
https://rodenlaw.com/case-results/575000-settlement-truck-accident/,case_result,2,en,4011,575000-settlement-truck-accident,0,0,publish,"$575,000 Settlement | Truck Accident"
https://rodenlaw.com/case-results/575000-settlement-workers-compensation/,case_result,2,en,4010,575000-settlement-workers-compensation,0,0,publish,"$575,000 Settlement | Workers' Compensation"
https://rodenlaw.com/case-results/600000-settlement-auto-accident-2/,case_result,2,en,4009,600000-settlement-auto-accident-2,0,0,publish,"$600,000 Settlement | Auto Accident"
https://rodenlaw.com/case-results/600000-settlement-auto-accident/,case_result,2,en,4008,600000-settlement-auto-accident,0,0,publish,"$600,000 Settlement | Auto Accident"
https://rodenlaw.com/case-results/600000-recovery-truck-accident/,case_result,2,en,4007,600000-recovery-truck-accident,0,0,publish,"$600,000 Recovery | Truck Accident"
https://rodenlaw.com/case-results/600000-settlement-truck-accident/,case_result,2,en,4006,600000-settlement-truck-accident,0,0,publish,"$600,000 Settlement | Truck Accident"
https://rodenlaw.com/case-results/650000-recovery-truck-accident-2/,case_result,2,en,4005,650000-recovery-truck-accident-2,0,0,publish,"$650,000 Recovery | Truck Accident"
https://rodenlaw.com/case-results/650000-recovery-truck-accident/,case_result,2,en,4004,650000-recovery-truck-accident,0,0,publish,"$650,000 Recovery | Truck Accident"
https://rodenlaw.com/case-results/700000-settlement-product-liability/,case_result,2,en,4003,700000-settlement-product-liability,0,0,publish,"$700,000 Settlement | Product Liability"
https://rodenlaw.com/case-results/700000-recovery-auto-accident/,case_result,2,en,4002,700000-recovery-auto-accident,0,0,publish,"$700,000 Recovery | Auto Accident"
https://rodenlaw.com/case-results/780000-resolution-truck-accident/,case_result,2,en,4001,780000-resolution-truck-accident,0,0,publish,"$780,000 Resolution | Truck Accident"
https://rodenlaw.com/case-results/900000-settlement-truck-accident/,case_result,2,en,4000,900000-settlement-truck-accident,0,0,publish,"$900,000 Settlement | Truck Accident"
https://rodenlaw.com/case-results/900000-settlement-workers-compensation/,case_result,2,en,3999,900000-settlement-workers-compensation,0,0,publish,"$900,000 Settlement | Workers' Compensation"
https://rodenlaw.com/case-results/950000-recovery-truck-accident/,case_result,2,en,3998,950000-recovery-truck-accident,0,0,publish,"$950,000 Recovery | Truck Accident"
https://rodenlaw.com/case-results/1000000-recovery-auto-accident/,case_result,2,en,3997,1000000-recovery-auto-accident,0,0,publish,"$1,000,000 Recovery | Auto Accident"
https://rodenlaw.com/case-results/1000000-settlement-auto-accident-2/,case_result,2,en,3996,1000000-settlement-auto-accident-2,0,0,publish,"$1,000,000 Settlement | Auto Accident"
https://rodenlaw.com/case-results/1000000-settlement-auto-accident/,case_result,2,en,3995,1000000-settlement-auto-accident,0,0,publish,"$1,000,000 Settlement | Auto Accident"
https://rodenlaw.com/case-results/1300000-settlement-auto-accident/,case_result,2,en,3994,1300000-settlement-auto-accident,0,0,publish,"$1,300,000 Settlement | Auto Accident"
https://rodenlaw.com/case-results/1550000-settlement-auto-accident/,case_result,2,en,3993,1550000-settlement-auto-accident,0,0,publish,"$1,550,000 Settlement | Auto Accident"
https://rodenlaw.com/case-results/1675000-recovery-auto-accident/,case_result,2,en,3992,1675000-recovery-auto-accident,0,0,publish,"$1,675,000 Recovery | Auto Accident"
https://rodenlaw.com/case-results/2500000-settlement-auto-accident/,case_result,2,en,3991,2500000-settlement-auto-accident,0,0,publish,"$2,500,000 Settlement | Auto Accident"
https://rodenlaw.com/case-results/3000000-settlement-auto-accident/,case_result,2,en,3990,3000000-settlement-auto-accident,0,0,publish,"$3,000,000 Settlement | Auto Accident"
https://rodenlaw.com/case-results/3350000-verdict-premises-liability/,case_result,2,en,3989,3350000-verdict-premises-liability,0,0,publish,"$3,350,000 Verdict | Premises Liability"
https://rodenlaw.com/case-results/9800000-recovery-premises-liability/,case_result,2,en,3988,9800000-recovery-premises-liability,0,0,publish,"$9,800,000 Recovery | Premises Liability"
https://rodenlaw.com/case-results/10860000-verdict-product-liability/,case_result,2,en,3987,10860000-verdict-product-liability,0,0,publish,"$10,860,000 Verdict | Product Liability"
https://rodenlaw.com/case-results/27000000-settlement-truck-accident/,case_result,2,en,3986,27000000-settlement-truck-accident,0,0,publish,"$27,000,000 Settlement | Truck Accident"
https://rodenlaw.com/case-results/100000-resolution-auto-accident-6/,case_result,2,en,3985,100000-resolution-auto-accident-6,0,0,publish,"$100,000 Resolution | Auto Accident"
https://rodenlaw.com/case-results/100000-resolution-auto-accident-5/,case_result,2,en,3984,100000-resolution-auto-accident-5,0,0,publish,"$100,000 Resolution | Auto Accident"
https://rodenlaw.com/case-results/100000-resolution-auto-accident-4/,case_result,2,en,3983,100000-resolution-auto-accident-4,0,0,publish,"$100,000 Resolution | Auto Accident"
https://rodenlaw.com/case-results/100000-recovery-workers-compensation-2/,case_result,2,en,3982,100000-recovery-workers-compensation-2,0,0,publish,"$100,000 Recovery | Workers' Compensation"
https://rodenlaw.com/case-results/100000-recovery-workers-compensation/,case_result,2,en,3981,100000-recovery-workers-compensation,0,0,publish,"$100,000 Recovery | Workers' Compensation"
https://rodenlaw.com/case-results/100000-settlement-workers-compensation-2/,case_result,2,en,3980,100000-settlement-workers-compensation-2,0,0,publish,"$100,000 Settlement | Workers' Compensation"
https://rodenlaw.com/case-results/103000-recovery-workers-compensation/,case_result,2,en,3979,103000-recovery-workers-compensation,0,0,publish,"$103,000 Recovery | Workers' Compensation"
https://rodenlaw.com/case-results/106000-recovery-workers-compensation/,case_result,2,en,3978,106000-recovery-workers-compensation,0,0,publish,"$106,000 Recovery | Workers' Compensation"
https://rodenlaw.com/case-results/117500-recovery-truck-accident/,case_result,2,en,3977,117500-recovery-truck-accident,0,0,publish,"$117,500 Recovery | Truck Accident"
https://rodenlaw.com/case-results/120000-recovery-auto-accident/,case_result,2,en,3976,120000-recovery-auto-accident,0,0,publish,"$120,000 Recovery | Auto Accident"
https://rodenlaw.com/case-results/120000-settlement-truck-accident/,case_result,2,en,3975,120000-settlement-truck-accident,0,0,publish,"$120,000 Settlement | Truck Accident"
https://rodenlaw.com/case-results/120000-recovery-workers-compensation/,case_result,2,en,3974,120000-recovery-workers-compensation,0,0,publish,"$120,000 Recovery | Workers' Compensation"
https://rodenlaw.com/case-results/123000-settlement-auto-accident/,case_result,2,en,3973,123000-settlement-auto-accident,0,0,publish,"$123,000 Settlement | Auto Accident"
https://rodenlaw.com/case-results/125000-settlement-auto-accident-3/,case_result,2,en,3972,125000-settlement-auto-accident-3,0,0,publish,"$125,000 Settlement | Auto Accident"
https://rodenlaw.com/case-results/125000-settlement-auto-accident-2/,case_result,2,en,3971,125000-settlement-auto-accident-2,0,0,publish,"$125,000 Settlement | Auto Accident"
https://rodenlaw.com/case-results/125000-settlement-auto-accident/,case_result,2,en,3970,125000-settlement-auto-accident,0,0,publish,"$125,000 Settlement | Auto Accident"
https://rodenlaw.com/case-results/125000-recovery-auto-accident/,case_result,2,en,3969,125000-recovery-auto-accident,0,0,publish,"$125,000 Recovery | Auto Accident"
https://rodenlaw.com/case-results/125000-resolution-auto-accident/,case_result,2,en,3968,125000-resolution-auto-accident,0,0,publish,"$125,000 Resolution | Auto Accident"
https://rodenlaw.com/case-results/125000-settlement-workers-compensation/,case_result,2,en,3967,125000-settlement-workers-compensation,0,0,publish,"$125,000 Settlement | Workers' Compensation"
https://rodenlaw.com/case-results/130000-settlement-auto-accident/,case_result,2,en,3966,130000-settlement-auto-accident,0,0,publish,"$130,000 Settlement | Auto Accident"
https://rodenlaw.com/case-results/130000-settlement-workers-compensation/,case_result,2,en,3965,130000-settlement-workers-compensation,0,0,publish,"$130,000 Settlement | Workers' Compensation"
https://rodenlaw.com/case-results/135000-settlement-premises-liability/,case_result,2,en,3964,135000-settlement-premises-liability,0,0,publish,"$135,000 Settlement | Premises Liability"
https://rodenlaw.com/case-results/135000-resolution-workers-compensation/,case_result,2,en,3963,135000-resolution-workers-compensation,0,0,publish,"$135,000 Resolution | Workers' Compensation"
https://rodenlaw.com/case-results/135000-recovery-auto-accident/,case_result,2,en,3962,135000-recovery-auto-accident,0,0,publish,"$135,000 Recovery | Auto Accident"
https://rodenlaw.com/case-results/140000-settlement-auto-accident-2/,case_result,2,en,3961,140000-settlement-auto-accident-2,0,0,publish,"$140,000 Settlement | Auto Accident"
https://rodenlaw.com/case-results/150000-settlement-auto-accident-4/,case_result,2,en,3960,150000-settlement-auto-accident-4,0,0,publish,"$150,000 Settlement | Auto Accident"
https://rodenlaw.com/case-results/150000-recovery-premises-liability/,case_result,2,en,3959,150000-recovery-premises-liability,0,0,publish,"$150,000 Recovery | Premises Liability"
https://rodenlaw.com/case-results/150000-resolution-auto-accident/,case_result,2,en,3958,150000-resolution-auto-accident,0,0,publish,"$150,000 Resolution | Auto Accident"
https://rodenlaw.com/case-results/150000-settlement-auto-accident-3/,case_result,2,en,3957,150000-settlement-auto-accident-3,0,0,publish,"$150,000 Settlement | Auto Accident"
https://rodenlaw.com/case-results/150000-settlement-auto-accident-2/,case_result,2,en,3956,150000-settlement-auto-accident-2,0,0,publish,"$150,000 Settlement | Auto Accident"
https://rodenlaw.com/case-results/150000-settlement-auto-accident/,case_result,2,en,3955,150000-settlement-auto-accident,0,0,publish,"$150,000 Settlement | Auto Accident"
https://rodenlaw.com/case-results/155000-settlement-auto-accident/,case_result,2,en,3954,155000-settlement-auto-accident,0,0,publish,"$155,000 Settlement | Auto Accident"
https://rodenlaw.com/case-results/160000-recovery-truck-accident/,case_result,2,en,3953,160000-recovery-truck-accident,0,0,publish,"$160,000 Recovery | Truck Accident"
https://rodenlaw.com/case-results/160000-settlement-workers-compensation/,case_result,2,en,3952,160000-settlement-workers-compensation,0,0,publish,"$160,000 Settlement | Workers' Compensation"
https://rodenlaw.com/case-results/162500-settlement-premises-liability/,case_result,2,en,3951,162500-settlement-premises-liability,0,0,publish,"$162,500 Settlement | Premises Liability"
https://rodenlaw.com/case-results/162500-settlement-truck-accident/,case_result,2,en,3950,162500-settlement-truck-accident,0,0,publish,"$162,500 Settlement | Truck Accident"
https://rodenlaw.com/case-results/172000-settlement-workers-compensation/,case_result,2,en,3949,172000-settlement-workers-compensation,0,0,publish,"$172,000 Settlement | Workers' Compensation"
https://rodenlaw.com/case-results/175000-recovery-auto-accident/,case_result,2,en,3948,175000-recovery-auto-accident,0,0,publish,"$175,000 Recovery | Auto Accident"
https://rodenlaw.com/case-results/175000-settlement-auto-accident/,case_result,2,en,3947,175000-settlement-auto-accident,0,0,publish,"$175,000 Settlement | Auto Accident"
https://rodenlaw.com/case-results/180000-settlement-truck-accident/,case_result,2,en,3946,180000-settlement-truck-accident,0,0,publish,"$180,000 Settlement | Truck Accident"
https://rodenlaw.com/case-results/190000-settlement-auto-accident/,case_result,2,en,3945,190000-settlement-auto-accident,0,0,publish,"$190,000 Settlement | Auto Accident"
https://rodenlaw.com/case-results/200000-settlement-premises-liability/,case_result,2,en,3944,200000-settlement-premises-liability,0,0,publish,"$200,000 Settlement | Premises Liability"
https://rodenlaw.com/case-results/200000-settlement-auto-accident-4/,case_result,2,en,3943,200000-settlement-auto-accident-4,0,0,publish,"$200,000 Settlement | Auto Accident"
https://rodenlaw.com/case-results/200000-settlement-auto-accident-3/,case_result,2,en,3942,200000-settlement-auto-accident-3,0,0,publish,"$200,000 Settlement | Auto Accident"
https://rodenlaw.com/case-results/200000-resolution-auto-accident/,case_result,2,en,3941,200000-resolution-auto-accident,0,0,publish,"$200,000 Resolution | Auto Accident"
https://rodenlaw.com/case-results/200000-settlement-auto-accident-2/,case_result,2,en,3940,200000-settlement-auto-accident-2,0,0,publish,"$200,000 Settlement | Auto Accident"
https://rodenlaw.com/case-results/200000-settlement-auto-accident/,case_result,2,en,3939,200000-settlement-auto-accident,0,0,publish,"$200,000 Settlement | Auto Accident"
https://rodenlaw.com/case-results/200000-recovery-workers-compensation/,case_result,2,en,3938,200000-recovery-workers-compensation,0,0,publish,"$200,000 Recovery | Workers' Compensation"
https://rodenlaw.com/case-results/205000-settlement-auto-accident/,case_result,2,en,3937,205000-settlement-auto-accident,0,0,publish,"$205,000 Settlement | Auto Accident"
https://rodenlaw.com/case-results/205000-resolution-auto-accident/,case_result,2,en,3936,205000-resolution-auto-accident,0,0,publish,"$205,000 Resolution | Auto Accident"
https://rodenlaw.com/case-results/210000-settlement-auto-accident/,case_result,2,en,3935,210000-settlement-auto-accident,0,0,publish,"$210,000 Settlement | Auto Accident"
https://rodenlaw.com/case-results/210000-recovery-truck-accident/,case_result,2,en,3934,210000-recovery-truck-accident,0,0,publish,"$210,000 Recovery | Truck Accident"
https://rodenlaw.com/case-results/225000-settlement-auto-accident/,case_result,2,en,3933,225000-settlement-auto-accident,0,0,publish,"$225,000 Settlement | Auto Accident"
https://rodenlaw.com/case-results/225000-recovery-auto-accident/,case_result,2,en,3932,225000-recovery-auto-accident,0,0,publish,"$225,000 Recovery | Auto Accident"
https://rodenlaw.com/case-results/225000-resolution-auto-accident/,case_result,2,en,3931,225000-resolution-auto-accident,0,0,publish,"$225,000 Resolution | Auto Accident"
https://rodenlaw.com/case-results/250000-settlement-auto-accident-4/,case_result,2,en,3930,250000-settlement-auto-accident-4,0,0,publish,"$250,000 Settlement | Auto Accident"
https://rodenlaw.com/case-results/250000-settlement-auto-accident-3/,case_result,2,en,3929,250000-settlement-auto-accident-3,0,0,publish,"$250,000 Settlement | Auto Accident"
https://rodenlaw.com/case-results/250000-settlement-auto-accident-2/,case_result,2,en,3928,250000-settlement-auto-accident-2,0,0,publish,"$250,000 Settlement | Auto Accident"
https://rodenlaw.com/case-results/250000-settlement-auto-accident/,case_result,2,en,3927,250000-settlement-auto-accident,0,0,publish,"$250,000 Settlement | Auto Accident"
https://rodenlaw.com/case-results/250000-settlement-premises-liability-3/,case_result,2,en,3926,250000-settlement-premises-liability-3,0,0,publish,"$250,000 Settlement | Premises Liability"
https://rodenlaw.com/case-results/100000-settlement-auto-accident-8/,case_result,2,en,3925,100000-settlement-auto-accident-8,0,0,publish,"$100,000 Settlement | Auto Accident"
https://rodenlaw.com/case-results/100000-settlement-workers-compensation/,case_result,2,en,3924,100000-settlement-workers-compensation,0,0,publish,"$100,000 Settlement | Workers' Compensation"
https://rodenlaw.com/case-results/100000-recovery-auto-accident-3/,case_result,2,en,3923,100000-recovery-auto-accident-3,0,0,publish,"$100,000 Recovery | Auto Accident"
https://rodenlaw.com/case-results/100000-settlement-auto-accident-7/,case_result,2,en,3922,100000-settlement-auto-accident-7,0,0,publish,"$100,000 Settlement | Auto Accident"
https://rodenlaw.com/case-results/100000-recovery-auto-accident-2/,case_result,2,en,3921,100000-recovery-auto-accident-2,0,0,publish,"$100,000 Recovery | Auto Accident"
https://rodenlaw.com/case-results/100000-settlement-auto-accident-6/,case_result,2,en,3920,100000-settlement-auto-accident-6,0,0,publish,"$100,000 Settlement | Auto Accident"
https://rodenlaw.com/case-results/100000-settlement-auto-accident-5/,case_result,2,en,3919,100000-settlement-auto-accident-5,0,0,publish,"$100,000 Settlement | Auto Accident"
https://rodenlaw.com/case-results/100000-settlement-auto-accident-4/,case_result,2,en,3918,100000-settlement-auto-accident-4,0,0,publish,"$100,000 Settlement | Auto Accident"
https://rodenlaw.com/case-results/100000-settlement-auto-accident-3/,case_result,2,en,3917,100000-settlement-auto-accident-3,0,0,publish,"$100,000 Settlement | Auto Accident"
https://rodenlaw.com/case-results/100000-settlement-auto-accident-2/,case_result,2,en,3916,100000-settlement-auto-accident-2,0,0,publish,"$100,000 Settlement | Auto Accident"
https://rodenlaw.com/case-results/100000-settlement-auto-accident/,case_result,2,en,3915,100000-settlement-auto-accident,0,0,publish,"$100,000 Settlement | Auto Accident"
https://rodenlaw.com/case-results/100000-resolution-auto-accident-3/,case_result,2,en,3914,100000-resolution-auto-accident-3,0,0,publish,"$100,000 Resolution | Auto Accident"
https://rodenlaw.com/case-results/100000-resolution-auto-accident-2/,case_result,2,en,3913,100000-resolution-auto-accident-2,0,0,publish,"$100,000 Resolution | Auto Accident"
https://rodenlaw.com/case-results/100000-resolution-auto-accident/,case_result,2,en,3912,100000-resolution-auto-accident,0,0,publish,"$100,000 Resolution | Auto Accident"
https://rodenlaw.com/case-results/100000-recovery-auto-accident/,case_result,2,en,3911,100000-recovery-auto-accident,0,0,publish,"$100,000 Recovery | Auto Accident"
https://rodenlaw.com/case-results/100000-settlement-nursing-home/,case_result,2,en,3910,100000-settlement-nursing-home,0,0,publish,"$100,000 Settlement | Nursing Home"
https://rodenlaw.com/case-results/130000-recovery-animal-attack/,case_result,2,en,3909,130000-recovery-animal-attack,0,0,publish,"$130,000 Recovery | Animal Attack"
https://rodenlaw.com/case-results/150000-recovery-auto-accident/,case_result,2,en,3908,150000-recovery-auto-accident,0,0,publish,"$150,000 Recovery | Auto Accident"
https://rodenlaw.com/case-results/250000-recovery-wrongful-death/,case_result,2,en,3907,250000-recovery-wrongful-death,0,0,publish,"$250,000 Recovery | Wrongful Death"
https://rodenlaw.com/case-results/1700000-settlement-brain-injury/,case_result,2,en,3906,1700000-settlement-brain-injury,0,0,publish,"$1,700,000 Settlement | Brain Injury"
https://rodenlaw.com/case-results/142000-recovery-truck-accident/,case_result,2,en,3905,142000-recovery-truck-accident,0,0,publish,"$142,000 Recovery | Truck Accident"
https://rodenlaw.com/case-results/150000-recovery-truck-accident/,case_result,2,en,3904,150000-recovery-truck-accident,0,0,publish,"$150,000 Recovery | Truck Accident"
https://rodenlaw.com/case-results/250000-policy-limits-dui-accident/,case_result,2,en,3903,250000-policy-limits-dui-accident,0,0,publish,"$250,000 Policy Limits | DUI Accident"
https://rodenlaw.com/case-results/400000-settlement-premises-liability/,case_result,2,en,3902,400000-settlement-premises-liability,0,0,publish,"$400,000 Settlement | Premises Liability"
https://rodenlaw.com/case-results/250000-settlement-premises-liability-2/,case_result,2,en,3901,250000-settlement-premises-liability-2,0,0,publish,"$250,000 Settlement | Premises Liability"
https://rodenlaw.com/case-results/355000-settlement-auto-accident/,case_result,2,en,3900,355000-settlement-auto-accident,0,0,publish,"$355,000 Settlement | Auto Accident"
https://rodenlaw.com/case-results/318000-settlement-truck-accident/,case_result,2,en,3899,318000-settlement-truck-accident,0,0,publish,"$318,000 Settlement | Truck Accident"
https://rodenlaw.com/case-results/500000-settlement-auto-accident/,case_result,2,en,3898,500000-settlement-auto-accident,0,0,publish,"$500,000 Settlement | Auto Accident"
https://rodenlaw.com/case-results/250000-settlement-premises-liability/,case_result,2,en,3897,250000-settlement-premises-liability,0,0,publish,"$250,000 Settlement | Premises Liability"
https://rodenlaw.com/case-results/100000-recovery-work-injury/,case_result,2,en,3896,100000-recovery-work-injury,0,0,publish,"$100,000 Recovery | Work Injury"
https://rodenlaw.com/case-results/1250000-settlement-wrongful-death/,case_result,2,en,3895,1250000-settlement-wrongful-death,0,0,publish,"$1,250,000 Settlement | Wrongful Death"
https://rodenlaw.com/case-results/300000-recovery-product-liability/,case_result,2,en,3894,300000-recovery-product-liability,0,0,publish,"$300,000 Recovery | Product Liability"
https://rodenlaw.com/case-results/100000-policy-limits-auto-accident/,case_result,2,en,3893,100000-policy-limits-auto-accident,0,0,publish,"$100,000 Policy Limits | Auto Accident"
https://rodenlaw.com/case-results/140000-settlement-auto-accident/,case_result,2,en,3892,140000-settlement-auto-accident,0,0,publish,"$140,000 Settlement | Auto Accident"
https://rodenlaw.com/case-results/200000-policy-limits-auto-accident/,case_result,2,en,3891,200000-policy-limits-auto-accident,0,0,publish,"$200,000 Policy Limits | Auto Accident"
https://rodenlaw.com/case-results/750000-recovery-truck-accident-2/,case_result,2,en,3890,750000-recovery-truck-accident-2,0,0,publish,"$750,000 Recovery | Truck Accident"
https://rodenlaw.com/resources/georgia-statute-of-limitations/,resource,2,en,5223,georgia-statute-of-limitations,2199,0,publish,"How Long Do I Have to File a Personal Injury Claim in Georgia?"
https://rodenlaw.com/resources/truck-accident-settlement-process/,resource,2,en,5220,truck-accident-settlement-process,2662,0,publish,"How Do I Start the Settlement Process With a Truck Accident Lawyer?"
https://rodenlaw.com/es/resources/georgia-truck-accident-settlement-value/,resource,3,es,5211,es-georgia-truck-accident-settlement-value,1730,0,publish,"¿Cuánto Vale un Caso de Accidente de Camión en Georgia?"
https://rodenlaw.com/es/resources/georgia-car-accident-settlement-value/,resource,3,es,5210,es-georgia-car-accident-settlement-value,1504,0,publish,"¿Cuánto Vale un Caso de Accidente de Auto en Georgia?"
https://rodenlaw.com/es/resources/south-carolina-personal-injury-faq/,resource,3,es,4937,es-south-carolina-personal-injury-faq,9058,0,publish,"Preguntas Frecuentes sobre Lesiones Personales en Carolina del Sur"
https://rodenlaw.com/es/resources/south-carolina-workers-comp-impairment-rating-mmi/,resource,3,es,4936,es-south-carolina-workers-comp-impairment-rating-mmi,1323,0,publish,"MMI y Calificación de Deterioro en la Compensación Laboral de Carolina del Sur"
https://rodenlaw.com/es/resources/south-carolina-workers-comp-body-part-values/,resource,3,es,4935,es-south-carolina-workers-comp-body-part-values,1228,0,publish,"Tabla de Valores por Parte del Cuerpo: Compensación Laboral en Carolina del Sur"
https://rodenlaw.com/es/resources/south-carolina-workers-comp-claim-denied/,resource,3,es,4934,es-south-carolina-workers-comp-claim-denied,1231,0,publish,"Reclamo de Compensación Laboral Negado en Carolina del Sur: Qué Hacer"
https://rodenlaw.com/es/resources/how-much-does-south-carolina-workers-comp-pay/,resource,3,es,4933,es-how-much-does-south-carolina-workers-comp-pay,1307,0,publish,"¿Cuánto Paga la Compensación Laboral en Carolina del Sur?"
https://rodenlaw.com/es/resources/south-carolina-car-accident-settlement-value/,resource,3,es,4932,es-south-carolina-car-accident-settlement-value,1185,0,publish,"¿Cuánto Vale un Caso de Accidente de Auto en Carolina del Sur?"
https://rodenlaw.com/es/resources/south-carolina-um-uim-stacking/,resource,3,es,4931,es-south-carolina-um-uim-stacking,1093,0,publish,"Cobertura UM y UIM en Carolina del Sur: Cómo Acumular (""Stacking"") Pólizas"
https://rodenlaw.com/es/resources/south-carolina-comparative-negligence/,resource,3,es,4930,es-south-carolina-comparative-negligence,1054,0,publish,"Negligencia Comparativa en Carolina del Sur: La Regla del 51% Explicada"
https://rodenlaw.com/es/resources/south-carolina-statute-of-limitations/,resource,3,es,4929,es-south-carolina-statute-of-limitations,1195,0,publish,"Plazo Legal para Demandar en Carolina del Sur (Statute of Limitations)"
https://rodenlaw.com/resources/south-carolina-wrongful-death-settlement-value/,resource,2,en,4861,south-carolina-wrongful-death-settlement-value,1507,0,publish,"How Much Is a SC Wrongful Death Case Worth?"
https://rodenlaw.com/resources/south-carolina-premises-liability-settlement-value/,resource,2,en,4860,south-carolina-premises-liability-settlement-value,1662,0,publish,"How Much Is a SC Premises Liability Case Worth?"
https://rodenlaw.com/resources/south-carolina-slip-and-fall-settlement-value/,resource,2,en,4859,south-carolina-slip-and-fall-settlement-value,1676,0,publish,"How Much Is a SC Slip and Fall Case Worth?"
https://rodenlaw.com/resources/south-carolina-motorcycle-accident-settlement-value/,resource,2,en,4858,south-carolina-motorcycle-accident-settlement-value,1668,0,publish,"How Much Is a SC Motorcycle Accident Case Worth?"
https://rodenlaw.com/resources/south-carolina-workers-comp-claim-denied/,resource,2,en,4842,south-carolina-workers-comp-claim-denied,1132,0,publish,"What to Do If Your SC Workers' Comp Claim Is Denied"
https://rodenlaw.com/resources/south-carolina-workers-comp-impairment-rating-mmi/,resource,2,en,4841,south-carolina-workers-comp-impairment-rating-mmi,1177,0,publish,"MMI and Impairment Ratings in SC Workers' Comp"
https://rodenlaw.com/resources/how-much-does-south-carolina-workers-comp-pay/,resource,2,en,4840,how-much-does-south-carolina-workers-comp-pay,1235,0,publish,"How Much Does South Carolina Workers' Comp Pay?"
https://rodenlaw.com/resources/south-carolina-workers-comp-body-part-values/,resource,2,en,4839,south-carolina-workers-comp-body-part-values,1227,0,publish,"South Carolina Workers' Comp Body Part Value Chart"
https://rodenlaw.com/resources/south-carolina-personal-injury-faq/,resource,2,en,4814,south-carolina-personal-injury-faq,7539,0,publish,"South Carolina Personal Injury FAQ"
https://rodenlaw.com/resources/south-carolina-car-seat-laws/,resource,2,en,4813,south-carolina-car-seat-laws,1526,0,publish,"South Carolina Car Seat and Booster Seat Laws"
https://rodenlaw.com/resources/south-carolina-um-uim-stacking/,resource,2,en,4812,south-carolina-um-uim-stacking,1141,0,publish,"Stacking UM and UIM Coverage in South Carolina"
https://rodenlaw.com/resources/south-carolina-comparative-negligence/,resource,2,en,4811,south-carolina-comparative-negligence,1334,0,publish,"South Carolina Comparative Negligence — the 51% Bar Explained"
https://rodenlaw.com/resources/south-carolina-statute-of-limitations/,resource,2,en,4810,south-carolina-statute-of-limitations,1771,0,publish,"South Carolina Statute of Limitations for Personal Injury Claims"
https://rodenlaw.com/resources/south-carolina-car-accident-settlement-value/,resource,2,en,4809,south-carolina-car-accident-settlement-value,1868,0,publish,"How Much Is a SC Car Accident Case Worth?"
https://rodenlaw.com/resources/georgia-truck-accident-settlement-value/,resource,2,en,4808,georgia-truck-accident-settlement-value,1702,0,publish,"How Much Is a GA Truck Accident Case Worth?"
https://rodenlaw.com/resources/georgia-car-accident-settlement-value/,resource,2,en,4807,georgia-car-accident-settlement-value,1793,0,publish,"How Much Is a GA Car Accident Case Worth?"
https://rodenlaw.com/resources/south-carolina-truck-accident-settlement-value/,resource,2,en,4806,south-carolina-truck-accident-settlement-value,1789,0,publish,"How Much Is a SC Truck Accident Case Worth?"
https://rodenlaw.com/resources/georgetown-county-us-17-truck-accidents/,resource,2,en,4690,georgetown-county-us-17-truck-accidents,1763,0,publish,"Georgetown County US-17 Truck Accidents: Charleston to Myrtle Beach"
https://rodenlaw.com/resources/i-95-widening-construction-zone-ga-sc/,resource,2,en,4689,i-95-widening-construction-zone-ga-sc,1554,0,publish,"I-95 Widening Construction Zone: Georgia-South Carolina Border"
https://rodenlaw.com/resources/blythewood-i-77-truck-accidents/,resource,2,en,4688,blythewood-i-77-truck-accidents,1635,0,publish,"Blythewood & I-77 Truck Accidents North of Columbia"
https://rodenlaw.com/resources/carolina-crossroads-construction-zone-truck-accidents/,resource,2,en,4687,carolina-crossroads-construction-zone-truck-accidents,1456,0,publish,"Carolina Crossroads Construction Zone Truck Accidents in Columbia"
https://rodenlaw.com/resources/us-52-truck-train-accidents-goose-creek/,resource,2,en,4686,us-52-truck-train-accidents-goose-creek,1574,0,publish,"US-52 Truck & Train Accidents in Goose Creek, SC"
https://rodenlaw.com/resources/i-526-construction-zone-truck-accidents-charleston/,resource,2,en,4685,i-526-construction-zone-truck-accidents-charleston,1456,0,publish,"I-526 Lowcountry Corridor Construction Zone Truck Accidents"
https://rodenlaw.com/resources/jimmy-deloach-connector-truck-accidents-savannah/,resource,2,en,4684,jimmy-deloach-connector-truck-accidents-savannah,1526,0,publish,"Jimmy DeLoach Connector Truck Accidents in Savannah"
https://rodenlaw.com/resources/i-16-i-95-construction-zone-truck-accidents/,resource,2,en,4683,i-16-i-95-construction-zone-truck-accidents,1378,0,publish,"I-16/I-95 Construction Zone Truck Accidents in Chatham County"
https://rodenlaw.com/resources/us-17-sc-544-truck-accidents-surfside-beach/,resource,2,en,4682,us-17-sc-544-truck-accidents-surfside-beach,1506,0,publish,"US-17 &amp; SC-544 Truck Accidents in Surfside Beach"
https://rodenlaw.com/resources/highway-22-truck-accidents-conway-bypass/,resource,2,en,4681,highway-22-truck-accidents-conway-bypass,1486,0,publish,"Highway 22 Truck Accidents: Conway Bypass"
https://rodenlaw.com/resources/bush-river-road-i-26-truck-accidents-columbia/,resource,2,en,4680,bush-river-road-i-26-truck-accidents-columbia,1436,0,publish,"Bush River Road &amp; I-26 Truck Accidents: Columbia's Malfunction Junction"
https://rodenlaw.com/resources/two-notch-road-truck-accidents-columbia/,resource,2,en,4679,two-notch-road-truck-accidents-columbia,1456,0,publish,"Two Notch Road Truck Accidents in Columbia, SC"
https://rodenlaw.com/resources/broad-river-road-truck-accidents-columbia/,resource,2,en,4678,broad-river-road-truck-accidents-columbia,1358,0,publish,"Broad River Road Truck Accidents in Columbia, SC"
https://rodenlaw.com/resources/aviation-avenue-i-26-truck-accidents/,resource,2,en,4677,aviation-avenue-i-26-truck-accidents,1510,0,publish,"Aviation Avenue &amp; I-26 Truck Accidents in North Charleston"
https://rodenlaw.com/resources/port-access-road-truck-accidents-leatherman-terminal/,resource,2,en,4676,port-access-road-truck-accidents-leatherman-terminal,1367,0,publish,"Port Access Road Truck Accidents Near Leatherman Terminal"
https://rodenlaw.com/resources/spruill-avenue-port-trucks-north-charleston/,resource,2,en,4675,spruill-avenue-port-trucks-north-charleston,1396,0,publish,"Spruill Avenue &amp; North Rhett: Port Trucks Through North Charleston Neighborhoods"
https://rodenlaw.com/resources/dorchester-road-truck-accidents-north-charleston/,resource,2,en,4674,dorchester-road-truck-accidents-north-charleston,1417,0,publish,"Dorchester Road Truck Accidents in North Charleston"
https://rodenlaw.com/resources/ogeechee-road-truck-accidents-savannah/,resource,2,en,4673,ogeechee-road-truck-accidents-savannah,1552,0,publish,"Ogeechee Road Truck Accidents in Savannah"
https://rodenlaw.com/resources/dean-forest-road-truck-accidents-pooler/,resource,2,en,4672,dean-forest-road-truck-accidents-pooler,1563,0,publish,"Dean Forest Road Truck Accidents: Pooler to I-16"
https://rodenlaw.com/resources/bay-street-truck-accidents-savannah-historic-district/,resource,2,en,4671,bay-street-truck-accidents-savannah-historic-district,1524,0,publish,"Bay Street Truck Traffic in Savannah's Historic District"
https://rodenlaw.com/resources/abercorn-street-truck-accidents-savannah/,resource,2,en,4670,abercorn-street-truck-accidents-savannah,1456,0,publish,"Abercorn Street Truck Accidents in Savannah: White Bluff to DeRenne"
https://rodenlaw.com/resources/seasonal-truck-accidents-myrtle-beach/,resource,2,en,4669,seasonal-truck-accidents-myrtle-beach,701,0,publish,"Seasonal Truck Accident Dangers in Myrtle Beach"
https://rodenlaw.com/resources/us-17-truck-accidents-grand-strand/,resource,2,en,4668,us-17-truck-accidents-grand-strand,621,0,publish,"US-17 Truck Accidents in the Grand Strand"
https://rodenlaw.com/resources/highway-501-truck-accidents-conway-myrtle-beach/,resource,2,en,4667,highway-501-truck-accidents-conway-myrtle-beach,707,0,publish,"Highway 501 Truck Accidents: Conway to Myrtle Beach"
https://rodenlaw.com/resources/mount-pleasant-truck-accidents-wando-welch/,resource,2,en,4666,mount-pleasant-truck-accidents-wando-welch,1609,0,publish,"Mount Pleasant Truck Accidents Near Wando Welch Terminal"
https://rodenlaw.com/resources/summerville-truck-accidents-i-26-corridor/,resource,2,en,4665,summerville-truck-accidents-i-26-corridor,1370,0,publish,"Summerville Truck Accidents on the I-26 Corridor"
https://rodenlaw.com/resources/ashley-phosphate-i-26-truck-accidents/,resource,2,en,4664,ashley-phosphate-i-26-truck-accidents,1411,0,publish,"Ashley Phosphate Road &amp; I-26: South Carolina's Deadliest Truck Intersection"
https://rodenlaw.com/resources/rivers-avenue-truck-accidents-north-charleston/,resource,2,en,4663,rivers-avenue-truck-accidents-north-charleston,1368,0,publish,"Rivers Avenue Truck Accidents in North Charleston"
https://rodenlaw.com/resources/port-of-charleston-truck-routes/,resource,2,en,4662,port-of-charleston-truck-routes,1498,0,publish,"Port of Charleston Truck Routes: Hugh Leatherman &amp; Wando Welch Terminals"
https://rodenlaw.com/resources/i-526-truck-accidents-charleston/,resource,2,en,4661,i-526-truck-accidents-charleston,1546,0,publish,"I-526 Truck Accidents in Charleston, SC"
https://rodenlaw.com/resources/lexington-county-truck-accidents-distribution-corridor/,resource,2,en,4657,lexington-county-truck-accidents-distribution-corridor,1955,0,publish,"Lexington County Truck Accidents: Distribution Center Corridor"
https://rodenlaw.com/resources/columbia-i-26-i-20-i-77-interchange-truck-accidents/,resource,2,en,4656,columbia-i-26-i-20-i-77-interchange-truck-accidents,1565,0,publish,"Columbia's I-26/I-20/I-77 Interchange: South Carolina's Most Dangerous Truck Corridor"
https://rodenlaw.com/resources/i-77-truck-accidents-columbia-rock-hill/,resource,2,en,4655,i-77-truck-accidents-columbia-rock-hill,1678,0,publish,"I-77 Truck Accidents: Columbia to Rock Hill Corridor"
https://rodenlaw.com/resources/i-20-truck-accidents-columbia/,resource,2,en,4654,i-20-truck-accidents-columbia,1515,0,publish,"I-20 Truck Accidents in the Columbia, SC Area"
https://rodenlaw.com/resources/logging-truck-accidents-us-17-mcintosh-glynn/,resource,2,en,4653,logging-truck-accidents-us-17-mcintosh-glynn,1129,0,publish,"Logging Truck Accidents on US-17 in McIntosh & Glynn Counties"
https://rodenlaw.com/resources/pooler-warehouse-district-truck-accidents/,resource,2,en,4652,pooler-warehouse-district-truck-accidents,929,0,publish,"Pooler Warehouse District Truck Accidents: I-95 & I-16 Corridor"
https://rodenlaw.com/resources/port-of-savannah-truck-routes/,resource,2,en,4651,port-of-savannah-truck-routes,1196,0,publish,"Port of Savannah Truck Routes: Where Crashes Happen Most"
https://rodenlaw.com/resources/i-516-truck-accidents-port-savannah/,resource,2,en,4650,i-516-truck-accidents-port-savannah,976,0,publish,"I-516 Truck Accidents Near Port of Savannah"
https://rodenlaw.com/resources/i-16-truck-accidents-savannah/,resource,2,en,4649,i-16-truck-accidents-savannah,1158,0,publish,"I-16 Truck Accidents: Savannah's Deadliest Freight Corridor"
https://rodenlaw.com/resources/i-95-truck-accidents-savannah-brunswick/,resource,2,en,4648,i-95-truck-accidents-savannah-brunswick,1293,0,publish,"I-95 Truck Accidents: Savannah to Brunswick Corridor"
https://rodenlaw.com/resources/construction-zone-accidents-north-charleston/,resource,2,en,4641,construction-zone-accidents-north-charleston,891,0,publish,"North Charleston Construction Zone Accident Rights"
https://rodenlaw.com/resources/personal-injury-claim-charleston-county-court/,resource,2,en,4640,personal-injury-claim-charleston-county-court,960,0,publish,"Filing a Personal Injury Claim in Charleston County Circuit Court"
https://rodenlaw.com/resources/pedestrian-bicycle-safety-north-charleston/,resource,2,en,4639,pedestrian-bicycle-safety-north-charleston,953,0,publish,"North Charleston Pedestrian & Bicycle Safety: Know Your Rights"
https://rodenlaw.com/resources/rideshare-accident-north-charleston/,resource,2,en,4634,rideshare-accident-north-charleston,1100,0,publish,"Rideshare Accident Claims in North Charleston: Uber & Lyft Guide"
https://rodenlaw.com/resources/workers-comp-north-charleston-warehouse-port/,resource,2,en,4633,workers-comp-north-charleston-warehouse-port,1073,0,publish,"Workers' Comp for North Charleston Warehouse & Port Workers"
https://rodenlaw.com/resources/north-charleston-truck-accident-guide/,resource,2,en,4632,north-charleston-truck-accident-guide,1189,0,publish,"North Charleston Truck Accident Guide: I-26 & Rivers Avenue Corridor"
https://rodenlaw.com/resources/what-to-do-after-car-accident-north-charleston/,resource,2,en,4618,what-to-do-after-car-accident-north-charleston,1202,0,publish,"What to Do After a Car Accident in North Charleston, SC"
https://rodenlaw.com/resources/dangerous-roads-north-charleston/,resource,2,en,4617,dangerous-roads-north-charleston,1125,0,publish,"Most Dangerous Roads & Intersections in North Charleston, SC"
