tier	traffic	risk	months_stale	type	locale	byline	url	risk_flags
P1	241	13	0	post	en	y	/blog/compensatory-damages-vs-punitive-damages/	statute,fault,damages,premises,medspecials
P1	168	12	3	resource	en	y	/resources/two-notch-road-truck-accidents-columbia/	statute,fault,sol,damages
P1	114	14	4	post	en	y	/blog/fault-vs-no-fault-car-insurance/	statute,fault,sol,damages,medspecials
P1	62	7	1	practice_area	en	y	/truck-accident-lawyers/charleston-sc/	statute,fault
P1	36	7	3	post	en	y	/blog/south-carolina-statute-of-limitations-personal-injury/	statute,sol
P1	34	14	1	post	en	y	/blog/calculating-compensation-for-whiplash-injuries/	statute,fault,sol,damages,medspecials
P1	24	13	1	practice_area	en	y	/golf-cart-accident-lawyers/north-charleston-sc/	statute,seatbelt,fault,sol
P1	19	12	1	practice_area	en	y	/pedestrian-accident-lawyers/charleston-sc/	statute,fault,sol,damages
P1	17	14	4	practice_area	en	y	/car-accident-lawyers/savannah-ga/	statute,fault,sol,damages,medspecials
P1	17	7	1	practice_area	en	y	/dog-bite-lawyers/charleston-sc/	statute,sol
P1	17	5	5	location	en	-	/locations/georgia/darien/st-simons-island/	sol,damages
P1	14	10	1	practice_area	en	y	/boating-accident-lawyers/columbia-sc/	statute,fault,sol
P1	12	12	1	post	en	y	/blog/garden-city-dean-forest-road-truck-accident-lawyer/	statute,fault,sol,medspecials
P1	12	10	1	practice_area	en	y	/spinal-cord-injury-lawyers/columbia-sc/	statute,fault,sol
P1	12	7	1	post	en	y	/blog/brunswick-i-95-truck-accident-lawyer/	statute,fault
P1	10	10	1	post	en	y	/blog/diminished-value-claims-after-car-accident/	statute,fault,sol
P1	9	10	1	post	en	y	/blog/ashley-phosphate-i-26-south-carolinas-deadliest-intersection/	statute,fault,sol
P1	9	7	4	post	en	y	/blog/can-an-insurance-company-go-against-a-police-report/	statute,fault
P1	9	6	0	post	en	y	/blog/is-workers-compensation-an-employee-benefit/	statute,medspecials
P1	8	9	5	practice_area	en	y	/atv-side-by-side-accident-lawyers/side-by-side-utv-accident/	statute,seatbelt,damages
P1	7	13	1	post	en	y	/blog/value-of-pain-and-suffering/	statute,fault,damages,premises,medspecials
P1	7	12	1	practice_area	en	y	/burn-injury-lawyers/columbia-sc/	statute,fault,sol,premises
P1	7	12	1	practice_area	en	y	/car-accident-lawyers/columbia-sc/	statute,fault,sol,damages
P1	7	10	5	practice_area	en	y	/dog-bite-lawyers/savannah-ga/	statute,fault,sol
P1	6	14	5	location	en	-	/locations/south-carolina/columbia/	statute,fault,sol,damages,premises
P1	6	12	5	practice_area	en	y	/medical-malpractice-lawyers/savannah-ga/	statute,fault,sol,damages
P1	6	12	1	practice_area	en	y	/motorcycle-accident-lawyers/charleston-sc/	statute,fault,sol,damages
P1	6	12	1	practice_area	en	y	/car-accident-lawyers/charleston-sc/	statute,fault,sol,damages
P1	5	15	0	post	en	y	/blog/rollover-crashes-and-what-they-do-to-your-body/	statute,seatbelt,fault,sol,damages
P1	5	14	1	practice_area	en	y	/wrongful-death-lawyers/charleston-sc/	statute,fault,sol,damages,medspecials
P1	5	9	1	practice_area	en	y	/construction-accident-lawyers/columbia-sc/	statute,fault,damages
P1	5	4	4	post	en	y	/blog/how-long-can-a-person-stay-on-workers-compensation/	statute
P2	0	19	4	post	en	y	/blog/south-carolina-comparative-fault-partially-at-fault/	statute,seatbelt,fault,sol,damages,premises,medspecials
P2	0	17	5	practice_area	en	y	/electric-scooter-accident-lawyers/escooter-vehicle-collision/	statute,seatbelt,fault,sol,damages,medspecials
P2	0	17	4	post	en	y	/blog/certification-of-permanent-injury/	statute,seatbelt,fault,sol,damages,medspecials
P2	0	17	4	post	en	y	/blog/what-to-do-when-you-are-in-a-car-accident/	statute,seatbelt,fault,sol,damages,medspecials
P2	0	17	4	post	en	y	/blog/how-to-maximize-your-car-accident-compensation-in-georgia/	statute,seatbelt,fault,sol,damages,medspecials
P2	0	17	4	post	en	y	/blog/ashley-phosphate-road-i-26-dangerous-intersection-charleston/	statute,seatbelt,fault,sol,damages,medspecials
P2	0	17	4	post	en	y	/blog/summer-dui-accidents-charleston-memorial-day-labor-day/	statute,seatbelt,fault,sol,damages,medspecials
P2	0	17	4	post	en	y	/blog/carriage-tour-accidents-downtown-charleston-liability/	statute,seatbelt,fault,sol,damages,premises
P2	0	17	4	post	en	y	/blog/car-accidents-ladson-i-26-exit-203-danger-zone/	statute,seatbelt,fault,sol,damages,medspecials
P2	0	17	4	practice_area	en	y	/atv-side-by-side-accident-lawyers/darien-ga/	statute,seatbelt,fault,sol,damages,premises
P2	0	17	4	practice_area	en	y	/atv-side-by-side-accident-lawyers/savannah-ga/	statute,seatbelt,fault,sol,damages,premises
P2	0	17	2	post	en	y	/blog/eastern-wharf-savannah-pedestrian-bike-accidents/	statute,seatbelt,fault,sol,damages,premises
P2	0	17	1	post	en	y	/blog/what-to-do-after-car-accident-south-carolina/	statute,seatbelt,fault,sol,damages,medspecials
P2	0	17	1	post	en	y	/blog/ptsd-after-car-accident-compensation/	statute,seatbelt,fault,sol,damages,premises
P2	0	17	1	resource	en	y	/resources/south-carolina-personal-injury-faq/	statute,seatbelt,fault,sol,damages,medspecials
P2	0	16	4	post	en	y	/blog/options-for-denied-injury-claims/	statute,fault,sol,damages,premises,medspecials
P2	0	16	4	post	en	y	/blog/car-insurance-claim-denial-tactics/	statute,fault,sol,damages,premises,medspecials
P2	0	16	4	post	en	y	/blog/filing-a-claim-for-an-injured-minor/	statute,fault,sol,damages,premises,medspecials
P2	0	16	4	post	en	y	/blog/should-i-file-a-personal-injury-or-a-workers-compensation-claim/	statute,fault,sol,damages,premises,medspecials
P2	0	16	4	post	en	y	/blog/benefits-for-workplace-violence/	statute,fault,sol,damages,premises,medspecials
P2	0	16	4	post	en	y	/blog/what-is-the-role-of-a-personal-injury-lawyer-in-a-case/	statute,fault,sol,damages,premises,medspecials
P2	0	16	4	post	en	y	/blog/taxes-on-car-crash-settlement-in-georgia/	statute,fault,sol,damages,premises,medspecials
P2	0	16	4	post	en	y	/blog/using-uninsured-underinsured-motorist-coverage-in-georgia/	statute,fault,sol,damages,premises,medspecials
P2	0	16	4	post	en	y	/blog/benefits-of-hiring-personal-injury-lawyer/	statute,fault,sol,damages,premises,medspecials
P2	0	16	4	post	en	y	/blog/charleston-tourist-injuries-premises-liability-hotels-restaurants/	statute,fault,sol,damages,premises,medspecials
P2	0	16	3	practice_area	en	y	/practice-areas/personal-injury-lawyers/	statute,fault,sol,damages,premises,medspecials
P2	0	16	1	post	en	y	/blog/how-do-i-know-if-i-have-a-personal-injury-case/	statute,fault,sol,damages,premises,medspecials
P2	0	16	1	post	en	y	/blog/are-accident-lawyers-worth-it/	statute,fault,sol,damages,premises,medspecials
P2	0	16	1	post	en	y	/blog/how-to-maximize-your-car-accident-compensation-in-south-carolina/	statute,fault,sol,damages,premises,medspecials
P2	0	16	1	post	en	y	/blog/how-pain-and-suffering-is-calculated-after-an-accident-in-georgia/	statute,fault,sol,damages,premises,medspecials
P2	0	16	1	post	en	y	/blog/how-pain-and-suffering-is-calculated-after-an-accident-in-south-carolina/	statute,fault,sol,damages,premises,medspecials
P2	0	16	1	resource	en	y	/resources/south-carolina-premises-liability-settlement-value/	statute,fault,sol,damages,premises,medspecials
P2	0	16	1	resource	en	y	/resources/south-carolina-slip-and-fall-settlement-value/	statute,fault,sol,damages,premises,medspecials
P2	0	16	1	practice_area	en	y	/personal-injury-lawyers/columbia-sc/	statute,fault,sol,damages,premises,medspecials
P2	0	16	0	post	en	y	/blog/rivers-avenue-pedestrian-deaths-north-charleston/	statute,fault,sol,damages,premises,medspecials
P2	0	16	0	practice_area	en	y	/personal-injury-lawyers/charleston-sc/	statute,fault,sol,damages,premises,medspecials
P2	0	16	0	practice_area	en	y	/personal-injury-lawyers/myrtle-beach-sc/	statute,fault,sol,damages,premises,medspecials
P2	0	15	5	practice_area	en	y	/golf-cart-accident-lawyers/golf-cart-vehicle-collision/	statute,seatbelt,fault,sol,damages
P2	0	15	5	practice_area	en	y	/atv-side-by-side-accident-lawyers/atv-road-collision/	statute,seatbelt,fault,sol,damages
P2	0	15	5	practice_area	en	y	/burn-injury-lawyers/vehicle-fire-burn/	statute,seatbelt,fault,sol,damages
P2	0	15	5	practice_area	en	y	/practice-areas/atv-side-by-side-accident-lawyers/	statute,seatbelt,fault,sol,damages
P2	0	15	5	practice_area	en	y	/practice-areas/electric-scooter-accident-lawyers/	statute,seatbelt,fault,sol,damages
P2	0	15	5	practice_area	en	y	/practice-areas/bicycle-accident-lawyers/	statute,seatbelt,fault,sol,damages
P2	0	15	4	post	en	y	/blog/determining-fault-in-multi-vehicle-accidents/	statute,seatbelt,fault,sol,damages
P2	0	15	4	post	en	y	/blog/daniel-island-accidents-event-traffic-golf-carts/	statute,seatbelt,fault,sol,damages
P2	0	15	4	practice_area	en	y	/golf-cart-accident-lawyers/darien-ga/	statute,seatbelt,fault,sol,damages
P2	0	15	4	practice_area	en	y	/golf-cart-accident-lawyers/savannah-ga/	statute,seatbelt,fault,sol,damages
P2	0	15	1	post	en	y	/blog/georgia-comparative-negligence-law/	statute,seatbelt,fault,sol,premises
P2	0	15	1	resource	en	y	/resources/south-carolina-car-seat-laws/	statute,seatbelt,fault,sol,medspecials
P2	0	15	0	post	en	y	/blog/litchfield-pawleys-island-golf-cart-accident-lawyer-georgetown-county/	statute,seatbelt,fault,sol,medspecials
P2	0	14	5	practice_area	en	y	/premises-liability-lawyers/parking-lot-garage-accident/	statute,fault,sol,damages,premises
P2	0	14	5	practice_area	en	y	/brain-injury-lawyers/penetrating-brain-injury/	statute,fault,sol,damages,premises
P2	0	14	5	practice_area	en	y	/construction-accident-lawyers/defective-construction-equipment/	statute,fault,sol,damages,medspecials
P2	0	14	5	practice_area	en	y	/burn-injury-lawyers/scalding-hot-liquid-burn/	statute,fault,sol,damages,premises
P2	0	14	5	practice_area	en	y	/slip-and-fall-lawyers/parking-lot-fall/	statute,fault,sol,damages,premises
P2	0	14	5	practice_area	en	y	/slip-and-fall-lawyers/grocery-store-slip-and-fall/	statute,fault,sol,damages,premises
P2	0	14	5	practice_area	en	y	/practice-areas/golf-cart-accident-lawyers/	statute,seatbelt,sol,damages,premises
P2	0	14	5	practice_area	en	y	/car-accident-lawyers/hit-and-run-accident/	statute,fault,sol,damages,medspecials
P2	0	14	5	practice_area	en	y	/practice-areas/pedestrian-accident-lawyers/	statute,fault,sol,damages,medspecials
P2	0	14	5	practice_area	en	y	/practice-areas/premises-liability-lawyers/	statute,fault,sol,damages,premises
P2	0	14	5	location	en	-	/locations/south-carolina/myrtle-beach/	statute,fault,sol,damages,premises
P2	0	14	5	location	en	-	/locations/south-carolina/charleston/	statute,fault,sol,damages,premises
P2	0	14	5	location	en	-	/locations/georgia/darien/	statute,fault,sol,damages,premises
P2	0	14	5	location	en	-	/locations/georgia/savannah/	statute,fault,sol,damages,premises
P2	0	14	5	location	en	-	/locations/south-carolina/	statute,fault,sol,damages,premises
P2	0	14	5	location	en	-	/locations/georgia/	statute,fault,sol,damages,premises
P2	0	14	4	post	en	y	/blog/what-to-do-after-car-accident-georgia/	statute,fault,sol,damages,medspecials
P2	0	14	4	post	en	y	/blog/car-totaled-in-accident-what-to-do/	statute,fault,sol,damages,medspecials
P2	0	14	4	post	en	y	/blog/average-personal-injury-settlement-amounts/	statute,fault,sol,damages,medspecials
P2	0	14	4	post	en	y	/blog/switching-lawyers-during-a-case/	statute,fault,sol,damages,medspecials
P2	0	14	4	post	en	y	/blog/claims-for-lost-wages/	statute,fault,sol,damages,medspecials
P2	0	14	4	post	en	y	/blog/claims-against-at-fault-drivers-who-died/	statute,fault,sol,damages,medspecials
P2	0	14	4	post	en	y	/blog/benefit-of-a-personal-injury-pain-diary/	statute,fault,sol,damages,medspecials
P2	0	14	4	post	en	y	/blog/pedestrian-safety-georgia/	statute,fault,sol,damages,premises
P2	0	14	4	post	en	y	/blog/financial-abuse-at-nursing-homes/	statute,fault,sol,damages,premises
P2	0	14	4	post	en	y	/blog/how-do-i-know-if-i-have-a-medical-malpractice-case/	statute,fault,sol,damages,medspecials
P2	0	14	4	post	en	y	/blog/steps-after-slip-and-fall-injury/	statute,fault,sol,damages,premises
P2	0	14	4	post	en	y	/blog/drunk-pedestrian-injury-claims/	statute,fault,sol,damages,medspecials
P2	0	14	4	post	en	y	/blog/contingency-fee-system/	statute,fault,sol,premises,medspecials
P2	0	14	4	post	en	y	/blog/traffic-tickets-and-car-accident-claims/	statute,fault,sol,damages,medspecials
P2	0	14	4	post	en	y	/blog/accident-claims-with-an-expired-license/	statute,fault,sol,damages,medspecials
P2	0	14	4	post	en	y	/blog/5-most-common-types-of-medical-malpractice-in-2023/	statute,fault,sol,damages,medspecials
P2	0	14	4	post	en	y	/blog/5-benefits-of-hiring-a-truck-accident-attorney-in-2023/	statute,fault,sol,damages,medspecials
P2	0	14	4	post	en	y	/blog/the-importance-of-gathering-evidence-after-a-motorcycle-accident/	statute,fault,sol,damages,medspecials
P2	0	14	4	post	en	y	/blog/columbia-dangerous-intersections-roads/	statute,fault,sol,damages,medspecials
P2	0	14	4	post	en	y	/blog/dangerous-savannah-intersections/	statute,fault,sol,damages,medspecials
P2	0	14	4	post	en	y	/blog/construction-worker-injuries-charleston-sc-rights/	statute,fault,sol,damages,medspecials
P2	0	14	4	post	en	y	/blog/dog-bite-laws-south-carolina-charleston/	statute,fault,sol,damages,premises
P2	0	14	4	post	en	y	/blog/pedestrian-accidents-musc-charleston-medical-district/	statute,fault,sol,damages,premises
P2	0	14	4	post	en	y	/blog/jones-act-claims-south-carolina-maritime-worker-rights/	statute,fault,sol,damages,medspecials
P2	0	14	4	post	en	y	/blog/shem-creek-boating-dock-injuries-mount-pleasant/	statute,fault,sol,damages,premises
P2	0	14	4	post	en	y	/blog/maybank-highway-car-accidents-johns-island/	statute,fault,sol,damages,medspecials
P2	0	14	4	post	en	y	/blog/charleston-medical-malpractice-hospital-claim-south-carolina/	statute,fault,sol,damages,medspecials
P2	0	14	4	practice_area	en	y	/bicycle-accident-lawyers/darien-ga/	statute,fault,sol,damages,medspecials
P2	0	14	4	practice_area	en	y	/bicycle-accident-lawyers/savannah-ga/	statute,fault,sol,damages,medspecials
P2	0	14	4	location	en	-	/locations/south-carolina/north-charleston/olde-north-charleston/	statute,fault,sol,damages,premises
P2	0	14	3	resource	en	y	/resources/what-to-do-after-car-accident-north-charleston/	statute,fault,sol,damages,medspecials
P2	0	14	2	post	en	y	/blog/us-17-i-95-darien-wrongful-death-mcintosh-county/	statute,fault,sol,damages,medspecials
P2	0	14	2	post	en	y	/blog/atlantic-coastal-highway-us-17-rideshare-uber-lyft-crash-savannah-intermodal-transit-center/	statute,fault,sol,damages,medspecials
P2	0	14	2	post	en	y	/blog/motorcycle-accident-i-95-glynn-county-brunswick-darien/	statute,fault,sol,damages,medspecials
P2	0	14	2	post	en	y	/blog/i-16-port-freight-truck-accident-garden-city-savannah/	statute,fault,sol,damages,medspecials
P2	0	14	1	post	en	y	/blog/savannah-veterans-parkway-car-accident-lawyer/	statute,fault,sol,damages,medspecials
P2	0	14	1	post	en	y	/blog/yamacraw-village-pedestrian-accident-lawyer/	statute,fault,sol,damages,medspecials
P2	0	14	1	post	en	y	/blog/how-much-is-my-car-accident-claim-worth/	statute,fault,sol,damages,medspecials
P2	0	14	1	post	en	y	/blog/options-for-recovering-more-than-policy-limits/	statute,fault,sol,damages,medspecials
P2	0	14	1	post	en	y	/blog/continuing-post-accident-medical-treatment/	statute,fault,sol,damages,medspecials
P2	0	14	1	post	en	y	/blog/steps-to-take-if-you-are-involved-in-a-bicycle-hit-and-run/	statute,fault,sol,damages,medspecials
P2	0	14	1	post	en	y	/blog/can-someone-sue-me-for-a-car-accident/	statute,fault,sol,damages,medspecials
P2	0	14	1	post	en	y	/blog/negligence-vs-gross-negligence/	statute,fault,sol,damages,premises
P2	0	14	1	post	en	y	/blog/charleston-parking-lot-parking-garage-accident/	statute,fault,sol,damages,premises
P2	0	14	1	post	en	y	/blog/boeing-north-charleston-workplace-injuries-workers-comp/	statute,fault,sol,damages,medspecials
P2	0	14	1	post	en	y	/blog/folly-road-car-accidents-james-island-charleston/	statute,seatbelt,fault,damages,medspecials
P2	0	14	1	resource	en	y	/resources/south-carolina-wrongful-death-settlement-value/	statute,fault,sol,damages,medspecials
P2	0	14	1	resource	en	y	/resources/south-carolina-motorcycle-accident-settlement-value/	statute,fault,sol,damages,medspecials
P2	0	14	1	resource	en	y	/resources/south-carolina-car-accident-settlement-value/	statute,fault,sol,damages,medspecials
P2	0	14	1	resource	en	y	/resources/south-carolina-truck-accident-settlement-value/	statute,fault,sol,damages,medspecials
P2	0	14	1	practice_area	en	y	/premises-liability-lawyers/north-charleston-sc/	statute,fault,sol,damages,premises
P2	0	14	1	practice_area	en	y	/wrongful-death-lawyers/north-charleston-sc/	statute,fault,sol,damages,medspecials
P2	0	14	1	practice_area	en	y	/medical-malpractice-lawyers/north-charleston-sc/	statute,fault,sol,damages,medspecials
P2	0	14	1	practice_area	en	y	/slip-and-fall-lawyers/north-charleston-sc/	statute,fault,sol,damages,premises
P2	0	14	1	practice_area	en	y	/premises-liability-lawyers/myrtle-beach-sc/	statute,fault,sol,damages,premises
P2	0	14	1	practice_area	en	y	/premises-liability-lawyers/columbia-sc/	statute,fault,sol,damages,premises
P2	0	14	1	practice_area	en	y	/premises-liability-lawyers/charleston-sc/	statute,fault,sol,damages,premises
P2	0	14	1	practice_area	en	y	/wrongful-death-lawyers/myrtle-beach-sc/	statute,fault,sol,damages,medspecials
P2	0	14	1	practice_area	en	y	/wrongful-death-lawyers/columbia-sc/	statute,fault,sol,damages,medspecials
P2	0	14	1	practice_area	en	y	/medical-malpractice-lawyers/myrtle-beach-sc/	statute,fault,sol,damages,medspecials
P2	0	14	1	practice_area	en	y	/medical-malpractice-lawyers/columbia-sc/	statute,fault,sol,damages,medspecials
P2	0	14	1	practice_area	en	y	/medical-malpractice-lawyers/charleston-sc/	statute,fault,sol,damages,medspecials
P2	0	14	1	practice_area	en	y	/slip-and-fall-lawyers/myrtle-beach-sc/	statute,fault,sol,damages,premises
P2	0	14	1	practice_area	en	y	/slip-and-fall-lawyers/columbia-sc/	statute,fault,sol,damages,premises
P2	0	14	1	practice_area	en	y	/slip-and-fall-lawyers/charleston-sc/	statute,fault,sol,damages,premises
P2	0	14	1	page	en	-	/south-carolina-car-accident-lawyers/	statute,fault,sol,damages,medspecials
P2	0	14	1	page	en	-	/south-carolina-personal-injury-lawyer/	statute,fault,sol,damages,medspecials
P2	0	14	0	post	en	y	/blog/boys-estate-glynn-county-best-car-accident-lawyer/	statute,fault,sol,damages,medspecials
P2	0	14	0	post	en	y	/blog/green-grove-dorchester-road-atv-accident-lawyer-north-charleston/	statute,fault,sol,damages,medspecials
P2	0	14	0	post	en	y	/blog/chicora-cherokee-carner-avenue-us-52-car-accident-attorney-north-charleston/	statute,seatbelt,fault,damages,medspecials
P2	0	14	0	post	en	y	/blog/st-andrews-road-widewater-18-wheeler-accident-lawyer-richland-county/	statute,fault,sol,damages,medspecials
P2	0	14	0	post	en	y	/blog/mount-pleasant-mark-clark-expressway-i-526-motorcycle-accident-lawyer/	statute,fault,sol,damages,medspecials
P2	0	14	0	post	en	y	/blog/park-circle-east-montague-drunk-driving-accident-lawyer-north-charleston/	statute,fault,sol,damages,medspecials
P2	0	14	0	post	en	y	/blog/sunset-boulevard-west-columbia-drunk-driver-accident-lawyer/	statute,fault,sol,damages,medspecials
P2	0	14	0	post	en	y	/blog/mount-pleasant-johnnie-dodds-us-17-wrongful-death-car-accident-lawyer/	statute,fault,sol,damages,medspecials
P2	0	14	0	post	en	y	/blog/hit-and-run-drunk-driver-crashes-ashley-river-road-sc-61-west-ashley-greenwood-park/	statute,fault,sol,damages,medspecials
P2	0	14	0	post	en	y	/blog/i-77-truck-accident-northeast-columbia-richland-county/	statute,fault,sol,damages,medspecials
P2	0	14	0	post	en	y	/blog/i-526-mount-pleasant-wando-bridge-accident/	statute,fault,sol,damages,medspecials
P2	0	14	0	post	en	y	/blog/liens-and-your-personal-injury-claims/	statute,fault,sol,damages,medspecials
P2	0	14	0	post	en	y	/blog/maximum-medical-improvement-in-an-injury-claim/	statute,fault,sol,damages,premises
P2	0	14	0	post	en	y	/blog/why-wont-a-personal-lawyer-take-my-case/	statute,fault,sol,premises,medspecials
P2	0	14	0	post	en	y	/blog/tips-for-choosing-a-motor-vehicle-accident-attorney/	statute,fault,sol,damages,medspecials
P2	0	14	0	post	en	y	/blog/how-long-personal-injury-case-charleston-sc/	statute,fault,sol,damages,premises
P2	0	13	5	practice_area	en	y	/spinal-cord-injury-lawyers/spinal-cord-injury-car-accident/	statute,seatbelt,fault,sol
P2	0	13	5	practice_area	en	y	/atv-side-by-side-accident-lawyers/atv-product-defect/	statute,seatbelt,fault,sol
P2	0	13	5	practice_area	en	y	/product-liability-lawyers/defective-auto-parts/	statute,seatbelt,fault,sol
P2	0	13	4	post	en	y	/blog/liability-for-sudden-emergency-accidents/	statute,seatbelt,fault,sol
P2	0	13	4	post	en	y	/blog/benefits-of-an-accident-reconstruction-expert/	statute,seatbelt,fault,sol
P2	0	13	4	post	en	y	/blog/golf-cart-accidents-charleston-island-resort-communities/	statute,seatbelt,fault,sol
P2	0	13	4	post	en	y	/blog/savannah-highway-truck-accidents-west-ashley-us-17/	statute,seatbelt,fault,sol
P2	0	13	3	resource	en	y	/resources/carolina-crossroads-construction-zone-truck-accidents/	statute,seatbelt,fault,sol
P2	0	13	3	resource	en	y	/resources/i-526-construction-zone-truck-accidents-charleston/	statute,seatbelt,fault,sol
P2	0	13	3	resource	en	y	/resources/i-16-i-95-construction-zone-truck-accidents/	statute,seatbelt,fault,sol
P2	0	13	1	resource	en	y	/resources/south-carolina-comparative-negligence/	statute,seatbelt,fault,sol
P2	0	13	1	practice_area	en	y	/golf-cart-accident-lawyers/myrtle-beach-sc/	statute,seatbelt,fault,sol
P2	0	13	1	practice_area	en	y	/golf-cart-accident-lawyers/columbia-sc/	statute,seatbelt,fault,sol
P2	0	13	1	practice_area	en	y	/golf-cart-accident-lawyers/charleston-sc/	statute,seatbelt,fault,sol
P2	0	13	1	page	en	-	/south-carolina-motorcycle-accident-lawyer/	statute,seatbelt,fault,sol
P2	0	12	5	practice_area	en	y	/spinal-cord-injury-lawyers/spinal-fracture/	statute,fault,sol,damages
P2	0	12	5	practice_area	en	y	/spinal-cord-injury-lawyers/herniated-ruptured-disc/	statute,fault,sol,damages
P2	0	12	5	practice_area	en	y	/spinal-cord-injury-lawyers/tetraplegia-quadriplegia/	statute,fault,sol,damages
P2	0	12	5	practice_area	en	y	/spinal-cord-injury-lawyers/paraplegia/	statute,fault,sol,damages
P2	0	12	5	practice_area	en	y	/spinal-cord-injury-lawyers/incomplete-spinal-cord-injury/	statute,fault,sol,damages
P2	0	12	5	practice_area	en	y	/spinal-cord-injury-lawyers/complete-spinal-cord-injury/	statute,fault,sol,damages
P2	0	12	5	practice_area	en	y	/brain-injury-lawyers/closed-head-injury/	statute,fault,sol,damages
P2	0	12	5	practice_area	en	y	/brain-injury-lawyers/concussion-mild-tbi/	statute,fault,sol,damages
P2	0	12	5	practice_area	en	y	/bicycle-accident-lawyers/right-hook-left-cross-collision/	statute,fault,sol,damages
P2	0	12	5	practice_area	en	y	/bicycle-accident-lawyers/dooring-accident/	statute,fault,sol,damages
P2	0	12	5	practice_area	en	y	/burn-injury-lawyers/chemical-burn-injury/	statute,fault,sol,damages
P2	0	12	5	practice_area	en	y	/boating-accident-lawyers/dock-marina-injury/	statute,fault,sol,premises
P2	0	12	5	practice_area	en	y	/boating-accident-lawyers/jet-ski-personal-watercraft/	statute,fault,sol,damages
P2	0	12	5	practice_area	en	y	/product-liability-lawyers/defective-industrial-equipment/	statute,seatbelt,fault,damages
P2	0	12	5	practice_area	en	y	/product-liability-lawyers/dangerous-pharmaceutical-drug/	statute,fault,sol,damages
P2	0	12	5	practice_area	en	y	/wrongful-death-lawyers/pedestrian-cyclist-fatality/	statute,fault,sol,damages
P2	0	12	5	practice_area	en	y	/motorcycle-accident-lawyers/rear-end-motorcycle-accident/	statute,seatbelt,fault,damages
P2	0	12	5	practice_area	en	y	/motorcycle-accident-lawyers/head-on-motorcycle-collision/	statute,fault,sol,damages
P2	0	12	5	practice_area	en	y	/car-accident-lawyers/rear-end-collision/	statute,fault,sol,damages
P2	0	12	5	practice_area	en	y	/pedestrian-accident-lawyers/darien-ga/	statute,fault,sol,damages
P2	0	12	5	practice_area	en	y	/pedestrian-accident-lawyers/savannah-ga/	statute,fault,sol,damages
P2	0	12	5	practice_area	en	y	/premises-liability-lawyers/darien-ga/	statute,fault,sol,premises
P2	0	12	5	practice_area	en	y	/premises-liability-lawyers/savannah-ga/	statute,fault,sol,premises
P2	0	12	5	practice_area	en	y	/boating-accident-lawyers/darien-ga/	statute,fault,sol,damages
P2	0	12	5	practice_area	en	y	/boating-accident-lawyers/savannah-ga/	statute,fault,sol,damages
P2	0	12	5	practice_area	en	y	/product-liability-lawyers/darien-ga/	statute,fault,sol,damages
P2	0	12	5	practice_area	en	y	/product-liability-lawyers/savannah-ga/	statute,fault,sol,damages
P2	0	12	5	practice_area	en	y	/maritime-injury-lawyers/darien-ga/	statute,fault,sol,damages
P2	0	12	5	practice_area	en	y	/maritime-injury-lawyers/savannah-ga/	statute,fault,sol,damages
P2	0	12	5	practice_area	en	y	/spinal-cord-injury-lawyers/darien-ga/	statute,fault,sol,damages
P2	0	12	5	practice_area	en	y	/spinal-cord-injury-lawyers/savannah-ga/	statute,fault,sol,damages
P2	0	12	5	practice_area	en	y	/wrongful-death-lawyers/darien-ga/	statute,fault,sol,medspecials
P2	0	12	5	practice_area	en	y	/wrongful-death-lawyers/savannah-ga/	statute,fault,sol,medspecials
P2	0	12	5	practice_area	en	y	/medical-malpractice-lawyers/darien-ga/	statute,fault,sol,damages
P2	0	12	5	practice_area	en	y	/motorcycle-accident-lawyers/darien-ga/	statute,fault,sol,damages
P2	0	12	5	practice_area	en	y	/motorcycle-accident-lawyers/savannah-ga/	statute,fault,sol,damages
P2	0	12	5	practice_area	en	y	/truck-accident-lawyers/darien-ga/	statute,fault,sol,damages
P2	0	12	5	practice_area	en	y	/car-accident-lawyers/darien-ga/	statute,fault,sol,damages
P2	0	12	5	practice_area	en	y	/practice-areas/product-liability-lawyers/	statute,fault,sol,damages
P2	0	12	5	practice_area	en	y	/practice-areas/spinal-cord-injury-lawyers/	statute,fault,sol,damages
P2	0	12	5	practice_area	en	y	/practice-areas/wrongful-death-lawyers/	statute,fault,sol,damages
P2	0	12	4	post	en	y	/blog/fmcsa-violations-truck-accident-claims/	statute,fault,sol,damages
P2	0	12	4	post	en	y	/blog/independent-medical-exams/	statute,fault,sol,premises
P2	0	12	4	post	en	y	/blog/resolving-claims-through-arbitration/	statute,fault,sol,premises
P2	0	12	4	post	en	y	/blog/car-insurance-add-ons/	statute,fault,sol,medspecials
P2	0	12	4	post	en	y	/blog/driving-record-and-injury-claim/	statute,fault,sol,damages
P2	0	12	4	post	en	y	/blog/animal-accident-insurance-coverage/	statute,fault,sol,premises
P2	0	12	4	post	en	y	/blog/georgia-statute-of-limitations/	statute,fault,sol,premises
P2	0	12	4	post	en	y	/blog/signs-of-concussion-from-car-crash/	statute,fault,sol,damages
P2	0	12	4	post	en	y	/blog/blind-spot-accidents/	statute,fault,sol,damages
P2	0	12	4	post	en	y	/blog/driving-tips-around-trucks/	statute,fault,sol,damages
P2	0	12	4	post	en	y	/blog/recovering-damages-with-pre-existing-injuries/	statute,fault,sol,damages
P2	0	12	4	post	en	y	/blog/truck-accident-liability/	statute,fault,sol,damages
P2	0	12	4	post	en	y	/blog/georgia-super-speeder-law/	statute,fault,sol,damages
P2	0	12	4	post	en	y	/blog/answering-insurance-questions-after-crash/	statute,fault,sol,medspecials
P2	0	12	4	post	en	y	/blog/truck-accident-reconstruction/	statute,fault,sol,damages
P2	0	12	4	post	en	y	/blog/the-most-common-causes-of-truck-accidents/	statute,fault,sol,damages
P2	0	12	4	post	en	y	/blog/south-carolina-pedestrian-right-of-way-laws/	statute,fault,sol,damages
P2	0	12	4	post	en	y	/blog/georgia-pedestrian-right-of-way-laws/	statute,fault,sol,damages
P2	0	12	4	post	en	y	/blog/goose-creek-car-accidents-military-traffic-us-52/	statute,fault,sol,damages
P2	0	12	4	post	en	y	/blog/military-base-accidents-joint-base-charleston-rights/	statute,fault,sol,damages
P2	0	12	4	post	en	y	/blog/i-526-expansion-construction-zone-accidents-charleston/	statute,fault,sol,damages
P2	0	12	4	post	en	y	/blog/nursing-home-abuse-charleston-signs-families/	statute,fault,sol,damages
P2	0	12	4	post	en	y	/blog/johns-island-accidents-no-hospital-emergency-room/	statute,fault,sol,premises
P2	0	12	4	practice_area	en	y	/practice-areas/e-bike-accident-lawyers/	statute,fault,sol,damages
P2	0	12	4	practice_area	en	y	/electric-scooter-accident-lawyers/darien-ga/	statute,fault,sol,damages
P2	0	12	4	practice_area	en	y	/electric-scooter-accident-lawyers/savannah-ga/	statute,fault,sol,damages
P2	0	12	4	practice_area	en	y	/pedestrian-accident-lawyers/crosswalk-accident/	statute,fault,sol,damages
P2	0	12	4	practice_area	en	y	/truck-accident-lawyers/savannah-ga/	statute,fault,sol,damages
P2	0	12	4	location	en	-	/locations/south-carolina/north-charleston/	statute,fault,sol,premises
P2	0	12	3	resource	en	y	/resources/georgetown-county-us-17-truck-accidents/	statute,fault,sol,damages
P2	0	12	3	resource	en	y	/resources/blythewood-i-77-truck-accidents/	statute,fault,sol,damages
P2	0	12	3	resource	en	y	/resources/us-52-truck-train-accidents-goose-creek/	statute,fault,sol,damages
P2	0	12	3	resource	en	y	/resources/jimmy-deloach-connector-truck-accidents-savannah/	statute,fault,sol,damages
P2	0	12	3	resource	en	y	/resources/us-17-sc-544-truck-accidents-surfside-beach/	statute,fault,sol,damages
P2	0	12	3	resource	en	y	/resources/highway-22-truck-accidents-conway-bypass/	statute,fault,sol,damages
P2	0	12	3	resource	en	y	/resources/bush-river-road-i-26-truck-accidents-columbia/	statute,fault,sol,damages
P2	0	12	3	resource	en	y	/resources/broad-river-road-truck-accidents-columbia/	statute,fault,sol,damages
P2	0	12	3	resource	en	y	/resources/aviation-avenue-i-26-truck-accidents/	statute,fault,sol,damages
P2	0	12	3	resource	en	y	/resources/port-access-road-truck-accidents-leatherman-terminal/	statute,fault,sol,damages
P2	0	12	3	resource	en	y	/resources/spruill-avenue-port-trucks-north-charleston/	statute,fault,sol,damages
P2	0	12	3	resource	en	y	/resources/dorchester-road-truck-accidents-north-charleston/	statute,fault,sol,damages
P2	0	12	3	resource	en	y	/resources/ogeechee-road-truck-accidents-savannah/	statute,fault,sol,damages
P2	0	12	3	resource	en	y	/resources/dean-forest-road-truck-accidents-pooler/	statute,fault,sol,damages
P2	0	12	3	resource	en	y	/resources/bay-street-truck-accidents-savannah-historic-district/	statute,fault,sol,damages
P2	0	12	3	resource	en	y	/resources/abercorn-street-truck-accidents-savannah/	statute,fault,sol,damages
P2	0	12	3	resource	en	y	/resources/seasonal-truck-accidents-myrtle-beach/	statute,fault,sol,damages
P2	0	12	3	resource	en	y	/resources/highway-501-truck-accidents-conway-myrtle-beach/	statute,fault,sol,damages
P2	0	12	3	resource	en	y	/resources/mount-pleasant-truck-accidents-wando-welch/	statute,fault,sol,damages
P2	0	12	3	resource	en	y	/resources/summerville-truck-accidents-i-26-corridor/	statute,fault,sol,damages
P2	0	12	3	resource	en	y	/resources/ashley-phosphate-i-26-truck-accidents/	statute,fault,sol,damages
P2	0	12	3	resource	en	y	/resources/rivers-avenue-truck-accidents-north-charleston/	statute,fault,sol,damages
P2	0	12	3	resource	en	y	/resources/port-of-charleston-truck-routes/	statute,fault,sol,damages
P2	0	12	3	resource	en	y	/resources/i-526-truck-accidents-charleston/	statute,fault,sol,damages
P2	0	12	3	resource	en	y	/resources/lexington-county-truck-accidents-distribution-corridor/	statute,fault,sol,damages
P2	0	12	3	resource	en	y	/resources/columbia-i-26-i-20-i-77-interchange-truck-accidents/	statute,fault,sol,damages
P2	0	12	3	resource	en	y	/resources/i-77-truck-accidents-columbia-rock-hill/	statute,fault,sol,damages
P2	0	12	3	resource	en	y	/resources/i-20-truck-accidents-columbia/	statute,fault,sol,damages
P2	0	12	3	resource	en	y	/resources/pooler-warehouse-district-truck-accidents/	statute,fault,sol,premises
P2	0	12	3	resource	en	y	/resources/i-16-truck-accidents-savannah/	statute,fault,sol,damages
P2	0	12	3	resource	en	y	/resources/i-95-truck-accidents-savannah-brunswick/	statute,fault,sol,damages
P2	0	12	3	resource	en	y	/resources/north-charleston-truck-accident-guide/	statute,fault,sol,damages
P2	0	12	3	practice_area	en	y	/car-accident-lawyers/dorchester-road-accident/	statute,fault,sol,medspecials
P2	0	12	2	post	en	y	/blog/us-17-truck-accident-broadfield-glynn-county/	statute,fault,sol,damages
P2	0	12	1	post	en	y	/blog/brunswick-ocean-highway-us-17-underinsured-motorist-lawyer-glynn-county/	statute,fault,sol,medspecials
P2	0	12	1	post	en	y	/blog/eulonia-us-17-ocean-highway-rideshare-uber-accident-lawyer-mcintosh-county/	statute,fault,sol,medspecials
P2	0	12	1	post	en	y	/blog/garden-city-eden-loop-truck-accident-lawyer/	statute,fault,sol,medspecials
P2	0	12	1	post	en	y	/blog/islands-expressway-whitemarsh-island-motorcycle-accident-chatham-county/	statute,fault,sol,damages
P2	0	12	1	post	en	y	/blog/demand-letters-in-personal-injury-cases/	statute,fault,sol,damages
P2	0	12	1	post	en	y	/blog/how-car-insurers-use-private-investigators/	statute,fault,sol,premises
P2	0	12	1	post	en	y	/blog/emergency-room-errors-charleston-misdiagnosis-malpractice/	statute,fault,sol,damages
P2	0	12	1	resource	en	y	/resources/south-carolina-um-uim-stacking/	statute,fault,sol,medspecials
P2	0	12	1	resource	en	y	/resources/south-carolina-statute-of-limitations/	statute,fault,sol,premises
P2	0	12	1	practice_area	en	y	/pedestrian-accident-lawyers/north-charleston-sc/	statute,fault,sol,damages
P2	0	12	1	practice_area	en	y	/burn-injury-lawyers/north-charleston-sc/	statute,fault,sol,premises
P2	0	12	1	practice_area	en	y	/motorcycle-accident-lawyers/north-charleston-sc/	statute,fault,sol,damages
P2	0	12	1	practice_area	en	y	/pedestrian-accident-lawyers/myrtle-beach-sc/	statute,fault,sol,damages
P2	0	12	1	practice_area	en	y	/pedestrian-accident-lawyers/columbia-sc/	statute,fault,sol,damages
P2	0	12	1	practice_area	en	y	/burn-injury-lawyers/myrtle-beach-sc/	statute,fault,sol,premises
P2	0	12	1	practice_area	en	y	/burn-injury-lawyers/charleston-sc/	statute,fault,sol,premises
P2	0	12	1	practice_area	en	y	/motorcycle-accident-lawyers/myrtle-beach-sc/	statute,fault,sol,damages
P2	0	12	1	practice_area	en	y	/motorcycle-accident-lawyers/columbia-sc/	statute,fault,sol,damages
P2	0	12	1	practice_area	en	y	/car-accident-lawyers/myrtle-beach-sc/	statute,fault,sol,damages
P2	0	12	1	page	en	-	/greenville-sc-car-accident-lawyer/	statute,fault,sol,medspecials
P2	0	12	1	page	en	-	/spartanburg-sc-car-accident-lawyer/	statute,fault,sol,medspecials
P2	0	12	0	post	en	y	/blog/tenmile-i-26-best-car-accident-lawyer-north-charleston/	statute,seatbelt,fault,damages
P2	0	12	0	post	en	y	/blog/n-lake-drive-us-17-business-best-car-accident-lawyer/	statute,fault,sol,medspecials
P2	0	12	0	post	en	y	/blog/eastern-wharf-harbor-street-electric-scooter-accident-lawyer/	statute,seatbelt,fault,damages
P2	0	12	0	post	en	y	/blog/st-simons-island-kings-way-motorcycle-accident-lawyer/	statute,fault,sol,medspecials
P2	0	12	0	post	en	y	/blog/east-bay-street-savannah-pedestrian-accident-lawyer/	statute,fault,sol,medspecials
P2	0	12	0	post	en	y	/blog/socastee-holmestown-road-underinsured-motorist-lawyer/	statute,fault,sol,medspecials
P2	0	12	0	post	en	y	/blog/mark-clark-expressway-i-526-18-wheeler-accident-lawyer-north-charleston/	statute,fault,sol,medspecials
P2	0	12	0	post	en	y	/blog/bucksport-marina-waccamaw-intracoastal-boating-accident-lawyer/	statute,fault,sol,medspecials
P2	0	12	0	post	en	y	/blog/five-points-columbia-uber-accident-lawyer/	statute,fault,sol,medspecials
P2	0	12	0	post	en	y	/blog/hanahan-murray-avenue-highland-park-bicycle-accident-lawyer/	statute,fault,sol,medspecials
P2	0	12	0	post	en	y	/blog/best-car-accident-lawyer-ashley-river-road-greenwood-park-west-ashley/	statute,fault,sol,damages
P2	0	12	0	post	en	y	/blog/surfside-beach-golf-colony-golf-cart-accident-lawyer/	statute,fault,sol,medspecials
P2	0	12	0	post	en	y	/blog/north-rhett-avenue-truck-accident-hanahan-berkeley-county/	statute,fault,sol,damages
P2	0	12	0	post	en	y	/blog/rifle-range-road-mount-pleasant-car-accident-heritage-park-west/	statute,fault,sol,medspecials
P2	0	12	0	post	en	y	/blog/columbia-airport-expressway-us-378-truck-accident-springdale-lexington-county/	statute,fault,sol,damages
P2	0	12	0	post	en	y	/blog/dog-bite-surfside-beach-29575/	statute,fault,sol,premises
P2	0	12	0	post	en	y	/blog/rideshare-accident-i-26-tenmile-north-charleston/	statute,fault,sol,medspecials
P2	0	12	0	post	en	y	/blog/liability-for-crashes-in-heavy-rainfall/	statute,fault,sol,premises
P2	0	12	0	post	en	y	/blog/letters-of-protection-for-injury-victims/	statute,fault,sol,medspecials
P2	0	12	0	post	en	y	/blog/when-is-the-right-time-to-hire-a-personal-injury-lawyer/	statute,fault,sol,medspecials
P2	0	12	0	post	en	y	/blog/personal-injury-claim-charleston-berkeley-dorchester-county/	statute,fault,sol,damages
P2	0	11	15	post	en	y	/blog/dui-accidents/	statute,sol,damages,medspecials
P2	0	11	5	practice_area	en	y	/premises-liability-lawyers/elevator-escalator-accident/	statute,sol,damages,premises
P2	0	11	5	practice_area	en	y	/premises-liability-lawyers/inadequate-security/	statute,sol,damages,premises
P2	0	11	5	practice_area	en	y	/premises-liability-lawyers/swimming-pool-accident/	statute,sol,damages,premises
P2	0	11	5	practice_area	en	y	/premises-liability-lawyers/restaurant-hotel-injury/	statute,sol,damages,premises
P2	0	11	5	practice_area	en	y	/premises-liability-lawyers/retail-store-shopping-center-injury/	statute,sol,damages,premises
P2	0	11	5	practice_area	en	y	/brain-injury-lawyers/anoxic-hypoxic-brain-injury/	statute,sol,damages,premises
P2	0	11	5	practice_area	en	y	/golf-cart-accident-lawyers/golf-cart-pedestrian-accident/	statute,sol,damages,premises
P2	0	11	5	practice_area	en	y	/golf-cart-accident-lawyers/golf-course-cart-accident/	statute,sol,damages,premises
P2	0	11	5	practice_area	en	y	/golf-cart-accident-lawyers/golf-cart-passenger-ejection/	statute,seatbelt,damages,premises
P2	0	11	5	practice_area	en	y	/golf-cart-accident-lawyers/golf-cart-rollover/	statute,sol,damages,premises
P2	0	11	5	practice_area	en	y	/atv-side-by-side-accident-lawyers/atv-rollover-accident/	statute,sol,damages,premises
P2	0	11	5	practice_area	en	y	/burn-injury-lawyers/house-apartment-fire-burn/	statute,sol,damages,premises
P2	0	11	5	practice_area	en	y	/wrongful-death-lawyers/drowning-swimming-pool-death/	statute,sol,damages,premises
P2	0	11	5	practice_area	en	y	/slip-and-fall-lawyers/workplace-slip-and-fall/	statute,sol,damages,premises
P2	0	11	5	practice_area	en	y	/slip-and-fall-lawyers/retail-store-trip-and-fall/	statute,sol,damages,premises
P2	0	11	5	practice_area	en	y	/slip-and-fall-lawyers/hotel-resort-injury/	statute,sol,damages,premises
P2	0	11	5	practice_area	en	y	/slip-and-fall-lawyers/stairway-escalator-fall/	statute,sol,damages,premises
P2	0	11	5	practice_area	en	y	/slip-and-fall-lawyers/restaurant-slip-and-fall/	statute,sol,damages,premises
P2	0	11	5	practice_area	en	y	/car-accident-lawyers/drunk-driver-accident/	statute,sol,damages,medspecials
P2	0	11	5	practice_area	en	y	/practice-areas/motorcycle-accident-lawyers/	statute,fault,damages,medspecials
P2	0	11	4	post	en	y	/blog/medical-malpractice-limits-south-carolina/	statute,sol,damages,medspecials
P2	0	11	4	post	en	y	/blog/port-of-charleston-injury-claims-longshoremen-dock-workers/	statute,sol,damages,medspecials
P2	0	11	4	post	en	y	/blog/charleston-historic-sidewalk-slip-fall-city-liable/	statute,fault,damages,premises
P2	0	11	4	post	en	y	/blog/jet-ski-personal-watercraft-accidents-charleston/	statute,fault,damages,medspecials
P2	0	11	4	location	en	-	/locations/south-carolina/north-charleston/dorchester-terrace-waylyn/	statute,fault,premises,medspecials
P2	0	11	3	resource	en	y	/resources/pedestrian-bicycle-safety-north-charleston/	statute,fault,damages,medspecials
P2	0	11	3	practice_area	en	y	/premises-liability-lawyers/apartment-complex-injury/	statute,sol,damages,premises
P2	0	11	2	post	en	y	/blog/mcintosh-county-drunk-driver-accident-lawyer/	statute,fault,damages,medspecials
P2	0	11	1	post	en	y	/blog/garden-city-ga-21-augusta-road-car-accident-lawyer/	statute,fault,damages,medspecials
P2	0	11	1	post	en	y	/blog/first-steps-in-a-medical-malpractice-case/	statute,sol,damages,medspecials
P2	0	11	0	post	en	y	/blog/cayce-12th-street-uninsured-motorist-lawyer/	statute,fault,damages,medspecials
P2	0	11	0	post	en	y	/blog/car-accident-attorney-near-me-west-ashley-citadel-mall/	statute,fault,damages,medspecials
P2	0	11	0	post	en	y	/blog/mount-pleasant-johnnie-dodds-us-17-uninsured-motorist-lawyer/	statute,fault,damages,medspecials
P2	0	10	18	post	en	y	/blog/liability-in-head-on-collisions-savannah-ga/	fault,sol,damages,medspecials
P2	0	10	5	practice_area	en	y	/burn-injury-lawyers/explosion-gas-line-burn/	statute,fault,sol
P2	0	10	5	practice_area	en	y	/boating-accident-lawyers/kayak-canoe-accident/	statute,fault,sol
P2	0	10	5	practice_area	en	y	/boating-accident-lawyers/pontoon-boat-accident/	statute,fault,sol
P2	0	10	5	practice_area	en	y	/product-liability-lawyers/defective-medical-device/	statute,fault,sol
P2	0	10	5	practice_area	en	y	/car-accident-lawyers/bus-accident/	statute,seatbelt,sol
P2	0	10	5	practice_area	en	y	/nursing-home-abuse-lawyers/darien-ga/	statute,fault,sol
P2	0	10	5	practice_area	en	y	/nursing-home-abuse-lawyers/savannah-ga/	statute,fault,sol
P2	0	10	5	practice_area	en	y	/construction-accident-lawyers/darien-ga/	statute,fault,sol
P2	0	10	5	practice_area	en	y	/construction-accident-lawyers/savannah-ga/	statute,fault,sol
P2	0	10	5	practice_area	en	y	/burn-injury-lawyers/darien-ga/	statute,fault,sol
P2	0	10	5	practice_area	en	y	/burn-injury-lawyers/savannah-ga/	statute,fault,sol
P2	0	10	5	practice_area	en	y	/brain-injury-lawyers/darien-ga/	statute,fault,sol
P2	0	10	5	practice_area	en	y	/brain-injury-lawyers/savannah-ga/	statute,fault,sol
P2	0	10	5	practice_area	en	y	/dog-bite-lawyers/darien-ga/	statute,fault,sol
P2	0	10	5	practice_area	en	y	/slip-and-fall-lawyers/darien-ga/	statute,fault,sol
P2	0	10	5	practice_area	en	y	/slip-and-fall-lawyers/savannah-ga/	statute,fault,sol
P2	0	10	5	practice_area	en	y	/practice-areas/car-accident-lawyers/	statute,fault,sol
P2	0	10	4	post	en	y	/blog/importance-of-eyewitness-testimony/	statute,fault,sol
P2	0	10	4	post	en	y	/blog/qualifications-for-car-accident-witnesses/	statute,fault,sol
P2	0	10	4	post	en	y	/blog/workers-comp-for-carpal-tunnel-syndrome/	statute,fault,sol
P2	0	10	4	post	en	y	/blog/7-mistakes-to-avoid-after-a-motorcycle-accident/	statute,fault,sol
P2	0	10	4	post	en	y	/blog/darien-brunswick-dangerous-roads-i95-us17/	statute,fault,sol
P2	0	10	4	post	en	y	/blog/savannah-dangerous-highways-i16-i95-abercorn/	statute,fault,sol
P2	0	10	4	post	en	y	/blog/west-ashley-vs-downtown-charleston-driving-risks/	statute,fault,sol
P2	0	10	4	practice_area	en	y	/car-accident-lawyers/north-charleston-sc/	statute,fault,sol
P2	0	10	3	post	en	y	/blog/pedestrian-safety-park-circle-north-charleston/	statute,fault,sol
P2	0	10	3	post	en	y	/blog/how-long-can-someone-sue-you-after-a-car-accident/	statute,fault,sol
P2	0	10	3	resource	en	y	/resources/i-95-widening-construction-zone-ga-sc/	statute,fault,sol
P2	0	10	3	resource	en	y	/resources/us-17-truck-accidents-grand-strand/	statute,fault,sol
P2	0	10	3	resource	en	y	/resources/logging-truck-accidents-us-17-mcintosh-glynn/	statute,fault,sol
P2	0	10	3	resource	en	y	/resources/port-of-savannah-truck-routes/	statute,fault,sol
P2	0	10	3	resource	en	y	/resources/i-516-truck-accidents-port-savannah/	statute,fault,sol
P2	0	10	3	resource	en	y	/resources/rideshare-accident-north-charleston/	statute,fault,sol
P2	0	10	3	practice_area	en	y	/car-accident-lawyers/i-526-accident/	statute,seatbelt,fault
P2	0	10	1	post	en	y	/blog/darien-i-95-truck-accident-lawyer/	statute,fault,sol
P2	0	10	1	post	en	y	/blog/commercial-truck-accidents-who-is-at-fault/	statute,fault,sol
P2	0	10	1	post	en	y	/blog/proving-your-pain-after-a-charleston-car-accident/	fault,sol,damages,medspecials
P2	0	10	1	post	en	y	/blog/a-drivers-guide-to-wildlife-accidents-near-charleston/	fault,sol,damages,medspecials
P2	0	10	1	post	en	y	/blog/your-guide-to-justice-after-a-charleston-truck-accident/	fault,sol,damages,medspecials
P2	0	10	1	post	en	y	/blog/your-step-by-step-guide-after-a-downtown-columbia-truck-accident/	fault,sol,damages,medspecials
P2	0	10	1	post	en	y	/blog/filing-a-claim-after-a-hazmat-truck-crash-in-charleston/	fault,sol,damages,medspecials
P2	0	10	1	post	en	y	/blog/guide-after-a-car-accident-in-columbia-sc/	fault,sol,damages,medspecials
P2	0	10	1	post	en	y	/blog/your-guide-to-rideshare-accidents-in-downtown-charleston/	fault,sol,damages,medspecials
P2	0	10	1	post	en	y	/blog/what-to-do-after-a-truck-accident-on-i-526-in-charleston/	fault,sol,damages,medspecials
P2	0	10	1	post	en	y	/blog/what-to-do-after-a-bike-crash-on-charlestons-ravenel-bridge/	fault,sol,damages,medspecials
P2	0	10	1	post	en	y	/blog/a-step-by-step-guide-for-folly-road-car-accidents/	fault,sol,damages,medspecials
P2	0	10	1	practice_area	en	y	/atv-side-by-side-accident-lawyers/north-charleston-sc/	statute,fault,sol
P2	0	10	1	practice_area	en	y	/electric-scooter-accident-lawyers/north-charleston-sc/	statute,fault,sol
P2	0	10	1	practice_area	en	y	/bicycle-accident-lawyers/north-charleston-sc/	statute,fault,sol
P2	0	10	1	practice_area	en	y	/boating-accident-lawyers/north-charleston-sc/	statute,fault,sol
P2	0	10	1	practice_area	en	y	/spinal-cord-injury-lawyers/north-charleston-sc/	statute,fault,sol
P2	0	10	1	practice_area	en	y	/brain-injury-lawyers/north-charleston-sc/	statute,fault,sol
P2	0	10	1	practice_area	en	y	/atv-side-by-side-accident-lawyers/myrtle-beach-sc/	statute,fault,sol
P2	0	10	1	practice_area	en	y	/atv-side-by-side-accident-lawyers/columbia-sc/	statute,fault,sol
P2	0	10	1	practice_area	en	y	/atv-side-by-side-accident-lawyers/charleston-sc/	statute,fault,sol
P2	0	10	1	practice_area	en	y	/electric-scooter-accident-lawyers/myrtle-beach-sc/	statute,fault,sol
P2	0	10	1	practice_area	en	y	/electric-scooter-accident-lawyers/columbia-sc/	statute,fault,sol
P2	0	10	1	practice_area	en	y	/electric-scooter-accident-lawyers/charleston-sc/	statute,fault,sol
P2	0	10	1	practice_area	en	y	/bicycle-accident-lawyers/myrtle-beach-sc/	statute,fault,sol
P2	0	10	1	practice_area	en	y	/bicycle-accident-lawyers/columbia-sc/	statute,fault,sol
P2	0	10	1	practice_area	en	y	/bicycle-accident-lawyers/charleston-sc/	statute,fault,sol
P2	0	10	1	practice_area	en	y	/boating-accident-lawyers/myrtle-beach-sc/	statute,fault,sol
P2	0	10	1	practice_area	en	y	/boating-accident-lawyers/charleston-sc/	statute,fault,sol
P2	0	10	1	practice_area	en	y	/maritime-injury-lawyers/myrtle-beach-sc/	statute,fault,sol
P2	0	10	1	practice_area	en	y	/maritime-injury-lawyers/columbia-sc/	statute,fault,sol
P2	0	10	1	practice_area	en	y	/spinal-cord-injury-lawyers/myrtle-beach-sc/	statute,fault,sol
P2	0	10	1	practice_area	en	y	/spinal-cord-injury-lawyers/charleston-sc/	statute,fault,sol
P2	0	10	1	practice_area	en	y	/brain-injury-lawyers/myrtle-beach-sc/	statute,fault,sol
P2	0	10	1	practice_area	en	y	/brain-injury-lawyers/columbia-sc/	statute,fault,sol
P2	0	10	1	practice_area	en	y	/brain-injury-lawyers/charleston-sc/	statute,fault,sol
P2	0	10	1	page	es	-	/es/resources/	statute,fault,sol
P2	0	10	1	page	en	-	/florence-sc-car-accident-lawyer/	statute,fault,sol
P2	0	10	1	page	en	-	/south-carolina-truck-accident-lawyers/	statute,fault,sol
P2	0	10	1	page	en	-	/south-carolina-wrongful-death-lawyer/	statute,fault,sol
P2	0	10	0	post	en	y	/blog/summerville-i-26-18-wheeler-accident-lawyer-dorchester-county/	statute,fault,sol
P2	0	10	0	post	en	y	/blog/south-kings-highway-us-17-business-underinsured-motorist-lawyer/	statute,fault,sol
P2	0	10	0	post	en	y	/blog/broad-river-road-pedestrian-accident-lawyer-harbison-columbia/	statute,fault,sol
P2	0	10	0	post	en	y	/blog/daniel-island-i-526-wando-bridge-truck-accident-berkeley-county/	statute,fault,sol
P2	0	10	0	post	en	y	/blog/litchfield-beach-pawleys-island-us-17-car-accident-georgetown-county/	statute,fault,sol
P2	0	10	0	post	en	y	/blog/drunk-driver-crash-south-kings-highway-us-17-business-surfside-beach-29575/	statute,fault,sol
P2	0	10	0	post	en	y	/blog/sunset-boulevard-us-378-lexington-medical-center-accident/	statute,fault,sol
P2	0	10	0	post	en	y	/blog/myrtle-beach-dangerous-roads-intersections/	statute,fault,sol
P2	0	10	0	post	en	y	/blog/lower-king-street-pedestrian-safety/	fault,sol,damages,medspecials
P2	0	10	0	post	en	y	/blog/compensation-while-not-wearing-seat-belt/	statute,seatbelt,fault
P2	0	9	14	post	en	y	/blog/georgia-wrongful-death-lawsuit/	statute,sol,damages
P2	0	9	14	post	en	y	/blog/brain-injury-claim/	statute,fault,damages
P2	0	9	5	practice_area	en	y	/electric-scooter-accident-lawyers/ride-share-scooter-accident/	statute,sol,premises
P2	0	9	5	practice_area	en	y	/electric-scooter-accident-lawyers/escooter-pedestrian-accident/	statute,sol,damages
P2	0	9	5	practice_area	en	y	/electric-scooter-accident-lawyers/road-hazard-escooter-crash/	statute,sol,premises
P2	0	9	5	practice_area	en	y	/electric-scooter-accident-lawyers/scooter-malfunction-defect/	statute,sol,damages
P2	0	9	5	practice_area	en	y	/premises-liability-lawyers/amusement-park-recreational-injury/	statute,sol,damages
P2	0	9	5	practice_area	en	y	/brain-injury-lawyers/second-impact-syndrome/	statute,sol,damages
P2	0	9	5	practice_area	en	y	/brain-injury-lawyers/birth-related-brain-injury/	statute,sol,damages
P2	0	9	5	practice_area	en	y	/brain-injury-lawyers/sports-related-brain-injury/	statute,sol,damages
P2	0	9	5	practice_area	en	y	/brain-injury-lawyers/severe-traumatic-brain-injury/	statute,sol,damages
P2	0	9	5	practice_area	en	y	/medical-malpractice-lawyers/informed-consent-failure/	statute,sol,damages
P2	0	9	5	practice_area	en	y	/medical-malpractice-lawyers/hospital-acquired-infection/	statute,sol,damages
P2	0	9	5	practice_area	en	y	/medical-malpractice-lawyers/birth-injury/	statute,sol,damages
P2	0	9	5	practice_area	en	y	/medical-malpractice-lawyers/medication-error/	statute,sol,damages
P2	0	9	5	practice_area	en	y	/medical-malpractice-lawyers/misdiagnosis-delayed-diagnosis/	statute,sol,damages
P2	0	9	5	practice_area	en	y	/medical-malpractice-lawyers/surgical-error/	statute,sol,damages
P2	0	9	5	practice_area	en	y	/atv-side-by-side-accident-lawyers/atv-rental-tour-accident/	statute,sol,premises
P2	0	9	5	practice_area	en	y	/atv-side-by-side-accident-lawyers/child-atv-injury/	statute,sol,damages
P2	0	9	5	practice_area	en	y	/bicycle-accident-lawyers/bicycle-vs-truck-accident/	statute,sol,damages
P2	0	9	5	practice_area	en	y	/bicycle-accident-lawyers/drunk-driver-bicycle-accident/	statute,sol,damages
P2	0	9	5	practice_area	en	y	/bicycle-accident-lawyers/distracted-driver-bicycle-accident/	statute,sol,damages
P2	0	9	5	practice_area	en	y	/bicycle-accident-lawyers/road-hazard-bicycle-crash/	statute,sol,damages
P2	0	9	5	practice_area	en	y	/bicycle-accident-lawyers/hit-and-run-bicycle-accident/	statute,sol,damages
P2	0	9	5	practice_area	en	y	/bicycle-accident-lawyers/intersection-bicycle-accident/	statute,sol,damages
P2	0	9	5	practice_area	en	y	/nursing-home-abuse-lawyers/wrongful-death-nursing-home/	statute,sol,damages
P2	0	9	5	practice_area	en	y	/nursing-home-abuse-lawyers/financial-exploitation-seniors/	statute,sol,damages
P2	0	9	5	practice_area	en	y	/nursing-home-abuse-lawyers/nursing-home-neglect/	statute,sol,damages
P2	0	9	5	practice_area	en	y	/nursing-home-abuse-lawyers/physical-abuse-nursing-home/	statute,sol,damages
P2	0	9	5	practice_area	en	y	/construction-accident-lawyers/highway-road-construction-accident/	statute,fault,damages
P2	0	9	5	practice_area	en	y	/construction-accident-lawyers/roofing-accident/	statute,fault,damages
P2	0	9	5	practice_area	en	y	/construction-accident-lawyers/trench-collapse/	statute,fault,damages
P2	0	9	5	practice_area	en	y	/construction-accident-lawyers/crane-heavy-equipment-accident/	statute,fault,damages
P2	0	9	5	practice_area	en	y	/construction-accident-lawyers/scaffold-ladder-fall/	statute,fault,damages
P2	0	9	5	practice_area	en	y	/burn-injury-lawyers/defective-product-burn/	statute,sol,damages
P2	0	9	5	practice_area	en	y	/boating-accident-lawyers/commercial-vessel-accident/	statute,sol,damages
P2	0	9	5	practice_area	en	y	/boating-accident-lawyers/boating-under-influence/	statute,seatbelt,damages
P2	0	9	5	practice_area	en	y	/boating-accident-lawyers/sailboat-accident/	statute,fault,damages
P2	0	9	5	practice_area	en	y	/boating-accident-lawyers/speedboat-powerboat-collision/	statute,fault,damages
P2	0	9	5	practice_area	en	y	/product-liability-lawyers/food-contamination/	statute,fault,damages
P2	0	9	5	practice_area	en	y	/maritime-injury-lawyers/offshore-platform-injury/	statute,sol,damages
P2	0	9	5	practice_area	en	y	/dog-bite-lawyers/child-dog-bite/	statute,sol,damages
P2	0	9	5	practice_area	en	y	/dog-bite-lawyers/severe-dog-bite-injury/	statute,sol,damages
P2	0	9	5	practice_area	en	y	/wrongful-death-lawyers/nursing-home-wrongful-death/	statute,sol,damages
P2	0	9	5	practice_area	en	y	/wrongful-death-lawyers/workplace-fatality/	statute,sol,damages
P2	0	9	5	practice_area	en	y	/wrongful-death-lawyers/medical-malpractice-death/	statute,sol,damages
P2	0	9	5	practice_area	en	y	/wrongful-death-lawyers/fatal-car-accident/	statute,sol,damages
P2	0	9	5	practice_area	en	y	/slip-and-fall-lawyers/wet-floor-accident/	statute,fault,premises
P2	0	9	5	practice_area	en	y	/pedestrian-accident-lawyers/jogger-runner-accident/	statute,fault,damages
P2	0	9	5	practice_area	en	y	/motorcycle-accident-lawyers/drunk-driver-motorcycle-accident/	statute,seatbelt,damages
P2	0	9	5	practice_area	en	y	/motorcycle-accident-lawyers/hit-and-run-motorcycle-accident/	statute,sol,medspecials
P2	0	9	5	practice_area	en	y	/car-accident-lawyers/t-bone-accident/	statute,fault,damages
P2	0	9	5	practice_area	en	y	/car-accident-lawyers/construction-vehicle-accident/	statute,sol,damages
P2	0	9	5	practice_area	en	y	/car-accident-lawyers/government-vehicle-accident/	statute,sol,damages
P2	0	9	5	practice_area	en	y	/practice-areas/nursing-home-abuse-lawyers/	statute,sol,damages
P2	0	9	5	practice_area	en	y	/practice-areas/construction-accident-lawyers/	statute,sol,damages
P2	0	9	5	practice_area	en	y	/practice-areas/burn-injury-lawyers/	statute,sol,damages
P2	0	9	5	practice_area	en	y	/practice-areas/boating-accident-lawyers/	statute,sol,damages
P2	0	9	5	practice_area	en	y	/practice-areas/brain-injury-lawyers/	statute,sol,damages
P2	0	9	5	practice_area	en	y	/practice-areas/dog-bite-lawyers/	statute,sol,damages
P2	0	9	5	practice_area	en	y	/practice-areas/medical-malpractice-lawyers/	statute,sol,damages
P2	0	9	5	practice_area	en	y	/practice-areas/slip-and-fall-lawyers/	statute,sol,damages
P2	0	9	5	location	en	-	/locations/georgia/savannah/skidaway-island/	statute,sol,premises
P2	0	9	5	location	en	-	/locations/georgia/savannah/downtown-savannah/	statute,sol,premises
P2	0	9	4	post	en	y	/blog/does-worker-compensation-cover-employee-negligence/	statute,fault,damages
P2	0	9	4	post	en	y	/blog/what-if-i-suspect-medical-malpractice/	statute,sol,medspecials
P2	0	9	4	post	en	y	/blog/informed-consent/	statute,sol,damages
P2	0	9	4	post	en	y	/blog/workers-comp-medical-coverage/	statute,sol,medspecials
P2	0	9	4	post	en	y	/blog/boating-accidents-charleston-harbor-legal-rights/	statute,sol,damages
P2	0	9	4	post	en	y	/blog/ben-sawyer-boulevard-bridge-accidents-sullivans-island/	statute,fault,damages
P2	0	9	4	location	en	-	/locations/georgia/savannah/effingham-county/south-effingham/	statute,sol,premises
P2	0	9	4	location	en	-	/locations/georgia/savannah/richmond-hill/city-center/	statute,sol,premises
P2	0	9	4	location	en	-	/locations/georgia/savannah/midtown-savannah/ardsley-park-chatham-crescent/	statute,fault,premises
P2	0	9	4	location	en	-	/locations/georgia/savannah/southside-savannah/savannah-quarters/	statute,sol,premises
P2	0	9	4	location	en	-	/locations/georgia/savannah/southside-savannah/georgetown-savannah/	statute,fault,premises
P2	0	9	4	location	en	-	/locations/georgia/savannah/pooler/west-pooler/	statute,sol,premises
P2	0	9	4	location	en	-	/locations/georgia/savannah/pooler/godley-station/	statute,sol,premises
P2	0	9	4	location	en	-	/locations/south-carolina/north-charleston/oak-terrace-preserve/	statute,sol,premises
P2	0	9	3	resource	en	y	/resources/workers-comp-north-charleston-warehouse-port/	statute,fault,damages
P2	0	9	3	practice_area	en	y	/slip-and-fall-lawyers/retail-shopping-center-fall/	statute,fault,premises
P2	0	9	3	practice_area	en	y	/construction-accident-lawyers/highway-construction-zone/	statute,sol,damages
P2	0	9	3	practice_area	en	y	/truck-accident-lawyers/i-26-truck-accident/	statute,sol,damages
P2	0	9	1	post	en	y	/blog/darien-river-boating-accident-lawyer/	statute,fault,medspecials
P2	0	9	1	post	en	y	/blog/medical-malpractice-limits-georgia/	statute,sol,damages
P2	0	9	1	post	en	y	/blog/are-red-light-runners-always-liable-if-they-crash/	statute,fault,damages
P2	0	9	1	post	en	y	/blog/a-pedestrians-guide-to-proving-negligence-in-charleston-parking-lots/	fault,damages,premises,medspecials
P2	0	9	1	practice_area	en	y	/nursing-home-abuse-lawyers/north-charleston-sc/	statute,fault,damages
P2	0	9	1	practice_area	en	y	/construction-accident-lawyers/north-charleston-sc/	statute,fault,damages
P2	0	9	1	practice_area	en	y	/product-liability-lawyers/north-charleston-sc/	statute,fault,damages
P2	0	9	1	practice_area	en	y	/truck-accident-lawyers/18-wheeler-semi-truck-accident/	statute,sol,damages
P2	0	9	1	practice_area	en	y	/nursing-home-abuse-lawyers/myrtle-beach-sc/	statute,fault,damages
P2	0	9	1	practice_area	en	y	/nursing-home-abuse-lawyers/columbia-sc/	statute,fault,damages
P2	0	9	1	practice_area	en	y	/nursing-home-abuse-lawyers/charleston-sc/	statute,fault,damages
P2	0	9	1	practice_area	en	y	/construction-accident-lawyers/myrtle-beach-sc/	statute,fault,damages
P2	0	9	1	practice_area	en	y	/construction-accident-lawyers/charleston-sc/	statute,fault,damages
P2	0	9	1	practice_area	en	y	/product-liability-lawyers/myrtle-beach-sc/	statute,fault,damages
P2	0	9	1	practice_area	en	y	/product-liability-lawyers/columbia-sc/	statute,fault,damages
P2	0	9	1	practice_area	en	y	/product-liability-lawyers/charleston-sc/	statute,fault,damages
P2	0	9	1	page	en	-	/florence-sc-workers-compensation-lawyer/	statute,fault,medspecials
P2	0	9	1	page	en	-	/spartanburg-sc-workers-compensation-lawyer/	statute,fault,medspecials
P2	0	9	1	page	en	-	/greenville-sc-workers-compensation-lawyer/	statute,fault,medspecials
P2	0	9	1	page	en	-	/south-carolina-workers-compensation-lawyer/	statute,fault,damages
P2	0	9	0	post	en	y	/blog/green-grove-mark-clark-expressway-uninsured-motorist-lawyer-north-charleston/	statute,fault,medspecials
P2	0	9	0	post	en	y	/blog/n-lake-drive-dick-pond-road-sc-544-underinsured-motorist-lawyer/	statute,fault,medspecials
P2	0	9	0	post	en	y	/blog/murrells-inlet-jet-ski-accident-lawyer/	statute,fault,damages
P2	0	9	0	post	en	y	/blog/rivers-avenue-northwoods-bus-accident-lawyer-north-charleston/	statute,fault,damages
P2	0	9	0	post	en	y	/blog/dick-pond-road-sc-544-truck-accident-lawyer-surfside-beach/	statute,fault,medspecials
P2	0	9	0	post	en	y	/blog/edmund-highway-lexington-county-car-accident-lawyer/	statute,fault,medspecials
P2	0	9	0	post	en	y	/blog/west-ashley-sam-rittenberg-boulevard-motorcycle-accident-lawyer/	statute,fault,damages
P2	0	9	0	post	en	y	/blog/international-boulevard-airport-rideshare-uber-lyft-crash-north-charleston/	statute,fault,medspecials
P2	0	9	0	post	en	y	/blog/pedestrian-accident-dorchester-road-school-zone-29418-north-charleston/	statute,fault,damages
P2	0	8	14	post	en	y	/blog/turkey-fryer-injury-claims/	statute,damages,premises
P2	0	8	10	post	en	y	/blog/determining-fault-in-a-charleston-golf-cart-accident/	seatbelt,fault,medspecials
P2	0	8	5	practice_area	en	y	/maritime-injury-lawyers/maintenance-and-cure/	fault,sol,damages
P2	0	8	5	practice_area	en	y	/maritime-injury-lawyers/jones-act-seaman-claim/	fault,sol,damages
P2	0	8	5	practice_area	en	y	/dog-bite-lawyers/dog-on-dog-attack/	statute,damages,medspecials
P2	0	8	4	post	en	y	/blog/rear-end-accident-injuries/	seatbelt,fault,damages
P2	0	8	4	location	en	-	/locations/south-carolina/charleston/downtown-charleston/wagener-terrace/	statute,damages,premises
P2	0	8	1	post	en	y	/blog/a-cyclists-guide-after-a-ravenel-bridge-accident/	statute,damages,medspecials
P2	0	7	15	post	en	y	/blog/tactics-insurers-use-to-deny-crash-claims-charleston/	fault,damages,medspecials
P2	0	7	15	post	en	y	/blog/when-do-injury-claims-go-to-court/	fault,damages,medspecials
P2	0	7	15	post	en	y	/blog/valuing-compensation-for-a-personal-injury/	fault,damages,medspecials
P2	0	7	15	post	en	y	/blog/choking-at-nursing-homes/	fault,damages,medspecials
P2	0	7	15	post	en	y	/blog/steps-after-hit-and-run-accident/	fault,damages,medspecials
P2	0	7	14	post	en	y	/blog/how-delayed-injuries-could-impact-your-charleston-car-crash-claim/	sol,damages,medspecials
P2	0	7	14	post	en	y	/blog/what-are-my-legal-options-after-a-rideshare-crash-in-charleston/	sol,damages,medspecials
P2	0	7	14	post	en	y	/blog/major-injuries-from-minor-car-accidents/	fault,damages,medspecials
P2	0	7	14	post	en	y	/blog/roadway-hazard-auto-accident/	fault,damages,medspecials
P2	0	7	14	post	en	y	/blog/truck-accident-injuries/	seatbelt,damages,medspecials
P2	0	7	14	post	en	y	/blog/fault-for-car-accident/	fault,damages,medspecials
P2	0	7	5	practice_area	en	y	/electric-scooter-accident-lawyers/escooter-intersection-crash/	statute,fault
P2	0	7	5	practice_area	en	y	/spinal-cord-injury-lawyers/cauda-equina-syndrome/	statute,fault
P2	0	7	5	practice_area	en	y	/medical-malpractice-lawyers/emergency-room-negligence/	statute,sol
P2	0	7	5	practice_area	en	y	/medical-malpractice-lawyers/anesthesia-error/	statute,sol
P2	0	7	5	practice_area	en	y	/nursing-home-abuse-lawyers/medication-error-nursing-home/	statute,sol
P2	0	7	5	practice_area	en	y	/construction-accident-lawyers/falling-object-injury/	statute,fault
P2	0	7	5	practice_area	en	y	/construction-accident-lawyers/electrocution-construction-site/	statute,fault
P2	0	7	5	practice_area	en	y	/burn-injury-lawyers/electrical-burn-injury/	statute,fault
P2	0	7	5	practice_area	en	y	/product-liability-lawyers/defective-home-appliance/	statute,fault
P2	0	7	5	practice_area	en	y	/product-liability-lawyers/defective-childrens-product/	statute,fault
P2	0	7	5	practice_area	en	y	/product-liability-lawyers/defective-consumer-product/	statute,fault
P2	0	7	5	practice_area	en	y	/wrongful-death-lawyers/defective-product-death/	statute,sol
P2	0	7	5	practice_area	en	y	/wrongful-death-lawyers/fatal-truck-accident/	statute,sol
P2	0	7	5	practice_area	en	y	/motorcycle-accident-lawyers/lane-splitting-accident/	statute,fault
P2	0	7	5	practice_area	en	y	/motorcycle-accident-lawyers/left-turn-accident/	statute,fault
P2	0	7	5	practice_area	en	y	/truck-accident-lawyers/jackknife-accident/	statute,fault
P2	0	7	5	practice_area	en	y	/truck-accident-lawyers/underride-override-accident/	statute,seatbelt
P2	0	7	5	practice_area	en	y	/car-accident-lawyers/company-car-accident/	statute,sol
P2	0	7	5	practice_area	en	y	/car-accident-lawyers/delivery-vehicle-accident/	statute,sol
P2	0	7	5	practice_area	en	y	/car-accident-lawyers/multi-vehicle-pileup/	statute,fault
P2	0	7	5	practice_area	en	y	/car-accident-lawyers/rideshare-uber-accident/	statute,seatbelt
P2	0	7	5	location	en	-	/locations/georgia/darien/harrietts-bluff/	statute,sol
P2	0	7	5	location	en	-	/locations/georgia/darien/screven/	statute,sol
P2	0	7	5	location	en	-	/locations/georgia/darien/odum/	statute,sol
P2	0	7	5	location	en	-	/locations/georgia/darien/eulonia/	statute,sol
P2	0	7	5	location	en	-	/locations/georgia/darien/townsend/	statute,sol
P2	0	7	5	location	en	-	/locations/georgia/darien/white-oak/	statute,sol
P2	0	7	5	location	en	-	/locations/georgia/darien/waverly/	statute,sol
P2	0	7	5	location	en	-	/locations/georgia/darien/hoboken/	statute,sol
P2	0	7	5	location	en	-	/locations/georgia/darien/alma/	statute,sol
P2	0	7	5	location	en	-	/locations/georgia/darien/blackshear/	statute,sol
P2	0	7	5	location	en	-	/locations/georgia/darien/folkston/	statute,sol
P2	0	7	5	location	en	-	/locations/georgia/darien/waycross/	statute,sol
P2	0	7	5	location	en	-	/locations/georgia/darien/brunswick/	statute,sol
P2	0	7	5	location	en	-	/locations/south-carolina/columbia/camden/	statute,sol
P2	0	7	5	location	en	-	/locations/south-carolina/columbia/batesburg-leesville/	statute,sol
P2	0	7	5	location	en	-	/locations/south-carolina/columbia/lugoff/	statute,sol
P2	0	7	5	location	en	-	/locations/south-carolina/columbia/woodfield/	statute,sol
P2	0	7	5	location	en	-	/locations/south-carolina/columbia/dentsville/	statute,sol
P2	0	7	5	location	en	-	/locations/south-carolina/columbia/cayce/	statute,sol
P2	0	7	5	location	en	-	/locations/south-carolina/columbia/lexington/	statute,sol
P2	0	7	5	location	en	-	/locations/south-carolina/myrtle-beach/green-sea/	statute,sol
P2	0	7	5	location	en	-	/locations/south-carolina/myrtle-beach/wampee/	statute,sol
P2	0	7	5	location	en	-	/locations/south-carolina/myrtle-beach/briarcliffe-acres/	statute,sol
P2	0	7	5	location	en	-	/locations/south-carolina/myrtle-beach/atlantic-beach/	statute,sol
P2	0	7	5	location	en	-	/locations/south-carolina/myrtle-beach/andrews/	statute,sol
P2	0	7	5	location	en	-	/locations/south-carolina/myrtle-beach/burgess/	statute,sol
P2	0	7	5	location	en	-	/locations/south-carolina/myrtle-beach/red-hill/	statute,sol
P2	0	7	5	location	en	-	/locations/south-carolina/myrtle-beach/litchfield-beach/	statute,sol
P2	0	7	5	location	en	-	/locations/south-carolina/myrtle-beach/aynor/	statute,sol
P2	0	7	5	location	en	-	/locations/south-carolina/myrtle-beach/loris/	statute,sol
P2	0	7	5	location	en	-	/locations/south-carolina/myrtle-beach/longs/	statute,sol
P2	0	7	5	location	en	-	/locations/south-carolina/myrtle-beach/georgetown/	statute,sol
P2	0	7	5	location	en	-	/locations/south-carolina/myrtle-beach/socastee/	statute,sol
P2	0	7	5	location	en	-	/locations/south-carolina/myrtle-beach/surfside-beach/	sol,damages,medspecials
P2	0	7	5	location	en	-	/locations/south-carolina/myrtle-beach/north-myrtle-beach/	statute,sol
P2	0	7	5	location	en	-	/locations/south-carolina/myrtle-beach/conway/	statute,sol
P2	0	7	5	location	en	-	/locations/georgia/savannah/eastside-savannah/	statute,sol
P2	0	7	5	location	en	-	/locations/georgia/savannah/bryan-county/	statute,sol
P2	0	7	5	location	en	-	/locations/georgia/savannah/westside-savannah/	statute,sol
P2	0	7	5	location	en	-	/locations/georgia/savannah/guyton/	statute,sol
P2	0	7	5	location	en	-	/locations/georgia/savannah/springfield/	statute,sol
P2	0	7	5	location	en	-	/locations/georgia/savannah/whitemarsh-island/	statute,sol
P2	0	7	5	location	en	-	/locations/georgia/savannah/thunderbolt/	statute,sol
P2	0	7	5	location	en	-	/locations/georgia/savannah/isle-of-hope/	statute,sol
P2	0	7	5	location	en	-	/locations/georgia/savannah/bloomingdale/	statute,sol
P2	0	7	5	location	en	-	/locations/georgia/savannah/effingham-county/	statute,sol
P2	0	7	5	location	en	-	/locations/georgia/savannah/statesboro/	statute,sol
P2	0	7	5	location	en	-	/locations/georgia/savannah/hinesville/	statute,sol
P2	0	7	5	location	en	-	/locations/georgia/savannah/midtown-savannah/	statute,sol
P2	0	7	5	location	en	-	/locations/georgia/savannah/wilmington-island/	statute,sol
P2	0	7	5	location	en	-	/locations/georgia/savannah/rincon/	statute,sol
P2	0	7	5	location	en	-	/locations/georgia/savannah/richmond-hill/	statute,sol
P2	0	7	5	location	en	-	/locations/georgia/savannah/pooler/	statute,sol
P2	0	7	5	location	en	-	/locations/south-carolina/charleston/mount-pleasant/	statute,sol
P2	0	7	4	post	en	y	/blog/am-i-eligible-for-workers-compensation/	statute,fault
P2	0	7	4	post	en	y	/blog/does-workers-compensation-cover-prescriptions/	statute,fault
P2	0	7	4	post	en	y	/blog/highway-41-accidents-mount-pleasant-development/	statute,fault
P2	0	7	4	location	en	-	/locations/georgia/savannah/effingham-county/marlow/	statute,sol
P2	0	7	4	location	en	-	/locations/georgia/savannah/statesboro/georgia-southern/	sol,damages,premises
P2	0	7	4	location	en	-	/locations/south-carolina/charleston/west-ashley/west-ashley-park/	fault,damages,premises
P2	0	7	4	location	en	-	/locations/south-carolina/north-charleston/goose-creek/brickhope-plantation/	fault,damages,premises
P2	0	7	4	location	en	-	/locations/south-carolina/charleston/mount-pleasant/carolina-park/	fault,damages,premises
P2	0	7	4	location	en	-	/locations/south-carolina/north-charleston/goose-creek/	statute,sol
P2	0	7	4	location	en	-	/locations/south-carolina/north-charleston/summerville/	statute,sol
P2	0	7	3	resource	en	y	/resources/construction-zone-accidents-north-charleston/	statute,sol
P2	0	7	3	resource	en	y	/resources/personal-injury-claim-charleston-county-court/	statute,sol
P2	0	7	3	resource	en	y	/resources/dangerous-roads-north-charleston/	statute,fault
P2	0	7	3	practice_area	en	y	/pedestrian-accident-lawyers/rivers-avenue-pedestrian/	statute,fault
P2	0	7	3	practice_area	en	y	/motorcycle-accident-lawyers/dorchester-road-motorcycle/	statute,fault
P2	0	7	3	practice_area	en	y	/truck-accident-lawyers/port-freight-truck-accident/	statute,sol
P2	0	7	3	practice_area	en	y	/car-accident-lawyers/uber-lyft-accident/	statute,fault
P2	0	7	3	practice_area	en	y	/car-accident-lawyers/ashley-phosphate-road-accident/	statute,fault
P2	0	7	3	practice_area	en	y	/car-accident-lawyers/rivers-avenue-accident/	statute,fault
P2	0	7	3	practice_area	en	y	/car-accident-lawyers/i-26-accident/	statute,fault
P2	0	7	1	post	es	y	/es/blog/eulonia-us-17-ocean-highway-rideshare-uber-accident-lawyer-mcintosh-county/	statute,sol
P2	0	7	1	post	en	y	/blog/southover-mills-b-lane-motorcycle-accident-lawyer/	statute,fault
P2	0	7	1	post	en	y	/blog/the-role-of-vocational-rehabilitation-in-workers-compensation-cases/	statute,fault
P2	0	7	1	post	en	y	/blog/steps-after-work-injury/	statute,sol
P2	0	7	1	post	en	y	/blog/proving-a-tourist-was-at-fault-in-your-charleston-accident/	fault,damages,medspecials
P2	0	7	1	post	en	y	/blog/how-poor-truck-maintenance-causes-charleston-accidents/	fault,damages,medspecials
P2	0	7	1	post	en	y	/blog/calculating-pain-and-suffering-after-a-charleston-pedestrian-accident/	sol,damages,medspecials
P2	0	7	1	post	en	y	/blog/car-accidents-on-coleman-boulevard-in-mount-pleasant/	statute,fault
P2	0	7	1	post	en	y	/blog/what-to-do-after-a-hit-and-run-in-downtown-charleston/	fault,damages,medspecials
P2	0	7	1	resource	es	y	/es/resources/south-carolina-um-uim-stacking/	statute,fault
P2	0	7	1	practice_area	en	y	/dog-bite-lawyers/north-charleston-sc/	statute,sol
P2	0	7	1	practice_area	en	y	/truck-accident-lawyers/north-charleston-sc/	statute,fault
P2	0	7	1	practice_area	en	y	/dog-bite-lawyers/myrtle-beach-sc/	statute,sol
P2	0	7	1	practice_area	en	y	/dog-bite-lawyers/columbia-sc/	statute,sol
P2	0	7	1	practice_area	en	y	/truck-accident-lawyers/myrtle-beach-sc/	statute,fault
P2	0	7	1	practice_area	en	y	/truck-accident-lawyers/columbia-sc/	statute,fault
P2	0	7	0	post	en	y	/blog/can-you-sue-hospital-negligence/	statute,sol
P2	0	7	0	post	es	y	/es/blog/boys-estate-glynn-county-best-car-accident-lawyer/	statute,sol
P2	0	7	0	post	es	y	/es/blog/east-bay-street-savannah-pedestrian-accident-lawyer/	statute,sol
P2	0	7	0	post	es	y	/es/blog/mount-pleasant-johnnie-dodds-us-17-uninsured-motorist-lawyer/	statute,fault
P2	0	7	0	post	es	y	/es/blog/st-andrews-road-widewater-18-wheeler-accident-lawyer-richland-county/	statute,fault
P2	0	7	0	post	es	y	/es/blog/summerville-i-26-18-wheeler-accident-lawyer-dorchester-county/	statute,fault
P2	0	7	0	post	es	y	/es/blog/mount-pleasant-mark-clark-expressway-i-526-motorcycle-accident-lawyer/	statute,fault
P2	0	7	0	post	en	y	/blog/i-20-bush-river-road-motorcycle-accident-lawyer-columbia/	statute,fault
P2	0	7	0	post	en	y	/blog/credit-one-stadium-event-day-crashes-daniel-island-beekman-street/	statute,fault
P2	0	7	0	post	en	y	/blog/protecting-your-rights-after-a-myrtle-beach-car-accident/	fault,damages,medspecials
P2	0	7	0	post	en	y	/blog/car-accidents-on-i-26-in-north-charleston/	sol,damages,medspecials
P2	0	6	15	post	en	y	/blog/liability-for-school-bus-crash/	fault,sol
P2	0	6	13	post	en	y	/blog/charleston-parking-lot-car-accident-liability/	seatbelt,fault
P2	0	6	5	practice_area	en	y	/golf-cart-accident-lawyers/golf-cart-dui/	statute,damages
P2	0	6	5	practice_area	en	y	/nursing-home-abuse-lawyers/bedsore-pressure-ulcer/	statute,damages
P2	0	6	5	practice_area	en	y	/nursing-home-abuse-lawyers/sexual-abuse-elderly/	statute,damages
P2	0	6	5	practice_area	en	y	/burn-injury-lawyers/workplace-burn-injury/	statute,damages
P2	0	6	5	practice_area	en	y	/dog-bite-lawyers/landlord-liability-dog-attack/	statute,premises
P2	0	6	5	practice_area	en	y	/dog-bite-lawyers/postal-delivery-worker-bite/	statute,damages
P2	0	6	5	practice_area	en	y	/dog-bite-lawyers/dangerous-breed-attack/	statute,damages
P2	0	6	5	practice_area	en	y	/dog-bite-lawyers/loose-unleashed-dog-attack/	statute,damages
P2	0	6	5	practice_area	en	y	/dog-bite-lawyers/dog-attack-jogger-cyclist/	statute,damages
P2	0	6	5	practice_area	en	y	/pedestrian-accident-lawyers/school-zone-pedestrian-accident/	statute,damages
P2	0	6	5	practice_area	en	y	/pedestrian-accident-lawyers/backing-up-parking-lot-accident/	statute,premises
P2	0	6	5	practice_area	en	y	/pedestrian-accident-lawyers/drunk-driver-pedestrian-accident/	statute,damages
P2	0	6	5	practice_area	en	y	/pedestrian-accident-lawyers/distracted-driver-pedestrian-accident/	statute,damages
P2	0	6	5	practice_area	en	y	/truck-accident-lawyers/overloaded-improperly-loaded-cargo/	statute,damages
P2	0	6	5	practice_area	en	y	/truck-accident-lawyers/fatigued-trucker-accident/	statute,damages
P2	0	6	5	practice_area	en	y	/car-accident-lawyers/distracted-driving-accident/	statute,damages
P2	0	6	5	practice_area	en	y	/practice-areas/truck-accident-lawyers/	statute,damages
P2	0	6	5	location	en	-	/locations/south-carolina/myrtle-beach/little-river/	fault,sol
P2	0	6	4	post	en	y	/blog/what-to-do-if-your-workers-compensation-claim-is-denied/	statute,medspecials
P2	0	6	4	location	en	-	/locations/georgia/savannah/downtown-savannah/river-street/	statute,premises
P2	0	6	4	location	en	-	/locations/south-carolina/myrtle-beach/myrtle-beach/market-common/	statute,premises
P2	0	6	4	location	en	-	/locations/south-carolina/north-charleston/summerville/pine-forest-inn/	statute,premises
P2	0	6	4	location	en	-	/locations/south-carolina/charleston/west-ashley/avondale/	statute,premises
P2	0	6	4	location	en	-	/locations/south-carolina/north-charleston/goose-creek/liberty-hall-plantation/	statute,premises
P2	0	6	4	location	en	-	/locations/south-carolina/charleston/downtown-charleston/ansonborough/	statute,premises
P2	0	6	4	location	en	-	/locations/south-carolina/charleston/mount-pleasant/old-village/	statute,premises
P2	0	6	4	location	en	-	/locations/south-carolina/north-charleston/ferndale/	statute,premises
P2	0	6	3	post	en	y	/blog/north-charleston-crime-rate-hit-and-run/	statute,damages
P2	0	6	3	practice_area	en	y	/truck-accident-lawyers/cement-truck-accident/	statute,damages
P2	0	6	1	resource	en	y	/resources/how-much-does-south-carolina-workers-comp-pay/	statute,medspecials
P2	0	6	0	post	en	y	/blog/hipaa-violation-lawyer/	statute,damages
P2	0	6	0	post	en	y	/blog/hipaa-violation-lawsuit-worth/	statute,damages
P2	0	6	0	post	en	y	/blog/mistakes-charleston-slip-and-fall-victims-make/	damages,premises,medspecials
P3	439	0	15	page	en	-	/	-
P4	0	5	27	page	en	-	/class-action-lawyers/camp-lejeune-lawsuits/	sol,damages
P4	0	5	18	post	en	y	/blog/how-to-talk-to-your-doctor-about-your-charleston-car-accident-injuries/	seatbelt,damages
P4	0	5	18	post	en	y	/blog/accepting-a-cash-offer-after-savannah-car-crash/	fault,damages
P4	0	5	18	post	en	y	/blog/who-pays-for-damages-from-t-bone-crashes-in-savannah/	fault,damages
P4	0	5	18	post	en	y	/blog/passenger-car-accident-claim/	fault,damages
P4	0	5	15	post	en	y	/blog/compensation-for-chronic-pain-after-a-car-crash-in-charleston/	sol,damages
P4	0	5	15	post	en	y	/blog/compensation-for-car-crash-facial-injuries-charleston/	fault,damages
P4	0	5	15	post	en	y	/blog/shoulder-injuries-after-charleston-car-crash/	fault,damages
P4	0	5	15	post	en	y	/blog/hip-pain-after-car-accident-in-savannah/	seatbelt,damages
P4	0	5	15	post	en	y	/blog/why-injury-claims-may-be-delayed/	sol,medspecials
P4	0	5	15	post	en	y	/blog/lane-change-accident-liability/	fault,medspecials
P4	0	5	15	post	en	y	/blog/third-party-liability-for-work-injury/	fault,damages
P4	0	5	15	post	en	y	/blog/steps-after-truck-accident/	fault,damages
P4	0	5	15	post	en	y	/blog/steps-take-slip-fall-accident-georgia/	fault,premises
P4	0	5	14	post	en	y	/blog/nerve-damage-after-charleston-car-crash/	fault,medspecials
P4	0	5	14	post	en	y	/blog/liability-for-charleston-underride-truck-crashes/	fault,damages
P4	0	5	14	post	en	y	/blog/what-to-know-about-chest-pain-after-a-savannah-car-crash/	seatbelt,damages
P4	0	5	14	post	en	y	/blog/pedestrian-liability-for-car-accidents/	fault,medspecials
P4	0	5	14	post	en	y	/blog/workers-compensation-car-accident/	sol,damages
P4	0	5	14	post	en	y	/blog/get-auto-accident-claim-georgia/	fault,damages
P4	0	5	13	post	en	y	/blog/legal-rights-if-hit-by-driver-in-company-car-charleston/	fault,damages
P4	0	5	11	post	en	y	/blog/what-to-do-after-a-car-crash-on-savannah-highway/	sol,damages
P4	0	5	11	post	en	y	/blog/your-guide-to-documenting-a-james-island-parkway-car-accident/	sol,medspecials
P4	0	5	5	practice_area	en	y	/maritime-injury-lawyers/commercial-fishing-injury/	sol,damages
P4	0	5	5	practice_area	en	y	/maritime-injury-lawyers/unseaworthiness-claim/	sol,damages
P4	0	5	5	practice_area	en	y	/maritime-injury-lawyers/longshore-harbor-worker/	sol,damages
P4	0	5	5	location	en	-	/locations/georgia/darien/sea-island/	sol,premises
P4	0	5	4	location	en	-	/locations/georgia/savannah/hinesville/fort-stewart-area/	sol,premises
P4	0	5	4	location	en	-	/locations/georgia/savannah/downtown-savannah/historic-district/	sol,premises
P4	0	5	4	location	en	-	/locations/south-carolina/myrtle-beach/garden-city-beach/pier-area/	fault,premises
P4	0	5	4	location	en	-	/locations/south-carolina/myrtle-beach/myrtle-beach/golden-mile/	fault,premises
P4	0	5	4	location	en	-	/locations/south-carolina/north-charleston/summerville/wescott/	fault,premises
P4	0	5	4	location	en	-	/locations/south-carolina/north-charleston/summerville/sangaree/	fault,premises
P4	0	5	4	location	en	-	/locations/south-carolina/charleston/west-ashley/south-windermere/	fault,premises
P4	0	5	4	location	en	-	/locations/south-carolina/charleston/mount-pleasant/belle-hall/	fault,premises
P4	0	5	3	post	en	y	/blog/motorcycle-accidents-dorchester-road-data/	fault,damages
P4	0	5	1	post	en	y	/blog/your-guide-to-recovering-lost-wages-after-a-charleston-car-accident/	sol,medspecials
P4	0	5	1	post	en	y	/blog/a-guide-to-car-wrecks-on-aviation-avenue-near-charleston-airport/	sol,medspecials
P4	0	5	0	post	en	y	/blog/when-to-call-charleston-personal-injury-lawyer/	fault,medspecials
P4	0	4	29	page	en	-	/class-action-lawyers/talcum-powder/	damages,medspecials
P4	0	4	29	page	en	-	/class-action-lawyers/truvada/	damages,medspecials
P4	0	4	29	page	en	-	/class-action-lawyers/onglyza/	damages,medspecials
P4	0	4	23	post	en	y	/blog/supporting-a-whiplash-claim/	damages,medspecials
P4	0	4	18	post	en	y	/blog/risk-of-refusing-medical-care-after-car-crash-charleston/	damages,medspecials
P4	0	4	18	post	en	y	/blog/value-of-car-crash-claim-if-permanent-injuries/	damages,medspecials
P4	0	4	18	post	en	y	/blog/lawsuit-for-work-injury/	damages,medspecials
P4	0	4	15	post	en	y	/blog/questions-about-filing-a-lawsuit/	damages,medspecials
P4	0	4	15	post	en	y	/blog/expert-witness-testimony/	damages,medspecials
P4	0	4	15	post	en	y	/blog/liability-for-accidents-with-borrowed-vehicles/	damages,medspecials
P4	0	4	15	post	en	y	/blog/follow-doctors-orders-after-accident/	damages,medspecials
P4	0	4	15	post	en	y	/blog/insurance-company-ignoring-demand-letter/	damages,medspecials
P4	0	4	15	post	en	y	/blog/negligence-and-18-wheeler-accidents/	damages,medspecials
P4	0	4	15	post	en	y	/blog/medical-treatment-after-accident/	damages,medspecials
P4	0	4	15	post	en	y	/blog/filing-medication-error-lawsuit/	damages,medspecials
P4	0	4	15	post	en	y	/blog/hospital-liability-for-medical-malpractice/	damages,medspecials
P4	0	4	15	post	en	y	/blog/dog-bite-prevention-tips/	damages,medspecials
P4	0	4	15	page	en	-	/savannah-ppi-attorney/	damages,medspecials
P4	0	4	14	post	en	y	/blog/when-to-consider-settling-a-claim/	damages,medspecials
P4	0	4	14	post	en	y	/blog/road-hazard-car-accident-liability/	damages,medspecials
P4	0	4	5	practice_area	en	y	/nursing-home-abuse-lawyers/assisted-living-abuse/	statute
P4	0	4	5	practice_area	en	y	/pedestrian-accident-lawyers/hit-and-run-pedestrian-accident/	statute
P4	0	4	5	practice_area	en	y	/pedestrian-accident-lawyers/intersection-pedestrian-accident/	statute
P4	0	4	5	practice_area	en	y	/motorcycle-accident-lawyers/single-vehicle-motorcycle-crash/	statute
P4	0	4	5	practice_area	en	y	/motorcycle-accident-lawyers/intersection-motorcycle-accident/	statute
P4	0	4	5	practice_area	en	y	/truck-accident-lawyers/commercial-van-delivery-truck-accident/	statute
P4	0	4	5	practice_area	en	y	/car-accident-lawyers/service-vehicle-accident/	statute
P4	0	4	5	location	en	-	/locations/south-carolina/columbia/red-bank/	statute
P4	0	4	5	location	en	-	/locations/south-carolina/myrtle-beach/galivants-ferry/	statute
P4	0	4	5	location	en	-	/locations/south-carolina/myrtle-beach/bucksport/	statute
P4	0	4	4	post	en	y	/blog/what-happens-if-i-resign-while-on-workers-compensation/	statute
P4	0	4	4	post	en	y	/blog/when-does-workers-compensation-stop-paying/	statute
P4	0	4	4	location	en	-	/locations/georgia/savannah/port-wentworth/town-center/	damages,premises
P4	0	4	4	location	en	-	/locations/south-carolina/myrtle-beach/carolina-forest/the-farm/	damages,premises
P4	0	4	4	location	en	-	/locations/south-carolina/north-charleston/goose-creek/howe-hall/	damages,premises
P4	0	4	4	location	en	-	/locations/south-carolina/north-charleston/goose-creek/boulder-bluff/	damages,premises
P4	0	4	4	location	en	-	/locations/south-carolina/charleston/mount-pleasant/rivertowne/	damages,premises
P4	0	4	4	location	en	-	/locations/south-carolina/charleston/mount-pleasant/ion/	damages,premises
P4	0	4	4	location	en	-	/locations/south-carolina/north-charleston/park-circle/	statute
P4	0	4	1	post	es	y	/es/blog/brunswick-ocean-highway-us-17-underinsured-motorist-lawyer-glynn-county/	statute
P4	0	4	1	post	en	y	/blog/proving-pain-and-suffering-after-an-ashley-river-road-accident/	damages,medspecials
P4	0	4	1	post	en	y	/blog/charleston-delivery-truck-pedestrian-cyclist-accidents/	damages,medspecials
P4	0	4	1	resource	en	y	/resources/south-carolina-workers-comp-impairment-rating-mmi/	statute
P4	0	4	1	resource	en	y	/resources/south-carolina-workers-comp-body-part-values/	statute
P4	0	4	1	page	es	-	/es/south-carolina-wrongful-death-lawyer/	statute
P4	0	4	1	page	es	-	/es/south-carolina-motorcycle-accident-lawyer/	statute
P4	0	4	1	page	es	-	/es/south-carolina-workers-compensation-lawyer/	statute
P4	0	4	1	page	es	-	/es/south-carolina-personal-injury-lawyer/	statute
P4	0	4	1	page	es	-	/es/south-carolina-truck-accident-lawyers/	statute
P4	0	4	1	page	es	-	/es/south-carolina-car-accident-lawyers/	statute
P4	0	4	1	page	es	-	/es/	statute
P4	0	4	0	post	es	y	/es/blog/tenmile-i-26-best-car-accident-lawyer-north-charleston/	statute
P4	0	4	0	post	es	y	/es/blog/green-grove-mark-clark-expressway-uninsured-motorist-lawyer-north-charleston/	statute
P4	0	4	0	post	es	y	/es/blog/n-lake-drive-dick-pond-road-sc-544-underinsured-motorist-lawyer/	statute
P4	0	4	0	post	en	y	/blog/medical-malpractice-examples/	statute
P4	0	4	0	post	es	y	/es/blog/hipaa-violation-lawyer/	statute
P4	0	4	0	post	es	y	/es/blog/can-you-sue-hospital-negligence/	statute
P4	0	4	0	post	es	y	/es/blog/hipaa-violation-lawsuit-worth/	statute
P4	0	4	0	post	es	y	/es/blog/can-you-sue-hipaa-violation/	statute
P4	0	4	0	post	es	y	/es/blog/is-hipaa-violation-medical-malpractice/	statute
P4	0	4	0	post	en	y	/blog/is-hipaa-violation-medical-malpractice/	statute
P4	0	4	0	post	en	y	/blog/can-you-sue-hipaa-violation/	statute
P4	0	4	0	post	es	y	/es/blog/n-lake-drive-us-17-business-best-car-accident-lawyer/	statute
P4	0	4	0	post	es	y	/es/blog/green-grove-dorchester-road-atv-accident-lawyer-north-charleston/	statute
P4	0	4	0	post	es	y	/es/blog/eastern-wharf-harbor-street-electric-scooter-accident-lawyer/	statute
P4	0	4	0	post	es	y	/es/blog/murrells-inlet-jet-ski-accident-lawyer/	statute
P4	0	4	0	post	es	y	/es/blog/cayce-12th-street-uninsured-motorist-lawyer/	statute
P4	0	4	0	post	es	y	/es/blog/rivers-avenue-northwoods-bus-accident-lawyer-north-charleston/	statute
P4	0	4	0	post	es	y	/es/blog/car-accident-attorney-near-me-west-ashley-citadel-mall/	statute
P4	0	4	0	post	es	y	/es/blog/st-simons-island-kings-way-motorcycle-accident-lawyer/	statute
P4	0	4	0	post	es	y	/es/blog/chicora-cherokee-carner-avenue-us-52-car-accident-attorney-north-charleston/	statute
P4	0	4	0	post	es	y	/es/blog/dick-pond-road-sc-544-truck-accident-lawyer-surfside-beach/	statute
P4	0	4	0	post	es	y	/es/blog/i-20-bush-river-road-motorcycle-accident-lawyer-columbia/	statute
P4	0	4	0	post	es	y	/es/blog/garden-city-ga-21-augusta-road-car-accident-lawyer/	statute
P4	0	4	0	post	es	y	/es/blog/litchfield-pawleys-island-golf-cart-accident-lawyer-georgetown-county/	statute
P4	0	4	0	post	es	y	/es/blog/southover-mills-b-lane-motorcycle-accident-lawyer/	statute
P4	0	3	27	page	en	-	/class-action-lawyers/troubled-teen-industry-abuse/	sol
P4	0	3	26	post	en	y	/blog/liability-for-crashes-caused-by-not-using-turn-signal/	fault
P4	0	3	22	post	en	y	/blog/liability-and-causes-for-backing-up-crashes-in-charleston/	fault
P4	0	3	18	post	en	y	/blog/charleston-rideshare-brake-failure-accident/	fault
P4	0	3	18	post	en	y	/blog/understanding-eye-injuries-after-a-savannah-car-accident/	fault
P4	0	3	18	post	en	y	/blog/what-to-do-if-your-georgia-police-report-is-wrong-or-has-mistakes/	fault
P4	0	3	18	post	en	y	/blog/help-teen-safer-driver/	seatbelt
P4	0	3	17	post	en	y	/blog/four-common-construction-accidents/	fault
P4	0	3	15	post	en	y	/blog/liability-for-roundabout-crashes-in-charleston/	fault
P4	0	3	15	post	en	y	/blog/liability-for-brake-checking-crashes-charleston/	fault
P4	0	3	15	post	en	y	/blog/charleston-reckless-driving-crash/	fault
P4	0	3	15	post	en	y	/blog/charleston-car-crash-brain-injuries/	seatbelt
P4	0	3	15	post	en	y	/blog/charleston-lyft-driver-ran-red-light-and-hit-my-car/	fault
P4	0	3	15	post	en	y	/blog/proving-back-pain-after-savannah-car-crash/	seatbelt
P4	0	3	15	post	en	y	/blog/determining-liability-for-crash-at-four-way-stop-sign/	fault
P4	0	3	15	post	en	y	/blog/liability-for-epilepsy-related-car-accidents/	fault
P4	0	3	15	post	en	y	/blog/trucking-regulations-and-accident-cases/	fault
P4	0	3	15	post	en	y	/blog/aggressive-driving-in-georgia/	fault
P4	0	3	15	post	en	y	/blog/seven-safe-driving-tips/	seatbelt
P4	0	3	15	post	en	y	/blog/workers-compensation-claim-process-georgia/	sol
P4	0	3	15	post	en	y	/blog/personal-injury-lawsuit-steps/	sol
P4	0	3	15	post	en	y	/blog/proving-negligence-personal-injury/	fault
P4	0	3	15	post	en	y	/blog/child-passenger-automobile-safety-georgia/	seatbelt
P4	0	3	15	post	en	y	/blog/georgia-car-seat-law-overview/	seatbelt
P4	0	3	14	post	en	y	/blog/wearing-headphones-while-driving-in-charleston/	fault
P4	0	3	14	post	en	y	/blog/second-opinion-for-charleston-car-crash-injuries/	fault
P4	0	3	14	post	en	y	/blog/uturn-crash-liability-in-charleston/	fault
P4	0	3	14	post	en	y	/blog/can-passengers-be-at-fault-for-a-crash/	fault
P4	0	3	14	post	en	y	/blog/personal-injury-lawsuit-vs-insurance-claim/	fault
P4	0	3	14	post	en	y	/blog/accident-my-fault-can-i-receive-workers-comp/	fault
P4	0	3	14	post	en	y	/blog/rear-end-collision-liability/	fault
P4	0	3	14	post	en	y	/blog/car-accident-claim-evidence/	fault
P4	0	3	14	post	en	y	/blog/summer-driving-safety-tips/	seatbelt
P4	0	3	5	practice_area	en	y	/maritime-injury-lawyers/cruise-ship-injury/	sol
P4	0	3	5	practice_area	en	y	/maritime-injury-lawyers/tugboat-barge-accident/	sol
P4	0	3	5	practice_area	en	y	/car-accident-lawyers/commercial-vehicle-accident/	sol
P4	0	3	5	location	en	-	/locations/georgia/darien/kings-bay/	sol
P4	0	3	5	location	en	-	/locations/georgia/darien/jekyll-island/	sol
P4	0	3	5	location	en	-	/locations/georgia/darien/st-marys/	sol
P4	0	3	5	location	en	-	/locations/georgia/darien/kingsland/	sol
P4	0	3	5	location	en	-	/locations/south-carolina/columbia/chapin/	sol
P4	0	3	5	location	en	-	/locations/south-carolina/columbia/oak-grove/	fault
P4	0	3	5	location	en	-	/locations/south-carolina/columbia/irmo/	sol
P4	0	3	5	location	en	-	/locations/south-carolina/myrtle-beach/forestbrook/	fault
P4	0	3	5	location	en	-	/locations/south-carolina/myrtle-beach/pawleys-island/	fault
P4	0	3	4	location	en	-	/locations/south-carolina/north-charleston/liberty-hill/	fault
P4	0	3	3	post	en	y	/blog/port-truck-accidents-charleston-liability/	fault
P4	0	3	1	practice_area	en	y	/maritime-injury-lawyers/north-charleston-sc/	fault
P4	0	3	1	practice_area	en	y	/maritime-injury-lawyers/charleston-sc/	fault
P5	0	2	29	page	en	-	/class-action-lawyers/roundup/	damages
P5	0	2	29	page	en	-	/class-action-lawyers/stryker-hip-replacement/	damages
P5	0	2	29	page	en	-	/class-action-lawyers/uloric/	medspecials
P5	0	2	29	page	en	-	/class-action-lawyers/invokana/	medspecials
P5	0	2	27	page	en	-	/class-action-lawyers/ozempic-lawsuits/	damages
P5	0	2	27	page	en	-	/class-action-lawyers/paraquat-lawsuit/	damages
P5	0	2	27	page	en	-	/class-action-lawyers/hair-relaxer-cancer-lawsuits/	damages
P5	0	2	27	page	en	-	/class-action-lawyers/afff-firefighting-foam-lawsuits/	damages
P5	0	2	18	post	en	y	/blog/how-to-spot-distracted-drivers-ten-signs-savannah-ga/	damages
P5	0	2	18	post	en	y	/blog/leg-pain-and-leg-injuries-from-crash/	damages
P5	0	2	17	post	en	y	/blog/steps-after-dog-bite/	damages
P5	0	2	15	post	en	y	/blog/returning-to-work-too-soon-charleston-crash/	medspecials
P5	0	2	15	post	en	y	/blog/hearing-loss-after-charleston-car-accident/	damages
P5	0	2	15	post	en	y	/blog/why-mitigate-damages-after-a-car-crash/	medspecials
P5	0	2	15	post	en	y	/blog/liability-waivers-and-injury-lawsuits/	premises
P5	0	2	15	post	en	y	/blog/georgia-law-on-tailgating-accident-liability/	damages
P5	0	2	15	post	en	y	/blog/punitive-damages-in-drunk-driving-accident/	damages
P5	0	2	15	post	en	y	/blog/workers-compensation-faqs/	damages
P5	0	2	15	post	en	y	/blog/workers-compensation-benefit-types/	medspecials
P5	0	2	15	post	en	y	/blog/dealing-with-uber-lyft-accident/	medspecials
P5	0	2	15	post	en	y	/blog/slip-and-fall-negligence-elements/	premises
P5	0	2	15	post	en	y	/blog/social-media-personal-injury-claim/	damages
P5	0	2	15	post	en	y	/blog/valid-premises-liability-claim-georgia/	premises
P5	0	2	15	post	en	y	/blog/atm-attack-liability/	premises
P5	0	2	15	post	en	y	/blog/gym-injury-liability/	premises
P5	0	2	15	post	en	y	/blog/safe-bike-riding-georgias-roadways/	medspecials
P5	0	2	15	post	en	y	/blog/protect-child-dog-bite-injury/	premises
P5	0	2	15	page	en	-	/free-consultation-with-charleston-personal-injury-lawyer/	damages
P5	0	2	15	page	en	-	/contact/	damages
P5	0	2	14	post	en	y	/blog/filing-soft-tissue-injury-claims-in-charleston/	damages
P5	0	2	14	post	en	y	/blog/paying-medical-bills-during-a-claim/	medspecials
P5	0	2	14	post	en	y	/blog/police-report-as-proof-of-liability/	medspecials
P5	0	2	14	post	en	y	/blog/documents-for-personal-injury-claim/	medspecials
P5	0	2	14	post	en	y	/blog/georgia-worker-injury-statistics-prevention/	medspecials
P5	0	2	14	post	en	y	/blog/boating-safely-in-georgia/	medspecials
P5	0	2	11	post	en	y	/blog/18-wheeler-wrecks-on-the-arthur-ravenel-jr-bridge-us-17/	damages
P5	0	2	9	post	en	y	/blog/a-pedestrians-guide-to-claiming-lost-wages-in-charleston/	damages
P5	0	2	5	practice_area	en	y	/truck-accident-lawyers/hazardous-materials-accident/	damages
P5	0	2	5	practice_area	en	y	/truck-accident-lawyers/brake-failure-accident/	damages
P5	0	2	5	practice_area	en	y	/practice-areas/maritime-injury-lawyers/	damages
P5	0	2	5	location	en	-	/locations/georgia/darien/woodbine/	damages
P5	0	2	5	location	en	-	/locations/south-carolina/columbia/blythewood/	damages
P5	0	2	5	location	en	-	/locations/south-carolina/myrtle-beach/murrells-inlet/	premises
P5	0	2	5	location	en	-	/locations/south-carolina/myrtle-beach/garden-city-beach/	premises
P5	0	2	5	location	en	-	/locations/georgia/savannah/tybee-island/	premises
P5	0	2	5	location	en	-	/locations/south-carolina/charleston/west-ashley/	premises
P5	0	2	5	location	en	-	/locations/south-carolina/charleston/seabrook-island/	premises
P5	0	2	5	location	en	-	/locations/south-carolina/charleston/kiawah-island/	premises
P5	0	2	5	location	en	-	/locations/south-carolina/charleston/downtown-charleston/	premises
P5	0	2	5	location	en	-	/locations/south-carolina/charleston/isle-of-palms/	premises
P5	0	2	5	location	en	-	/locations/south-carolina/charleston/edisto-island/	premises
P5	0	2	4	location	en	-	/locations/georgia/savannah/effingham-county/egypt/	premises
P5	0	2	4	location	en	-	/locations/georgia/savannah/wilmington-island/town-center/	premises
P5	0	2	4	location	en	-	/locations/georgia/savannah/rincon/town-center/	premises
P5	0	2	4	location	en	-	/locations/south-carolina/myrtle-beach/murrells-inlet/marshwalk/	premises
P5	0	2	4	location	en	-	/locations/south-carolina/myrtle-beach/little-river/waterfront/	premises
P5	0	2	4	location	en	-	/locations/south-carolina/myrtle-beach/georgetown/historic-district/	premises
P5	0	2	4	location	en	-	/locations/south-carolina/myrtle-beach/surfside-beach/town-center/	premises
P5	0	2	4	location	en	-	/locations/south-carolina/myrtle-beach/socastee/socastee-village/	premises
P5	0	2	4	location	en	-	/locations/south-carolina/myrtle-beach/north-myrtle-beach/barefoot-landing/	premises
P5	0	2	4	location	en	-	/locations/south-carolina/myrtle-beach/conway/historic-district/	premises
P5	0	2	4	location	en	-	/locations/south-carolina/myrtle-beach/myrtle-beach/grande-dunes/	premises
P5	0	2	4	location	en	-	/locations/south-carolina/north-charleston/summerville/summers-corner/	premises
P5	0	2	4	location	en	-	/locations/south-carolina/north-charleston/summerville/knightsville/	premises
P5	0	2	4	location	en	-	/locations/south-carolina/north-charleston/summerville/cane-bay/	premises
P5	0	2	4	location	en	-	/locations/south-carolina/north-charleston/summerville/historic-district/	premises
P5	0	2	4	location	en	-	/locations/south-carolina/charleston/west-ashley/grand-oaks-plantation/	premises
P5	0	2	4	location	en	-	/locations/south-carolina/charleston/west-ashley/ashley-river-road/	premises
P5	0	2	4	location	en	-	/locations/south-carolina/charleston/west-ashley/shadowmoss/	premises
P5	0	2	4	location	en	-	/locations/south-carolina/charleston/west-ashley/citadel-mall-area/	premises
P5	0	2	4	location	en	-	/locations/south-carolina/north-charleston/goose-creek/westchester/	premises
P5	0	2	4	location	en	-	/locations/south-carolina/north-charleston/goose-creek/devon-forest/	premises
P5	0	2	4	location	en	-	/locations/south-carolina/north-charleston/goose-creek/carnes-crossroads/	premises
P5	0	2	4	location	en	-	/locations/south-carolina/north-charleston/goose-creek/crowfield-plantation/	premises
P5	0	2	4	location	en	-	/locations/south-carolina/charleston/downtown-charleston/cannonborough-elliotborough/	premises
P5	0	2	4	location	en	-	/locations/south-carolina/charleston/downtown-charleston/french-quarter/	premises
P5	0	2	4	location	en	-	/locations/south-carolina/charleston/mount-pleasant/snee-farm/	premises
P5	0	2	4	location	en	-	/locations/south-carolina/charleston/mount-pleasant/dunes-west/	premises
P5	0	2	4	location	en	-	/locations/south-carolina/charleston/mount-pleasant/park-west/	premises
P5	0	2	4	location	en	-	/locations/south-carolina/north-charleston/northwoods/	premises
P5	0	2	4	location	en	-	/locations/south-carolina/north-charleston/wescott-plantation/	premises
P5	0	2	4	location	en	-	/locations/south-carolina/north-charleston/chicora-cherokee/	damages
P5	0	2	4	location	en	-	/locations/south-carolina/north-charleston/charleston-heights/	damages
P5	0	2	1	post	en	y	/blog/seeking-justice-after-a-fatigued-trucker-accident-on-i-26/	damages
P5	0	2	1	post	en	y	/blog/recovering-lost-wages-after-a-truck-accident-on-i-526/	medspecials
P5	0	2	1	post	en	y	/blog/king-calhoun-intersection-car-collisions/	damages
P5	0	2	1	post	en	y	/blog/steps-of-a-burn-injury-case/	damages
P5	0	2	0	post	en	y	/blog/workers-compensation-2017/	medspecials
P5	0	0	32	page	en	-	/gracias-ppc-3/	-
P5	0	0	32	page	en	-	/gracias-ppc-2/	-
P5	0	0	29	page	en	-	/class-action-lawyers/ivc-filter/	-
P5	0	0	28	post	en	y	/blog/why-driving-while-hungover-is-a-dangerous-savannah-crash-risk/	-
P5	0	0	28	page	en	-	/test/	-
P5	0	0	23	post	en	y	/blog/releasing-medical-records/	-
P5	0	0	18	post	en	y	/blog/dangerous-rural-crashes-in-charleston/	-
P5	0	0	18	post	en	y	/blog/how-loud-music-increases-crash-risk-charleston/	-
P5	0	0	18	post	en	y	/blog/dangers-of-emotional-driving-in-savannah-ga/	-
P5	0	0	18	post	en	y	/blog/legal-rights-after-memory-loss-savannah-crash/	-
P5	0	0	18	post	en	y	/blog/blunt-force-trauma-from-a-crash-what-you-need-to-know/	-
P5	0	0	18	post	en	y	/blog/can-a-witness-be-forced-to-testify-for-a-savannah-car-crash-case/	-
P5	0	0	18	post	en	y	/blog/knee-injuries-after-georgia-car-crash/	-
P5	0	0	18	post	en	y	/blog/mediation-for-a-personal-injury-claim/	-
P5	0	0	18	post	en	y	/blog/how-using-social-media-can-hurt-an-accident-claim/	-
P5	0	0	18	post	en	y	/blog/avoid-dangerous-medication-errors/	-
P5	0	0	18	post	en	y	/blog/overview-georgia-distracted-driving-laws/	-
P5	0	0	18	page	en	-	/charleston/	-
P5	0	0	18	page	en	-	/brunswick/	-
P5	0	0	18	page	en	-	/savannah/	-
P5	0	0	17	post	en	y	/blog/why-get-black-box-data-after-truck-crash-savannah/	-
P5	0	0	17	post	en	y	/blog/appealing-a-denied-workers-compensation-claim/	-
P5	0	0	17	post	en	y	/blog/duty-of-care-personal-injury-claim/	-
P5	0	0	17	post	en	y	/blog/dangerous-tools-garage/	-
P5	0	0	17	post	en	y	/blog/protecting-child-burn-injuries-home/	-
P5	0	0	17	post	en	y	/blog/common-workplace-injuries-georgia/	-
P5	0	0	16	post	en	y	/blog/why-car-crashes-happen-close-to-home-charleston/	-
P5	0	0	15	post	en	y	/blog/impaired-driving-caused-by-prescription-medications/	-
P5	0	0	15	post	en	y	/blog/liability-for-crash-due-to-tire-blowout-in-savannah/	-
P5	0	0	15	post	en	y	/blog/after-boat-accident-guide/	-
P5	0	0	15	post	en	y	/blog/impact-of-surgery-recommendation/	-
P5	0	0	15	post	en	y	/blog/understanding-vicarious-liability/	-
P5	0	0	15	post	en	y	/blog/discovery-process-in-personal-injury-cases/	-
P5	0	0	15	post	en	y	/blog/liability-for-crashes-caused-by-teen-drivers/	-
P5	0	0	15	post	en	y	/blog/choosing-your-personal-injury-lawyer/	-
P5	0	0	15	post	en	y	/blog/how-covid-19-affects-a-workers-comp-claim/	-
P5	0	0	15	post	en	y	/blog/how-to-handle-calls-from-insurance-companies/	-
P5	0	0	15	post	en	y	/blog/damage-coverage-for-stolen-car/	-
P5	0	0	15	post	en	y	/blog/liability-in-a-driverless-car-crash/	-
P5	0	0	15	post	en	y	/blog/deposition-in-a-personal-injury-claim/	-
P5	0	0	15	post	en	y	/blog/refusing-opioid-prescription-in-workers-comp-claim/	-
P5	0	0	15	post	en	y	/blog/georgia-law-on-steps-after-car-accident/	-
P5	0	0	15	post	en	y	/blog/workers-comp-for-skin-cancer/	-
P5	0	0	15	post	en	y	/blog/work-zone-car-accident-liability/	-
P5	0	0	15	post	en	y	/blog/personal-injury-calculating-loss-of-earning-capacity/	-
P5	0	0	15	post	en	y	/blog/reasons-for-workers-comp-claim-denial/	-
P5	0	0	15	post	en	y	/blog/car-accidents-and-daylight-savings-time/	-
P5	0	0	15	post	en	y	/blog/teenagers-and-driving-distracted/	-
P5	0	0	15	post	en	y	/blog/safe-driving-in-construction-zones/	-
P5	0	0	15	post	en	y	/blog/how-spinal-cord-injuries-affect-you/	-
P5	0	0	15	post	en	y	/blog/avoiding-bicycle-accidents/	-
P5	0	0	15	post	en	y	/blog/burn-injury-workers-compensation/	-
P5	0	0	15	post	en	y	/blog/do-you-need-a-workers-compensation-lawyer/	-
P5	0	0	15	post	en	y	/blog/longshoreman-injury-claims/	-
P5	0	0	15	post	en	y	/blog/2017-safest-college-campuses-in-georgia/	-
P5	0	0	15	post	en	y	/blog/much-worth-ga-worker-compared-states/	-
P5	0	0	15	post	en	y	/blog/beginning-motorcycle-biker-risks/	-
P5	0	0	15	post	en	y	/blog/safest-hospitals-georgia/	-
P5	0	0	15	post	en	y	/blog/drowsy-driving-epidemic-georgia/	-
P5	0	0	15	post	en	y	/blog/college-campus-safety-tips-every-student-should-know/	-
P5	0	0	15	post	en	y	/blog/choosing-the-right-nursing-home-for-your-loved-one/	-
P5	0	0	15	post	en	y	/blog/safety-tips-driving-work-zones-georgia/	-
P5	0	0	15	post	en	y	/blog/workers-comp-benefits-georgia-taxable/	-
P5	0	0	15	page	en	-	/home-espanol/	-
P5	0	0	15	page	en	-	/privacy-policy/	-
P5	0	0	15	page	en	-	/class-actions/	-
P5	0	0	15	page	en	-	/blog/	-
P5	0	0	15	page	en	-	/testimonials/	-
P5	0	0	14	post	en	y	/blog/why-are-highway-road-shoulder-accidents-in-charleston-dangerous/	-
P5	0	0	14	post	en	y	/blog/feeling-fatigued-after-charleston-car-accident/	-
P5	0	0	14	post	en	y	/blog/changing-workers-comp-doctors-in-georgia/	-
P5	0	0	14	post	en	y	/blog/what-happens-to-workers-comp-if-employer-bankrupts/	-
P5	0	0	14	post	en	y	/blog/using-dashcams-as-evidence-of-fault-in-a-car-accident/	-
P5	0	0	14	post	en	y	/blog/avoiding-motorcycle-crash-injuries/	-
P5	0	0	14	post	en	y	/blog/nursing-home-abuse-warning-signs/	-
P5	0	0	14	post	en	y	/blog/advantages-of-a-medical-malpractice-attorney/	-
P5	0	0	14	post	en	y	/blog/nursing-home-liability/	-
P5	0	0	14	post	en	y	/blog/summer-road-trip-safety/	-
P5	0	0	14	post	en	y	/blog/common-driver-distractions/	-
P5	0	0	14	post	en	y	/blog/dangerous-products-child-will-find-around-house/	-
P5	0	0	11	post	en	y	/blog/filing-an-emotional-distress-claim-after-a-ravenel-bridge-accident/	-
P5	0	0	11	post	en	y	/blog/i-26-i-526-truck-accidents-what-to-do-whos-liable/	-
P5	0	0	5	location	en	-	/locations/georgia/darien/dock-junction/	-
P5	0	0	5	location	en	-	/locations/georgia/darien/ludowici/	-
P5	0	0	5	location	en	-	/locations/georgia/darien/nahunta/	-
P5	0	0	5	location	en	-	/locations/georgia/darien/jesup/	-
P5	0	0	5	location	en	-	/locations/south-carolina/columbia/pelion/	-
P5	0	0	5	location	en	-	/locations/south-carolina/columbia/gaston/	-
P5	0	0	5	location	en	-	/locations/south-carolina/columbia/pine-ridge/	-
P5	0	0	5	location	en	-	/locations/south-carolina/columbia/south-congaree/	-
P5	0	0	5	location	en	-	/locations/south-carolina/columbia/elgin/	-
P5	0	0	5	location	en	-	/locations/south-carolina/columbia/springdale/	-
P5	0	0	5	location	en	-	/locations/south-carolina/columbia/hopkins/	-
P5	0	0	5	location	en	-	/locations/south-carolina/columbia/northeast-columbia/	-
P5	0	0	5	location	en	-	/locations/south-carolina/columbia/forest-acres/	-
P5	0	0	5	location	en	-	/locations/south-carolina/columbia/seven-oaks/	-
P5	0	0	5	location	en	-	/locations/south-carolina/columbia/st-andrews/	-
P5	0	0	5	location	en	-	/locations/south-carolina/columbia/west-columbia/	-
P5	0	0	5	location	en	-	/locations/south-carolina/myrtle-beach/carolina-forest/	-
P5	0	0	5	location	en	-	/locations/georgia/savannah/southside-savannah/	-
P5	0	0	5	location	en	-	/locations/georgia/savannah/port-wentworth/	-
P5	0	0	5	location	en	-	/locations/georgia/savannah/garden-city/	-
P5	0	0	5	location	en	-	/locations/south-carolina/charleston/johns-island/	-
P5	0	0	5	location	en	-	/locations/south-carolina/charleston/james-island/	-
P5	0	0	5	location	en	-	/locations/south-carolina/charleston/sullivans-island/	-
P5	0	0	5	location	en	-	/locations/south-carolina/charleston/folly-beach/	-
P5	0	0	5	location	en	-	/locations/south-carolina/charleston/daniel-island/	-
P5	0	0	5	location	en	-	/locations/south-carolina/charleston/mcclellanville/	-
P5	0	0	5	location	en	-	/locations/south-carolina/charleston/wadmalaw-island/	-
P5	0	0	5	location	en	-	/locations/south-carolina/charleston/meggett/	-
P5	0	0	5	location	en	-	/locations/south-carolina/charleston/ravenel/	-
P5	0	0	5	location	en	-	/locations/south-carolina/charleston/hollywood/	-
P5	0	0	5	location	en	-	/locations/south-carolina/charleston/awendaw/	-
P5	0	0	5	page	en	-	/south-carolina-truck-accident-lawyer/	-
P5	0	0	5	page	en	-	/about/	-
P5	0	0	5	page	en	-	/class-action-lawyers/	-
P5	0	0	5	page	en	-	/car-accident-lawyer/	-
P5	0	0	5	page	en	-	/privacy-policy-2/	-
P5	0	0	5	page	en	-	/case-results/	-
P5	0	0	4	location	en	-	/locations/south-carolina/north-charleston/summerville/nexton/	-
P5	0	0	4	location	en	-	/locations/south-carolina/charleston/west-ashley/byrnes-downs/	-
P5	0	0	4	location	en	-	/locations/south-carolina/charleston/downtown-charleston/the-crosstown/	-
P5	0	0	4	location	en	-	/locations/south-carolina/charleston/downtown-charleston/harleston-village/	-
P5	0	0	4	location	en	-	/locations/south-carolina/charleston/downtown-charleston/king-street-district/	-
P5	0	0	4	location	en	-	/locations/south-carolina/charleston/downtown-charleston/south-of-broad/	-
P5	0	0	4	location	en	-	/locations/south-carolina/charleston/mount-pleasant/shem-creek/	-
P5	0	0	4	location	en	-	/locations/south-carolina/north-charleston/moncks-corner/	-
P5	0	0	4	location	en	-	/locations/south-carolina/north-charleston/hanahan/	-
P5	0	0	4	location	en	-	/locations/south-carolina/north-charleston/ladson/	-
P5	0	0	4	page	en	-	/georgia-car-accident-lawyer/	-
P5	0	0	4	page	en	-	/south-carolina-car-accident-lawyer/	-
P5	0	0	4	page	en	-	/charleston-car-accident-lawyer/	-
P5	0	0	4	page	en	-	/columbia-truck-accident-lawyer/	-
P5	0	0	4	page	en	-	/thank-you/	-
P5	0	0	1	resource	en	y	/resources/south-carolina-workers-comp-claim-denied/	-
P5	0	0	1	page	es	-	/es/gracias/	-
P5	0	0	1	page	es	-	/es/contact/	-
P5	0	0	1	page	es	-	/es/about/	-
P5	0	0	1	page	es	-	/es/locations/	-
P5	0	0	1	page	es	-	/es/practice-areas/	-
P5	0	0	0	post	en	y	/blog/when-does-a-sprained-ankle-become-a-work-injury/	-
P5	0	0	0	post	en	y	/blog/third-party-fault-for-work-injuries/	-
P5	0	0	0	post	en	y	/blog/high-risk-occupations-2017/	-
P5	0	0	0	post	en	y	/blog/settle-workers-comp-case/	-
